repair_id,source_request_id,target,replication_model_id,provider_model_name,passage_id,condition,repair_action,repair_version,repair_prompt_sha256,old_qc_status,old_qc_flags,old_parse_status,old_length_ratio,old_rewritten_word_count,old_rewritten_text_sha256,old_rewritten_text,original_word_count,new_qc_status,new_qc_flags,new_parse_status,new_length_ratio,new_rewritten_word_count,new_rewritten_text_sha256,new_rewritten_text,created_utc
groq_llama_3_3_70b_free|run_1|AUSTEN_EMMA_001|modernize|qc_repair_v1|json_canonicalized_no_text_change|attempt_1,groq_llama_3_3_70b_free|run_1|AUSTEN_EMMA_001|modernize,llama,groq_llama_3_3_70b_free,llama-3.3-70b-versatile,AUSTEN_EMMA_001,modernize,json_canonicalized_no_text_change,qc_repair_v1,,warning,json_repaired_loose_rewritten_text,json_repaired_loose_rewritten_text,0.910369,518,059ecf513448a9d1b76aef7293bde415c92f2a1ab17b249113b75b7e20ac2474,"She was so caught up in admiring those soft blue eyes, chatting and listening, and coming up with all these plans in between, that the evening flew by at an incredible rate. Before she knew it, the supper table, which always marked the end of these gatherings, was all set and ready, and had been moved to the fireplace. With an enthusiasm that went beyond her usual eagerness to do everything well and with attention to detail, and with the genuine warmth of someone who was thrilled with her own ideas, she took charge of the meal, offering and recommending the minced chicken and scalloped oysters with a persistence that she knew would be appreciated by their guests, given the early hour and their polite reservations.

On occasions like this, poor Mr. Woodhouse's feelings were torn. He loved the tradition of laying out a spread, as it had been the custom in his youth, but his conviction that suppers were unhealthy made him regret seeing any food being served. While his hospitality would have welcomed their visitors to everything, his concern for their well-being made him worry that they would overeat.

All he could wholeheartedly recommend was a small bowl of thin gruel, similar to his own. However, as the ladies were comfortably enjoying the nicer dishes, he might suggest, 'Mrs. Bates, why don't you try one of these eggs? A soft-boiled egg isn't unhealthy. Serle is an expert at boiling eggs, and I wouldn't recommend anyone else's. But don't worry, they're very small, as you can see - one of our small eggs won't hurt you. Miss Bates, let Emma give you a little bit of tart - just a very little bit. We only have apple tarts, and you don't have to worry about unhealthy preserves here. I wouldn't advise the custard, though. Mrs. Goddard, would you like half a glass of wine? Just a small half-glass, mixed with water? I don't think it could disagree with you.'

Emma let her father talk, but she made sure their visitors were well taken care of in a much more satisfying way. That evening, she took particular pleasure in seeing them off happy. Miss Smith was just as happy as Emma had intended. As a prominent figure in Highbury, Miss Woodhouse's introduction had caused Miss Smith both excitement and nerves, but the kind and grateful young girl left with highly gratified feelings, delighted with the friendly way Miss Woodhouse had treated her all evening, and even shaken hands with her before leaving.

Harriet Smith soon became a regular at Hartfield. Emma, being quick and decisive, wasted no time in inviting her, encouraging her to visit often, and as they spent more time together, their mutual satisfaction grew. Emma had initially seen Harriet as a potential walking companion, which was something she had been missing since Mrs. Weston's departure. Her father rarely ventured beyond the shrubbery, where two paths were enough for his daily walks, regardless of the season. Since Mrs. Weston's loss, Emma had been looking for someone to share these walks with, and Harriet seemed like the perfect companion.",569,pass,,json_ok,0.910369,518,059ecf513448a9d1b76aef7293bde415c92f2a1ab17b249113b75b7e20ac2474,"She was so caught up in admiring those soft blue eyes, chatting and listening, and coming up with all these plans in between, that the evening flew by at an incredible rate. Before she knew it, the supper table, which always marked the end of these gatherings, was all set and ready, and had been moved to the fireplace. With an enthusiasm that went beyond her usual eagerness to do everything well and with attention to detail, and with the genuine warmth of someone who was thrilled with her own ideas, she took charge of the meal, offering and recommending the minced chicken and scalloped oysters with a persistence that she knew would be appreciated by their guests, given the early hour and their polite reservations.

On occasions like this, poor Mr. Woodhouse's feelings were torn. He loved the tradition of laying out a spread, as it had been the custom in his youth, but his conviction that suppers were unhealthy made him regret seeing any food being served. While his hospitality would have welcomed their visitors to everything, his concern for their well-being made him worry that they would overeat.

All he could wholeheartedly recommend was a small bowl of thin gruel, similar to his own. However, as the ladies were comfortably enjoying the nicer dishes, he might suggest, 'Mrs. Bates, why don't you try one of these eggs? A soft-boiled egg isn't unhealthy. Serle is an expert at boiling eggs, and I wouldn't recommend anyone else's. But don't worry, they're very small, as you can see - one of our small eggs won't hurt you. Miss Bates, let Emma give you a little bit of tart - just a very little bit. We only have apple tarts, and you don't have to worry about unhealthy preserves here. I wouldn't advise the custard, though. Mrs. Goddard, would you like half a glass of wine? Just a small half-glass, mixed with water? I don't think it could disagree with you.'

Emma let her father talk, but she made sure their visitors were well taken care of in a much more satisfying way. That evening, she took particular pleasure in seeing them off happy. Miss Smith was just as happy as Emma had intended. As a prominent figure in Highbury, Miss Woodhouse's introduction had caused Miss Smith both excitement and nerves, but the kind and grateful young girl left with highly gratified feelings, delighted with the friendly way Miss Woodhouse had treated her all evening, and even shaken hands with her before leaving.

Harriet Smith soon became a regular at Hartfield. Emma, being quick and decisive, wasted no time in inviting her, encouraging her to visit often, and as they spent more time together, their mutual satisfaction grew. Emma had initially seen Harriet as a potential walking companion, which was something she had been missing since Mrs. Weston's departure. Her father rarely ventured beyond the shrubbery, where two paths were enough for his daily walks, regardless of the season. Since Mrs. Weston's loss, Emma had been looking for someone to share these walks with, and Harriet seemed like the perfect companion.",2026-06-07T18:20:00Z
groq_llama_3_3_70b_free|run_1|AUSTEN_EMMA_002|modernize|qc_repair_v1|json_canonicalized_no_text_change|attempt_1,groq_llama_3_3_70b_free|run_1|AUSTEN_EMMA_002|modernize,llama,groq_llama_3_3_70b_free,llama-3.3-70b-versatile,AUSTEN_EMMA_002,modernize,json_canonicalized_no_text_change,qc_repair_v1,,warning,json_repaired_loose_rewritten_text,json_repaired_loose_rewritten_text,1.007117,566,20187bd8e6369b8f578febfb716d7697f5b68669eb2890847fb8ec237e07ace0,"The list she made when she was only fourteen - I remember thinking it showed her judgment in such a good light that I kept it for a while. I'm sure she could make a great list now, but I've given up expecting her to stick to any kind of steady reading routine. Emma will never commit to anything that requires effort and patience, or that makes her use her common sense over her imagination. Where Miss Taylor couldn't motivate her, I'm sure Harriet Smith won't be able to either. You could never get her to read as much as you wanted her to, no matter how hard you tried.""

""I'm sure,"" Mrs. Weston replied with a smile, ""that I thought that back then, but since we've been apart, I don't remember Emma ever not doing something I asked her to do.""

""It's not worth bringing up a memory like that,"" Mr. Knightley said, feeling a bit emotional, and for a moment, he didn't say anything else. ""But I, who haven't been blinded by personal feelings, still have to see, hear, and remember the truth. Emma has been spoiled because she's always been the smartest person in her family. At ten years old, she could already answer questions that her sister couldn't at seventeen. She's always been quick-witted and confident, while her sister Isabella has been slow and uncertain. Since she was twelve, Emma has been in charge of the house and everyone in it. When her mother passed away, she lost the only person who could have kept her in check. Emma inherited her mother's talents, and she would have benefited from being under her guidance.""

""I would have been sorry, Mr. Knightley, if I had to rely on your recommendation if I had left the Woodhouse family and needed a new job. I don't think you would have said anything good about me to anyone. I'm sure you always thought I wasn't suited for the role I had.""

""Yes,"" he said with a smile. ""You're better off where you are now. You're a great wife, but you wouldn't have made a good governess. However, while you were at Hartfield, you were learning how to be a good wife. You might not have been able to give Emma the best education possible, but you were learning from her how to submit to someone else's will and do as you're told. If Weston had asked me to recommend a wife for him, I would have definitely suggested Miss Taylor.""

""Thank you,"" she said. ""It won't be hard to be a good wife to someone like Mr. Weston.""

""Why, to be honest, I think you might be wasting your potential with him. With your disposition to be patient, there might not be anything that tests your patience. We won't give up hope, though. Maybe Weston will become grumpy because he's too comfortable, or his son might cause him trouble.""

""I hope that's not the case,"" she said. ""It's unlikely. No, Mr. Knightley, don't predict problems from that direction.""

""I'm not doing that,"" he said. ""I'm just mentioning possibilities. I don't claim to have Emma's talent for predicting the future. I hope with all my heart that the young man will have Mr. Weston's good qualities and the Churchills' wealth. But Harriet Smith - I haven't even started talking about her. I think she's the worst possible companion for Emma.",562,pass,,json_ok,1.007117,566,20187bd8e6369b8f578febfb716d7697f5b68669eb2890847fb8ec237e07ace0,"The list she made when she was only fourteen - I remember thinking it showed her judgment in such a good light that I kept it for a while. I'm sure she could make a great list now, but I've given up expecting her to stick to any kind of steady reading routine. Emma will never commit to anything that requires effort and patience, or that makes her use her common sense over her imagination. Where Miss Taylor couldn't motivate her, I'm sure Harriet Smith won't be able to either. You could never get her to read as much as you wanted her to, no matter how hard you tried.""

""I'm sure,"" Mrs. Weston replied with a smile, ""that I thought that back then, but since we've been apart, I don't remember Emma ever not doing something I asked her to do.""

""It's not worth bringing up a memory like that,"" Mr. Knightley said, feeling a bit emotional, and for a moment, he didn't say anything else. ""But I, who haven't been blinded by personal feelings, still have to see, hear, and remember the truth. Emma has been spoiled because she's always been the smartest person in her family. At ten years old, she could already answer questions that her sister couldn't at seventeen. She's always been quick-witted and confident, while her sister Isabella has been slow and uncertain. Since she was twelve, Emma has been in charge of the house and everyone in it. When her mother passed away, she lost the only person who could have kept her in check. Emma inherited her mother's talents, and she would have benefited from being under her guidance.""

""I would have been sorry, Mr. Knightley, if I had to rely on your recommendation if I had left the Woodhouse family and needed a new job. I don't think you would have said anything good about me to anyone. I'm sure you always thought I wasn't suited for the role I had.""

""Yes,"" he said with a smile. ""You're better off where you are now. You're a great wife, but you wouldn't have made a good governess. However, while you were at Hartfield, you were learning how to be a good wife. You might not have been able to give Emma the best education possible, but you were learning from her how to submit to someone else's will and do as you're told. If Weston had asked me to recommend a wife for him, I would have definitely suggested Miss Taylor.""

""Thank you,"" she said. ""It won't be hard to be a good wife to someone like Mr. Weston.""

""Why, to be honest, I think you might be wasting your potential with him. With your disposition to be patient, there might not be anything that tests your patience. We won't give up hope, though. Maybe Weston will become grumpy because he's too comfortable, or his son might cause him trouble.""

""I hope that's not the case,"" she said. ""It's unlikely. No, Mr. Knightley, don't predict problems from that direction.""

""I'm not doing that,"" he said. ""I'm just mentioning possibilities. I don't claim to have Emma's talent for predicting the future. I hope with all my heart that the young man will have Mr. Weston's good qualities and the Churchills' wealth. But Harriet Smith - I haven't even started talking about her. I think she's the worst possible companion for Emma.",2026-06-07T18:20:00Z
groq_llama_3_3_70b_free|run_1|AUSTEN_EMMA_002|paraphrase|qc_repair_v1|json_canonicalized_no_text_change|attempt_1,groq_llama_3_3_70b_free|run_1|AUSTEN_EMMA_002|paraphrase,llama,groq_llama_3_3_70b_free,llama-3.3-70b-versatile,AUSTEN_EMMA_002,paraphrase,json_canonicalized_no_text_change,qc_repair_v1,,warning,json_repaired_loose_rewritten_text,json_repaired_loose_rewritten_text,0.905694,509,a455366c1ffac9e34b3f9538ea4a89e2c624194c3487c2d3de746f9cf6c3e095,"The list Emma created when she was fourteen, I recall, impressed me with her judgment, and I kept it for some time. I'm sure she could make a good list now, but I've given up expecting her to engage in steady reading. She'll never commit to anything that requires effort and patience, or subordinating her imagination to her understanding. Miss Taylor was unable to motivate her, and I doubt Harriet Smith will have any more success. You could never persuade Emma to read as much as you wanted her to. You know that's true.""

""I dare say,"" Mrs. Weston replied with a smile, ""that I thought that way at the time, but since we've been apart, I don't recall Emma ever failing to do something I asked of her.""

""There's little point in refreshing such a memory,"" Mr. Knightley said, feeling a pang, and he fell silent for a moment. ""But I, who haven't been blinded by personal feelings, must still observe, listen, and remember. Emma has been spoiled by being the most intelligent member of her family. At ten, she could answer questions that puzzled her seventeen-year-old sister. She's always been quick and confident, while Isabella was slow and uncertain. Since she was twelve, Emma has been in charge of the house and everyone in it. With her mother's passing, she lost the only person who could match her. She inherited her mother's talents and was under her guidance.""

""I would have been sorry, Mr. Knightley, to have relied on your recommendation if I had left the Woodhouse family and needed a new position. I don't think you would have spoken well of me to anyone. I'm sure you always thought me unsuitable for the role I held.""

""Yes,"" he said with a smile, ""you're better suited to being a wife than a governess. But while you were at Hartfield, you were preparing yourself to be an excellent wife. You may not have given Emma the comprehensive education you were capable of, but you were learning from her about the importance of submitting to others and doing as you were told. If Weston had asked me to recommend a wife, I would have suggested Miss Taylor.""

""Thank you,"" she said. ""It won't be difficult to make a good wife to someone like Mr. Weston.""

""Why, to be honest, I'm afraid you're being underutilized, and with every inclination to be patient, there may be nothing to tolerate. We won't give up hope, though. Weston may become irritable due to the comforts of life, or his son may cause him trouble.""

""I hope not that,"" she said. ""It's unlikely. No, Mr. Knightley, don't predict problems from that quarter.""

""Not I, indeed. I'm just mentioning possibilities. I don't claim to have Emma's talent for predicting and guessing. I hope, with all my heart, that the young man will have the merits of a Weston and the fortune of a Churchill. But Harriet Smith – I've only just begun to discuss Harriet Smith. I think she's the worst possible companion for Emma.",562,pass,,json_ok,0.905694,509,a455366c1ffac9e34b3f9538ea4a89e2c624194c3487c2d3de746f9cf6c3e095,"The list Emma created when she was fourteen, I recall, impressed me with her judgment, and I kept it for some time. I'm sure she could make a good list now, but I've given up expecting her to engage in steady reading. She'll never commit to anything that requires effort and patience, or subordinating her imagination to her understanding. Miss Taylor was unable to motivate her, and I doubt Harriet Smith will have any more success. You could never persuade Emma to read as much as you wanted her to. You know that's true.""

""I dare say,"" Mrs. Weston replied with a smile, ""that I thought that way at the time, but since we've been apart, I don't recall Emma ever failing to do something I asked of her.""

""There's little point in refreshing such a memory,"" Mr. Knightley said, feeling a pang, and he fell silent for a moment. ""But I, who haven't been blinded by personal feelings, must still observe, listen, and remember. Emma has been spoiled by being the most intelligent member of her family. At ten, she could answer questions that puzzled her seventeen-year-old sister. She's always been quick and confident, while Isabella was slow and uncertain. Since she was twelve, Emma has been in charge of the house and everyone in it. With her mother's passing, she lost the only person who could match her. She inherited her mother's talents and was under her guidance.""

""I would have been sorry, Mr. Knightley, to have relied on your recommendation if I had left the Woodhouse family and needed a new position. I don't think you would have spoken well of me to anyone. I'm sure you always thought me unsuitable for the role I held.""

""Yes,"" he said with a smile, ""you're better suited to being a wife than a governess. But while you were at Hartfield, you were preparing yourself to be an excellent wife. You may not have given Emma the comprehensive education you were capable of, but you were learning from her about the importance of submitting to others and doing as you were told. If Weston had asked me to recommend a wife, I would have suggested Miss Taylor.""

""Thank you,"" she said. ""It won't be difficult to make a good wife to someone like Mr. Weston.""

""Why, to be honest, I'm afraid you're being underutilized, and with every inclination to be patient, there may be nothing to tolerate. We won't give up hope, though. Weston may become irritable due to the comforts of life, or his son may cause him trouble.""

""I hope not that,"" she said. ""It's unlikely. No, Mr. Knightley, don't predict problems from that quarter.""

""Not I, indeed. I'm just mentioning possibilities. I don't claim to have Emma's talent for predicting and guessing. I hope, with all my heart, that the young man will have the merits of a Weston and the fortune of a Churchill. But Harriet Smith – I've only just begun to discuss Harriet Smith. I think she's the worst possible companion for Emma.",2026-06-07T18:20:00Z
groq_llama_3_3_70b_free|run_1|AUSTEN_EMMA_003|modernize|qc_repair_v1|json_canonicalized_no_text_change|attempt_1,groq_llama_3_3_70b_free|run_1|AUSTEN_EMMA_003|modernize,llama,groq_llama_3_3_70b_free,llama-3.3-70b-versatile,AUSTEN_EMMA_003,modernize,json_canonicalized_no_text_change,qc_repair_v1,,warning,json_repaired_loose_rewritten_text,json_repaired_loose_rewritten_text,0.868468,482,b9ff6c5444f381956fc618c1c070fd75e35c7b4f385d279c74b5ca86c1bac634,"You don't need to be told to express regret for his disappointment, do you?” 
“You think I should turn him down, then,” said Harriet, looking down. 
“Turn him down? My dear Harriet, what are you getting at? Are you really unsure about this? I thought I understood, but maybe I've been mistaken. If you're having doubts about how to respond, I must have misread you. I assumed you just wanted my input on how to word your answer.” 
Harriet didn't respond. With a slightly reserved tone, Emma continued, 
“You're planning to say yes, I take it.” 
“No, I'm not... or at least, I don't know... What should I do? What would you recommend, Miss Woodhouse? Please, tell me what you think I should do.” 
“I'm not going to give you any advice, Harriet. This is something you need to figure out for yourself, based on your own feelings.” 
“I had no idea he felt so strongly about me,” said Harriet, studying the letter. For a bit, Emma kept quiet, but she began to worry that the flattering words in the letter might be too persuasive, so she decided to speak up. 
“As a general rule, Harriet, if a woman is uncertain about whether to accept a man, she should probably say no. If she's hesitant, it's better to be clear and direct. You shouldn't enter into something like this with mixed feelings or reservations. I felt it was my duty as a friend, and someone older than you, to share my thoughts. But don't think I'm trying to influence your decision.” 
“Oh, no, I'm sure you're too kind to... but if you could just guide me on what to do... No, I don't mean that... As you said, my mind should be made up... I shouldn't be wavering... This is a serious decision... Maybe it's safer to say no... Do you think I should say no?” 
“Not for anything,” said Emma with a gracious smile, “would I tell you what to do. You're the only one who can truly judge what will make you happy. If you think Mr. Martin is the most charming person you've ever met, and you prefer him to everyone else, why are you hesitating? You're blushing, Harriet... Is someone else on your mind right now? Harriet, don't fool yourself; don't let gratitude and pity cloud your judgment. Who are you thinking of at this moment?” 
The signs were encouraging. Instead of answering, Harriet turned away, looking flustered, and stood by the fire, lost in thought. Although she still held the letter, she was now fidgeting with it absent-mindedly. Emma waited for her response, impatient but hopeful. At last, with some hesitation, Harriet said, 
“Miss Woodhouse, since you won't give me your opinion, I'll have to make the best decision I can on my own. And I've now pretty much made up my mind... to turn down Mr.",555,pass,,json_ok,0.868468,482,b9ff6c5444f381956fc618c1c070fd75e35c7b4f385d279c74b5ca86c1bac634,"You don't need to be told to express regret for his disappointment, do you?” 
“You think I should turn him down, then,” said Harriet, looking down. 
“Turn him down? My dear Harriet, what are you getting at? Are you really unsure about this? I thought I understood, but maybe I've been mistaken. If you're having doubts about how to respond, I must have misread you. I assumed you just wanted my input on how to word your answer.” 
Harriet didn't respond. With a slightly reserved tone, Emma continued, 
“You're planning to say yes, I take it.” 
“No, I'm not... or at least, I don't know... What should I do? What would you recommend, Miss Woodhouse? Please, tell me what you think I should do.” 
“I'm not going to give you any advice, Harriet. This is something you need to figure out for yourself, based on your own feelings.” 
“I had no idea he felt so strongly about me,” said Harriet, studying the letter. For a bit, Emma kept quiet, but she began to worry that the flattering words in the letter might be too persuasive, so she decided to speak up. 
“As a general rule, Harriet, if a woman is uncertain about whether to accept a man, she should probably say no. If she's hesitant, it's better to be clear and direct. You shouldn't enter into something like this with mixed feelings or reservations. I felt it was my duty as a friend, and someone older than you, to share my thoughts. But don't think I'm trying to influence your decision.” 
“Oh, no, I'm sure you're too kind to... but if you could just guide me on what to do... No, I don't mean that... As you said, my mind should be made up... I shouldn't be wavering... This is a serious decision... Maybe it's safer to say no... Do you think I should say no?” 
“Not for anything,” said Emma with a gracious smile, “would I tell you what to do. You're the only one who can truly judge what will make you happy. If you think Mr. Martin is the most charming person you've ever met, and you prefer him to everyone else, why are you hesitating? You're blushing, Harriet... Is someone else on your mind right now? Harriet, don't fool yourself; don't let gratitude and pity cloud your judgment. Who are you thinking of at this moment?” 
The signs were encouraging. Instead of answering, Harriet turned away, looking flustered, and stood by the fire, lost in thought. Although she still held the letter, she was now fidgeting with it absent-mindedly. Emma waited for her response, impatient but hopeful. At last, with some hesitation, Harriet said, 
“Miss Woodhouse, since you won't give me your opinion, I'll have to make the best decision I can on my own. And I've now pretty much made up my mind... to turn down Mr.",2026-06-07T18:20:00Z
groq_llama_3_3_70b_free|run_1|AUSTEN_EMMA_004|modernize|qc_repair_v1|json_canonicalized_no_text_change|attempt_1,groq_llama_3_3_70b_free|run_1|AUSTEN_EMMA_004|modernize,llama,groq_llama_3_3_70b_free,llama-3.3-70b-versatile,AUSTEN_EMMA_004,modernize,json_canonicalized_no_text_change,qc_repair_v1,,warning,json_repaired_loose_rewritten_text,json_repaired_loose_rewritten_text,0.864286,484,37418abbdadf38aef13792e3be2c141bfb753f87d527c30cf9d38c16d66623a8,"And is she, at seventeen, just entering adulthood, just starting to make a name for herself, to be admired because she doesn't accept the first offer that comes her way? No, let's give her time to get to know the world.

I've always thought it was a pretty unwise friendship, said Mr. Knightley after a moment, though I've kept my thoughts to myself until now. But I can see that it's going to be really bad for Harriet. You're going to give her a inflated sense of her own beauty and what she deserves, and soon nobody will be good enough for her. When vanity takes over a weak mind, it causes all sorts of problems. It's easy for a young woman to set her expectations too high. Harriet Smith might not get as many marriage proposals as she thinks, even though she's a very attractive girl. Intelligent men don't want silly wives. Men from good families wouldn't want to marry someone with such an uncertain background, and most sensible men would be afraid of the trouble and embarrassment they might face when the truth about her parents comes out. If she marries Robert Martin, she'll be safe, respected, and happy for the rest of her life. But if you encourage her to aim high and expect to marry someone rich and important, she might end up living with Mrs. Goddard forever, or at least until she gets desperate and settles for someone like the old writing teacher's son.

We clearly disagree on this, Mr. Knightley, so there's no point in discussing it further. We'll just make each other angrier. As for me allowing her to marry Robert Martin, it's impossible - she's already turned him down, and so firmly that I don't think he'll ask again. She'll have to live with the consequences of rejecting him, whatever they may be. And as for the rejection itself, I won't pretend I didn't influence her a little, but there wasn't much for me or anyone else to do. He doesn't look very appealing, and his manner is off-putting, so even if she was ever interested in him, she's not now. I can imagine that before she met anyone better, she might have tolerated him. He's the brother of her friends, and he tried to win her over, and since she hadn't met anyone better at the time, she might not have found him unpleasant when she was at Abbey-Mill. But things are different now. She knows what real gentlemen are like, and only someone with a gentleman's education and manners has a chance with Harriet.

That's nonsense, complete and utter nonsense, exclaimed Mr. Knightley. Robert Martin's manners are sensible, sincere, and good-natured, and his mind has a true gentility that Harriet Smith can't even understand.

Emma didn't respond and tried to look cheerful and unbothered, but she was actually feeling uncomfortable and wanted him to leave.",560,pass,,json_ok,0.864286,484,37418abbdadf38aef13792e3be2c141bfb753f87d527c30cf9d38c16d66623a8,"And is she, at seventeen, just entering adulthood, just starting to make a name for herself, to be admired because she doesn't accept the first offer that comes her way? No, let's give her time to get to know the world.

I've always thought it was a pretty unwise friendship, said Mr. Knightley after a moment, though I've kept my thoughts to myself until now. But I can see that it's going to be really bad for Harriet. You're going to give her a inflated sense of her own beauty and what she deserves, and soon nobody will be good enough for her. When vanity takes over a weak mind, it causes all sorts of problems. It's easy for a young woman to set her expectations too high. Harriet Smith might not get as many marriage proposals as she thinks, even though she's a very attractive girl. Intelligent men don't want silly wives. Men from good families wouldn't want to marry someone with such an uncertain background, and most sensible men would be afraid of the trouble and embarrassment they might face when the truth about her parents comes out. If she marries Robert Martin, she'll be safe, respected, and happy for the rest of her life. But if you encourage her to aim high and expect to marry someone rich and important, she might end up living with Mrs. Goddard forever, or at least until she gets desperate and settles for someone like the old writing teacher's son.

We clearly disagree on this, Mr. Knightley, so there's no point in discussing it further. We'll just make each other angrier. As for me allowing her to marry Robert Martin, it's impossible - she's already turned him down, and so firmly that I don't think he'll ask again. She'll have to live with the consequences of rejecting him, whatever they may be. And as for the rejection itself, I won't pretend I didn't influence her a little, but there wasn't much for me or anyone else to do. He doesn't look very appealing, and his manner is off-putting, so even if she was ever interested in him, she's not now. I can imagine that before she met anyone better, she might have tolerated him. He's the brother of her friends, and he tried to win her over, and since she hadn't met anyone better at the time, she might not have found him unpleasant when she was at Abbey-Mill. But things are different now. She knows what real gentlemen are like, and only someone with a gentleman's education and manners has a chance with Harriet.

That's nonsense, complete and utter nonsense, exclaimed Mr. Knightley. Robert Martin's manners are sensible, sincere, and good-natured, and his mind has a true gentility that Harriet Smith can't even understand.

Emma didn't respond and tried to look cheerful and unbothered, but she was actually feeling uncomfortable and wanted him to leave.",2026-06-07T18:20:00Z
groq_llama_3_3_70b_free|run_1|AUSTEN_EMMA_005|modernize|qc_repair_v1|json_canonicalized_no_text_change|attempt_1,groq_llama_3_3_70b_free|run_1|AUSTEN_EMMA_005|modernize,llama,groq_llama_3_3_70b_free,llama-3.3-70b-versatile,AUSTEN_EMMA_005,modernize,json_canonicalized_no_text_change,qc_repair_v1,,warning,json_repaired_loose_rewritten_text,json_repaired_loose_rewritten_text,0.994671,560,3bef93305ce6e1e391da39968c494cfcf05685634771fddde4f603626b576a6c,"And he's a really smart boy, too. They're all incredibly smart, and they have so many charming ways. They'll come and stand by my chair, and say, 'Grandpa, can you give me a piece of string?' and once Henry asked me for a knife, but I told him knives are only for grown-ups. I think their father is too tough on them a lot of the time.""

""He seems tough to you,"" said Emma, ""because you're so gentle yourself, but if you could compare him to other dads, you wouldn't think he's that tough. He wants his boys to be active and healthy, and if they misbehave, he can give them a firm talk now and then, but he's a loving father - Mr. John Knightley is definitely a loving father. The kids all love him.""

""And then their uncle comes in and tosses them up in the air in a way that's a bit scary!""

""But they love it, Dad. There's nothing they enjoy more. It's so much fun for them that if their uncle didn't make them take turns, whoever started would never let the other one have a go.""

""I just don't get it.""

""That's how it is for all of us, Dad. Half the world can't understand what the other half enjoys.""

Later that morning, just as the girls were about to separate to get ready for their regular 4 pm dinner, the star of this amazing charade walked in again. Harriet turned away, but Emma could greet him with a smile, and her quick eye soon picked up on the fact that he was aware of having made a move - of having taken a chance - and she thought he was there to see how it would play out. His main reason for coming, though, was to ask if Mr. Woodhouse's plans for the evening could go ahead without him, or if he was needed at Hartfield. If he was needed, everything else would have to be put on hold, but otherwise, his friend Cole had been going on and on about him coming over for dinner - had made such a big deal about it - that he had promised to come, depending on the circumstances.

Emma thanked him, but couldn't let him disappoint his friend on their account; her father was counting on him for his game. He asked again, and she said no again, and he seemed about to leave when she picked up the paper from the table and handed it back to him -

""Hey, here's the charade you were kind enough to leave with us; thanks for letting us see it. We loved it so much that I've added it to Miss Smith's collection. I hope your friend won't mind. Of course, I only copied the first eight lines.""

Mr. Elton didn't seem to know what to say. He looked a bit unsure - a bit confused; said something about ""honour"", glanced at Emma and at Harriet, and then, seeing the book open on the table, picked it up and examined it very closely. To ease the awkward moment, Emma said with a smile,

""You'll have to apologize to your friend for me, but such a great charade can't be kept to just one or two people. He can be sure that every woman will love it as long as he writes with such charm.",563,pass,,json_ok,0.994671,560,3bef93305ce6e1e391da39968c494cfcf05685634771fddde4f603626b576a6c,"And he's a really smart boy, too. They're all incredibly smart, and they have so many charming ways. They'll come and stand by my chair, and say, 'Grandpa, can you give me a piece of string?' and once Henry asked me for a knife, but I told him knives are only for grown-ups. I think their father is too tough on them a lot of the time.""

""He seems tough to you,"" said Emma, ""because you're so gentle yourself, but if you could compare him to other dads, you wouldn't think he's that tough. He wants his boys to be active and healthy, and if they misbehave, he can give them a firm talk now and then, but he's a loving father - Mr. John Knightley is definitely a loving father. The kids all love him.""

""And then their uncle comes in and tosses them up in the air in a way that's a bit scary!""

""But they love it, Dad. There's nothing they enjoy more. It's so much fun for them that if their uncle didn't make them take turns, whoever started would never let the other one have a go.""

""I just don't get it.""

""That's how it is for all of us, Dad. Half the world can't understand what the other half enjoys.""

Later that morning, just as the girls were about to separate to get ready for their regular 4 pm dinner, the star of this amazing charade walked in again. Harriet turned away, but Emma could greet him with a smile, and her quick eye soon picked up on the fact that he was aware of having made a move - of having taken a chance - and she thought he was there to see how it would play out. His main reason for coming, though, was to ask if Mr. Woodhouse's plans for the evening could go ahead without him, or if he was needed at Hartfield. If he was needed, everything else would have to be put on hold, but otherwise, his friend Cole had been going on and on about him coming over for dinner - had made such a big deal about it - that he had promised to come, depending on the circumstances.

Emma thanked him, but couldn't let him disappoint his friend on their account; her father was counting on him for his game. He asked again, and she said no again, and he seemed about to leave when she picked up the paper from the table and handed it back to him -

""Hey, here's the charade you were kind enough to leave with us; thanks for letting us see it. We loved it so much that I've added it to Miss Smith's collection. I hope your friend won't mind. Of course, I only copied the first eight lines.""

Mr. Elton didn't seem to know what to say. He looked a bit unsure - a bit confused; said something about ""honour"", glanced at Emma and at Harriet, and then, seeing the book open on the table, picked it up and examined it very closely. To ease the awkward moment, Emma said with a smile,

""You'll have to apologize to your friend for me, but such a great charade can't be kept to just one or two people. He can be sure that every woman will love it as long as he writes with such charm.",2026-06-07T18:20:00Z
groq_llama_3_3_70b_free|run_1|AUSTEN_EMMA_005|paraphrase|qc_repair_v1|json_canonicalized_no_text_change|attempt_1,groq_llama_3_3_70b_free|run_1|AUSTEN_EMMA_005|paraphrase,llama,groq_llama_3_3_70b_free,llama-3.3-70b-versatile,AUSTEN_EMMA_005,paraphrase,json_canonicalized_no_text_change,qc_repair_v1,,warning,json_repaired_loose_rewritten_text,json_repaired_loose_rewritten_text,0.964476,543,1670a9f6432647bdfcfe3b4d1b8273385dfde847e62240e537798dea8cc03da2,"And he is indeed a very clever young boy. All of the children are remarkably clever and have such charming manners. They will often come and stand by my chair, saying 'Grandpapa, may I have a piece of string?' On one occasion, Henry asked me for a knife, but I told him that knives are only for grandfathers. I think their father can be too harsh with them at times.""

""He may seem that way to you,"" Emma said, ""because you are so gentle yourself, but if you were to compare him to other fathers, you would not think him harsh. He wants his sons to be energetic and robust, and if they misbehave, he will occasionally scold them, but he is a loving father. Mr. John Knightley is certainly a loving father, and the children are all very fond of him.""

""And then their uncle comes in and tosses them up in the air in a way that can be quite frightening!""

""But they enjoy it, Papa. There's nothing they like more. It's such a delight for them that if their uncle didn't make them take turns, the one who started would never give up to the other.""

""I don't understand it,"" Mr. Woodhouse said.

""That's true for all of us, Papa. One half of the world can't understand the pleasures of the other half.""

Later that morning, just as the girls were about to separate to prepare for their usual four o'clock dinner, the star of the charade walked in again. Harriet turned away, but Emma could greet him with her usual smile. Her quick eye soon noticed that he seemed aware of having taken a risk, and she imagined he had come to see how things would turn out. His stated reason for visiting, however, was to ask whether Mr. Woodhouse's party could manage without him in the evening, or if his presence was necessary at Hartfield. If he were needed, everything else would have to be put aside, but otherwise, his friend Cole had been insisting that he join him for dinner, and he had conditionally agreed to go.

Emma thanked him but wouldn't let him disappoint his friend on their account. Her father was counting on his rubber of whist. Mr. Elton pressed the issue again, but Emma declined again. As he seemed about to take his leave, Emma picked up the paper from the table and handed it back to him.

""Here's the charade you were kind enough to leave with us. Thank you for letting us see it. We admired it so much that I've taken the liberty of copying it into Miss Smith's collection. I hope your friend won't mind. I've only transcribed the first eight lines, of course.""

Mr. Elton seemed unsure of how to respond. He looked uncertain and confused, said something about 'honour', glanced at Emma and Harriet, and then, noticing the book open on the table, picked it up and examined it closely. To ease the awkward moment, Emma said with a smile, ""You must extend my apologies to your friend, but such a good charade shouldn't be limited to just one or two people. He can be sure of every woman's admiration as long as he writes with such gallantry.",563,pass,,json_ok,0.964476,543,1670a9f6432647bdfcfe3b4d1b8273385dfde847e62240e537798dea8cc03da2,"And he is indeed a very clever young boy. All of the children are remarkably clever and have such charming manners. They will often come and stand by my chair, saying 'Grandpapa, may I have a piece of string?' On one occasion, Henry asked me for a knife, but I told him that knives are only for grandfathers. I think their father can be too harsh with them at times.""

""He may seem that way to you,"" Emma said, ""because you are so gentle yourself, but if you were to compare him to other fathers, you would not think him harsh. He wants his sons to be energetic and robust, and if they misbehave, he will occasionally scold them, but he is a loving father. Mr. John Knightley is certainly a loving father, and the children are all very fond of him.""

""And then their uncle comes in and tosses them up in the air in a way that can be quite frightening!""

""But they enjoy it, Papa. There's nothing they like more. It's such a delight for them that if their uncle didn't make them take turns, the one who started would never give up to the other.""

""I don't understand it,"" Mr. Woodhouse said.

""That's true for all of us, Papa. One half of the world can't understand the pleasures of the other half.""

Later that morning, just as the girls were about to separate to prepare for their usual four o'clock dinner, the star of the charade walked in again. Harriet turned away, but Emma could greet him with her usual smile. Her quick eye soon noticed that he seemed aware of having taken a risk, and she imagined he had come to see how things would turn out. His stated reason for visiting, however, was to ask whether Mr. Woodhouse's party could manage without him in the evening, or if his presence was necessary at Hartfield. If he were needed, everything else would have to be put aside, but otherwise, his friend Cole had been insisting that he join him for dinner, and he had conditionally agreed to go.

Emma thanked him but wouldn't let him disappoint his friend on their account. Her father was counting on his rubber of whist. Mr. Elton pressed the issue again, but Emma declined again. As he seemed about to take his leave, Emma picked up the paper from the table and handed it back to him.

""Here's the charade you were kind enough to leave with us. Thank you for letting us see it. We admired it so much that I've taken the liberty of copying it into Miss Smith's collection. I hope your friend won't mind. I've only transcribed the first eight lines, of course.""

Mr. Elton seemed unsure of how to respond. He looked uncertain and confused, said something about 'honour', glanced at Emma and Harriet, and then, noticing the book open on the table, picked it up and examined it closely. To ease the awkward moment, Emma said with a smile, ""You must extend my apologies to your friend, but such a good charade shouldn't be limited to just one or two people. He can be sure of every woman's admiration as long as he writes with such gallantry.",2026-06-07T18:20:00Z
groq_llama_3_3_70b_free|run_1|AUSTEN_EMMA_007|modernize|qc_repair_v1|json_canonicalized_no_text_change|attempt_1,groq_llama_3_3_70b_free|run_1|AUSTEN_EMMA_007|modernize,llama,groq_llama_3_3_70b_free,llama-3.3-70b-versatile,AUSTEN_EMMA_007,modernize,json_canonicalized_no_text_change,qc_repair_v1,,warning,json_repaired_loose_rewritten_text,json_repaired_loose_rewritten_text,0.980108,542,aaff62c4db2a876ebae6c8276f6be3a538d7cce371179bd836865c979859dc6d,"You're doing the right thing,” she said. “We'll make your apologies to Mr. and Mrs. Weston.”

But she had barely spoken when her brother offered Mr. Elton a ride in his car, saying that if the weather was the only thing holding him back, he'd be happy to give him a lift. To her surprise, Mr. Elton accepted the offer with evident satisfaction. It was a done deal; Mr. Elton was going, and his face had never looked happier. His smile was stronger than ever, and his eyes sparkled with excitement as he glanced at her.

“Well,” she thought to herself, “this is really strange. After I managed to get him to stay behind, he chooses to go out and leave Harriet alone when she's not feeling well. It's just weird. But I think a lot of men, especially single guys, have this thing about going out to dinner. It's like, a top priority for them - it's up there with their jobs, their social status, and their sense of duty. So, anything else takes a backseat, and that must be what's going on with Mr. Elton. He's a great guy, really likable and charming, and he's clearly into Harriet, but he just can't resist a dinner invitation. It's like, love is a weird thing - he can see how smart and funny Harriet is, but he won't even skip dinner to spend time with her.”

Soon after, Mr. Elton left, and she had to admit that there was something endearing about the way he mentioned Harriet when he said goodbye. The way he spoke, the tone of his voice, it all seemed so sincere, especially when he promised to stop by Mrs. Goddard's to check in on Harriet and hopefully bring back some good news. He sighed and smiled as he left, and it was hard not to be impressed.

After a few minutes of silence, John Knightley spoke up. “I've never seen anyone try so hard to be charming as Mr. Elton. It's like, he's putting in a lot of effort to make a good impression, especially when there are women around. With men, he's fine, totally normal and down-to-earth, but when he's around women, it's like he's performing or something.”

“Mr. Elton's manners aren't perfect,” Emma replied, “but when someone's trying their best to be nice, you've got to give them some credit. And when someone's doing their best with what they've got, that's more impressive than someone who's just coasting on their natural talent. Mr. Elton's just so friendly and well-meaning that you can't help but like him.”

John Knightley nodded, a hint of a smile on his face. “Yeah, he seems to have a lot of good feelings towards you, Emma.”

Her eyes widened in surprise. “Me? You think Mr. Elton's interested in me?”

John Knightley leaned in, a sly glint in his eye. “Well, it's crossed my mind, and even if it hasn't occurred to you before, maybe you should consider it now.”

The idea was laughable. “Mr. Elton in love with me? That's just ridiculous.”

John Knightley's expression turned serious. “I'm not saying it's true, but you should think about it and maybe adjust your behavior accordingly. I think you've been kind of encouraging him, Emma.”",553,pass,,json_ok,0.980108,542,aaff62c4db2a876ebae6c8276f6be3a538d7cce371179bd836865c979859dc6d,"You're doing the right thing,” she said. “We'll make your apologies to Mr. and Mrs. Weston.”

But she had barely spoken when her brother offered Mr. Elton a ride in his car, saying that if the weather was the only thing holding him back, he'd be happy to give him a lift. To her surprise, Mr. Elton accepted the offer with evident satisfaction. It was a done deal; Mr. Elton was going, and his face had never looked happier. His smile was stronger than ever, and his eyes sparkled with excitement as he glanced at her.

“Well,” she thought to herself, “this is really strange. After I managed to get him to stay behind, he chooses to go out and leave Harriet alone when she's not feeling well. It's just weird. But I think a lot of men, especially single guys, have this thing about going out to dinner. It's like, a top priority for them - it's up there with their jobs, their social status, and their sense of duty. So, anything else takes a backseat, and that must be what's going on with Mr. Elton. He's a great guy, really likable and charming, and he's clearly into Harriet, but he just can't resist a dinner invitation. It's like, love is a weird thing - he can see how smart and funny Harriet is, but he won't even skip dinner to spend time with her.”

Soon after, Mr. Elton left, and she had to admit that there was something endearing about the way he mentioned Harriet when he said goodbye. The way he spoke, the tone of his voice, it all seemed so sincere, especially when he promised to stop by Mrs. Goddard's to check in on Harriet and hopefully bring back some good news. He sighed and smiled as he left, and it was hard not to be impressed.

After a few minutes of silence, John Knightley spoke up. “I've never seen anyone try so hard to be charming as Mr. Elton. It's like, he's putting in a lot of effort to make a good impression, especially when there are women around. With men, he's fine, totally normal and down-to-earth, but when he's around women, it's like he's performing or something.”

“Mr. Elton's manners aren't perfect,” Emma replied, “but when someone's trying their best to be nice, you've got to give them some credit. And when someone's doing their best with what they've got, that's more impressive than someone who's just coasting on their natural talent. Mr. Elton's just so friendly and well-meaning that you can't help but like him.”

John Knightley nodded, a hint of a smile on his face. “Yeah, he seems to have a lot of good feelings towards you, Emma.”

Her eyes widened in surprise. “Me? You think Mr. Elton's interested in me?”

John Knightley leaned in, a sly glint in his eye. “Well, it's crossed my mind, and even if it hasn't occurred to you before, maybe you should consider it now.”

The idea was laughable. “Mr. Elton in love with me? That's just ridiculous.”

John Knightley's expression turned serious. “I'm not saying it's true, but you should think about it and maybe adjust your behavior accordingly. I think you've been kind of encouraging him, Emma.”",2026-06-07T18:20:00Z
groq_llama_3_3_70b_free|run_1|AUSTEN_EMMA_007|paraphrase|qc_repair_v1|json_canonicalized_no_text_change|attempt_1,groq_llama_3_3_70b_free|run_1|AUSTEN_EMMA_007|paraphrase,llama,groq_llama_3_3_70b_free,llama-3.3-70b-versatile,AUSTEN_EMMA_007,paraphrase,json_canonicalized_no_text_change,qc_repair_v1,,warning,json_repaired_loose_rewritten_text,json_repaired_loose_rewritten_text,0.853526,472,01dde913aaf0558064412f724e46fc9e5415a9e7629728101960a5b71c61d9d2,"""""
She said, ""You are doing the right thing,"" and then added, ""We will offer your apologies to Mr. and Mrs. Weston.""

However, she had barely spoken when her brother politely offered Mr. Elton a seat in his carriage, provided the weather was his only concern. To her surprise, Mr. Elton accepted the offer with evident satisfaction. The matter was settled; Mr. Elton would attend, and his face had never shown more pleasure than at that moment. His smile was particularly strong, and his eyes sparkled with excitement as he glanced at her.

She thought to herself, ""This is quite odd. After I managed to dissuade him so effectively, he chooses to go out and leave Harriet behind, unwell as she is. It's truly puzzling. I believe many men, especially single ones, have a strong inclination to dine out. For them, a dinner invitation is a significant pleasure, almost a duty, that takes precedence over other considerations. This must be the case with Mr. Elton, a charming and amiable young man who is clearly taken with Harriet. Yet, he cannot resist a dinner invitation and must accept whenever he is asked. Love is indeed a strange thing; he can appreciate Harriet's wit, but he won't forgo a dinner engagement for her sake.""

Soon after, Mr. Elton took his leave, and she couldn't help but feel that his manner of speaking about Harriet as he departed was genuinely sentimental. The tone of his voice as he assured her that he would visit Mrs. Goddard's to inquire about Harriet's health was particularly noteworthy. He sighed and smiled as he bid them farewell, leaving a favorable impression.

After a brief period of silence, John Knightley began, ""I have never seen a man more determined to be agreeable than Mr. Elton. It's almost an effort for him when ladies are involved. With men, he can be rational and unaffected, but when he's around ladies, every aspect of his behavior is carefully considered.""

""Mr. Elton's manners are not flawless,"" Emma replied, ""but when someone is genuinely trying to please, one should overlook their imperfections. A man who does his best with limited abilities will often have an advantage over someone with greater talents but less effort. Mr. Elton has such a pleasant disposition and good intentions that one can't help but appreciate him.""

John Knightley responded with a hint of slyness, ""He seems to have a particular fondness for you, Emma."" 

She smiled in surprise, ""Me? You think I'm the object of Mr. Elton's affections?"" 

""I must admit, the idea has crossed my mind,"" he said. ""If you haven't considered it before, perhaps you should now.""

""Mr. Elton in love with me? What a notion!"" 

""I'm not saying it's true, but you should consider the possibility and adjust your behavior accordingly. I think you've been encouraging him, Emma.""
""""",553,pass,,json_ok,0.853526,472,01dde913aaf0558064412f724e46fc9e5415a9e7629728101960a5b71c61d9d2,"""""
She said, ""You are doing the right thing,"" and then added, ""We will offer your apologies to Mr. and Mrs. Weston.""

However, she had barely spoken when her brother politely offered Mr. Elton a seat in his carriage, provided the weather was his only concern. To her surprise, Mr. Elton accepted the offer with evident satisfaction. The matter was settled; Mr. Elton would attend, and his face had never shown more pleasure than at that moment. His smile was particularly strong, and his eyes sparkled with excitement as he glanced at her.

She thought to herself, ""This is quite odd. After I managed to dissuade him so effectively, he chooses to go out and leave Harriet behind, unwell as she is. It's truly puzzling. I believe many men, especially single ones, have a strong inclination to dine out. For them, a dinner invitation is a significant pleasure, almost a duty, that takes precedence over other considerations. This must be the case with Mr. Elton, a charming and amiable young man who is clearly taken with Harriet. Yet, he cannot resist a dinner invitation and must accept whenever he is asked. Love is indeed a strange thing; he can appreciate Harriet's wit, but he won't forgo a dinner engagement for her sake.""

Soon after, Mr. Elton took his leave, and she couldn't help but feel that his manner of speaking about Harriet as he departed was genuinely sentimental. The tone of his voice as he assured her that he would visit Mrs. Goddard's to inquire about Harriet's health was particularly noteworthy. He sighed and smiled as he bid them farewell, leaving a favorable impression.

After a brief period of silence, John Knightley began, ""I have never seen a man more determined to be agreeable than Mr. Elton. It's almost an effort for him when ladies are involved. With men, he can be rational and unaffected, but when he's around ladies, every aspect of his behavior is carefully considered.""

""Mr. Elton's manners are not flawless,"" Emma replied, ""but when someone is genuinely trying to please, one should overlook their imperfections. A man who does his best with limited abilities will often have an advantage over someone with greater talents but less effort. Mr. Elton has such a pleasant disposition and good intentions that one can't help but appreciate him.""

John Knightley responded with a hint of slyness, ""He seems to have a particular fondness for you, Emma."" 

She smiled in surprise, ""Me? You think I'm the object of Mr. Elton's affections?"" 

""I must admit, the idea has crossed my mind,"" he said. ""If you haven't considered it before, perhaps you should now.""

""Mr. Elton in love with me? What a notion!"" 

""I'm not saying it's true, but you should consider the possibility and adjust your behavior accordingly. I think you've been encouraging him, Emma.""
""""",2026-06-07T18:20:00Z
groq_llama_3_3_70b_free|run_1|AUSTEN_EMMA_009|modernize|qc_repair_v1|json_canonicalized_no_text_change|attempt_1,groq_llama_3_3_70b_free|run_1|AUSTEN_EMMA_009|modernize,llama,groq_llama_3_3_70b_free,llama-3.3-70b-versatile,AUSTEN_EMMA_009,modernize,json_canonicalized_no_text_change,qc_repair_v1,,warning,json_repaired_loose_rewritten_text,json_repaired_loose_rewritten_text,0.900356,506,ed640568489198b65fc296ef9b797c4f117814987d07815a3ad8674d12a7abbd,"As he regained his composure, he should have taken control and shaken off the unworthy influence they had over him. He should have stood up to them the first time they tried to get him to disrespect his father. If he had done that, there wouldn't be a problem now.

We'll never see eye to eye on this, said Emma. But that's not surprising. I don't think he's a weak person at all. I'm sure he's not. Mr. Weston wouldn't overlook foolishness, even in his own son. But he's probably more laid-back and easygoing than you'd like, which might not fit your ideal of what a man should be. I think that's the case, and while it might hold him back in some ways, it will also bring him advantages.

Yes, all the advantages of doing nothing when he should be taking action, and living a life of idle pleasure, convincing himself that he's found the perfect way to keep the peace at home and avoid his father's criticism. He can sit down and write a fancy letter, full of empty promises and lies, and persuade himself that he's doing the right thing. His letters really bother me.

Your reaction is unusual. It seems like everyone else is fine with him.

I doubt Mrs. Weston is satisfied. She's a smart and sensitive woman, and as a kind of mother figure to him, she must feel his absence deeply. That's why it's even more important to pay attention to Randalls, and she must feel the omission even more. If she were a more prominent person, he probably would have come, and it wouldn't have mattered either way. Do you think your friend is oblivious to these considerations? Don't you think she's aware of all this? No, Emma, your charming young man can only be charming in a superficial way, not in a genuinely considerate way. He may have good manners and be agreeable, but he lacks real sensitivity towards others.

You seem determined to think the worst of him.

Me? Not at all, replied Mr. Knightley, slightly annoyed. I don't want to think badly of him. I'd be just as willing to acknowledge his good qualities as anyone else, but I haven't heard anything about him except that he's handsome and well-mannered.

Well, if that's all he has going for him, he'll still be a big deal in Highbury. We don't often meet young men who are charming and well-bred. We shouldn't be too picky and expect him to have all the virtues. Can't you imagine, Mr. Knightley, the impact his arrival will have? It'll be all anyone can talk about in Donwell and Highbury. Everyone will be curious about him, and we'll all be thinking and talking about Mr. Frank Churchill.

You'll have to excuse me if I'm not overwhelmed with excitement. If I find him interesting to talk to, I'll be happy to get to know him. But if he's just a self-absorbed show-off, he won't be taking up much of my time or attention.",562,pass,,json_ok,0.900356,506,ed640568489198b65fc296ef9b797c4f117814987d07815a3ad8674d12a7abbd,"As he regained his composure, he should have taken control and shaken off the unworthy influence they had over him. He should have stood up to them the first time they tried to get him to disrespect his father. If he had done that, there wouldn't be a problem now.

We'll never see eye to eye on this, said Emma. But that's not surprising. I don't think he's a weak person at all. I'm sure he's not. Mr. Weston wouldn't overlook foolishness, even in his own son. But he's probably more laid-back and easygoing than you'd like, which might not fit your ideal of what a man should be. I think that's the case, and while it might hold him back in some ways, it will also bring him advantages.

Yes, all the advantages of doing nothing when he should be taking action, and living a life of idle pleasure, convincing himself that he's found the perfect way to keep the peace at home and avoid his father's criticism. He can sit down and write a fancy letter, full of empty promises and lies, and persuade himself that he's doing the right thing. His letters really bother me.

Your reaction is unusual. It seems like everyone else is fine with him.

I doubt Mrs. Weston is satisfied. She's a smart and sensitive woman, and as a kind of mother figure to him, she must feel his absence deeply. That's why it's even more important to pay attention to Randalls, and she must feel the omission even more. If she were a more prominent person, he probably would have come, and it wouldn't have mattered either way. Do you think your friend is oblivious to these considerations? Don't you think she's aware of all this? No, Emma, your charming young man can only be charming in a superficial way, not in a genuinely considerate way. He may have good manners and be agreeable, but he lacks real sensitivity towards others.

You seem determined to think the worst of him.

Me? Not at all, replied Mr. Knightley, slightly annoyed. I don't want to think badly of him. I'd be just as willing to acknowledge his good qualities as anyone else, but I haven't heard anything about him except that he's handsome and well-mannered.

Well, if that's all he has going for him, he'll still be a big deal in Highbury. We don't often meet young men who are charming and well-bred. We shouldn't be too picky and expect him to have all the virtues. Can't you imagine, Mr. Knightley, the impact his arrival will have? It'll be all anyone can talk about in Donwell and Highbury. Everyone will be curious about him, and we'll all be thinking and talking about Mr. Frank Churchill.

You'll have to excuse me if I'm not overwhelmed with excitement. If I find him interesting to talk to, I'll be happy to get to know him. But if he's just a self-absorbed show-off, he won't be taking up much of my time or attention.",2026-06-07T18:20:00Z
groq_llama_3_3_70b_free|run_1|AUSTEN_EMMA_015|modernize|qc_repair_v1|json_canonicalized_no_text_change|attempt_1,groq_llama_3_3_70b_free|run_1|AUSTEN_EMMA_015|modernize,llama,groq_llama_3_3_70b_free,llama-3.3-70b-versatile,AUSTEN_EMMA_015,modernize,json_canonicalized_no_text_change,qc_repair_v1,,warning,json_repaired_loose_rewritten_text,json_repaired_loose_rewritten_text,0.946399,565,262712c5e49207c9e8b392182fce6fde271083459b44eaf2452b5f6c9f6a32f0,"Oh, it's absolutely delightful, I must say. I'm sure Miss Woodhouse and Mr. Frank Churchill are hearing every word that's being said. And I don't see why Miss Fairfax shouldn't be mentioned too. I think Miss Fairfax is a great dancer, and Mrs. Weston is the best country-dance player in England, hands down. Now, if your friends have any gratitude, they'll say something nice about you and me in return, but I won't be staying to hear it.

Oh, Mr. Knightley, just a minute more. Something important has come up, and Jane and I are both really shocked about the apples. What's going on now? To think that you sent us all your apples. You said you had a lot, and now you don't have any left. We're really shocked. Mrs. Hodges may be angry. William Larkins mentioned it here. You shouldn't have done it, really, you shouldn't have. Ah, he's off. He can't bear to be thanked. But I thought he'd stay now, and it would have been a pity not to mention... Well, I've gone back to the room, and I haven't been able to succeed. Mr. Knightley can't stop. He's heading to Kingston. He asked me if he could do anything...

Yes, said Jane, we heard his kind offers, we heard everything. Oh, yes, my dear, I'm sure you might have, because the door was open, and the window was open, and Mr. Knightley spoke loudly. You must have heard everything, for sure. 'Can I do anything for you in Kingston?' he said, so I just mentioned... Oh, Miss Woodhouse, must you be going? You seem to have just arrived, and it's so nice of you to visit.

Emma realized it was really time to head home. The visit had already gone on for a while, and when they checked their watches, they saw that a lot of the morning was gone. So, Mrs. Weston and her companion said their goodbyes, and they could only walk with the two young ladies to the Hartfield gates before they set off for Randalls.

It's possible to get by without dancing entirely. There have been cases of young people going months without attending any kind of ball, and it doesn't seem to cause any harm to their physical or mental health. But once you've started dancing, once you've experienced the joy of moving quickly, it's hard to stop. You'd have to be a really serious person not to want to do it again.

Frank Churchill had danced once at Highbury, and he was eager to dance again. The last half hour of an evening that Mr. Woodhouse spent with his daughter at Randalls was spent by the two young people making plans about dancing. Frank had the idea first, and he was the most enthusiastic about making it happen. The lady was the best judge of the challenges they might face, and she was most concerned about making a good impression. But she still wanted to show people how well she and Mr. Frank Churchill danced, and she wanted to dance with him again, without feeling embarrassed or relying on vanity to enjoy herself. So, she helped him measure the room they were in to see how it could be used for dancing, and then they measured the other parlor, hoping to find a way to make it work, despite all the obstacles that Mr.",597,pass,,json_ok,0.946399,565,262712c5e49207c9e8b392182fce6fde271083459b44eaf2452b5f6c9f6a32f0,"Oh, it's absolutely delightful, I must say. I'm sure Miss Woodhouse and Mr. Frank Churchill are hearing every word that's being said. And I don't see why Miss Fairfax shouldn't be mentioned too. I think Miss Fairfax is a great dancer, and Mrs. Weston is the best country-dance player in England, hands down. Now, if your friends have any gratitude, they'll say something nice about you and me in return, but I won't be staying to hear it.

Oh, Mr. Knightley, just a minute more. Something important has come up, and Jane and I are both really shocked about the apples. What's going on now? To think that you sent us all your apples. You said you had a lot, and now you don't have any left. We're really shocked. Mrs. Hodges may be angry. William Larkins mentioned it here. You shouldn't have done it, really, you shouldn't have. Ah, he's off. He can't bear to be thanked. But I thought he'd stay now, and it would have been a pity not to mention... Well, I've gone back to the room, and I haven't been able to succeed. Mr. Knightley can't stop. He's heading to Kingston. He asked me if he could do anything...

Yes, said Jane, we heard his kind offers, we heard everything. Oh, yes, my dear, I'm sure you might have, because the door was open, and the window was open, and Mr. Knightley spoke loudly. You must have heard everything, for sure. 'Can I do anything for you in Kingston?' he said, so I just mentioned... Oh, Miss Woodhouse, must you be going? You seem to have just arrived, and it's so nice of you to visit.

Emma realized it was really time to head home. The visit had already gone on for a while, and when they checked their watches, they saw that a lot of the morning was gone. So, Mrs. Weston and her companion said their goodbyes, and they could only walk with the two young ladies to the Hartfield gates before they set off for Randalls.

It's possible to get by without dancing entirely. There have been cases of young people going months without attending any kind of ball, and it doesn't seem to cause any harm to their physical or mental health. But once you've started dancing, once you've experienced the joy of moving quickly, it's hard to stop. You'd have to be a really serious person not to want to do it again.

Frank Churchill had danced once at Highbury, and he was eager to dance again. The last half hour of an evening that Mr. Woodhouse spent with his daughter at Randalls was spent by the two young people making plans about dancing. Frank had the idea first, and he was the most enthusiastic about making it happen. The lady was the best judge of the challenges they might face, and she was most concerned about making a good impression. But she still wanted to show people how well she and Mr. Frank Churchill danced, and she wanted to dance with him again, without feeling embarrassed or relying on vanity to enjoy herself. So, she helped him measure the room they were in to see how it could be used for dancing, and then they measured the other parlor, hoping to find a way to make it work, despite all the obstacles that Mr.",2026-06-07T18:20:00Z
groq_llama_3_3_70b_free|run_1|DICKENS_GREAT_EXPECTATIONS_001|modernize|qc_repair_v1|json_canonicalized_no_text_change|attempt_1,groq_llama_3_3_70b_free|run_1|DICKENS_GREAT_EXPECTATIONS_001|modernize,llama,groq_llama_3_3_70b_free,llama-3.3-70b-versatile,DICKENS_GREAT_EXPECTATIONS_001,modernize,json_canonicalized_no_text_change,qc_repair_v1,,warning,json_repaired_loose_rewritten_text,json_repaired_loose_rewritten_text,0.878893,508,783f59bff73f6a3e09ed4b37514fa506213196676a0b8ad786ab8e4537d75b75,"I made my way along the path as quickly as possible. After crossing a ditch that I knew was close to the Battery, I climbed up the mound on the other side and saw a man sitting in front of me. His back was turned to me, and he had his arms folded, nodding forward as he struggled to stay awake.

I thought he would appreciate it if I surprised him with his breakfast, so I approached him quietly and touched his shoulder. He immediately jumped up, but to my surprise, it wasn't the same man - it was someone else.

This new man was also dressed in coarse grey clothing, had a large iron shackle on his leg, and was lame, hoarse, and cold, just like the first man. However, he had a different face and was wearing a flat, broad-brimmed hat. I took all of this in quickly, as I only had a moment to react. He cursed at me, swung at me with a weak, clumsy blow that missed me and almost knocked him off balance, and then he ran into the mist, stumbling twice as he went, and I lost sight of him.

'It's the young man,' I thought, feeling my heart racing as I realized who it was. I probably would have felt a pang of fear if I had known what to expect.

Soon after, I arrived at the Battery, and there was the original man, hugging himself and limping back and forth as if he had been doing it all night, waiting for me. He was extremely cold, and I was worried that he might collapse in front of me at any moment. His eyes looked hungry, and when I handed him the file and he put it down on the grass, I thought he might try to eat it if he hadn't seen the food in my bundle. This time, he didn't turn me upside down to get to my belongings, but instead let me stay upright while I opened the bundle and emptied my pockets.

'What's in the bottle, boy?' he asked.

'Brandy,' I replied.

He was already eating the mincemeat in a frantic, hurried manner, but he stopped to take a swig of the liquor. He was shivering so violently that it was a struggle for him to keep the bottle steady without biting it.

'I think you have a bad case of the flu,' I said.

'I think you're right, boy,' he agreed.

'It's not good around here,' I told him. 'You've been lying out in the marshes, and they're notorious for being unhealthy. You're probably going to get rheumatism too.'

'I'll eat my breakfast before I die from it,' he said. 'I'd do that even if I was going to be hanged from the gallows over there right afterwards. I'll shake off the chills, I'm sure of it.'

He was devouring the mincemeat, meat, bread, cheese, and pork pie all at once, staring suspiciously at the mist surrounding us and frequently stopping to listen, even stopping mid-chew.",578,pass,,json_ok,0.878893,508,783f59bff73f6a3e09ed4b37514fa506213196676a0b8ad786ab8e4537d75b75,"I made my way along the path as quickly as possible. After crossing a ditch that I knew was close to the Battery, I climbed up the mound on the other side and saw a man sitting in front of me. His back was turned to me, and he had his arms folded, nodding forward as he struggled to stay awake.

I thought he would appreciate it if I surprised him with his breakfast, so I approached him quietly and touched his shoulder. He immediately jumped up, but to my surprise, it wasn't the same man - it was someone else.

This new man was also dressed in coarse grey clothing, had a large iron shackle on his leg, and was lame, hoarse, and cold, just like the first man. However, he had a different face and was wearing a flat, broad-brimmed hat. I took all of this in quickly, as I only had a moment to react. He cursed at me, swung at me with a weak, clumsy blow that missed me and almost knocked him off balance, and then he ran into the mist, stumbling twice as he went, and I lost sight of him.

'It's the young man,' I thought, feeling my heart racing as I realized who it was. I probably would have felt a pang of fear if I had known what to expect.

Soon after, I arrived at the Battery, and there was the original man, hugging himself and limping back and forth as if he had been doing it all night, waiting for me. He was extremely cold, and I was worried that he might collapse in front of me at any moment. His eyes looked hungry, and when I handed him the file and he put it down on the grass, I thought he might try to eat it if he hadn't seen the food in my bundle. This time, he didn't turn me upside down to get to my belongings, but instead let me stay upright while I opened the bundle and emptied my pockets.

'What's in the bottle, boy?' he asked.

'Brandy,' I replied.

He was already eating the mincemeat in a frantic, hurried manner, but he stopped to take a swig of the liquor. He was shivering so violently that it was a struggle for him to keep the bottle steady without biting it.

'I think you have a bad case of the flu,' I said.

'I think you're right, boy,' he agreed.

'It's not good around here,' I told him. 'You've been lying out in the marshes, and they're notorious for being unhealthy. You're probably going to get rheumatism too.'

'I'll eat my breakfast before I die from it,' he said. 'I'd do that even if I was going to be hanged from the gallows over there right afterwards. I'll shake off the chills, I'm sure of it.'

He was devouring the mincemeat, meat, bread, cheese, and pork pie all at once, staring suspiciously at the mist surrounding us and frequently stopping to listen, even stopping mid-chew.",2026-06-07T18:20:00Z
groq_llama_3_3_70b_free|run_1|DICKENS_GREAT_EXPECTATIONS_002|modernize|qc_repair_v1|json_canonicalized_no_text_change|attempt_1,groq_llama_3_3_70b_free|run_1|DICKENS_GREAT_EXPECTATIONS_002|modernize,llama,groq_llama_3_3_70b_free,llama-3.3-70b-versatile,DICKENS_GREAT_EXPECTATIONS_002,modernize,json_canonicalized_no_text_change,qc_repair_v1,,warning,json_repaired_loose_rewritten_text,json_repaired_loose_rewritten_text,0.974003,562,35611f8e8f02a1348147eaeb17e05f7697d6079e5f49db4d9aba084bf390cd36,"The sergeant downed his drink again and seemed ready for another. I noticed that Mr. Pumblechook, in his eagerness to play host, appeared to forget that he had given the wine as a gift, but took the bottle from Mrs. Joe and got all the credit for pouring it for everyone in a show of friendliness. Even I got some. He was so generous with the wine that he even called for the other bottle and passed it around with the same liberality when the first one was empty.

As I watched them all gathered around the forge, having a great time, I thought about how my fugitive friend on the marshes had added a lot of excitement to our dinner. They hadn't been having nearly as much fun before he showed up and caused such a commotion. Now, with everyone eagerly waiting for the two escapees to be caught, and the bellows seeming to roar with anticipation, the fire blazing with intensity, the smoke rushing away as if in pursuit, Joe hammering and clinking away, and all the dark shadows on the wall seeming to shake with menace as the flames rose and fell, and the red-hot sparks dropped and died out, the pale afternoon outside seemed to have grown even paler in my young imagination, as if it felt sorry for the poor guys.

Finally, Joe finished his task, and the noise stopped. As Joe put on his coat, he mustered up the courage to suggest that some of us should go with the soldiers and see how the hunt turned out. Mr. Pumblechook and Mr. Hubble declined, saying they'd rather stay behind and enjoy their pipes and the ladies' company. But Mr. Wopsle said he'd go if Joe would. Joe agreed and said he'd take me along if Mrs. Joe gave her okay. I'm sure we wouldn't have been allowed to go if Mrs. Joe hadn't been curious about what would happen and how it would all end. As it was, she just said, 'If you bring the boy back with his head blown off by a gunshot, don't expect me to put it back together again.'

The sergeant politely said goodbye to the ladies and parted ways with Mr. Pumblechook like they were old friends, although I doubt he had as much respect for Mr. Pumblechook when he was sober. His men picked up their rifles and fell in line. Mr. Wopsle, Joe, and I were strictly told to stay in the back and not say a word once we reached the marshes. When we were all outside in the cold air and heading towards our destination, I whispered to Joe, 'I hope we don't find them,' and Joe whispered back, 'I'd pay a shilling if they'd just run away, Pip.'

We didn't meet any stragglers from the village, since the weather was cold and gloomy, the path was dreary, the ground was uneven, and darkness was approaching. The people had warm fires going at home and were staying indoors. A few faces appeared at glowing windows and watched us leave, but no one came out to join us. We passed the signpost and continued straight on to the churchyard. We were stopped for a few minutes by a signal from the sergeant, while a few of his men spread out among the graves and checked the porch.",577,pass,,json_ok,0.974003,562,35611f8e8f02a1348147eaeb17e05f7697d6079e5f49db4d9aba084bf390cd36,"The sergeant downed his drink again and seemed ready for another. I noticed that Mr. Pumblechook, in his eagerness to play host, appeared to forget that he had given the wine as a gift, but took the bottle from Mrs. Joe and got all the credit for pouring it for everyone in a show of friendliness. Even I got some. He was so generous with the wine that he even called for the other bottle and passed it around with the same liberality when the first one was empty.

As I watched them all gathered around the forge, having a great time, I thought about how my fugitive friend on the marshes had added a lot of excitement to our dinner. They hadn't been having nearly as much fun before he showed up and caused such a commotion. Now, with everyone eagerly waiting for the two escapees to be caught, and the bellows seeming to roar with anticipation, the fire blazing with intensity, the smoke rushing away as if in pursuit, Joe hammering and clinking away, and all the dark shadows on the wall seeming to shake with menace as the flames rose and fell, and the red-hot sparks dropped and died out, the pale afternoon outside seemed to have grown even paler in my young imagination, as if it felt sorry for the poor guys.

Finally, Joe finished his task, and the noise stopped. As Joe put on his coat, he mustered up the courage to suggest that some of us should go with the soldiers and see how the hunt turned out. Mr. Pumblechook and Mr. Hubble declined, saying they'd rather stay behind and enjoy their pipes and the ladies' company. But Mr. Wopsle said he'd go if Joe would. Joe agreed and said he'd take me along if Mrs. Joe gave her okay. I'm sure we wouldn't have been allowed to go if Mrs. Joe hadn't been curious about what would happen and how it would all end. As it was, she just said, 'If you bring the boy back with his head blown off by a gunshot, don't expect me to put it back together again.'

The sergeant politely said goodbye to the ladies and parted ways with Mr. Pumblechook like they were old friends, although I doubt he had as much respect for Mr. Pumblechook when he was sober. His men picked up their rifles and fell in line. Mr. Wopsle, Joe, and I were strictly told to stay in the back and not say a word once we reached the marshes. When we were all outside in the cold air and heading towards our destination, I whispered to Joe, 'I hope we don't find them,' and Joe whispered back, 'I'd pay a shilling if they'd just run away, Pip.'

We didn't meet any stragglers from the village, since the weather was cold and gloomy, the path was dreary, the ground was uneven, and darkness was approaching. The people had warm fires going at home and were staying indoors. A few faces appeared at glowing windows and watched us leave, but no one came out to join us. We passed the signpost and continued straight on to the churchyard. We were stopped for a few minutes by a signal from the sergeant, while a few of his men spread out among the graves and checked the porch.",2026-06-07T18:20:00Z
groq_llama_3_3_70b_free|run_1|DICKENS_GREAT_EXPECTATIONS_002|paraphrase|qc_repair_v1|json_canonicalized_no_text_change|attempt_1,groq_llama_3_3_70b_free|run_1|DICKENS_GREAT_EXPECTATIONS_002|paraphrase,llama,groq_llama_3_3_70b_free,llama-3.3-70b-versatile,DICKENS_GREAT_EXPECTATIONS_002,paraphrase,json_canonicalized_no_text_change,qc_repair_v1,,warning,json_repaired_loose_rewritten_text,json_repaired_loose_rewritten_text,0.863085,498,920c00ef1b510327079a2671e82dfcf692404f1d7729b3d30148424d93a39523,"The sergeant quickly finished his drink and seemed eager for another. I observed that Mr. Pumblechook, in his enthusiasm for being a host, appeared to have forgotten that he was the one who had given the wine as a gift, and instead took the bottle from Mrs. Joe, passing it around with great fanfare, as if he were the one providing the hospitality. Even I received some of the wine. He was so generous with the wine that he called for the second bottle and handed it around with the same warmth, once the first was empty.

As I watched the group gathered around the forge, enjoying themselves immensely, I couldn't help but think about the fugitive on the marshes and how he had added such excitement to their evening. Before his presence was known, they hadn't been having nearly as much fun. Now, with everyone eagerly anticipating the capture of 'the two villains,' the atmosphere was electric. The bellows seemed to roar with renewed intensity, the fire flared, the smoke hurried away, and the shadows on the wall appeared to shake with menace as the flames danced and the sparks fell. The pale afternoon outside seemed to grow even paler, as if in sympathy with the fugitives.

Eventually, Joe finished his task, and the noise of the forge ceased. As Joe put on his coat, he suggested that some of us should accompany the soldiers and see the outcome of the hunt. Mr. Pumblechook and Mr. Hubble declined, citing a desire to enjoy their pipes and the company of the ladies, but Mr. Wopsle agreed to go, provided Joe would join him. Joe agreed and offered to take me along, pending Mrs. Joe's approval. I'm certain we wouldn't have been allowed to go if Mrs. Joe hadn't been curious about the outcome. As it was, she only stipulated that if I were to return with my head injured, she wouldn't be responsible for putting it back together.

The sergeant bid the ladies farewell and parted from Mr. Pumblechook as if they were old comrades, although I suspect he wasn't as aware of Mr. Pumblechook's qualities when he wasn't being plied with drink. The soldiers shouldered their muskets and fell into line. Mr. Wopsle, Joe, and I were instructed to stay at the rear and remain silent once we reached the marshes. As we walked, I whispered to Joe, 'I hope we don't find them,' and Joe whispered back, 'I'd give a shilling if they'd escaped, Pip.'

We didn't encounter any stragglers from the village, as the weather was cold and threatening, the path was dreary, and the darkness was approaching. A few faces appeared at the windows, watching us as we passed, but no one joined us. We walked past the signpost and continued straight to the churchyard, where we were halted for a few minutes by a signal from the sergeant. During this time, some of his men dispersed among the graves and examined the porch.",577,pass,,json_ok,0.863085,498,920c00ef1b510327079a2671e82dfcf692404f1d7729b3d30148424d93a39523,"The sergeant quickly finished his drink and seemed eager for another. I observed that Mr. Pumblechook, in his enthusiasm for being a host, appeared to have forgotten that he was the one who had given the wine as a gift, and instead took the bottle from Mrs. Joe, passing it around with great fanfare, as if he were the one providing the hospitality. Even I received some of the wine. He was so generous with the wine that he called for the second bottle and handed it around with the same warmth, once the first was empty.

As I watched the group gathered around the forge, enjoying themselves immensely, I couldn't help but think about the fugitive on the marshes and how he had added such excitement to their evening. Before his presence was known, they hadn't been having nearly as much fun. Now, with everyone eagerly anticipating the capture of 'the two villains,' the atmosphere was electric. The bellows seemed to roar with renewed intensity, the fire flared, the smoke hurried away, and the shadows on the wall appeared to shake with menace as the flames danced and the sparks fell. The pale afternoon outside seemed to grow even paler, as if in sympathy with the fugitives.

Eventually, Joe finished his task, and the noise of the forge ceased. As Joe put on his coat, he suggested that some of us should accompany the soldiers and see the outcome of the hunt. Mr. Pumblechook and Mr. Hubble declined, citing a desire to enjoy their pipes and the company of the ladies, but Mr. Wopsle agreed to go, provided Joe would join him. Joe agreed and offered to take me along, pending Mrs. Joe's approval. I'm certain we wouldn't have been allowed to go if Mrs. Joe hadn't been curious about the outcome. As it was, she only stipulated that if I were to return with my head injured, she wouldn't be responsible for putting it back together.

The sergeant bid the ladies farewell and parted from Mr. Pumblechook as if they were old comrades, although I suspect he wasn't as aware of Mr. Pumblechook's qualities when he wasn't being plied with drink. The soldiers shouldered their muskets and fell into line. Mr. Wopsle, Joe, and I were instructed to stay at the rear and remain silent once we reached the marshes. As we walked, I whispered to Joe, 'I hope we don't find them,' and Joe whispered back, 'I'd give a shilling if they'd escaped, Pip.'

We didn't encounter any stragglers from the village, as the weather was cold and threatening, the path was dreary, and the darkness was approaching. A few faces appeared at the windows, watching us as we passed, but no one joined us. We walked past the signpost and continued straight to the churchyard, where we were halted for a few minutes by a signal from the sergeant. During this time, some of his men dispersed among the graves and examined the porch.",2026-06-07T18:20:00Z
groq_llama_3_3_70b_free|run_1|DICKENS_GREAT_EXPECTATIONS_003|modernize|qc_repair_v1|json_canonicalized_no_text_change|attempt_1,groq_llama_3_3_70b_free|run_1|DICKENS_GREAT_EXPECTATIONS_003|modernize,llama,groq_llama_3_3_70b_free,llama-3.3-70b-versatile,DICKENS_GREAT_EXPECTATIONS_003,modernize,json_canonicalized_no_text_change,qc_repair_v1,,warning,json_repaired_loose_rewritten_text,json_repaired_loose_rewritten_text,0.89913,517,50ba439c1e57e2906e55bbbaba027566127542f088291d1814aac876193f286e,"I leaned over Joe and read him the entire letter with the help of my finger. 'Astonishing!' said Joe when I finished. 'You're really educated.' I asked him, with a bit of a patronizing tone, 'How do you spell Gargery, Joe?' Joe replied, 'I don't spell it at all.' I pressed him, 'But what if you did?' Joe said, 'It's not something I can do. Although I'm very fond of reading.' I asked, 'You are?' Joe said, 'Very. Give me a good book or a good newspaper, and sit me down by a warm fire, and I'm set. When you come across a J and an O, and you say, ""Here, at last, is a J-O, Joe,"" reading is really interesting!' From this, I gathered that Joe's education was still in its early stages. I pursued the topic and asked, 'Didn't you ever go to school when you were as young as me?' Joe said, 'No, Pip.' I asked again, 'Why didn't you go to school when you were as young as me?' Joe took up the poker, settled into his usual thoughtful pose, and began slowly raking the fire between the lower bars. 'My father, Pip, had a drinking problem,' he said. 'When he was drunk, he'd get violent with my mother, and it was almost the only time he was violent, except when he was violent with me. And he was just as violent with me as he was with his anvil.' Joe looked at me and asked, 'You're listening and understanding, Pip?' I said, 'Yes, Joe.' Joe continued, 'As a result, my mother and I would run away from him several times. Then my mother would go out to work, and she'd say, ""Joe, please God, you'll get some education now, child,"" and she'd send me to school. But my father was good at heart, and he couldn't bear to be without us. So, he'd show up with a big crowd and cause a scene at the doors of the houses where we were staying, and the people would get scared and give us up to him. Then he'd take us home and get violent with us again. Which, as you can see, Pip,' Joe said, pausing to look at me, 'was a major obstacle to my learning.' I said, 'Certainly, poor Joe!' Joe added, with a few judicial pokes of the poker, 'But, all things considered, and trying to be fair, my father was good at heart, don't you think?' I didn't see it that way, but I didn't say so. Joe went on, 'Someone has to keep the household running, Pip, or everything falls apart, right?' I agreed with that. Joe said, 'So, my father didn't object to my going to work, and I started working at my current trade, which was also his, if he'd only stuck to it. I worked hard, and eventually, I was able to support him. I took care of him until he died from a severe seizure. And I had planned to put on his tombstone, ""Whatever his flaws, remember that he was good at heart.""'",575,pass,,json_ok,0.89913,517,50ba439c1e57e2906e55bbbaba027566127542f088291d1814aac876193f286e,"I leaned over Joe and read him the entire letter with the help of my finger. 'Astonishing!' said Joe when I finished. 'You're really educated.' I asked him, with a bit of a patronizing tone, 'How do you spell Gargery, Joe?' Joe replied, 'I don't spell it at all.' I pressed him, 'But what if you did?' Joe said, 'It's not something I can do. Although I'm very fond of reading.' I asked, 'You are?' Joe said, 'Very. Give me a good book or a good newspaper, and sit me down by a warm fire, and I'm set. When you come across a J and an O, and you say, ""Here, at last, is a J-O, Joe,"" reading is really interesting!' From this, I gathered that Joe's education was still in its early stages. I pursued the topic and asked, 'Didn't you ever go to school when you were as young as me?' Joe said, 'No, Pip.' I asked again, 'Why didn't you go to school when you were as young as me?' Joe took up the poker, settled into his usual thoughtful pose, and began slowly raking the fire between the lower bars. 'My father, Pip, had a drinking problem,' he said. 'When he was drunk, he'd get violent with my mother, and it was almost the only time he was violent, except when he was violent with me. And he was just as violent with me as he was with his anvil.' Joe looked at me and asked, 'You're listening and understanding, Pip?' I said, 'Yes, Joe.' Joe continued, 'As a result, my mother and I would run away from him several times. Then my mother would go out to work, and she'd say, ""Joe, please God, you'll get some education now, child,"" and she'd send me to school. But my father was good at heart, and he couldn't bear to be without us. So, he'd show up with a big crowd and cause a scene at the doors of the houses where we were staying, and the people would get scared and give us up to him. Then he'd take us home and get violent with us again. Which, as you can see, Pip,' Joe said, pausing to look at me, 'was a major obstacle to my learning.' I said, 'Certainly, poor Joe!' Joe added, with a few judicial pokes of the poker, 'But, all things considered, and trying to be fair, my father was good at heart, don't you think?' I didn't see it that way, but I didn't say so. Joe went on, 'Someone has to keep the household running, Pip, or everything falls apart, right?' I agreed with that. Joe said, 'So, my father didn't object to my going to work, and I started working at my current trade, which was also his, if he'd only stuck to it. I worked hard, and eventually, I was able to support him. I took care of him until he died from a severe seizure. And I had planned to put on his tombstone, ""Whatever his flaws, remember that he was good at heart.""'",2026-06-07T18:20:00Z
groq_llama_3_3_70b_free|run_1|DICKENS_GREAT_EXPECTATIONS_003|paraphrase|qc_repair_v1|json_canonicalized_no_text_change|attempt_1,groq_llama_3_3_70b_free|run_1|DICKENS_GREAT_EXPECTATIONS_003|paraphrase,llama,groq_llama_3_3_70b_free,llama-3.3-70b-versatile,DICKENS_GREAT_EXPECTATIONS_003,paraphrase,json_canonicalized_no_text_change,qc_repair_v1,,warning,json_repaired_loose_rewritten_text,json_repaired_loose_rewritten_text,0.886957,510,389025e16f8127e41cd450451d6a11270d976a3511a10d79e3dcb6b4e5c0cc98,"I leaned over Joe and read him the entire letter with the help of my finger. When I finished, Joe exclaimed, 'Astonishing! You are indeed a scholar.' I asked him, with a hint of modest condescension, 'How do you spell your last name, Joe?' Joe replied, 'I don't spell it at all.' I pressed him, 'But if you had to?' Joe responded, 'It's not something that can be supposed, though I do enjoy reading immensely.' I asked, 'You do?' Joe said, 'Very much. Give me a good book or a good newspaper, and sit me by a warm fire, and I'm content. When you come across a J and an O, and say, ""Here, at last, is a J-O, Joe,"" reading becomes quite fascinating!' From this, I gathered that Joe's education was still in its early stages. I pursued the topic further, asking, 'Joe, didn't you ever attend school when you were as young as I am?' Joe replied, 'No, Pip.' I asked again, 'Why didn't you ever go to school, Joe, when you were as little as me?' Joe took up the poker, settling into his usual thoughtful pose, and began to slowly rake the fire between the lower bars. 'I'll tell you, Pip,' he said. 'My father had a drinking problem, and when he was drunk, he would beat my mother mercilessly. It was almost the only thing he worked hard at, except for beating me. And he beat me with a vigor that was only matched by the lack of vigor he showed in his work.' Joe looked at me to see if I was following. 'You're listening and understanding, Pip?' I nodded, and Joe continued. 'As a result, my mother and I would run away from my father several times. Then, my mother would go out to work, and she'd say, ""Joe, now, please God, you'll get some schooling, child."" But my father was too attached to us, and he'd show up with a large crowd, making a ruckus at the doors of the houses where we were staying. The people would get tired of the trouble, and they'd give us up to him. Then, he'd take us home and beat us again. That, Pip, was a significant obstacle to my education.' I sympathized with Joe, saying, 'Certainly, poor Joe!' Joe paused, looking at me, and said, 'However, Pip, my father was a good man at heart, don't you see?' I didn't see, but I didn't say anything. Joe continued, 'Someone has to keep the household running, Pip, or everything will fall apart.' I agreed, and Joe went on. 'So, my father didn't object to my going to work. I started working at my current trade, which was also his, if he had chosen to pursue it. I worked hard, Pip, and eventually, I was able to support him. I took care of him until he passed away from a severe illness. I had intended to have an inscription on his tombstone that would have said, despite his flaws, he was a good man at heart.'",575,pass,,json_ok,0.886957,510,389025e16f8127e41cd450451d6a11270d976a3511a10d79e3dcb6b4e5c0cc98,"I leaned over Joe and read him the entire letter with the help of my finger. When I finished, Joe exclaimed, 'Astonishing! You are indeed a scholar.' I asked him, with a hint of modest condescension, 'How do you spell your last name, Joe?' Joe replied, 'I don't spell it at all.' I pressed him, 'But if you had to?' Joe responded, 'It's not something that can be supposed, though I do enjoy reading immensely.' I asked, 'You do?' Joe said, 'Very much. Give me a good book or a good newspaper, and sit me by a warm fire, and I'm content. When you come across a J and an O, and say, ""Here, at last, is a J-O, Joe,"" reading becomes quite fascinating!' From this, I gathered that Joe's education was still in its early stages. I pursued the topic further, asking, 'Joe, didn't you ever attend school when you were as young as I am?' Joe replied, 'No, Pip.' I asked again, 'Why didn't you ever go to school, Joe, when you were as little as me?' Joe took up the poker, settling into his usual thoughtful pose, and began to slowly rake the fire between the lower bars. 'I'll tell you, Pip,' he said. 'My father had a drinking problem, and when he was drunk, he would beat my mother mercilessly. It was almost the only thing he worked hard at, except for beating me. And he beat me with a vigor that was only matched by the lack of vigor he showed in his work.' Joe looked at me to see if I was following. 'You're listening and understanding, Pip?' I nodded, and Joe continued. 'As a result, my mother and I would run away from my father several times. Then, my mother would go out to work, and she'd say, ""Joe, now, please God, you'll get some schooling, child."" But my father was too attached to us, and he'd show up with a large crowd, making a ruckus at the doors of the houses where we were staying. The people would get tired of the trouble, and they'd give us up to him. Then, he'd take us home and beat us again. That, Pip, was a significant obstacle to my education.' I sympathized with Joe, saying, 'Certainly, poor Joe!' Joe paused, looking at me, and said, 'However, Pip, my father was a good man at heart, don't you see?' I didn't see, but I didn't say anything. Joe continued, 'Someone has to keep the household running, Pip, or everything will fall apart.' I agreed, and Joe went on. 'So, my father didn't object to my going to work. I started working at my current trade, which was also his, if he had chosen to pursue it. I worked hard, Pip, and eventually, I was able to support him. I took care of him until he passed away from a severe illness. I had intended to have an inscription on his tombstone that would have said, despite his flaws, he was a good man at heart.'",2026-06-07T18:20:00Z
groq_llama_3_3_70b_free|run_1|DICKENS_GREAT_EXPECTATIONS_005|modernize|qc_repair_v1|json_canonicalized_no_text_change|attempt_1,groq_llama_3_3_70b_free|run_1|DICKENS_GREAT_EXPECTATIONS_005|modernize,llama,groq_llama_3_3_70b_free,llama-3.3-70b-versatile,DICKENS_GREAT_EXPECTATIONS_005,modernize,json_canonicalized_no_text_change,qc_repair_v1,,warning,json_repaired_loose_rewritten_text,json_repaired_loose_rewritten_text,0.909584,503,cd57612caeedede9bfac2886b1e2e080db77a6bb1509bc0dbbd90c68699f33a5,"Well, miss?"" I replied, almost tripping over her and catching myself. She stood there, staring at me, and I stared right back at her. ""Am I pretty?"" she asked. ""Yes, I think you're very pretty,"" I said. ""Am I insulting?"" ""Not as much as you were last time,"" I replied. ""Not as much?"" she pressed. ""No,"" I said. She flared up when she asked the last question and slapped my face with all the force she could muster when I answered. ""Now?"" she said. ""You little monster, what do you think of me now?"" ""I'm not going to tell you,"" I said. ""Because you're going to tell someone upstairs, is that it?"" ""No,"" I said, ""that's not it."" ""Why don't you cry again, you little wretch?"" ""Because I'll never cry for you again,"" I said, which was probably the most dishonest thing I'd ever said, since I was secretly crying for her right then, and I knew the pain she would cause me later. After this exchange, we continued upstairs, and as we were going up, we met a man feeling his way down. ""Who's this?"" he asked, stopping and looking at me. ""A boy,"" Estella said. He was a large, dark-complexioned man with a huge head and an enormous hand. He took my chin in his massive hand and turned my face up to examine me in the candlelight. He was going bald on top, with thick, unruly black eyebrows that stood on end. His eyes were deep-set and unpleasantly sharp and suspicious. He had a large watch chain and dark spots where his beard and whiskers would have been if he'd let them grow. At the time, he meant nothing to me, and I had no idea he'd ever become important to me, but I had the chance to observe him closely. ""Local boy, huh?"" he said. ""Yes, sir,"" I replied. ""How did you end up here?"" ""Miss Havisham sent for me, sir,"" I explained. ""Well, behave yourself,"" he said. ""I've dealt with a lot of boys, and you're a tough crowd. So, mind your manners!"" As he spoke, he bit the side of his large index finger, frowning at me. With that, he let me go, which I was relieved about, since his hand smelled of scented soap. He headed downstairs, and I wondered if he might be a doctor, but I decided he probably wasn't, since doctors usually have a calmer, more persuasive demeanor. I didn't have much time to think about it, though, since we soon arrived at Miss Havisham's room, where everything was just as I'd left it. Estella left me standing near the door, and I stayed there until Miss Havisham noticed me from the dressing table. ""So,"" she said, without seeming surprised or startled, ""the days have passed, have they?"" ""Yes, ma'am. Today is—"" ""Enough, enough, enough!"" she said, waving her fingers impatiently. ""I don't want to know. Are you ready to play?"" I had to answer, somewhat flustered, ""I don't think I am, ma'am.""",553,pass,,json_ok,0.909584,503,cd57612caeedede9bfac2886b1e2e080db77a6bb1509bc0dbbd90c68699f33a5,"Well, miss?"" I replied, almost tripping over her and catching myself. She stood there, staring at me, and I stared right back at her. ""Am I pretty?"" she asked. ""Yes, I think you're very pretty,"" I said. ""Am I insulting?"" ""Not as much as you were last time,"" I replied. ""Not as much?"" she pressed. ""No,"" I said. She flared up when she asked the last question and slapped my face with all the force she could muster when I answered. ""Now?"" she said. ""You little monster, what do you think of me now?"" ""I'm not going to tell you,"" I said. ""Because you're going to tell someone upstairs, is that it?"" ""No,"" I said, ""that's not it."" ""Why don't you cry again, you little wretch?"" ""Because I'll never cry for you again,"" I said, which was probably the most dishonest thing I'd ever said, since I was secretly crying for her right then, and I knew the pain she would cause me later. After this exchange, we continued upstairs, and as we were going up, we met a man feeling his way down. ""Who's this?"" he asked, stopping and looking at me. ""A boy,"" Estella said. He was a large, dark-complexioned man with a huge head and an enormous hand. He took my chin in his massive hand and turned my face up to examine me in the candlelight. He was going bald on top, with thick, unruly black eyebrows that stood on end. His eyes were deep-set and unpleasantly sharp and suspicious. He had a large watch chain and dark spots where his beard and whiskers would have been if he'd let them grow. At the time, he meant nothing to me, and I had no idea he'd ever become important to me, but I had the chance to observe him closely. ""Local boy, huh?"" he said. ""Yes, sir,"" I replied. ""How did you end up here?"" ""Miss Havisham sent for me, sir,"" I explained. ""Well, behave yourself,"" he said. ""I've dealt with a lot of boys, and you're a tough crowd. So, mind your manners!"" As he spoke, he bit the side of his large index finger, frowning at me. With that, he let me go, which I was relieved about, since his hand smelled of scented soap. He headed downstairs, and I wondered if he might be a doctor, but I decided he probably wasn't, since doctors usually have a calmer, more persuasive demeanor. I didn't have much time to think about it, though, since we soon arrived at Miss Havisham's room, where everything was just as I'd left it. Estella left me standing near the door, and I stayed there until Miss Havisham noticed me from the dressing table. ""So,"" she said, without seeming surprised or startled, ""the days have passed, have they?"" ""Yes, ma'am. Today is—"" ""Enough, enough, enough!"" she said, waving her fingers impatiently. ""I don't want to know. Are you ready to play?"" I had to answer, somewhat flustered, ""I don't think I am, ma'am.""",2026-06-07T18:20:00Z
groq_llama_3_3_70b_free|run_1|DICKENS_GREAT_EXPECTATIONS_006|modernize|qc_repair_v1|json_canonicalized_no_text_change|attempt_1,groq_llama_3_3_70b_free|run_1|DICKENS_GREAT_EXPECTATIONS_006|modernize,llama,groq_llama_3_3_70b_free,llama-3.3-70b-versatile,DICKENS_GREAT_EXPECTATIONS_006,modernize,json_canonicalized_no_text_change,qc_repair_v1,,warning,json_repaired_loose_rewritten_text,json_repaired_loose_rewritten_text,0.86631,486,55fa5712349ce23c82c6a1eb13e7210f80ac8ef48f20b6db37999d9a50bec701,"Then, he and my sister would get caught up in these absurd conversations about Miss Havisham, and what she would do with me and for me, that I used to feel an overwhelming urge - quite painfully - to burst into tears, lash out at Pumblechook, and confront him. In these discussions, my sister spoke to me as if she were forcing me to confront some harsh reality at every turn, while Pumblechook, who had taken it upon himself to be my patron, would sit watching me with a disapproving eye, like someone who thought they were wasting their time on me.

In these conversations, Joe didn't say much. But he was often targeted by my sister while they were talking, because she knew he wasn't in favor of me leaving the forge. I was old enough now to start my apprenticeship with Joe, and when Joe sat with the poker on his knees, thoughtfully stirring the ashes, my sister would interpret that innocent action as him opposing her plans, and she would jump on him, take the poker away, and scold him. These debates always ended in the same frustrating way. Suddenly, without warning, my sister would stop talking, yawn, and then turn on me, saying, 'That's enough of you! Go to bed, you've caused enough trouble for one night!' As if I had been begging them to make my life miserable.

We went on like this for a long time, and it seemed like we would keep going on like this forever, when one day Miss Havisham stopped walking, leaned on my shoulder, and said with some annoyance, 'You're getting tall, Pip!' I thought it was best to hint, with a thoughtful look, that this might be due to circumstances beyond my control.

She didn't say anything else at the time, but she kept looking at me, and soon she looked upset and moody. The next day, when our usual walk was over and I had helped her to her dressing table, she stopped me with a gesture of her impatient hand, saying, 'Tell me again the name of that blacksmith of yours.' 'Joe Gargery, ma'am,' I replied. 'You mean the one you're supposed to be apprenticed to?' 'Yes, Miss Havisham.' 'You should start your apprenticeship right away. Do you think Joe would come here with you and bring the contract?' I said I was sure he would be honored to be asked. 'Then let him come,' she said. 'Is there a specific time I should bring him?' I asked. 'Just bring him soon,' she said.

When I got home that night and told Joe about Miss Havisham's message, my sister became furious, more than she had ever been before. She asked me and Joe if we thought she was someone to be walked all over, and how we dared to treat her like that, and what kind of company we thought she was fit for.",561,pass,,json_ok,0.86631,486,55fa5712349ce23c82c6a1eb13e7210f80ac8ef48f20b6db37999d9a50bec701,"Then, he and my sister would get caught up in these absurd conversations about Miss Havisham, and what she would do with me and for me, that I used to feel an overwhelming urge - quite painfully - to burst into tears, lash out at Pumblechook, and confront him. In these discussions, my sister spoke to me as if she were forcing me to confront some harsh reality at every turn, while Pumblechook, who had taken it upon himself to be my patron, would sit watching me with a disapproving eye, like someone who thought they were wasting their time on me.

In these conversations, Joe didn't say much. But he was often targeted by my sister while they were talking, because she knew he wasn't in favor of me leaving the forge. I was old enough now to start my apprenticeship with Joe, and when Joe sat with the poker on his knees, thoughtfully stirring the ashes, my sister would interpret that innocent action as him opposing her plans, and she would jump on him, take the poker away, and scold him. These debates always ended in the same frustrating way. Suddenly, without warning, my sister would stop talking, yawn, and then turn on me, saying, 'That's enough of you! Go to bed, you've caused enough trouble for one night!' As if I had been begging them to make my life miserable.

We went on like this for a long time, and it seemed like we would keep going on like this forever, when one day Miss Havisham stopped walking, leaned on my shoulder, and said with some annoyance, 'You're getting tall, Pip!' I thought it was best to hint, with a thoughtful look, that this might be due to circumstances beyond my control.

She didn't say anything else at the time, but she kept looking at me, and soon she looked upset and moody. The next day, when our usual walk was over and I had helped her to her dressing table, she stopped me with a gesture of her impatient hand, saying, 'Tell me again the name of that blacksmith of yours.' 'Joe Gargery, ma'am,' I replied. 'You mean the one you're supposed to be apprenticed to?' 'Yes, Miss Havisham.' 'You should start your apprenticeship right away. Do you think Joe would come here with you and bring the contract?' I said I was sure he would be honored to be asked. 'Then let him come,' she said. 'Is there a specific time I should bring him?' I asked. 'Just bring him soon,' she said.

When I got home that night and told Joe about Miss Havisham's message, my sister became furious, more than she had ever been before. She asked me and Joe if we thought she was someone to be walked all over, and how we dared to treat her like that, and what kind of company we thought she was fit for.",2026-06-07T18:20:00Z
groq_llama_3_3_70b_free|run_1|DICKENS_GREAT_EXPECTATIONS_009|modernize|qc_repair_v1|json_canonicalized_no_text_change|attempt_1,groq_llama_3_3_70b_free|run_1|DICKENS_GREAT_EXPECTATIONS_009|modernize,llama,groq_llama_3_3_70b_free,llama-3.3-70b-versatile,DICKENS_GREAT_EXPECTATIONS_009,modernize,json_canonicalized_no_text_change,qc_repair_v1,,warning,json_repaired_loose_rewritten_text,json_repaired_loose_rewritten_text,0.94964,528,dd03eb2a9bcaecc44f8f41a2eaa93180db131db33034468e5810fcc4c85b530c,"“Good. You should try to meet him at his own home. The way will be cleared for you, and you can see his son first, who is in London. When will you come to London?”

I said (glancing at Joe, who stood looking on, motionless), that I supposed I could come right away.

“First,” said Mr. Jaggers, “you should get some new clothes to wear, and they shouldn't be your work clothes. How about this day next week? You'll need some money. Shall I leave you twenty guineas?”

He pulled out a long wallet with complete calmness, counted out the money on the table, and pushed it over to me. This was the first time he had moved his leg from the chair. He sat astride the chair after pushing the money over, swinging his wallet and eyeing Joe.

“Well, Joseph Gargery? You look stunned,” Mr. Jaggers said.

“I am,” said Joe, in a very decisive manner.

“It was understood that you didn't want anything for yourself, remember?” Mr. Jaggers asked.

“It was understood,” said Joe. “And it still is. And it always will be that way.”

“But what,” said Mr. Jaggers, swinging his wallet, “if my instructions were to give you a gift as compensation?”

“As compensation for what?” Joe demanded.

“For the loss of Pip's services,” Mr. Jaggers replied.

Joe put his hand on my shoulder with a gentle touch, like a woman's. I've often thought of him since as being like a powerful machine that can crush something or handle it with care, combining strength with gentleness. “Pip is welcome to go and make his fortune, with all the best wishes,” said Joe. “But if you think money can make up for the loss of the little boy who came to the forge and was like a friend to me, then you're wrong.”

Oh, dear good Joe, whom I was so ready to leave and so ungrateful to, I see you again with your strong blacksmith's arm and your broad chest heaving, and your voice fading away. Oh, dear good faithful tender Joe, I feel the loving tremble of your hand on my arm, as strongly today as if it were the touch of an angel.

But I encouraged Joe at the time. I was lost in thoughts of my future and couldn't think about the past. I begged Joe to be comforted, because we had always been the best of friends, and we always would be. Joe wiped his eyes with his wrist, as if he were trying to hurt himself, but he didn't say another word.

Mr. Jaggers had watched this, looking at Joe like he thought he was foolish and at me like I was in charge of him. When it was over, he said, weighing his wallet in his hand: “Now, Joseph Gargery, I'm warning you, this is your last chance. No half-measures with me. If you want to accept a gift that I've been told to give you, speak up, and you'll get it. If, on the other hand, you mean to say—” But to his great surprise, Joe suddenly turned on him, looking like he was ready to fight.",556,pass,,json_ok,0.94964,528,dd03eb2a9bcaecc44f8f41a2eaa93180db131db33034468e5810fcc4c85b530c,"“Good. You should try to meet him at his own home. The way will be cleared for you, and you can see his son first, who is in London. When will you come to London?”

I said (glancing at Joe, who stood looking on, motionless), that I supposed I could come right away.

“First,” said Mr. Jaggers, “you should get some new clothes to wear, and they shouldn't be your work clothes. How about this day next week? You'll need some money. Shall I leave you twenty guineas?”

He pulled out a long wallet with complete calmness, counted out the money on the table, and pushed it over to me. This was the first time he had moved his leg from the chair. He sat astride the chair after pushing the money over, swinging his wallet and eyeing Joe.

“Well, Joseph Gargery? You look stunned,” Mr. Jaggers said.

“I am,” said Joe, in a very decisive manner.

“It was understood that you didn't want anything for yourself, remember?” Mr. Jaggers asked.

“It was understood,” said Joe. “And it still is. And it always will be that way.”

“But what,” said Mr. Jaggers, swinging his wallet, “if my instructions were to give you a gift as compensation?”

“As compensation for what?” Joe demanded.

“For the loss of Pip's services,” Mr. Jaggers replied.

Joe put his hand on my shoulder with a gentle touch, like a woman's. I've often thought of him since as being like a powerful machine that can crush something or handle it with care, combining strength with gentleness. “Pip is welcome to go and make his fortune, with all the best wishes,” said Joe. “But if you think money can make up for the loss of the little boy who came to the forge and was like a friend to me, then you're wrong.”

Oh, dear good Joe, whom I was so ready to leave and so ungrateful to, I see you again with your strong blacksmith's arm and your broad chest heaving, and your voice fading away. Oh, dear good faithful tender Joe, I feel the loving tremble of your hand on my arm, as strongly today as if it were the touch of an angel.

But I encouraged Joe at the time. I was lost in thoughts of my future and couldn't think about the past. I begged Joe to be comforted, because we had always been the best of friends, and we always would be. Joe wiped his eyes with his wrist, as if he were trying to hurt himself, but he didn't say another word.

Mr. Jaggers had watched this, looking at Joe like he thought he was foolish and at me like I was in charge of him. When it was over, he said, weighing his wallet in his hand: “Now, Joseph Gargery, I'm warning you, this is your last chance. No half-measures with me. If you want to accept a gift that I've been told to give you, speak up, and you'll get it. If, on the other hand, you mean to say—” But to his great surprise, Joe suddenly turned on him, looking like he was ready to fight.",2026-06-07T18:20:00Z
groq_llama_3_3_70b_free|run_1|DICKENS_GREAT_EXPECTATIONS_011|paraphrase|qc_repair_v1|json_canonicalized_no_text_change|attempt_1,groq_llama_3_3_70b_free|run_1|DICKENS_GREAT_EXPECTATIONS_011|paraphrase,llama,groq_llama_3_3_70b_free,llama-3.3-70b-versatile,DICKENS_GREAT_EXPECTATIONS_011,paraphrase,json_canonicalized_no_text_change,qc_repair_v1,,warning,json_repaired_loose_rewritten_text,json_repaired_loose_rewritten_text,0.985455,542,44f45c130bc5282050349a3fbd37c8cdef066107782080f99330a90708929a61,"I discovered that Wemmick was the clerk in the adjacent room. As he stepped out, another clerk was summoned from upstairs to take his place, and I accompanied him into the street after bidding farewell to my guardian. We encountered a new group of people lingering outside, but Wemmick effortlessly navigated through them by stating calmly yet firmly, 'I assure you, it's pointless; he won't engage with any of you,' and we soon cleared a path and continued on our way side by side.

As we walked, I took the opportunity to observe Mr. Wemmick in the daylight. I found him to be a somewhat austere man, slightly below average height, with a wooden face whose features seemed to have been roughly hewn with a blunt instrument. There were a few marks on his face that could have been dimples if the material had been more pliable and the tool more refined, but instead, they appeared as mere indentations. The instrument had attempted to create a few of these decorative touches above his nose but had abandoned the effort without smoothing them out. I surmised that he was a bachelor, given the worn state of his linen, and he seemed to have experienced numerous losses, as evidenced by the multiple mourning rings he wore, in addition to a brooch depicting a lady and a weeping willow beside a tomb with an urn. I also noticed that several rings and seals hung from his watch-chain, as if he were heavily burdened with memories of departed friends. His eyes sparkled - small, sharp, and black - and his lips were thin, wide, and mottled. To the best of my knowledge, he had possessed these features for forty to fifty years.

'Had you never been to London before?' Mr. Wemmick inquired of me.

'No,' I replied.

'I, too, was once new to this city,' said Mr. Wemmick. 'It's strange to think about now.'

'Are you well acquainted with London now?' I asked.

'Oh, yes,' said Mr. Wemmick. 'I'm familiar with its ways.'

'Is it a particularly wicked place?' I asked, more out of a desire to make conversation than to gain insight.

'You can be deceived, robbed, or murdered in London,' he said. 'However, there are plenty of people elsewhere who would do the same to you.'

'If there's ill will between you and them,' I added, attempting to soften the statement.

'Oh, I don't know about ill will,' Mr. Wemmick responded. 'There isn't much of that about. They'll do it if there's something to be gained.'

'That makes it worse,' I said.

'Do you think so?' Mr. Wemmick replied. 'I'd say it's much the same.'

He wore his hat at the back of his head and gazed straight ahead, walking with a self-assured air as if nothing in the streets warranted his attention. His mouth seemed to be perpetually frozen in a mechanical smile, giving him a somewhat artificial appearance. We had reached the top of Holborn Hill before I realized that this was merely a facade, and he wasn't actually smiling at all.

'Do you know where Mr. Matthew Pocket resides?' I asked Mr. Wemmick.

'Yes,' he replied, nodding in a particular direction. 'He lives in Hammersmith, to the west of London.'

'Is that far?'",550,pass,,json_ok,0.985455,542,44f45c130bc5282050349a3fbd37c8cdef066107782080f99330a90708929a61,"I discovered that Wemmick was the clerk in the adjacent room. As he stepped out, another clerk was summoned from upstairs to take his place, and I accompanied him into the street after bidding farewell to my guardian. We encountered a new group of people lingering outside, but Wemmick effortlessly navigated through them by stating calmly yet firmly, 'I assure you, it's pointless; he won't engage with any of you,' and we soon cleared a path and continued on our way side by side.

As we walked, I took the opportunity to observe Mr. Wemmick in the daylight. I found him to be a somewhat austere man, slightly below average height, with a wooden face whose features seemed to have been roughly hewn with a blunt instrument. There were a few marks on his face that could have been dimples if the material had been more pliable and the tool more refined, but instead, they appeared as mere indentations. The instrument had attempted to create a few of these decorative touches above his nose but had abandoned the effort without smoothing them out. I surmised that he was a bachelor, given the worn state of his linen, and he seemed to have experienced numerous losses, as evidenced by the multiple mourning rings he wore, in addition to a brooch depicting a lady and a weeping willow beside a tomb with an urn. I also noticed that several rings and seals hung from his watch-chain, as if he were heavily burdened with memories of departed friends. His eyes sparkled - small, sharp, and black - and his lips were thin, wide, and mottled. To the best of my knowledge, he had possessed these features for forty to fifty years.

'Had you never been to London before?' Mr. Wemmick inquired of me.

'No,' I replied.

'I, too, was once new to this city,' said Mr. Wemmick. 'It's strange to think about now.'

'Are you well acquainted with London now?' I asked.

'Oh, yes,' said Mr. Wemmick. 'I'm familiar with its ways.'

'Is it a particularly wicked place?' I asked, more out of a desire to make conversation than to gain insight.

'You can be deceived, robbed, or murdered in London,' he said. 'However, there are plenty of people elsewhere who would do the same to you.'

'If there's ill will between you and them,' I added, attempting to soften the statement.

'Oh, I don't know about ill will,' Mr. Wemmick responded. 'There isn't much of that about. They'll do it if there's something to be gained.'

'That makes it worse,' I said.

'Do you think so?' Mr. Wemmick replied. 'I'd say it's much the same.'

He wore his hat at the back of his head and gazed straight ahead, walking with a self-assured air as if nothing in the streets warranted his attention. His mouth seemed to be perpetually frozen in a mechanical smile, giving him a somewhat artificial appearance. We had reached the top of Holborn Hill before I realized that this was merely a facade, and he wasn't actually smiling at all.

'Do you know where Mr. Matthew Pocket resides?' I asked Mr. Wemmick.

'Yes,' he replied, nodding in a particular direction. 'He lives in Hammersmith, to the west of London.'

'Is that far?'",2026-06-07T18:20:00Z
groq_llama_3_3_70b_free|run_1|DICKENS_GREAT_EXPECTATIONS_014|modernize|qc_repair_v1|json_canonicalized_no_text_change|attempt_1,groq_llama_3_3_70b_free|run_1|DICKENS_GREAT_EXPECTATIONS_014|modernize,llama,groq_llama_3_3_70b_free,llama-3.3-70b-versatile,DICKENS_GREAT_EXPECTATIONS_014,modernize,json_canonicalized_no_text_change,qc_repair_v1,,warning,json_repaired_loose_rewritten_text,json_repaired_loose_rewritten_text,0.99278,550,11851aa10b6f605c911b14efe7ca4725ce09db8e44df12327c17f76a066962e5,"Who's the Spider?” I was asked.

“The spider?” I replied.

“The guy with the messy, sulky demeanor,” the person clarified.

“That's Bentley Drummle,” I said; “the one with the delicate face is Startop.”

My companion didn't seem to care about Startop and instead focused on Drummle, saying, “Bentley Drummle, that's his name? I like the look of that guy.”

He immediately started talking to Drummle, undeterred by Drummle's brief and reserved responses. In fact, Drummle's reserved nature seemed to encourage my companion to try to get more out of him. As I watched the two of them, the housekeeper appeared with the first course for dinner.

She was a woman who appeared to be around forty, although I might have underestimated her age. She was tall and slender, extremely pale, with large, faded eyes and a lot of long, flowing hair. I couldn't help but notice that her lips were parted, as if she were out of breath, and her face had a strange, fluttery expression. It reminded me of the faces I had seen in a production of Macbeth at the theater a night or two before, which seemed to be disturbed by some kind of intense, fiery energy.

The housekeeper set the dish down, discreetly touched my guardian's arm to let him know that dinner was ready, and then disappeared. We took our seats at the round table, with my guardian sitting between Drummle and Startop. The housekeeper had prepared an excellent dish of fish, which was followed by a delicious joint of mutton and then a superb bird. Our host provided us with a wide range of sauces, wines, and other accompaniments, all of which were of the highest quality. He used a dumbwaiter to serve us, and when each dish had made its way around the table, he would put it back and bring out the next one. He also made sure we had clean plates, knives, and forks for each course, and he would drop the used ones into baskets on the floor beside his chair. The housekeeper was the only other person who attended to us, and she was the one who brought out each dish. Every time I saw her, I was struck by her resemblance to the faces I had seen in the theater production.

Because the housekeeper's appearance was so striking, and because Wemmick had prepared me for her, I found myself paying close attention to her. I noticed that whenever she was in the room, she kept a close eye on my guardian, and when she was serving him, she would hesitate before removing her hands from the dish, as if she were afraid he would call her back. It seemed to me that she wanted him to speak to her when she was near, if he had anything to say. I also thought I detected a sense of awareness in my guardian's manner, as if he knew she was watching him and was intentionally keeping her in a state of suspense.

Dinner was a lively and enjoyable affair, and although my guardian didn't seem to be driving the conversation, I knew that he had a way of drawing out our weaker qualities. He had a knack for getting us to reveal more about ourselves than we might have intended.",554,pass,,json_ok,0.99278,550,11851aa10b6f605c911b14efe7ca4725ce09db8e44df12327c17f76a066962e5,"Who's the Spider?” I was asked.

“The spider?” I replied.

“The guy with the messy, sulky demeanor,” the person clarified.

“That's Bentley Drummle,” I said; “the one with the delicate face is Startop.”

My companion didn't seem to care about Startop and instead focused on Drummle, saying, “Bentley Drummle, that's his name? I like the look of that guy.”

He immediately started talking to Drummle, undeterred by Drummle's brief and reserved responses. In fact, Drummle's reserved nature seemed to encourage my companion to try to get more out of him. As I watched the two of them, the housekeeper appeared with the first course for dinner.

She was a woman who appeared to be around forty, although I might have underestimated her age. She was tall and slender, extremely pale, with large, faded eyes and a lot of long, flowing hair. I couldn't help but notice that her lips were parted, as if she were out of breath, and her face had a strange, fluttery expression. It reminded me of the faces I had seen in a production of Macbeth at the theater a night or two before, which seemed to be disturbed by some kind of intense, fiery energy.

The housekeeper set the dish down, discreetly touched my guardian's arm to let him know that dinner was ready, and then disappeared. We took our seats at the round table, with my guardian sitting between Drummle and Startop. The housekeeper had prepared an excellent dish of fish, which was followed by a delicious joint of mutton and then a superb bird. Our host provided us with a wide range of sauces, wines, and other accompaniments, all of which were of the highest quality. He used a dumbwaiter to serve us, and when each dish had made its way around the table, he would put it back and bring out the next one. He also made sure we had clean plates, knives, and forks for each course, and he would drop the used ones into baskets on the floor beside his chair. The housekeeper was the only other person who attended to us, and she was the one who brought out each dish. Every time I saw her, I was struck by her resemblance to the faces I had seen in the theater production.

Because the housekeeper's appearance was so striking, and because Wemmick had prepared me for her, I found myself paying close attention to her. I noticed that whenever she was in the room, she kept a close eye on my guardian, and when she was serving him, she would hesitate before removing her hands from the dish, as if she were afraid he would call her back. It seemed to me that she wanted him to speak to her when she was near, if he had anything to say. I also thought I detected a sense of awareness in my guardian's manner, as if he knew she was watching him and was intentionally keeping her in a state of suspense.

Dinner was a lively and enjoyable affair, and although my guardian didn't seem to be driving the conversation, I knew that he had a way of drawing out our weaker qualities. He had a knack for getting us to reveal more about ourselves than we might have intended.",2026-06-07T18:20:00Z
groq_llama_3_3_70b_free|run_1|DICKENS_GREAT_EXPECTATIONS_020|modernize|qc_repair_v1|json_canonicalized_no_text_change|attempt_1,groq_llama_3_3_70b_free|run_1|DICKENS_GREAT_EXPECTATIONS_020|modernize,llama,groq_llama_3_3_70b_free,llama-3.3-70b-versatile,DICKENS_GREAT_EXPECTATIONS_020,modernize,json_canonicalized_no_text_change,qc_repair_v1,,warning,json_repaired_loose_rewritten_text,json_repaired_loose_rewritten_text,1.007233,557,326840c51e2a927e9c80ef5d6a0a6219d5a9ca2534713d58fef5ca26ac2f742f,"The gusts had been so intense that they had ripped the lead off the roofs of tall buildings in town, and in the countryside, trees had been uprooted and windmill sails had been torn away. There were also grim reports of shipwrecks and fatalities coming in from the coast. The violent wind had been accompanied by heavy rain, and the day that had just ended as I sat down to read had been the worst of all. 

Since then, changes have been made to that part of the Temple, and it no longer has the same isolated feel it had back then, nor is it as exposed to the river. We lived in the top apartment, and the wind rushing up the river shook the building that night, sounding like cannon fire or waves crashing against the shore. When the rain hit the windows, I thought, looking up at them as they swayed, that I could have imagined myself in a lighthouse battered by a storm. Occasionally, the smoke would pour down the chimney as if it couldn't stand to go out into such a night, and when I opened the doors and looked down the stairs, the staircase lights had been extinguished. When I covered my face with my hands and peeked through the dark windows - it was impossible to open them even a little in the face of such strong wind and rain - I saw that the lamps in the courtyard had also been blown out, and the lamps on the bridges and the shore were swaying, and the coal fires in the barges on the river were being swept away by the wind like red-hot sparks in the rain.

I read with my watch on the table, planning to finish my book at 11 PM. As I closed it, the sound of Saint Paul's and all the many church clocks in the city - some leading, some accompanying, some following - struck the hour. The sound was strangely distorted by the wind, and I was listening, thinking about how the wind was attacking and tearing it apart, when I heard footsteps on the stairs. 

What nervous foolishness made me jump and horribly connect it with the footsteps of my deceased sister, I don't know. It was over in a moment, and I listened again and heard the footsteps stumble as they continued up. Remembering that the staircase lights were out, I picked up my reading lamp and went out to the top of the stairs. Whoever was below had stopped when they saw my lamp, and everything was quiet.

'Is there someone down there?' I called out, looking down.

'Yes,' a voice replied from the darkness below.

'What floor are you looking for?'

'The top. Mr. Pip.'

'That's my name. Is everything okay?'

'Everything's fine,' the voice replied, and the man started coming up.

I stood with my lamp held out over the stair rail, and he slowly came into its light. It was a shaded lamp, meant to shine on a book, and its circle of light was very small, so he was only in it for a brief moment before he was out of it again. In that moment, I saw a face that was unfamiliar to me, looking up with an inexplicable air of being touched and pleased by the sight of me.",553,pass,,json_ok,1.007233,557,326840c51e2a927e9c80ef5d6a0a6219d5a9ca2534713d58fef5ca26ac2f742f,"The gusts had been so intense that they had ripped the lead off the roofs of tall buildings in town, and in the countryside, trees had been uprooted and windmill sails had been torn away. There were also grim reports of shipwrecks and fatalities coming in from the coast. The violent wind had been accompanied by heavy rain, and the day that had just ended as I sat down to read had been the worst of all. 

Since then, changes have been made to that part of the Temple, and it no longer has the same isolated feel it had back then, nor is it as exposed to the river. We lived in the top apartment, and the wind rushing up the river shook the building that night, sounding like cannon fire or waves crashing against the shore. When the rain hit the windows, I thought, looking up at them as they swayed, that I could have imagined myself in a lighthouse battered by a storm. Occasionally, the smoke would pour down the chimney as if it couldn't stand to go out into such a night, and when I opened the doors and looked down the stairs, the staircase lights had been extinguished. When I covered my face with my hands and peeked through the dark windows - it was impossible to open them even a little in the face of such strong wind and rain - I saw that the lamps in the courtyard had also been blown out, and the lamps on the bridges and the shore were swaying, and the coal fires in the barges on the river were being swept away by the wind like red-hot sparks in the rain.

I read with my watch on the table, planning to finish my book at 11 PM. As I closed it, the sound of Saint Paul's and all the many church clocks in the city - some leading, some accompanying, some following - struck the hour. The sound was strangely distorted by the wind, and I was listening, thinking about how the wind was attacking and tearing it apart, when I heard footsteps on the stairs. 

What nervous foolishness made me jump and horribly connect it with the footsteps of my deceased sister, I don't know. It was over in a moment, and I listened again and heard the footsteps stumble as they continued up. Remembering that the staircase lights were out, I picked up my reading lamp and went out to the top of the stairs. Whoever was below had stopped when they saw my lamp, and everything was quiet.

'Is there someone down there?' I called out, looking down.

'Yes,' a voice replied from the darkness below.

'What floor are you looking for?'

'The top. Mr. Pip.'

'That's my name. Is everything okay?'

'Everything's fine,' the voice replied, and the man started coming up.

I stood with my lamp held out over the stair rail, and he slowly came into its light. It was a shaded lamp, meant to shine on a book, and its circle of light was very small, so he was only in it for a brief moment before he was out of it again. In that moment, I saw a face that was unfamiliar to me, looking up with an inexplicable air of being touched and pleased by the sight of me.",2026-06-07T18:20:00Z
groq_llama_3_3_70b_free|run_1|POE_WORKS_VOLUME_1_002|modernize|qc_repair_v1|json_canonicalized_no_text_change|attempt_1,groq_llama_3_3_70b_free|run_1|POE_WORKS_VOLUME_1_002|modernize,llama,groq_llama_3_3_70b_free,llama-3.3-70b-versatile,POE_WORKS_VOLUME_1_002,modernize,json_canonicalized_no_text_change,qc_repair_v1,,warning,json_repaired_loose_rewritten_text,json_repaired_loose_rewritten_text,0.899281,500,7e4782addff488e695d4562d21f46f8667e81ec9d7b93ad256b1f45858d9b98a,"My main goal is to launch a magazine called 'The Stylus,' but it would be pointless unless I have complete control over it, without any publisher interference. To achieve this, I plan to create a journal that is entirely my own. To make this happen, I need to secure a list of at least 500 subscribers to start with; I already have nearly 200. I intend to travel to the South and West to connect with my personal and literary friends, including old college and West Point acquaintances, to see what I can accomplish. To get the necessary funds to take the first step, I plan to give a lecture at the Society Library on Thursday, February 3rd, and to avoid any controversy, my topic will not be related to literature at all. I've chosen a broad subject: 'The Universe.'

Having shared the facts of the situation with you, I leave the rest to your discretion and generosity. Thank you, very gratefully,

Your friend always,
EDGAR A. POE.

Although these letters are brief and informal, we believe they demonstrate the qualities that people often deny Mr. Poe possesses - humility, perseverance, faith in others' friendship, and the ability to form cordial and grateful relationships. This is the kind of person he was when he was sane, and this is how he has always seemed to us in our personal interactions with him over the past five or six years. It's easier to believe what we've seen and experienced firsthand than what we've only heard, so we remember him with admiration and respect; the descriptions of him when he was struggling with mental health issues seem like portraits of a person we've only known when he was healthy.

There's another, more compelling piece of evidence that shows Edgar A. Poe had a good heart. To share this, we need to lift the veil that respectfully covers the struggles and refinement of those living in poverty, but we think it's worth it if we can honor the poet's memory and provide a necessary service to those closest to him who were affected by his death.

We first found out that Mr. Poe had moved to this city when a woman introduced herself as his wife's mother and reached out to us. She was looking for work for him and explained that he was ill, her daughter was chronically ill, and their financial situation was dire, which is why she was taking it upon herself to find him employment. This woman's face, radiant with a selfless devotion to her family despite their hardships, her gentle and sorrowful voice, her refined manners, and her heartfelt yet appreciative mention of her son's abilities and potential, all revealed a remarkable person - one of those exceptional women who rise above adversity. It was a tough situation she was facing. Mr. Poe wrote with great difficulty and in a style that was too sophisticated for the general public, which made it hard for him to earn a decent income.",556,pass,,json_ok,0.899281,500,7e4782addff488e695d4562d21f46f8667e81ec9d7b93ad256b1f45858d9b98a,"My main goal is to launch a magazine called 'The Stylus,' but it would be pointless unless I have complete control over it, without any publisher interference. To achieve this, I plan to create a journal that is entirely my own. To make this happen, I need to secure a list of at least 500 subscribers to start with; I already have nearly 200. I intend to travel to the South and West to connect with my personal and literary friends, including old college and West Point acquaintances, to see what I can accomplish. To get the necessary funds to take the first step, I plan to give a lecture at the Society Library on Thursday, February 3rd, and to avoid any controversy, my topic will not be related to literature at all. I've chosen a broad subject: 'The Universe.'

Having shared the facts of the situation with you, I leave the rest to your discretion and generosity. Thank you, very gratefully,

Your friend always,
EDGAR A. POE.

Although these letters are brief and informal, we believe they demonstrate the qualities that people often deny Mr. Poe possesses - humility, perseverance, faith in others' friendship, and the ability to form cordial and grateful relationships. This is the kind of person he was when he was sane, and this is how he has always seemed to us in our personal interactions with him over the past five or six years. It's easier to believe what we've seen and experienced firsthand than what we've only heard, so we remember him with admiration and respect; the descriptions of him when he was struggling with mental health issues seem like portraits of a person we've only known when he was healthy.

There's another, more compelling piece of evidence that shows Edgar A. Poe had a good heart. To share this, we need to lift the veil that respectfully covers the struggles and refinement of those living in poverty, but we think it's worth it if we can honor the poet's memory and provide a necessary service to those closest to him who were affected by his death.

We first found out that Mr. Poe had moved to this city when a woman introduced herself as his wife's mother and reached out to us. She was looking for work for him and explained that he was ill, her daughter was chronically ill, and their financial situation was dire, which is why she was taking it upon herself to find him employment. This woman's face, radiant with a selfless devotion to her family despite their hardships, her gentle and sorrowful voice, her refined manners, and her heartfelt yet appreciative mention of her son's abilities and potential, all revealed a remarkable person - one of those exceptional women who rise above adversity. It was a tough situation she was facing. Mr. Poe wrote with great difficulty and in a style that was too sophisticated for the general public, which made it hard for him to earn a decent income.",2026-06-07T18:20:00Z
groq_llama_3_3_70b_free|run_1|POE_WORKS_VOLUME_1_009|paraphrase|qc_repair_v1|json_canonicalized_no_text_change|attempt_1,groq_llama_3_3_70b_free|run_1|POE_WORKS_VOLUME_1_009|paraphrase,llama,groq_llama_3_3_70b_free,llama-3.3-70b-versatile,POE_WORKS_VOLUME_1_009,paraphrase,json_canonicalized_no_text_change,qc_repair_v1,,warning,json_repaired_loose_rewritten_text,json_repaired_loose_rewritten_text,0.936508,531,ea5e3ff64b9a2eed8e23faf9531706b8e5bbcc39ee743bd8f625c428a66f2483,"I feared that my friend's prolonged exposure to misfortune might have finally taken a toll on his sanity. Without hesitation, I decided to accompany the negro to our destination. Upon arriving at the wharf, I noticed a newly purchased scythe and three spades lying in the boat that was to take us on our journey. I turned to Jup and asked, 'What is the purpose of these tools?' He replied, 'Him syfe and spade, massa.' I pressed him for a more detailed explanation, 'Yes, I see that, but why are they here?' Jup responded, 'Him de syfe and de spade what Massa Will sis pon my buying for him in de town, and de debbil's own lot of money I had to gib for 'em.' I was perplexed and asked, 'But what could your ""Massa Will"" possibly want with scythes and spades?' Jup's response was vague, 'Dat's more dan I know, and debbil take me if I don't b'lieve 'tis more dan he know, too. But it's all cum ob do bug.' Since I couldn't get any clear answers from Jup, whose mind seemed preoccupied with 'de bug,' I boarded the boat and we set sail. With a favorable breeze, we soon arrived at a small cove north of Fort Moultrie. A two-mile walk brought us to the hut, where we arrived around three in the afternoon. Legrand was waiting for us, his eagerness evident in his nervous demeanor, which only served to heighten my concerns about his well-being. His pale complexion and intense gaze further alarmed me. After inquiring about his health, I asked if he had managed to obtain the _scarabæus_ from Lieutenant G——. He replied, his face flushing, 'Oh, yes, I got it from him the next morning. I would never consider parting with that _scarabæus_.' He then added, with a serious tone, 'Jupiter is right about it, you know.' I felt a sense of foreboding and asked, 'In what way?' Legrand's response was astonishing, 'In thinking it's a bug made of real gold.' He spoke with conviction, and I was shocked by his words. He continued, a triumphant smile spreading across his face, 'This bug will be my ticket to reclaiming my family's possessions. It's no wonder I treasure it. Now that Fortune has seen fit to grant it to me, I just need to use it wisely, and I'll uncover the gold it points to.' He called out to Jup, 'Jupiter, bring me that _scarabæus!_' Jup hesitated, 'What, de bug, massa? I'd rather not trouble dat bug – you mus' git him for your own self.' Legrand rose from his seat, his movements grave and deliberate, and retrieved the beetle from a glass case. The _scarabæus_ was a stunning specimen, unknown to naturalists at the time, and thus a valuable find from a scientific perspective. It had two round, black spots near one end of its back and a long one near the other. The scales glistened with a burnished gold appearance, and the insect's weight was remarkable. Considering all these factors, I couldn't help but understand why Jupiter thought it was made of gold, but I was still baffled by Legrand's agreement with this assessment.",567,pass,,json_ok,0.936508,531,ea5e3ff64b9a2eed8e23faf9531706b8e5bbcc39ee743bd8f625c428a66f2483,"I feared that my friend's prolonged exposure to misfortune might have finally taken a toll on his sanity. Without hesitation, I decided to accompany the negro to our destination. Upon arriving at the wharf, I noticed a newly purchased scythe and three spades lying in the boat that was to take us on our journey. I turned to Jup and asked, 'What is the purpose of these tools?' He replied, 'Him syfe and spade, massa.' I pressed him for a more detailed explanation, 'Yes, I see that, but why are they here?' Jup responded, 'Him de syfe and de spade what Massa Will sis pon my buying for him in de town, and de debbil's own lot of money I had to gib for 'em.' I was perplexed and asked, 'But what could your ""Massa Will"" possibly want with scythes and spades?' Jup's response was vague, 'Dat's more dan I know, and debbil take me if I don't b'lieve 'tis more dan he know, too. But it's all cum ob do bug.' Since I couldn't get any clear answers from Jup, whose mind seemed preoccupied with 'de bug,' I boarded the boat and we set sail. With a favorable breeze, we soon arrived at a small cove north of Fort Moultrie. A two-mile walk brought us to the hut, where we arrived around three in the afternoon. Legrand was waiting for us, his eagerness evident in his nervous demeanor, which only served to heighten my concerns about his well-being. His pale complexion and intense gaze further alarmed me. After inquiring about his health, I asked if he had managed to obtain the _scarabæus_ from Lieutenant G——. He replied, his face flushing, 'Oh, yes, I got it from him the next morning. I would never consider parting with that _scarabæus_.' He then added, with a serious tone, 'Jupiter is right about it, you know.' I felt a sense of foreboding and asked, 'In what way?' Legrand's response was astonishing, 'In thinking it's a bug made of real gold.' He spoke with conviction, and I was shocked by his words. He continued, a triumphant smile spreading across his face, 'This bug will be my ticket to reclaiming my family's possessions. It's no wonder I treasure it. Now that Fortune has seen fit to grant it to me, I just need to use it wisely, and I'll uncover the gold it points to.' He called out to Jup, 'Jupiter, bring me that _scarabæus!_' Jup hesitated, 'What, de bug, massa? I'd rather not trouble dat bug – you mus' git him for your own self.' Legrand rose from his seat, his movements grave and deliberate, and retrieved the beetle from a glass case. The _scarabæus_ was a stunning specimen, unknown to naturalists at the time, and thus a valuable find from a scientific perspective. It had two round, black spots near one end of its back and a long one near the other. The scales glistened with a burnished gold appearance, and the insect's weight was remarkable. Considering all these factors, I couldn't help but understand why Jupiter thought it was made of gold, but I was still baffled by Legrand's agreement with this assessment.",2026-06-07T18:20:00Z
groq_llama_3_3_70b_free|run_1|POE_WORKS_VOLUME_1_017|modernize|qc_repair_v1|json_canonicalized_no_text_change|attempt_1,groq_llama_3_3_70b_free|run_1|POE_WORKS_VOLUME_1_017|modernize,llama,groq_llama_3_3_70b_free,llama-3.3-70b-versatile,POE_WORKS_VOLUME_1_017,modernize,json_canonicalized_no_text_change,qc_repair_v1,,warning,json_repaired_loose_rewritten_text,json_repaired_loose_rewritten_text,0.910369,518,de8c381026d212e4cc6dbb2519c78e49e601d95b8ae015d1d6478f4e6eae9f29,"We don't mean to cause you any harm. I promise you, as a gentleman and a Frenchman, that we don't intend to hurt you. I'm well aware that you're innocent of the atrocities that took place in the Rue Morgue. However, it's not possible to deny that you're somehow involved in them. From what I've already said, you must know that I have access to information about this matter that you couldn't have even imagined. The situation is this: you haven't done anything that you could have avoided, and certainly nothing that would make you guilty. You didn't even take anything when you had the chance to do so without getting caught. You have nothing to hide, and no reason to keep anything secret. On the other hand, you're bound by every principle of honor to tell us everything you know. An innocent person is currently in prison, accused of a crime that you can help us solve by identifying the real perpetrator.

The sailor had regained his composure to a great extent while Dupin was speaking, but his initial confidence was gone.

""So help me God!"" he said after a brief pause. ""I'll tell you everything I know about this affair, but I don't expect you to believe half of what I say. I'd be a fool if I did. Still, I'm innocent, and I'll come clean even if it kills me.""

What he told us was essentially this: he had recently returned from a voyage to the Indian Archipelago. A group he was part of had landed in Borneo and ventured into the interior for a pleasure trip. He and a companion had captured an orangutan. After his companion died, the animal became his sole responsibility. After a lot of trouble caused by the orangutan's aggressive behavior during the return voyage, he finally managed to safely house it at his residence in Paris. To avoid drawing unwanted attention from his neighbors, he kept the animal secluded until it recovered from a foot injury it had sustained on the ship. His ultimate plan was to sell it.

One night, or rather early in the morning of the murder, he returned home from a night out with other sailors and found the orangutan in his bedroom, where it had broken in from a closet where it was supposed to be securely locked. The animal was sitting in front of a mirror, trying to shave itself with a razor, having apparently watched its owner do so through the keyhole. Terrified by the sight of such a dangerous weapon in the hands of a ferocious animal, the man was at a loss for what to do. However, he had experience calming the creature down with a whip, so he used that. As soon as the orangutan saw the whip, it jumped out of the room, down the stairs, and out a window that was unfortunately open, into the street.

The Frenchman followed in desperation; the orangutan, still holding the razor, would occasionally stop and look back at its pursuer, gesturing at him, until the Frenchman was about to catch up.",569,pass,,json_ok,0.910369,518,de8c381026d212e4cc6dbb2519c78e49e601d95b8ae015d1d6478f4e6eae9f29,"We don't mean to cause you any harm. I promise you, as a gentleman and a Frenchman, that we don't intend to hurt you. I'm well aware that you're innocent of the atrocities that took place in the Rue Morgue. However, it's not possible to deny that you're somehow involved in them. From what I've already said, you must know that I have access to information about this matter that you couldn't have even imagined. The situation is this: you haven't done anything that you could have avoided, and certainly nothing that would make you guilty. You didn't even take anything when you had the chance to do so without getting caught. You have nothing to hide, and no reason to keep anything secret. On the other hand, you're bound by every principle of honor to tell us everything you know. An innocent person is currently in prison, accused of a crime that you can help us solve by identifying the real perpetrator.

The sailor had regained his composure to a great extent while Dupin was speaking, but his initial confidence was gone.

""So help me God!"" he said after a brief pause. ""I'll tell you everything I know about this affair, but I don't expect you to believe half of what I say. I'd be a fool if I did. Still, I'm innocent, and I'll come clean even if it kills me.""

What he told us was essentially this: he had recently returned from a voyage to the Indian Archipelago. A group he was part of had landed in Borneo and ventured into the interior for a pleasure trip. He and a companion had captured an orangutan. After his companion died, the animal became his sole responsibility. After a lot of trouble caused by the orangutan's aggressive behavior during the return voyage, he finally managed to safely house it at his residence in Paris. To avoid drawing unwanted attention from his neighbors, he kept the animal secluded until it recovered from a foot injury it had sustained on the ship. His ultimate plan was to sell it.

One night, or rather early in the morning of the murder, he returned home from a night out with other sailors and found the orangutan in his bedroom, where it had broken in from a closet where it was supposed to be securely locked. The animal was sitting in front of a mirror, trying to shave itself with a razor, having apparently watched its owner do so through the keyhole. Terrified by the sight of such a dangerous weapon in the hands of a ferocious animal, the man was at a loss for what to do. However, he had experience calming the creature down with a whip, so he used that. As soon as the orangutan saw the whip, it jumped out of the room, down the stairs, and out a window that was unfortunately open, into the street.

The Frenchman followed in desperation; the orangutan, still holding the razor, would occasionally stop and look back at its pursuer, gesturing at him, until the Frenchman was about to catch up.",2026-06-07T18:20:00Z
groq_llama_3_3_70b_free|run_1|POE_WORKS_VOLUME_1_020|modernize|qc_repair_v1|json_canonicalized_no_text_change|attempt_1,groq_llama_3_3_70b_free|run_1|POE_WORKS_VOLUME_1_020|modernize,llama,groq_llama_3_3_70b_free,llama-3.3-70b-versatile,POE_WORKS_VOLUME_1_020,modernize,json_canonicalized_no_text_change,qc_repair_v1,,warning,json_repaired_loose_rewritten_text,json_repaired_loose_rewritten_text,0.881625,499,e3dfd7bceceef8d36353cf7e2ec81a3860ee3a31136ca72abab431477b9f3f52,"To me, this article seems to prove little beyond the author's enthusiasm. We should keep in mind that, in general, the goal of our newspapers is to create a sensation, to make a point, rather than to advance the cause of truth. The pursuit of truth only happens when it aligns with creating a sensation. An article that simply agrees with popular opinion, no matter how well-founded that opinion may be, doesn't earn any credit with the public. Most people consider someone profound only if they suggest provocative contradictions to the general idea. In both logical reasoning and literature, it's the witty, concise statement that's most immediately and universally appreciated, even though it's often of the lowest order of merit.

What I'm trying to say is that it's the combination of a catchy phrase and a dramatic idea - the notion that Marie Rogêt is still alive - rather than any real plausibility in this idea, that led L'Etoile to suggest it and made it well-received by the public. Let's examine the main points of this journal's argument, trying to avoid the confusion with which it was originally presented.

The writer's first goal is to show that, given the short time between Marie's disappearance and the discovery of the floating corpse, this corpse can't be Marie's. The writer wants to minimize this time interval as much as possible, which becomes an objective in itself. In the rush to achieve this, the writer jumps to assumptions right from the start. 'It's foolish to think,' the writer says, 'that if Marie was murdered, her killers could have done it quickly enough to throw her body into the river before midnight.' We immediately ask, why? Why is it foolish to think that the murder could have happened within five minutes of the girl leaving her mother's house? Why is it foolish to think that the murder could have happened at any given time of day? There have been assassinations at all hours. But if the murder had taken place at any moment between 9 am on Sunday and a quarter to midnight, there would still have been enough time to throw the body into the river before midnight. This assumption essentially means that the murder didn't happen on Sunday at all - and if we let L'Etoile assume this, we might as well let them assume anything. The paragraph starting 'It's foolish to think that the murder, etc.' may have existed in the writer's mind like this: 'It's foolish to think that the murder, if it happened, could have happened quickly enough to allow the killers to throw the body into the river before midnight; it's foolish, we say, to think all this and at the same time assume that the body wasn't thrown in until after midnight' - a sentence that's inconsequential in itself but not as absurd as the one that was printed.

If my goal were simply to criticize this part of L'Etoile's argument, I could safely leave it as it is.",566,pass,,json_ok,0.881625,499,e3dfd7bceceef8d36353cf7e2ec81a3860ee3a31136ca72abab431477b9f3f52,"To me, this article seems to prove little beyond the author's enthusiasm. We should keep in mind that, in general, the goal of our newspapers is to create a sensation, to make a point, rather than to advance the cause of truth. The pursuit of truth only happens when it aligns with creating a sensation. An article that simply agrees with popular opinion, no matter how well-founded that opinion may be, doesn't earn any credit with the public. Most people consider someone profound only if they suggest provocative contradictions to the general idea. In both logical reasoning and literature, it's the witty, concise statement that's most immediately and universally appreciated, even though it's often of the lowest order of merit.

What I'm trying to say is that it's the combination of a catchy phrase and a dramatic idea - the notion that Marie Rogêt is still alive - rather than any real plausibility in this idea, that led L'Etoile to suggest it and made it well-received by the public. Let's examine the main points of this journal's argument, trying to avoid the confusion with which it was originally presented.

The writer's first goal is to show that, given the short time between Marie's disappearance and the discovery of the floating corpse, this corpse can't be Marie's. The writer wants to minimize this time interval as much as possible, which becomes an objective in itself. In the rush to achieve this, the writer jumps to assumptions right from the start. 'It's foolish to think,' the writer says, 'that if Marie was murdered, her killers could have done it quickly enough to throw her body into the river before midnight.' We immediately ask, why? Why is it foolish to think that the murder could have happened within five minutes of the girl leaving her mother's house? Why is it foolish to think that the murder could have happened at any given time of day? There have been assassinations at all hours. But if the murder had taken place at any moment between 9 am on Sunday and a quarter to midnight, there would still have been enough time to throw the body into the river before midnight. This assumption essentially means that the murder didn't happen on Sunday at all - and if we let L'Etoile assume this, we might as well let them assume anything. The paragraph starting 'It's foolish to think that the murder, etc.' may have existed in the writer's mind like this: 'It's foolish to think that the murder, if it happened, could have happened quickly enough to allow the killers to throw the body into the river before midnight; it's foolish, we say, to think all this and at the same time assume that the body wasn't thrown in until after midnight' - a sentence that's inconsequential in itself but not as absurd as the one that was printed.

If my goal were simply to criticize this part of L'Etoile's argument, I could safely leave it as it is.",2026-06-07T18:20:00Z
groq_llama_3_3_70b_free|run_1|SHELLEY_FRANKENSTEIN_009|modernize|qc_repair_v1|json_canonicalized_no_text_change|attempt_1,groq_llama_3_3_70b_free|run_1|SHELLEY_FRANKENSTEIN_009|modernize,llama,groq_llama_3_3_70b_free,llama-3.3-70b-versatile,SHELLEY_FRANKENSTEIN_009,modernize,json_canonicalized_no_text_change,qc_repair_v1,,warning,json_repaired_loose_rewritten_text,json_repaired_loose_rewritten_text,0.931284,515,f3ce0c74076232717a9f942c826b21c077f5ff2c4116fe0d63e869101b252459,"I did confess, but it was a lie. I confessed to get forgiveness, but now that lie weighs heavier on my heart than all my other mistakes. I hope God forgives me. Ever since I was sentenced, my confessor has been pressuring me, threatening and intimidating me until I almost started to believe I was the monster he said I was. He threatened to excommunicate me and condemn me to hell if I didn't cooperate. Dear lady, I had no one to support me; everyone saw me as a person doomed to shame and destruction. What could I do? In a moment of weakness, I agreed to a lie; and now I'm truly miserable.

She paused, crying, and then continued, 'I was horrified, my dear lady, that you would think Justine, whom your aunt had honored so much and whom you loved, was capable of a crime that only a truly evil person could commit. Dear William, my sweet child, I'll see you again in heaven, where we'll all be happy, and that gives me some comfort as I face shame and death.'

'Oh, Justine, forgive me for doubting you, even if it was just for a moment. Why did you confess? But don't cry, don't be afraid. I'll speak out, I'll prove your innocence. I'll move the hearts of your enemies with my tears and prayers. You won't die. You, my friend, my companion, my sister, can't perish on the scaffold. No, no, I couldn't survive such a terrible tragedy.'

Justine shook her head sadly. 'I'm not afraid to die,' she said. 'That fear is gone. God gives me the strength to endure the worst. I'm leaving a sad and bitter world, and if you remember me as someone who was wrongly condemned, I'm at peace with my fate. Learn from me, dear lady, to accept the will of heaven with patience.'

During this conversation, I had stepped back to a corner of the prison room, where I could hide the terrible anguish that was overwhelming me. Despair? Who dared to talk about that? The poor victim, who would soon face death, didn't feel the same deep and bitter pain that I did. I clenched my teeth and ground them together, letting out a groan that came from deep inside me. Justine noticed. When she saw who it was, she came over to me and said, 'Dear sir, you're very kind to visit me. I hope you don't think I'm guilty?'

I couldn't answer. 'No, Justine,' said Elizabeth, 'he's even more convinced of your innocence than I was. Even when he heard you had confessed, he didn't believe it.'

'I truly thank him. In these last moments, I feel grateful to those who think of me with kindness. The love and support of others mean so much to someone like me. It takes away more than half my suffering, and I feel like I can die in peace now that you and your cousin believe in my innocence.'

The poor woman tried to comfort others and herself, even in her own time of need.",553,pass,,json_ok,0.931284,515,f3ce0c74076232717a9f942c826b21c077f5ff2c4116fe0d63e869101b252459,"I did confess, but it was a lie. I confessed to get forgiveness, but now that lie weighs heavier on my heart than all my other mistakes. I hope God forgives me. Ever since I was sentenced, my confessor has been pressuring me, threatening and intimidating me until I almost started to believe I was the monster he said I was. He threatened to excommunicate me and condemn me to hell if I didn't cooperate. Dear lady, I had no one to support me; everyone saw me as a person doomed to shame and destruction. What could I do? In a moment of weakness, I agreed to a lie; and now I'm truly miserable.

She paused, crying, and then continued, 'I was horrified, my dear lady, that you would think Justine, whom your aunt had honored so much and whom you loved, was capable of a crime that only a truly evil person could commit. Dear William, my sweet child, I'll see you again in heaven, where we'll all be happy, and that gives me some comfort as I face shame and death.'

'Oh, Justine, forgive me for doubting you, even if it was just for a moment. Why did you confess? But don't cry, don't be afraid. I'll speak out, I'll prove your innocence. I'll move the hearts of your enemies with my tears and prayers. You won't die. You, my friend, my companion, my sister, can't perish on the scaffold. No, no, I couldn't survive such a terrible tragedy.'

Justine shook her head sadly. 'I'm not afraid to die,' she said. 'That fear is gone. God gives me the strength to endure the worst. I'm leaving a sad and bitter world, and if you remember me as someone who was wrongly condemned, I'm at peace with my fate. Learn from me, dear lady, to accept the will of heaven with patience.'

During this conversation, I had stepped back to a corner of the prison room, where I could hide the terrible anguish that was overwhelming me. Despair? Who dared to talk about that? The poor victim, who would soon face death, didn't feel the same deep and bitter pain that I did. I clenched my teeth and ground them together, letting out a groan that came from deep inside me. Justine noticed. When she saw who it was, she came over to me and said, 'Dear sir, you're very kind to visit me. I hope you don't think I'm guilty?'

I couldn't answer. 'No, Justine,' said Elizabeth, 'he's even more convinced of your innocence than I was. Even when he heard you had confessed, he didn't believe it.'

'I truly thank him. In these last moments, I feel grateful to those who think of me with kindness. The love and support of others mean so much to someone like me. It takes away more than half my suffering, and I feel like I can die in peace now that you and your cousin believe in my innocence.'

The poor woman tried to comfort others and herself, even in her own time of need.",2026-06-07T18:20:00Z
groq_llama_3_3_70b_free|run_1|SHELLEY_FRANKENSTEIN_010|modernize|qc_repair_v1|json_canonicalized_no_text_change|attempt_1,groq_llama_3_3_70b_free|run_1|SHELLEY_FRANKENSTEIN_010|modernize,llama,groq_llama_3_3_70b_free,llama-3.3-70b-versatile,SHELLEY_FRANKENSTEIN_010,modernize,json_canonicalized_no_text_change,qc_repair_v1,,warning,json_repaired_loose_rewritten_text,json_repaired_loose_rewritten_text,0.898246,512,f1e407ae1aba688d037b0bbf5e75809cf7840537a7c7b5bb5786b721ef056cbd,"I couldn't bring myself to agree with the death of any human being, but I definitely thought such a creature was unfit to be part of society. However, she was innocent. I know, I feel, she was innocent; you share my opinion, and that reassures me. Unfortunately, Victor, when lies can be so convincing, who can be certain of true happiness? I feel like I'm walking on the edge of a cliff, with thousands pushing me towards the abyss. William and Justine were murdered, and the killer is still at large, free and possibly respected. Even if I were sentenced to death for the same crimes, I wouldn't trade places with such a person.

I listened to this conversation with extreme distress. Essentially, I was the real murderer. Elizabeth saw my anguish and took my hand, saying, 'My dearest friend, you need to calm down. These events have affected me deeply, but I'm not as miserable as you are. There's a look of despair and sometimes revenge in your eyes that scares me. Dear Victor, get rid of these dark emotions. Remember the friends around you who put all their hopes in you. Have we lost the power to make you happy? As long as we love and are true to each other, here in this peaceful and beautiful land, your homeland, we can enjoy every serene blessing - what could disturb our peace?'

And couldn't words like these from the person I cherished above all else be enough to drive away the evil that lurked in my heart? Even as she spoke, I drew closer to her, as if I was afraid that at that very moment, something terrible would take her away from me.

Not even the kindness of friendship, the beauty of the earth, or the beauty of heaven could save my soul from sorrow; the very sound of love was ineffective. I was surrounded by a darkness that no positive influence could penetrate. A wounded deer dragging its weak limbs to a secluded spot to stare at the arrow that pierced it and die was similar to my situation.

Sometimes I could handle the overwhelming despair, but sometimes the intense emotions inside me drove me to seek relief through physical activity and a change of scenery. It was during one of these episodes that I suddenly left my home and headed towards the nearby Alpine valleys, seeking to forget myself and my fleeting human sorrows in the grandeur and timelessness of such landscapes. My travels took me to the valley of Chamounix, a place I had visited often during my childhood. Six years had passed since then; I was a shadow of my former self, but nothing had changed in those rugged and enduring scenes.

I started my journey on horseback and later hired a mule, as it was more sure-footed and less likely to get injured on these rough roads. The weather was nice; it was around the middle of August, nearly two months after Justine's death, a miserable time that marked the beginning of all my troubles.",570,pass,,json_ok,0.898246,512,f1e407ae1aba688d037b0bbf5e75809cf7840537a7c7b5bb5786b721ef056cbd,"I couldn't bring myself to agree with the death of any human being, but I definitely thought such a creature was unfit to be part of society. However, she was innocent. I know, I feel, she was innocent; you share my opinion, and that reassures me. Unfortunately, Victor, when lies can be so convincing, who can be certain of true happiness? I feel like I'm walking on the edge of a cliff, with thousands pushing me towards the abyss. William and Justine were murdered, and the killer is still at large, free and possibly respected. Even if I were sentenced to death for the same crimes, I wouldn't trade places with such a person.

I listened to this conversation with extreme distress. Essentially, I was the real murderer. Elizabeth saw my anguish and took my hand, saying, 'My dearest friend, you need to calm down. These events have affected me deeply, but I'm not as miserable as you are. There's a look of despair and sometimes revenge in your eyes that scares me. Dear Victor, get rid of these dark emotions. Remember the friends around you who put all their hopes in you. Have we lost the power to make you happy? As long as we love and are true to each other, here in this peaceful and beautiful land, your homeland, we can enjoy every serene blessing - what could disturb our peace?'

And couldn't words like these from the person I cherished above all else be enough to drive away the evil that lurked in my heart? Even as she spoke, I drew closer to her, as if I was afraid that at that very moment, something terrible would take her away from me.

Not even the kindness of friendship, the beauty of the earth, or the beauty of heaven could save my soul from sorrow; the very sound of love was ineffective. I was surrounded by a darkness that no positive influence could penetrate. A wounded deer dragging its weak limbs to a secluded spot to stare at the arrow that pierced it and die was similar to my situation.

Sometimes I could handle the overwhelming despair, but sometimes the intense emotions inside me drove me to seek relief through physical activity and a change of scenery. It was during one of these episodes that I suddenly left my home and headed towards the nearby Alpine valleys, seeking to forget myself and my fleeting human sorrows in the grandeur and timelessness of such landscapes. My travels took me to the valley of Chamounix, a place I had visited often during my childhood. Six years had passed since then; I was a shadow of my former self, but nothing had changed in those rugged and enduring scenes.

I started my journey on horseback and later hired a mule, as it was more sure-footed and less likely to get injured on these rough roads. The weather was nice; it was around the middle of August, nearly two months after Justine's death, a miserable time that marked the beginning of all my troubles.",2026-06-07T18:20:00Z
groq_llama_3_3_70b_free|run_1|SHELLEY_FRANKENSTEIN_010|paraphrase|qc_repair_v1|json_canonicalized_no_text_change|attempt_1,groq_llama_3_3_70b_free|run_1|SHELLEY_FRANKENSTEIN_010|paraphrase,llama,groq_llama_3_3_70b_free,llama-3.3-70b-versatile,SHELLEY_FRANKENSTEIN_010,paraphrase,json_canonicalized_no_text_change,qc_repair_v1,,warning,json_repaired_loose_rewritten_text,json_repaired_loose_rewritten_text,0.936842,534,4ffc3eb6b210b02c7a6017ad395e80fcd03ac11da721f585d7ead424bd97e4bb,"I could not bring myself to condemn any human being to death, yet I felt that such a creature was unsuitable to live among people. However, she was innocent, and I am convinced of it; you share my opinion, which reinforces my conviction. Alas, Victor, when deception can so closely resemble truth, who can be certain of true happiness? I feel as though I am standing at the edge of a precipice, with thousands pushing me towards the abyss. William and Justine were murdered, and the killer remains at large, walking free and possibly respected. Even if I were to be executed for the same crimes, I would not trade places with such a villain.

I listened to this speech with extreme anguish, knowing that I was, in effect, the true culprit. Elizabeth saw the distress in my face and, taking my hand, said, 'My dearest friend, you must calm down. These events have affected me deeply, but I am not as miserable as you. Your expression reveals despair and sometimes a desire for revenge, which frightens me. Dear Victor, rid yourself of these dark emotions. Remember the friends who surround you and have placed all their hopes in you. Have we lost the ability to make you happy? As long as we love and remain faithful to each other, here in this peaceful and beautiful land, your native country, we can enjoy every serene blessing - what could disturb our peace?'

Could not the words of the one I cherished above all else have been enough to drive away the evil that lurked within me? As she spoke, I drew closer to her, as if in fear that the destroyer might be near, ready to take her away from me at that very moment.

Thus, neither the kindness of friendship, nor the beauty of the earth or heaven, could rescue my soul from sorrow; even the gentle voice of love was ineffective. I was surrounded by a darkness that no positive influence could penetrate. A wounded deer, dragging its weakened limbs to a secluded thicket to gaze upon the arrow that had pierced it and to die, was a symbol of my own state.

At times, I could manage the overwhelming despair that consumed me, but at other times, the turbulent passions of my soul drove me to seek relief from my unbearable feelings through physical activity and a change of scenery. It was during one such episode that I abruptly left my home and, heading towards the nearby Alpine valleys, sought to forget myself and my fleeting, human sorrows amidst the grandeur and timelessness of those landscapes. My wanderings took me to the valley of Chamounix, a place I had often visited during my childhood. Six years had passed since then; I was a shadow of my former self, but nothing had changed in those wild and enduring scenes.

I began my journey on horseback and later hired a mule, as it was more sure-footed and less likely to be injured on these rugged roads. The weather was pleasant, and it was around the middle of August, nearly two months after Justine's death, a miserable event from which I dated all my suffering.",570,pass,,json_ok,0.936842,534,4ffc3eb6b210b02c7a6017ad395e80fcd03ac11da721f585d7ead424bd97e4bb,"I could not bring myself to condemn any human being to death, yet I felt that such a creature was unsuitable to live among people. However, she was innocent, and I am convinced of it; you share my opinion, which reinforces my conviction. Alas, Victor, when deception can so closely resemble truth, who can be certain of true happiness? I feel as though I am standing at the edge of a precipice, with thousands pushing me towards the abyss. William and Justine were murdered, and the killer remains at large, walking free and possibly respected. Even if I were to be executed for the same crimes, I would not trade places with such a villain.

I listened to this speech with extreme anguish, knowing that I was, in effect, the true culprit. Elizabeth saw the distress in my face and, taking my hand, said, 'My dearest friend, you must calm down. These events have affected me deeply, but I am not as miserable as you. Your expression reveals despair and sometimes a desire for revenge, which frightens me. Dear Victor, rid yourself of these dark emotions. Remember the friends who surround you and have placed all their hopes in you. Have we lost the ability to make you happy? As long as we love and remain faithful to each other, here in this peaceful and beautiful land, your native country, we can enjoy every serene blessing - what could disturb our peace?'

Could not the words of the one I cherished above all else have been enough to drive away the evil that lurked within me? As she spoke, I drew closer to her, as if in fear that the destroyer might be near, ready to take her away from me at that very moment.

Thus, neither the kindness of friendship, nor the beauty of the earth or heaven, could rescue my soul from sorrow; even the gentle voice of love was ineffective. I was surrounded by a darkness that no positive influence could penetrate. A wounded deer, dragging its weakened limbs to a secluded thicket to gaze upon the arrow that had pierced it and to die, was a symbol of my own state.

At times, I could manage the overwhelming despair that consumed me, but at other times, the turbulent passions of my soul drove me to seek relief from my unbearable feelings through physical activity and a change of scenery. It was during one such episode that I abruptly left my home and, heading towards the nearby Alpine valleys, sought to forget myself and my fleeting, human sorrows amidst the grandeur and timelessness of those landscapes. My wanderings took me to the valley of Chamounix, a place I had often visited during my childhood. Six years had passed since then; I was a shadow of my former self, but nothing had changed in those wild and enduring scenes.

I began my journey on horseback and later hired a mule, as it was more sure-footed and less likely to be injured on these rugged roads. The weather was pleasant, and it was around the middle of August, nearly two months after Justine's death, a miserable event from which I dated all my suffering.",2026-06-07T18:20:00Z
groq_llama_3_3_70b_free|run_1|SHELLEY_FRANKENSTEIN_011|modernize|qc_repair_v1|json_canonicalized_no_text_change|attempt_1,groq_llama_3_3_70b_free|run_1|SHELLEY_FRANKENSTEIN_011|modernize,llama,groq_llama_3_3_70b_free,llama-3.3-70b-versatile,SHELLEY_FRANKENSTEIN_011,modernize,json_canonicalized_no_text_change,qc_repair_v1,,warning,json_repaired_loose_rewritten_text,json_repaired_loose_rewritten_text,0.896373,519,03188f0e51d573d39da3bc01d7bc7ff37ae31cfcb22809b834cf66a736e238a7,"“You're a monster,” I exclaimed. “How dare you come near me? Don't you fear my wrath and the punishment I'll inflict on you? Get out of here, you vile creature! Or stay, so I can crush you. Oh, if only I could destroy you and bring back the people you've brutally murdered!

“I expected you to react this way,” the creature said. “All people hate those who are suffering; how much more must I be hated, since I'm more miserable than anyone alive? Yet you, my creator, reject and despise me, your own creation, to whom you're bound by a tie that can only be broken by one of us dying. You want to kill me. How can you play with life like that? Do your duty towards me, and I'll do mine towards you and the rest of humanity. If you agree to my terms, I'll leave them and you alone; but if you refuse, I'll keep killing until death is satisfied with the blood of your remaining friends.”

“Abhorrent monster! You're a fiend! The torments of hell are too mild a punishment for your crimes. You blame me for creating you? Come on, then, so I can extinguish the life I so carelessly gave you.”

My rage was uncontrollable; I lunged at him, driven by all the feelings that can make one being want to destroy another.

He easily dodged me and said, “Calm down! Please listen to me before you act on your hatred. Haven't I suffered enough without you trying to increase my misery? Life, even if it's just a collection of pain, is precious to me, and I'll defend it. Remember, you made me stronger than you; I'm taller and more agile. But I won't fight you. I'm your creation, and I'll be gentle and obedient to my natural master if you'll just do your part, which you owe me. Oh, Frankenstein, don't be fair to everyone else and cruel to me alone, when I'm the one who deserves your justice, mercy, and love. Remember that I'm your creation; I should be your partner, but instead I'm like a fallen angel, banished from happiness for no reason. Everywhere I see people happy, and I'm the only one excluded. I was kind and good; misery turned me into a monster. Make me happy, and I'll be virtuous again.”

“Get out! I won't listen to you. There can be no connection between us; we're enemies. Leave, or let's settle this in a fight, where one of us will die.”

“How can I make you understand? Will you never look at me with kindness, your creation who's begging for your compassion? Believe me, Frankenstein, I was once full of love and humanity; but now I'm alone, miserably alone. You, my creator, reject me; what hope can I have from other people, who owe me nothing? They shun and hate me. The desolate mountains and glaciers are my refuge. I've been wandering here for days; the ice caves, which are the only place I don't fear, are my home, and the only one that humanity doesn't deny me.”",579,pass,,json_ok,0.896373,519,03188f0e51d573d39da3bc01d7bc7ff37ae31cfcb22809b834cf66a736e238a7,"“You're a monster,” I exclaimed. “How dare you come near me? Don't you fear my wrath and the punishment I'll inflict on you? Get out of here, you vile creature! Or stay, so I can crush you. Oh, if only I could destroy you and bring back the people you've brutally murdered!

“I expected you to react this way,” the creature said. “All people hate those who are suffering; how much more must I be hated, since I'm more miserable than anyone alive? Yet you, my creator, reject and despise me, your own creation, to whom you're bound by a tie that can only be broken by one of us dying. You want to kill me. How can you play with life like that? Do your duty towards me, and I'll do mine towards you and the rest of humanity. If you agree to my terms, I'll leave them and you alone; but if you refuse, I'll keep killing until death is satisfied with the blood of your remaining friends.”

“Abhorrent monster! You're a fiend! The torments of hell are too mild a punishment for your crimes. You blame me for creating you? Come on, then, so I can extinguish the life I so carelessly gave you.”

My rage was uncontrollable; I lunged at him, driven by all the feelings that can make one being want to destroy another.

He easily dodged me and said, “Calm down! Please listen to me before you act on your hatred. Haven't I suffered enough without you trying to increase my misery? Life, even if it's just a collection of pain, is precious to me, and I'll defend it. Remember, you made me stronger than you; I'm taller and more agile. But I won't fight you. I'm your creation, and I'll be gentle and obedient to my natural master if you'll just do your part, which you owe me. Oh, Frankenstein, don't be fair to everyone else and cruel to me alone, when I'm the one who deserves your justice, mercy, and love. Remember that I'm your creation; I should be your partner, but instead I'm like a fallen angel, banished from happiness for no reason. Everywhere I see people happy, and I'm the only one excluded. I was kind and good; misery turned me into a monster. Make me happy, and I'll be virtuous again.”

“Get out! I won't listen to you. There can be no connection between us; we're enemies. Leave, or let's settle this in a fight, where one of us will die.”

“How can I make you understand? Will you never look at me with kindness, your creation who's begging for your compassion? Believe me, Frankenstein, I was once full of love and humanity; but now I'm alone, miserably alone. You, my creator, reject me; what hope can I have from other people, who owe me nothing? They shun and hate me. The desolate mountains and glaciers are my refuge. I've been wandering here for days; the ice caves, which are the only place I don't fear, are my home, and the only one that humanity doesn't deny me.”",2026-06-07T18:20:00Z
groq_llama_3_3_70b_free|run_1|SHELLEY_FRANKENSTEIN_011|paraphrase|qc_repair_v1|json_canonicalized_no_text_change|attempt_1,groq_llama_3_3_70b_free|run_1|SHELLEY_FRANKENSTEIN_011|paraphrase,llama,groq_llama_3_3_70b_free,llama-3.3-70b-versatile,SHELLEY_FRANKENSTEIN_011,paraphrase,json_canonicalized_no_text_change,qc_repair_v1,,warning,json_repaired_loose_rewritten_text,json_repaired_loose_rewritten_text,1.005181,582,baa66f63f219cbb024931fd905fb3543418b383c8ef495cdab821a5ebbb091f3,"“You dare to approach me, you wretched creature?” I exclaimed. “Do you not fear the wrath that I will unleash upon you? Begone, you vile being! Or, rather, stay, that I may crush you beneath my feet! Oh, that I could restore the lives of those you have so cruelly taken, by ending your own miserable existence!”

“I anticipated this reception,” the monster replied. “All men despise the wretched; how, then, must I be loathed, I who am more miserable than any living thing? Yet, you, my creator, reject and despise me, your own creature, to whom you are bound by ties that can only be broken by the destruction of one of us. You intend to kill me. How can you so callously toy with life? Fulfill your obligations towards me, and I will fulfill mine towards you and the rest of humanity. If you agree to my terms, I will leave them and you in peace; but if you refuse, I will satiate the abyss of death with the blood of your remaining friends.”

“Abhorrent monster! You are a fiend, and the torments of hell are too mild a punishment for your crimes. You reproach me with your creation? Come, then, that I may extinguish the spark that I so carelessly bestowed upon you.”

My rage knew no bounds; I lunged at him, driven by all the feelings that can arm one being against the existence of another.

He easily evaded me and said, “Be calm! I implore you to hear me before you give vent to your hatred on my devoted head. Have I not suffered enough, that you seek to increase my misery? Life, although it may be nothing but a accumulation of anguish, is precious to me, and I will defend it. Remember, you have made me more powerful than yourself; my stature is greater than yours, my limbs more agile. But I will not be tempted to oppose you. I am your creature, and I will be gentle and obedient to my natural lord and king, if you will also fulfill your part, which you owe me. Oh, Frankenstein, do not be just to all others and trample upon me alone, to whom your justice, and even your mercy and affection, are most due. Remember that I am your creature; I should be your Adam, but I am rather the fallen angel, whom you drive from joy for no fault of mine. Everywhere I see bliss, from which I alone am irreparably excluded. I was kind and good; misery has made me a fiend. Make me happy, and I shall once again be virtuous.”

“Begone! I will not listen to you. There can be no bond between you and me; we are enemies. Begone, or let us test our strength in a fight, in which one of us must fall.”

“How can I move you? Will no entreaties cause you to look upon your creature with kindness, who implores your goodness and compassion? Believe me, Frankenstein, I was once benevolent; my soul was filled with love and humanity; but am I not alone, miserably alone? You, my creator, abhor me; what hope can I gather from your fellow creatures, who owe me nothing? They shun and hate me. The desert mountains and dreary glaciers are my refuge. I have wandered here for many days; the caves of ice, which I do not fear, are my dwelling, and the only one that man does not begrudge me.”",579,pass,,json_ok,1.005181,582,baa66f63f219cbb024931fd905fb3543418b383c8ef495cdab821a5ebbb091f3,"“You dare to approach me, you wretched creature?” I exclaimed. “Do you not fear the wrath that I will unleash upon you? Begone, you vile being! Or, rather, stay, that I may crush you beneath my feet! Oh, that I could restore the lives of those you have so cruelly taken, by ending your own miserable existence!”

“I anticipated this reception,” the monster replied. “All men despise the wretched; how, then, must I be loathed, I who am more miserable than any living thing? Yet, you, my creator, reject and despise me, your own creature, to whom you are bound by ties that can only be broken by the destruction of one of us. You intend to kill me. How can you so callously toy with life? Fulfill your obligations towards me, and I will fulfill mine towards you and the rest of humanity. If you agree to my terms, I will leave them and you in peace; but if you refuse, I will satiate the abyss of death with the blood of your remaining friends.”

“Abhorrent monster! You are a fiend, and the torments of hell are too mild a punishment for your crimes. You reproach me with your creation? Come, then, that I may extinguish the spark that I so carelessly bestowed upon you.”

My rage knew no bounds; I lunged at him, driven by all the feelings that can arm one being against the existence of another.

He easily evaded me and said, “Be calm! I implore you to hear me before you give vent to your hatred on my devoted head. Have I not suffered enough, that you seek to increase my misery? Life, although it may be nothing but a accumulation of anguish, is precious to me, and I will defend it. Remember, you have made me more powerful than yourself; my stature is greater than yours, my limbs more agile. But I will not be tempted to oppose you. I am your creature, and I will be gentle and obedient to my natural lord and king, if you will also fulfill your part, which you owe me. Oh, Frankenstein, do not be just to all others and trample upon me alone, to whom your justice, and even your mercy and affection, are most due. Remember that I am your creature; I should be your Adam, but I am rather the fallen angel, whom you drive from joy for no fault of mine. Everywhere I see bliss, from which I alone am irreparably excluded. I was kind and good; misery has made me a fiend. Make me happy, and I shall once again be virtuous.”

“Begone! I will not listen to you. There can be no bond between you and me; we are enemies. Begone, or let us test our strength in a fight, in which one of us must fall.”

“How can I move you? Will no entreaties cause you to look upon your creature with kindness, who implores your goodness and compassion? Believe me, Frankenstein, I was once benevolent; my soul was filled with love and humanity; but am I not alone, miserably alone? You, my creator, abhor me; what hope can I gather from your fellow creatures, who owe me nothing? They shun and hate me. The desert mountains and dreary glaciers are my refuge. I have wandered here for many days; the caves of ice, which I do not fear, are my dwelling, and the only one that man does not begrudge me.”",2026-06-07T18:20:00Z
groq_llama_3_3_70b_free|run_1|SHELLEY_FRANKENSTEIN_013|modernize|qc_repair_v1|json_canonicalized_no_text_change|attempt_1,groq_llama_3_3_70b_free|run_1|SHELLEY_FRANKENSTEIN_013|modernize,llama,groq_llama_3_3_70b_free,llama-3.3-70b-versatile,SHELLEY_FRANKENSTEIN_013,modernize,json_canonicalized_no_text_change,qc_repair_v1,,warning,json_repaired_loose_rewritten_text,json_repaired_loose_rewritten_text,0.866551,500,1eedbe2a4040c0cf655ea511d4a25bf2d918bfaa7050b2d1efd9a5bb4dfe37c0,"A significant amount of time passed before I discovered one of the reasons behind the unease of this lovely family: it was poverty, and they were struggling with it in a really tough way. Their diet consisted entirely of the vegetables from their garden and the milk from one cow, which didn't produce much during the winter when its owners could barely find food to keep it alive. I believe the two younger family members often went hungry, as they would frequently give the older man food while going without themselves.

This act of kindness really moved me. At night, I had been sneaking into their storage to take some food for myself, but when I realized that this was causing the family pain, I stopped and started eating berries, nuts, and roots that I found in a nearby forest instead.

I also found another way to help the family. I noticed that the young man spent a lot of time each day collecting firewood for the family's fire, and at night, I would often take his tools and use them to bring back enough firewood to last for several days.

I remember the first time I did this, the young woman was really surprised when she opened the door in the morning and saw a big pile of wood outside. She exclaimed loudly, and the young man joined her, also looking surprised. I was happy to see that he didn't go to the forest that day, but instead spent his time fixing up the cottage and tending to the garden.

As time went on, I made an even more important discovery. I found out that these people had a way of sharing their thoughts and feelings with each other using spoken language. I realized that the words they spoke could bring joy or sadness, smiles or tears, to the people listening. This was an incredible ability, and I was eager to learn it. However, I was unable to figure it out, no matter how hard I tried. The way they pronounced their words was quick, and the words themselves didn't seem to be connected to anything tangible, so I couldn't find any clues to help me understand what they meant. But after spending several months in my hiding place, I finally started to learn the names of some common objects, like fire, milk, bread, and wood. I also learned the names of the family members: the old man was called Father, the young woman was called Sister or Agatha, and the young man was called Felix, Brother, or Son. I was thrilled when I learned what these words meant and could pronounce them myself. I picked up on a few other words, like good, dearest, and unhappy, but I still didn't fully understand what they meant.

I spent the winter this way. The family's kind nature and beauty had really grown on me, and I found myself feeling down when they were sad and happy when they were joyful.",577,pass,,json_ok,0.866551,500,1eedbe2a4040c0cf655ea511d4a25bf2d918bfaa7050b2d1efd9a5bb4dfe37c0,"A significant amount of time passed before I discovered one of the reasons behind the unease of this lovely family: it was poverty, and they were struggling with it in a really tough way. Their diet consisted entirely of the vegetables from their garden and the milk from one cow, which didn't produce much during the winter when its owners could barely find food to keep it alive. I believe the two younger family members often went hungry, as they would frequently give the older man food while going without themselves.

This act of kindness really moved me. At night, I had been sneaking into their storage to take some food for myself, but when I realized that this was causing the family pain, I stopped and started eating berries, nuts, and roots that I found in a nearby forest instead.

I also found another way to help the family. I noticed that the young man spent a lot of time each day collecting firewood for the family's fire, and at night, I would often take his tools and use them to bring back enough firewood to last for several days.

I remember the first time I did this, the young woman was really surprised when she opened the door in the morning and saw a big pile of wood outside. She exclaimed loudly, and the young man joined her, also looking surprised. I was happy to see that he didn't go to the forest that day, but instead spent his time fixing up the cottage and tending to the garden.

As time went on, I made an even more important discovery. I found out that these people had a way of sharing their thoughts and feelings with each other using spoken language. I realized that the words they spoke could bring joy or sadness, smiles or tears, to the people listening. This was an incredible ability, and I was eager to learn it. However, I was unable to figure it out, no matter how hard I tried. The way they pronounced their words was quick, and the words themselves didn't seem to be connected to anything tangible, so I couldn't find any clues to help me understand what they meant. But after spending several months in my hiding place, I finally started to learn the names of some common objects, like fire, milk, bread, and wood. I also learned the names of the family members: the old man was called Father, the young woman was called Sister or Agatha, and the young man was called Felix, Brother, or Son. I was thrilled when I learned what these words meant and could pronounce them myself. I picked up on a few other words, like good, dearest, and unhappy, but I still didn't fully understand what they meant.

I spent the winter this way. The family's kind nature and beauty had really grown on me, and I found myself feeling down when they were sad and happy when they were joyful.",2026-06-07T18:20:00Z
groq_llama_3_3_70b_free|run_1|SHELLEY_FRANKENSTEIN_014|modernize|qc_repair_v1|json_canonicalized_no_text_change|attempt_1,groq_llama_3_3_70b_free|run_1|SHELLEY_FRANKENSTEIN_014|modernize,llama,groq_llama_3_3_70b_free,llama-3.3-70b-versatile,SHELLEY_FRANKENSTEIN_014,modernize,json_canonicalized_no_text_change,qc_repair_v1,,warning,json_repaired_loose_rewritten_text,json_repaired_loose_rewritten_text,0.905009,524,58fc4637cdb2b00ce3469c82265a5074a1b3dad41c2bb4177bf1d52e2bbc94ba,"They made many gestures that I didn't understand, but I could see that her presence brought happiness to the cottage, dispelling their sadness like the sun burning off the morning fog. Felix seemed especially happy and welcomed his Arabian friend with big smiles. Agatha, who was always kind, kissed the stranger's hands and pointed to her brother, making signs that seemed to mean he had been sad until she arrived. For a few hours, they all showed joy on their faces, but I didn't get what was causing it. Then I noticed that the stranger was trying to learn their language by repeating words after them, and it occurred to me that I could use the same method to learn too. The stranger picked up about twenty words in the first lesson, and although most of them were words I already knew, I still learned from the others.

As night fell, Agatha and the Arabian went to bed early. When they said their goodbyes, Felix kissed the stranger's hand and said, 'Good night, sweet Safie.' He stayed up late talking to his father, and from how often they mentioned her name, I guessed that their beautiful guest was the topic of conversation. I really wanted to understand what they were saying, so I focused all my attention on it, but it was impossible.

The next morning, Felix went to work, and after Agatha finished her usual tasks, the Arabian sat at the old man's feet and started playing the guitar. The music was so beautiful that it brought tears of sadness and joy to my eyes. She sang with a rich, flowing voice that sounded like a nightingale in the woods.

When she finished, she handed the guitar to Agatha, who at first didn't want to take it. But then she played a simple melody, singing along in a sweet voice, although it wasn't as amazing as the stranger's music. The old man seemed completely enchanted and said something that Agatha tried to explain to Safie, which seemed to mean that Agatha's music gave him great pleasure.

From then on, life went back to being peaceful, with the only difference being that joy had replaced sadness on my friends' faces. Safie was always happy and carefree, and she and I quickly improved our language skills. Within two months, I could understand most of what my friends were saying.

Meanwhile, the black earth was covered in green plants, and the banks were filled with countless flowers that smelled sweet and looked beautiful, like stars shining in the moonlight. The sun got warmer, the nights became clear and mild, and I loved taking walks at night, even though they were shorter because the sun set late and rose early. I never went out during the day, though, because I was afraid of being treated badly like I was in the first village I visited.

I spent my days focusing hard on learning the language, and I can say that I improved faster than the Arabian, who understood very little and spoke with a strong accent. I could comprehend and imitate almost every word that was spoken.",579,pass,,json_ok,0.905009,524,58fc4637cdb2b00ce3469c82265a5074a1b3dad41c2bb4177bf1d52e2bbc94ba,"They made many gestures that I didn't understand, but I could see that her presence brought happiness to the cottage, dispelling their sadness like the sun burning off the morning fog. Felix seemed especially happy and welcomed his Arabian friend with big smiles. Agatha, who was always kind, kissed the stranger's hands and pointed to her brother, making signs that seemed to mean he had been sad until she arrived. For a few hours, they all showed joy on their faces, but I didn't get what was causing it. Then I noticed that the stranger was trying to learn their language by repeating words after them, and it occurred to me that I could use the same method to learn too. The stranger picked up about twenty words in the first lesson, and although most of them were words I already knew, I still learned from the others.

As night fell, Agatha and the Arabian went to bed early. When they said their goodbyes, Felix kissed the stranger's hand and said, 'Good night, sweet Safie.' He stayed up late talking to his father, and from how often they mentioned her name, I guessed that their beautiful guest was the topic of conversation. I really wanted to understand what they were saying, so I focused all my attention on it, but it was impossible.

The next morning, Felix went to work, and after Agatha finished her usual tasks, the Arabian sat at the old man's feet and started playing the guitar. The music was so beautiful that it brought tears of sadness and joy to my eyes. She sang with a rich, flowing voice that sounded like a nightingale in the woods.

When she finished, she handed the guitar to Agatha, who at first didn't want to take it. But then she played a simple melody, singing along in a sweet voice, although it wasn't as amazing as the stranger's music. The old man seemed completely enchanted and said something that Agatha tried to explain to Safie, which seemed to mean that Agatha's music gave him great pleasure.

From then on, life went back to being peaceful, with the only difference being that joy had replaced sadness on my friends' faces. Safie was always happy and carefree, and she and I quickly improved our language skills. Within two months, I could understand most of what my friends were saying.

Meanwhile, the black earth was covered in green plants, and the banks were filled with countless flowers that smelled sweet and looked beautiful, like stars shining in the moonlight. The sun got warmer, the nights became clear and mild, and I loved taking walks at night, even though they were shorter because the sun set late and rose early. I never went out during the day, though, because I was afraid of being treated badly like I was in the first village I visited.

I spent my days focusing hard on learning the language, and I can say that I improved faster than the Arabian, who understood very little and spoke with a strong accent. I could comprehend and imitate almost every word that was spoken.",2026-06-07T18:20:00Z
groq_llama_3_3_70b_free|run_1|SHELLEY_FRANKENSTEIN_015|modernize|qc_repair_v1|json_canonicalized_no_text_change|attempt_1,groq_llama_3_3_70b_free|run_1|SHELLEY_FRANKENSTEIN_015|modernize,llama,groq_llama_3_3_70b_free,llama-3.3-70b-versatile,SHELLEY_FRANKENSTEIN_015,modernize,json_canonicalized_no_text_change,qc_repair_v1,,warning,json_repaired_loose_rewritten_text,json_repaired_loose_rewritten_text,0.880208,507,a018b0bab019c11dfb7a04eac66c9290d4833140abdabfaa9b425b7757692c33,"Safie told me that her mother was a Christian Arab who had been captured and enslaved by the Turks. Because of her beauty, she caught the eye of Safie's father, who married her. Safie spoke highly of her mother, who had been born free but was now forced into bondage. Despite this, she taught Safie about her Christian faith and encouraged her to strive for intellectual freedom and independence, values that were discouraged for women in Muslim societies. After her mother's death, Safie was determined to hold on to these lessons. The thought of returning to Asia and being confined to a harem, with only childish pursuits to occupy her time, was unbearable to her. She longed for the freedom to think and act for herself, and the idea of marrying a Christian and living in a country where women had more rights was incredibly appealing.

The day of the Turk's execution was set, but he escaped from prison the night before and was far away from Paris by morning. Felix had obtained passports for himself, his father, and his sister, using his father's name. He had told his father about his plan, and his father had pretended to leave on a trip, hiding with his daughter in a secluded part of the city.

Felix led the group through France to Lyons and then across the Mont Cenis pass to Leghorn, where the merchant was waiting for a chance to sneak into the Turkish territories.

Safie decided to stay with her father until he left, and during this time, the Turk renewed his promise that she would be united with Felix. Felix stayed with them, waiting for this to happen, and he enjoyed Safie's company. They communicated through an interpreter, and sometimes they just looked at each other to understand what the other was thinking. Safie would sing traditional songs from her homeland to Felix.

The Turk allowed Felix and Safie to spend time together and even encouraged their hopes of being together, but secretly, he had other plans. He didn't want his daughter to marry a Christian, but he was afraid of what Felix might do if he found out. The Turk knew that Felix could still turn him in to the authorities if he wanted to. So, he came up with a plan to keep pretending to agree to the marriage until it was no longer necessary, and then he would take Safie with him when he left. News from Paris made it easier for him to carry out his plan.

The French government was furious that the Turk had escaped, and they were doing everything they could to catch and punish the person who had helped him. Felix's plan was soon discovered, and his father and sister were thrown into prison. When Felix heard the news, it woke him up from his dream of happiness. His blind and elderly father and his kind sister were suffering in a dirty prison cell, while he was free to enjoy the company of the woman he loved.",576,pass,,json_ok,0.880208,507,a018b0bab019c11dfb7a04eac66c9290d4833140abdabfaa9b425b7757692c33,"Safie told me that her mother was a Christian Arab who had been captured and enslaved by the Turks. Because of her beauty, she caught the eye of Safie's father, who married her. Safie spoke highly of her mother, who had been born free but was now forced into bondage. Despite this, she taught Safie about her Christian faith and encouraged her to strive for intellectual freedom and independence, values that were discouraged for women in Muslim societies. After her mother's death, Safie was determined to hold on to these lessons. The thought of returning to Asia and being confined to a harem, with only childish pursuits to occupy her time, was unbearable to her. She longed for the freedom to think and act for herself, and the idea of marrying a Christian and living in a country where women had more rights was incredibly appealing.

The day of the Turk's execution was set, but he escaped from prison the night before and was far away from Paris by morning. Felix had obtained passports for himself, his father, and his sister, using his father's name. He had told his father about his plan, and his father had pretended to leave on a trip, hiding with his daughter in a secluded part of the city.

Felix led the group through France to Lyons and then across the Mont Cenis pass to Leghorn, where the merchant was waiting for a chance to sneak into the Turkish territories.

Safie decided to stay with her father until he left, and during this time, the Turk renewed his promise that she would be united with Felix. Felix stayed with them, waiting for this to happen, and he enjoyed Safie's company. They communicated through an interpreter, and sometimes they just looked at each other to understand what the other was thinking. Safie would sing traditional songs from her homeland to Felix.

The Turk allowed Felix and Safie to spend time together and even encouraged their hopes of being together, but secretly, he had other plans. He didn't want his daughter to marry a Christian, but he was afraid of what Felix might do if he found out. The Turk knew that Felix could still turn him in to the authorities if he wanted to. So, he came up with a plan to keep pretending to agree to the marriage until it was no longer necessary, and then he would take Safie with him when he left. News from Paris made it easier for him to carry out his plan.

The French government was furious that the Turk had escaped, and they were doing everything they could to catch and punish the person who had helped him. Felix's plan was soon discovered, and his father and sister were thrown into prison. When Felix heard the news, it woke him up from his dream of happiness. His blind and elderly father and his kind sister were suffering in a dirty prison cell, while he was free to enjoy the company of the woman he loved.",2026-06-07T18:20:00Z
groq_llama_3_3_70b_free|run_1|SHELLEY_FRANKENSTEIN_017|modernize|qc_repair_v1|json_canonicalized_no_text_change|attempt_1,groq_llama_3_3_70b_free|run_1|SHELLEY_FRANKENSTEIN_017|modernize,llama,groq_llama_3_3_70b_free,llama-3.3-70b-versatile,SHELLEY_FRANKENSTEIN_017,modernize,json_canonicalized_no_text_change,qc_repair_v1,,warning,json_repaired_loose_rewritten_text,json_repaired_loose_rewritten_text,0.869718,494,9cd1915104af8d95b481154885e0f38555407468a130a44b8d0770a277040806,"I spent the rest of the day in my hut, consumed by a deep and overwhelming despair. My protectors had left me, and with them, the only connection I had to the world. For the first time, I felt intense anger and hatred, and I didn't try to control these emotions. Instead, I let them take over, focusing my mind on causing harm and destruction. When I thought about my friends, like the gentle De Lacey, the kind Agatha, and the beautiful Arabian, these thoughts faded away, and a wave of tears brought me some comfort. But when I remembered that they had rejected and abandoned me, my anger returned, and I was filled with a rage that I couldn't direct at any human. So, I turned my fury on inanimate objects. As night fell, I gathered various flammable materials around the cottage and, after destroying everything in the garden, I waited impatiently for the moon to set before starting my destruction.

As the night wore on, a strong wind picked up from the woods, quickly clearing the clouds from the sky. The gusts were like a powerful avalanche, and they stirred up a kind of madness in me that broke free from all reason and reflection. I lit a dry tree branch and danced around the cottage with fury, my eyes fixed on the western horizon, where the moon was about to dip below the edge. As the moon disappeared, I waved my torch, and with a loud scream, I set the straw, heath, and bushes I had collected on fire. The wind fueled the flames, and the cottage was quickly engulfed, with the fire clinging to it and licking it with its forked tongues.

As soon as I was sure that nothing could save the cottage, I left the scene and sought refuge in the woods.

Now, with the world ahead of me, where should I go? I decided to flee far from the place of my misfortunes, but as someone hated and despised, every country seemed equally terrifying. Then, I thought of you. I learned from your documents that you were my father, my creator, and who better to turn to than the one who had given me life? From the lessons Felix had taught Safie, I had learned about geography, including the locations of different countries. You had mentioned Geneva as your hometown, and I decided to head in that direction.

But how would I navigate? I knew I had to travel southwest to reach my destination, and the sun was my only guide. I didn't know the names of the towns I would pass through, and I couldn't ask anyone for information. However, I didn't lose hope. My only chance for help was you, even though I felt nothing but hatred towards you. You had given me the ability to perceive and feel, and then you had abandoned me, leaving me to face the scorn and horror of humanity.",568,pass,,json_ok,0.869718,494,9cd1915104af8d95b481154885e0f38555407468a130a44b8d0770a277040806,"I spent the rest of the day in my hut, consumed by a deep and overwhelming despair. My protectors had left me, and with them, the only connection I had to the world. For the first time, I felt intense anger and hatred, and I didn't try to control these emotions. Instead, I let them take over, focusing my mind on causing harm and destruction. When I thought about my friends, like the gentle De Lacey, the kind Agatha, and the beautiful Arabian, these thoughts faded away, and a wave of tears brought me some comfort. But when I remembered that they had rejected and abandoned me, my anger returned, and I was filled with a rage that I couldn't direct at any human. So, I turned my fury on inanimate objects. As night fell, I gathered various flammable materials around the cottage and, after destroying everything in the garden, I waited impatiently for the moon to set before starting my destruction.

As the night wore on, a strong wind picked up from the woods, quickly clearing the clouds from the sky. The gusts were like a powerful avalanche, and they stirred up a kind of madness in me that broke free from all reason and reflection. I lit a dry tree branch and danced around the cottage with fury, my eyes fixed on the western horizon, where the moon was about to dip below the edge. As the moon disappeared, I waved my torch, and with a loud scream, I set the straw, heath, and bushes I had collected on fire. The wind fueled the flames, and the cottage was quickly engulfed, with the fire clinging to it and licking it with its forked tongues.

As soon as I was sure that nothing could save the cottage, I left the scene and sought refuge in the woods.

Now, with the world ahead of me, where should I go? I decided to flee far from the place of my misfortunes, but as someone hated and despised, every country seemed equally terrifying. Then, I thought of you. I learned from your documents that you were my father, my creator, and who better to turn to than the one who had given me life? From the lessons Felix had taught Safie, I had learned about geography, including the locations of different countries. You had mentioned Geneva as your hometown, and I decided to head in that direction.

But how would I navigate? I knew I had to travel southwest to reach my destination, and the sun was my only guide. I didn't know the names of the towns I would pass through, and I couldn't ask anyone for information. However, I didn't lose hope. My only chance for help was you, even though I felt nothing but hatred towards you. You had given me the ability to perceive and feel, and then you had abandoned me, leaving me to face the scorn and horror of humanity.",2026-06-07T18:20:00Z
groq_llama_3_3_70b_free|run_1|SHELLEY_FRANKENSTEIN_019|modernize|qc_repair_v1|json_canonicalized_no_text_change|attempt_1,groq_llama_3_3_70b_free|run_1|SHELLEY_FRANKENSTEIN_019|modernize,llama,groq_llama_3_3_70b_free,llama-3.3-70b-versatile,SHELLEY_FRANKENSTEIN_019,modernize,json_canonicalized_no_text_change,qc_repair_v1,,warning,json_repaired_loose_rewritten_text,json_repaired_loose_rewritten_text,0.946429,530,041c0bd87b44854c069b69a24c86e149bfe4cd3914aaf3f96d7f4855291f0de7,"A significant change had taken place in me; my health, which had been declining, was now much improved, and my mood, when not weighed down by the memory of my unhappy promise, had lifted accordingly. My father noticed this change with pleasure and began thinking about how to eliminate the remaining traces of my melancholy, which would still resurface from time to time, casting a dark shadow over the approaching happiness. During these moments, I would seek refuge in complete solitude. I spent entire days alone on the lake in a small boat, watching the clouds and listening to the gentle lapping of the waves, silent and lethargic. However, the fresh air and bright sunshine usually managed to restore me to some degree of calmness, and when I returned, I greeted my friends with a more genuine smile and a more cheerful heart.

After one of these solo outings, my father called me aside and said, 'I'm happy to see, my dear son, that you've started enjoying your old hobbies again and seem to be getting back to yourself. Yet, you still seem unhappy and avoid spending time with us. For a while, I was puzzled about the reason for this, but yesterday an idea occurred to me, and if it's correct, I urge you to be honest about it. Keeping this to yourself would not only be pointless but could also bring triple the misery to all of us.'

I trembled violently at his words, and my father continued, 'I confess, my son, that I've always looked forward to your marriage to our dear Elizabeth as the key to our family's happiness and the comfort of my later years. You two have been close since childhood; you studied together and seemed to have similar personalities and interests. However, human experience can be misleading, and what I thought would bring us together may have actually driven you apart. Perhaps you see Elizabeth as just a sister, without any desire to marry her. Or maybe you've met someone else you love, and feeling obligated to Elizabeth, this inner conflict could be causing the intense pain you seem to be feeling.'

'My dear father, please don't worry,' I replied. 'I love my cousin Elizabeth deeply and sincerely. I've never met anyone who inspires my warmest admiration and affection like she does. My future hopes and dreams are entirely tied to the prospect of us being together.'

'The way you feel about this, my dear Victor, brings me more joy than I've felt in a long time,' my father said. 'If you truly feel this way, we'll definitely be happy, no matter how difficult things seem right now. But it's this sadness that seems to have such a strong hold on you that I want to help you overcome. So, tell me, do you object to getting married soon? We've had some tough times lately, and recent events have disrupted the peaceful life that's suitable for someone of my age and health. You're younger, and I don't think an early marriage would interfere with any future plans you may have for your career or personal growth, considering you have a stable financial situation.'",560,pass,,json_ok,0.946429,530,041c0bd87b44854c069b69a24c86e149bfe4cd3914aaf3f96d7f4855291f0de7,"A significant change had taken place in me; my health, which had been declining, was now much improved, and my mood, when not weighed down by the memory of my unhappy promise, had lifted accordingly. My father noticed this change with pleasure and began thinking about how to eliminate the remaining traces of my melancholy, which would still resurface from time to time, casting a dark shadow over the approaching happiness. During these moments, I would seek refuge in complete solitude. I spent entire days alone on the lake in a small boat, watching the clouds and listening to the gentle lapping of the waves, silent and lethargic. However, the fresh air and bright sunshine usually managed to restore me to some degree of calmness, and when I returned, I greeted my friends with a more genuine smile and a more cheerful heart.

After one of these solo outings, my father called me aside and said, 'I'm happy to see, my dear son, that you've started enjoying your old hobbies again and seem to be getting back to yourself. Yet, you still seem unhappy and avoid spending time with us. For a while, I was puzzled about the reason for this, but yesterday an idea occurred to me, and if it's correct, I urge you to be honest about it. Keeping this to yourself would not only be pointless but could also bring triple the misery to all of us.'

I trembled violently at his words, and my father continued, 'I confess, my son, that I've always looked forward to your marriage to our dear Elizabeth as the key to our family's happiness and the comfort of my later years. You two have been close since childhood; you studied together and seemed to have similar personalities and interests. However, human experience can be misleading, and what I thought would bring us together may have actually driven you apart. Perhaps you see Elizabeth as just a sister, without any desire to marry her. Or maybe you've met someone else you love, and feeling obligated to Elizabeth, this inner conflict could be causing the intense pain you seem to be feeling.'

'My dear father, please don't worry,' I replied. 'I love my cousin Elizabeth deeply and sincerely. I've never met anyone who inspires my warmest admiration and affection like she does. My future hopes and dreams are entirely tied to the prospect of us being together.'

'The way you feel about this, my dear Victor, brings me more joy than I've felt in a long time,' my father said. 'If you truly feel this way, we'll definitely be happy, no matter how difficult things seem right now. But it's this sadness that seems to have such a strong hold on you that I want to help you overcome. So, tell me, do you object to getting married soon? We've had some tough times lately, and recent events have disrupted the peaceful life that's suitable for someone of my age and health. You're younger, and I don't think an early marriage would interfere with any future plans you may have for your career or personal growth, considering you have a stable financial situation.'",2026-06-07T18:20:00Z
groq_llama_3_3_70b_free|run_1|SHELLEY_FRANKENSTEIN_020|modernize|qc_repair_v1|json_canonicalized_no_text_change|attempt_1,groq_llama_3_3_70b_free|run_1|SHELLEY_FRANKENSTEIN_020|modernize,llama,groq_llama_3_3_70b_free,llama-3.3-70b-versatile,SHELLEY_FRANKENSTEIN_020,modernize,json_canonicalized_no_text_change,qc_repair_v1,,warning,json_repaired_loose_rewritten_text,json_repaired_loose_rewritten_text,0.92446,514,b92bae9a929feeb6b6a2c9e8c45caa4828e37b4746f7131e2bf0b748d9bb19d0,"We visited the tomb of the renowned Hampden and the site where the patriot fell. For a moment, my spirit was lifted from its degrading and miserable fears to contemplate the profound concepts of freedom and self-sacrifice that these sights represented. I momentarily dared to break free from my constraints and look around me with a sense of liberation and a lofty spirit, but the emotional pain had taken its toll, and I sank back into my miserable state, trembling and hopeless.

We left Oxford with regret and headed to Matlock, our next destination. The surrounding countryside resembled the scenery of Switzerland, but on a smaller scale, and the green hills lacked the majestic backdrop of distant white Alps that always accompanied the pine-covered mountains of my homeland. We explored the incredible cave and the small natural history exhibits, where the curiosities were displayed in a similar manner to those in the collections at Servox and Chamounix. When Henry mentioned the latter name, I trembled, and I quickly wanted to leave Matlock, as it was now associated with that horrific scene.

From Derby, we continued our journey north and spent two months in Cumberland and Westmorland. I almost felt like I was back in the Swiss mountains. The remaining patches of snow on the northern sides of the mountains, the lakes, and the rushing rocky streams were all familiar and dear to me. We also made some acquaintances who almost managed to bring me happiness. Clerval's delight was even greater than mine; his mind thrived in the company of talented individuals, and he discovered greater potential within himself than he thought he possessed when he was surrounded by people who were inferior to him. 'I could spend my life here,' he said to me, 'and among these mountains, I would hardly miss Switzerland and the Rhine.'

But he realized that a traveler's life is one that involves a lot of pain amidst its pleasures. A traveler's emotions are always on edge, and when they start to relax, they have to leave the things that bring them joy to experience something new, which in turn captures their attention, only to be abandoned for other novelties.

We had barely visited the various lakes of Cumberland and Westmorland and formed a connection with some of the locals when our scheduled meeting with our Scottish friend approached, and we had to leave. For my part, I wasn't sorry to go. I had neglected my promise for some time, and I feared the consequences of disappointing the demon. He might still be in Switzerland, seeking revenge on my family. This thought haunted me and tormented me at every moment, depriving me of any potential rest and peace. I anxiously awaited my letters, and if they were delayed, I was miserable and overwhelmed by a thousand fears. When the letters arrived, and I saw that they were from Elizabeth or my father, I hardly dared to read them and discover my fate. Sometimes I thought that the monster was following me and might hasten my punishment by killing my companion.",556,pass,,json_ok,0.92446,514,b92bae9a929feeb6b6a2c9e8c45caa4828e37b4746f7131e2bf0b748d9bb19d0,"We visited the tomb of the renowned Hampden and the site where the patriot fell. For a moment, my spirit was lifted from its degrading and miserable fears to contemplate the profound concepts of freedom and self-sacrifice that these sights represented. I momentarily dared to break free from my constraints and look around me with a sense of liberation and a lofty spirit, but the emotional pain had taken its toll, and I sank back into my miserable state, trembling and hopeless.

We left Oxford with regret and headed to Matlock, our next destination. The surrounding countryside resembled the scenery of Switzerland, but on a smaller scale, and the green hills lacked the majestic backdrop of distant white Alps that always accompanied the pine-covered mountains of my homeland. We explored the incredible cave and the small natural history exhibits, where the curiosities were displayed in a similar manner to those in the collections at Servox and Chamounix. When Henry mentioned the latter name, I trembled, and I quickly wanted to leave Matlock, as it was now associated with that horrific scene.

From Derby, we continued our journey north and spent two months in Cumberland and Westmorland. I almost felt like I was back in the Swiss mountains. The remaining patches of snow on the northern sides of the mountains, the lakes, and the rushing rocky streams were all familiar and dear to me. We also made some acquaintances who almost managed to bring me happiness. Clerval's delight was even greater than mine; his mind thrived in the company of talented individuals, and he discovered greater potential within himself than he thought he possessed when he was surrounded by people who were inferior to him. 'I could spend my life here,' he said to me, 'and among these mountains, I would hardly miss Switzerland and the Rhine.'

But he realized that a traveler's life is one that involves a lot of pain amidst its pleasures. A traveler's emotions are always on edge, and when they start to relax, they have to leave the things that bring them joy to experience something new, which in turn captures their attention, only to be abandoned for other novelties.

We had barely visited the various lakes of Cumberland and Westmorland and formed a connection with some of the locals when our scheduled meeting with our Scottish friend approached, and we had to leave. For my part, I wasn't sorry to go. I had neglected my promise for some time, and I feared the consequences of disappointing the demon. He might still be in Switzerland, seeking revenge on my family. This thought haunted me and tormented me at every moment, depriving me of any potential rest and peace. I anxiously awaited my letters, and if they were delayed, I was miserable and overwhelmed by a thousand fears. When the letters arrived, and I saw that they were from Elizabeth or my father, I hardly dared to read them and discover my fate. Sometimes I thought that the monster was following me and might hasten my punishment by killing my companion.",2026-06-07T18:20:00Z
groq_llama_3_3_70b_free|run_1|TWAIN_HUCKLEBERRY_FINN_001|modernize|qc_repair_v1|json_canonicalized_no_text_change|attempt_1,groq_llama_3_3_70b_free|run_1|TWAIN_HUCKLEBERRY_FINN_001|modernize,llama,groq_llama_3_3_70b_free,llama-3.3-70b-versatile,TWAIN_HUCKLEBERRY_FINN_001,modernize,json_canonicalized_no_text_change,qc_repair_v1,,warning,json_repaired_loose_rewritten_text,json_repaired_loose_rewritten_text,0.950266,535,4f0cdf193b17c9c32bd6c374ae46e92464bb739ddeb75c7f9fe62b7d422420a5,"I climbed up the shed and snuck into my window just before dawn. My new clothes were all stained and muddy, and I was exhausted. 

Well, I got a good scolding from old Miss Watson in the morning because of my clothes, but the widow didn't yell at me. Instead, she just cleaned off the stains and mud, and looked so sorry for me that I thought I'd try to behave for a while if I could. Then Miss Watson took me into the closet and prayed, but nothing came of it. She told me to pray every day and that I'd get whatever I asked for. But that wasn't true. I tried it once and got a fishing line, but no hooks. It was useless to me without hooks. I tried praying for the hooks a few times, but somehow I just couldn't make it work. One day, I asked Miss Watson to try praying for me, but she said I was foolish. She never told me why, and I couldn't figure it out.

I sat down in the woods one time and thought about it for a long time. I said to myself, if you can get anything you pray for, why can't Deacon Winn get back the money he lost on pork? Why can't the widow get back her stolen silver snuffbox? Why can't Miss Watson lose some weight? No, I said to myself, there's nothing to it. I went and told the widow about it, and she said the thing you can get by praying for it is 'spiritual gifts.' This was too much for me to understand, but she explained that it means I should help other people, do everything I can for them, look out for them all the time, and never think about myself. This included Miss Watson, as I understood it. I went out into the woods and thought about it for a long time, but I couldn't see any advantage to it, except for the other people. So, I decided I wouldn't worry about it anymore and just let it go. Sometimes the widow would take me aside and talk about Providence in a way that made my mouth water, but maybe the next day Miss Watson would take over and knock it all down again. I figured I could see that there were two different Providences, and a poor guy would have a pretty good chance with the widow's Providence, but if Miss Watson's got him, there was no hope for him. I thought it all through, and I decided I'd rather belong to the widow's side if I had to choose, though I couldn't figure out how it would make me any better off than I was before, considering how ignorant and low-down I was.

My dad hadn't been seen for over a year, and that was a relief for me. I didn't want to see him anymore. He used to always beat me when he was sober and could catch me, though I usually ran into the woods when he was around. Well, around this time, he was found drowned in the river, about twelve miles upstream from town, or so people said.",563,pass,,json_ok,0.950266,535,4f0cdf193b17c9c32bd6c374ae46e92464bb739ddeb75c7f9fe62b7d422420a5,"I climbed up the shed and snuck into my window just before dawn. My new clothes were all stained and muddy, and I was exhausted. 

Well, I got a good scolding from old Miss Watson in the morning because of my clothes, but the widow didn't yell at me. Instead, she just cleaned off the stains and mud, and looked so sorry for me that I thought I'd try to behave for a while if I could. Then Miss Watson took me into the closet and prayed, but nothing came of it. She told me to pray every day and that I'd get whatever I asked for. But that wasn't true. I tried it once and got a fishing line, but no hooks. It was useless to me without hooks. I tried praying for the hooks a few times, but somehow I just couldn't make it work. One day, I asked Miss Watson to try praying for me, but she said I was foolish. She never told me why, and I couldn't figure it out.

I sat down in the woods one time and thought about it for a long time. I said to myself, if you can get anything you pray for, why can't Deacon Winn get back the money he lost on pork? Why can't the widow get back her stolen silver snuffbox? Why can't Miss Watson lose some weight? No, I said to myself, there's nothing to it. I went and told the widow about it, and she said the thing you can get by praying for it is 'spiritual gifts.' This was too much for me to understand, but she explained that it means I should help other people, do everything I can for them, look out for them all the time, and never think about myself. This included Miss Watson, as I understood it. I went out into the woods and thought about it for a long time, but I couldn't see any advantage to it, except for the other people. So, I decided I wouldn't worry about it anymore and just let it go. Sometimes the widow would take me aside and talk about Providence in a way that made my mouth water, but maybe the next day Miss Watson would take over and knock it all down again. I figured I could see that there were two different Providences, and a poor guy would have a pretty good chance with the widow's Providence, but if Miss Watson's got him, there was no hope for him. I thought it all through, and I decided I'd rather belong to the widow's side if I had to choose, though I couldn't figure out how it would make me any better off than I was before, considering how ignorant and low-down I was.

My dad hadn't been seen for over a year, and that was a relief for me. I didn't want to see him anymore. He used to always beat me when he was sober and could catch me, though I usually ran into the woods when he was around. Well, around this time, he was found drowned in the river, about twelve miles upstream from town, or so people said.",2026-06-07T18:20:00Z
groq_llama_3_3_70b_free|run_1|TWAIN_HUCKLEBERRY_FINN_001|simplify|qc_repair_v1|json_canonicalized_no_text_change|attempt_1,groq_llama_3_3_70b_free|run_1|TWAIN_HUCKLEBERRY_FINN_001|simplify,llama,groq_llama_3_3_70b_free,llama-3.3-70b-versatile,TWAIN_HUCKLEBERRY_FINN_001,simplify,json_canonicalized_no_text_change,qc_repair_v1,,warning,json_repaired_loose_rewritten_text,json_repaired_loose_rewritten_text,0.886323,499,b6d39f0de89ec98792e05e32fa64fbe12736fa2594047a4374bf42c3df311294,"I climbed up the shed and sneaked into my window just before dawn. My new clothes were all stained and dirty, and I was extremely tired.

In the morning, I got in trouble with old Miss Watson because of my clothes. But the widow didn't scold me. Instead, she cleaned the stains and looked at me with such sadness that I thought I would try to behave for a while. Then Miss Watson took me to the closet and prayed with me, but nothing seemed to happen. She told me to pray every day and that I would get whatever I asked for. But that wasn't true. I tried praying for a fishing line, and I got one, but it didn't have any hooks. It was useless to me without hooks. I tried praying for hooks several times, but it didn't work. One day, I asked Miss Watson to try praying for me, but she said I was foolish. She didn't explain why, and I couldn't understand it.

I sat down in the woods one day and thought about it for a long time. I asked myself, if praying can get you anything, why can't Deacon Winn get back the money he lost on pork? Why can't the widow get back her stolen silver snuffbox? Why can't Miss Watson gain some weight? I thought to myself, there's nothing to it. I told the widow about my doubts, and she said that the only thing you can get from praying is spiritual gifts. She explained that this means helping others, doing everything you can for them, and always looking out for them, never thinking of yourself. This included being kind to Miss Watson, as I understood it. I thought about it for a long time in the woods, but I couldn't see any benefit to it, except for the other people. So, I decided not to worry about it anymore and just let it go. Sometimes the widow would talk to me about Providence in a way that made me feel good, but the next day Miss Watson would contradict her and make me feel bad again. I thought I could see that there were two different ideas of Providence, and a person would be better off with the widow's idea. But if Miss Watson's idea took over, there was no hope. I thought about it and decided that if I had to choose, I would rather follow the widow's idea, even though I didn't understand how it would make me any better, considering how ignorant and low-down I was.

My father, Pap, had been gone for over a year, and that was a relief for me. I didn't want to see him again. He used to beat me when he was sober and could catch me, so I usually ran away to the woods when he was around. Around that time, his body was found in the river, drowned, about twelve miles upstream from town, or so people said.",563,pass,,json_ok,0.886323,499,b6d39f0de89ec98792e05e32fa64fbe12736fa2594047a4374bf42c3df311294,"I climbed up the shed and sneaked into my window just before dawn. My new clothes were all stained and dirty, and I was extremely tired.

In the morning, I got in trouble with old Miss Watson because of my clothes. But the widow didn't scold me. Instead, she cleaned the stains and looked at me with such sadness that I thought I would try to behave for a while. Then Miss Watson took me to the closet and prayed with me, but nothing seemed to happen. She told me to pray every day and that I would get whatever I asked for. But that wasn't true. I tried praying for a fishing line, and I got one, but it didn't have any hooks. It was useless to me without hooks. I tried praying for hooks several times, but it didn't work. One day, I asked Miss Watson to try praying for me, but she said I was foolish. She didn't explain why, and I couldn't understand it.

I sat down in the woods one day and thought about it for a long time. I asked myself, if praying can get you anything, why can't Deacon Winn get back the money he lost on pork? Why can't the widow get back her stolen silver snuffbox? Why can't Miss Watson gain some weight? I thought to myself, there's nothing to it. I told the widow about my doubts, and she said that the only thing you can get from praying is spiritual gifts. She explained that this means helping others, doing everything you can for them, and always looking out for them, never thinking of yourself. This included being kind to Miss Watson, as I understood it. I thought about it for a long time in the woods, but I couldn't see any benefit to it, except for the other people. So, I decided not to worry about it anymore and just let it go. Sometimes the widow would talk to me about Providence in a way that made me feel good, but the next day Miss Watson would contradict her and make me feel bad again. I thought I could see that there were two different ideas of Providence, and a person would be better off with the widow's idea. But if Miss Watson's idea took over, there was no hope. I thought about it and decided that if I had to choose, I would rather follow the widow's idea, even though I didn't understand how it would make me any better, considering how ignorant and low-down I was.

My father, Pap, had been gone for over a year, and that was a relief for me. I didn't want to see him again. He used to beat me when he was sober and could catch me, so I usually ran away to the woods when he was around. Around that time, his body was found in the river, drowned, about twelve miles upstream from town, or so people said.",2026-06-07T18:20:00Z
groq_llama_3_3_70b_free|run_1|TWAIN_HUCKLEBERRY_FINN_003|modernize|qc_repair_v1|json_canonicalized_no_text_change|attempt_1,groq_llama_3_3_70b_free|run_1|TWAIN_HUCKLEBERRY_FINN_003|modernize,llama,groq_llama_3_3_70b_free,llama-3.3-70b-versatile,TWAIN_HUCKLEBERRY_FINN_003,modernize,json_canonicalized_no_text_change,qc_repair_v1,,warning,json_repaired_loose_rewritten_text,json_repaired_loose_rewritten_text,0.982047,547,4062f77556352f7830992afbb486deca7efd14a8265ea7c428c1ab25d10bf958,"I just expected someone would be hiding in it, because people often did that to trick others, and when someone had pulled a small boat out most of the way, they'd jump up and laugh. But that wasn't the case this time. It was definitely a drift canoe, and I climbed in and paddled it to shore. I thought to myself, the old man will be happy when he sees this - it's worth about ten dollars. But when I got to shore, my dad wasn't in sight yet, and as I was pulling the canoe into a small creek lined with vines and willows, I had another idea: I figured I'd hide it well, and instead of running into the woods when I took off, I'd go down the river about fifty miles and set up camp in one place for good, and not have such a tough time walking on foot.

It was pretty close to our shack, and I thought I heard my dad coming all the time, but I managed to hide the canoe; then I went out and looked around a bunch of willows, and there was my dad down the path a ways, taking aim at a bird with his gun. So he hadn't seen anything.

When he came along, I was busy pulling in a fishing line. He scolded me a bit for being so slow, but I told him I fell into the river, and that's what made me so late. I knew he'd see that I was wet, and then he'd start asking questions. We caught five catfish on the lines and headed home.

While we were resting after breakfast, both of us being pretty exhausted, I started thinking that if I could come up with a way to keep my dad and the widow from trying to follow me, it would be more reliable than just relying on luck to get far enough away before they missed me; you see, all sorts of things could happen. Well, I didn't see a way to do it for a while, but then my dad sat up for a minute to drink some water, and he said:

'Next time someone comes snooping around here, you wake me up, got it? That guy wasn't here for any good reason. I would've shot him. Next time you wake me up, you hear?'

Then he lay back down and went to sleep again, but what he had said gave me the idea I needed. I thought to myself, I can make it work now so nobody will think of following me.

Around twelve o'clock, we got up and went along the riverbank. The river was rising pretty quickly, and a lot of driftwood was floating by. After a while, a log raft came by - nine logs tied together. We went out in the skiff and towed it to shore. Then we had dinner. Anyone but my dad would've waited out the day to catch more stuff, but that wasn't his style. Nine logs were enough for one time; he had to head straight to town and sell them. So he locked me in and took the skiff, and started off towing the raft around three thirty. I figured he wouldn't be back that night.",557,pass,,json_ok,0.982047,547,4062f77556352f7830992afbb486deca7efd14a8265ea7c428c1ab25d10bf958,"I just expected someone would be hiding in it, because people often did that to trick others, and when someone had pulled a small boat out most of the way, they'd jump up and laugh. But that wasn't the case this time. It was definitely a drift canoe, and I climbed in and paddled it to shore. I thought to myself, the old man will be happy when he sees this - it's worth about ten dollars. But when I got to shore, my dad wasn't in sight yet, and as I was pulling the canoe into a small creek lined with vines and willows, I had another idea: I figured I'd hide it well, and instead of running into the woods when I took off, I'd go down the river about fifty miles and set up camp in one place for good, and not have such a tough time walking on foot.

It was pretty close to our shack, and I thought I heard my dad coming all the time, but I managed to hide the canoe; then I went out and looked around a bunch of willows, and there was my dad down the path a ways, taking aim at a bird with his gun. So he hadn't seen anything.

When he came along, I was busy pulling in a fishing line. He scolded me a bit for being so slow, but I told him I fell into the river, and that's what made me so late. I knew he'd see that I was wet, and then he'd start asking questions. We caught five catfish on the lines and headed home.

While we were resting after breakfast, both of us being pretty exhausted, I started thinking that if I could come up with a way to keep my dad and the widow from trying to follow me, it would be more reliable than just relying on luck to get far enough away before they missed me; you see, all sorts of things could happen. Well, I didn't see a way to do it for a while, but then my dad sat up for a minute to drink some water, and he said:

'Next time someone comes snooping around here, you wake me up, got it? That guy wasn't here for any good reason. I would've shot him. Next time you wake me up, you hear?'

Then he lay back down and went to sleep again, but what he had said gave me the idea I needed. I thought to myself, I can make it work now so nobody will think of following me.

Around twelve o'clock, we got up and went along the riverbank. The river was rising pretty quickly, and a lot of driftwood was floating by. After a while, a log raft came by - nine logs tied together. We went out in the skiff and towed it to shore. Then we had dinner. Anyone but my dad would've waited out the day to catch more stuff, but that wasn't his style. Nine logs were enough for one time; he had to head straight to town and sell them. So he locked me in and took the skiff, and started off towing the raft around three thirty. I figured he wouldn't be back that night.",2026-06-07T18:20:00Z
groq_llama_3_3_70b_free|run_1|TWAIN_HUCKLEBERRY_FINN_005|modernize|qc_repair_v1|json_canonicalized_no_text_change|attempt_1,groq_llama_3_3_70b_free|run_1|TWAIN_HUCKLEBERRY_FINN_005|modernize,llama,groq_llama_3_3_70b_free,llama-3.3-70b-versatile,TWAIN_HUCKLEBERRY_FINN_005,modernize,json_canonicalized_no_text_change,qc_repair_v1,,warning,json_repaired_loose_rewritten_text,json_repaired_loose_rewritten_text,1.025,574,84f293e3fcb14e69cea74eddec4152ab17971ef9b62d08e19c04e6fb71e8b55e,"Well, I had a notion I could land almost anywhere, but I couldn't - the bank was too steep. I was almost to the foot of the island before I found a good spot. I went into the woods and decided I wouldn't mess with rafts anymore, as long as they were moving the lantern around like that. I had my pipe, a plug of tobacco, and some matches in my cap, and they weren't wet, so I was all set.

And so you haven't had any meat or bread to eat all this time? Why didn't you catch some mud turtles?

How are you supposed to catch them? You can't sneak up on them and grab them, and how are you going to hit them with a rock? How could you do it at night? And I wasn't going to show myself on the bank during the day.

Well, that's true. You've had to stay in the woods the whole time, of course. Did you hear them shooting the cannon?

Oh, yes. I knew they were after you. I saw them go by here - watched them through the bushes.

Some young birds came along, flying a yard or two at a time and landing. Jim said it was a sign that it was going to rain. He said it was a sign when young chickens flew like that, and so he figured it was the same with young birds. I was going to catch some of them, but Jim wouldn't let me. He said it was bad luck. He said his father had been really sick once, and some people caught a bird, and his old grandmother said his father would die, and he did.

And Jim said you shouldn't count the things you're going to cook for dinner, because that would bring bad luck. The same if you shook the tablecloth after sundown. And he said if a man owned a beehive and that man died, the bees had to be told about it before sunrise the next morning, or else the bees would all get weak and quit working and die. Jim said bees wouldn't sting people with intellectual disabilities, but I didn't believe that, because I had tried it many times myself, and they wouldn't sting me.

I had heard about some of these things before, but not all of them. Jim knew all kinds of signs. He said he knew almost everything. I said it seemed to me like all the signs were about bad luck, so I asked him if there weren't any good-luck signs. He said:

There are very few, and they're not much use to anyone. What do you want to know when good luck is coming for? Do you want to keep it away? And he said: If you have hairy arms and a hairy chest, it's a sign that you're going to be rich. Well, there's some use in a sign like that, because it's so far ahead. You see, maybe you have to be poor for a long time first, and so you might get discouraged and hurt yourself if you didn't know from the sign that you're going to be rich someday.

Do you have hairy arms and a hairy chest, Jim?

What's the point of asking that question? Can't you see that I do?

Well, are you rich?

No, but I have been rich before, and I'm going to be rich again.",560,pass,,json_ok,1.025,574,84f293e3fcb14e69cea74eddec4152ab17971ef9b62d08e19c04e6fb71e8b55e,"Well, I had a notion I could land almost anywhere, but I couldn't - the bank was too steep. I was almost to the foot of the island before I found a good spot. I went into the woods and decided I wouldn't mess with rafts anymore, as long as they were moving the lantern around like that. I had my pipe, a plug of tobacco, and some matches in my cap, and they weren't wet, so I was all set.

And so you haven't had any meat or bread to eat all this time? Why didn't you catch some mud turtles?

How are you supposed to catch them? You can't sneak up on them and grab them, and how are you going to hit them with a rock? How could you do it at night? And I wasn't going to show myself on the bank during the day.

Well, that's true. You've had to stay in the woods the whole time, of course. Did you hear them shooting the cannon?

Oh, yes. I knew they were after you. I saw them go by here - watched them through the bushes.

Some young birds came along, flying a yard or two at a time and landing. Jim said it was a sign that it was going to rain. He said it was a sign when young chickens flew like that, and so he figured it was the same with young birds. I was going to catch some of them, but Jim wouldn't let me. He said it was bad luck. He said his father had been really sick once, and some people caught a bird, and his old grandmother said his father would die, and he did.

And Jim said you shouldn't count the things you're going to cook for dinner, because that would bring bad luck. The same if you shook the tablecloth after sundown. And he said if a man owned a beehive and that man died, the bees had to be told about it before sunrise the next morning, or else the bees would all get weak and quit working and die. Jim said bees wouldn't sting people with intellectual disabilities, but I didn't believe that, because I had tried it many times myself, and they wouldn't sting me.

I had heard about some of these things before, but not all of them. Jim knew all kinds of signs. He said he knew almost everything. I said it seemed to me like all the signs were about bad luck, so I asked him if there weren't any good-luck signs. He said:

There are very few, and they're not much use to anyone. What do you want to know when good luck is coming for? Do you want to keep it away? And he said: If you have hairy arms and a hairy chest, it's a sign that you're going to be rich. Well, there's some use in a sign like that, because it's so far ahead. You see, maybe you have to be poor for a long time first, and so you might get discouraged and hurt yourself if you didn't know from the sign that you're going to be rich someday.

Do you have hairy arms and a hairy chest, Jim?

What's the point of asking that question? Can't you see that I do?

Well, are you rich?

No, but I have been rich before, and I'm going to be rich again.",2026-06-07T18:20:00Z
groq_llama_3_3_70b_free|run_1|TWAIN_HUCKLEBERRY_FINN_005|paraphrase|qc_repair_v1|json_canonicalized_no_text_change|attempt_1,groq_llama_3_3_70b_free|run_1|TWAIN_HUCKLEBERRY_FINN_005|paraphrase,llama,groq_llama_3_3_70b_free,llama-3.3-70b-versatile,TWAIN_HUCKLEBERRY_FINN_005,paraphrase,json_canonicalized_no_text_change,qc_repair_v1,,warning,json_repaired_loose_rewritten_text,json_repaired_loose_rewritten_text,0.978571,548,ea27b7a8261102ed4ea9f8173c788e972412847100fed717a07fae611f190db7,"I thought I could land almost anywhere, but it wasn't that easy - the bank was too steep. I was nearly at the foot of the island before I found a suitable spot. I decided to head into the woods, figuring it was pointless to mess with rafts as long as they were moving the lantern around. I had my pipe, some dog-leg tobacco, and matches in my cap, which weren't wet, so I was all set.

And you haven't had any meat or bread to eat this whole time? Why didn't you catch some mud-turkles?

How were you supposed to catch them? You can't sneak up on them and grab them, and it's not like you can hit them with a rock. It's not like you could even try in the daytime without being seen.

That's true, you've had to stay in the woods the whole time. Did you hear them shooting the cannon?

Oh, yes. I knew they were after you. I saw them go by, watching them through the bushes.

Some young birds flew by, going a yard or two at a time and then landing. Jim said it was a sign that it was going to rain. He claimed that when young chickens flew like that, it meant rain, and he figured it was the same with young birds. I was going to catch some, but Jim wouldn't let me. He said it was bad luck. He told me that his father had been very sick once, and someone caught a bird, and his old grandmother said his father would die - and he did.

Jim also said you shouldn't count the things you're going to cook for dinner, or it would bring bad luck. And if you shook the tablecloth after sundown, that was bad luck too. He said that if a man owned a beehive and died, the bees had to be told about it before sunrise the next morning, or they would all get weak and stop working and die. Jim said bees wouldn't sting idiots, but I didn't believe him - I'd tried it before, and they didn't sting me.

I'd heard some of these things before, but not all of them. Jim knew all sorts of signs and superstitions. He claimed he knew almost everything. I pointed out that all the signs seemed to be about bad luck, so I asked him if there weren't any good-luck signs. He said:

There are hardly any, and they're not much use to you anyway. What's the point of knowing when good luck is coming? Do you want to try to avoid it? He said that if you have hairy arms and a hairy chest, it's a sign that you're going to be rich. Well, that's a sign that's actually useful, because it's something that might happen a long time from now. You see, you might have to be poor for a while first, and if you didn't know that you were going to be rich eventually, you might get discouraged and do something to hurt yourself.

Do you have hairy arms and a hairy chest, Jim?

What's the point of asking that? Can't you see that I do?

Well, are you rich?

No, but I have been rich before, and I'll be rich again.",560,pass,,json_ok,0.978571,548,ea27b7a8261102ed4ea9f8173c788e972412847100fed717a07fae611f190db7,"I thought I could land almost anywhere, but it wasn't that easy - the bank was too steep. I was nearly at the foot of the island before I found a suitable spot. I decided to head into the woods, figuring it was pointless to mess with rafts as long as they were moving the lantern around. I had my pipe, some dog-leg tobacco, and matches in my cap, which weren't wet, so I was all set.

And you haven't had any meat or bread to eat this whole time? Why didn't you catch some mud-turkles?

How were you supposed to catch them? You can't sneak up on them and grab them, and it's not like you can hit them with a rock. It's not like you could even try in the daytime without being seen.

That's true, you've had to stay in the woods the whole time. Did you hear them shooting the cannon?

Oh, yes. I knew they were after you. I saw them go by, watching them through the bushes.

Some young birds flew by, going a yard or two at a time and then landing. Jim said it was a sign that it was going to rain. He claimed that when young chickens flew like that, it meant rain, and he figured it was the same with young birds. I was going to catch some, but Jim wouldn't let me. He said it was bad luck. He told me that his father had been very sick once, and someone caught a bird, and his old grandmother said his father would die - and he did.

Jim also said you shouldn't count the things you're going to cook for dinner, or it would bring bad luck. And if you shook the tablecloth after sundown, that was bad luck too. He said that if a man owned a beehive and died, the bees had to be told about it before sunrise the next morning, or they would all get weak and stop working and die. Jim said bees wouldn't sting idiots, but I didn't believe him - I'd tried it before, and they didn't sting me.

I'd heard some of these things before, but not all of them. Jim knew all sorts of signs and superstitions. He claimed he knew almost everything. I pointed out that all the signs seemed to be about bad luck, so I asked him if there weren't any good-luck signs. He said:

There are hardly any, and they're not much use to you anyway. What's the point of knowing when good luck is coming? Do you want to try to avoid it? He said that if you have hairy arms and a hairy chest, it's a sign that you're going to be rich. Well, that's a sign that's actually useful, because it's something that might happen a long time from now. You see, you might have to be poor for a while first, and if you didn't know that you were going to be rich eventually, you might get discouraged and do something to hurt yourself.

Do you have hairy arms and a hairy chest, Jim?

What's the point of asking that? Can't you see that I do?

Well, are you rich?

No, but I have been rich before, and I'll be rich again.",2026-06-07T18:20:00Z
groq_llama_3_3_70b_free|run_1|TWAIN_HUCKLEBERRY_FINN_005|simplify|qc_repair_v1|json_canonicalized_no_text_change|attempt_1,groq_llama_3_3_70b_free|run_1|TWAIN_HUCKLEBERRY_FINN_005|simplify,llama,groq_llama_3_3_70b_free,llama-3.3-70b-versatile,TWAIN_HUCKLEBERRY_FINN_005,simplify,json_canonicalized_no_text_change,qc_repair_v1,,warning,json_repaired_loose_rewritten_text,json_repaired_loose_rewritten_text,0.957143,536,1e8e945efc89eacaf27b1b31f794a5b15f761b42d478065888fe81cecfacbaf5,"I thought I could land almost anywhere, but I couldn't because the bank was too steep. I was almost at the foot of the island before I found a good spot. I went into the woods and decided I wouldn't mess with rafts anymore, at least not as long as they were moving the lantern around. I had my pipe, some tobacco, and some matches in my cap that weren't wet, so I was okay.

And you haven't had any meat or bread to eat all this time? Why didn't you catch some mud turtles?

How were you supposed to catch them? You can't sneak up on them and grab them, and it's hard to hit them with a rock. It's especially hard at night, and I wasn't going to show myself on the bank during the day.

That makes sense. You've had to stay in the woods the whole time, of course. Did you hear them shooting the cannon?

Yes, I knew they were looking for you. I saw them go by here - I watched them through the bushes.

Some young birds flew by, going a short distance at a time and then landing. Jim said it was a sign that it was going to rain. He said that when young chickens fly like that, it's a sign of rain, and he figured it was the same with young birds. I was going to catch some, but Jim wouldn't let me. He said it was bad luck. He told me that his father was very sick once, and some people caught a bird, and his grandmother said his father would die - and he did.

Jim also said you shouldn't count the things you're going to cook for dinner, because that would bring bad luck. The same thing applies if you shake the tablecloth after sundown. And he said that if someone owns a beehive and that person dies, the bees need to be told about it before sunrise the next morning, or else the bees will get weak and stop working and die. Jim said that bees won't sting people who are mentally disabled, but I didn't believe that, because I had tried it many times and they didn't sting me.

I had heard about some of these things before, but not all of them. Jim knew all sorts of signs and superstitions. He said he knew almost everything. I pointed out that it seemed like all the signs were about bad luck, so I asked him if there weren't any good-luck signs. He said, 'There are very few, and they're not much use to anyone. What's the point of knowing when good luck is coming? Do you want to try to avoid it?' He also said, 'If you have hairy arms and a hairy chest, it's a sign that you're going to be rich.' He figured that was a useful sign, because it gives you something to look forward to, even if you're poor for a long time.

Do you have hairy arms and a hairy chest, Jim?

What's the point of asking that? Can't you see that I do?

Are you rich?

No, but I was rich once, and I'll be rich again.",560,pass,,json_ok,0.957143,536,1e8e945efc89eacaf27b1b31f794a5b15f761b42d478065888fe81cecfacbaf5,"I thought I could land almost anywhere, but I couldn't because the bank was too steep. I was almost at the foot of the island before I found a good spot. I went into the woods and decided I wouldn't mess with rafts anymore, at least not as long as they were moving the lantern around. I had my pipe, some tobacco, and some matches in my cap that weren't wet, so I was okay.

And you haven't had any meat or bread to eat all this time? Why didn't you catch some mud turtles?

How were you supposed to catch them? You can't sneak up on them and grab them, and it's hard to hit them with a rock. It's especially hard at night, and I wasn't going to show myself on the bank during the day.

That makes sense. You've had to stay in the woods the whole time, of course. Did you hear them shooting the cannon?

Yes, I knew they were looking for you. I saw them go by here - I watched them through the bushes.

Some young birds flew by, going a short distance at a time and then landing. Jim said it was a sign that it was going to rain. He said that when young chickens fly like that, it's a sign of rain, and he figured it was the same with young birds. I was going to catch some, but Jim wouldn't let me. He said it was bad luck. He told me that his father was very sick once, and some people caught a bird, and his grandmother said his father would die - and he did.

Jim also said you shouldn't count the things you're going to cook for dinner, because that would bring bad luck. The same thing applies if you shake the tablecloth after sundown. And he said that if someone owns a beehive and that person dies, the bees need to be told about it before sunrise the next morning, or else the bees will get weak and stop working and die. Jim said that bees won't sting people who are mentally disabled, but I didn't believe that, because I had tried it many times and they didn't sting me.

I had heard about some of these things before, but not all of them. Jim knew all sorts of signs and superstitions. He said he knew almost everything. I pointed out that it seemed like all the signs were about bad luck, so I asked him if there weren't any good-luck signs. He said, 'There are very few, and they're not much use to anyone. What's the point of knowing when good luck is coming? Do you want to try to avoid it?' He also said, 'If you have hairy arms and a hairy chest, it's a sign that you're going to be rich.' He figured that was a useful sign, because it gives you something to look forward to, even if you're poor for a long time.

Do you have hairy arms and a hairy chest, Jim?

What's the point of asking that? Can't you see that I do?

Are you rich?

No, but I was rich once, and I'll be rich again.",2026-06-07T18:20:00Z
groq_llama_3_3_70b_free|run_1|TWAIN_HUCKLEBERRY_FINN_007|modernize|qc_repair_v1|json_canonicalized_no_text_change|attempt_1,groq_llama_3_3_70b_free|run_1|TWAIN_HUCKLEBERRY_FINN_007|modernize,llama,groq_llama_3_3_70b_free,llama-3.3-70b-versatile,TWAIN_HUCKLEBERRY_FINN_007,modernize,json_canonicalized_no_text_change,qc_repair_v1,,warning,json_repaired_loose_rewritten_text,json_repaired_loose_rewritten_text,0.894454,500,b4c734ec038a3edced064dad32c283dfc4ad18184d8f309b725ba3c2ae131632,"Every night, I'd sneak ashore around ten o'clock in some small village and buy ten or fifteen cents' worth of food, like meal, bacon, or other stuff. Sometimes I'd grab a chicken that wasn't roosting comfortably and take it with me. Pap always said, 'Take a chicken when you get the chance, because if you don't want it yourself, you can easily find someone who does, and a good deed is never forgotten.' I never saw Pap when he didn't want the chicken himself, but that's what he always said, anyway.

In the mornings, before daylight, I'd slip into cornfields and take a watermelon, a mushmelon, a pumpkin, or some fresh corn. Pap always said it wasn't harmful to borrow things if you planned to pay them back someday. However, the widow said it was just a nice way of saying stealing, and no decent person would do it. Jim thought the widow was partly right and Pap was partly right, so he suggested we pick a few things from the list and decide not to borrow them anymore. Then, he figured it wouldn't be harmful to borrow the rest. We discussed it one night, drifting down the river, trying to decide whether to stop taking watermelons, cantaloupes, or mushmelons. By dawn, we had it all settled and decided to stop taking crabapples and persimmons. We weren't feeling great before that, but now we were comfortable. I was glad about the decision, too, because crabapples are never good, and persimmons wouldn't be ripe for a couple of months yet.

We'd occasionally shoot a bird that got up too early in the morning or didn't go to bed early enough in the evening. Overall, we were living pretty well.

On the fifth night below St. Louis, we had a big storm after midnight, with a lot of thunder and lightning, and the rain poured down in a solid sheet. We stayed in the wigwam and let the raft take care of itself. When the lightning flashed, we could see a straight river ahead and high, rocky bluffs on both sides. I said, 'Hey, Jim, look over there!' It was a steamboat that had run aground on a rock. We were drifting straight towards it. The lightning showed it very clearly. The boat was leaning over, with part of its upper deck above water, and you could see every little chimney and a chair by the big bell, with an old hat hanging on the back of it, when the lightning flashed.

Well, it being late at night and stormy, and all so mysterious, I felt just like any other boy would when I saw that wreck lying there, so mournful and lonely in the middle of the river. I wanted to get on board and sneak around a bit, to see what was there. So I said, 'Let's land on it, Jim.'

But Jim was strongly against it at first. He said, 'I don't want to go fooling around any wreck.'",559,pass,,json_ok,0.894454,500,b4c734ec038a3edced064dad32c283dfc4ad18184d8f309b725ba3c2ae131632,"Every night, I'd sneak ashore around ten o'clock in some small village and buy ten or fifteen cents' worth of food, like meal, bacon, or other stuff. Sometimes I'd grab a chicken that wasn't roosting comfortably and take it with me. Pap always said, 'Take a chicken when you get the chance, because if you don't want it yourself, you can easily find someone who does, and a good deed is never forgotten.' I never saw Pap when he didn't want the chicken himself, but that's what he always said, anyway.

In the mornings, before daylight, I'd slip into cornfields and take a watermelon, a mushmelon, a pumpkin, or some fresh corn. Pap always said it wasn't harmful to borrow things if you planned to pay them back someday. However, the widow said it was just a nice way of saying stealing, and no decent person would do it. Jim thought the widow was partly right and Pap was partly right, so he suggested we pick a few things from the list and decide not to borrow them anymore. Then, he figured it wouldn't be harmful to borrow the rest. We discussed it one night, drifting down the river, trying to decide whether to stop taking watermelons, cantaloupes, or mushmelons. By dawn, we had it all settled and decided to stop taking crabapples and persimmons. We weren't feeling great before that, but now we were comfortable. I was glad about the decision, too, because crabapples are never good, and persimmons wouldn't be ripe for a couple of months yet.

We'd occasionally shoot a bird that got up too early in the morning or didn't go to bed early enough in the evening. Overall, we were living pretty well.

On the fifth night below St. Louis, we had a big storm after midnight, with a lot of thunder and lightning, and the rain poured down in a solid sheet. We stayed in the wigwam and let the raft take care of itself. When the lightning flashed, we could see a straight river ahead and high, rocky bluffs on both sides. I said, 'Hey, Jim, look over there!' It was a steamboat that had run aground on a rock. We were drifting straight towards it. The lightning showed it very clearly. The boat was leaning over, with part of its upper deck above water, and you could see every little chimney and a chair by the big bell, with an old hat hanging on the back of it, when the lightning flashed.

Well, it being late at night and stormy, and all so mysterious, I felt just like any other boy would when I saw that wreck lying there, so mournful and lonely in the middle of the river. I wanted to get on board and sneak around a bit, to see what was there. So I said, 'Let's land on it, Jim.'

But Jim was strongly against it at first. He said, 'I don't want to go fooling around any wreck.'",2026-06-07T18:20:00Z
groq_llama_3_3_70b_free|run_1|TWAIN_HUCKLEBERRY_FINN_007|paraphrase|qc_repair_v1|json_canonicalized_no_text_change|attempt_1,groq_llama_3_3_70b_free|run_1|TWAIN_HUCKLEBERRY_FINN_007|paraphrase,llama,groq_llama_3_3_70b_free,llama-3.3-70b-versatile,TWAIN_HUCKLEBERRY_FINN_007,paraphrase,json_canonicalized_no_text_change,qc_repair_v1,,warning,json_repaired_loose_rewritten_text,json_repaired_loose_rewritten_text,0.915921,512,ffce93627dfafe97c20a2a3148405b088c47670d4e7a52886bc77e3878a69b7a,"Every night, around ten o'clock, I'd sneak ashore in some small village and buy a little food, like meal or bacon, for ten or fifteen cents; sometimes I'd even snatch a chicken that wasn't roosting too comfortably and take it with me. Pap always said that if you get the chance to take a chicken, you should, because even if you don't want it yourself, you can always find someone who does, and a good deed is never forgotten. Although I never saw Pap turn down a chicken himself, that's what he always said, anyway.

In the mornings, before daylight, I'd slip into cornfields and take a watermelon, or a mushmelon, or a pumpkin, or some fresh corn. Pap claimed it wasn't wrong to borrow things as long as you planned to pay them back someday, but the widow said that was just a nice way of saying stealing, and no respectable person would do it. Jim thought the widow was partly right and Pap was partly right, so he suggested we pick a few things from the list and decide not to borrow them anymore, and that way it wouldn't be wrong to borrow the rest. We spent one whole night discussing it, drifting down the river, trying to decide whether to give up watermelons, cantaloupes, or mushmelons. By dawn, we'd made up our minds and decided to stop taking crabapples and persimmons. We felt better after that, and I was glad we'd made that decision, since crabapples are never any good, and persimmons wouldn't be ripe for a couple of months yet.

Now and then, we'd shoot a bird that got up too early or stayed up too late. All in all, we were living pretty well.

On the fifth night after passing St. Louis, a big storm rolled in after midnight, with a lot of thunder and lightning, and the rain came down in sheets. We huddled in the wigwam and let the raft take care of itself. When the lightning flashed, we could see a long, straight stretch of river ahead, with high, rocky bluffs on both sides. After a while, I said, 'Hey, Jim, look over there!' It was a steamboat that had run aground on a rock. We were drifting straight for it. The lightning showed it to us in perfect detail. The boat was tilted to one side, with part of its upper deck above water, and we could see every little chimney and a chair by the big bell, with an old slouch hat hanging on the back of it, whenever the lightning flashed.

Well, it being the middle of the night, and stormy, and all so mysterious, I felt just like any other boy would when I saw that wreck lying there, so sad and lonely in the middle of the river. I wanted to sneak aboard and snoop around a bit, to see what was there. So I said, 'Let's land on her, Jim.'

But Jim was against it at first. He said, 'I don't want to go fooling around any wreck.'",559,pass,,json_ok,0.915921,512,ffce93627dfafe97c20a2a3148405b088c47670d4e7a52886bc77e3878a69b7a,"Every night, around ten o'clock, I'd sneak ashore in some small village and buy a little food, like meal or bacon, for ten or fifteen cents; sometimes I'd even snatch a chicken that wasn't roosting too comfortably and take it with me. Pap always said that if you get the chance to take a chicken, you should, because even if you don't want it yourself, you can always find someone who does, and a good deed is never forgotten. Although I never saw Pap turn down a chicken himself, that's what he always said, anyway.

In the mornings, before daylight, I'd slip into cornfields and take a watermelon, or a mushmelon, or a pumpkin, or some fresh corn. Pap claimed it wasn't wrong to borrow things as long as you planned to pay them back someday, but the widow said that was just a nice way of saying stealing, and no respectable person would do it. Jim thought the widow was partly right and Pap was partly right, so he suggested we pick a few things from the list and decide not to borrow them anymore, and that way it wouldn't be wrong to borrow the rest. We spent one whole night discussing it, drifting down the river, trying to decide whether to give up watermelons, cantaloupes, or mushmelons. By dawn, we'd made up our minds and decided to stop taking crabapples and persimmons. We felt better after that, and I was glad we'd made that decision, since crabapples are never any good, and persimmons wouldn't be ripe for a couple of months yet.

Now and then, we'd shoot a bird that got up too early or stayed up too late. All in all, we were living pretty well.

On the fifth night after passing St. Louis, a big storm rolled in after midnight, with a lot of thunder and lightning, and the rain came down in sheets. We huddled in the wigwam and let the raft take care of itself. When the lightning flashed, we could see a long, straight stretch of river ahead, with high, rocky bluffs on both sides. After a while, I said, 'Hey, Jim, look over there!' It was a steamboat that had run aground on a rock. We were drifting straight for it. The lightning showed it to us in perfect detail. The boat was tilted to one side, with part of its upper deck above water, and we could see every little chimney and a chair by the big bell, with an old slouch hat hanging on the back of it, whenever the lightning flashed.

Well, it being the middle of the night, and stormy, and all so mysterious, I felt just like any other boy would when I saw that wreck lying there, so sad and lonely in the middle of the river. I wanted to sneak aboard and snoop around a bit, to see what was there. So I said, 'Let's land on her, Jim.'

But Jim was against it at first. He said, 'I don't want to go fooling around any wreck.'",2026-06-07T18:20:00Z
groq_llama_3_3_70b_free|run_1|TWAIN_HUCKLEBERRY_FINN_007|simplify|qc_repair_v1|json_canonicalized_no_text_change|attempt_1,groq_llama_3_3_70b_free|run_1|TWAIN_HUCKLEBERRY_FINN_007|simplify,llama,groq_llama_3_3_70b_free,llama-3.3-70b-versatile,TWAIN_HUCKLEBERRY_FINN_007,simplify,json_canonicalized_no_text_change,qc_repair_v1,,warning,json_repaired_loose_rewritten_text,json_repaired_loose_rewritten_text,0.864043,483,ed68c6b2a5a165f25f6f5bfb8481572e96a3f0d905803f0deb6ca828776fe53e,"Every night, I would sneak ashore around ten o'clock in a small village and buy some food like meal, bacon, or other things to eat. Sometimes, I would take a chicken that wasn't roosting comfortably, and bring it along. My dad, Pap, always said that if you get a chance to take a chicken, you should, because even if you don't want it, you can easily find someone who does, and a good deed is never forgotten. However, I never saw Pap when he didn't want the chicken himself, but that's what he always said.

In the mornings, before daylight, I would sneak into cornfields and take a watermelon, a mushmelon, a pumpkin, or some new corn. Pap said it wasn't wrong to borrow things if you planned to pay them back someday. But the widow said it was just a nice way of saying stealing, and no decent person would do it. Jim thought the widow was partly right and Pap was partly right, so he suggested we pick a few things from the list and say we wouldn't borrow them anymore. Then, he thought it would be okay to borrow the other things. We discussed it one night, floating down the river, trying to decide what to stop borrowing. By daylight, we had made a decision and decided to stop taking crabapples and persimmons. We felt better after that, and I was glad about our decision because crabapples are never good, and persimmons wouldn't be ripe for a few months.

We would occasionally shoot a bird that got up too early in the morning or didn't go to bed early enough at night. Overall, we were living pretty well.

On the fifth night after passing St. Louis, we had a big storm with a lot of thunder and lightning, and the rain poured down heavily. We stayed in our wigwam and let the raft take care of itself. When the lightning flashed, we could see a big, straight river ahead and high, rocky bluffs on both sides. I said to Jim, 'Look over there!' It was a steamboat that had crashed into a rock. We were drifting straight towards it. The lightning made it visible, and we could see that it was leaning over, with part of its upper deck above water. We could even see a chair by the big bell with an old hat hanging on the back of it when the lightning flashed.

It was a mysterious and spooky scene, and I felt like any other boy would when I saw the wreck lying there so sadly and alone in the middle of the river. I wanted to get on board and explore a little to see what was there. So I said to Jim, 'Let's land on it.' But Jim was against it at first. He said, 'I don't want to go fooling around on no wreck.'",559,pass,,json_ok,0.864043,483,ed68c6b2a5a165f25f6f5bfb8481572e96a3f0d905803f0deb6ca828776fe53e,"Every night, I would sneak ashore around ten o'clock in a small village and buy some food like meal, bacon, or other things to eat. Sometimes, I would take a chicken that wasn't roosting comfortably, and bring it along. My dad, Pap, always said that if you get a chance to take a chicken, you should, because even if you don't want it, you can easily find someone who does, and a good deed is never forgotten. However, I never saw Pap when he didn't want the chicken himself, but that's what he always said.

In the mornings, before daylight, I would sneak into cornfields and take a watermelon, a mushmelon, a pumpkin, or some new corn. Pap said it wasn't wrong to borrow things if you planned to pay them back someday. But the widow said it was just a nice way of saying stealing, and no decent person would do it. Jim thought the widow was partly right and Pap was partly right, so he suggested we pick a few things from the list and say we wouldn't borrow them anymore. Then, he thought it would be okay to borrow the other things. We discussed it one night, floating down the river, trying to decide what to stop borrowing. By daylight, we had made a decision and decided to stop taking crabapples and persimmons. We felt better after that, and I was glad about our decision because crabapples are never good, and persimmons wouldn't be ripe for a few months.

We would occasionally shoot a bird that got up too early in the morning or didn't go to bed early enough at night. Overall, we were living pretty well.

On the fifth night after passing St. Louis, we had a big storm with a lot of thunder and lightning, and the rain poured down heavily. We stayed in our wigwam and let the raft take care of itself. When the lightning flashed, we could see a big, straight river ahead and high, rocky bluffs on both sides. I said to Jim, 'Look over there!' It was a steamboat that had crashed into a rock. We were drifting straight towards it. The lightning made it visible, and we could see that it was leaning over, with part of its upper deck above water. We could even see a chair by the big bell with an old hat hanging on the back of it when the lightning flashed.

It was a mysterious and spooky scene, and I felt like any other boy would when I saw the wreck lying there so sadly and alone in the middle of the river. I wanted to get on board and explore a little to see what was there. So I said to Jim, 'Let's land on it.' But Jim was against it at first. He said, 'I don't want to go fooling around on no wreck.'",2026-06-07T18:20:00Z
groq_llama_3_3_70b_free|run_1|TWAIN_HUCKLEBERRY_FINN_012|modernize|qc_repair_v1|json_canonicalized_no_text_change|attempt_1,groq_llama_3_3_70b_free|run_1|TWAIN_HUCKLEBERRY_FINN_012|modernize,llama,groq_llama_3_3_70b_free,llama-3.3-70b-versatile,TWAIN_HUCKLEBERRY_FINN_012,modernize,json_canonicalized_no_text_change,qc_repair_v1,,warning,json_repaired_loose_rewritten_text,json_repaired_loose_rewritten_text,0.921708,518,5b776624fd02875f75d824297b8e28ac57aa6b66be0fb9965316e9d582219143,"Next Sunday, we all went to church, about three miles away, with everyone riding horses. The men brought their guns along, just like Buck did, and kept them between their knees or leaned them against the wall. The Shepherdsons did the same thing. The sermon was pretty dull, all about loving your brother and that kind of thing, but everyone said it was good and they all discussed it on the way home. They had a lot to say about faith, good deeds, and free will, and it seemed to me like one of the most boring Sundays I'd ever had.

About an hour after dinner, everyone was dozing off, some in their chairs and some in their rooms, and it got really quiet. Buck and a dog were lying on the grass in the sun, fast asleep. I went up to our room and thought I'd take a nap too. I found Miss Sophia standing in her doorway, which was next to ours, and she invited me into her room. She closed the door quietly and asked me if I liked her, and I said I did. Then she asked me if I'd do something for her without telling anyone, and I agreed. She said she'd forgotten her Bible at church, left it between two other books, and would I sneak out and get it for her without saying anything to anyone. I said I would.

So I slipped out and made my way up the road, and there was no one at the church except maybe a few pigs, since there was no lock on the door and pigs like to hang out on the wooden floor in the summer because it's cool. If you notice, most people only go to church when they have to, but pigs are different. I thought to myself, something's going on; it's not normal for a girl to be so worried about a Bible. So I shook it, and a small piece of paper fell out with '2:30' written on it in pencil. I searched the Bible but couldn't find anything else. I didn't understand what the paper meant, so I put it back in the Bible. When I got home and upstairs, Miss Sophia was waiting for me in her doorway. She pulled me in and closed the door, then she looked in the Bible until she found the paper. As soon as she read it, she looked happy, and before I knew it, she grabbed me and gave me a hug, saying I was the best boy in the world and not to tell anyone. She was really flushed for a minute, and her eyes lit up, making her look really pretty. I was pretty surprised, but when I caught my breath, I asked her what the paper was about. She asked me if I'd read it, and I said no. She asked me if I could read writing, and I told her I could only read print. Then she said the paper was just a bookmark to keep her place, and I could go play now.",562,pass,,json_ok,0.921708,518,5b776624fd02875f75d824297b8e28ac57aa6b66be0fb9965316e9d582219143,"Next Sunday, we all went to church, about three miles away, with everyone riding horses. The men brought their guns along, just like Buck did, and kept them between their knees or leaned them against the wall. The Shepherdsons did the same thing. The sermon was pretty dull, all about loving your brother and that kind of thing, but everyone said it was good and they all discussed it on the way home. They had a lot to say about faith, good deeds, and free will, and it seemed to me like one of the most boring Sundays I'd ever had.

About an hour after dinner, everyone was dozing off, some in their chairs and some in their rooms, and it got really quiet. Buck and a dog were lying on the grass in the sun, fast asleep. I went up to our room and thought I'd take a nap too. I found Miss Sophia standing in her doorway, which was next to ours, and she invited me into her room. She closed the door quietly and asked me if I liked her, and I said I did. Then she asked me if I'd do something for her without telling anyone, and I agreed. She said she'd forgotten her Bible at church, left it between two other books, and would I sneak out and get it for her without saying anything to anyone. I said I would.

So I slipped out and made my way up the road, and there was no one at the church except maybe a few pigs, since there was no lock on the door and pigs like to hang out on the wooden floor in the summer because it's cool. If you notice, most people only go to church when they have to, but pigs are different. I thought to myself, something's going on; it's not normal for a girl to be so worried about a Bible. So I shook it, and a small piece of paper fell out with '2:30' written on it in pencil. I searched the Bible but couldn't find anything else. I didn't understand what the paper meant, so I put it back in the Bible. When I got home and upstairs, Miss Sophia was waiting for me in her doorway. She pulled me in and closed the door, then she looked in the Bible until she found the paper. As soon as she read it, she looked happy, and before I knew it, she grabbed me and gave me a hug, saying I was the best boy in the world and not to tell anyone. She was really flushed for a minute, and her eyes lit up, making her look really pretty. I was pretty surprised, but when I caught my breath, I asked her what the paper was about. She asked me if I'd read it, and I said no. She asked me if I could read writing, and I told her I could only read print. Then she said the paper was just a bookmark to keep her place, and I could go play now.",2026-06-07T18:20:00Z
groq_llama_3_3_70b_free|run_1|TWAIN_HUCKLEBERRY_FINN_012|paraphrase|qc_repair_v1|json_canonicalized_no_text_change|attempt_1,groq_llama_3_3_70b_free|run_1|TWAIN_HUCKLEBERRY_FINN_012|paraphrase,llama,groq_llama_3_3_70b_free,llama-3.3-70b-versatile,TWAIN_HUCKLEBERRY_FINN_012,paraphrase,json_canonicalized_no_text_change,qc_repair_v1,,warning,json_repaired_loose_rewritten_text,json_repaired_loose_rewritten_text,0.921708,518,10929fbfabf94ebf887ed64c5baa3a2dfa3ef56301744ca96e8ff5dd4213101a,"The following Sunday, we all attended church, which was about three miles away, with everyone riding horseback. The men brought their guns along, just like Buck did, and kept them between their knees or leaned them against the wall. The Shepherdsons did the same thing. The sermon was quite unpleasant, focusing on brotherly love and similar topics that seemed tedious, but everyone praised it as a good sermon. On the way home, they all discussed it, talking about faith, good deeds, and predestination, among other things, which made it seem like one of the most unpleasant Sundays I had experienced.

About an hour after dinner, everyone was dozing off, either in their chairs or in their rooms, and the atmosphere became quite dull. Buck and a dog were lying on the grass in the sun, fast asleep. I went up to my room, thinking I would take a nap as well. As I passed by, I saw Miss Sophia standing in her doorway, which was next to ours. She invited me into her room, closed the door softly, and asked if I liked her. I replied that I did, and then she asked if I would do something for her without telling anyone. I agreed, and she told me she had left her Testament at church, between two other books, and asked if I could sneak out and retrieve it for her without saying anything to anyone. I agreed to do so.

I slipped out and made my way to the church, where I found no one except maybe a few hogs, as there was no lock on the door and hogs like to stay on the puncheon floor during summer because it's cool. It's interesting to note that most people only attend church when they have to, but hogs are different. As I thought to myself, something seemed unusual; it wasn't normal for a girl to be so worried about a Testament. So, I shook it, and a small piece of paper fell out with '_Half-past two_' written on it in pencil. I searched the Testament but couldn't find anything else. The paper didn't make sense to me, so I put it back in the book and headed home.

When I got upstairs, Miss Sophia was waiting for me in her doorway. She pulled me into her room, closed the door, and then looked in the Testament until she found the paper. As soon as she read it, she looked happy, and before I could react, she grabbed me and gave me a squeeze, saying I was the best boy in the world and telling me not to tell anyone. Her face turned red, and her eyes sparkled, making her look very pretty. I was quite surprised, but once I caught my breath, I asked her what the paper meant. She asked if I had read it, and I said no. Then she asked if I could read writing, and I told her I could only read coarse handwriting. She said the paper was just a bookmark to keep her place, and I could go play now.",562,pass,,json_ok,0.921708,518,10929fbfabf94ebf887ed64c5baa3a2dfa3ef56301744ca96e8ff5dd4213101a,"The following Sunday, we all attended church, which was about three miles away, with everyone riding horseback. The men brought their guns along, just like Buck did, and kept them between their knees or leaned them against the wall. The Shepherdsons did the same thing. The sermon was quite unpleasant, focusing on brotherly love and similar topics that seemed tedious, but everyone praised it as a good sermon. On the way home, they all discussed it, talking about faith, good deeds, and predestination, among other things, which made it seem like one of the most unpleasant Sundays I had experienced.

About an hour after dinner, everyone was dozing off, either in their chairs or in their rooms, and the atmosphere became quite dull. Buck and a dog were lying on the grass in the sun, fast asleep. I went up to my room, thinking I would take a nap as well. As I passed by, I saw Miss Sophia standing in her doorway, which was next to ours. She invited me into her room, closed the door softly, and asked if I liked her. I replied that I did, and then she asked if I would do something for her without telling anyone. I agreed, and she told me she had left her Testament at church, between two other books, and asked if I could sneak out and retrieve it for her without saying anything to anyone. I agreed to do so.

I slipped out and made my way to the church, where I found no one except maybe a few hogs, as there was no lock on the door and hogs like to stay on the puncheon floor during summer because it's cool. It's interesting to note that most people only attend church when they have to, but hogs are different. As I thought to myself, something seemed unusual; it wasn't normal for a girl to be so worried about a Testament. So, I shook it, and a small piece of paper fell out with '_Half-past two_' written on it in pencil. I searched the Testament but couldn't find anything else. The paper didn't make sense to me, so I put it back in the book and headed home.

When I got upstairs, Miss Sophia was waiting for me in her doorway. She pulled me into her room, closed the door, and then looked in the Testament until she found the paper. As soon as she read it, she looked happy, and before I could react, she grabbed me and gave me a squeeze, saying I was the best boy in the world and telling me not to tell anyone. Her face turned red, and her eyes sparkled, making her look very pretty. I was quite surprised, but once I caught my breath, I asked her what the paper meant. She asked if I had read it, and I said no. Then she asked if I could read writing, and I told her I could only read coarse handwriting. She said the paper was just a bookmark to keep her place, and I could go play now.",2026-06-07T18:20:00Z
groq_llama_3_3_70b_free|run_1|TWAIN_HUCKLEBERRY_FINN_020|modernize|qc_repair_v1|json_canonicalized_no_text_change|attempt_1,groq_llama_3_3_70b_free|run_1|TWAIN_HUCKLEBERRY_FINN_020|modernize,llama,groq_llama_3_3_70b_free,llama-3.3-70b-versatile,TWAIN_HUCKLEBERRY_FINN_020,modernize,json_canonicalized_no_text_change,qc_repair_v1,,warning,json_repaired_loose_rewritten_text,json_repaired_loose_rewritten_text,0.965827,537,3bf672a78454bf652c509f99e7dbf6937a7a770b90b161532bc041a2400f0f78,"I said.

Oh man, it was out before I could even think about it. And before I could react, she threw her arms around my neck and told me to say it again, say it again, say it again.

I realized I had spoken too quickly and said too much, and I was in a tough spot. I asked her to give me a minute to think, and she sat there, very impatient and excited, but also looking kind of happy and relieved, like someone who's just gotten a painful tooth pulled out. So I started thinking it through. I thought to myself, I guess someone who tells the truth when they're in a tight spot is taking a big risk, although I've never been in a situation like this before and can't say for sure, but it seems that way to me, anyway. And yet, here's a case where it seems to me like the truth is actually better and safer than a lie. I need to remember this and think about it some more, it's so unusual and unexpected. I've never seen anything like it. Well, I finally thought, I'm going to take a chance and tell the truth this time, even though it feels like I'm sitting on a keg of dynamite and lighting the fuse just to see what happens. Then I said:

'Miss Mary Jane, is there a place just outside of town where you could go and stay for a few days?'

'Yes, Mr. Lothrop's. Why?'

'Don't worry about that right now. If I tell you how I know the slaves will see each other again within two weeks, right here in this house, and I can prove it, will you go to Mr. Lothrop's and stay for four days?'

'Four days!' she said. 'I'll stay a year!'

'Okay,' I said, 'I don't need anything from you except your word - I'd rather have that than any promise from someone else.' She smiled and blushed, and I said, 'If you don't mind, I'll shut the door and lock it.'

Then I came back and sat down again, and said:

'Don't freak out. Just sit still and take it like an adult. I have to tell you the truth, and you need to be prepared, Miss Mary, because it's going to be tough to hear, but there's no way around it. Those guys who claim to be your uncles are actually con artists - total fakes. There, now that we've gotten the worst part out of the way, you can handle the rest of it pretty easily.'

It shocked her, of course, but I had gotten past the hardest part, so I just kept going, her eyes getting more and more angry all the time, and I told her everything, from when we first met that young guy on the way to the steamboat, all the way to when she threw herself into the king's arms at the front door and he kissed her sixteen or seventeen times. And then she jumped up, her face on fire with anger, and said:

'That monster! Come on, let's not waste a minute - not a second. We'll have them tarred and feathered and thrown in the river!'",556,pass,,json_ok,0.965827,537,3bf672a78454bf652c509f99e7dbf6937a7a770b90b161532bc041a2400f0f78,"I said.

Oh man, it was out before I could even think about it. And before I could react, she threw her arms around my neck and told me to say it again, say it again, say it again.

I realized I had spoken too quickly and said too much, and I was in a tough spot. I asked her to give me a minute to think, and she sat there, very impatient and excited, but also looking kind of happy and relieved, like someone who's just gotten a painful tooth pulled out. So I started thinking it through. I thought to myself, I guess someone who tells the truth when they're in a tight spot is taking a big risk, although I've never been in a situation like this before and can't say for sure, but it seems that way to me, anyway. And yet, here's a case where it seems to me like the truth is actually better and safer than a lie. I need to remember this and think about it some more, it's so unusual and unexpected. I've never seen anything like it. Well, I finally thought, I'm going to take a chance and tell the truth this time, even though it feels like I'm sitting on a keg of dynamite and lighting the fuse just to see what happens. Then I said:

'Miss Mary Jane, is there a place just outside of town where you could go and stay for a few days?'

'Yes, Mr. Lothrop's. Why?'

'Don't worry about that right now. If I tell you how I know the slaves will see each other again within two weeks, right here in this house, and I can prove it, will you go to Mr. Lothrop's and stay for four days?'

'Four days!' she said. 'I'll stay a year!'

'Okay,' I said, 'I don't need anything from you except your word - I'd rather have that than any promise from someone else.' She smiled and blushed, and I said, 'If you don't mind, I'll shut the door and lock it.'

Then I came back and sat down again, and said:

'Don't freak out. Just sit still and take it like an adult. I have to tell you the truth, and you need to be prepared, Miss Mary, because it's going to be tough to hear, but there's no way around it. Those guys who claim to be your uncles are actually con artists - total fakes. There, now that we've gotten the worst part out of the way, you can handle the rest of it pretty easily.'

It shocked her, of course, but I had gotten past the hardest part, so I just kept going, her eyes getting more and more angry all the time, and I told her everything, from when we first met that young guy on the way to the steamboat, all the way to when she threw herself into the king's arms at the front door and he kissed her sixteen or seventeen times. And then she jumped up, her face on fire with anger, and said:

'That monster! Come on, let's not waste a minute - not a second. We'll have them tarred and feathered and thrown in the river!'",2026-06-07T18:20:00Z
groq_llama_3_3_70b_free|run_1|TWAIN_HUCKLEBERRY_FINN_020|paraphrase|qc_repair_v1|json_canonicalized_no_text_change|attempt_1,groq_llama_3_3_70b_free|run_1|TWAIN_HUCKLEBERRY_FINN_020|paraphrase,llama,groq_llama_3_3_70b_free,llama-3.3-70b-versatile,TWAIN_HUCKLEBERRY_FINN_020,paraphrase,json_canonicalized_no_text_change,qc_repair_v1,,warning,json_repaired_loose_rewritten_text,json_repaired_loose_rewritten_text,0.883094,491,1809577f47e9c4d7db92272044db78ccd2393dc95fd6a58db8021366e63d11c5,"I said.

Well, it slipped out before I could stop myself. And before I could even move, she threw her arms around my neck and begged me to say it again, and again, and again.

I realized I had spoken too quickly and revealed too much, and now I was in a tricky spot. I asked her to give me a minute to think, and she sat there, looking impatient and excited, yet also relieved, like someone who had just had a painful tooth extracted. So I started thinking it through. I thought to myself, it seems to me that telling the truth when you're in a tight spot is a big risk, although I don't have much experience and can't say for sure, but it looks that way to me. And yet, in this case, it seems like the truth might actually be safer than a lie. I'll have to remember this and think about it some more, it's so unusual. I've never seen anything like it. Finally, I decided to take a chance and tell the truth, even though it felt like sitting on a keg of gunpowder and lighting the fuse just to see what would happen. Then I said:

'Miss Mary Jane, is there a place just outside of town where you could stay for a few days?'

'Yes, Mr. Lothrop's,' she replied. 'Why?'

'Never mind why just yet. If I tell you how I know that the slaves will see each other again within two weeks, right here in this house, and I can prove it, will you go to Mr. Lothrop's and stay for four days?'

'Four days?' she exclaimed. 'I'll stay a year!'

'Alright,' I said, 'I don't need anything more from you than your word. I'd rather have that than any other promise.' She smiled and blushed, and I said, 'If you don't mind, I'll close the door and lock it.'

Then I came back and sat down again, and said:

'Don't cry out. Just sit still and take it like a man. I have to tell you the truth, and you need to be brave, Miss Mary, because it's not going to be easy to hear. But there's no avoiding it. Your uncles aren't really your uncles at all - they're just a pair of con artists. That's the worst of it, and now you can handle the rest.'

Of course, it shocked her, but I had gotten past the hardest part, so I kept going, telling her everything, from when we first met that young fool on the way to the steamboat, all the way to when she threw herself into the king's arms at the front door and he kissed her sixteen or seventeen times. And then she jumped up, her face blazing with anger, and said:

'The scoundrel! Come on, let's not waste a minute - not a single second. We'll have them tarred and feathered and thrown into the river!'",556,pass,,json_ok,0.883094,491,1809577f47e9c4d7db92272044db78ccd2393dc95fd6a58db8021366e63d11c5,"I said.

Well, it slipped out before I could stop myself. And before I could even move, she threw her arms around my neck and begged me to say it again, and again, and again.

I realized I had spoken too quickly and revealed too much, and now I was in a tricky spot. I asked her to give me a minute to think, and she sat there, looking impatient and excited, yet also relieved, like someone who had just had a painful tooth extracted. So I started thinking it through. I thought to myself, it seems to me that telling the truth when you're in a tight spot is a big risk, although I don't have much experience and can't say for sure, but it looks that way to me. And yet, in this case, it seems like the truth might actually be safer than a lie. I'll have to remember this and think about it some more, it's so unusual. I've never seen anything like it. Finally, I decided to take a chance and tell the truth, even though it felt like sitting on a keg of gunpowder and lighting the fuse just to see what would happen. Then I said:

'Miss Mary Jane, is there a place just outside of town where you could stay for a few days?'

'Yes, Mr. Lothrop's,' she replied. 'Why?'

'Never mind why just yet. If I tell you how I know that the slaves will see each other again within two weeks, right here in this house, and I can prove it, will you go to Mr. Lothrop's and stay for four days?'

'Four days?' she exclaimed. 'I'll stay a year!'

'Alright,' I said, 'I don't need anything more from you than your word. I'd rather have that than any other promise.' She smiled and blushed, and I said, 'If you don't mind, I'll close the door and lock it.'

Then I came back and sat down again, and said:

'Don't cry out. Just sit still and take it like a man. I have to tell you the truth, and you need to be brave, Miss Mary, because it's not going to be easy to hear. But there's no avoiding it. Your uncles aren't really your uncles at all - they're just a pair of con artists. That's the worst of it, and now you can handle the rest.'

Of course, it shocked her, but I had gotten past the hardest part, so I kept going, telling her everything, from when we first met that young fool on the way to the steamboat, all the way to when she threw herself into the king's arms at the front door and he kissed her sixteen or seventeen times. And then she jumped up, her face blazing with anger, and said:

'The scoundrel! Come on, let's not waste a minute - not a single second. We'll have them tarred and feathered and thrown into the river!'",2026-06-07T18:20:00Z
groq_llama_3_3_70b_free|run_1|WILDE_DORIAN_GRAY_002|paraphrase|qc_repair_v1|json_canonicalized_no_text_change|attempt_1,groq_llama_3_3_70b_free|run_1|WILDE_DORIAN_GRAY_002|paraphrase,llama,groq_llama_3_3_70b_free,llama-3.3-70b-versatile,WILDE_DORIAN_GRAY_002,paraphrase,json_canonicalized_no_text_change,qc_repair_v1,,warning,json_repaired_loose_rewritten_text,json_repaired_loose_rewritten_text,0.925859,512,cb1cf8f9ec48d32fb1a4fdaee2e7d0196ec3097bbcef6efa1aab90bcbee78b44,"He was oblivious to the stillness that had fallen. 
Dorian Gray suddenly exclaimed, “Basil, I’m exhausted from standing. I need to go out into the garden. The air in here is suffocating.” 
Basil Hallward apologized, “My dear fellow, I’m so sorry. When I’m painting, I become completely absorbed in my work. But you posed perfectly. You remained absolutely still, and I captured the effect I was aiming for – the slightly parted lips and the bright, inquisitive look in your eyes. I don’t know what Harry has been saying to you, but he has certainly inspired a remarkable expression. I suppose he has been flattering you. You shouldn’t take anything he says too seriously.” 
Dorian Gray replied, “He hasn’t been flattering me at all. Perhaps that’s why I don’t believe a word he’s told me.” 
Lord Henry looked at him with his characteristic dreamy, languid eyes and said, “You know you believe every word, though.” He then suggested, “I’ll join you in the garden. It’s terribly hot in the studio. Basil, let’s have something cold to drink, perhaps something with strawberries.” 
Basil Hallward agreed, “Of course, Harry. Just ring the bell, and when Parker arrives, I’ll let him know what you’d like. I need to finish working on this background, so I’ll join you later. Don’t keep Dorian out too long. I’ve never been in better form for painting than I am today. This is going to be my masterpiece, even in its current state.” 
Lord Henry went out to the garden, where he found Dorian Gray with his face buried in the fragrant lilac blossoms, inhaling their scent as if it were intoxicating. He approached Dorian and placed a hand on his shoulder, saying, “You’re doing exactly the right thing. The only way to soothe the soul is through the senses, just as the only way to soothe the senses is through the soul.” 
Dorian started and pulled back, his eyes wide with a frightened look, as if he had been suddenly awakened. His nostrils flared, and a hidden nerve caused his lips to tremble. 
Lord Henry continued, “Yes, that’s one of life’s great secrets – to find solace for the soul through the senses, and for the senses through the soul. You’re an extraordinary young man. You know more than you think you do, yet you know less than you want to.” 
Dorian Gray looked away, frowning. He couldn’t help but be drawn to the tall, elegant young man standing beside him. Lord Henry’s romantic, olive-skinned face and weary expression fascinated him. His low, languid voice was captivating, and even his cool, white hands seemed to have a charm of their own, moving like music as he spoke. However, Dorian felt a sense of fear and shame at being afraid. Why had it taken a stranger to reveal his true self to him? He had known Basil Hallward for months, but their friendship had never had a profound impact on him. Now, someone had entered his life, and it seemed as though this person had uncovered the mystery of life for him.",553,pass,,json_ok,0.925859,512,cb1cf8f9ec48d32fb1a4fdaee2e7d0196ec3097bbcef6efa1aab90bcbee78b44,"He was oblivious to the stillness that had fallen. 
Dorian Gray suddenly exclaimed, “Basil, I’m exhausted from standing. I need to go out into the garden. The air in here is suffocating.” 
Basil Hallward apologized, “My dear fellow, I’m so sorry. When I’m painting, I become completely absorbed in my work. But you posed perfectly. You remained absolutely still, and I captured the effect I was aiming for – the slightly parted lips and the bright, inquisitive look in your eyes. I don’t know what Harry has been saying to you, but he has certainly inspired a remarkable expression. I suppose he has been flattering you. You shouldn’t take anything he says too seriously.” 
Dorian Gray replied, “He hasn’t been flattering me at all. Perhaps that’s why I don’t believe a word he’s told me.” 
Lord Henry looked at him with his characteristic dreamy, languid eyes and said, “You know you believe every word, though.” He then suggested, “I’ll join you in the garden. It’s terribly hot in the studio. Basil, let’s have something cold to drink, perhaps something with strawberries.” 
Basil Hallward agreed, “Of course, Harry. Just ring the bell, and when Parker arrives, I’ll let him know what you’d like. I need to finish working on this background, so I’ll join you later. Don’t keep Dorian out too long. I’ve never been in better form for painting than I am today. This is going to be my masterpiece, even in its current state.” 
Lord Henry went out to the garden, where he found Dorian Gray with his face buried in the fragrant lilac blossoms, inhaling their scent as if it were intoxicating. He approached Dorian and placed a hand on his shoulder, saying, “You’re doing exactly the right thing. The only way to soothe the soul is through the senses, just as the only way to soothe the senses is through the soul.” 
Dorian started and pulled back, his eyes wide with a frightened look, as if he had been suddenly awakened. His nostrils flared, and a hidden nerve caused his lips to tremble. 
Lord Henry continued, “Yes, that’s one of life’s great secrets – to find solace for the soul through the senses, and for the senses through the soul. You’re an extraordinary young man. You know more than you think you do, yet you know less than you want to.” 
Dorian Gray looked away, frowning. He couldn’t help but be drawn to the tall, elegant young man standing beside him. Lord Henry’s romantic, olive-skinned face and weary expression fascinated him. His low, languid voice was captivating, and even his cool, white hands seemed to have a charm of their own, moving like music as he spoke. However, Dorian felt a sense of fear and shame at being afraid. Why had it taken a stranger to reveal his true self to him? He had known Basil Hallward for months, but their friendship had never had a profound impact on him. Now, someone had entered his life, and it seemed as though this person had uncovered the mystery of life for him.",2026-06-07T18:20:00Z
groq_llama_3_3_70b_free|run_1|WILDE_DORIAN_GRAY_003|modernize|qc_repair_v1|json_canonicalized_no_text_change|attempt_1,groq_llama_3_3_70b_free|run_1|WILDE_DORIAN_GRAY_003|modernize,llama,groq_llama_3_3_70b_free,llama-3.3-70b-versatile,WILDE_DORIAN_GRAY_003,modernize,json_canonicalized_no_text_change,qc_repair_v1,,warning,json_repaired_loose_rewritten_text,json_repaired_loose_rewritten_text,0.933333,518,1efacb4849ff9f1403d63ada82ea23aac4f088e6651340c723cf98f4311e0e52,"“Don’t go to the theater tonight, Dorian,” said Hallward. “Stay and have dinner with me.”

“I can’t, Basil.”

“Why not?”

“Because I promised Lord Henry Wotton I’d go with him.”

“He won’t think more of you for keeping your promises. He always breaks his own. I'm begging you, don’t go.”

Dorian Gray laughed and shook his head.

“Please, I'm asking you.”

The young man hesitated, glancing over at Lord Henry, who was watching them from the coffee table with an amused smile.

“I have to go, Basil,” he replied.

“Fine,” said Hallward, and he got up and put his cup on the tray. “It's getting late, and since you need to get dressed, you should probably get going. Goodbye, Harry. Goodbye, Dorian. Come see me soon. How about tomorrow?”

“Definitely.”

“Don’t forget, okay?”

“No, of course not,” Dorian said.

“And, Harry!”

“Yes, Basil?”

“Remember what I asked you when we were in the garden this morning?”

“I forgot.”

“I trust you.”

“I wish I could trust myself,” Lord Henry said with a laugh. “Come on, Mr. Gray, my car is outside, and I can drop you off at your place. Goodbye, Basil. It's been a really interesting afternoon.”

As the door closed behind them, the painter threw himself down on a couch, and a look of pain crossed his face.


At 12:30 the next day, Lord Henry Wotton strolled from Curzon Street to the Albany to visit his uncle, Lord Fermor, a genial but somewhat rough-around-the-edges old bachelor. The outside world considered him selfish because they didn't benefit from him, but Society thought he was generous because he entertained the people who amused him. His father had been the ambassador to Madrid when Isabella was young and Prim was unknown, but he had quit the diplomatic service on a whim when he wasn't offered the embassy in Paris, a position he felt he deserved due to his birth, his laid-back attitude, his clear writing style, and his love of pleasure. The son, who had been his father's secretary, had resigned along with his boss, which was seen as a foolish move at the time. After inheriting the title a few months later, he dedicated himself to mastering the art of doing absolutely nothing. He owned two large townhouses but preferred to live in a smaller place because it was less hassle, and he usually ate at his club. He paid some attention to managing his coal mines in the Midlands, justifying this bit of work by saying that having coal allowed him to afford the luxury of burning wood in his own fireplace. In politics, he was a conservative, except when the conservatives were in power, at which point he would strongly criticize them for being too liberal. He was a hero to his valet, who bossed him around, and he intimidated most of his relatives, whom he bullied in turn. Only a country like England could have produced someone like him, and he always said that the country was going downhill. His principles were outdated, but there was something to be said for his biases.",555,pass,,json_ok,0.933333,518,1efacb4849ff9f1403d63ada82ea23aac4f088e6651340c723cf98f4311e0e52,"“Don’t go to the theater tonight, Dorian,” said Hallward. “Stay and have dinner with me.”

“I can’t, Basil.”

“Why not?”

“Because I promised Lord Henry Wotton I’d go with him.”

“He won’t think more of you for keeping your promises. He always breaks his own. I'm begging you, don’t go.”

Dorian Gray laughed and shook his head.

“Please, I'm asking you.”

The young man hesitated, glancing over at Lord Henry, who was watching them from the coffee table with an amused smile.

“I have to go, Basil,” he replied.

“Fine,” said Hallward, and he got up and put his cup on the tray. “It's getting late, and since you need to get dressed, you should probably get going. Goodbye, Harry. Goodbye, Dorian. Come see me soon. How about tomorrow?”

“Definitely.”

“Don’t forget, okay?”

“No, of course not,” Dorian said.

“And, Harry!”

“Yes, Basil?”

“Remember what I asked you when we were in the garden this morning?”

“I forgot.”

“I trust you.”

“I wish I could trust myself,” Lord Henry said with a laugh. “Come on, Mr. Gray, my car is outside, and I can drop you off at your place. Goodbye, Basil. It's been a really interesting afternoon.”

As the door closed behind them, the painter threw himself down on a couch, and a look of pain crossed his face.


At 12:30 the next day, Lord Henry Wotton strolled from Curzon Street to the Albany to visit his uncle, Lord Fermor, a genial but somewhat rough-around-the-edges old bachelor. The outside world considered him selfish because they didn't benefit from him, but Society thought he was generous because he entertained the people who amused him. His father had been the ambassador to Madrid when Isabella was young and Prim was unknown, but he had quit the diplomatic service on a whim when he wasn't offered the embassy in Paris, a position he felt he deserved due to his birth, his laid-back attitude, his clear writing style, and his love of pleasure. The son, who had been his father's secretary, had resigned along with his boss, which was seen as a foolish move at the time. After inheriting the title a few months later, he dedicated himself to mastering the art of doing absolutely nothing. He owned two large townhouses but preferred to live in a smaller place because it was less hassle, and he usually ate at his club. He paid some attention to managing his coal mines in the Midlands, justifying this bit of work by saying that having coal allowed him to afford the luxury of burning wood in his own fireplace. In politics, he was a conservative, except when the conservatives were in power, at which point he would strongly criticize them for being too liberal. He was a hero to his valet, who bossed him around, and he intimidated most of his relatives, whom he bullied in turn. Only a country like England could have produced someone like him, and he always said that the country was going downhill. His principles were outdated, but there was something to be said for his biases.",2026-06-07T18:20:00Z
groq_llama_3_3_70b_free|run_1|WILDE_DORIAN_GRAY_004|modernize|qc_repair_v1|json_canonicalized_no_text_change|attempt_1,groq_llama_3_3_70b_free|run_1|WILDE_DORIAN_GRAY_004|modernize,llama,groq_llama_3_3_70b_free,llama-3.3-70b-versatile,WILDE_DORIAN_GRAY_004,modernize,json_canonicalized_no_text_change,qc_repair_v1,,warning,json_repaired_loose_rewritten_text,json_repaired_loose_rewritten_text,0.949275,524,79c2cc691e10f6209323acf472f87826064c4b3aa03067553e129e0e9c0325af,"“Really! And where do bad Americans go when they die?” the duchess asked.

“They go to America,” Lord Henry murmured.

Sir Thomas frowned. “I'm afraid your nephew is biased against that great country,” he said to Lady Agatha. “I've traveled all over it, and the people who hosted me were extremely courteous. I can tell you, it's really eye-opening to visit.”

“But do we really need to see Chicago to be educated?” Mr. Erskine asked, sounding a bit exasperated. “I don't feel up to the trip.”

Sir Thomas waved his hand dismissively. “Mr. Erskine has the world at his fingertips, but we practical people like to experience things firsthand, not just read about them. The Americans are a fascinating people. They're extremely pragmatic. I think that's what sets them apart. Yes, Mr. Erskine, they're a very pragmatic people. I assure you, there's no pretension about the Americans.”

“How dreadful!” Lord Henry exclaimed. “I can handle aggression, but unrelenting logic is unbearable. There's something unfair about using it. It's like cheating intellectually.”

“I don't understand what you mean,” Sir Thomas said, his face reddening.

“I think I do, Lord Henry,” Mr. Erskine said with a smile.

“Paradoxes are all well and good, but...” Sir Thomas began.

“Was that a paradox?” Mr. Erskine asked. “I didn't think so. Maybe it was. The thing about paradoxes is that they can reveal the truth. To really understand reality, we need to see it from different angles. When we challenge our assumptions, we can judge what's real.”

“Oh dear, you men and your arguments!” Lady Agatha said. “I never know what you're talking about. Oh, Harry, I'm so frustrated with you. Why are you trying to convince Mr. Dorian Gray to give up his work in the East End? I'm sure he'd be invaluable to them. They'd love his music.”

“I want him to play for me,” Lord Henry said, smiling, and he caught a bright, answering glance from across the table.

“But the people in Whitechapel are so unhappy,” Lady Agatha continued.

“I can empathize with anything except suffering,” Lord Henry said, shrugging. “I just can't relate to it. It's too ugly, too horrific, too distressing. There's something morbid about the way people obsess over pain these days. We should be focusing on the beauty, the joy of life. The less said about life's problems, the better.”

“Still, the East End is a major issue,” Sir Thomas said, shaking his head gravely.

“Absolutely,” the young lord replied. “It's a problem of oppression, and we try to solve it by entertaining the oppressed.”

The politician looked at him intently. “What's your proposed solution, then?” he asked.

Lord Henry laughed. “I don't want to change anything in England except the weather,” he said. “I'm happy to just think about these things. But since the nineteenth century has been bankrupted by excessive sentimentality, I think we should look to science for answers. The good thing about emotions is that they can lead us astray, and the good thing about science is that it's not emotional.”

“But we have such serious responsibilities,” Mrs. Vandeleur ventured, sounding timid.

“Very serious,” Lady Agatha echoed.",552,pass,,json_ok,0.949275,524,79c2cc691e10f6209323acf472f87826064c4b3aa03067553e129e0e9c0325af,"“Really! And where do bad Americans go when they die?” the duchess asked.

“They go to America,” Lord Henry murmured.

Sir Thomas frowned. “I'm afraid your nephew is biased against that great country,” he said to Lady Agatha. “I've traveled all over it, and the people who hosted me were extremely courteous. I can tell you, it's really eye-opening to visit.”

“But do we really need to see Chicago to be educated?” Mr. Erskine asked, sounding a bit exasperated. “I don't feel up to the trip.”

Sir Thomas waved his hand dismissively. “Mr. Erskine has the world at his fingertips, but we practical people like to experience things firsthand, not just read about them. The Americans are a fascinating people. They're extremely pragmatic. I think that's what sets them apart. Yes, Mr. Erskine, they're a very pragmatic people. I assure you, there's no pretension about the Americans.”

“How dreadful!” Lord Henry exclaimed. “I can handle aggression, but unrelenting logic is unbearable. There's something unfair about using it. It's like cheating intellectually.”

“I don't understand what you mean,” Sir Thomas said, his face reddening.

“I think I do, Lord Henry,” Mr. Erskine said with a smile.

“Paradoxes are all well and good, but...” Sir Thomas began.

“Was that a paradox?” Mr. Erskine asked. “I didn't think so. Maybe it was. The thing about paradoxes is that they can reveal the truth. To really understand reality, we need to see it from different angles. When we challenge our assumptions, we can judge what's real.”

“Oh dear, you men and your arguments!” Lady Agatha said. “I never know what you're talking about. Oh, Harry, I'm so frustrated with you. Why are you trying to convince Mr. Dorian Gray to give up his work in the East End? I'm sure he'd be invaluable to them. They'd love his music.”

“I want him to play for me,” Lord Henry said, smiling, and he caught a bright, answering glance from across the table.

“But the people in Whitechapel are so unhappy,” Lady Agatha continued.

“I can empathize with anything except suffering,” Lord Henry said, shrugging. “I just can't relate to it. It's too ugly, too horrific, too distressing. There's something morbid about the way people obsess over pain these days. We should be focusing on the beauty, the joy of life. The less said about life's problems, the better.”

“Still, the East End is a major issue,” Sir Thomas said, shaking his head gravely.

“Absolutely,” the young lord replied. “It's a problem of oppression, and we try to solve it by entertaining the oppressed.”

The politician looked at him intently. “What's your proposed solution, then?” he asked.

Lord Henry laughed. “I don't want to change anything in England except the weather,” he said. “I'm happy to just think about these things. But since the nineteenth century has been bankrupted by excessive sentimentality, I think we should look to science for answers. The good thing about emotions is that they can lead us astray, and the good thing about science is that it's not emotional.”

“But we have such serious responsibilities,” Mrs. Vandeleur ventured, sounding timid.

“Very serious,” Lady Agatha echoed.",2026-06-07T18:20:00Z
groq_llama_3_3_70b_free|run_1|WILDE_DORIAN_GRAY_008|simplify|qc_repair_v1|json_canonicalized_no_text_change|attempt_1,groq_llama_3_3_70b_free|run_1|WILDE_DORIAN_GRAY_008|simplify,llama,groq_llama_3_3_70b_free,llama-3.3-70b-versatile,WILDE_DORIAN_GRAY_008,simplify,json_canonicalized_no_text_change,qc_repair_v1,,warning,json_repaired_loose_rewritten_text,json_repaired_loose_rewritten_text,0.928571,520,d9af6afa5eaad73052e30fbb46b2d0f9c45561b1b4ca501dddb8f2663eb07640,"He was supposed to get off the ship in Melbourne, say goodbye to the captain, and head to the gold fields right away. Within a week, he would find a huge nugget of gold, the biggest one ever discovered, and bring it back to the coast in a wagon guarded by six police officers on horses. However, outlaws would try to attack them three times, and they would be defeated with many of the outlaws being killed. Or maybe he wouldn't go to the gold fields at all. They were terrible places where men got drunk, shot each other in bars, and used bad language. Instead, he would be a nice sheep farmer, and one evening, while riding home, he would see a beautiful heiress being taken away by a robber on a black horse. He would chase after them and rescue her. Of course, she would fall in love with him, and he with her, and they would get married and live in a huge house in London. Yes, great things were waiting for him. But he had to be good, not lose his temper, and not waste his money. She was only a year older than him, but she knew much more about life. He had to remember to write to her every chance he got and say his prayers every night before bed. God was good and would watch over him. She would pray for him too, and in a few years, he would come back rich and happy.

The boy listened to her with a scowl and didn't say a word. He was very sad about leaving home. But that wasn't the only reason he was gloomy. Even though he was young, he knew that Sibyl was in a dangerous situation. The rich young man who was in love with her didn't have good intentions. He was a gentleman, and the boy hated him for that. He hated him because of a strong feeling that he couldn't explain, and that feeling was even stronger because he didn't understand it. He also knew that his mother was shallow and selfish, and he saw a lot of danger for Sibyl in that. Children love their parents when they're young, but as they grow up, they start to judge them. Sometimes they forgive them.

His mother! He had something important to ask her, something he had been thinking about for months. Something he had heard at the theater, a whispered insult that had reached his ears one night as he waited at the stage door, had started a chain of terrible thoughts. He remembered it like a whip hitting his face. His eyebrows came together in a deep frown, and he bit his lip in pain.

""You're not listening to a word I'm saying, Jim,"" Sibyl said, ""and I'm making wonderful plans for your future. Say something.""

""What do you want me to say?"" he asked.

""Oh, that you'll be a good boy and not forget us,"" she replied, smiling at him.

He shrugged his shoulders. ""You're more likely to forget me than I am to forget you, Sibyl.""",560,pass,,json_ok,0.928571,520,d9af6afa5eaad73052e30fbb46b2d0f9c45561b1b4ca501dddb8f2663eb07640,"He was supposed to get off the ship in Melbourne, say goodbye to the captain, and head to the gold fields right away. Within a week, he would find a huge nugget of gold, the biggest one ever discovered, and bring it back to the coast in a wagon guarded by six police officers on horses. However, outlaws would try to attack them three times, and they would be defeated with many of the outlaws being killed. Or maybe he wouldn't go to the gold fields at all. They were terrible places where men got drunk, shot each other in bars, and used bad language. Instead, he would be a nice sheep farmer, and one evening, while riding home, he would see a beautiful heiress being taken away by a robber on a black horse. He would chase after them and rescue her. Of course, she would fall in love with him, and he with her, and they would get married and live in a huge house in London. Yes, great things were waiting for him. But he had to be good, not lose his temper, and not waste his money. She was only a year older than him, but she knew much more about life. He had to remember to write to her every chance he got and say his prayers every night before bed. God was good and would watch over him. She would pray for him too, and in a few years, he would come back rich and happy.

The boy listened to her with a scowl and didn't say a word. He was very sad about leaving home. But that wasn't the only reason he was gloomy. Even though he was young, he knew that Sibyl was in a dangerous situation. The rich young man who was in love with her didn't have good intentions. He was a gentleman, and the boy hated him for that. He hated him because of a strong feeling that he couldn't explain, and that feeling was even stronger because he didn't understand it. He also knew that his mother was shallow and selfish, and he saw a lot of danger for Sibyl in that. Children love their parents when they're young, but as they grow up, they start to judge them. Sometimes they forgive them.

His mother! He had something important to ask her, something he had been thinking about for months. Something he had heard at the theater, a whispered insult that had reached his ears one night as he waited at the stage door, had started a chain of terrible thoughts. He remembered it like a whip hitting his face. His eyebrows came together in a deep frown, and he bit his lip in pain.

""You're not listening to a word I'm saying, Jim,"" Sibyl said, ""and I'm making wonderful plans for your future. Say something.""

""What do you want me to say?"" he asked.

""Oh, that you'll be a good boy and not forget us,"" she replied, smiling at him.

He shrugged his shoulders. ""You're more likely to forget me than I am to forget you, Sibyl.""",2026-06-07T18:20:00Z
groq_llama_3_3_70b_free|run_1|WILDE_DORIAN_GRAY_009|modernize|qc_repair_v1|json_canonicalized_no_text_change|attempt_1,groq_llama_3_3_70b_free|run_1|WILDE_DORIAN_GRAY_009|modernize,llama,groq_llama_3_3_70b_free,llama-3.3-70b-versatile,WILDE_DORIAN_GRAY_009,modernize,json_canonicalized_no_text_change,qc_repair_v1,,warning,json_repaired_loose_rewritten_text,json_repaired_loose_rewritten_text,0.994555,548,1bdfd7cfd8035b501a4169a77dc9508b80cf5daf87664c00c7299ada2364637d,"I have to go now. Goodbye. Don't forget that you'll only have one child to take care of from now on, and I'm warning you, if this man hurts my sister, I'll find out who he is and make him pay. I'm dead serious about it.

The over-the-top threat, the passionate gesture that went with it, and the dramatic words made life feel more intense to her. She was used to this kind of atmosphere. She felt more at ease, and for the first time in months, she genuinely admired her son. She would have loved to keep the scene going on the same emotional level, but he cut her off. They had to get the luggage downstairs and find their scarves. The hotel staff were rushing in and out, and there was the hassle of negotiating with the taxi driver. The moment was lost in mundane details. As she waved goodbye from the window, watching her son drive away, she felt a renewed sense of disappointment. She tried to console herself by telling Sibyl how empty her life would feel now that she only had one child to look after. She remembered the phrase and it had struck a chord with her. As for the threat, she didn't mention it. It was a vivid and dramatic expression, and she felt that they would all laugh about it someday.

That evening, Lord Henry said to Basil, ""I suppose you've heard the news?"" as Hallward was shown into a private room at the Bristol, where dinner was set for three.

""No, Harry,"" the artist replied, handing his hat and coat to the waiter. ""What's going on? I hope it's not about politics. They don't interest me. There's hardly anyone in parliament worth painting, although a lot of them could use a makeover.""

""Dorian Gray is engaged to be married,"" Lord Henry said, watching Basil's reaction.

Hallward was taken aback and then frowned. ""Dorian engaged to be married? That's impossible!"" he exclaimed.

""It's true,"" Lord Henry said.

""To whom?"" Hallward asked.

""To some young actress or other,"" Lord Henry replied.

""I don't believe it. Dorian's too sensible for that,"" Hallward said.

""Dorian's also wise enough to do foolish things from time to time, my dear Basil,"" Lord Henry said with a smile.

""Marriage is a big commitment, Harry. It's not something you can just do on a whim,"" Hallward said.

""Unless you're in America, perhaps,"" Lord Henry said lazily. ""But I didn't say he was married. I said he's engaged. There's a big difference. I vaguely recall being married, but I don't remember ever being engaged. I'm starting to think I never was.""

""Think about Dorian's background, his social status, and his wealth. It would be crazy for him to marry someone so far beneath him,"" Hallward said.

""If you want to make sure Dorian marries this girl, just tell him that, Basil. He's bound to do the opposite. Whenever a man does something really stupid, it's always for the noblest reasons,"" Lord Henry said.

""I hope the girl is a good person, Harry. I don't want to see Dorian tied down to someone who might ruin his life and destroy his intellect,"" Hallward said.

""Oh, she's more than just good – she's beautiful,"" Lord Henry murmured, sipping his drink.",551,pass,,json_ok,0.994555,548,1bdfd7cfd8035b501a4169a77dc9508b80cf5daf87664c00c7299ada2364637d,"I have to go now. Goodbye. Don't forget that you'll only have one child to take care of from now on, and I'm warning you, if this man hurts my sister, I'll find out who he is and make him pay. I'm dead serious about it.

The over-the-top threat, the passionate gesture that went with it, and the dramatic words made life feel more intense to her. She was used to this kind of atmosphere. She felt more at ease, and for the first time in months, she genuinely admired her son. She would have loved to keep the scene going on the same emotional level, but he cut her off. They had to get the luggage downstairs and find their scarves. The hotel staff were rushing in and out, and there was the hassle of negotiating with the taxi driver. The moment was lost in mundane details. As she waved goodbye from the window, watching her son drive away, she felt a renewed sense of disappointment. She tried to console herself by telling Sibyl how empty her life would feel now that she only had one child to look after. She remembered the phrase and it had struck a chord with her. As for the threat, she didn't mention it. It was a vivid and dramatic expression, and she felt that they would all laugh about it someday.

That evening, Lord Henry said to Basil, ""I suppose you've heard the news?"" as Hallward was shown into a private room at the Bristol, where dinner was set for three.

""No, Harry,"" the artist replied, handing his hat and coat to the waiter. ""What's going on? I hope it's not about politics. They don't interest me. There's hardly anyone in parliament worth painting, although a lot of them could use a makeover.""

""Dorian Gray is engaged to be married,"" Lord Henry said, watching Basil's reaction.

Hallward was taken aback and then frowned. ""Dorian engaged to be married? That's impossible!"" he exclaimed.

""It's true,"" Lord Henry said.

""To whom?"" Hallward asked.

""To some young actress or other,"" Lord Henry replied.

""I don't believe it. Dorian's too sensible for that,"" Hallward said.

""Dorian's also wise enough to do foolish things from time to time, my dear Basil,"" Lord Henry said with a smile.

""Marriage is a big commitment, Harry. It's not something you can just do on a whim,"" Hallward said.

""Unless you're in America, perhaps,"" Lord Henry said lazily. ""But I didn't say he was married. I said he's engaged. There's a big difference. I vaguely recall being married, but I don't remember ever being engaged. I'm starting to think I never was.""

""Think about Dorian's background, his social status, and his wealth. It would be crazy for him to marry someone so far beneath him,"" Hallward said.

""If you want to make sure Dorian marries this girl, just tell him that, Basil. He's bound to do the opposite. Whenever a man does something really stupid, it's always for the noblest reasons,"" Lord Henry said.

""I hope the girl is a good person, Harry. I don't want to see Dorian tied down to someone who might ruin his life and destroy his intellect,"" Hallward said.

""Oh, she's more than just good – she's beautiful,"" Lord Henry murmured, sipping his drink.",2026-06-07T18:20:00Z
groq_llama_3_3_70b_free|run_1|WILDE_DORIAN_GRAY_009|paraphrase|qc_repair_v1|json_canonicalized_no_text_change|attempt_1,groq_llama_3_3_70b_free|run_1|WILDE_DORIAN_GRAY_009|paraphrase,llama,groq_llama_3_3_70b_free,llama-3.3-70b-versatile,WILDE_DORIAN_GRAY_009,paraphrase,json_canonicalized_no_text_change,qc_repair_v1,,warning,json_repaired_loose_rewritten_text,json_repaired_loose_rewritten_text,0.985481,543,e2d904e39daf68da302b244d82891b11b610d2559bf2ce01b3af1d5c16e630fe,"I must be off now, farewell. Remember, you'll only have one child to care for from now on, and I assure you, if this man mistreats my sister, I'll uncover his identity, pursue him, and deal with him as one would a vicious animal. I give you my word.""

The absurdity of the threat, coupled with the fervent gesture and melodramatic language, made life seem more intense to her. The atmosphere was familiar, and she felt a sense of liberation, truly admiring her son for the first time in many months. She would have liked to prolong the emotional intensity of the moment, but he interrupted her. Trunks needed to be taken down, and mufflers had to be found. The lodging-house servant bustled about, and there was the matter of negotiating with the cab driver. The moment was lost amidst mundane details, leaving her with a renewed sense of disappointment as she waved a tattered lace handkerchief from the window, watching her son drive away. She was aware that a great opportunity had been squandered. To console herself, she told Sibyl how desolate her life would be, now that she had only one child to care for, recalling the phrase that had pleased her. She chose not to mention the threat, which had been expressed with such vividness and drama. She felt that they would all laugh about it someday.

That evening, as Hallward was shown into a private room at the Bristol, where dinner had been laid out for three, Lord Henry said, ""I suppose you've heard the news, Basil?"" 

""No, Harry,"" the artist replied, handing his hat and coat to the waiting servant. ""What is it? I hope it's not about politics. They don't interest me. There's hardly anyone in the House of Commons worth painting, although many of them could benefit from a bit of whitewashing.""

""Dorian Gray is engaged to be married,"" Lord Henry announced, observing Hallward's reaction.

Hallward was taken aback, then scowled. ""Dorian engaged to be married!"" he exclaimed. ""That's impossible!""

""It's entirely true,"" Lord Henry assured him.

""To whom is he engaged?"" Hallward asked.

""To some young actress or other,"" Lord Henry replied.

""I refuse to believe it. Dorian is far too sensible for that.""

""Dorian is wise enough to do foolish things from time to time, my dear Basil,"" Lord Henry said with a smile.

""Marriage is not something one can do on a whim, Harry.""

""Unless you're in America,"" Lord Henry drawled. ""But I didn't say he was married, I said he's engaged. There's a significant difference. I vaguely recall being married, but I have no memory of being engaged. I'm inclined to think I never was engaged.""

""Consider Dorian's birth, position, and wealth. It would be absurd for him to marry someone so far beneath him.""

""If you want to encourage Dorian to marry this girl, tell him that, Basil. He's sure to do it then. Whenever a man does something utterly foolish, it's always with the noblest intentions.""

""I hope the girl is decent, Harry. I don't want to see Dorian tied to some vile creature who might corrupt his nature and ruin his intellect.""

""Oh, she's more than decent – she's beautiful,"" Lord Henry murmured, sipping a glass of vermouth and orange-bitters.",551,pass,,json_ok,0.985481,543,e2d904e39daf68da302b244d82891b11b610d2559bf2ce01b3af1d5c16e630fe,"I must be off now, farewell. Remember, you'll only have one child to care for from now on, and I assure you, if this man mistreats my sister, I'll uncover his identity, pursue him, and deal with him as one would a vicious animal. I give you my word.""

The absurdity of the threat, coupled with the fervent gesture and melodramatic language, made life seem more intense to her. The atmosphere was familiar, and she felt a sense of liberation, truly admiring her son for the first time in many months. She would have liked to prolong the emotional intensity of the moment, but he interrupted her. Trunks needed to be taken down, and mufflers had to be found. The lodging-house servant bustled about, and there was the matter of negotiating with the cab driver. The moment was lost amidst mundane details, leaving her with a renewed sense of disappointment as she waved a tattered lace handkerchief from the window, watching her son drive away. She was aware that a great opportunity had been squandered. To console herself, she told Sibyl how desolate her life would be, now that she had only one child to care for, recalling the phrase that had pleased her. She chose not to mention the threat, which had been expressed with such vividness and drama. She felt that they would all laugh about it someday.

That evening, as Hallward was shown into a private room at the Bristol, where dinner had been laid out for three, Lord Henry said, ""I suppose you've heard the news, Basil?"" 

""No, Harry,"" the artist replied, handing his hat and coat to the waiting servant. ""What is it? I hope it's not about politics. They don't interest me. There's hardly anyone in the House of Commons worth painting, although many of them could benefit from a bit of whitewashing.""

""Dorian Gray is engaged to be married,"" Lord Henry announced, observing Hallward's reaction.

Hallward was taken aback, then scowled. ""Dorian engaged to be married!"" he exclaimed. ""That's impossible!""

""It's entirely true,"" Lord Henry assured him.

""To whom is he engaged?"" Hallward asked.

""To some young actress or other,"" Lord Henry replied.

""I refuse to believe it. Dorian is far too sensible for that.""

""Dorian is wise enough to do foolish things from time to time, my dear Basil,"" Lord Henry said with a smile.

""Marriage is not something one can do on a whim, Harry.""

""Unless you're in America,"" Lord Henry drawled. ""But I didn't say he was married, I said he's engaged. There's a significant difference. I vaguely recall being married, but I have no memory of being engaged. I'm inclined to think I never was engaged.""

""Consider Dorian's birth, position, and wealth. It would be absurd for him to marry someone so far beneath him.""

""If you want to encourage Dorian to marry this girl, tell him that, Basil. He's sure to do it then. Whenever a man does something utterly foolish, it's always with the noblest intentions.""

""I hope the girl is decent, Harry. I don't want to see Dorian tied to some vile creature who might corrupt his nature and ruin his intellect.""

""Oh, she's more than decent – she's beautiful,"" Lord Henry murmured, sipping a glass of vermouth and orange-bitters.",2026-06-07T18:20:00Z
groq_llama_3_3_70b_free|run_1|WILDE_DORIAN_GRAY_009|simplify|qc_repair_v1|json_canonicalized_no_text_change|attempt_1,groq_llama_3_3_70b_free|run_1|WILDE_DORIAN_GRAY_009|simplify,llama,groq_llama_3_3_70b_free,llama-3.3-70b-versatile,WILDE_DORIAN_GRAY_009,simplify,json_canonicalized_no_text_change,qc_repair_v1,,warning,json_repaired_loose_rewritten_text,json_repaired_loose_rewritten_text,0.878403,484,97911fe3ecc56babc6fe2a32d8ded1b903d5b45848f603dd6317731b311f0c86,"I have to go now. Goodbye. Remember, you only have one child to take care of now, and I'm warning you, if this man hurts my sister, I'll find out who he is and make him pay. I promise.""

The dramatic threat, the passionate gesture, and the intense words made life feel more exciting to her. She was used to this kind of atmosphere. She felt more at ease and, for the first time in months, she truly admired her son. She would have liked to keep the emotional moment going, but he cut her off. They had to carry down trunks and find scarves. The servant was rushing in and out, and they had to negotiate with the taxi driver. The moment was lost in ordinary details. She felt disappointed again as she waved goodbye from the window as her son drove away. She knew she had missed a big opportunity. She comforted herself by telling Sibyl how empty her life would feel now that she only had one child to take care of. She remembered the phrase and liked it. She didn't mention the threat, but it had been vivid and dramatic. She thought they would all laugh about it someday.

That evening, Lord Henry said to Basil, ""I suppose you've heard the news?"" as they sat down to dinner at the Bristol. 

""No, Harry,"" Basil replied, giving his hat and coat to the waiter. ""What is it? I hope it's not about politics. They don't interest me. There's hardly anyone in the government worth painting, although many of them could use a little improvement.""

""Dorian Gray is engaged to be married,"" Lord Henry said, watching Basil's reaction.

Basil was surprised and then frowned. ""Dorian engaged to be married? That's impossible!"" he exclaimed.

""It's true,"" Lord Henry said.

""To whom?"" Basil asked.

""To some young actress,"" Lord Henry replied.

""I don't believe it. Dorian is too sensible,"" Basil said.

""Dorian is wise enough to do foolish things sometimes, my dear Basil,"" Lord Henry said.

""Marriage is a big commitment, Harry. It's not something you can do on a whim,"" Basil said.

""Unless you're in America,"" Lord Henry said lazily. ""But I didn't say he was married. I said he's engaged. There's a big difference. I remember being married, but I don't recall being engaged. I think I never was engaged.""

""Think about Dorian's family, social status, and wealth. It would be ridiculous for him to marry someone beneath him,"" Basil said.

""If you want Dorian to marry this girl, tell him that, Basil. He'll probably do the opposite. When a man does something stupid, it's often for noble reasons,"" Lord Henry said.

""I hope the girl is good, Harry. I don't want to see Dorian tied to someone who might hurt his nature and ruin his mind,"" Basil said.

""Oh, she's better than good – she's beautiful,"" Lord Henry said, sipping his drink.",551,pass,,json_ok,0.878403,484,97911fe3ecc56babc6fe2a32d8ded1b903d5b45848f603dd6317731b311f0c86,"I have to go now. Goodbye. Remember, you only have one child to take care of now, and I'm warning you, if this man hurts my sister, I'll find out who he is and make him pay. I promise.""

The dramatic threat, the passionate gesture, and the intense words made life feel more exciting to her. She was used to this kind of atmosphere. She felt more at ease and, for the first time in months, she truly admired her son. She would have liked to keep the emotional moment going, but he cut her off. They had to carry down trunks and find scarves. The servant was rushing in and out, and they had to negotiate with the taxi driver. The moment was lost in ordinary details. She felt disappointed again as she waved goodbye from the window as her son drove away. She knew she had missed a big opportunity. She comforted herself by telling Sibyl how empty her life would feel now that she only had one child to take care of. She remembered the phrase and liked it. She didn't mention the threat, but it had been vivid and dramatic. She thought they would all laugh about it someday.

That evening, Lord Henry said to Basil, ""I suppose you've heard the news?"" as they sat down to dinner at the Bristol. 

""No, Harry,"" Basil replied, giving his hat and coat to the waiter. ""What is it? I hope it's not about politics. They don't interest me. There's hardly anyone in the government worth painting, although many of them could use a little improvement.""

""Dorian Gray is engaged to be married,"" Lord Henry said, watching Basil's reaction.

Basil was surprised and then frowned. ""Dorian engaged to be married? That's impossible!"" he exclaimed.

""It's true,"" Lord Henry said.

""To whom?"" Basil asked.

""To some young actress,"" Lord Henry replied.

""I don't believe it. Dorian is too sensible,"" Basil said.

""Dorian is wise enough to do foolish things sometimes, my dear Basil,"" Lord Henry said.

""Marriage is a big commitment, Harry. It's not something you can do on a whim,"" Basil said.

""Unless you're in America,"" Lord Henry said lazily. ""But I didn't say he was married. I said he's engaged. There's a big difference. I remember being married, but I don't recall being engaged. I think I never was engaged.""

""Think about Dorian's family, social status, and wealth. It would be ridiculous for him to marry someone beneath him,"" Basil said.

""If you want Dorian to marry this girl, tell him that, Basil. He'll probably do the opposite. When a man does something stupid, it's often for noble reasons,"" Lord Henry said.

""I hope the girl is good, Harry. I don't want to see Dorian tied to someone who might hurt his nature and ruin his mind,"" Basil said.

""Oh, she's better than good – she's beautiful,"" Lord Henry said, sipping his drink.",2026-06-07T18:20:00Z
groq_llama_3_3_70b_free|run_1|WILDE_DORIAN_GRAY_010|modernize|qc_repair_v1|json_canonicalized_no_text_change|attempt_1,groq_llama_3_3_70b_free|run_1|WILDE_DORIAN_GRAY_010|modernize,llama,groq_llama_3_3_70b_free,llama-3.3-70b-versatile,WILDE_DORIAN_GRAY_010,modernize,json_canonicalized_no_text_change,qc_repair_v1,,warning,json_repaired_loose_rewritten_text,json_repaired_loose_rewritten_text,0.900362,497,3ccf6fc22a23042a3379d607e0b267cc85f91062837a0d2ee41915300ec4f64e,"“The only thing worth having a theory about is pleasure,” he replied in his smooth, melodious voice. “But I don't think I can claim this theory as my own. It's more about human nature than anything else. Pleasure is a sign that we're doing something right. When we're happy, we're usually good, but being good doesn't always mean we're happy.”

“Wait, what do you mean by good?” asked Basil Hallward.

“Yes, what do you mean by good, Harry?” Dorian echoed, leaning back in his chair and looking at Lord Henry over the vibrant purple flowers in the center of the table.

“To be good is to be true to yourself,” Lord Henry said, touching the rim of his glass with his slender fingers. “It's about being in tune with your own desires and values, rather than trying to fit someone else's mold. Your own life is what matters most. As for what your neighbors are doing, unless you want to be judgmental or self-righteous, it's not really your concern. Besides, individuality is a higher goal. Most people today think that following the norms of society is the right thing to do, but I think that's a form of immorality for someone who values culture and independence.”

“But isn't living just for yourself a recipe for disaster, Harry?” the painter suggested.

“Yes, everything comes with a price tag nowadays. I think the real tragedy of being poor is that you can't afford to indulge in anything. Beautiful experiences, like beautiful things, are a luxury only the wealthy can afford.”

“There are costs beyond just money, though.”

“What kind of costs, Basil?” Lord Henry asked.

“Well, like guilt, suffering, and the feeling of being degraded,” the painter replied.

Lord Henry shrugged. “I think old-fashioned emotions are outdated. You can use them in stories, of course, but in real life, they're no longer relevant. Trust me, no sophisticated person ever regrets something they've enjoyed, and no unsophisticated person even knows what enjoyment is.”

“I know what pleasure is,” Dorian Gray said. “It's loving someone deeply.”

“That's definitely better than being loved,” Lord Henry responded, playing with some fruit. “Being loved can be a real nuisance. Women often treat us like we're gods, worshiping us and constantly asking for something in return.”

“I think they have a right to ask for something back, though,” Dorian said seriously. “They bring out the best in us, and they create love in our hearts. They have a right to expect it in return.”

“That's true, Dorian,” Hallward agreed.

“Nothing is ever entirely true,” Lord Henry said.

“But this is,” Dorian interrupted. “You have to admit, Harry, that women give us the best parts of themselves.”

“Maybe,” Lord Henry sighed, “but they always want it back in some way. That's the problem. Women inspire us to do great things, but they often hold us back from achieving them.”

“Harry, you're terrible! I don't know why I like you so much,” Dorian said with a laugh.",552,pass,,json_ok,0.900362,497,3ccf6fc22a23042a3379d607e0b267cc85f91062837a0d2ee41915300ec4f64e,"“The only thing worth having a theory about is pleasure,” he replied in his smooth, melodious voice. “But I don't think I can claim this theory as my own. It's more about human nature than anything else. Pleasure is a sign that we're doing something right. When we're happy, we're usually good, but being good doesn't always mean we're happy.”

“Wait, what do you mean by good?” asked Basil Hallward.

“Yes, what do you mean by good, Harry?” Dorian echoed, leaning back in his chair and looking at Lord Henry over the vibrant purple flowers in the center of the table.

“To be good is to be true to yourself,” Lord Henry said, touching the rim of his glass with his slender fingers. “It's about being in tune with your own desires and values, rather than trying to fit someone else's mold. Your own life is what matters most. As for what your neighbors are doing, unless you want to be judgmental or self-righteous, it's not really your concern. Besides, individuality is a higher goal. Most people today think that following the norms of society is the right thing to do, but I think that's a form of immorality for someone who values culture and independence.”

“But isn't living just for yourself a recipe for disaster, Harry?” the painter suggested.

“Yes, everything comes with a price tag nowadays. I think the real tragedy of being poor is that you can't afford to indulge in anything. Beautiful experiences, like beautiful things, are a luxury only the wealthy can afford.”

“There are costs beyond just money, though.”

“What kind of costs, Basil?” Lord Henry asked.

“Well, like guilt, suffering, and the feeling of being degraded,” the painter replied.

Lord Henry shrugged. “I think old-fashioned emotions are outdated. You can use them in stories, of course, but in real life, they're no longer relevant. Trust me, no sophisticated person ever regrets something they've enjoyed, and no unsophisticated person even knows what enjoyment is.”

“I know what pleasure is,” Dorian Gray said. “It's loving someone deeply.”

“That's definitely better than being loved,” Lord Henry responded, playing with some fruit. “Being loved can be a real nuisance. Women often treat us like we're gods, worshiping us and constantly asking for something in return.”

“I think they have a right to ask for something back, though,” Dorian said seriously. “They bring out the best in us, and they create love in our hearts. They have a right to expect it in return.”

“That's true, Dorian,” Hallward agreed.

“Nothing is ever entirely true,” Lord Henry said.

“But this is,” Dorian interrupted. “You have to admit, Harry, that women give us the best parts of themselves.”

“Maybe,” Lord Henry sighed, “but they always want it back in some way. That's the problem. Women inspire us to do great things, but they often hold us back from achieving them.”

“Harry, you're terrible! I don't know why I like you so much,” Dorian said with a laugh.",2026-06-07T18:20:00Z
groq_llama_3_3_70b_free|run_1|WILDE_DORIAN_GRAY_010|paraphrase|qc_repair_v1|json_canonicalized_no_text_change|attempt_1,groq_llama_3_3_70b_free|run_1|WILDE_DORIAN_GRAY_010|paraphrase,llama,groq_llama_3_3_70b_free,llama-3.3-70b-versatile,WILDE_DORIAN_GRAY_010,paraphrase,json_canonicalized_no_text_change,qc_repair_v1,,warning,json_repaired_loose_rewritten_text,json_repaired_loose_rewritten_text,0.925725,511,6519712f3cfc03d5efe639ca59f98331afefd35800a50a4263ffda70bc22ab34,"“The only thing worthy of having a theory about is pleasure,” he said in his smooth, melodious tone. “However, I must admit that my theory doesn't belong to me, but rather to Nature. Nature uses pleasure as a test, a sign of approval. When we're happy, we're always good, but being good doesn't necessarily mean we're happy.”

“But what do you mean by good?” Basil Hallward asked.

“Yes, what is your definition of good, Harry?” Dorian echoed, leaning back in his chair and gazing at Lord Henry over the vibrant purple irises that adorned the center of the table.

“To be in harmony with oneself is to be good,” Lord Henry replied, his slender fingers brushing against the rim of his glass. “Being forced to conform to others is a form of discord. One's own life is what truly matters. As for the lives of those around us, if we want to be self-righteous, we can certainly express our moral opinions, but ultimately, they're not our concern. Besides, individualism has a higher purpose. Modern morality is about embracing the standards of our time. I believe that for a cultured person to accept these standards is a form of immorality.”

“But doesn't living solely for oneself come with a terrible cost, Harry?” the painter suggested.

“Yes, we're overpaying for everything these days. I think the real tragedy of the poor is that they can only afford to deny themselves. Beautiful vices, like beautiful things, are a luxury reserved for the wealthy.”

“One pays in ways other than money,” Basil Hallward said.

“What kind of ways, Basil?” Lord Henry asked.

“Well, I suppose in remorse, in suffering, in the feeling of being degraded.”

Lord Henry shrugged. “Mediæval art is charming, but mediæval emotions are outdated. We can use them in fiction, of course, but only because we've stopped using them in real life. Believe me, no refined person ever regrets a pleasure, and no unrefined person ever truly understands what pleasure is.”

“I know what pleasure is,” Dorian Gray exclaimed. “It's to adore someone.”

“Being adored is far less desirable,” Lord Henry replied, idly toying with some fruit. “Being adored is a nuisance. Women treat us like gods, worshiping us and constantly asking for something in return.”

“I think they have a right to ask for something in return, since they're the ones who inspire love in us,” the young man said gravely. “They give us the best part of themselves, and it's only fair that they expect something back.”

“That's true, Dorian,” Basil Hallward agreed.

“Nothing is ever entirely true,” Lord Henry said with a smile.

“But this is,” Dorian interrupted. “You must admit, Harry, that women give men the most precious things in life.”

“Perhaps,” Lord Henry sighed, “but they always want it back in such insignificant ways. That's the problem. Women, as a witty Frenchman once said, inspire us to create masterpieces, but they also prevent us from bringing them to life.”

“Harry, you're terrible! I don't know why I like you so much,” Dorian Gray said with a laugh.",552,pass,,json_ok,0.925725,511,6519712f3cfc03d5efe639ca59f98331afefd35800a50a4263ffda70bc22ab34,"“The only thing worthy of having a theory about is pleasure,” he said in his smooth, melodious tone. “However, I must admit that my theory doesn't belong to me, but rather to Nature. Nature uses pleasure as a test, a sign of approval. When we're happy, we're always good, but being good doesn't necessarily mean we're happy.”

“But what do you mean by good?” Basil Hallward asked.

“Yes, what is your definition of good, Harry?” Dorian echoed, leaning back in his chair and gazing at Lord Henry over the vibrant purple irises that adorned the center of the table.

“To be in harmony with oneself is to be good,” Lord Henry replied, his slender fingers brushing against the rim of his glass. “Being forced to conform to others is a form of discord. One's own life is what truly matters. As for the lives of those around us, if we want to be self-righteous, we can certainly express our moral opinions, but ultimately, they're not our concern. Besides, individualism has a higher purpose. Modern morality is about embracing the standards of our time. I believe that for a cultured person to accept these standards is a form of immorality.”

“But doesn't living solely for oneself come with a terrible cost, Harry?” the painter suggested.

“Yes, we're overpaying for everything these days. I think the real tragedy of the poor is that they can only afford to deny themselves. Beautiful vices, like beautiful things, are a luxury reserved for the wealthy.”

“One pays in ways other than money,” Basil Hallward said.

“What kind of ways, Basil?” Lord Henry asked.

“Well, I suppose in remorse, in suffering, in the feeling of being degraded.”

Lord Henry shrugged. “Mediæval art is charming, but mediæval emotions are outdated. We can use them in fiction, of course, but only because we've stopped using them in real life. Believe me, no refined person ever regrets a pleasure, and no unrefined person ever truly understands what pleasure is.”

“I know what pleasure is,” Dorian Gray exclaimed. “It's to adore someone.”

“Being adored is far less desirable,” Lord Henry replied, idly toying with some fruit. “Being adored is a nuisance. Women treat us like gods, worshiping us and constantly asking for something in return.”

“I think they have a right to ask for something in return, since they're the ones who inspire love in us,” the young man said gravely. “They give us the best part of themselves, and it's only fair that they expect something back.”

“That's true, Dorian,” Basil Hallward agreed.

“Nothing is ever entirely true,” Lord Henry said with a smile.

“But this is,” Dorian interrupted. “You must admit, Harry, that women give men the most precious things in life.”

“Perhaps,” Lord Henry sighed, “but they always want it back in such insignificant ways. That's the problem. Women, as a witty Frenchman once said, inspire us to create masterpieces, but they also prevent us from bringing them to life.”

“Harry, you're terrible! I don't know why I like you so much,” Dorian Gray said with a laugh.",2026-06-07T18:20:00Z
groq_llama_3_3_70b_free|run_1|WILDE_DORIAN_GRAY_013|modernize|qc_repair_v1|json_canonicalized_no_text_change|attempt_1,groq_llama_3_3_70b_free|run_1|WILDE_DORIAN_GRAY_013|modernize,llama,groq_llama_3_3_70b_free,llama-3.3-70b-versatile,WILDE_DORIAN_GRAY_013,modernize,json_canonicalized_no_text_change,qc_repair_v1,,warning,json_repaired_loose_rewritten_text,json_repaired_loose_rewritten_text,0.943841,521,20c9226243862f6f40be112a8f8a81d0ed84e988dcd05301695a13d4004de0c2,"Things like that can make someone a celebrity in Paris, but in London, people are so judgmental. Here, you should never start out with a scandal. You should save that for later in life to make your older years more interesting. I'm guessing they don't know your name at the theater, which is a good thing. Did anyone see you going to her room? That's a crucial point.

Dorian didn't respond for a few moments. He was shocked and horrified. Finally, he stuttered, in a barely audible voice, 'Harry, what did you mean by an inquest? Was it an accident? Oh, Harry, I just can't handle it. Tell me everything right now.'

'I'm sure it wasn't an accident, Dorian, although that's what we'll have to tell the public,' Harry said. 'Apparently, as she was leaving the theater with her mom around 12:30, she said she had forgotten something upstairs. They waited for a while, but she never came back down. Eventually, they found her lying dead on the floor of her dressing room. She had ingested something by mistake, some toxic substance they use in theaters. I'm not sure what it was, but it had either cyanide or lead in it. I think it was probably cyanide, since she seemed to have died instantly.'

'Harry, this is terrible!' the young man exclaimed.

'Yes, it's very tragic, of course, but you can't let it get to you. I saw in the news that she was seventeen. I would have thought she was even younger than that. She looked like a kid and seemed to know so little about acting. Dorian, you can't let this get to you. You should come and have dinner with me, and then we'll go to the opera. It's a big night, and everyone will be there. You can join me in my sister's box. She's got some interesting women with her.'

'I've basically murdered Sibyl Vane,' Dorian Gray said to himself, 'killed her just as surely as if I had cut her throat with a knife. And yet, the roses are just as beautiful, and the birds are singing just as happily in my garden. Tonight, I'm going to have dinner with you and then go to the opera, and probably go out for a late-night snack afterwards. Life is so dramatic. If I had read all this in a book, Harry, I think I would have cried over it. But now that it's actually happened to me, it seems too amazing to cry about. Here's the first passionate love letter I've ever written in my life, and it's to a dead girl. I wonder if the dead can feel anything, or know what's going on, or even hear us. Sibyl, can you feel or know or hear me? Oh, Harry, how I loved her once. It feels like it was years ago now. She was everything to me. Then there was that awful night - was it really just last night? - when she performed so badly, and my heart almost broke. She explained everything to me, and it was heartbreaking. But I wasn't moved at all.",552,pass,,json_ok,0.943841,521,20c9226243862f6f40be112a8f8a81d0ed84e988dcd05301695a13d4004de0c2,"Things like that can make someone a celebrity in Paris, but in London, people are so judgmental. Here, you should never start out with a scandal. You should save that for later in life to make your older years more interesting. I'm guessing they don't know your name at the theater, which is a good thing. Did anyone see you going to her room? That's a crucial point.

Dorian didn't respond for a few moments. He was shocked and horrified. Finally, he stuttered, in a barely audible voice, 'Harry, what did you mean by an inquest? Was it an accident? Oh, Harry, I just can't handle it. Tell me everything right now.'

'I'm sure it wasn't an accident, Dorian, although that's what we'll have to tell the public,' Harry said. 'Apparently, as she was leaving the theater with her mom around 12:30, she said she had forgotten something upstairs. They waited for a while, but she never came back down. Eventually, they found her lying dead on the floor of her dressing room. She had ingested something by mistake, some toxic substance they use in theaters. I'm not sure what it was, but it had either cyanide or lead in it. I think it was probably cyanide, since she seemed to have died instantly.'

'Harry, this is terrible!' the young man exclaimed.

'Yes, it's very tragic, of course, but you can't let it get to you. I saw in the news that she was seventeen. I would have thought she was even younger than that. She looked like a kid and seemed to know so little about acting. Dorian, you can't let this get to you. You should come and have dinner with me, and then we'll go to the opera. It's a big night, and everyone will be there. You can join me in my sister's box. She's got some interesting women with her.'

'I've basically murdered Sibyl Vane,' Dorian Gray said to himself, 'killed her just as surely as if I had cut her throat with a knife. And yet, the roses are just as beautiful, and the birds are singing just as happily in my garden. Tonight, I'm going to have dinner with you and then go to the opera, and probably go out for a late-night snack afterwards. Life is so dramatic. If I had read all this in a book, Harry, I think I would have cried over it. But now that it's actually happened to me, it seems too amazing to cry about. Here's the first passionate love letter I've ever written in my life, and it's to a dead girl. I wonder if the dead can feel anything, or know what's going on, or even hear us. Sibyl, can you feel or know or hear me? Oh, Harry, how I loved her once. It feels like it was years ago now. She was everything to me. Then there was that awful night - was it really just last night? - when she performed so badly, and my heart almost broke. She explained everything to me, and it was heartbreaking. But I wasn't moved at all.",2026-06-07T18:20:00Z
groq_llama_3_3_70b_free|run_1|WILDE_DORIAN_GRAY_013|simplify|qc_repair_v1|json_canonicalized_no_text_change|attempt_1,groq_llama_3_3_70b_free|run_1|WILDE_DORIAN_GRAY_013|simplify,llama,groq_llama_3_3_70b_free,llama-3.3-70b-versatile,WILDE_DORIAN_GRAY_013,simplify,json_canonicalized_no_text_change,qc_repair_v1,,warning,json_repaired_loose_rewritten_text,json_repaired_loose_rewritten_text,0.893116,493,ad35cd31d14e8775c14c037ad9c78282c476a8b6c5154e312955692d4fac5f2d,"Things like that can make someone popular in Paris, but in London, people are more judgmental. Here, it's better to avoid scandals when you're first becoming known. You should save that for when you're older and want to make your life more interesting. I don't think anyone at the theater knows your name, which is good. Did anyone see you going to her room? That's an important detail.

Dorian didn't respond for a moment. He was shocked and horrified. Finally, he stuttered, 'Harry, what did you mean by an inquest? Did something happen to Sibyl? Oh, Harry, I don't think I can handle it. Please tell me everything right now.'

'I'm sure it wasn't an accident, Dorian, but that's what we have to tell the public,' Harry said. 'It seems that when Sibyl was leaving the theater with her mother around 12:30, she said she had forgotten something upstairs. They waited for her, but she didn't come back down. Eventually, they found her dead on the floor of her dressing room. She had swallowed something by mistake, some kind of poison they use at theaters. I'm not sure what it was, but it had either prussic acid or white lead in it. I think it was prussic acid, since she died right away.'

'Harry, this is terrible!' Dorian exclaimed.

'Yes, it's very sad, but you can't let it affect you,' Harry said. 'I saw in the newspaper that Sibyl was 17. I thought she was even younger than that. She looked like a child and didn't seem to know much about acting. Dorian, you have to come and have dinner with me, and then we'll go to the opera. It's a special night, and everyone will be there. You can sit in my sister's box. She has some interesting women with her.'

Dorian said to himself, 'I've basically murdered Sibyl Vane. I've killed her as surely as if I had cut her throat with a knife.' But despite this, the roses in his garden were still beautiful, and the birds were still singing. He was going to have dinner with Harry and then go to the opera, and maybe even have supper later. Life was full of drama. If he had read this story in a book, he would have cried. But now that it had happened to him, it seemed too amazing to cry about. He looked at the first love letter he had ever written, and it was strange that it was to a dead girl. He wondered if the dead could feel or hear anything. Sibyl, could she feel or know what was happening? He had loved her once, but that seemed like a long time ago. She had meant everything to him, but then there was that terrible night when she performed badly, and his heart almost broke. She had explained everything to him, and it was very sad. But he hadn't been moved by it at all.",552,pass,,json_ok,0.893116,493,ad35cd31d14e8775c14c037ad9c78282c476a8b6c5154e312955692d4fac5f2d,"Things like that can make someone popular in Paris, but in London, people are more judgmental. Here, it's better to avoid scandals when you're first becoming known. You should save that for when you're older and want to make your life more interesting. I don't think anyone at the theater knows your name, which is good. Did anyone see you going to her room? That's an important detail.

Dorian didn't respond for a moment. He was shocked and horrified. Finally, he stuttered, 'Harry, what did you mean by an inquest? Did something happen to Sibyl? Oh, Harry, I don't think I can handle it. Please tell me everything right now.'

'I'm sure it wasn't an accident, Dorian, but that's what we have to tell the public,' Harry said. 'It seems that when Sibyl was leaving the theater with her mother around 12:30, she said she had forgotten something upstairs. They waited for her, but she didn't come back down. Eventually, they found her dead on the floor of her dressing room. She had swallowed something by mistake, some kind of poison they use at theaters. I'm not sure what it was, but it had either prussic acid or white lead in it. I think it was prussic acid, since she died right away.'

'Harry, this is terrible!' Dorian exclaimed.

'Yes, it's very sad, but you can't let it affect you,' Harry said. 'I saw in the newspaper that Sibyl was 17. I thought she was even younger than that. She looked like a child and didn't seem to know much about acting. Dorian, you have to come and have dinner with me, and then we'll go to the opera. It's a special night, and everyone will be there. You can sit in my sister's box. She has some interesting women with her.'

Dorian said to himself, 'I've basically murdered Sibyl Vane. I've killed her as surely as if I had cut her throat with a knife.' But despite this, the roses in his garden were still beautiful, and the birds were still singing. He was going to have dinner with Harry and then go to the opera, and maybe even have supper later. Life was full of drama. If he had read this story in a book, he would have cried. But now that it had happened to him, it seemed too amazing to cry about. He looked at the first love letter he had ever written, and it was strange that it was to a dead girl. He wondered if the dead could feel or hear anything. Sibyl, could she feel or know what was happening? He had loved her once, but that seemed like a long time ago. She had meant everything to him, but then there was that terrible night when she performed badly, and his heart almost broke. She had explained everything to him, and it was very sad. But he hadn't been moved by it at all.",2026-06-07T18:20:00Z
groq_llama_3_3_70b_free|run_1|WILDE_DORIAN_GRAY_014|modernize|qc_repair_v1|json_canonicalized_no_text_change|attempt_1,groq_llama_3_3_70b_free|run_1|WILDE_DORIAN_GRAY_014|modernize,llama,groq_llama_3_3_70b_free,llama-3.3-70b-versatile,WILDE_DORIAN_GRAY_014,modernize,json_canonicalized_no_text_change,qc_repair_v1,,warning,json_repaired_loose_rewritten_text,json_repaired_loose_rewritten_text,0.920775,523,232668da3f3e2c3815aa74db1759b7efb71e4c3b0f1801bb56808dbffbb313da,"The moment she became a part of real life, she damaged it, and it damaged her, and so she disappeared. You can mourn Ophelia if you want. Wear ashes on your head because Cordelia was murdered. Protest against fate because the daughter of Brabantio died. But don't waste your tears on Sibyl Vane. She was less real than they are.""

There was a silence. The evening grew darker in the room. Silently, and with an eerie presence, the shadows crept in from the garden. The colors faded slowly out of everything.

After a while, Dorian Gray looked up. ""You've helped me understand myself, Harry,"" he murmured with a sigh of relief. ""I felt everything you've said, but somehow I was afraid of it, and I couldn't express it to myself. You know me so well. But we won't talk about what's happened again. It's been an incredible experience. That's all. I wonder if life has anything else in store for me that's just as amazing.""

""Life has everything in store for you, Dorian,"" Lord Henry said. ""With your extraordinary good looks, there's nothing you won't be able to do.""

""But what if I become old and wrinkled, Harry? What then?""

""Then, my dear Dorian,"" Lord Henry said, standing up to leave, ""you'd have to fight for your successes. As it is, they're handed to you. No, you have to keep your good looks. We live in an age that overthinks everything and values knowledge over beauty. We can't afford to lose you. Now, you should get dressed and meet me at the club. We're running late.""

""I think I'll join you at the opera, Harry. I'm too tired to eat. What's the number of your sister's box?""

""It's twenty-seven, I think. It's on the grand tier. You'll see her name on the door. But I'm sorry you won't come and dine with us.""

""I don't feel up to it,"" Dorian said listlessly. ""But thanks for everything you've said to me. You're definitely my best friend. No one has ever understood me like you have.""

""We're just starting our friendship, Dorian,"" Lord Henry replied, shaking his hand. ""Goodbye. I'll see you before nine-thirty, I hope. Remember, Patti is performing.""

As he closed the door behind him, Dorian Gray rang the bell, and soon Victor appeared with the lamps and closed the blinds. Dorian waited impatiently for him to leave. The man seemed to take forever to do everything.

As soon as he was gone, Dorian rushed to the screen and pulled it back. No, there was no further change in the picture. It had already reflected the news of Sibyl Vane's death before Dorian had even known about it himself. It was aware of the events of life as they happened. The cruel twist that marred the fine lines of the mouth had probably appeared the moment the girl had taken the poison, whatever it was. Or was it indifferent to the consequences? Did it simply acknowledge what was happening within the soul? Dorian wondered, and he hoped that one day he would see the change happen before his eyes, shuddering at the thought.",568,pass,,json_ok,0.920775,523,232668da3f3e2c3815aa74db1759b7efb71e4c3b0f1801bb56808dbffbb313da,"The moment she became a part of real life, she damaged it, and it damaged her, and so she disappeared. You can mourn Ophelia if you want. Wear ashes on your head because Cordelia was murdered. Protest against fate because the daughter of Brabantio died. But don't waste your tears on Sibyl Vane. She was less real than they are.""

There was a silence. The evening grew darker in the room. Silently, and with an eerie presence, the shadows crept in from the garden. The colors faded slowly out of everything.

After a while, Dorian Gray looked up. ""You've helped me understand myself, Harry,"" he murmured with a sigh of relief. ""I felt everything you've said, but somehow I was afraid of it, and I couldn't express it to myself. You know me so well. But we won't talk about what's happened again. It's been an incredible experience. That's all. I wonder if life has anything else in store for me that's just as amazing.""

""Life has everything in store for you, Dorian,"" Lord Henry said. ""With your extraordinary good looks, there's nothing you won't be able to do.""

""But what if I become old and wrinkled, Harry? What then?""

""Then, my dear Dorian,"" Lord Henry said, standing up to leave, ""you'd have to fight for your successes. As it is, they're handed to you. No, you have to keep your good looks. We live in an age that overthinks everything and values knowledge over beauty. We can't afford to lose you. Now, you should get dressed and meet me at the club. We're running late.""

""I think I'll join you at the opera, Harry. I'm too tired to eat. What's the number of your sister's box?""

""It's twenty-seven, I think. It's on the grand tier. You'll see her name on the door. But I'm sorry you won't come and dine with us.""

""I don't feel up to it,"" Dorian said listlessly. ""But thanks for everything you've said to me. You're definitely my best friend. No one has ever understood me like you have.""

""We're just starting our friendship, Dorian,"" Lord Henry replied, shaking his hand. ""Goodbye. I'll see you before nine-thirty, I hope. Remember, Patti is performing.""

As he closed the door behind him, Dorian Gray rang the bell, and soon Victor appeared with the lamps and closed the blinds. Dorian waited impatiently for him to leave. The man seemed to take forever to do everything.

As soon as he was gone, Dorian rushed to the screen and pulled it back. No, there was no further change in the picture. It had already reflected the news of Sibyl Vane's death before Dorian had even known about it himself. It was aware of the events of life as they happened. The cruel twist that marred the fine lines of the mouth had probably appeared the moment the girl had taken the poison, whatever it was. Or was it indifferent to the consequences? Did it simply acknowledge what was happening within the soul? Dorian wondered, and he hoped that one day he would see the change happen before his eyes, shuddering at the thought.",2026-06-07T18:20:00Z
groq_llama_3_3_70b_free|run_1|WILDE_DORIAN_GRAY_018|modernize|qc_repair_v1|json_canonicalized_no_text_change|attempt_1,groq_llama_3_3_70b_free|run_1|WILDE_DORIAN_GRAY_018|modernize,llama,groq_llama_3_3_70b_free,llama-3.3-70b-versatile,WILDE_DORIAN_GRAY_018,modernize,json_canonicalized_no_text_change,qc_repair_v1,,warning,json_repaired_loose_rewritten_text,json_repaired_loose_rewritten_text,0.887772,530,dcd11b8d0cd4a8c49c52842227a68c7afce38d086b8781f4d7a021b55c8ce8ce,"As morning breaks, white fingers of light creep through the curtains, and they seem to tremble. Dark, fantastical shapes - silent shadows - crawl into the corners of the room and huddle there. Outside, the sounds of birds chirping among the leaves, people heading to work, or the wind sighing and sobbing as it comes down from the hills and circles the silent house, are all audible. It's as if the wind is hesitant to wake the sleepers, yet it must rouse sleep from its deep, purple slumber. Veil after veil of thin, dusky gauze lifts, and gradually, the forms and colors of things are restored to them. We watch as dawn recreates the world in its timeless pattern. The pale mirrors regain their reflective life. The unlit candles stand where we had left them, and beside them lies the half-read book we had been studying, or the wired flower we had worn to the ball, or the letter we had been afraid to read, or the one we had read too many times. Nothing appears to have changed. The real life we knew returns from the unreal shadows of the night, and we must resume it where we left off. A terrible sense of the necessity for continuing our routine, with its monotonous, stereotyped habits, washes over us. Alternatively, we may feel a wild longing for our eyes to open one morning to a world that has been transformed in the darkness, a world with fresh shapes and colors, where things would be changed, or hold new secrets. In this world, the past would have little or no place, or would survive only as a subconscious memory, without the burden of obligation or regret. Even the recollection of joy would be bitter, and memories of pleasure would be painful.

For Dorian Gray, creating such worlds seemed to be the true purpose of life. In his pursuit of new and exciting sensations, with their essential element of strangeness that fuels romance, he would often adopt certain ways of thinking that he knew were not truly his own. He would surrender to their subtle influences, absorb their essence, and then, having satisfied his intellectual curiosity, leave them behind with a curious indifference. This indifference is not incompatible with a genuine ardor of temperament and, according to some modern psychologists, is often a condition of it.

There was a rumor that Dorian Gray was going to join the Roman Catholic Church, and it's true that the Roman ritual had always fascinated him. The daily sacrifice, more awe-inspiring than any ancient sacrifice, moved him deeply. It was the ritual's rejection of sensory evidence, its primitive simplicity, and the eternal pathos of the human tragedy it symbolized that drew him in. He loved to kneel on the cold marble floor and watch the priest, in his ornate, flower-patterned dalmatic, slowly lift the veil of the tabernacle or raise the jeweled, lantern-shaped monstrance with the pale wafer that, at times, seemed to be the true 'bread of angels.' He was also captivated by the priest, robed in the garments of Christ's Passion, breaking the Host into the chalice and striking his breast in penance for his sins.",597,pass,,json_ok,0.887772,530,dcd11b8d0cd4a8c49c52842227a68c7afce38d086b8781f4d7a021b55c8ce8ce,"As morning breaks, white fingers of light creep through the curtains, and they seem to tremble. Dark, fantastical shapes - silent shadows - crawl into the corners of the room and huddle there. Outside, the sounds of birds chirping among the leaves, people heading to work, or the wind sighing and sobbing as it comes down from the hills and circles the silent house, are all audible. It's as if the wind is hesitant to wake the sleepers, yet it must rouse sleep from its deep, purple slumber. Veil after veil of thin, dusky gauze lifts, and gradually, the forms and colors of things are restored to them. We watch as dawn recreates the world in its timeless pattern. The pale mirrors regain their reflective life. The unlit candles stand where we had left them, and beside them lies the half-read book we had been studying, or the wired flower we had worn to the ball, or the letter we had been afraid to read, or the one we had read too many times. Nothing appears to have changed. The real life we knew returns from the unreal shadows of the night, and we must resume it where we left off. A terrible sense of the necessity for continuing our routine, with its monotonous, stereotyped habits, washes over us. Alternatively, we may feel a wild longing for our eyes to open one morning to a world that has been transformed in the darkness, a world with fresh shapes and colors, where things would be changed, or hold new secrets. In this world, the past would have little or no place, or would survive only as a subconscious memory, without the burden of obligation or regret. Even the recollection of joy would be bitter, and memories of pleasure would be painful.

For Dorian Gray, creating such worlds seemed to be the true purpose of life. In his pursuit of new and exciting sensations, with their essential element of strangeness that fuels romance, he would often adopt certain ways of thinking that he knew were not truly his own. He would surrender to their subtle influences, absorb their essence, and then, having satisfied his intellectual curiosity, leave them behind with a curious indifference. This indifference is not incompatible with a genuine ardor of temperament and, according to some modern psychologists, is often a condition of it.

There was a rumor that Dorian Gray was going to join the Roman Catholic Church, and it's true that the Roman ritual had always fascinated him. The daily sacrifice, more awe-inspiring than any ancient sacrifice, moved him deeply. It was the ritual's rejection of sensory evidence, its primitive simplicity, and the eternal pathos of the human tragedy it symbolized that drew him in. He loved to kneel on the cold marble floor and watch the priest, in his ornate, flower-patterned dalmatic, slowly lift the veil of the tabernacle or raise the jeweled, lantern-shaped monstrance with the pale wafer that, at times, seemed to be the true 'bread of angels.' He was also captivated by the priest, robed in the garments of Christ's Passion, breaking the Host into the chalice and striking his breast in penance for his sins.",2026-06-07T18:20:00Z
