model,split,condition,text_id,passage_id,true_author,predicted_author,correct,actual_word_count,source_original_word_count,actual_text_length_band,source_original_length_band
nearest_centroid,validation,original,AUSTEN_PRIDE_AND_PREJUDICE_013__original,AUSTEN_PRIDE_AND_PREJUDICE_013,austen,austen,1,559,559,501_575,501_575
nearest_centroid,validation,original,AUSTEN_PRIDE_AND_PREJUDICE_014__original,AUSTEN_PRIDE_AND_PREJUDICE_014,austen,wilde,0,552,552,501_575,501_575
nearest_centroid,validation,original,AUSTEN_PRIDE_AND_PREJUDICE_015__original,AUSTEN_PRIDE_AND_PREJUDICE_015,austen,shelley,0,557,557,501_575,501_575
nearest_centroid,validation,original,AUSTEN_PRIDE_AND_PREJUDICE_016__original,AUSTEN_PRIDE_AND_PREJUDICE_016,austen,austen,1,577,577,576_650,576_650
nearest_centroid,validation,original,AUSTEN_PRIDE_AND_PREJUDICE_017__original,AUSTEN_PRIDE_AND_PREJUDICE_017,austen,austen,1,553,553,501_575,501_575
nearest_centroid,validation,original,AUSTEN_PRIDE_AND_PREJUDICE_018__original,AUSTEN_PRIDE_AND_PREJUDICE_018,austen,austen,1,563,563,501_575,501_575
nearest_centroid,validation,original,AUSTEN_PRIDE_AND_PREJUDICE_019__original,AUSTEN_PRIDE_AND_PREJUDICE_019,austen,austen,1,563,563,501_575,501_575
nearest_centroid,validation,original,AUSTEN_PRIDE_AND_PREJUDICE_020__original,AUSTEN_PRIDE_AND_PREJUDICE_020,austen,austen,1,585,585,576_650,576_650
nearest_centroid,validation,original,AUSTEN_PRIDE_AND_PREJUDICE_021__original,AUSTEN_PRIDE_AND_PREJUDICE_021,austen,austen,1,576,576,576_650,576_650
nearest_centroid,validation,original,DICKENS_OLIVER_TWIST_013__original,DICKENS_OLIVER_TWIST_013,dickens,dickens,1,578,578,576_650,576_650
nearest_centroid,validation,original,DICKENS_OLIVER_TWIST_014__original,DICKENS_OLIVER_TWIST_014,dickens,dickens,1,551,551,501_575,501_575
nearest_centroid,validation,original,DICKENS_OLIVER_TWIST_015__original,DICKENS_OLIVER_TWIST_015,dickens,dickens,1,556,556,501_575,501_575
nearest_centroid,validation,original,DICKENS_OLIVER_TWIST_016__original,DICKENS_OLIVER_TWIST_016,dickens,dickens,1,556,556,501_575,501_575
nearest_centroid,validation,original,DICKENS_OLIVER_TWIST_017__original,DICKENS_OLIVER_TWIST_017,dickens,dickens,1,569,569,501_575,501_575
nearest_centroid,validation,original,DICKENS_OLIVER_TWIST_018__original,DICKENS_OLIVER_TWIST_018,dickens,dickens,1,560,560,501_575,501_575
nearest_centroid,validation,original,DICKENS_OLIVER_TWIST_019__original,DICKENS_OLIVER_TWIST_019,dickens,austen,0,558,558,501_575,501_575
nearest_centroid,validation,original,DICKENS_OLIVER_TWIST_020__original,DICKENS_OLIVER_TWIST_020,dickens,dickens,1,551,551,501_575,501_575
nearest_centroid,validation,original,DICKENS_OLIVER_TWIST_021__original,DICKENS_OLIVER_TWIST_021,dickens,dickens,1,571,571,501_575,501_575
nearest_centroid,validation,original,POE_WORKS_VOLUME_2_013__original,POE_WORKS_VOLUME_2_013,poe,poe,1,581,581,576_650,576_650
nearest_centroid,validation,original,POE_WORKS_VOLUME_2_014__original,POE_WORKS_VOLUME_2_014,poe,shelley,0,557,557,501_575,501_575
nearest_centroid,validation,original,POE_WORKS_VOLUME_2_015__original,POE_WORKS_VOLUME_2_015,poe,shelley,0,561,561,501_575,501_575
nearest_centroid,validation,original,POE_WORKS_VOLUME_2_016__original,POE_WORKS_VOLUME_2_016,poe,poe,1,553,553,501_575,501_575
nearest_centroid,validation,original,POE_WORKS_VOLUME_2_017__original,POE_WORKS_VOLUME_2_017,poe,poe,1,581,581,576_650,576_650
nearest_centroid,validation,original,POE_WORKS_VOLUME_2_018__original,POE_WORKS_VOLUME_2_018,poe,poe,1,550,550,501_575,501_575
nearest_centroid,validation,original,POE_WORKS_VOLUME_2_019__original,POE_WORKS_VOLUME_2_019,poe,poe,1,561,561,501_575,501_575
nearest_centroid,validation,original,POE_WORKS_VOLUME_2_020__original,POE_WORKS_VOLUME_2_020,poe,poe,1,562,562,501_575,501_575
nearest_centroid,validation,original,POE_WORKS_VOLUME_2_021__original,POE_WORKS_VOLUME_2_021,poe,poe,1,577,577,576_650,576_650
nearest_centroid,validation,original,SHELLEY_THE_LAST_MAN_013__original,SHELLEY_THE_LAST_MAN_013,shelley,shelley,1,558,558,501_575,501_575
nearest_centroid,validation,original,SHELLEY_THE_LAST_MAN_014__original,SHELLEY_THE_LAST_MAN_014,shelley,shelley,1,570,570,501_575,501_575
nearest_centroid,validation,original,SHELLEY_THE_LAST_MAN_015__original,SHELLEY_THE_LAST_MAN_015,shelley,poe,0,594,594,576_650,576_650
nearest_centroid,validation,original,SHELLEY_THE_LAST_MAN_016__original,SHELLEY_THE_LAST_MAN_016,shelley,shelley,1,561,561,501_575,501_575
nearest_centroid,validation,original,SHELLEY_THE_LAST_MAN_017__original,SHELLEY_THE_LAST_MAN_017,shelley,shelley,1,562,562,501_575,501_575
nearest_centroid,validation,original,SHELLEY_THE_LAST_MAN_018__original,SHELLEY_THE_LAST_MAN_018,shelley,shelley,1,566,566,501_575,501_575
nearest_centroid,validation,original,SHELLEY_THE_LAST_MAN_019__original,SHELLEY_THE_LAST_MAN_019,shelley,shelley,1,585,585,576_650,576_650
nearest_centroid,validation,original,SHELLEY_THE_LAST_MAN_020__original,SHELLEY_THE_LAST_MAN_020,shelley,shelley,1,559,559,501_575,501_575
nearest_centroid,validation,original,SHELLEY_THE_LAST_MAN_021__original,SHELLEY_THE_LAST_MAN_021,shelley,shelley,1,569,569,501_575,501_575
nearest_centroid,validation,original,TWAIN_TOM_SAWYER_013__original,TWAIN_TOM_SAWYER_013,twain,wilde,0,593,593,576_650,576_650
nearest_centroid,validation,original,TWAIN_TOM_SAWYER_014__original,TWAIN_TOM_SAWYER_014,twain,poe,0,566,566,501_575,501_575
nearest_centroid,validation,original,TWAIN_TOM_SAWYER_015__original,TWAIN_TOM_SAWYER_015,twain,poe,0,555,555,501_575,501_575
nearest_centroid,validation,original,TWAIN_TOM_SAWYER_016__original,TWAIN_TOM_SAWYER_016,twain,austen,0,553,553,501_575,501_575
nearest_centroid,validation,original,TWAIN_TOM_SAWYER_017__original,TWAIN_TOM_SAWYER_017,twain,twain,1,556,556,501_575,501_575
nearest_centroid,validation,original,TWAIN_TOM_SAWYER_018__original,TWAIN_TOM_SAWYER_018,twain,wilde,0,568,568,501_575,501_575
nearest_centroid,validation,original,TWAIN_TOM_SAWYER_019__original,TWAIN_TOM_SAWYER_019,twain,wilde,0,581,581,576_650,576_650
nearest_centroid,validation,original,TWAIN_TOM_SAWYER_020__original,TWAIN_TOM_SAWYER_020,twain,dickens,0,564,564,501_575,501_575
nearest_centroid,validation,original,TWAIN_TOM_SAWYER_021__original,TWAIN_TOM_SAWYER_021,twain,twain,1,557,557,501_575,501_575
nearest_centroid,validation,original,WILDE_LORD_ARTHUR_STORIES_013__original,WILDE_LORD_ARTHUR_STORIES_013,wilde,wilde,1,558,558,501_575,501_575
nearest_centroid,validation,original,WILDE_LORD_ARTHUR_STORIES_014__original,WILDE_LORD_ARTHUR_STORIES_014,wilde,twain,0,550,550,501_575,501_575
nearest_centroid,validation,original,WILDE_LORD_ARTHUR_STORIES_015__original,WILDE_LORD_ARTHUR_STORIES_015,wilde,dickens,0,589,589,576_650,576_650
nearest_centroid,validation,original,WILDE_LORD_ARTHUR_STORIES_016__original,WILDE_LORD_ARTHUR_STORIES_016,wilde,shelley,0,600,600,576_650,576_650
nearest_centroid,validation,original,WILDE_LORD_ARTHUR_STORIES_017__original,WILDE_LORD_ARTHUR_STORIES_017,wilde,dickens,0,592,592,576_650,576_650
nearest_centroid,validation,original,WILDE_LORD_ARTHUR_STORIES_018__original,WILDE_LORD_ARTHUR_STORIES_018,wilde,twain,0,587,587,576_650,576_650
nearest_centroid,validation,original,WILDE_LORD_ARTHUR_STORIES_019__original,WILDE_LORD_ARTHUR_STORIES_019,wilde,wilde,1,551,551,501_575,501_575
nearest_centroid,validation,original,WILDE_LORD_ARTHUR_STORIES_020__original,WILDE_LORD_ARTHUR_STORIES_020,wilde,wilde,1,583,583,576_650,576_650
nearest_centroid,validation,original,WILDE_LORD_ARTHUR_STORIES_021__original,WILDE_LORD_ARTHUR_STORIES_021,wilde,dickens,0,555,555,501_575,501_575
nearest_centroid,validation,paraphrase,AUSTEN_PRIDE_AND_PREJUDICE_013__paraphrase,AUSTEN_PRIDE_AND_PREJUDICE_013,austen,austen,1,516,559,501_575,501_575
nearest_centroid,validation,paraphrase,AUSTEN_PRIDE_AND_PREJUDICE_014__paraphrase,AUSTEN_PRIDE_AND_PREJUDICE_014,austen,shelley,0,512,552,501_575,501_575
nearest_centroid,validation,paraphrase,AUSTEN_PRIDE_AND_PREJUDICE_015__paraphrase,AUSTEN_PRIDE_AND_PREJUDICE_015,austen,shelley,0,526,557,501_575,501_575
nearest_centroid,validation,paraphrase,AUSTEN_PRIDE_AND_PREJUDICE_016__paraphrase,AUSTEN_PRIDE_AND_PREJUDICE_016,austen,austen,1,536,577,501_575,576_650
nearest_centroid,validation,paraphrase,AUSTEN_PRIDE_AND_PREJUDICE_017__paraphrase,AUSTEN_PRIDE_AND_PREJUDICE_017,austen,austen,1,515,553,501_575,501_575
nearest_centroid,validation,paraphrase,AUSTEN_PRIDE_AND_PREJUDICE_018__paraphrase,AUSTEN_PRIDE_AND_PREJUDICE_018,austen,austen,1,556,563,501_575,501_575
nearest_centroid,validation,paraphrase,AUSTEN_PRIDE_AND_PREJUDICE_019__paraphrase,AUSTEN_PRIDE_AND_PREJUDICE_019,austen,shelley,0,487,563,450_500,501_575
nearest_centroid,validation,paraphrase,AUSTEN_PRIDE_AND_PREJUDICE_020__paraphrase,AUSTEN_PRIDE_AND_PREJUDICE_020,austen,shelley,0,493,585,450_500,576_650
nearest_centroid,validation,paraphrase,AUSTEN_PRIDE_AND_PREJUDICE_021__paraphrase,AUSTEN_PRIDE_AND_PREJUDICE_021,austen,austen,1,533,576,501_575,576_650
nearest_centroid,validation,paraphrase,DICKENS_OLIVER_TWIST_013__paraphrase,DICKENS_OLIVER_TWIST_013,dickens,wilde,0,544,578,501_575,576_650
nearest_centroid,validation,paraphrase,DICKENS_OLIVER_TWIST_014__paraphrase,DICKENS_OLIVER_TWIST_014,dickens,wilde,0,478,551,450_500,501_575
nearest_centroid,validation,paraphrase,DICKENS_OLIVER_TWIST_015__paraphrase,DICKENS_OLIVER_TWIST_015,dickens,wilde,0,495,556,450_500,501_575
nearest_centroid,validation,paraphrase,DICKENS_OLIVER_TWIST_016__paraphrase,DICKENS_OLIVER_TWIST_016,dickens,wilde,0,543,556,501_575,501_575
nearest_centroid,validation,paraphrase,DICKENS_OLIVER_TWIST_017__paraphrase,DICKENS_OLIVER_TWIST_017,dickens,wilde,0,450,569,450_500,501_575
nearest_centroid,validation,paraphrase,DICKENS_OLIVER_TWIST_018__paraphrase,DICKENS_OLIVER_TWIST_018,dickens,dickens,1,556,560,501_575,501_575
nearest_centroid,validation,paraphrase,DICKENS_OLIVER_TWIST_019__paraphrase,DICKENS_OLIVER_TWIST_019,dickens,shelley,0,548,558,501_575,501_575
nearest_centroid,validation,paraphrase,DICKENS_OLIVER_TWIST_020__paraphrase,DICKENS_OLIVER_TWIST_020,dickens,wilde,0,519,551,501_575,501_575
nearest_centroid,validation,paraphrase,DICKENS_OLIVER_TWIST_021__paraphrase,DICKENS_OLIVER_TWIST_021,dickens,dickens,1,537,571,501_575,501_575
nearest_centroid,validation,paraphrase,POE_WORKS_VOLUME_2_013__paraphrase,POE_WORKS_VOLUME_2_013,poe,poe,1,538,581,501_575,576_650
nearest_centroid,validation,paraphrase,POE_WORKS_VOLUME_2_014__paraphrase,POE_WORKS_VOLUME_2_014,poe,poe,1,431,557,outside_bands,501_575
nearest_centroid,validation,paraphrase,POE_WORKS_VOLUME_2_015__paraphrase,POE_WORKS_VOLUME_2_015,poe,shelley,0,553,561,501_575,501_575
nearest_centroid,validation,paraphrase,POE_WORKS_VOLUME_2_016__paraphrase,POE_WORKS_VOLUME_2_016,poe,shelley,0,512,553,501_575,501_575
nearest_centroid,validation,paraphrase,POE_WORKS_VOLUME_2_017__paraphrase,POE_WORKS_VOLUME_2_017,poe,poe,1,521,581,501_575,576_650
nearest_centroid,validation,paraphrase,POE_WORKS_VOLUME_2_018__paraphrase,POE_WORKS_VOLUME_2_018,poe,shelley,0,493,550,450_500,501_575
nearest_centroid,validation,paraphrase,POE_WORKS_VOLUME_2_019__paraphrase,POE_WORKS_VOLUME_2_019,poe,shelley,0,511,561,501_575,501_575
nearest_centroid,validation,paraphrase,POE_WORKS_VOLUME_2_020__paraphrase,POE_WORKS_VOLUME_2_020,poe,shelley,0,501,562,501_575,501_575
nearest_centroid,validation,paraphrase,POE_WORKS_VOLUME_2_021__paraphrase,POE_WORKS_VOLUME_2_021,poe,poe,1,471,577,450_500,576_650
nearest_centroid,validation,paraphrase,SHELLEY_THE_LAST_MAN_013__paraphrase,SHELLEY_THE_LAST_MAN_013,shelley,shelley,1,532,558,501_575,501_575
nearest_centroid,validation,paraphrase,SHELLEY_THE_LAST_MAN_014__paraphrase,SHELLEY_THE_LAST_MAN_014,shelley,shelley,1,575,570,501_575,501_575
nearest_centroid,validation,paraphrase,SHELLEY_THE_LAST_MAN_015__paraphrase,SHELLEY_THE_LAST_MAN_015,shelley,poe,0,563,594,501_575,576_650
nearest_centroid,validation,paraphrase,SHELLEY_THE_LAST_MAN_016__paraphrase,SHELLEY_THE_LAST_MAN_016,shelley,shelley,1,551,561,501_575,501_575
nearest_centroid,validation,paraphrase,SHELLEY_THE_LAST_MAN_017__paraphrase,SHELLEY_THE_LAST_MAN_017,shelley,shelley,1,479,562,450_500,501_575
nearest_centroid,validation,paraphrase,SHELLEY_THE_LAST_MAN_018__paraphrase,SHELLEY_THE_LAST_MAN_018,shelley,shelley,1,520,566,501_575,501_575
nearest_centroid,validation,paraphrase,SHELLEY_THE_LAST_MAN_019__paraphrase,SHELLEY_THE_LAST_MAN_019,shelley,shelley,1,556,585,501_575,576_650
nearest_centroid,validation,paraphrase,SHELLEY_THE_LAST_MAN_020__paraphrase,SHELLEY_THE_LAST_MAN_020,shelley,shelley,1,431,559,outside_bands,501_575
nearest_centroid,validation,paraphrase,SHELLEY_THE_LAST_MAN_021__paraphrase,SHELLEY_THE_LAST_MAN_021,shelley,shelley,1,542,569,501_575,501_575
nearest_centroid,validation,paraphrase,TWAIN_TOM_SAWYER_013__paraphrase,TWAIN_TOM_SAWYER_013,twain,wilde,0,499,593,450_500,576_650
nearest_centroid,validation,paraphrase,TWAIN_TOM_SAWYER_014__paraphrase,TWAIN_TOM_SAWYER_014,twain,poe,0,469,566,450_500,501_575
nearest_centroid,validation,paraphrase,TWAIN_TOM_SAWYER_015__paraphrase,TWAIN_TOM_SAWYER_015,twain,poe,0,551,555,501_575,501_575
nearest_centroid,validation,paraphrase,TWAIN_TOM_SAWYER_016__paraphrase,TWAIN_TOM_SAWYER_016,twain,austen,0,507,553,501_575,501_575
nearest_centroid,validation,paraphrase,TWAIN_TOM_SAWYER_017__paraphrase,TWAIN_TOM_SAWYER_017,twain,dickens,0,538,556,501_575,501_575
nearest_centroid,validation,paraphrase,TWAIN_TOM_SAWYER_018__paraphrase,TWAIN_TOM_SAWYER_018,twain,wilde,0,493,568,450_500,501_575
nearest_centroid,validation,paraphrase,TWAIN_TOM_SAWYER_019__paraphrase,TWAIN_TOM_SAWYER_019,twain,wilde,0,530,581,501_575,576_650
nearest_centroid,validation,paraphrase,TWAIN_TOM_SAWYER_020__paraphrase,TWAIN_TOM_SAWYER_020,twain,dickens,0,517,564,501_575,501_575
nearest_centroid,validation,paraphrase,TWAIN_TOM_SAWYER_021__paraphrase,TWAIN_TOM_SAWYER_021,twain,wilde,0,528,557,501_575,501_575
nearest_centroid,validation,paraphrase,WILDE_LORD_ARTHUR_STORIES_013__paraphrase,WILDE_LORD_ARTHUR_STORIES_013,wilde,wilde,1,424,558,outside_bands,501_575
nearest_centroid,validation,paraphrase,WILDE_LORD_ARTHUR_STORIES_014__paraphrase,WILDE_LORD_ARTHUR_STORIES_014,wilde,wilde,1,487,550,450_500,501_575
nearest_centroid,validation,paraphrase,WILDE_LORD_ARTHUR_STORIES_015__paraphrase,WILDE_LORD_ARTHUR_STORIES_015,wilde,wilde,1,496,589,450_500,576_650
nearest_centroid,validation,paraphrase,WILDE_LORD_ARTHUR_STORIES_016__paraphrase,WILDE_LORD_ARTHUR_STORIES_016,wilde,wilde,1,479,600,450_500,576_650
nearest_centroid,validation,paraphrase,WILDE_LORD_ARTHUR_STORIES_017__paraphrase,WILDE_LORD_ARTHUR_STORIES_017,wilde,wilde,1,533,592,501_575,576_650
nearest_centroid,validation,paraphrase,WILDE_LORD_ARTHUR_STORIES_018__paraphrase,WILDE_LORD_ARTHUR_STORIES_018,wilde,shelley,0,521,587,501_575,576_650
nearest_centroid,validation,paraphrase,WILDE_LORD_ARTHUR_STORIES_019__paraphrase,WILDE_LORD_ARTHUR_STORIES_019,wilde,wilde,1,500,551,450_500,501_575
nearest_centroid,validation,paraphrase,WILDE_LORD_ARTHUR_STORIES_020__paraphrase,WILDE_LORD_ARTHUR_STORIES_020,wilde,wilde,1,553,583,501_575,576_650
nearest_centroid,validation,paraphrase,WILDE_LORD_ARTHUR_STORIES_021__paraphrase,WILDE_LORD_ARTHUR_STORIES_021,wilde,dickens,0,533,555,501_575,501_575
nearest_centroid,validation,modernize,AUSTEN_PRIDE_AND_PREJUDICE_013__modernize,AUSTEN_PRIDE_AND_PREJUDICE_013,austen,austen,1,543,559,501_575,501_575
nearest_centroid,validation,modernize,AUSTEN_PRIDE_AND_PREJUDICE_014__modernize,AUSTEN_PRIDE_AND_PREJUDICE_014,austen,austen,1,520,552,501_575,501_575
nearest_centroid,validation,modernize,AUSTEN_PRIDE_AND_PREJUDICE_015__modernize,AUSTEN_PRIDE_AND_PREJUDICE_015,austen,shelley,0,524,557,501_575,501_575
nearest_centroid,validation,modernize,AUSTEN_PRIDE_AND_PREJUDICE_016__modernize,AUSTEN_PRIDE_AND_PREJUDICE_016,austen,austen,1,600,577,576_650,576_650
nearest_centroid,validation,modernize,AUSTEN_PRIDE_AND_PREJUDICE_017__modernize,AUSTEN_PRIDE_AND_PREJUDICE_017,austen,austen,1,517,553,501_575,501_575
nearest_centroid,validation,modernize,AUSTEN_PRIDE_AND_PREJUDICE_018__modernize,AUSTEN_PRIDE_AND_PREJUDICE_018,austen,austen,1,563,563,501_575,501_575
nearest_centroid,validation,modernize,AUSTEN_PRIDE_AND_PREJUDICE_019__modernize,AUSTEN_PRIDE_AND_PREJUDICE_019,austen,wilde,0,543,563,501_575,501_575
nearest_centroid,validation,modernize,AUSTEN_PRIDE_AND_PREJUDICE_020__modernize,AUSTEN_PRIDE_AND_PREJUDICE_020,austen,austen,1,536,585,501_575,576_650
nearest_centroid,validation,modernize,AUSTEN_PRIDE_AND_PREJUDICE_021__modernize,AUSTEN_PRIDE_AND_PREJUDICE_021,austen,austen,1,555,576,501_575,576_650
nearest_centroid,validation,modernize,DICKENS_OLIVER_TWIST_013__modernize,DICKENS_OLIVER_TWIST_013,dickens,wilde,0,530,578,501_575,576_650
nearest_centroid,validation,modernize,DICKENS_OLIVER_TWIST_014__modernize,DICKENS_OLIVER_TWIST_014,dickens,dickens,1,474,551,450_500,501_575
nearest_centroid,validation,modernize,DICKENS_OLIVER_TWIST_015__modernize,DICKENS_OLIVER_TWIST_015,dickens,wilde,0,515,556,501_575,501_575
nearest_centroid,validation,modernize,DICKENS_OLIVER_TWIST_016__modernize,DICKENS_OLIVER_TWIST_016,dickens,wilde,0,536,556,501_575,501_575
nearest_centroid,validation,modernize,DICKENS_OLIVER_TWIST_017__modernize,DICKENS_OLIVER_TWIST_017,dickens,wilde,0,479,569,450_500,501_575
nearest_centroid,validation,modernize,DICKENS_OLIVER_TWIST_018__modernize,DICKENS_OLIVER_TWIST_018,dickens,dickens,1,540,560,501_575,501_575
nearest_centroid,validation,modernize,DICKENS_OLIVER_TWIST_019__modernize,DICKENS_OLIVER_TWIST_019,dickens,austen,0,523,558,501_575,501_575
nearest_centroid,validation,modernize,DICKENS_OLIVER_TWIST_020__modernize,DICKENS_OLIVER_TWIST_020,dickens,wilde,0,533,551,501_575,501_575
nearest_centroid,validation,modernize,DICKENS_OLIVER_TWIST_021__modernize,DICKENS_OLIVER_TWIST_021,dickens,dickens,1,563,571,501_575,501_575
nearest_centroid,validation,modernize,POE_WORKS_VOLUME_2_013__modernize,POE_WORKS_VOLUME_2_013,poe,poe,1,549,581,501_575,576_650
nearest_centroid,validation,modernize,POE_WORKS_VOLUME_2_014__modernize,POE_WORKS_VOLUME_2_014,poe,poe,1,454,557,450_500,501_575
nearest_centroid,validation,modernize,POE_WORKS_VOLUME_2_015__modernize,POE_WORKS_VOLUME_2_015,poe,shelley,0,549,561,501_575,501_575
nearest_centroid,validation,modernize,POE_WORKS_VOLUME_2_016__modernize,POE_WORKS_VOLUME_2_016,poe,shelley,0,511,553,501_575,501_575
nearest_centroid,validation,modernize,POE_WORKS_VOLUME_2_017__modernize,POE_WORKS_VOLUME_2_017,poe,wilde,0,504,581,501_575,576_650
nearest_centroid,validation,modernize,POE_WORKS_VOLUME_2_018__modernize,POE_WORKS_VOLUME_2_018,poe,shelley,0,484,550,450_500,501_575
nearest_centroid,validation,modernize,POE_WORKS_VOLUME_2_019__modernize,POE_WORKS_VOLUME_2_019,poe,shelley,0,537,561,501_575,501_575
nearest_centroid,validation,modernize,POE_WORKS_VOLUME_2_020__modernize,POE_WORKS_VOLUME_2_020,poe,poe,1,536,562,501_575,501_575
nearest_centroid,validation,modernize,POE_WORKS_VOLUME_2_021__modernize,POE_WORKS_VOLUME_2_021,poe,poe,1,541,577,501_575,576_650
nearest_centroid,validation,modernize,SHELLEY_THE_LAST_MAN_013__modernize,SHELLEY_THE_LAST_MAN_013,shelley,shelley,1,530,558,501_575,501_575
nearest_centroid,validation,modernize,SHELLEY_THE_LAST_MAN_014__modernize,SHELLEY_THE_LAST_MAN_014,shelley,shelley,1,592,570,576_650,501_575
nearest_centroid,validation,modernize,SHELLEY_THE_LAST_MAN_015__modernize,SHELLEY_THE_LAST_MAN_015,shelley,poe,0,518,594,501_575,576_650
nearest_centroid,validation,modernize,SHELLEY_THE_LAST_MAN_016__modernize,SHELLEY_THE_LAST_MAN_016,shelley,shelley,1,558,561,501_575,501_575
nearest_centroid,validation,modernize,SHELLEY_THE_LAST_MAN_017__modernize,SHELLEY_THE_LAST_MAN_017,shelley,shelley,1,518,562,501_575,501_575
nearest_centroid,validation,modernize,SHELLEY_THE_LAST_MAN_018__modernize,SHELLEY_THE_LAST_MAN_018,shelley,shelley,1,552,566,501_575,501_575
nearest_centroid,validation,modernize,SHELLEY_THE_LAST_MAN_019__modernize,SHELLEY_THE_LAST_MAN_019,shelley,shelley,1,586,585,576_650,576_650
nearest_centroid,validation,modernize,SHELLEY_THE_LAST_MAN_020__modernize,SHELLEY_THE_LAST_MAN_020,shelley,shelley,1,466,559,450_500,501_575
nearest_centroid,validation,modernize,SHELLEY_THE_LAST_MAN_021__modernize,SHELLEY_THE_LAST_MAN_021,shelley,shelley,1,543,569,501_575,501_575
nearest_centroid,validation,modernize,TWAIN_TOM_SAWYER_013__modernize,TWAIN_TOM_SAWYER_013,twain,wilde,0,538,593,501_575,576_650
nearest_centroid,validation,modernize,TWAIN_TOM_SAWYER_014__modernize,TWAIN_TOM_SAWYER_014,twain,poe,0,496,566,450_500,501_575
nearest_centroid,validation,modernize,TWAIN_TOM_SAWYER_015__modernize,TWAIN_TOM_SAWYER_015,twain,poe,0,464,555,450_500,501_575
nearest_centroid,validation,modernize,TWAIN_TOM_SAWYER_016__modernize,TWAIN_TOM_SAWYER_016,twain,austen,0,484,553,450_500,501_575
nearest_centroid,validation,modernize,TWAIN_TOM_SAWYER_017__modernize,TWAIN_TOM_SAWYER_017,twain,twain,1,546,556,501_575,501_575
nearest_centroid,validation,modernize,TWAIN_TOM_SAWYER_018__modernize,TWAIN_TOM_SAWYER_018,twain,wilde,0,533,568,501_575,501_575
nearest_centroid,validation,modernize,TWAIN_TOM_SAWYER_019__modernize,TWAIN_TOM_SAWYER_019,twain,wilde,0,528,581,501_575,576_650
nearest_centroid,validation,modernize,TWAIN_TOM_SAWYER_020__modernize,TWAIN_TOM_SAWYER_020,twain,dickens,0,514,564,501_575,501_575
nearest_centroid,validation,modernize,TWAIN_TOM_SAWYER_021__modernize,TWAIN_TOM_SAWYER_021,twain,dickens,0,540,557,501_575,501_575
nearest_centroid,validation,modernize,WILDE_LORD_ARTHUR_STORIES_013__modernize,WILDE_LORD_ARTHUR_STORIES_013,wilde,wilde,1,486,558,450_500,501_575
nearest_centroid,validation,modernize,WILDE_LORD_ARTHUR_STORIES_014__modernize,WILDE_LORD_ARTHUR_STORIES_014,wilde,wilde,1,536,550,501_575,501_575
nearest_centroid,validation,modernize,WILDE_LORD_ARTHUR_STORIES_015__modernize,WILDE_LORD_ARTHUR_STORIES_015,wilde,dickens,0,526,589,501_575,576_650
nearest_centroid,validation,modernize,WILDE_LORD_ARTHUR_STORIES_016__modernize,WILDE_LORD_ARTHUR_STORIES_016,wilde,shelley,0,559,600,501_575,576_650
nearest_centroid,validation,modernize,WILDE_LORD_ARTHUR_STORIES_017__modernize,WILDE_LORD_ARTHUR_STORIES_017,wilde,wilde,1,526,592,501_575,576_650
nearest_centroid,validation,modernize,WILDE_LORD_ARTHUR_STORIES_018__modernize,WILDE_LORD_ARTHUR_STORIES_018,wilde,twain,0,542,587,501_575,576_650
nearest_centroid,validation,modernize,WILDE_LORD_ARTHUR_STORIES_019__modernize,WILDE_LORD_ARTHUR_STORIES_019,wilde,wilde,1,535,551,501_575,501_575
nearest_centroid,validation,modernize,WILDE_LORD_ARTHUR_STORIES_020__modernize,WILDE_LORD_ARTHUR_STORIES_020,wilde,wilde,1,568,583,501_575,576_650
nearest_centroid,validation,modernize,WILDE_LORD_ARTHUR_STORIES_021__modernize,WILDE_LORD_ARTHUR_STORIES_021,wilde,dickens,0,516,555,501_575,501_575
nearest_centroid,validation,simplify,AUSTEN_PRIDE_AND_PREJUDICE_013__simplify,AUSTEN_PRIDE_AND_PREJUDICE_013,austen,austen,1,482,559,450_500,501_575
nearest_centroid,validation,simplify,AUSTEN_PRIDE_AND_PREJUDICE_014__simplify,AUSTEN_PRIDE_AND_PREJUDICE_014,austen,austen,1,492,552,450_500,501_575
nearest_centroid,validation,simplify,AUSTEN_PRIDE_AND_PREJUDICE_015__simplify,AUSTEN_PRIDE_AND_PREJUDICE_015,austen,austen,1,493,557,450_500,501_575
nearest_centroid,validation,simplify,AUSTEN_PRIDE_AND_PREJUDICE_016__simplify,AUSTEN_PRIDE_AND_PREJUDICE_016,austen,austen,1,576,577,576_650,576_650
nearest_centroid,validation,simplify,AUSTEN_PRIDE_AND_PREJUDICE_017__simplify,AUSTEN_PRIDE_AND_PREJUDICE_017,austen,austen,1,512,553,501_575,501_575
nearest_centroid,validation,simplify,AUSTEN_PRIDE_AND_PREJUDICE_018__simplify,AUSTEN_PRIDE_AND_PREJUDICE_018,austen,austen,1,552,563,501_575,501_575
nearest_centroid,validation,simplify,AUSTEN_PRIDE_AND_PREJUDICE_019__simplify,AUSTEN_PRIDE_AND_PREJUDICE_019,austen,austen,1,536,563,501_575,501_575
nearest_centroid,validation,simplify,AUSTEN_PRIDE_AND_PREJUDICE_020__simplify,AUSTEN_PRIDE_AND_PREJUDICE_020,austen,austen,1,530,585,501_575,576_650
nearest_centroid,validation,simplify,AUSTEN_PRIDE_AND_PREJUDICE_021__simplify,AUSTEN_PRIDE_AND_PREJUDICE_021,austen,austen,1,557,576,501_575,576_650
nearest_centroid,validation,simplify,DICKENS_OLIVER_TWIST_013__simplify,DICKENS_OLIVER_TWIST_013,dickens,wilde,0,529,578,501_575,576_650
nearest_centroid,validation,simplify,DICKENS_OLIVER_TWIST_014__simplify,DICKENS_OLIVER_TWIST_014,dickens,wilde,0,507,551,501_575,501_575
nearest_centroid,validation,simplify,DICKENS_OLIVER_TWIST_015__simplify,DICKENS_OLIVER_TWIST_015,dickens,wilde,0,496,556,450_500,501_575
nearest_centroid,validation,simplify,DICKENS_OLIVER_TWIST_016__simplify,DICKENS_OLIVER_TWIST_016,dickens,wilde,0,522,556,501_575,501_575
nearest_centroid,validation,simplify,DICKENS_OLIVER_TWIST_017__simplify,DICKENS_OLIVER_TWIST_017,dickens,wilde,0,473,569,450_500,501_575
nearest_centroid,validation,simplify,DICKENS_OLIVER_TWIST_018__simplify,DICKENS_OLIVER_TWIST_018,dickens,wilde,0,541,560,501_575,501_575
nearest_centroid,validation,simplify,DICKENS_OLIVER_TWIST_019__simplify,DICKENS_OLIVER_TWIST_019,dickens,austen,0,530,558,501_575,501_575
nearest_centroid,validation,simplify,DICKENS_OLIVER_TWIST_020__simplify,DICKENS_OLIVER_TWIST_020,dickens,wilde,0,524,551,501_575,501_575
nearest_centroid,validation,simplify,DICKENS_OLIVER_TWIST_021__simplify,DICKENS_OLIVER_TWIST_021,dickens,austen,0,588,571,576_650,501_575
nearest_centroid,validation,simplify,POE_WORKS_VOLUME_2_013__simplify,POE_WORKS_VOLUME_2_013,poe,shelley,0,508,581,501_575,576_650
nearest_centroid,validation,simplify,POE_WORKS_VOLUME_2_014__simplify,POE_WORKS_VOLUME_2_014,poe,dickens,0,445,557,outside_bands,501_575
nearest_centroid,validation,simplify,POE_WORKS_VOLUME_2_015__simplify,POE_WORKS_VOLUME_2_015,poe,shelley,0,513,561,501_575,501_575
nearest_centroid,validation,simplify,POE_WORKS_VOLUME_2_016__simplify,POE_WORKS_VOLUME_2_016,poe,shelley,0,486,553,450_500,501_575
nearest_centroid,validation,simplify,POE_WORKS_VOLUME_2_017__simplify,POE_WORKS_VOLUME_2_017,poe,wilde,0,469,581,450_500,576_650
nearest_centroid,validation,simplify,POE_WORKS_VOLUME_2_018__simplify,POE_WORKS_VOLUME_2_018,poe,wilde,0,483,550,450_500,501_575
nearest_centroid,validation,simplify,POE_WORKS_VOLUME_2_019__simplify,POE_WORKS_VOLUME_2_019,poe,shelley,0,518,561,501_575,501_575
nearest_centroid,validation,simplify,POE_WORKS_VOLUME_2_020__simplify,POE_WORKS_VOLUME_2_020,poe,shelley,0,530,562,501_575,501_575
nearest_centroid,validation,simplify,POE_WORKS_VOLUME_2_021__simplify,POE_WORKS_VOLUME_2_021,poe,poe,1,523,577,501_575,576_650
nearest_centroid,validation,simplify,SHELLEY_THE_LAST_MAN_013__simplify,SHELLEY_THE_LAST_MAN_013,shelley,shelley,1,513,558,501_575,501_575
nearest_centroid,validation,simplify,SHELLEY_THE_LAST_MAN_014__simplify,SHELLEY_THE_LAST_MAN_014,shelley,shelley,1,585,570,576_650,501_575
nearest_centroid,validation,simplify,SHELLEY_THE_LAST_MAN_015__simplify,SHELLEY_THE_LAST_MAN_015,shelley,poe,0,520,594,501_575,576_650
nearest_centroid,validation,simplify,SHELLEY_THE_LAST_MAN_016__simplify,SHELLEY_THE_LAST_MAN_016,shelley,shelley,1,566,561,501_575,501_575
nearest_centroid,validation,simplify,SHELLEY_THE_LAST_MAN_017__simplify,SHELLEY_THE_LAST_MAN_017,shelley,shelley,1,521,562,501_575,501_575
nearest_centroid,validation,simplify,SHELLEY_THE_LAST_MAN_018__simplify,SHELLEY_THE_LAST_MAN_018,shelley,shelley,1,483,566,450_500,501_575
nearest_centroid,validation,simplify,SHELLEY_THE_LAST_MAN_019__simplify,SHELLEY_THE_LAST_MAN_019,shelley,wilde,0,491,585,450_500,576_650
nearest_centroid,validation,simplify,SHELLEY_THE_LAST_MAN_020__simplify,SHELLEY_THE_LAST_MAN_020,shelley,shelley,1,513,559,501_575,501_575
nearest_centroid,validation,simplify,SHELLEY_THE_LAST_MAN_021__simplify,SHELLEY_THE_LAST_MAN_021,shelley,shelley,1,540,569,501_575,501_575
nearest_centroid,validation,simplify,TWAIN_TOM_SAWYER_013__simplify,TWAIN_TOM_SAWYER_013,twain,wilde,0,550,593,501_575,576_650
nearest_centroid,validation,simplify,TWAIN_TOM_SAWYER_014__simplify,TWAIN_TOM_SAWYER_014,twain,poe,0,513,566,501_575,501_575
nearest_centroid,validation,simplify,TWAIN_TOM_SAWYER_015__simplify,TWAIN_TOM_SAWYER_015,twain,poe,0,450,555,450_500,501_575
nearest_centroid,validation,simplify,TWAIN_TOM_SAWYER_016__simplify,TWAIN_TOM_SAWYER_016,twain,austen,0,504,553,501_575,501_575
nearest_centroid,validation,simplify,TWAIN_TOM_SAWYER_017__simplify,TWAIN_TOM_SAWYER_017,twain,twain,1,541,556,501_575,501_575
nearest_centroid,validation,simplify,TWAIN_TOM_SAWYER_018__simplify,TWAIN_TOM_SAWYER_018,twain,wilde,0,499,568,450_500,501_575
nearest_centroid,validation,simplify,TWAIN_TOM_SAWYER_019__simplify,TWAIN_TOM_SAWYER_019,twain,wilde,0,510,581,501_575,576_650
nearest_centroid,validation,simplify,TWAIN_TOM_SAWYER_020__simplify,TWAIN_TOM_SAWYER_020,twain,dickens,0,522,564,501_575,501_575
nearest_centroid,validation,simplify,TWAIN_TOM_SAWYER_021__simplify,TWAIN_TOM_SAWYER_021,twain,wilde,0,576,557,576_650,501_575
nearest_centroid,validation,simplify,WILDE_LORD_ARTHUR_STORIES_013__simplify,WILDE_LORD_ARTHUR_STORIES_013,wilde,wilde,1,461,558,450_500,501_575
nearest_centroid,validation,simplify,WILDE_LORD_ARTHUR_STORIES_014__simplify,WILDE_LORD_ARTHUR_STORIES_014,wilde,austen,0,541,550,501_575,501_575
nearest_centroid,validation,simplify,WILDE_LORD_ARTHUR_STORIES_015__simplify,WILDE_LORD_ARTHUR_STORIES_015,wilde,wilde,1,548,589,501_575,576_650
nearest_centroid,validation,simplify,WILDE_LORD_ARTHUR_STORIES_016__simplify,WILDE_LORD_ARTHUR_STORIES_016,wilde,wilde,1,488,600,450_500,576_650
nearest_centroid,validation,simplify,WILDE_LORD_ARTHUR_STORIES_017__simplify,WILDE_LORD_ARTHUR_STORIES_017,wilde,wilde,1,550,592,501_575,576_650
nearest_centroid,validation,simplify,WILDE_LORD_ARTHUR_STORIES_018__simplify,WILDE_LORD_ARTHUR_STORIES_018,wilde,twain,0,536,587,501_575,576_650
nearest_centroid,validation,simplify,WILDE_LORD_ARTHUR_STORIES_019__simplify,WILDE_LORD_ARTHUR_STORIES_019,wilde,wilde,1,535,551,501_575,501_575
nearest_centroid,validation,simplify,WILDE_LORD_ARTHUR_STORIES_020__simplify,WILDE_LORD_ARTHUR_STORIES_020,wilde,wilde,1,563,583,501_575,576_650
nearest_centroid,validation,simplify,WILDE_LORD_ARTHUR_STORIES_021__simplify,WILDE_LORD_ARTHUR_STORIES_021,wilde,dickens,0,508,555,501_575,501_575
nearest_centroid,test,original,AUSTEN_PRIDE_AND_PREJUDICE_022__original,AUSTEN_PRIDE_AND_PREJUDICE_022,austen,austen,1,578,578,576_650,576_650
nearest_centroid,test,original,AUSTEN_PRIDE_AND_PREJUDICE_023__original,AUSTEN_PRIDE_AND_PREJUDICE_023,austen,austen,1,562,562,501_575,501_575
nearest_centroid,test,original,AUSTEN_PRIDE_AND_PREJUDICE_024__original,AUSTEN_PRIDE_AND_PREJUDICE_024,austen,austen,1,575,575,501_575,501_575
nearest_centroid,test,original,AUSTEN_PRIDE_AND_PREJUDICE_025__original,AUSTEN_PRIDE_AND_PREJUDICE_025,austen,austen,1,570,570,501_575,501_575
nearest_centroid,test,original,AUSTEN_PRIDE_AND_PREJUDICE_026__original,AUSTEN_PRIDE_AND_PREJUDICE_026,austen,austen,1,551,551,501_575,501_575
nearest_centroid,test,original,AUSTEN_PRIDE_AND_PREJUDICE_027__original,AUSTEN_PRIDE_AND_PREJUDICE_027,austen,austen,1,565,565,501_575,501_575
nearest_centroid,test,original,AUSTEN_PRIDE_AND_PREJUDICE_028__original,AUSTEN_PRIDE_AND_PREJUDICE_028,austen,austen,1,572,572,501_575,501_575
nearest_centroid,test,original,AUSTEN_PRIDE_AND_PREJUDICE_029__original,AUSTEN_PRIDE_AND_PREJUDICE_029,austen,austen,1,577,577,576_650,576_650
nearest_centroid,test,original,AUSTEN_PRIDE_AND_PREJUDICE_030__original,AUSTEN_PRIDE_AND_PREJUDICE_030,austen,austen,1,558,558,501_575,501_575
nearest_centroid,test,original,DICKENS_OLIVER_TWIST_022__original,DICKENS_OLIVER_TWIST_022,dickens,dickens,1,566,566,501_575,501_575
nearest_centroid,test,original,DICKENS_OLIVER_TWIST_023__original,DICKENS_OLIVER_TWIST_023,dickens,austen,0,564,564,501_575,501_575
nearest_centroid,test,original,DICKENS_OLIVER_TWIST_024__original,DICKENS_OLIVER_TWIST_024,dickens,dickens,1,573,573,501_575,501_575
nearest_centroid,test,original,DICKENS_OLIVER_TWIST_025__original,DICKENS_OLIVER_TWIST_025,dickens,dickens,1,551,551,501_575,501_575
nearest_centroid,test,original,DICKENS_OLIVER_TWIST_026__original,DICKENS_OLIVER_TWIST_026,dickens,dickens,1,594,594,576_650,576_650
nearest_centroid,test,original,DICKENS_OLIVER_TWIST_027__original,DICKENS_OLIVER_TWIST_027,dickens,dickens,1,564,564,501_575,501_575
nearest_centroid,test,original,DICKENS_OLIVER_TWIST_028__original,DICKENS_OLIVER_TWIST_028,dickens,wilde,0,551,551,501_575,501_575
nearest_centroid,test,original,DICKENS_OLIVER_TWIST_029__original,DICKENS_OLIVER_TWIST_029,dickens,dickens,1,592,592,576_650,576_650
nearest_centroid,test,original,DICKENS_OLIVER_TWIST_030__original,DICKENS_OLIVER_TWIST_030,dickens,wilde,0,550,550,501_575,501_575
nearest_centroid,test,original,POE_WORKS_VOLUME_2_022__original,POE_WORKS_VOLUME_2_022,poe,poe,1,579,579,576_650,576_650
nearest_centroid,test,original,POE_WORKS_VOLUME_2_023__original,POE_WORKS_VOLUME_2_023,poe,poe,1,556,556,501_575,501_575
nearest_centroid,test,original,POE_WORKS_VOLUME_2_024__original,POE_WORKS_VOLUME_2_024,poe,poe,1,555,555,501_575,501_575
nearest_centroid,test,original,POE_WORKS_VOLUME_2_025__original,POE_WORKS_VOLUME_2_025,poe,poe,1,558,558,501_575,501_575
nearest_centroid,test,original,POE_WORKS_VOLUME_2_026__original,POE_WORKS_VOLUME_2_026,poe,poe,1,595,595,576_650,576_650
nearest_centroid,test,original,POE_WORKS_VOLUME_2_027__original,POE_WORKS_VOLUME_2_027,poe,shelley,0,550,550,501_575,501_575
nearest_centroid,test,original,POE_WORKS_VOLUME_2_028__original,POE_WORKS_VOLUME_2_028,poe,dickens,0,553,553,501_575,501_575
nearest_centroid,test,original,POE_WORKS_VOLUME_2_029__original,POE_WORKS_VOLUME_2_029,poe,shelley,0,559,559,501_575,501_575
nearest_centroid,test,original,POE_WORKS_VOLUME_2_030__original,POE_WORKS_VOLUME_2_030,poe,poe,1,555,555,501_575,501_575
nearest_centroid,test,original,SHELLEY_THE_LAST_MAN_022__original,SHELLEY_THE_LAST_MAN_022,shelley,shelley,1,556,556,501_575,501_575
nearest_centroid,test,original,SHELLEY_THE_LAST_MAN_023__original,SHELLEY_THE_LAST_MAN_023,shelley,shelley,1,555,555,501_575,501_575
nearest_centroid,test,original,SHELLEY_THE_LAST_MAN_024__original,SHELLEY_THE_LAST_MAN_024,shelley,shelley,1,572,572,501_575,501_575
nearest_centroid,test,original,SHELLEY_THE_LAST_MAN_025__original,SHELLEY_THE_LAST_MAN_025,shelley,shelley,1,554,554,501_575,501_575
nearest_centroid,test,original,SHELLEY_THE_LAST_MAN_026__original,SHELLEY_THE_LAST_MAN_026,shelley,shelley,1,556,556,501_575,501_575
nearest_centroid,test,original,SHELLEY_THE_LAST_MAN_027__original,SHELLEY_THE_LAST_MAN_027,shelley,shelley,1,550,550,501_575,501_575
nearest_centroid,test,original,SHELLEY_THE_LAST_MAN_028__original,SHELLEY_THE_LAST_MAN_028,shelley,poe,0,573,573,501_575,501_575
nearest_centroid,test,original,SHELLEY_THE_LAST_MAN_029__original,SHELLEY_THE_LAST_MAN_029,shelley,shelley,1,600,600,576_650,576_650
nearest_centroid,test,original,SHELLEY_THE_LAST_MAN_030__original,SHELLEY_THE_LAST_MAN_030,shelley,shelley,1,576,576,576_650,576_650
nearest_centroid,test,original,TWAIN_TOM_SAWYER_022__original,TWAIN_TOM_SAWYER_022,twain,twain,1,555,555,501_575,501_575
nearest_centroid,test,original,TWAIN_TOM_SAWYER_023__original,TWAIN_TOM_SAWYER_023,twain,twain,1,552,552,501_575,501_575
nearest_centroid,test,original,TWAIN_TOM_SAWYER_024__original,TWAIN_TOM_SAWYER_024,twain,twain,1,555,555,501_575,501_575
nearest_centroid,test,original,TWAIN_TOM_SAWYER_025__original,TWAIN_TOM_SAWYER_025,twain,twain,1,580,580,576_650,576_650
nearest_centroid,test,original,TWAIN_TOM_SAWYER_026__original,TWAIN_TOM_SAWYER_026,twain,dickens,0,569,569,501_575,501_575
nearest_centroid,test,original,TWAIN_TOM_SAWYER_027__original,TWAIN_TOM_SAWYER_027,twain,twain,1,553,553,501_575,501_575
nearest_centroid,test,original,TWAIN_TOM_SAWYER_028__original,TWAIN_TOM_SAWYER_028,twain,wilde,0,576,576,576_650,576_650
nearest_centroid,test,original,TWAIN_TOM_SAWYER_029__original,TWAIN_TOM_SAWYER_029,twain,twain,1,552,552,501_575,501_575
nearest_centroid,test,original,TWAIN_TOM_SAWYER_030__original,TWAIN_TOM_SAWYER_030,twain,twain,1,553,553,501_575,501_575
nearest_centroid,test,original,WILDE_LORD_ARTHUR_STORIES_022__original,WILDE_LORD_ARTHUR_STORIES_022,wilde,wilde,1,550,550,501_575,501_575
nearest_centroid,test,original,WILDE_LORD_ARTHUR_STORIES_023__original,WILDE_LORD_ARTHUR_STORIES_023,wilde,poe,0,591,591,576_650,576_650
nearest_centroid,test,original,WILDE_LORD_ARTHUR_STORIES_024__original,WILDE_LORD_ARTHUR_STORIES_024,wilde,wilde,1,574,574,501_575,501_575
nearest_centroid,test,original,WILDE_LORD_ARTHUR_STORIES_025__original,WILDE_LORD_ARTHUR_STORIES_025,wilde,wilde,1,557,557,501_575,501_575
nearest_centroid,test,original,WILDE_LORD_ARTHUR_STORIES_026__original,WILDE_LORD_ARTHUR_STORIES_026,wilde,wilde,1,550,550,501_575,501_575
nearest_centroid,test,original,WILDE_LORD_ARTHUR_STORIES_027__original,WILDE_LORD_ARTHUR_STORIES_027,wilde,shelley,0,578,578,576_650,576_650
nearest_centroid,test,original,WILDE_LORD_ARTHUR_STORIES_028__original,WILDE_LORD_ARTHUR_STORIES_028,wilde,wilde,1,562,562,501_575,501_575
nearest_centroid,test,original,WILDE_LORD_ARTHUR_STORIES_029__original,WILDE_LORD_ARTHUR_STORIES_029,wilde,poe,0,562,562,501_575,501_575
nearest_centroid,test,original,WILDE_LORD_ARTHUR_STORIES_030__original,WILDE_LORD_ARTHUR_STORIES_030,wilde,wilde,1,561,561,501_575,501_575
nearest_centroid,test,paraphrase,AUSTEN_PRIDE_AND_PREJUDICE_022__paraphrase,AUSTEN_PRIDE_AND_PREJUDICE_022,austen,shelley,0,415,578,outside_bands,576_650
nearest_centroid,test,paraphrase,AUSTEN_PRIDE_AND_PREJUDICE_023__paraphrase,AUSTEN_PRIDE_AND_PREJUDICE_023,austen,austen,1,525,562,501_575,501_575
nearest_centroid,test,paraphrase,AUSTEN_PRIDE_AND_PREJUDICE_024__paraphrase,AUSTEN_PRIDE_AND_PREJUDICE_024,austen,austen,1,509,575,501_575,501_575
nearest_centroid,test,paraphrase,AUSTEN_PRIDE_AND_PREJUDICE_025__paraphrase,AUSTEN_PRIDE_AND_PREJUDICE_025,austen,austen,1,453,570,450_500,501_575
nearest_centroid,test,paraphrase,AUSTEN_PRIDE_AND_PREJUDICE_026__paraphrase,AUSTEN_PRIDE_AND_PREJUDICE_026,austen,austen,1,524,551,501_575,501_575
nearest_centroid,test,paraphrase,AUSTEN_PRIDE_AND_PREJUDICE_027__paraphrase,AUSTEN_PRIDE_AND_PREJUDICE_027,austen,austen,1,521,565,501_575,501_575
nearest_centroid,test,paraphrase,AUSTEN_PRIDE_AND_PREJUDICE_028__paraphrase,AUSTEN_PRIDE_AND_PREJUDICE_028,austen,austen,1,536,572,501_575,501_575
nearest_centroid,test,paraphrase,AUSTEN_PRIDE_AND_PREJUDICE_029__paraphrase,AUSTEN_PRIDE_AND_PREJUDICE_029,austen,austen,1,572,577,501_575,576_650
nearest_centroid,test,paraphrase,AUSTEN_PRIDE_AND_PREJUDICE_030__paraphrase,AUSTEN_PRIDE_AND_PREJUDICE_030,austen,austen,1,509,558,501_575,501_575
nearest_centroid,test,paraphrase,DICKENS_OLIVER_TWIST_022__paraphrase,DICKENS_OLIVER_TWIST_022,dickens,wilde,0,557,566,501_575,501_575
nearest_centroid,test,paraphrase,DICKENS_OLIVER_TWIST_023__paraphrase,DICKENS_OLIVER_TWIST_023,dickens,wilde,0,470,564,450_500,501_575
nearest_centroid,test,paraphrase,DICKENS_OLIVER_TWIST_024__paraphrase,DICKENS_OLIVER_TWIST_024,dickens,wilde,0,537,573,501_575,501_575
nearest_centroid,test,paraphrase,DICKENS_OLIVER_TWIST_025__paraphrase,DICKENS_OLIVER_TWIST_025,dickens,wilde,0,498,551,450_500,501_575
nearest_centroid,test,paraphrase,DICKENS_OLIVER_TWIST_026__paraphrase,DICKENS_OLIVER_TWIST_026,dickens,dickens,1,565,594,501_575,576_650
nearest_centroid,test,paraphrase,DICKENS_OLIVER_TWIST_027__paraphrase,DICKENS_OLIVER_TWIST_027,dickens,dickens,1,574,564,501_575,501_575
nearest_centroid,test,paraphrase,DICKENS_OLIVER_TWIST_028__paraphrase,DICKENS_OLIVER_TWIST_028,dickens,wilde,0,552,551,501_575,501_575
nearest_centroid,test,paraphrase,DICKENS_OLIVER_TWIST_029__paraphrase,DICKENS_OLIVER_TWIST_029,dickens,shelley,0,559,592,501_575,576_650
nearest_centroid,test,paraphrase,DICKENS_OLIVER_TWIST_030__paraphrase,DICKENS_OLIVER_TWIST_030,dickens,wilde,0,478,550,450_500,501_575
nearest_centroid,test,paraphrase,POE_WORKS_VOLUME_2_022__paraphrase,POE_WORKS_VOLUME_2_022,poe,shelley,0,561,579,501_575,576_650
nearest_centroid,test,paraphrase,POE_WORKS_VOLUME_2_023__paraphrase,POE_WORKS_VOLUME_2_023,poe,poe,1,539,556,501_575,501_575
nearest_centroid,test,paraphrase,POE_WORKS_VOLUME_2_024__paraphrase,POE_WORKS_VOLUME_2_024,poe,poe,1,482,555,450_500,501_575
nearest_centroid,test,paraphrase,POE_WORKS_VOLUME_2_025__paraphrase,POE_WORKS_VOLUME_2_025,poe,shelley,0,518,558,501_575,501_575
nearest_centroid,test,paraphrase,POE_WORKS_VOLUME_2_026__paraphrase,POE_WORKS_VOLUME_2_026,poe,shelley,0,490,595,450_500,576_650
nearest_centroid,test,paraphrase,POE_WORKS_VOLUME_2_027__paraphrase,POE_WORKS_VOLUME_2_027,poe,shelley,0,492,550,450_500,501_575
nearest_centroid,test,paraphrase,POE_WORKS_VOLUME_2_028__paraphrase,POE_WORKS_VOLUME_2_028,poe,dickens,0,555,553,501_575,501_575
nearest_centroid,test,paraphrase,POE_WORKS_VOLUME_2_029__paraphrase,POE_WORKS_VOLUME_2_029,poe,shelley,0,516,559,501_575,501_575
nearest_centroid,test,paraphrase,POE_WORKS_VOLUME_2_030__paraphrase,POE_WORKS_VOLUME_2_030,poe,poe,1,416,555,outside_bands,501_575
nearest_centroid,test,paraphrase,SHELLEY_THE_LAST_MAN_022__paraphrase,SHELLEY_THE_LAST_MAN_022,shelley,shelley,1,548,556,501_575,501_575
nearest_centroid,test,paraphrase,SHELLEY_THE_LAST_MAN_023__paraphrase,SHELLEY_THE_LAST_MAN_023,shelley,shelley,1,528,555,501_575,501_575
nearest_centroid,test,paraphrase,SHELLEY_THE_LAST_MAN_024__paraphrase,SHELLEY_THE_LAST_MAN_024,shelley,shelley,1,519,572,501_575,501_575
nearest_centroid,test,paraphrase,SHELLEY_THE_LAST_MAN_025__paraphrase,SHELLEY_THE_LAST_MAN_025,shelley,shelley,1,528,554,501_575,501_575
nearest_centroid,test,paraphrase,SHELLEY_THE_LAST_MAN_026__paraphrase,SHELLEY_THE_LAST_MAN_026,shelley,wilde,0,549,556,501_575,501_575
nearest_centroid,test,paraphrase,SHELLEY_THE_LAST_MAN_027__paraphrase,SHELLEY_THE_LAST_MAN_027,shelley,shelley,1,506,550,501_575,501_575
nearest_centroid,test,paraphrase,SHELLEY_THE_LAST_MAN_028__paraphrase,SHELLEY_THE_LAST_MAN_028,shelley,poe,0,587,573,576_650,501_575
nearest_centroid,test,paraphrase,SHELLEY_THE_LAST_MAN_029__paraphrase,SHELLEY_THE_LAST_MAN_029,shelley,shelley,1,613,600,576_650,576_650
nearest_centroid,test,paraphrase,SHELLEY_THE_LAST_MAN_030__paraphrase,SHELLEY_THE_LAST_MAN_030,shelley,shelley,1,561,576,501_575,576_650
nearest_centroid,test,paraphrase,TWAIN_TOM_SAWYER_022__paraphrase,TWAIN_TOM_SAWYER_022,twain,dickens,0,556,555,501_575,501_575
nearest_centroid,test,paraphrase,TWAIN_TOM_SAWYER_023__paraphrase,TWAIN_TOM_SAWYER_023,twain,wilde,0,570,552,501_575,501_575
nearest_centroid,test,paraphrase,TWAIN_TOM_SAWYER_024__paraphrase,TWAIN_TOM_SAWYER_024,twain,austen,0,539,555,501_575,501_575
nearest_centroid,test,paraphrase,TWAIN_TOM_SAWYER_025__paraphrase,TWAIN_TOM_SAWYER_025,twain,wilde,0,569,580,501_575,576_650
nearest_centroid,test,paraphrase,TWAIN_TOM_SAWYER_026__paraphrase,TWAIN_TOM_SAWYER_026,twain,wilde,0,510,569,501_575,501_575
nearest_centroid,test,paraphrase,TWAIN_TOM_SAWYER_027__paraphrase,TWAIN_TOM_SAWYER_027,twain,austen,0,536,553,501_575,501_575
nearest_centroid,test,paraphrase,TWAIN_TOM_SAWYER_028__paraphrase,TWAIN_TOM_SAWYER_028,twain,wilde,0,501,576,501_575,576_650
nearest_centroid,test,paraphrase,TWAIN_TOM_SAWYER_029__paraphrase,TWAIN_TOM_SAWYER_029,twain,wilde,0,525,552,501_575,501_575
nearest_centroid,test,paraphrase,TWAIN_TOM_SAWYER_030__paraphrase,TWAIN_TOM_SAWYER_030,twain,austen,0,540,553,501_575,501_575
nearest_centroid,test,paraphrase,WILDE_LORD_ARTHUR_STORIES_022__paraphrase,WILDE_LORD_ARTHUR_STORIES_022,wilde,wilde,1,480,550,450_500,501_575
nearest_centroid,test,paraphrase,WILDE_LORD_ARTHUR_STORIES_023__paraphrase,WILDE_LORD_ARTHUR_STORIES_023,wilde,shelley,0,559,591,501_575,576_650
nearest_centroid,test,paraphrase,WILDE_LORD_ARTHUR_STORIES_024__paraphrase,WILDE_LORD_ARTHUR_STORIES_024,wilde,wilde,1,451,574,450_500,501_575
nearest_centroid,test,paraphrase,WILDE_LORD_ARTHUR_STORIES_025__paraphrase,WILDE_LORD_ARTHUR_STORIES_025,wilde,wilde,1,520,557,501_575,501_575
nearest_centroid,test,paraphrase,WILDE_LORD_ARTHUR_STORIES_026__paraphrase,WILDE_LORD_ARTHUR_STORIES_026,wilde,shelley,0,509,550,501_575,501_575
nearest_centroid,test,paraphrase,WILDE_LORD_ARTHUR_STORIES_027__paraphrase,WILDE_LORD_ARTHUR_STORIES_027,wilde,shelley,0,547,578,501_575,576_650
nearest_centroid,test,paraphrase,WILDE_LORD_ARTHUR_STORIES_028__paraphrase,WILDE_LORD_ARTHUR_STORIES_028,wilde,shelley,0,453,562,450_500,501_575
nearest_centroid,test,paraphrase,WILDE_LORD_ARTHUR_STORIES_029__paraphrase,WILDE_LORD_ARTHUR_STORIES_029,wilde,poe,0,532,562,501_575,501_575
nearest_centroid,test,paraphrase,WILDE_LORD_ARTHUR_STORIES_030__paraphrase,WILDE_LORD_ARTHUR_STORIES_030,wilde,wilde,1,545,561,501_575,501_575
nearest_centroid,test,modernize,AUSTEN_PRIDE_AND_PREJUDICE_022__modernize,AUSTEN_PRIDE_AND_PREJUDICE_022,austen,austen,1,573,578,501_575,576_650
nearest_centroid,test,modernize,AUSTEN_PRIDE_AND_PREJUDICE_023__modernize,AUSTEN_PRIDE_AND_PREJUDICE_023,austen,austen,1,558,562,501_575,501_575
nearest_centroid,test,modernize,AUSTEN_PRIDE_AND_PREJUDICE_024__modernize,AUSTEN_PRIDE_AND_PREJUDICE_024,austen,austen,1,551,575,501_575,501_575
nearest_centroid,test,modernize,AUSTEN_PRIDE_AND_PREJUDICE_025__modernize,AUSTEN_PRIDE_AND_PREJUDICE_025,austen,austen,1,527,570,501_575,501_575
nearest_centroid,test,modernize,AUSTEN_PRIDE_AND_PREJUDICE_026__modernize,AUSTEN_PRIDE_AND_PREJUDICE_026,austen,austen,1,542,551,501_575,501_575
nearest_centroid,test,modernize,AUSTEN_PRIDE_AND_PREJUDICE_027__modernize,AUSTEN_PRIDE_AND_PREJUDICE_027,austen,austen,1,501,565,501_575,501_575
nearest_centroid,test,modernize,AUSTEN_PRIDE_AND_PREJUDICE_028__modernize,AUSTEN_PRIDE_AND_PREJUDICE_028,austen,austen,1,574,572,501_575,501_575
nearest_centroid,test,modernize,AUSTEN_PRIDE_AND_PREJUDICE_029__modernize,AUSTEN_PRIDE_AND_PREJUDICE_029,austen,austen,1,587,577,576_650,576_650
nearest_centroid,test,modernize,AUSTEN_PRIDE_AND_PREJUDICE_030__modernize,AUSTEN_PRIDE_AND_PREJUDICE_030,austen,austen,1,541,558,501_575,501_575
nearest_centroid,test,modernize,DICKENS_OLIVER_TWIST_022__modernize,DICKENS_OLIVER_TWIST_022,dickens,wilde,0,565,566,501_575,501_575
nearest_centroid,test,modernize,DICKENS_OLIVER_TWIST_023__modernize,DICKENS_OLIVER_TWIST_023,dickens,austen,0,499,564,450_500,501_575
nearest_centroid,test,modernize,DICKENS_OLIVER_TWIST_024__modernize,DICKENS_OLIVER_TWIST_024,dickens,wilde,0,530,573,501_575,501_575
nearest_centroid,test,modernize,DICKENS_OLIVER_TWIST_025__modernize,DICKENS_OLIVER_TWIST_025,dickens,wilde,0,511,551,501_575,501_575
nearest_centroid,test,modernize,DICKENS_OLIVER_TWIST_026__modernize,DICKENS_OLIVER_TWIST_026,dickens,dickens,1,571,594,501_575,576_650
nearest_centroid,test,modernize,DICKENS_OLIVER_TWIST_027__modernize,DICKENS_OLIVER_TWIST_027,dickens,dickens,1,560,564,501_575,501_575
nearest_centroid,test,modernize,DICKENS_OLIVER_TWIST_028__modernize,DICKENS_OLIVER_TWIST_028,dickens,wilde,0,544,551,501_575,501_575
nearest_centroid,test,modernize,DICKENS_OLIVER_TWIST_029__modernize,DICKENS_OLIVER_TWIST_029,dickens,wilde,0,538,592,501_575,576_650
nearest_centroid,test,modernize,DICKENS_OLIVER_TWIST_030__modernize,DICKENS_OLIVER_TWIST_030,dickens,wilde,0,503,550,501_575,501_575
nearest_centroid,test,modernize,POE_WORKS_VOLUME_2_022__modernize,POE_WORKS_VOLUME_2_022,poe,shelley,0,530,579,501_575,576_650
nearest_centroid,test,modernize,POE_WORKS_VOLUME_2_023__modernize,POE_WORKS_VOLUME_2_023,poe,poe,1,536,556,501_575,501_575
nearest_centroid,test,modernize,POE_WORKS_VOLUME_2_024__modernize,POE_WORKS_VOLUME_2_024,poe,poe,1,544,555,501_575,501_575
nearest_centroid,test,modernize,POE_WORKS_VOLUME_2_025__modernize,POE_WORKS_VOLUME_2_025,poe,poe,1,558,558,501_575,501_575
nearest_centroid,test,modernize,POE_WORKS_VOLUME_2_026__modernize,POE_WORKS_VOLUME_2_026,poe,shelley,0,535,595,501_575,576_650
nearest_centroid,test,modernize,POE_WORKS_VOLUME_2_027__modernize,POE_WORKS_VOLUME_2_027,poe,shelley,0,536,550,501_575,501_575
nearest_centroid,test,modernize,POE_WORKS_VOLUME_2_028__modernize,POE_WORKS_VOLUME_2_028,poe,dickens,0,537,553,501_575,501_575
nearest_centroid,test,modernize,POE_WORKS_VOLUME_2_029__modernize,POE_WORKS_VOLUME_2_029,poe,shelley,0,526,559,501_575,501_575
nearest_centroid,test,modernize,POE_WORKS_VOLUME_2_030__modernize,POE_WORKS_VOLUME_2_030,poe,poe,1,452,555,450_500,501_575
nearest_centroid,test,modernize,SHELLEY_THE_LAST_MAN_022__modernize,SHELLEY_THE_LAST_MAN_022,shelley,shelley,1,556,556,501_575,501_575
nearest_centroid,test,modernize,SHELLEY_THE_LAST_MAN_023__modernize,SHELLEY_THE_LAST_MAN_023,shelley,shelley,1,509,555,501_575,501_575
nearest_centroid,test,modernize,SHELLEY_THE_LAST_MAN_024__modernize,SHELLEY_THE_LAST_MAN_024,shelley,shelley,1,531,572,501_575,501_575
nearest_centroid,test,modernize,SHELLEY_THE_LAST_MAN_025__modernize,SHELLEY_THE_LAST_MAN_025,shelley,shelley,1,532,554,501_575,501_575
nearest_centroid,test,modernize,SHELLEY_THE_LAST_MAN_026__modernize,SHELLEY_THE_LAST_MAN_026,shelley,wilde,0,562,556,501_575,501_575
nearest_centroid,test,modernize,SHELLEY_THE_LAST_MAN_027__modernize,SHELLEY_THE_LAST_MAN_027,shelley,shelley,1,551,550,501_575,501_575
nearest_centroid,test,modernize,SHELLEY_THE_LAST_MAN_028__modernize,SHELLEY_THE_LAST_MAN_028,shelley,poe,0,588,573,576_650,501_575
nearest_centroid,test,modernize,SHELLEY_THE_LAST_MAN_029__modernize,SHELLEY_THE_LAST_MAN_029,shelley,shelley,1,593,600,576_650,576_650
nearest_centroid,test,modernize,SHELLEY_THE_LAST_MAN_030__modernize,SHELLEY_THE_LAST_MAN_030,shelley,shelley,1,551,576,501_575,576_650
nearest_centroid,test,modernize,TWAIN_TOM_SAWYER_022__modernize,TWAIN_TOM_SAWYER_022,twain,dickens,0,543,555,501_575,501_575
nearest_centroid,test,modernize,TWAIN_TOM_SAWYER_023__modernize,TWAIN_TOM_SAWYER_023,twain,wilde,0,550,552,501_575,501_575
nearest_centroid,test,modernize,TWAIN_TOM_SAWYER_024__modernize,TWAIN_TOM_SAWYER_024,twain,wilde,0,547,555,501_575,501_575
nearest_centroid,test,modernize,TWAIN_TOM_SAWYER_025__modernize,TWAIN_TOM_SAWYER_025,twain,twain,1,590,580,576_650,576_650
nearest_centroid,test,modernize,TWAIN_TOM_SAWYER_026__modernize,TWAIN_TOM_SAWYER_026,twain,dickens,0,544,569,501_575,501_575
nearest_centroid,test,modernize,TWAIN_TOM_SAWYER_027__modernize,TWAIN_TOM_SAWYER_027,twain,twain,1,554,553,501_575,501_575
nearest_centroid,test,modernize,TWAIN_TOM_SAWYER_028__modernize,TWAIN_TOM_SAWYER_028,twain,wilde,0,526,576,501_575,576_650
nearest_centroid,test,modernize,TWAIN_TOM_SAWYER_029__modernize,TWAIN_TOM_SAWYER_029,twain,wilde,0,535,552,501_575,501_575
nearest_centroid,test,modernize,TWAIN_TOM_SAWYER_030__modernize,TWAIN_TOM_SAWYER_030,twain,twain,1,545,553,501_575,501_575
nearest_centroid,test,modernize,WILDE_LORD_ARTHUR_STORIES_022__modernize,WILDE_LORD_ARTHUR_STORIES_022,wilde,wilde,1,522,550,501_575,501_575
nearest_centroid,test,modernize,WILDE_LORD_ARTHUR_STORIES_023__modernize,WILDE_LORD_ARTHUR_STORIES_023,wilde,shelley,0,536,591,501_575,576_650
nearest_centroid,test,modernize,WILDE_LORD_ARTHUR_STORIES_024__modernize,WILDE_LORD_ARTHUR_STORIES_024,wilde,wilde,1,516,574,501_575,501_575
nearest_centroid,test,modernize,WILDE_LORD_ARTHUR_STORIES_025__modernize,WILDE_LORD_ARTHUR_STORIES_025,wilde,wilde,1,531,557,501_575,501_575
nearest_centroid,test,modernize,WILDE_LORD_ARTHUR_STORIES_026__modernize,WILDE_LORD_ARTHUR_STORIES_026,wilde,shelley,0,509,550,501_575,501_575
nearest_centroid,test,modernize,WILDE_LORD_ARTHUR_STORIES_027__modernize,WILDE_LORD_ARTHUR_STORIES_027,wilde,wilde,1,575,578,501_575,576_650
nearest_centroid,test,modernize,WILDE_LORD_ARTHUR_STORIES_028__modernize,WILDE_LORD_ARTHUR_STORIES_028,wilde,wilde,1,506,562,501_575,501_575
nearest_centroid,test,modernize,WILDE_LORD_ARTHUR_STORIES_029__modernize,WILDE_LORD_ARTHUR_STORIES_029,wilde,poe,0,547,562,501_575,501_575
nearest_centroid,test,modernize,WILDE_LORD_ARTHUR_STORIES_030__modernize,WILDE_LORD_ARTHUR_STORIES_030,wilde,wilde,1,546,561,501_575,501_575
nearest_centroid,test,simplify,AUSTEN_PRIDE_AND_PREJUDICE_022__simplify,AUSTEN_PRIDE_AND_PREJUDICE_022,austen,austen,1,545,578,501_575,576_650
nearest_centroid,test,simplify,AUSTEN_PRIDE_AND_PREJUDICE_023__simplify,AUSTEN_PRIDE_AND_PREJUDICE_023,austen,austen,1,563,562,501_575,501_575
nearest_centroid,test,simplify,AUSTEN_PRIDE_AND_PREJUDICE_024__simplify,AUSTEN_PRIDE_AND_PREJUDICE_024,austen,austen,1,537,575,501_575,501_575
nearest_centroid,test,simplify,AUSTEN_PRIDE_AND_PREJUDICE_025__simplify,AUSTEN_PRIDE_AND_PREJUDICE_025,austen,austen,1,520,570,501_575,501_575
nearest_centroid,test,simplify,AUSTEN_PRIDE_AND_PREJUDICE_026__simplify,AUSTEN_PRIDE_AND_PREJUDICE_026,austen,austen,1,526,551,501_575,501_575
nearest_centroid,test,simplify,AUSTEN_PRIDE_AND_PREJUDICE_027__simplify,AUSTEN_PRIDE_AND_PREJUDICE_027,austen,austen,1,519,565,501_575,501_575
nearest_centroid,test,simplify,AUSTEN_PRIDE_AND_PREJUDICE_028__simplify,AUSTEN_PRIDE_AND_PREJUDICE_028,austen,austen,1,579,572,576_650,501_575
nearest_centroid,test,simplify,AUSTEN_PRIDE_AND_PREJUDICE_029__simplify,AUSTEN_PRIDE_AND_PREJUDICE_029,austen,austen,1,564,577,501_575,576_650
nearest_centroid,test,simplify,AUSTEN_PRIDE_AND_PREJUDICE_030__simplify,AUSTEN_PRIDE_AND_PREJUDICE_030,austen,austen,1,533,558,501_575,501_575
nearest_centroid,test,simplify,DICKENS_OLIVER_TWIST_022__simplify,DICKENS_OLIVER_TWIST_022,dickens,wilde,0,552,566,501_575,501_575
nearest_centroid,test,simplify,DICKENS_OLIVER_TWIST_023__simplify,DICKENS_OLIVER_TWIST_023,dickens,austen,0,447,564,outside_bands,501_575
nearest_centroid,test,simplify,DICKENS_OLIVER_TWIST_024__simplify,DICKENS_OLIVER_TWIST_024,dickens,wilde,0,549,573,501_575,501_575
nearest_centroid,test,simplify,DICKENS_OLIVER_TWIST_025__simplify,DICKENS_OLIVER_TWIST_025,dickens,wilde,0,490,551,450_500,501_575
nearest_centroid,test,simplify,DICKENS_OLIVER_TWIST_026__simplify,DICKENS_OLIVER_TWIST_026,dickens,dickens,1,571,594,501_575,576_650
nearest_centroid,test,simplify,DICKENS_OLIVER_TWIST_027__simplify,DICKENS_OLIVER_TWIST_027,dickens,dickens,1,565,564,501_575,501_575
nearest_centroid,test,simplify,DICKENS_OLIVER_TWIST_028__simplify,DICKENS_OLIVER_TWIST_028,dickens,wilde,0,545,551,501_575,501_575
nearest_centroid,test,simplify,DICKENS_OLIVER_TWIST_029__simplify,DICKENS_OLIVER_TWIST_029,dickens,wilde,0,548,592,501_575,576_650
nearest_centroid,test,simplify,DICKENS_OLIVER_TWIST_030__simplify,DICKENS_OLIVER_TWIST_030,dickens,wilde,0,505,550,501_575,501_575
nearest_centroid,test,simplify,POE_WORKS_VOLUME_2_022__simplify,POE_WORKS_VOLUME_2_022,poe,shelley,0,544,579,501_575,576_650
nearest_centroid,test,simplify,POE_WORKS_VOLUME_2_023__simplify,POE_WORKS_VOLUME_2_023,poe,poe,1,505,556,501_575,501_575
nearest_centroid,test,simplify,POE_WORKS_VOLUME_2_024__simplify,POE_WORKS_VOLUME_2_024,poe,poe,1,517,555,501_575,501_575
nearest_centroid,test,simplify,POE_WORKS_VOLUME_2_025__simplify,POE_WORKS_VOLUME_2_025,poe,poe,1,554,558,501_575,501_575
nearest_centroid,test,simplify,POE_WORKS_VOLUME_2_026__simplify,POE_WORKS_VOLUME_2_026,poe,shelley,0,522,595,501_575,576_650
nearest_centroid,test,simplify,POE_WORKS_VOLUME_2_027__simplify,POE_WORKS_VOLUME_2_027,poe,shelley,0,497,550,450_500,501_575
nearest_centroid,test,simplify,POE_WORKS_VOLUME_2_028__simplify,POE_WORKS_VOLUME_2_028,poe,dickens,0,488,553,450_500,501_575
nearest_centroid,test,simplify,POE_WORKS_VOLUME_2_029__simplify,POE_WORKS_VOLUME_2_029,poe,shelley,0,499,559,450_500,501_575
nearest_centroid,test,simplify,POE_WORKS_VOLUME_2_030__simplify,POE_WORKS_VOLUME_2_030,poe,poe,1,446,555,outside_bands,501_575
nearest_centroid,test,simplify,SHELLEY_THE_LAST_MAN_022__simplify,SHELLEY_THE_LAST_MAN_022,shelley,shelley,1,525,556,501_575,501_575
nearest_centroid,test,simplify,SHELLEY_THE_LAST_MAN_023__simplify,SHELLEY_THE_LAST_MAN_023,shelley,austen,0,524,555,501_575,501_575
nearest_centroid,test,simplify,SHELLEY_THE_LAST_MAN_024__simplify,SHELLEY_THE_LAST_MAN_024,shelley,austen,0,520,572,501_575,501_575
nearest_centroid,test,simplify,SHELLEY_THE_LAST_MAN_025__simplify,SHELLEY_THE_LAST_MAN_025,shelley,wilde,0,526,554,501_575,501_575
nearest_centroid,test,simplify,SHELLEY_THE_LAST_MAN_026__simplify,SHELLEY_THE_LAST_MAN_026,shelley,wilde,0,577,556,576_650,501_575
nearest_centroid,test,simplify,SHELLEY_THE_LAST_MAN_027__simplify,SHELLEY_THE_LAST_MAN_027,shelley,poe,0,525,550,501_575,501_575
nearest_centroid,test,simplify,SHELLEY_THE_LAST_MAN_028__simplify,SHELLEY_THE_LAST_MAN_028,shelley,wilde,0,571,573,501_575,501_575
nearest_centroid,test,simplify,SHELLEY_THE_LAST_MAN_029__simplify,SHELLEY_THE_LAST_MAN_029,shelley,shelley,1,579,600,576_650,576_650
nearest_centroid,test,simplify,SHELLEY_THE_LAST_MAN_030__simplify,SHELLEY_THE_LAST_MAN_030,shelley,shelley,1,537,576,501_575,576_650
nearest_centroid,test,simplify,TWAIN_TOM_SAWYER_022__simplify,TWAIN_TOM_SAWYER_022,twain,wilde,0,584,555,576_650,501_575
nearest_centroid,test,simplify,TWAIN_TOM_SAWYER_023__simplify,TWAIN_TOM_SAWYER_023,twain,wilde,0,572,552,501_575,501_575
nearest_centroid,test,simplify,TWAIN_TOM_SAWYER_024__simplify,TWAIN_TOM_SAWYER_024,twain,wilde,0,517,555,501_575,501_575
nearest_centroid,test,simplify,TWAIN_TOM_SAWYER_025__simplify,TWAIN_TOM_SAWYER_025,twain,twain,1,594,580,576_650,576_650
nearest_centroid,test,simplify,TWAIN_TOM_SAWYER_026__simplify,TWAIN_TOM_SAWYER_026,twain,wilde,0,550,569,501_575,501_575
nearest_centroid,test,simplify,TWAIN_TOM_SAWYER_027__simplify,TWAIN_TOM_SAWYER_027,twain,austen,0,546,553,501_575,501_575
nearest_centroid,test,simplify,TWAIN_TOM_SAWYER_028__simplify,TWAIN_TOM_SAWYER_028,twain,wilde,0,530,576,501_575,576_650
nearest_centroid,test,simplify,TWAIN_TOM_SAWYER_029__simplify,TWAIN_TOM_SAWYER_029,twain,wilde,0,533,552,501_575,501_575
nearest_centroid,test,simplify,TWAIN_TOM_SAWYER_030__simplify,TWAIN_TOM_SAWYER_030,twain,twain,1,545,553,501_575,501_575
nearest_centroid,test,simplify,WILDE_LORD_ARTHUR_STORIES_022__simplify,WILDE_LORD_ARTHUR_STORIES_022,wilde,wilde,1,531,550,501_575,501_575
nearest_centroid,test,simplify,WILDE_LORD_ARTHUR_STORIES_023__simplify,WILDE_LORD_ARTHUR_STORIES_023,wilde,shelley,0,500,591,450_500,576_650
nearest_centroid,test,simplify,WILDE_LORD_ARTHUR_STORIES_024__simplify,WILDE_LORD_ARTHUR_STORIES_024,wilde,wilde,1,511,574,501_575,501_575
nearest_centroid,test,simplify,WILDE_LORD_ARTHUR_STORIES_025__simplify,WILDE_LORD_ARTHUR_STORIES_025,wilde,wilde,1,542,557,501_575,501_575
nearest_centroid,test,simplify,WILDE_LORD_ARTHUR_STORIES_026__simplify,WILDE_LORD_ARTHUR_STORIES_026,wilde,wilde,1,512,550,501_575,501_575
nearest_centroid,test,simplify,WILDE_LORD_ARTHUR_STORIES_027__simplify,WILDE_LORD_ARTHUR_STORIES_027,wilde,shelley,0,541,578,501_575,576_650
nearest_centroid,test,simplify,WILDE_LORD_ARTHUR_STORIES_028__simplify,WILDE_LORD_ARTHUR_STORIES_028,wilde,wilde,1,499,562,450_500,501_575
nearest_centroid,test,simplify,WILDE_LORD_ARTHUR_STORIES_029__simplify,WILDE_LORD_ARTHUR_STORIES_029,wilde,poe,0,528,562,501_575,501_575
nearest_centroid,test,simplify,WILDE_LORD_ARTHUR_STORIES_030__simplify,WILDE_LORD_ARTHUR_STORIES_030,wilde,wilde,1,536,561,501_575,501_575
diagonal_gaussian_nb,validation,original,AUSTEN_PRIDE_AND_PREJUDICE_013__original,AUSTEN_PRIDE_AND_PREJUDICE_013,austen,austen,1,559,559,501_575,501_575
diagonal_gaussian_nb,validation,original,AUSTEN_PRIDE_AND_PREJUDICE_014__original,AUSTEN_PRIDE_AND_PREJUDICE_014,austen,austen,1,552,552,501_575,501_575
diagonal_gaussian_nb,validation,original,AUSTEN_PRIDE_AND_PREJUDICE_015__original,AUSTEN_PRIDE_AND_PREJUDICE_015,austen,shelley,0,557,557,501_575,501_575
diagonal_gaussian_nb,validation,original,AUSTEN_PRIDE_AND_PREJUDICE_016__original,AUSTEN_PRIDE_AND_PREJUDICE_016,austen,austen,1,577,577,576_650,576_650
diagonal_gaussian_nb,validation,original,AUSTEN_PRIDE_AND_PREJUDICE_017__original,AUSTEN_PRIDE_AND_PREJUDICE_017,austen,austen,1,553,553,501_575,501_575
diagonal_gaussian_nb,validation,original,AUSTEN_PRIDE_AND_PREJUDICE_018__original,AUSTEN_PRIDE_AND_PREJUDICE_018,austen,austen,1,563,563,501_575,501_575
diagonal_gaussian_nb,validation,original,AUSTEN_PRIDE_AND_PREJUDICE_019__original,AUSTEN_PRIDE_AND_PREJUDICE_019,austen,austen,1,563,563,501_575,501_575
diagonal_gaussian_nb,validation,original,AUSTEN_PRIDE_AND_PREJUDICE_020__original,AUSTEN_PRIDE_AND_PREJUDICE_020,austen,austen,1,585,585,576_650,576_650
diagonal_gaussian_nb,validation,original,AUSTEN_PRIDE_AND_PREJUDICE_021__original,AUSTEN_PRIDE_AND_PREJUDICE_021,austen,austen,1,576,576,576_650,576_650
diagonal_gaussian_nb,validation,original,DICKENS_OLIVER_TWIST_013__original,DICKENS_OLIVER_TWIST_013,dickens,dickens,1,578,578,576_650,576_650
diagonal_gaussian_nb,validation,original,DICKENS_OLIVER_TWIST_014__original,DICKENS_OLIVER_TWIST_014,dickens,dickens,1,551,551,501_575,501_575
diagonal_gaussian_nb,validation,original,DICKENS_OLIVER_TWIST_015__original,DICKENS_OLIVER_TWIST_015,dickens,dickens,1,556,556,501_575,501_575
diagonal_gaussian_nb,validation,original,DICKENS_OLIVER_TWIST_016__original,DICKENS_OLIVER_TWIST_016,dickens,dickens,1,556,556,501_575,501_575
diagonal_gaussian_nb,validation,original,DICKENS_OLIVER_TWIST_017__original,DICKENS_OLIVER_TWIST_017,dickens,dickens,1,569,569,501_575,501_575
diagonal_gaussian_nb,validation,original,DICKENS_OLIVER_TWIST_018__original,DICKENS_OLIVER_TWIST_018,dickens,dickens,1,560,560,501_575,501_575
diagonal_gaussian_nb,validation,original,DICKENS_OLIVER_TWIST_019__original,DICKENS_OLIVER_TWIST_019,dickens,dickens,1,558,558,501_575,501_575
diagonal_gaussian_nb,validation,original,DICKENS_OLIVER_TWIST_020__original,DICKENS_OLIVER_TWIST_020,dickens,dickens,1,551,551,501_575,501_575
diagonal_gaussian_nb,validation,original,DICKENS_OLIVER_TWIST_021__original,DICKENS_OLIVER_TWIST_021,dickens,dickens,1,571,571,501_575,501_575
diagonal_gaussian_nb,validation,original,POE_WORKS_VOLUME_2_013__original,POE_WORKS_VOLUME_2_013,poe,poe,1,581,581,576_650,576_650
diagonal_gaussian_nb,validation,original,POE_WORKS_VOLUME_2_014__original,POE_WORKS_VOLUME_2_014,poe,twain,0,557,557,501_575,501_575
diagonal_gaussian_nb,validation,original,POE_WORKS_VOLUME_2_015__original,POE_WORKS_VOLUME_2_015,poe,shelley,0,561,561,501_575,501_575
diagonal_gaussian_nb,validation,original,POE_WORKS_VOLUME_2_016__original,POE_WORKS_VOLUME_2_016,poe,poe,1,553,553,501_575,501_575
diagonal_gaussian_nb,validation,original,POE_WORKS_VOLUME_2_017__original,POE_WORKS_VOLUME_2_017,poe,poe,1,581,581,576_650,576_650
diagonal_gaussian_nb,validation,original,POE_WORKS_VOLUME_2_018__original,POE_WORKS_VOLUME_2_018,poe,poe,1,550,550,501_575,501_575
diagonal_gaussian_nb,validation,original,POE_WORKS_VOLUME_2_019__original,POE_WORKS_VOLUME_2_019,poe,poe,1,561,561,501_575,501_575
diagonal_gaussian_nb,validation,original,POE_WORKS_VOLUME_2_020__original,POE_WORKS_VOLUME_2_020,poe,poe,1,562,562,501_575,501_575
diagonal_gaussian_nb,validation,original,POE_WORKS_VOLUME_2_021__original,POE_WORKS_VOLUME_2_021,poe,poe,1,577,577,576_650,576_650
diagonal_gaussian_nb,validation,original,SHELLEY_THE_LAST_MAN_013__original,SHELLEY_THE_LAST_MAN_013,shelley,shelley,1,558,558,501_575,501_575
diagonal_gaussian_nb,validation,original,SHELLEY_THE_LAST_MAN_014__original,SHELLEY_THE_LAST_MAN_014,shelley,shelley,1,570,570,501_575,501_575
diagonal_gaussian_nb,validation,original,SHELLEY_THE_LAST_MAN_015__original,SHELLEY_THE_LAST_MAN_015,shelley,poe,0,594,594,576_650,576_650
diagonal_gaussian_nb,validation,original,SHELLEY_THE_LAST_MAN_016__original,SHELLEY_THE_LAST_MAN_016,shelley,shelley,1,561,561,501_575,501_575
diagonal_gaussian_nb,validation,original,SHELLEY_THE_LAST_MAN_017__original,SHELLEY_THE_LAST_MAN_017,shelley,shelley,1,562,562,501_575,501_575
diagonal_gaussian_nb,validation,original,SHELLEY_THE_LAST_MAN_018__original,SHELLEY_THE_LAST_MAN_018,shelley,shelley,1,566,566,501_575,501_575
diagonal_gaussian_nb,validation,original,SHELLEY_THE_LAST_MAN_019__original,SHELLEY_THE_LAST_MAN_019,shelley,shelley,1,585,585,576_650,576_650
diagonal_gaussian_nb,validation,original,SHELLEY_THE_LAST_MAN_020__original,SHELLEY_THE_LAST_MAN_020,shelley,shelley,1,559,559,501_575,501_575
diagonal_gaussian_nb,validation,original,SHELLEY_THE_LAST_MAN_021__original,SHELLEY_THE_LAST_MAN_021,shelley,shelley,1,569,569,501_575,501_575
diagonal_gaussian_nb,validation,original,TWAIN_TOM_SAWYER_013__original,TWAIN_TOM_SAWYER_013,twain,twain,1,593,593,576_650,576_650
diagonal_gaussian_nb,validation,original,TWAIN_TOM_SAWYER_014__original,TWAIN_TOM_SAWYER_014,twain,dickens,0,566,566,501_575,501_575
diagonal_gaussian_nb,validation,original,TWAIN_TOM_SAWYER_015__original,TWAIN_TOM_SAWYER_015,twain,dickens,0,555,555,501_575,501_575
diagonal_gaussian_nb,validation,original,TWAIN_TOM_SAWYER_016__original,TWAIN_TOM_SAWYER_016,twain,austen,0,553,553,501_575,501_575
diagonal_gaussian_nb,validation,original,TWAIN_TOM_SAWYER_017__original,TWAIN_TOM_SAWYER_017,twain,twain,1,556,556,501_575,501_575
diagonal_gaussian_nb,validation,original,TWAIN_TOM_SAWYER_018__original,TWAIN_TOM_SAWYER_018,twain,dickens,0,568,568,501_575,501_575
diagonal_gaussian_nb,validation,original,TWAIN_TOM_SAWYER_019__original,TWAIN_TOM_SAWYER_019,twain,wilde,0,581,581,576_650,576_650
diagonal_gaussian_nb,validation,original,TWAIN_TOM_SAWYER_020__original,TWAIN_TOM_SAWYER_020,twain,dickens,0,564,564,501_575,501_575
diagonal_gaussian_nb,validation,original,TWAIN_TOM_SAWYER_021__original,TWAIN_TOM_SAWYER_021,twain,twain,1,557,557,501_575,501_575
diagonal_gaussian_nb,validation,original,WILDE_LORD_ARTHUR_STORIES_013__original,WILDE_LORD_ARTHUR_STORIES_013,wilde,wilde,1,558,558,501_575,501_575
diagonal_gaussian_nb,validation,original,WILDE_LORD_ARTHUR_STORIES_014__original,WILDE_LORD_ARTHUR_STORIES_014,wilde,dickens,0,550,550,501_575,501_575
diagonal_gaussian_nb,validation,original,WILDE_LORD_ARTHUR_STORIES_015__original,WILDE_LORD_ARTHUR_STORIES_015,wilde,dickens,0,589,589,576_650,576_650
diagonal_gaussian_nb,validation,original,WILDE_LORD_ARTHUR_STORIES_016__original,WILDE_LORD_ARTHUR_STORIES_016,wilde,shelley,0,600,600,576_650,576_650
diagonal_gaussian_nb,validation,original,WILDE_LORD_ARTHUR_STORIES_017__original,WILDE_LORD_ARTHUR_STORIES_017,wilde,dickens,0,592,592,576_650,576_650
diagonal_gaussian_nb,validation,original,WILDE_LORD_ARTHUR_STORIES_018__original,WILDE_LORD_ARTHUR_STORIES_018,wilde,dickens,0,587,587,576_650,576_650
diagonal_gaussian_nb,validation,original,WILDE_LORD_ARTHUR_STORIES_019__original,WILDE_LORD_ARTHUR_STORIES_019,wilde,wilde,1,551,551,501_575,501_575
diagonal_gaussian_nb,validation,original,WILDE_LORD_ARTHUR_STORIES_020__original,WILDE_LORD_ARTHUR_STORIES_020,wilde,wilde,1,583,583,576_650,576_650
diagonal_gaussian_nb,validation,original,WILDE_LORD_ARTHUR_STORIES_021__original,WILDE_LORD_ARTHUR_STORIES_021,wilde,dickens,0,555,555,501_575,501_575
diagonal_gaussian_nb,validation,paraphrase,AUSTEN_PRIDE_AND_PREJUDICE_013__paraphrase,AUSTEN_PRIDE_AND_PREJUDICE_013,austen,austen,1,516,559,501_575,501_575
diagonal_gaussian_nb,validation,paraphrase,AUSTEN_PRIDE_AND_PREJUDICE_014__paraphrase,AUSTEN_PRIDE_AND_PREJUDICE_014,austen,austen,1,512,552,501_575,501_575
diagonal_gaussian_nb,validation,paraphrase,AUSTEN_PRIDE_AND_PREJUDICE_015__paraphrase,AUSTEN_PRIDE_AND_PREJUDICE_015,austen,shelley,0,526,557,501_575,501_575
diagonal_gaussian_nb,validation,paraphrase,AUSTEN_PRIDE_AND_PREJUDICE_016__paraphrase,AUSTEN_PRIDE_AND_PREJUDICE_016,austen,austen,1,536,577,501_575,576_650
diagonal_gaussian_nb,validation,paraphrase,AUSTEN_PRIDE_AND_PREJUDICE_017__paraphrase,AUSTEN_PRIDE_AND_PREJUDICE_017,austen,austen,1,515,553,501_575,501_575
diagonal_gaussian_nb,validation,paraphrase,AUSTEN_PRIDE_AND_PREJUDICE_018__paraphrase,AUSTEN_PRIDE_AND_PREJUDICE_018,austen,austen,1,556,563,501_575,501_575
diagonal_gaussian_nb,validation,paraphrase,AUSTEN_PRIDE_AND_PREJUDICE_019__paraphrase,AUSTEN_PRIDE_AND_PREJUDICE_019,austen,wilde,0,487,563,450_500,501_575
diagonal_gaussian_nb,validation,paraphrase,AUSTEN_PRIDE_AND_PREJUDICE_020__paraphrase,AUSTEN_PRIDE_AND_PREJUDICE_020,austen,shelley,0,493,585,450_500,576_650
diagonal_gaussian_nb,validation,paraphrase,AUSTEN_PRIDE_AND_PREJUDICE_021__paraphrase,AUSTEN_PRIDE_AND_PREJUDICE_021,austen,austen,1,533,576,501_575,576_650
diagonal_gaussian_nb,validation,paraphrase,DICKENS_OLIVER_TWIST_013__paraphrase,DICKENS_OLIVER_TWIST_013,dickens,wilde,0,544,578,501_575,576_650
diagonal_gaussian_nb,validation,paraphrase,DICKENS_OLIVER_TWIST_014__paraphrase,DICKENS_OLIVER_TWIST_014,dickens,wilde,0,478,551,450_500,501_575
diagonal_gaussian_nb,validation,paraphrase,DICKENS_OLIVER_TWIST_015__paraphrase,DICKENS_OLIVER_TWIST_015,dickens,wilde,0,495,556,450_500,501_575
diagonal_gaussian_nb,validation,paraphrase,DICKENS_OLIVER_TWIST_016__paraphrase,DICKENS_OLIVER_TWIST_016,dickens,wilde,0,543,556,501_575,501_575
diagonal_gaussian_nb,validation,paraphrase,DICKENS_OLIVER_TWIST_017__paraphrase,DICKENS_OLIVER_TWIST_017,dickens,wilde,0,450,569,450_500,501_575
diagonal_gaussian_nb,validation,paraphrase,DICKENS_OLIVER_TWIST_018__paraphrase,DICKENS_OLIVER_TWIST_018,dickens,dickens,1,556,560,501_575,501_575
diagonal_gaussian_nb,validation,paraphrase,DICKENS_OLIVER_TWIST_019__paraphrase,DICKENS_OLIVER_TWIST_019,dickens,shelley,0,548,558,501_575,501_575
diagonal_gaussian_nb,validation,paraphrase,DICKENS_OLIVER_TWIST_020__paraphrase,DICKENS_OLIVER_TWIST_020,dickens,poe,0,519,551,501_575,501_575
diagonal_gaussian_nb,validation,paraphrase,DICKENS_OLIVER_TWIST_021__paraphrase,DICKENS_OLIVER_TWIST_021,dickens,dickens,1,537,571,501_575,501_575
diagonal_gaussian_nb,validation,paraphrase,POE_WORKS_VOLUME_2_013__paraphrase,POE_WORKS_VOLUME_2_013,poe,poe,1,538,581,501_575,576_650
diagonal_gaussian_nb,validation,paraphrase,POE_WORKS_VOLUME_2_014__paraphrase,POE_WORKS_VOLUME_2_014,poe,wilde,0,431,557,outside_bands,501_575
diagonal_gaussian_nb,validation,paraphrase,POE_WORKS_VOLUME_2_015__paraphrase,POE_WORKS_VOLUME_2_015,poe,shelley,0,553,561,501_575,501_575
diagonal_gaussian_nb,validation,paraphrase,POE_WORKS_VOLUME_2_016__paraphrase,POE_WORKS_VOLUME_2_016,poe,poe,1,512,553,501_575,501_575
diagonal_gaussian_nb,validation,paraphrase,POE_WORKS_VOLUME_2_017__paraphrase,POE_WORKS_VOLUME_2_017,poe,poe,1,521,581,501_575,576_650
diagonal_gaussian_nb,validation,paraphrase,POE_WORKS_VOLUME_2_018__paraphrase,POE_WORKS_VOLUME_2_018,poe,poe,1,493,550,450_500,501_575
diagonal_gaussian_nb,validation,paraphrase,POE_WORKS_VOLUME_2_019__paraphrase,POE_WORKS_VOLUME_2_019,poe,shelley,0,511,561,501_575,501_575
diagonal_gaussian_nb,validation,paraphrase,POE_WORKS_VOLUME_2_020__paraphrase,POE_WORKS_VOLUME_2_020,poe,poe,1,501,562,501_575,501_575
diagonal_gaussian_nb,validation,paraphrase,POE_WORKS_VOLUME_2_021__paraphrase,POE_WORKS_VOLUME_2_021,poe,poe,1,471,577,450_500,576_650
diagonal_gaussian_nb,validation,paraphrase,SHELLEY_THE_LAST_MAN_013__paraphrase,SHELLEY_THE_LAST_MAN_013,shelley,poe,0,532,558,501_575,501_575
diagonal_gaussian_nb,validation,paraphrase,SHELLEY_THE_LAST_MAN_014__paraphrase,SHELLEY_THE_LAST_MAN_014,shelley,shelley,1,575,570,501_575,501_575
diagonal_gaussian_nb,validation,paraphrase,SHELLEY_THE_LAST_MAN_015__paraphrase,SHELLEY_THE_LAST_MAN_015,shelley,poe,0,563,594,501_575,576_650
diagonal_gaussian_nb,validation,paraphrase,SHELLEY_THE_LAST_MAN_016__paraphrase,SHELLEY_THE_LAST_MAN_016,shelley,shelley,1,551,561,501_575,501_575
diagonal_gaussian_nb,validation,paraphrase,SHELLEY_THE_LAST_MAN_017__paraphrase,SHELLEY_THE_LAST_MAN_017,shelley,shelley,1,479,562,450_500,501_575
diagonal_gaussian_nb,validation,paraphrase,SHELLEY_THE_LAST_MAN_018__paraphrase,SHELLEY_THE_LAST_MAN_018,shelley,poe,0,520,566,501_575,501_575
diagonal_gaussian_nb,validation,paraphrase,SHELLEY_THE_LAST_MAN_019__paraphrase,SHELLEY_THE_LAST_MAN_019,shelley,shelley,1,556,585,501_575,576_650
diagonal_gaussian_nb,validation,paraphrase,SHELLEY_THE_LAST_MAN_020__paraphrase,SHELLEY_THE_LAST_MAN_020,shelley,wilde,0,431,559,outside_bands,501_575
diagonal_gaussian_nb,validation,paraphrase,SHELLEY_THE_LAST_MAN_021__paraphrase,SHELLEY_THE_LAST_MAN_021,shelley,poe,0,542,569,501_575,501_575
diagonal_gaussian_nb,validation,paraphrase,TWAIN_TOM_SAWYER_013__paraphrase,TWAIN_TOM_SAWYER_013,twain,wilde,0,499,593,450_500,576_650
diagonal_gaussian_nb,validation,paraphrase,TWAIN_TOM_SAWYER_014__paraphrase,TWAIN_TOM_SAWYER_014,twain,poe,0,469,566,450_500,501_575
diagonal_gaussian_nb,validation,paraphrase,TWAIN_TOM_SAWYER_015__paraphrase,TWAIN_TOM_SAWYER_015,twain,poe,0,551,555,501_575,501_575
diagonal_gaussian_nb,validation,paraphrase,TWAIN_TOM_SAWYER_016__paraphrase,TWAIN_TOM_SAWYER_016,twain,wilde,0,507,553,501_575,501_575
diagonal_gaussian_nb,validation,paraphrase,TWAIN_TOM_SAWYER_017__paraphrase,TWAIN_TOM_SAWYER_017,twain,dickens,0,538,556,501_575,501_575
diagonal_gaussian_nb,validation,paraphrase,TWAIN_TOM_SAWYER_018__paraphrase,TWAIN_TOM_SAWYER_018,twain,dickens,0,493,568,450_500,501_575
diagonal_gaussian_nb,validation,paraphrase,TWAIN_TOM_SAWYER_019__paraphrase,TWAIN_TOM_SAWYER_019,twain,wilde,0,530,581,501_575,576_650
diagonal_gaussian_nb,validation,paraphrase,TWAIN_TOM_SAWYER_020__paraphrase,TWAIN_TOM_SAWYER_020,twain,dickens,0,517,564,501_575,501_575
diagonal_gaussian_nb,validation,paraphrase,TWAIN_TOM_SAWYER_021__paraphrase,TWAIN_TOM_SAWYER_021,twain,wilde,0,528,557,501_575,501_575
diagonal_gaussian_nb,validation,paraphrase,WILDE_LORD_ARTHUR_STORIES_013__paraphrase,WILDE_LORD_ARTHUR_STORIES_013,wilde,wilde,1,424,558,outside_bands,501_575
diagonal_gaussian_nb,validation,paraphrase,WILDE_LORD_ARTHUR_STORIES_014__paraphrase,WILDE_LORD_ARTHUR_STORIES_014,wilde,dickens,0,487,550,450_500,501_575
diagonal_gaussian_nb,validation,paraphrase,WILDE_LORD_ARTHUR_STORIES_015__paraphrase,WILDE_LORD_ARTHUR_STORIES_015,wilde,wilde,1,496,589,450_500,576_650
diagonal_gaussian_nb,validation,paraphrase,WILDE_LORD_ARTHUR_STORIES_016__paraphrase,WILDE_LORD_ARTHUR_STORIES_016,wilde,wilde,1,479,600,450_500,576_650
diagonal_gaussian_nb,validation,paraphrase,WILDE_LORD_ARTHUR_STORIES_017__paraphrase,WILDE_LORD_ARTHUR_STORIES_017,wilde,wilde,1,533,592,501_575,576_650
diagonal_gaussian_nb,validation,paraphrase,WILDE_LORD_ARTHUR_STORIES_018__paraphrase,WILDE_LORD_ARTHUR_STORIES_018,wilde,dickens,0,521,587,501_575,576_650
diagonal_gaussian_nb,validation,paraphrase,WILDE_LORD_ARTHUR_STORIES_019__paraphrase,WILDE_LORD_ARTHUR_STORIES_019,wilde,wilde,1,500,551,450_500,501_575
diagonal_gaussian_nb,validation,paraphrase,WILDE_LORD_ARTHUR_STORIES_020__paraphrase,WILDE_LORD_ARTHUR_STORIES_020,wilde,wilde,1,553,583,501_575,576_650
diagonal_gaussian_nb,validation,paraphrase,WILDE_LORD_ARTHUR_STORIES_021__paraphrase,WILDE_LORD_ARTHUR_STORIES_021,wilde,dickens,0,533,555,501_575,501_575
diagonal_gaussian_nb,validation,modernize,AUSTEN_PRIDE_AND_PREJUDICE_013__modernize,AUSTEN_PRIDE_AND_PREJUDICE_013,austen,austen,1,543,559,501_575,501_575
diagonal_gaussian_nb,validation,modernize,AUSTEN_PRIDE_AND_PREJUDICE_014__modernize,AUSTEN_PRIDE_AND_PREJUDICE_014,austen,dickens,0,520,552,501_575,501_575
diagonal_gaussian_nb,validation,modernize,AUSTEN_PRIDE_AND_PREJUDICE_015__modernize,AUSTEN_PRIDE_AND_PREJUDICE_015,austen,shelley,0,524,557,501_575,501_575
diagonal_gaussian_nb,validation,modernize,AUSTEN_PRIDE_AND_PREJUDICE_016__modernize,AUSTEN_PRIDE_AND_PREJUDICE_016,austen,austen,1,600,577,576_650,576_650
diagonal_gaussian_nb,validation,modernize,AUSTEN_PRIDE_AND_PREJUDICE_017__modernize,AUSTEN_PRIDE_AND_PREJUDICE_017,austen,austen,1,517,553,501_575,501_575
diagonal_gaussian_nb,validation,modernize,AUSTEN_PRIDE_AND_PREJUDICE_018__modernize,AUSTEN_PRIDE_AND_PREJUDICE_018,austen,austen,1,563,563,501_575,501_575
diagonal_gaussian_nb,validation,modernize,AUSTEN_PRIDE_AND_PREJUDICE_019__modernize,AUSTEN_PRIDE_AND_PREJUDICE_019,austen,austen,1,543,563,501_575,501_575
diagonal_gaussian_nb,validation,modernize,AUSTEN_PRIDE_AND_PREJUDICE_020__modernize,AUSTEN_PRIDE_AND_PREJUDICE_020,austen,austen,1,536,585,501_575,576_650
diagonal_gaussian_nb,validation,modernize,AUSTEN_PRIDE_AND_PREJUDICE_021__modernize,AUSTEN_PRIDE_AND_PREJUDICE_021,austen,austen,1,555,576,501_575,576_650
diagonal_gaussian_nb,validation,modernize,DICKENS_OLIVER_TWIST_013__modernize,DICKENS_OLIVER_TWIST_013,dickens,wilde,0,530,578,501_575,576_650
diagonal_gaussian_nb,validation,modernize,DICKENS_OLIVER_TWIST_014__modernize,DICKENS_OLIVER_TWIST_014,dickens,wilde,0,474,551,450_500,501_575
diagonal_gaussian_nb,validation,modernize,DICKENS_OLIVER_TWIST_015__modernize,DICKENS_OLIVER_TWIST_015,dickens,wilde,0,515,556,501_575,501_575
diagonal_gaussian_nb,validation,modernize,DICKENS_OLIVER_TWIST_016__modernize,DICKENS_OLIVER_TWIST_016,dickens,dickens,1,536,556,501_575,501_575
diagonal_gaussian_nb,validation,modernize,DICKENS_OLIVER_TWIST_017__modernize,DICKENS_OLIVER_TWIST_017,dickens,wilde,0,479,569,450_500,501_575
diagonal_gaussian_nb,validation,modernize,DICKENS_OLIVER_TWIST_018__modernize,DICKENS_OLIVER_TWIST_018,dickens,dickens,1,540,560,501_575,501_575
diagonal_gaussian_nb,validation,modernize,DICKENS_OLIVER_TWIST_019__modernize,DICKENS_OLIVER_TWIST_019,dickens,dickens,1,523,558,501_575,501_575
diagonal_gaussian_nb,validation,modernize,DICKENS_OLIVER_TWIST_020__modernize,DICKENS_OLIVER_TWIST_020,dickens,dickens,1,533,551,501_575,501_575
diagonal_gaussian_nb,validation,modernize,DICKENS_OLIVER_TWIST_021__modernize,DICKENS_OLIVER_TWIST_021,dickens,dickens,1,563,571,501_575,501_575
diagonal_gaussian_nb,validation,modernize,POE_WORKS_VOLUME_2_013__modernize,POE_WORKS_VOLUME_2_013,poe,poe,1,549,581,501_575,576_650
diagonal_gaussian_nb,validation,modernize,POE_WORKS_VOLUME_2_014__modernize,POE_WORKS_VOLUME_2_014,poe,dickens,0,454,557,450_500,501_575
diagonal_gaussian_nb,validation,modernize,POE_WORKS_VOLUME_2_015__modernize,POE_WORKS_VOLUME_2_015,poe,shelley,0,549,561,501_575,501_575
diagonal_gaussian_nb,validation,modernize,POE_WORKS_VOLUME_2_016__modernize,POE_WORKS_VOLUME_2_016,poe,shelley,0,511,553,501_575,501_575
diagonal_gaussian_nb,validation,modernize,POE_WORKS_VOLUME_2_017__modernize,POE_WORKS_VOLUME_2_017,poe,dickens,0,504,581,501_575,576_650
diagonal_gaussian_nb,validation,modernize,POE_WORKS_VOLUME_2_018__modernize,POE_WORKS_VOLUME_2_018,poe,poe,1,484,550,450_500,501_575
diagonal_gaussian_nb,validation,modernize,POE_WORKS_VOLUME_2_019__modernize,POE_WORKS_VOLUME_2_019,poe,shelley,0,537,561,501_575,501_575
diagonal_gaussian_nb,validation,modernize,POE_WORKS_VOLUME_2_020__modernize,POE_WORKS_VOLUME_2_020,poe,poe,1,536,562,501_575,501_575
diagonal_gaussian_nb,validation,modernize,POE_WORKS_VOLUME_2_021__modernize,POE_WORKS_VOLUME_2_021,poe,poe,1,541,577,501_575,576_650
diagonal_gaussian_nb,validation,modernize,SHELLEY_THE_LAST_MAN_013__modernize,SHELLEY_THE_LAST_MAN_013,shelley,shelley,1,530,558,501_575,501_575
diagonal_gaussian_nb,validation,modernize,SHELLEY_THE_LAST_MAN_014__modernize,SHELLEY_THE_LAST_MAN_014,shelley,shelley,1,592,570,576_650,501_575
diagonal_gaussian_nb,validation,modernize,SHELLEY_THE_LAST_MAN_015__modernize,SHELLEY_THE_LAST_MAN_015,shelley,poe,0,518,594,501_575,576_650
diagonal_gaussian_nb,validation,modernize,SHELLEY_THE_LAST_MAN_016__modernize,SHELLEY_THE_LAST_MAN_016,shelley,shelley,1,558,561,501_575,501_575
diagonal_gaussian_nb,validation,modernize,SHELLEY_THE_LAST_MAN_017__modernize,SHELLEY_THE_LAST_MAN_017,shelley,shelley,1,518,562,501_575,501_575
diagonal_gaussian_nb,validation,modernize,SHELLEY_THE_LAST_MAN_018__modernize,SHELLEY_THE_LAST_MAN_018,shelley,shelley,1,552,566,501_575,501_575
diagonal_gaussian_nb,validation,modernize,SHELLEY_THE_LAST_MAN_019__modernize,SHELLEY_THE_LAST_MAN_019,shelley,shelley,1,586,585,576_650,576_650
diagonal_gaussian_nb,validation,modernize,SHELLEY_THE_LAST_MAN_020__modernize,SHELLEY_THE_LAST_MAN_020,shelley,shelley,1,466,559,450_500,501_575
diagonal_gaussian_nb,validation,modernize,SHELLEY_THE_LAST_MAN_021__modernize,SHELLEY_THE_LAST_MAN_021,shelley,shelley,1,543,569,501_575,501_575
diagonal_gaussian_nb,validation,modernize,TWAIN_TOM_SAWYER_013__modernize,TWAIN_TOM_SAWYER_013,twain,twain,1,538,593,501_575,576_650
diagonal_gaussian_nb,validation,modernize,TWAIN_TOM_SAWYER_014__modernize,TWAIN_TOM_SAWYER_014,twain,poe,0,496,566,450_500,501_575
diagonal_gaussian_nb,validation,modernize,TWAIN_TOM_SAWYER_015__modernize,TWAIN_TOM_SAWYER_015,twain,poe,0,464,555,450_500,501_575
diagonal_gaussian_nb,validation,modernize,TWAIN_TOM_SAWYER_016__modernize,TWAIN_TOM_SAWYER_016,twain,austen,0,484,553,450_500,501_575
diagonal_gaussian_nb,validation,modernize,TWAIN_TOM_SAWYER_017__modernize,TWAIN_TOM_SAWYER_017,twain,twain,1,546,556,501_575,501_575
diagonal_gaussian_nb,validation,modernize,TWAIN_TOM_SAWYER_018__modernize,TWAIN_TOM_SAWYER_018,twain,dickens,0,533,568,501_575,501_575
diagonal_gaussian_nb,validation,modernize,TWAIN_TOM_SAWYER_019__modernize,TWAIN_TOM_SAWYER_019,twain,wilde,0,528,581,501_575,576_650
diagonal_gaussian_nb,validation,modernize,TWAIN_TOM_SAWYER_020__modernize,TWAIN_TOM_SAWYER_020,twain,dickens,0,514,564,501_575,501_575
diagonal_gaussian_nb,validation,modernize,TWAIN_TOM_SAWYER_021__modernize,TWAIN_TOM_SAWYER_021,twain,dickens,0,540,557,501_575,501_575
diagonal_gaussian_nb,validation,modernize,WILDE_LORD_ARTHUR_STORIES_013__modernize,WILDE_LORD_ARTHUR_STORIES_013,wilde,wilde,1,486,558,450_500,501_575
diagonal_gaussian_nb,validation,modernize,WILDE_LORD_ARTHUR_STORIES_014__modernize,WILDE_LORD_ARTHUR_STORIES_014,wilde,dickens,0,536,550,501_575,501_575
diagonal_gaussian_nb,validation,modernize,WILDE_LORD_ARTHUR_STORIES_015__modernize,WILDE_LORD_ARTHUR_STORIES_015,wilde,dickens,0,526,589,501_575,576_650
diagonal_gaussian_nb,validation,modernize,WILDE_LORD_ARTHUR_STORIES_016__modernize,WILDE_LORD_ARTHUR_STORIES_016,wilde,shelley,0,559,600,501_575,576_650
diagonal_gaussian_nb,validation,modernize,WILDE_LORD_ARTHUR_STORIES_017__modernize,WILDE_LORD_ARTHUR_STORIES_017,wilde,dickens,0,526,592,501_575,576_650
diagonal_gaussian_nb,validation,modernize,WILDE_LORD_ARTHUR_STORIES_018__modernize,WILDE_LORD_ARTHUR_STORIES_018,wilde,twain,0,542,587,501_575,576_650
diagonal_gaussian_nb,validation,modernize,WILDE_LORD_ARTHUR_STORIES_019__modernize,WILDE_LORD_ARTHUR_STORIES_019,wilde,wilde,1,535,551,501_575,501_575
diagonal_gaussian_nb,validation,modernize,WILDE_LORD_ARTHUR_STORIES_020__modernize,WILDE_LORD_ARTHUR_STORIES_020,wilde,wilde,1,568,583,501_575,576_650
diagonal_gaussian_nb,validation,modernize,WILDE_LORD_ARTHUR_STORIES_021__modernize,WILDE_LORD_ARTHUR_STORIES_021,wilde,dickens,0,516,555,501_575,501_575
diagonal_gaussian_nb,validation,simplify,AUSTEN_PRIDE_AND_PREJUDICE_013__simplify,AUSTEN_PRIDE_AND_PREJUDICE_013,austen,austen,1,482,559,450_500,501_575
diagonal_gaussian_nb,validation,simplify,AUSTEN_PRIDE_AND_PREJUDICE_014__simplify,AUSTEN_PRIDE_AND_PREJUDICE_014,austen,austen,1,492,552,450_500,501_575
diagonal_gaussian_nb,validation,simplify,AUSTEN_PRIDE_AND_PREJUDICE_015__simplify,AUSTEN_PRIDE_AND_PREJUDICE_015,austen,austen,1,493,557,450_500,501_575
diagonal_gaussian_nb,validation,simplify,AUSTEN_PRIDE_AND_PREJUDICE_016__simplify,AUSTEN_PRIDE_AND_PREJUDICE_016,austen,austen,1,576,577,576_650,576_650
diagonal_gaussian_nb,validation,simplify,AUSTEN_PRIDE_AND_PREJUDICE_017__simplify,AUSTEN_PRIDE_AND_PREJUDICE_017,austen,austen,1,512,553,501_575,501_575
diagonal_gaussian_nb,validation,simplify,AUSTEN_PRIDE_AND_PREJUDICE_018__simplify,AUSTEN_PRIDE_AND_PREJUDICE_018,austen,austen,1,552,563,501_575,501_575
diagonal_gaussian_nb,validation,simplify,AUSTEN_PRIDE_AND_PREJUDICE_019__simplify,AUSTEN_PRIDE_AND_PREJUDICE_019,austen,austen,1,536,563,501_575,501_575
diagonal_gaussian_nb,validation,simplify,AUSTEN_PRIDE_AND_PREJUDICE_020__simplify,AUSTEN_PRIDE_AND_PREJUDICE_020,austen,austen,1,530,585,501_575,576_650
diagonal_gaussian_nb,validation,simplify,AUSTEN_PRIDE_AND_PREJUDICE_021__simplify,AUSTEN_PRIDE_AND_PREJUDICE_021,austen,austen,1,557,576,501_575,576_650
diagonal_gaussian_nb,validation,simplify,DICKENS_OLIVER_TWIST_013__simplify,DICKENS_OLIVER_TWIST_013,dickens,wilde,0,529,578,501_575,576_650
diagonal_gaussian_nb,validation,simplify,DICKENS_OLIVER_TWIST_014__simplify,DICKENS_OLIVER_TWIST_014,dickens,dickens,1,507,551,501_575,501_575
diagonal_gaussian_nb,validation,simplify,DICKENS_OLIVER_TWIST_015__simplify,DICKENS_OLIVER_TWIST_015,dickens,wilde,0,496,556,450_500,501_575
diagonal_gaussian_nb,validation,simplify,DICKENS_OLIVER_TWIST_016__simplify,DICKENS_OLIVER_TWIST_016,dickens,wilde,0,522,556,501_575,501_575
diagonal_gaussian_nb,validation,simplify,DICKENS_OLIVER_TWIST_017__simplify,DICKENS_OLIVER_TWIST_017,dickens,wilde,0,473,569,450_500,501_575
diagonal_gaussian_nb,validation,simplify,DICKENS_OLIVER_TWIST_018__simplify,DICKENS_OLIVER_TWIST_018,dickens,dickens,1,541,560,501_575,501_575
diagonal_gaussian_nb,validation,simplify,DICKENS_OLIVER_TWIST_019__simplify,DICKENS_OLIVER_TWIST_019,dickens,dickens,1,530,558,501_575,501_575
diagonal_gaussian_nb,validation,simplify,DICKENS_OLIVER_TWIST_020__simplify,DICKENS_OLIVER_TWIST_020,dickens,dickens,1,524,551,501_575,501_575
diagonal_gaussian_nb,validation,simplify,DICKENS_OLIVER_TWIST_021__simplify,DICKENS_OLIVER_TWIST_021,dickens,austen,0,588,571,576_650,501_575
diagonal_gaussian_nb,validation,simplify,POE_WORKS_VOLUME_2_013__simplify,POE_WORKS_VOLUME_2_013,poe,shelley,0,508,581,501_575,576_650
diagonal_gaussian_nb,validation,simplify,POE_WORKS_VOLUME_2_014__simplify,POE_WORKS_VOLUME_2_014,poe,dickens,0,445,557,outside_bands,501_575
diagonal_gaussian_nb,validation,simplify,POE_WORKS_VOLUME_2_015__simplify,POE_WORKS_VOLUME_2_015,poe,shelley,0,513,561,501_575,501_575
diagonal_gaussian_nb,validation,simplify,POE_WORKS_VOLUME_2_016__simplify,POE_WORKS_VOLUME_2_016,poe,dickens,0,486,553,450_500,501_575
diagonal_gaussian_nb,validation,simplify,POE_WORKS_VOLUME_2_017__simplify,POE_WORKS_VOLUME_2_017,poe,wilde,0,469,581,450_500,576_650
diagonal_gaussian_nb,validation,simplify,POE_WORKS_VOLUME_2_018__simplify,POE_WORKS_VOLUME_2_018,poe,wilde,0,483,550,450_500,501_575
diagonal_gaussian_nb,validation,simplify,POE_WORKS_VOLUME_2_019__simplify,POE_WORKS_VOLUME_2_019,poe,shelley,0,518,561,501_575,501_575
diagonal_gaussian_nb,validation,simplify,POE_WORKS_VOLUME_2_020__simplify,POE_WORKS_VOLUME_2_020,poe,dickens,0,530,562,501_575,501_575
diagonal_gaussian_nb,validation,simplify,POE_WORKS_VOLUME_2_021__simplify,POE_WORKS_VOLUME_2_021,poe,poe,1,523,577,501_575,576_650
diagonal_gaussian_nb,validation,simplify,SHELLEY_THE_LAST_MAN_013__simplify,SHELLEY_THE_LAST_MAN_013,shelley,shelley,1,513,558,501_575,501_575
diagonal_gaussian_nb,validation,simplify,SHELLEY_THE_LAST_MAN_014__simplify,SHELLEY_THE_LAST_MAN_014,shelley,shelley,1,585,570,576_650,501_575
diagonal_gaussian_nb,validation,simplify,SHELLEY_THE_LAST_MAN_015__simplify,SHELLEY_THE_LAST_MAN_015,shelley,poe,0,520,594,501_575,576_650
diagonal_gaussian_nb,validation,simplify,SHELLEY_THE_LAST_MAN_016__simplify,SHELLEY_THE_LAST_MAN_016,shelley,shelley,1,566,561,501_575,501_575
diagonal_gaussian_nb,validation,simplify,SHELLEY_THE_LAST_MAN_017__simplify,SHELLEY_THE_LAST_MAN_017,shelley,shelley,1,521,562,501_575,501_575
diagonal_gaussian_nb,validation,simplify,SHELLEY_THE_LAST_MAN_018__simplify,SHELLEY_THE_LAST_MAN_018,shelley,shelley,1,483,566,450_500,501_575
diagonal_gaussian_nb,validation,simplify,SHELLEY_THE_LAST_MAN_019__simplify,SHELLEY_THE_LAST_MAN_019,shelley,wilde,0,491,585,450_500,576_650
diagonal_gaussian_nb,validation,simplify,SHELLEY_THE_LAST_MAN_020__simplify,SHELLEY_THE_LAST_MAN_020,shelley,shelley,1,513,559,501_575,501_575
diagonal_gaussian_nb,validation,simplify,SHELLEY_THE_LAST_MAN_021__simplify,SHELLEY_THE_LAST_MAN_021,shelley,shelley,1,540,569,501_575,501_575
diagonal_gaussian_nb,validation,simplify,TWAIN_TOM_SAWYER_013__simplify,TWAIN_TOM_SAWYER_013,twain,twain,1,550,593,501_575,576_650
diagonal_gaussian_nb,validation,simplify,TWAIN_TOM_SAWYER_014__simplify,TWAIN_TOM_SAWYER_014,twain,dickens,0,513,566,501_575,501_575
diagonal_gaussian_nb,validation,simplify,TWAIN_TOM_SAWYER_015__simplify,TWAIN_TOM_SAWYER_015,twain,poe,0,450,555,450_500,501_575
diagonal_gaussian_nb,validation,simplify,TWAIN_TOM_SAWYER_016__simplify,TWAIN_TOM_SAWYER_016,twain,austen,0,504,553,501_575,501_575
diagonal_gaussian_nb,validation,simplify,TWAIN_TOM_SAWYER_017__simplify,TWAIN_TOM_SAWYER_017,twain,twain,1,541,556,501_575,501_575
diagonal_gaussian_nb,validation,simplify,TWAIN_TOM_SAWYER_018__simplify,TWAIN_TOM_SAWYER_018,twain,dickens,0,499,568,450_500,501_575
diagonal_gaussian_nb,validation,simplify,TWAIN_TOM_SAWYER_019__simplify,TWAIN_TOM_SAWYER_019,twain,wilde,0,510,581,501_575,576_650
diagonal_gaussian_nb,validation,simplify,TWAIN_TOM_SAWYER_020__simplify,TWAIN_TOM_SAWYER_020,twain,dickens,0,522,564,501_575,501_575
diagonal_gaussian_nb,validation,simplify,TWAIN_TOM_SAWYER_021__simplify,TWAIN_TOM_SAWYER_021,twain,wilde,0,576,557,576_650,501_575
diagonal_gaussian_nb,validation,simplify,WILDE_LORD_ARTHUR_STORIES_013__simplify,WILDE_LORD_ARTHUR_STORIES_013,wilde,wilde,1,461,558,450_500,501_575
diagonal_gaussian_nb,validation,simplify,WILDE_LORD_ARTHUR_STORIES_014__simplify,WILDE_LORD_ARTHUR_STORIES_014,wilde,austen,0,541,550,501_575,501_575
diagonal_gaussian_nb,validation,simplify,WILDE_LORD_ARTHUR_STORIES_015__simplify,WILDE_LORD_ARTHUR_STORIES_015,wilde,wilde,1,548,589,501_575,576_650
diagonal_gaussian_nb,validation,simplify,WILDE_LORD_ARTHUR_STORIES_016__simplify,WILDE_LORD_ARTHUR_STORIES_016,wilde,wilde,1,488,600,450_500,576_650
diagonal_gaussian_nb,validation,simplify,WILDE_LORD_ARTHUR_STORIES_017__simplify,WILDE_LORD_ARTHUR_STORIES_017,wilde,wilde,1,550,592,501_575,576_650
diagonal_gaussian_nb,validation,simplify,WILDE_LORD_ARTHUR_STORIES_018__simplify,WILDE_LORD_ARTHUR_STORIES_018,wilde,twain,0,536,587,501_575,576_650
diagonal_gaussian_nb,validation,simplify,WILDE_LORD_ARTHUR_STORIES_019__simplify,WILDE_LORD_ARTHUR_STORIES_019,wilde,wilde,1,535,551,501_575,501_575
diagonal_gaussian_nb,validation,simplify,WILDE_LORD_ARTHUR_STORIES_020__simplify,WILDE_LORD_ARTHUR_STORIES_020,wilde,wilde,1,563,583,501_575,576_650
diagonal_gaussian_nb,validation,simplify,WILDE_LORD_ARTHUR_STORIES_021__simplify,WILDE_LORD_ARTHUR_STORIES_021,wilde,wilde,1,508,555,501_575,501_575
diagonal_gaussian_nb,test,original,AUSTEN_PRIDE_AND_PREJUDICE_022__original,AUSTEN_PRIDE_AND_PREJUDICE_022,austen,austen,1,578,578,576_650,576_650
diagonal_gaussian_nb,test,original,AUSTEN_PRIDE_AND_PREJUDICE_023__original,AUSTEN_PRIDE_AND_PREJUDICE_023,austen,austen,1,562,562,501_575,501_575
diagonal_gaussian_nb,test,original,AUSTEN_PRIDE_AND_PREJUDICE_024__original,AUSTEN_PRIDE_AND_PREJUDICE_024,austen,austen,1,575,575,501_575,501_575
diagonal_gaussian_nb,test,original,AUSTEN_PRIDE_AND_PREJUDICE_025__original,AUSTEN_PRIDE_AND_PREJUDICE_025,austen,austen,1,570,570,501_575,501_575
diagonal_gaussian_nb,test,original,AUSTEN_PRIDE_AND_PREJUDICE_026__original,AUSTEN_PRIDE_AND_PREJUDICE_026,austen,austen,1,551,551,501_575,501_575
diagonal_gaussian_nb,test,original,AUSTEN_PRIDE_AND_PREJUDICE_027__original,AUSTEN_PRIDE_AND_PREJUDICE_027,austen,austen,1,565,565,501_575,501_575
diagonal_gaussian_nb,test,original,AUSTEN_PRIDE_AND_PREJUDICE_028__original,AUSTEN_PRIDE_AND_PREJUDICE_028,austen,austen,1,572,572,501_575,501_575
diagonal_gaussian_nb,test,original,AUSTEN_PRIDE_AND_PREJUDICE_029__original,AUSTEN_PRIDE_AND_PREJUDICE_029,austen,austen,1,577,577,576_650,576_650
diagonal_gaussian_nb,test,original,AUSTEN_PRIDE_AND_PREJUDICE_030__original,AUSTEN_PRIDE_AND_PREJUDICE_030,austen,austen,1,558,558,501_575,501_575
diagonal_gaussian_nb,test,original,DICKENS_OLIVER_TWIST_022__original,DICKENS_OLIVER_TWIST_022,dickens,dickens,1,566,566,501_575,501_575
diagonal_gaussian_nb,test,original,DICKENS_OLIVER_TWIST_023__original,DICKENS_OLIVER_TWIST_023,dickens,austen,0,564,564,501_575,501_575
diagonal_gaussian_nb,test,original,DICKENS_OLIVER_TWIST_024__original,DICKENS_OLIVER_TWIST_024,dickens,dickens,1,573,573,501_575,501_575
diagonal_gaussian_nb,test,original,DICKENS_OLIVER_TWIST_025__original,DICKENS_OLIVER_TWIST_025,dickens,dickens,1,551,551,501_575,501_575
diagonal_gaussian_nb,test,original,DICKENS_OLIVER_TWIST_026__original,DICKENS_OLIVER_TWIST_026,dickens,dickens,1,594,594,576_650,576_650
diagonal_gaussian_nb,test,original,DICKENS_OLIVER_TWIST_027__original,DICKENS_OLIVER_TWIST_027,dickens,dickens,1,564,564,501_575,501_575
diagonal_gaussian_nb,test,original,DICKENS_OLIVER_TWIST_028__original,DICKENS_OLIVER_TWIST_028,dickens,dickens,1,551,551,501_575,501_575
diagonal_gaussian_nb,test,original,DICKENS_OLIVER_TWIST_029__original,DICKENS_OLIVER_TWIST_029,dickens,dickens,1,592,592,576_650,576_650
diagonal_gaussian_nb,test,original,DICKENS_OLIVER_TWIST_030__original,DICKENS_OLIVER_TWIST_030,dickens,dickens,1,550,550,501_575,501_575
diagonal_gaussian_nb,test,original,POE_WORKS_VOLUME_2_022__original,POE_WORKS_VOLUME_2_022,poe,poe,1,579,579,576_650,576_650
diagonal_gaussian_nb,test,original,POE_WORKS_VOLUME_2_023__original,POE_WORKS_VOLUME_2_023,poe,shelley,0,556,556,501_575,501_575
diagonal_gaussian_nb,test,original,POE_WORKS_VOLUME_2_024__original,POE_WORKS_VOLUME_2_024,poe,poe,1,555,555,501_575,501_575
diagonal_gaussian_nb,test,original,POE_WORKS_VOLUME_2_025__original,POE_WORKS_VOLUME_2_025,poe,poe,1,558,558,501_575,501_575
diagonal_gaussian_nb,test,original,POE_WORKS_VOLUME_2_026__original,POE_WORKS_VOLUME_2_026,poe,poe,1,595,595,576_650,576_650
diagonal_gaussian_nb,test,original,POE_WORKS_VOLUME_2_027__original,POE_WORKS_VOLUME_2_027,poe,poe,1,550,550,501_575,501_575
diagonal_gaussian_nb,test,original,POE_WORKS_VOLUME_2_028__original,POE_WORKS_VOLUME_2_028,poe,twain,0,553,553,501_575,501_575
diagonal_gaussian_nb,test,original,POE_WORKS_VOLUME_2_029__original,POE_WORKS_VOLUME_2_029,poe,shelley,0,559,559,501_575,501_575
diagonal_gaussian_nb,test,original,POE_WORKS_VOLUME_2_030__original,POE_WORKS_VOLUME_2_030,poe,poe,1,555,555,501_575,501_575
diagonal_gaussian_nb,test,original,SHELLEY_THE_LAST_MAN_022__original,SHELLEY_THE_LAST_MAN_022,shelley,shelley,1,556,556,501_575,501_575
diagonal_gaussian_nb,test,original,SHELLEY_THE_LAST_MAN_023__original,SHELLEY_THE_LAST_MAN_023,shelley,shelley,1,555,555,501_575,501_575
diagonal_gaussian_nb,test,original,SHELLEY_THE_LAST_MAN_024__original,SHELLEY_THE_LAST_MAN_024,shelley,shelley,1,572,572,501_575,501_575
diagonal_gaussian_nb,test,original,SHELLEY_THE_LAST_MAN_025__original,SHELLEY_THE_LAST_MAN_025,shelley,shelley,1,554,554,501_575,501_575
diagonal_gaussian_nb,test,original,SHELLEY_THE_LAST_MAN_026__original,SHELLEY_THE_LAST_MAN_026,shelley,shelley,1,556,556,501_575,501_575
diagonal_gaussian_nb,test,original,SHELLEY_THE_LAST_MAN_027__original,SHELLEY_THE_LAST_MAN_027,shelley,shelley,1,550,550,501_575,501_575
diagonal_gaussian_nb,test,original,SHELLEY_THE_LAST_MAN_028__original,SHELLEY_THE_LAST_MAN_028,shelley,poe,0,573,573,501_575,501_575
diagonal_gaussian_nb,test,original,SHELLEY_THE_LAST_MAN_029__original,SHELLEY_THE_LAST_MAN_029,shelley,dickens,0,600,600,576_650,576_650
diagonal_gaussian_nb,test,original,SHELLEY_THE_LAST_MAN_030__original,SHELLEY_THE_LAST_MAN_030,shelley,poe,0,576,576,576_650,576_650
diagonal_gaussian_nb,test,original,TWAIN_TOM_SAWYER_022__original,TWAIN_TOM_SAWYER_022,twain,twain,1,555,555,501_575,501_575
diagonal_gaussian_nb,test,original,TWAIN_TOM_SAWYER_023__original,TWAIN_TOM_SAWYER_023,twain,twain,1,552,552,501_575,501_575
diagonal_gaussian_nb,test,original,TWAIN_TOM_SAWYER_024__original,TWAIN_TOM_SAWYER_024,twain,dickens,0,555,555,501_575,501_575
diagonal_gaussian_nb,test,original,TWAIN_TOM_SAWYER_025__original,TWAIN_TOM_SAWYER_025,twain,twain,1,580,580,576_650,576_650
diagonal_gaussian_nb,test,original,TWAIN_TOM_SAWYER_026__original,TWAIN_TOM_SAWYER_026,twain,dickens,0,569,569,501_575,501_575
diagonal_gaussian_nb,test,original,TWAIN_TOM_SAWYER_027__original,TWAIN_TOM_SAWYER_027,twain,twain,1,553,553,501_575,501_575
diagonal_gaussian_nb,test,original,TWAIN_TOM_SAWYER_028__original,TWAIN_TOM_SAWYER_028,twain,dickens,0,576,576,576_650,576_650
diagonal_gaussian_nb,test,original,TWAIN_TOM_SAWYER_029__original,TWAIN_TOM_SAWYER_029,twain,twain,1,552,552,501_575,501_575
diagonal_gaussian_nb,test,original,TWAIN_TOM_SAWYER_030__original,TWAIN_TOM_SAWYER_030,twain,twain,1,553,553,501_575,501_575
diagonal_gaussian_nb,test,original,WILDE_LORD_ARTHUR_STORIES_022__original,WILDE_LORD_ARTHUR_STORIES_022,wilde,wilde,1,550,550,501_575,501_575
diagonal_gaussian_nb,test,original,WILDE_LORD_ARTHUR_STORIES_023__original,WILDE_LORD_ARTHUR_STORIES_023,wilde,shelley,0,591,591,576_650,576_650
diagonal_gaussian_nb,test,original,WILDE_LORD_ARTHUR_STORIES_024__original,WILDE_LORD_ARTHUR_STORIES_024,wilde,wilde,1,574,574,501_575,501_575
diagonal_gaussian_nb,test,original,WILDE_LORD_ARTHUR_STORIES_025__original,WILDE_LORD_ARTHUR_STORIES_025,wilde,wilde,1,557,557,501_575,501_575
diagonal_gaussian_nb,test,original,WILDE_LORD_ARTHUR_STORIES_026__original,WILDE_LORD_ARTHUR_STORIES_026,wilde,wilde,1,550,550,501_575,501_575
diagonal_gaussian_nb,test,original,WILDE_LORD_ARTHUR_STORIES_027__original,WILDE_LORD_ARTHUR_STORIES_027,wilde,shelley,0,578,578,576_650,576_650
diagonal_gaussian_nb,test,original,WILDE_LORD_ARTHUR_STORIES_028__original,WILDE_LORD_ARTHUR_STORIES_028,wilde,wilde,1,562,562,501_575,501_575
diagonal_gaussian_nb,test,original,WILDE_LORD_ARTHUR_STORIES_029__original,WILDE_LORD_ARTHUR_STORIES_029,wilde,shelley,0,562,562,501_575,501_575
diagonal_gaussian_nb,test,original,WILDE_LORD_ARTHUR_STORIES_030__original,WILDE_LORD_ARTHUR_STORIES_030,wilde,wilde,1,561,561,501_575,501_575
diagonal_gaussian_nb,test,paraphrase,AUSTEN_PRIDE_AND_PREJUDICE_022__paraphrase,AUSTEN_PRIDE_AND_PREJUDICE_022,austen,wilde,0,415,578,outside_bands,576_650
diagonal_gaussian_nb,test,paraphrase,AUSTEN_PRIDE_AND_PREJUDICE_023__paraphrase,AUSTEN_PRIDE_AND_PREJUDICE_023,austen,austen,1,525,562,501_575,501_575
diagonal_gaussian_nb,test,paraphrase,AUSTEN_PRIDE_AND_PREJUDICE_024__paraphrase,AUSTEN_PRIDE_AND_PREJUDICE_024,austen,austen,1,509,575,501_575,501_575
diagonal_gaussian_nb,test,paraphrase,AUSTEN_PRIDE_AND_PREJUDICE_025__paraphrase,AUSTEN_PRIDE_AND_PREJUDICE_025,austen,wilde,0,453,570,450_500,501_575
diagonal_gaussian_nb,test,paraphrase,AUSTEN_PRIDE_AND_PREJUDICE_026__paraphrase,AUSTEN_PRIDE_AND_PREJUDICE_026,austen,austen,1,524,551,501_575,501_575
diagonal_gaussian_nb,test,paraphrase,AUSTEN_PRIDE_AND_PREJUDICE_027__paraphrase,AUSTEN_PRIDE_AND_PREJUDICE_027,austen,austen,1,521,565,501_575,501_575
diagonal_gaussian_nb,test,paraphrase,AUSTEN_PRIDE_AND_PREJUDICE_028__paraphrase,AUSTEN_PRIDE_AND_PREJUDICE_028,austen,austen,1,536,572,501_575,501_575
diagonal_gaussian_nb,test,paraphrase,AUSTEN_PRIDE_AND_PREJUDICE_029__paraphrase,AUSTEN_PRIDE_AND_PREJUDICE_029,austen,austen,1,572,577,501_575,576_650
diagonal_gaussian_nb,test,paraphrase,AUSTEN_PRIDE_AND_PREJUDICE_030__paraphrase,AUSTEN_PRIDE_AND_PREJUDICE_030,austen,austen,1,509,558,501_575,501_575
diagonal_gaussian_nb,test,paraphrase,DICKENS_OLIVER_TWIST_022__paraphrase,DICKENS_OLIVER_TWIST_022,dickens,dickens,1,557,566,501_575,501_575
diagonal_gaussian_nb,test,paraphrase,DICKENS_OLIVER_TWIST_023__paraphrase,DICKENS_OLIVER_TWIST_023,dickens,wilde,0,470,564,450_500,501_575
diagonal_gaussian_nb,test,paraphrase,DICKENS_OLIVER_TWIST_024__paraphrase,DICKENS_OLIVER_TWIST_024,dickens,wilde,0,537,573,501_575,501_575
diagonal_gaussian_nb,test,paraphrase,DICKENS_OLIVER_TWIST_025__paraphrase,DICKENS_OLIVER_TWIST_025,dickens,wilde,0,498,551,450_500,501_575
diagonal_gaussian_nb,test,paraphrase,DICKENS_OLIVER_TWIST_026__paraphrase,DICKENS_OLIVER_TWIST_026,dickens,dickens,1,565,594,501_575,576_650
diagonal_gaussian_nb,test,paraphrase,DICKENS_OLIVER_TWIST_027__paraphrase,DICKENS_OLIVER_TWIST_027,dickens,wilde,0,574,564,501_575,501_575
diagonal_gaussian_nb,test,paraphrase,DICKENS_OLIVER_TWIST_028__paraphrase,DICKENS_OLIVER_TWIST_028,dickens,wilde,0,552,551,501_575,501_575
diagonal_gaussian_nb,test,paraphrase,DICKENS_OLIVER_TWIST_029__paraphrase,DICKENS_OLIVER_TWIST_029,dickens,shelley,0,559,592,501_575,576_650
diagonal_gaussian_nb,test,paraphrase,DICKENS_OLIVER_TWIST_030__paraphrase,DICKENS_OLIVER_TWIST_030,dickens,dickens,1,478,550,450_500,501_575
diagonal_gaussian_nb,test,paraphrase,POE_WORKS_VOLUME_2_022__paraphrase,POE_WORKS_VOLUME_2_022,poe,shelley,0,561,579,501_575,576_650
diagonal_gaussian_nb,test,paraphrase,POE_WORKS_VOLUME_2_023__paraphrase,POE_WORKS_VOLUME_2_023,poe,poe,1,539,556,501_575,501_575
diagonal_gaussian_nb,test,paraphrase,POE_WORKS_VOLUME_2_024__paraphrase,POE_WORKS_VOLUME_2_024,poe,poe,1,482,555,450_500,501_575
diagonal_gaussian_nb,test,paraphrase,POE_WORKS_VOLUME_2_025__paraphrase,POE_WORKS_VOLUME_2_025,poe,poe,1,518,558,501_575,501_575
diagonal_gaussian_nb,test,paraphrase,POE_WORKS_VOLUME_2_026__paraphrase,POE_WORKS_VOLUME_2_026,poe,shelley,0,490,595,450_500,576_650
diagonal_gaussian_nb,test,paraphrase,POE_WORKS_VOLUME_2_027__paraphrase,POE_WORKS_VOLUME_2_027,poe,poe,1,492,550,450_500,501_575
diagonal_gaussian_nb,test,paraphrase,POE_WORKS_VOLUME_2_028__paraphrase,POE_WORKS_VOLUME_2_028,poe,austen,0,555,553,501_575,501_575
diagonal_gaussian_nb,test,paraphrase,POE_WORKS_VOLUME_2_029__paraphrase,POE_WORKS_VOLUME_2_029,poe,shelley,0,516,559,501_575,501_575
diagonal_gaussian_nb,test,paraphrase,POE_WORKS_VOLUME_2_030__paraphrase,POE_WORKS_VOLUME_2_030,poe,poe,1,416,555,outside_bands,501_575
diagonal_gaussian_nb,test,paraphrase,SHELLEY_THE_LAST_MAN_022__paraphrase,SHELLEY_THE_LAST_MAN_022,shelley,shelley,1,548,556,501_575,501_575
diagonal_gaussian_nb,test,paraphrase,SHELLEY_THE_LAST_MAN_023__paraphrase,SHELLEY_THE_LAST_MAN_023,shelley,shelley,1,528,555,501_575,501_575
diagonal_gaussian_nb,test,paraphrase,SHELLEY_THE_LAST_MAN_024__paraphrase,SHELLEY_THE_LAST_MAN_024,shelley,shelley,1,519,572,501_575,501_575
diagonal_gaussian_nb,test,paraphrase,SHELLEY_THE_LAST_MAN_025__paraphrase,SHELLEY_THE_LAST_MAN_025,shelley,shelley,1,528,554,501_575,501_575
diagonal_gaussian_nb,test,paraphrase,SHELLEY_THE_LAST_MAN_026__paraphrase,SHELLEY_THE_LAST_MAN_026,shelley,wilde,0,549,556,501_575,501_575
diagonal_gaussian_nb,test,paraphrase,SHELLEY_THE_LAST_MAN_027__paraphrase,SHELLEY_THE_LAST_MAN_027,shelley,poe,0,506,550,501_575,501_575
diagonal_gaussian_nb,test,paraphrase,SHELLEY_THE_LAST_MAN_028__paraphrase,SHELLEY_THE_LAST_MAN_028,shelley,poe,0,587,573,576_650,501_575
diagonal_gaussian_nb,test,paraphrase,SHELLEY_THE_LAST_MAN_029__paraphrase,SHELLEY_THE_LAST_MAN_029,shelley,poe,0,613,600,576_650,576_650
diagonal_gaussian_nb,test,paraphrase,SHELLEY_THE_LAST_MAN_030__paraphrase,SHELLEY_THE_LAST_MAN_030,shelley,shelley,1,561,576,501_575,576_650
diagonal_gaussian_nb,test,paraphrase,TWAIN_TOM_SAWYER_022__paraphrase,TWAIN_TOM_SAWYER_022,twain,dickens,0,556,555,501_575,501_575
diagonal_gaussian_nb,test,paraphrase,TWAIN_TOM_SAWYER_023__paraphrase,TWAIN_TOM_SAWYER_023,twain,wilde,0,570,552,501_575,501_575
diagonal_gaussian_nb,test,paraphrase,TWAIN_TOM_SAWYER_024__paraphrase,TWAIN_TOM_SAWYER_024,twain,dickens,0,539,555,501_575,501_575
diagonal_gaussian_nb,test,paraphrase,TWAIN_TOM_SAWYER_025__paraphrase,TWAIN_TOM_SAWYER_025,twain,dickens,0,569,580,501_575,576_650
diagonal_gaussian_nb,test,paraphrase,TWAIN_TOM_SAWYER_026__paraphrase,TWAIN_TOM_SAWYER_026,twain,dickens,0,510,569,501_575,501_575
diagonal_gaussian_nb,test,paraphrase,TWAIN_TOM_SAWYER_027__paraphrase,TWAIN_TOM_SAWYER_027,twain,austen,0,536,553,501_575,501_575
diagonal_gaussian_nb,test,paraphrase,TWAIN_TOM_SAWYER_028__paraphrase,TWAIN_TOM_SAWYER_028,twain,wilde,0,501,576,501_575,576_650
diagonal_gaussian_nb,test,paraphrase,TWAIN_TOM_SAWYER_029__paraphrase,TWAIN_TOM_SAWYER_029,twain,wilde,0,525,552,501_575,501_575
diagonal_gaussian_nb,test,paraphrase,TWAIN_TOM_SAWYER_030__paraphrase,TWAIN_TOM_SAWYER_030,twain,austen,0,540,553,501_575,501_575
diagonal_gaussian_nb,test,paraphrase,WILDE_LORD_ARTHUR_STORIES_022__paraphrase,WILDE_LORD_ARTHUR_STORIES_022,wilde,wilde,1,480,550,450_500,501_575
diagonal_gaussian_nb,test,paraphrase,WILDE_LORD_ARTHUR_STORIES_023__paraphrase,WILDE_LORD_ARTHUR_STORIES_023,wilde,shelley,0,559,591,501_575,576_650
diagonal_gaussian_nb,test,paraphrase,WILDE_LORD_ARTHUR_STORIES_024__paraphrase,WILDE_LORD_ARTHUR_STORIES_024,wilde,poe,0,451,574,450_500,501_575
diagonal_gaussian_nb,test,paraphrase,WILDE_LORD_ARTHUR_STORIES_025__paraphrase,WILDE_LORD_ARTHUR_STORIES_025,wilde,wilde,1,520,557,501_575,501_575
diagonal_gaussian_nb,test,paraphrase,WILDE_LORD_ARTHUR_STORIES_026__paraphrase,WILDE_LORD_ARTHUR_STORIES_026,wilde,wilde,1,509,550,501_575,501_575
diagonal_gaussian_nb,test,paraphrase,WILDE_LORD_ARTHUR_STORIES_027__paraphrase,WILDE_LORD_ARTHUR_STORIES_027,wilde,shelley,0,547,578,501_575,576_650
diagonal_gaussian_nb,test,paraphrase,WILDE_LORD_ARTHUR_STORIES_028__paraphrase,WILDE_LORD_ARTHUR_STORIES_028,wilde,wilde,1,453,562,450_500,501_575
diagonal_gaussian_nb,test,paraphrase,WILDE_LORD_ARTHUR_STORIES_029__paraphrase,WILDE_LORD_ARTHUR_STORIES_029,wilde,shelley,0,532,562,501_575,501_575
diagonal_gaussian_nb,test,paraphrase,WILDE_LORD_ARTHUR_STORIES_030__paraphrase,WILDE_LORD_ARTHUR_STORIES_030,wilde,wilde,1,545,561,501_575,501_575
diagonal_gaussian_nb,test,modernize,AUSTEN_PRIDE_AND_PREJUDICE_022__modernize,AUSTEN_PRIDE_AND_PREJUDICE_022,austen,austen,1,573,578,501_575,576_650
diagonal_gaussian_nb,test,modernize,AUSTEN_PRIDE_AND_PREJUDICE_023__modernize,AUSTEN_PRIDE_AND_PREJUDICE_023,austen,austen,1,558,562,501_575,501_575
diagonal_gaussian_nb,test,modernize,AUSTEN_PRIDE_AND_PREJUDICE_024__modernize,AUSTEN_PRIDE_AND_PREJUDICE_024,austen,austen,1,551,575,501_575,501_575
diagonal_gaussian_nb,test,modernize,AUSTEN_PRIDE_AND_PREJUDICE_025__modernize,AUSTEN_PRIDE_AND_PREJUDICE_025,austen,wilde,0,527,570,501_575,501_575
diagonal_gaussian_nb,test,modernize,AUSTEN_PRIDE_AND_PREJUDICE_026__modernize,AUSTEN_PRIDE_AND_PREJUDICE_026,austen,austen,1,542,551,501_575,501_575
diagonal_gaussian_nb,test,modernize,AUSTEN_PRIDE_AND_PREJUDICE_027__modernize,AUSTEN_PRIDE_AND_PREJUDICE_027,austen,dickens,0,501,565,501_575,501_575
diagonal_gaussian_nb,test,modernize,AUSTEN_PRIDE_AND_PREJUDICE_028__modernize,AUSTEN_PRIDE_AND_PREJUDICE_028,austen,austen,1,574,572,501_575,501_575
diagonal_gaussian_nb,test,modernize,AUSTEN_PRIDE_AND_PREJUDICE_029__modernize,AUSTEN_PRIDE_AND_PREJUDICE_029,austen,austen,1,587,577,576_650,576_650
diagonal_gaussian_nb,test,modernize,AUSTEN_PRIDE_AND_PREJUDICE_030__modernize,AUSTEN_PRIDE_AND_PREJUDICE_030,austen,austen,1,541,558,501_575,501_575
diagonal_gaussian_nb,test,modernize,DICKENS_OLIVER_TWIST_022__modernize,DICKENS_OLIVER_TWIST_022,dickens,dickens,1,565,566,501_575,501_575
diagonal_gaussian_nb,test,modernize,DICKENS_OLIVER_TWIST_023__modernize,DICKENS_OLIVER_TWIST_023,dickens,austen,0,499,564,450_500,501_575
diagonal_gaussian_nb,test,modernize,DICKENS_OLIVER_TWIST_024__modernize,DICKENS_OLIVER_TWIST_024,dickens,dickens,1,530,573,501_575,501_575
diagonal_gaussian_nb,test,modernize,DICKENS_OLIVER_TWIST_025__modernize,DICKENS_OLIVER_TWIST_025,dickens,dickens,1,511,551,501_575,501_575
diagonal_gaussian_nb,test,modernize,DICKENS_OLIVER_TWIST_026__modernize,DICKENS_OLIVER_TWIST_026,dickens,dickens,1,571,594,501_575,576_650
diagonal_gaussian_nb,test,modernize,DICKENS_OLIVER_TWIST_027__modernize,DICKENS_OLIVER_TWIST_027,dickens,dickens,1,560,564,501_575,501_575
diagonal_gaussian_nb,test,modernize,DICKENS_OLIVER_TWIST_028__modernize,DICKENS_OLIVER_TWIST_028,dickens,wilde,0,544,551,501_575,501_575
diagonal_gaussian_nb,test,modernize,DICKENS_OLIVER_TWIST_029__modernize,DICKENS_OLIVER_TWIST_029,dickens,dickens,1,538,592,501_575,576_650
diagonal_gaussian_nb,test,modernize,DICKENS_OLIVER_TWIST_030__modernize,DICKENS_OLIVER_TWIST_030,dickens,dickens,1,503,550,501_575,501_575
diagonal_gaussian_nb,test,modernize,POE_WORKS_VOLUME_2_022__modernize,POE_WORKS_VOLUME_2_022,poe,shelley,0,530,579,501_575,576_650
diagonal_gaussian_nb,test,modernize,POE_WORKS_VOLUME_2_023__modernize,POE_WORKS_VOLUME_2_023,poe,shelley,0,536,556,501_575,501_575
diagonal_gaussian_nb,test,modernize,POE_WORKS_VOLUME_2_024__modernize,POE_WORKS_VOLUME_2_024,poe,poe,1,544,555,501_575,501_575
diagonal_gaussian_nb,test,modernize,POE_WORKS_VOLUME_2_025__modernize,POE_WORKS_VOLUME_2_025,poe,shelley,0,558,558,501_575,501_575
diagonal_gaussian_nb,test,modernize,POE_WORKS_VOLUME_2_026__modernize,POE_WORKS_VOLUME_2_026,poe,shelley,0,535,595,501_575,576_650
diagonal_gaussian_nb,test,modernize,POE_WORKS_VOLUME_2_027__modernize,POE_WORKS_VOLUME_2_027,poe,shelley,0,536,550,501_575,501_575
diagonal_gaussian_nb,test,modernize,POE_WORKS_VOLUME_2_028__modernize,POE_WORKS_VOLUME_2_028,poe,dickens,0,537,553,501_575,501_575
diagonal_gaussian_nb,test,modernize,POE_WORKS_VOLUME_2_029__modernize,POE_WORKS_VOLUME_2_029,poe,shelley,0,526,559,501_575,501_575
diagonal_gaussian_nb,test,modernize,POE_WORKS_VOLUME_2_030__modernize,POE_WORKS_VOLUME_2_030,poe,poe,1,452,555,450_500,501_575
diagonal_gaussian_nb,test,modernize,SHELLEY_THE_LAST_MAN_022__modernize,SHELLEY_THE_LAST_MAN_022,shelley,shelley,1,556,556,501_575,501_575
diagonal_gaussian_nb,test,modernize,SHELLEY_THE_LAST_MAN_023__modernize,SHELLEY_THE_LAST_MAN_023,shelley,shelley,1,509,555,501_575,501_575
diagonal_gaussian_nb,test,modernize,SHELLEY_THE_LAST_MAN_024__modernize,SHELLEY_THE_LAST_MAN_024,shelley,shelley,1,531,572,501_575,501_575
diagonal_gaussian_nb,test,modernize,SHELLEY_THE_LAST_MAN_025__modernize,SHELLEY_THE_LAST_MAN_025,shelley,shelley,1,532,554,501_575,501_575
diagonal_gaussian_nb,test,modernize,SHELLEY_THE_LAST_MAN_026__modernize,SHELLEY_THE_LAST_MAN_026,shelley,dickens,0,562,556,501_575,501_575
diagonal_gaussian_nb,test,modernize,SHELLEY_THE_LAST_MAN_027__modernize,SHELLEY_THE_LAST_MAN_027,shelley,poe,0,551,550,501_575,501_575
diagonal_gaussian_nb,test,modernize,SHELLEY_THE_LAST_MAN_028__modernize,SHELLEY_THE_LAST_MAN_028,shelley,poe,0,588,573,576_650,501_575
diagonal_gaussian_nb,test,modernize,SHELLEY_THE_LAST_MAN_029__modernize,SHELLEY_THE_LAST_MAN_029,shelley,poe,0,593,600,576_650,576_650
diagonal_gaussian_nb,test,modernize,SHELLEY_THE_LAST_MAN_030__modernize,SHELLEY_THE_LAST_MAN_030,shelley,shelley,1,551,576,501_575,576_650
diagonal_gaussian_nb,test,modernize,TWAIN_TOM_SAWYER_022__modernize,TWAIN_TOM_SAWYER_022,twain,dickens,0,543,555,501_575,501_575
diagonal_gaussian_nb,test,modernize,TWAIN_TOM_SAWYER_023__modernize,TWAIN_TOM_SAWYER_023,twain,twain,1,550,552,501_575,501_575
diagonal_gaussian_nb,test,modernize,TWAIN_TOM_SAWYER_024__modernize,TWAIN_TOM_SAWYER_024,twain,dickens,0,547,555,501_575,501_575
diagonal_gaussian_nb,test,modernize,TWAIN_TOM_SAWYER_025__modernize,TWAIN_TOM_SAWYER_025,twain,twain,1,590,580,576_650,576_650
diagonal_gaussian_nb,test,modernize,TWAIN_TOM_SAWYER_026__modernize,TWAIN_TOM_SAWYER_026,twain,dickens,0,544,569,501_575,501_575
diagonal_gaussian_nb,test,modernize,TWAIN_TOM_SAWYER_027__modernize,TWAIN_TOM_SAWYER_027,twain,twain,1,554,553,501_575,501_575
diagonal_gaussian_nb,test,modernize,TWAIN_TOM_SAWYER_028__modernize,TWAIN_TOM_SAWYER_028,twain,dickens,0,526,576,501_575,576_650
diagonal_gaussian_nb,test,modernize,TWAIN_TOM_SAWYER_029__modernize,TWAIN_TOM_SAWYER_029,twain,dickens,0,535,552,501_575,501_575
diagonal_gaussian_nb,test,modernize,TWAIN_TOM_SAWYER_030__modernize,TWAIN_TOM_SAWYER_030,twain,twain,1,545,553,501_575,501_575
diagonal_gaussian_nb,test,modernize,WILDE_LORD_ARTHUR_STORIES_022__modernize,WILDE_LORD_ARTHUR_STORIES_022,wilde,wilde,1,522,550,501_575,501_575
diagonal_gaussian_nb,test,modernize,WILDE_LORD_ARTHUR_STORIES_023__modernize,WILDE_LORD_ARTHUR_STORIES_023,wilde,shelley,0,536,591,501_575,576_650
diagonal_gaussian_nb,test,modernize,WILDE_LORD_ARTHUR_STORIES_024__modernize,WILDE_LORD_ARTHUR_STORIES_024,wilde,wilde,1,516,574,501_575,501_575
diagonal_gaussian_nb,test,modernize,WILDE_LORD_ARTHUR_STORIES_025__modernize,WILDE_LORD_ARTHUR_STORIES_025,wilde,wilde,1,531,557,501_575,501_575
diagonal_gaussian_nb,test,modernize,WILDE_LORD_ARTHUR_STORIES_026__modernize,WILDE_LORD_ARTHUR_STORIES_026,wilde,wilde,1,509,550,501_575,501_575
diagonal_gaussian_nb,test,modernize,WILDE_LORD_ARTHUR_STORIES_027__modernize,WILDE_LORD_ARTHUR_STORIES_027,wilde,wilde,1,575,578,501_575,576_650
diagonal_gaussian_nb,test,modernize,WILDE_LORD_ARTHUR_STORIES_028__modernize,WILDE_LORD_ARTHUR_STORIES_028,wilde,wilde,1,506,562,501_575,501_575
diagonal_gaussian_nb,test,modernize,WILDE_LORD_ARTHUR_STORIES_029__modernize,WILDE_LORD_ARTHUR_STORIES_029,wilde,shelley,0,547,562,501_575,501_575
diagonal_gaussian_nb,test,modernize,WILDE_LORD_ARTHUR_STORIES_030__modernize,WILDE_LORD_ARTHUR_STORIES_030,wilde,wilde,1,546,561,501_575,501_575
diagonal_gaussian_nb,test,simplify,AUSTEN_PRIDE_AND_PREJUDICE_022__simplify,AUSTEN_PRIDE_AND_PREJUDICE_022,austen,austen,1,545,578,501_575,576_650
diagonal_gaussian_nb,test,simplify,AUSTEN_PRIDE_AND_PREJUDICE_023__simplify,AUSTEN_PRIDE_AND_PREJUDICE_023,austen,austen,1,563,562,501_575,501_575
diagonal_gaussian_nb,test,simplify,AUSTEN_PRIDE_AND_PREJUDICE_024__simplify,AUSTEN_PRIDE_AND_PREJUDICE_024,austen,austen,1,537,575,501_575,501_575
diagonal_gaussian_nb,test,simplify,AUSTEN_PRIDE_AND_PREJUDICE_025__simplify,AUSTEN_PRIDE_AND_PREJUDICE_025,austen,wilde,0,520,570,501_575,501_575
diagonal_gaussian_nb,test,simplify,AUSTEN_PRIDE_AND_PREJUDICE_026__simplify,AUSTEN_PRIDE_AND_PREJUDICE_026,austen,austen,1,526,551,501_575,501_575
diagonal_gaussian_nb,test,simplify,AUSTEN_PRIDE_AND_PREJUDICE_027__simplify,AUSTEN_PRIDE_AND_PREJUDICE_027,austen,austen,1,519,565,501_575,501_575
diagonal_gaussian_nb,test,simplify,AUSTEN_PRIDE_AND_PREJUDICE_028__simplify,AUSTEN_PRIDE_AND_PREJUDICE_028,austen,austen,1,579,572,576_650,501_575
diagonal_gaussian_nb,test,simplify,AUSTEN_PRIDE_AND_PREJUDICE_029__simplify,AUSTEN_PRIDE_AND_PREJUDICE_029,austen,austen,1,564,577,501_575,576_650
diagonal_gaussian_nb,test,simplify,AUSTEN_PRIDE_AND_PREJUDICE_030__simplify,AUSTEN_PRIDE_AND_PREJUDICE_030,austen,austen,1,533,558,501_575,501_575
diagonal_gaussian_nb,test,simplify,DICKENS_OLIVER_TWIST_022__simplify,DICKENS_OLIVER_TWIST_022,dickens,dickens,1,552,566,501_575,501_575
diagonal_gaussian_nb,test,simplify,DICKENS_OLIVER_TWIST_023__simplify,DICKENS_OLIVER_TWIST_023,dickens,wilde,0,447,564,outside_bands,501_575
diagonal_gaussian_nb,test,simplify,DICKENS_OLIVER_TWIST_024__simplify,DICKENS_OLIVER_TWIST_024,dickens,wilde,0,549,573,501_575,501_575
diagonal_gaussian_nb,test,simplify,DICKENS_OLIVER_TWIST_025__simplify,DICKENS_OLIVER_TWIST_025,dickens,wilde,0,490,551,450_500,501_575
diagonal_gaussian_nb,test,simplify,DICKENS_OLIVER_TWIST_026__simplify,DICKENS_OLIVER_TWIST_026,dickens,dickens,1,571,594,501_575,576_650
diagonal_gaussian_nb,test,simplify,DICKENS_OLIVER_TWIST_027__simplify,DICKENS_OLIVER_TWIST_027,dickens,dickens,1,565,564,501_575,501_575
diagonal_gaussian_nb,test,simplify,DICKENS_OLIVER_TWIST_028__simplify,DICKENS_OLIVER_TWIST_028,dickens,wilde,0,545,551,501_575,501_575
diagonal_gaussian_nb,test,simplify,DICKENS_OLIVER_TWIST_029__simplify,DICKENS_OLIVER_TWIST_029,dickens,wilde,0,548,592,501_575,576_650
diagonal_gaussian_nb,test,simplify,DICKENS_OLIVER_TWIST_030__simplify,DICKENS_OLIVER_TWIST_030,dickens,dickens,1,505,550,501_575,501_575
diagonal_gaussian_nb,test,simplify,POE_WORKS_VOLUME_2_022__simplify,POE_WORKS_VOLUME_2_022,poe,shelley,0,544,579,501_575,576_650
diagonal_gaussian_nb,test,simplify,POE_WORKS_VOLUME_2_023__simplify,POE_WORKS_VOLUME_2_023,poe,shelley,0,505,556,501_575,501_575
diagonal_gaussian_nb,test,simplify,POE_WORKS_VOLUME_2_024__simplify,POE_WORKS_VOLUME_2_024,poe,poe,1,517,555,501_575,501_575
diagonal_gaussian_nb,test,simplify,POE_WORKS_VOLUME_2_025__simplify,POE_WORKS_VOLUME_2_025,poe,shelley,0,554,558,501_575,501_575
diagonal_gaussian_nb,test,simplify,POE_WORKS_VOLUME_2_026__simplify,POE_WORKS_VOLUME_2_026,poe,austen,0,522,595,501_575,576_650
diagonal_gaussian_nb,test,simplify,POE_WORKS_VOLUME_2_027__simplify,POE_WORKS_VOLUME_2_027,poe,shelley,0,497,550,450_500,501_575
diagonal_gaussian_nb,test,simplify,POE_WORKS_VOLUME_2_028__simplify,POE_WORKS_VOLUME_2_028,poe,dickens,0,488,553,450_500,501_575
diagonal_gaussian_nb,test,simplify,POE_WORKS_VOLUME_2_029__simplify,POE_WORKS_VOLUME_2_029,poe,dickens,0,499,559,450_500,501_575
diagonal_gaussian_nb,test,simplify,POE_WORKS_VOLUME_2_030__simplify,POE_WORKS_VOLUME_2_030,poe,poe,1,446,555,outside_bands,501_575
diagonal_gaussian_nb,test,simplify,SHELLEY_THE_LAST_MAN_022__simplify,SHELLEY_THE_LAST_MAN_022,shelley,dickens,0,525,556,501_575,501_575
diagonal_gaussian_nb,test,simplify,SHELLEY_THE_LAST_MAN_023__simplify,SHELLEY_THE_LAST_MAN_023,shelley,shelley,1,524,555,501_575,501_575
diagonal_gaussian_nb,test,simplify,SHELLEY_THE_LAST_MAN_024__simplify,SHELLEY_THE_LAST_MAN_024,shelley,shelley,1,520,572,501_575,501_575
diagonal_gaussian_nb,test,simplify,SHELLEY_THE_LAST_MAN_025__simplify,SHELLEY_THE_LAST_MAN_025,shelley,wilde,0,526,554,501_575,501_575
diagonal_gaussian_nb,test,simplify,SHELLEY_THE_LAST_MAN_026__simplify,SHELLEY_THE_LAST_MAN_026,shelley,dickens,0,577,556,576_650,501_575
diagonal_gaussian_nb,test,simplify,SHELLEY_THE_LAST_MAN_027__simplify,SHELLEY_THE_LAST_MAN_027,shelley,poe,0,525,550,501_575,501_575
diagonal_gaussian_nb,test,simplify,SHELLEY_THE_LAST_MAN_028__simplify,SHELLEY_THE_LAST_MAN_028,shelley,poe,0,571,573,501_575,501_575
diagonal_gaussian_nb,test,simplify,SHELLEY_THE_LAST_MAN_029__simplify,SHELLEY_THE_LAST_MAN_029,shelley,dickens,0,579,600,576_650,576_650
diagonal_gaussian_nb,test,simplify,SHELLEY_THE_LAST_MAN_030__simplify,SHELLEY_THE_LAST_MAN_030,shelley,shelley,1,537,576,501_575,576_650
diagonal_gaussian_nb,test,simplify,TWAIN_TOM_SAWYER_022__simplify,TWAIN_TOM_SAWYER_022,twain,dickens,0,584,555,576_650,501_575
diagonal_gaussian_nb,test,simplify,TWAIN_TOM_SAWYER_023__simplify,TWAIN_TOM_SAWYER_023,twain,wilde,0,572,552,501_575,501_575
diagonal_gaussian_nb,test,simplify,TWAIN_TOM_SAWYER_024__simplify,TWAIN_TOM_SAWYER_024,twain,dickens,0,517,555,501_575,501_575
diagonal_gaussian_nb,test,simplify,TWAIN_TOM_SAWYER_025__simplify,TWAIN_TOM_SAWYER_025,twain,twain,1,594,580,576_650,576_650
diagonal_gaussian_nb,test,simplify,TWAIN_TOM_SAWYER_026__simplify,TWAIN_TOM_SAWYER_026,twain,dickens,0,550,569,501_575,501_575
diagonal_gaussian_nb,test,simplify,TWAIN_TOM_SAWYER_027__simplify,TWAIN_TOM_SAWYER_027,twain,austen,0,546,553,501_575,501_575
diagonal_gaussian_nb,test,simplify,TWAIN_TOM_SAWYER_028__simplify,TWAIN_TOM_SAWYER_028,twain,dickens,0,530,576,501_575,576_650
diagonal_gaussian_nb,test,simplify,TWAIN_TOM_SAWYER_029__simplify,TWAIN_TOM_SAWYER_029,twain,dickens,0,533,552,501_575,501_575
diagonal_gaussian_nb,test,simplify,TWAIN_TOM_SAWYER_030__simplify,TWAIN_TOM_SAWYER_030,twain,twain,1,545,553,501_575,501_575
diagonal_gaussian_nb,test,simplify,WILDE_LORD_ARTHUR_STORIES_022__simplify,WILDE_LORD_ARTHUR_STORIES_022,wilde,wilde,1,531,550,501_575,501_575
diagonal_gaussian_nb,test,simplify,WILDE_LORD_ARTHUR_STORIES_023__simplify,WILDE_LORD_ARTHUR_STORIES_023,wilde,shelley,0,500,591,450_500,576_650
diagonal_gaussian_nb,test,simplify,WILDE_LORD_ARTHUR_STORIES_024__simplify,WILDE_LORD_ARTHUR_STORIES_024,wilde,wilde,1,511,574,501_575,501_575
diagonal_gaussian_nb,test,simplify,WILDE_LORD_ARTHUR_STORIES_025__simplify,WILDE_LORD_ARTHUR_STORIES_025,wilde,wilde,1,542,557,501_575,501_575
diagonal_gaussian_nb,test,simplify,WILDE_LORD_ARTHUR_STORIES_026__simplify,WILDE_LORD_ARTHUR_STORIES_026,wilde,wilde,1,512,550,501_575,501_575
diagonal_gaussian_nb,test,simplify,WILDE_LORD_ARTHUR_STORIES_027__simplify,WILDE_LORD_ARTHUR_STORIES_027,wilde,shelley,0,541,578,501_575,576_650
diagonal_gaussian_nb,test,simplify,WILDE_LORD_ARTHUR_STORIES_028__simplify,WILDE_LORD_ARTHUR_STORIES_028,wilde,wilde,1,499,562,450_500,501_575
diagonal_gaussian_nb,test,simplify,WILDE_LORD_ARTHUR_STORIES_029__simplify,WILDE_LORD_ARTHUR_STORIES_029,wilde,shelley,0,528,562,501_575,501_575
diagonal_gaussian_nb,test,simplify,WILDE_LORD_ARTHUR_STORIES_030__simplify,WILDE_LORD_ARTHUR_STORIES_030,wilde,wilde,1,536,561,501_575,501_575
linear_discriminant_shrinkage,validation,original,AUSTEN_PRIDE_AND_PREJUDICE_013__original,AUSTEN_PRIDE_AND_PREJUDICE_013,austen,austen,1,559,559,501_575,501_575
linear_discriminant_shrinkage,validation,original,AUSTEN_PRIDE_AND_PREJUDICE_014__original,AUSTEN_PRIDE_AND_PREJUDICE_014,austen,wilde,0,552,552,501_575,501_575
linear_discriminant_shrinkage,validation,original,AUSTEN_PRIDE_AND_PREJUDICE_015__original,AUSTEN_PRIDE_AND_PREJUDICE_015,austen,shelley,0,557,557,501_575,501_575
linear_discriminant_shrinkage,validation,original,AUSTEN_PRIDE_AND_PREJUDICE_016__original,AUSTEN_PRIDE_AND_PREJUDICE_016,austen,austen,1,577,577,576_650,576_650
linear_discriminant_shrinkage,validation,original,AUSTEN_PRIDE_AND_PREJUDICE_017__original,AUSTEN_PRIDE_AND_PREJUDICE_017,austen,austen,1,553,553,501_575,501_575
linear_discriminant_shrinkage,validation,original,AUSTEN_PRIDE_AND_PREJUDICE_018__original,AUSTEN_PRIDE_AND_PREJUDICE_018,austen,austen,1,563,563,501_575,501_575
linear_discriminant_shrinkage,validation,original,AUSTEN_PRIDE_AND_PREJUDICE_019__original,AUSTEN_PRIDE_AND_PREJUDICE_019,austen,austen,1,563,563,501_575,501_575
linear_discriminant_shrinkage,validation,original,AUSTEN_PRIDE_AND_PREJUDICE_020__original,AUSTEN_PRIDE_AND_PREJUDICE_020,austen,austen,1,585,585,576_650,576_650
linear_discriminant_shrinkage,validation,original,AUSTEN_PRIDE_AND_PREJUDICE_021__original,AUSTEN_PRIDE_AND_PREJUDICE_021,austen,austen,1,576,576,576_650,576_650
linear_discriminant_shrinkage,validation,original,DICKENS_OLIVER_TWIST_013__original,DICKENS_OLIVER_TWIST_013,dickens,dickens,1,578,578,576_650,576_650
linear_discriminant_shrinkage,validation,original,DICKENS_OLIVER_TWIST_014__original,DICKENS_OLIVER_TWIST_014,dickens,dickens,1,551,551,501_575,501_575
linear_discriminant_shrinkage,validation,original,DICKENS_OLIVER_TWIST_015__original,DICKENS_OLIVER_TWIST_015,dickens,dickens,1,556,556,501_575,501_575
linear_discriminant_shrinkage,validation,original,DICKENS_OLIVER_TWIST_016__original,DICKENS_OLIVER_TWIST_016,dickens,dickens,1,556,556,501_575,501_575
linear_discriminant_shrinkage,validation,original,DICKENS_OLIVER_TWIST_017__original,DICKENS_OLIVER_TWIST_017,dickens,dickens,1,569,569,501_575,501_575
linear_discriminant_shrinkage,validation,original,DICKENS_OLIVER_TWIST_018__original,DICKENS_OLIVER_TWIST_018,dickens,dickens,1,560,560,501_575,501_575
linear_discriminant_shrinkage,validation,original,DICKENS_OLIVER_TWIST_019__original,DICKENS_OLIVER_TWIST_019,dickens,austen,0,558,558,501_575,501_575
linear_discriminant_shrinkage,validation,original,DICKENS_OLIVER_TWIST_020__original,DICKENS_OLIVER_TWIST_020,dickens,dickens,1,551,551,501_575,501_575
linear_discriminant_shrinkage,validation,original,DICKENS_OLIVER_TWIST_021__original,DICKENS_OLIVER_TWIST_021,dickens,dickens,1,571,571,501_575,501_575
linear_discriminant_shrinkage,validation,original,POE_WORKS_VOLUME_2_013__original,POE_WORKS_VOLUME_2_013,poe,poe,1,581,581,576_650,576_650
linear_discriminant_shrinkage,validation,original,POE_WORKS_VOLUME_2_014__original,POE_WORKS_VOLUME_2_014,poe,shelley,0,557,557,501_575,501_575
linear_discriminant_shrinkage,validation,original,POE_WORKS_VOLUME_2_015__original,POE_WORKS_VOLUME_2_015,poe,shelley,0,561,561,501_575,501_575
linear_discriminant_shrinkage,validation,original,POE_WORKS_VOLUME_2_016__original,POE_WORKS_VOLUME_2_016,poe,poe,1,553,553,501_575,501_575
linear_discriminant_shrinkage,validation,original,POE_WORKS_VOLUME_2_017__original,POE_WORKS_VOLUME_2_017,poe,poe,1,581,581,576_650,576_650
linear_discriminant_shrinkage,validation,original,POE_WORKS_VOLUME_2_018__original,POE_WORKS_VOLUME_2_018,poe,poe,1,550,550,501_575,501_575
linear_discriminant_shrinkage,validation,original,POE_WORKS_VOLUME_2_019__original,POE_WORKS_VOLUME_2_019,poe,poe,1,561,561,501_575,501_575
linear_discriminant_shrinkage,validation,original,POE_WORKS_VOLUME_2_020__original,POE_WORKS_VOLUME_2_020,poe,poe,1,562,562,501_575,501_575
linear_discriminant_shrinkage,validation,original,POE_WORKS_VOLUME_2_021__original,POE_WORKS_VOLUME_2_021,poe,poe,1,577,577,576_650,576_650
linear_discriminant_shrinkage,validation,original,SHELLEY_THE_LAST_MAN_013__original,SHELLEY_THE_LAST_MAN_013,shelley,shelley,1,558,558,501_575,501_575
linear_discriminant_shrinkage,validation,original,SHELLEY_THE_LAST_MAN_014__original,SHELLEY_THE_LAST_MAN_014,shelley,shelley,1,570,570,501_575,501_575
linear_discriminant_shrinkage,validation,original,SHELLEY_THE_LAST_MAN_015__original,SHELLEY_THE_LAST_MAN_015,shelley,poe,0,594,594,576_650,576_650
linear_discriminant_shrinkage,validation,original,SHELLEY_THE_LAST_MAN_016__original,SHELLEY_THE_LAST_MAN_016,shelley,shelley,1,561,561,501_575,501_575
linear_discriminant_shrinkage,validation,original,SHELLEY_THE_LAST_MAN_017__original,SHELLEY_THE_LAST_MAN_017,shelley,shelley,1,562,562,501_575,501_575
linear_discriminant_shrinkage,validation,original,SHELLEY_THE_LAST_MAN_018__original,SHELLEY_THE_LAST_MAN_018,shelley,poe,0,566,566,501_575,501_575
linear_discriminant_shrinkage,validation,original,SHELLEY_THE_LAST_MAN_019__original,SHELLEY_THE_LAST_MAN_019,shelley,shelley,1,585,585,576_650,576_650
linear_discriminant_shrinkage,validation,original,SHELLEY_THE_LAST_MAN_020__original,SHELLEY_THE_LAST_MAN_020,shelley,shelley,1,559,559,501_575,501_575
linear_discriminant_shrinkage,validation,original,SHELLEY_THE_LAST_MAN_021__original,SHELLEY_THE_LAST_MAN_021,shelley,shelley,1,569,569,501_575,501_575
linear_discriminant_shrinkage,validation,original,TWAIN_TOM_SAWYER_013__original,TWAIN_TOM_SAWYER_013,twain,twain,1,593,593,576_650,576_650
linear_discriminant_shrinkage,validation,original,TWAIN_TOM_SAWYER_014__original,TWAIN_TOM_SAWYER_014,twain,poe,0,566,566,501_575,501_575
linear_discriminant_shrinkage,validation,original,TWAIN_TOM_SAWYER_015__original,TWAIN_TOM_SAWYER_015,twain,poe,0,555,555,501_575,501_575
linear_discriminant_shrinkage,validation,original,TWAIN_TOM_SAWYER_016__original,TWAIN_TOM_SAWYER_016,twain,austen,0,553,553,501_575,501_575
linear_discriminant_shrinkage,validation,original,TWAIN_TOM_SAWYER_017__original,TWAIN_TOM_SAWYER_017,twain,twain,1,556,556,501_575,501_575
linear_discriminant_shrinkage,validation,original,TWAIN_TOM_SAWYER_018__original,TWAIN_TOM_SAWYER_018,twain,wilde,0,568,568,501_575,501_575
linear_discriminant_shrinkage,validation,original,TWAIN_TOM_SAWYER_019__original,TWAIN_TOM_SAWYER_019,twain,wilde,0,581,581,576_650,576_650
linear_discriminant_shrinkage,validation,original,TWAIN_TOM_SAWYER_020__original,TWAIN_TOM_SAWYER_020,twain,dickens,0,564,564,501_575,501_575
linear_discriminant_shrinkage,validation,original,TWAIN_TOM_SAWYER_021__original,TWAIN_TOM_SAWYER_021,twain,twain,1,557,557,501_575,501_575
linear_discriminant_shrinkage,validation,original,WILDE_LORD_ARTHUR_STORIES_013__original,WILDE_LORD_ARTHUR_STORIES_013,wilde,wilde,1,558,558,501_575,501_575
linear_discriminant_shrinkage,validation,original,WILDE_LORD_ARTHUR_STORIES_014__original,WILDE_LORD_ARTHUR_STORIES_014,wilde,twain,0,550,550,501_575,501_575
linear_discriminant_shrinkage,validation,original,WILDE_LORD_ARTHUR_STORIES_015__original,WILDE_LORD_ARTHUR_STORIES_015,wilde,dickens,0,589,589,576_650,576_650
linear_discriminant_shrinkage,validation,original,WILDE_LORD_ARTHUR_STORIES_016__original,WILDE_LORD_ARTHUR_STORIES_016,wilde,shelley,0,600,600,576_650,576_650
linear_discriminant_shrinkage,validation,original,WILDE_LORD_ARTHUR_STORIES_017__original,WILDE_LORD_ARTHUR_STORIES_017,wilde,wilde,1,592,592,576_650,576_650
linear_discriminant_shrinkage,validation,original,WILDE_LORD_ARTHUR_STORIES_018__original,WILDE_LORD_ARTHUR_STORIES_018,wilde,dickens,0,587,587,576_650,576_650
linear_discriminant_shrinkage,validation,original,WILDE_LORD_ARTHUR_STORIES_019__original,WILDE_LORD_ARTHUR_STORIES_019,wilde,wilde,1,551,551,501_575,501_575
linear_discriminant_shrinkage,validation,original,WILDE_LORD_ARTHUR_STORIES_020__original,WILDE_LORD_ARTHUR_STORIES_020,wilde,wilde,1,583,583,576_650,576_650
linear_discriminant_shrinkage,validation,original,WILDE_LORD_ARTHUR_STORIES_021__original,WILDE_LORD_ARTHUR_STORIES_021,wilde,dickens,0,555,555,501_575,501_575
linear_discriminant_shrinkage,validation,paraphrase,AUSTEN_PRIDE_AND_PREJUDICE_013__paraphrase,AUSTEN_PRIDE_AND_PREJUDICE_013,austen,austen,1,516,559,501_575,501_575
linear_discriminant_shrinkage,validation,paraphrase,AUSTEN_PRIDE_AND_PREJUDICE_014__paraphrase,AUSTEN_PRIDE_AND_PREJUDICE_014,austen,austen,1,512,552,501_575,501_575
linear_discriminant_shrinkage,validation,paraphrase,AUSTEN_PRIDE_AND_PREJUDICE_015__paraphrase,AUSTEN_PRIDE_AND_PREJUDICE_015,austen,shelley,0,526,557,501_575,501_575
linear_discriminant_shrinkage,validation,paraphrase,AUSTEN_PRIDE_AND_PREJUDICE_016__paraphrase,AUSTEN_PRIDE_AND_PREJUDICE_016,austen,austen,1,536,577,501_575,576_650
linear_discriminant_shrinkage,validation,paraphrase,AUSTEN_PRIDE_AND_PREJUDICE_017__paraphrase,AUSTEN_PRIDE_AND_PREJUDICE_017,austen,austen,1,515,553,501_575,501_575
linear_discriminant_shrinkage,validation,paraphrase,AUSTEN_PRIDE_AND_PREJUDICE_018__paraphrase,AUSTEN_PRIDE_AND_PREJUDICE_018,austen,austen,1,556,563,501_575,501_575
linear_discriminant_shrinkage,validation,paraphrase,AUSTEN_PRIDE_AND_PREJUDICE_019__paraphrase,AUSTEN_PRIDE_AND_PREJUDICE_019,austen,shelley,0,487,563,450_500,501_575
linear_discriminant_shrinkage,validation,paraphrase,AUSTEN_PRIDE_AND_PREJUDICE_020__paraphrase,AUSTEN_PRIDE_AND_PREJUDICE_020,austen,shelley,0,493,585,450_500,576_650
linear_discriminant_shrinkage,validation,paraphrase,AUSTEN_PRIDE_AND_PREJUDICE_021__paraphrase,AUSTEN_PRIDE_AND_PREJUDICE_021,austen,austen,1,533,576,501_575,576_650
linear_discriminant_shrinkage,validation,paraphrase,DICKENS_OLIVER_TWIST_013__paraphrase,DICKENS_OLIVER_TWIST_013,dickens,wilde,0,544,578,501_575,576_650
linear_discriminant_shrinkage,validation,paraphrase,DICKENS_OLIVER_TWIST_014__paraphrase,DICKENS_OLIVER_TWIST_014,dickens,wilde,0,478,551,450_500,501_575
linear_discriminant_shrinkage,validation,paraphrase,DICKENS_OLIVER_TWIST_015__paraphrase,DICKENS_OLIVER_TWIST_015,dickens,wilde,0,495,556,450_500,501_575
linear_discriminant_shrinkage,validation,paraphrase,DICKENS_OLIVER_TWIST_016__paraphrase,DICKENS_OLIVER_TWIST_016,dickens,wilde,0,543,556,501_575,501_575
linear_discriminant_shrinkage,validation,paraphrase,DICKENS_OLIVER_TWIST_017__paraphrase,DICKENS_OLIVER_TWIST_017,dickens,wilde,0,450,569,450_500,501_575
linear_discriminant_shrinkage,validation,paraphrase,DICKENS_OLIVER_TWIST_018__paraphrase,DICKENS_OLIVER_TWIST_018,dickens,dickens,1,556,560,501_575,501_575
linear_discriminant_shrinkage,validation,paraphrase,DICKENS_OLIVER_TWIST_019__paraphrase,DICKENS_OLIVER_TWIST_019,dickens,shelley,0,548,558,501_575,501_575
linear_discriminant_shrinkage,validation,paraphrase,DICKENS_OLIVER_TWIST_020__paraphrase,DICKENS_OLIVER_TWIST_020,dickens,wilde,0,519,551,501_575,501_575
linear_discriminant_shrinkage,validation,paraphrase,DICKENS_OLIVER_TWIST_021__paraphrase,DICKENS_OLIVER_TWIST_021,dickens,dickens,1,537,571,501_575,501_575
linear_discriminant_shrinkage,validation,paraphrase,POE_WORKS_VOLUME_2_013__paraphrase,POE_WORKS_VOLUME_2_013,poe,poe,1,538,581,501_575,576_650
linear_discriminant_shrinkage,validation,paraphrase,POE_WORKS_VOLUME_2_014__paraphrase,POE_WORKS_VOLUME_2_014,poe,poe,1,431,557,outside_bands,501_575
linear_discriminant_shrinkage,validation,paraphrase,POE_WORKS_VOLUME_2_015__paraphrase,POE_WORKS_VOLUME_2_015,poe,shelley,0,553,561,501_575,501_575
linear_discriminant_shrinkage,validation,paraphrase,POE_WORKS_VOLUME_2_016__paraphrase,POE_WORKS_VOLUME_2_016,poe,shelley,0,512,553,501_575,501_575
linear_discriminant_shrinkage,validation,paraphrase,POE_WORKS_VOLUME_2_017__paraphrase,POE_WORKS_VOLUME_2_017,poe,poe,1,521,581,501_575,576_650
linear_discriminant_shrinkage,validation,paraphrase,POE_WORKS_VOLUME_2_018__paraphrase,POE_WORKS_VOLUME_2_018,poe,shelley,0,493,550,450_500,501_575
linear_discriminant_shrinkage,validation,paraphrase,POE_WORKS_VOLUME_2_019__paraphrase,POE_WORKS_VOLUME_2_019,poe,shelley,0,511,561,501_575,501_575
linear_discriminant_shrinkage,validation,paraphrase,POE_WORKS_VOLUME_2_020__paraphrase,POE_WORKS_VOLUME_2_020,poe,shelley,0,501,562,501_575,501_575
linear_discriminant_shrinkage,validation,paraphrase,POE_WORKS_VOLUME_2_021__paraphrase,POE_WORKS_VOLUME_2_021,poe,poe,1,471,577,450_500,576_650
linear_discriminant_shrinkage,validation,paraphrase,SHELLEY_THE_LAST_MAN_013__paraphrase,SHELLEY_THE_LAST_MAN_013,shelley,shelley,1,532,558,501_575,501_575
linear_discriminant_shrinkage,validation,paraphrase,SHELLEY_THE_LAST_MAN_014__paraphrase,SHELLEY_THE_LAST_MAN_014,shelley,shelley,1,575,570,501_575,501_575
linear_discriminant_shrinkage,validation,paraphrase,SHELLEY_THE_LAST_MAN_015__paraphrase,SHELLEY_THE_LAST_MAN_015,shelley,poe,0,563,594,501_575,576_650
linear_discriminant_shrinkage,validation,paraphrase,SHELLEY_THE_LAST_MAN_016__paraphrase,SHELLEY_THE_LAST_MAN_016,shelley,shelley,1,551,561,501_575,501_575
linear_discriminant_shrinkage,validation,paraphrase,SHELLEY_THE_LAST_MAN_017__paraphrase,SHELLEY_THE_LAST_MAN_017,shelley,shelley,1,479,562,450_500,501_575
linear_discriminant_shrinkage,validation,paraphrase,SHELLEY_THE_LAST_MAN_018__paraphrase,SHELLEY_THE_LAST_MAN_018,shelley,shelley,1,520,566,501_575,501_575
linear_discriminant_shrinkage,validation,paraphrase,SHELLEY_THE_LAST_MAN_019__paraphrase,SHELLEY_THE_LAST_MAN_019,shelley,shelley,1,556,585,501_575,576_650
linear_discriminant_shrinkage,validation,paraphrase,SHELLEY_THE_LAST_MAN_020__paraphrase,SHELLEY_THE_LAST_MAN_020,shelley,shelley,1,431,559,outside_bands,501_575
linear_discriminant_shrinkage,validation,paraphrase,SHELLEY_THE_LAST_MAN_021__paraphrase,SHELLEY_THE_LAST_MAN_021,shelley,shelley,1,542,569,501_575,501_575
linear_discriminant_shrinkage,validation,paraphrase,TWAIN_TOM_SAWYER_013__paraphrase,TWAIN_TOM_SAWYER_013,twain,wilde,0,499,593,450_500,576_650
linear_discriminant_shrinkage,validation,paraphrase,TWAIN_TOM_SAWYER_014__paraphrase,TWAIN_TOM_SAWYER_014,twain,poe,0,469,566,450_500,501_575
linear_discriminant_shrinkage,validation,paraphrase,TWAIN_TOM_SAWYER_015__paraphrase,TWAIN_TOM_SAWYER_015,twain,poe,0,551,555,501_575,501_575
linear_discriminant_shrinkage,validation,paraphrase,TWAIN_TOM_SAWYER_016__paraphrase,TWAIN_TOM_SAWYER_016,twain,austen,0,507,553,501_575,501_575
linear_discriminant_shrinkage,validation,paraphrase,TWAIN_TOM_SAWYER_017__paraphrase,TWAIN_TOM_SAWYER_017,twain,dickens,0,538,556,501_575,501_575
linear_discriminant_shrinkage,validation,paraphrase,TWAIN_TOM_SAWYER_018__paraphrase,TWAIN_TOM_SAWYER_018,twain,wilde,0,493,568,450_500,501_575
linear_discriminant_shrinkage,validation,paraphrase,TWAIN_TOM_SAWYER_019__paraphrase,TWAIN_TOM_SAWYER_019,twain,wilde,0,530,581,501_575,576_650
linear_discriminant_shrinkage,validation,paraphrase,TWAIN_TOM_SAWYER_020__paraphrase,TWAIN_TOM_SAWYER_020,twain,dickens,0,517,564,501_575,501_575
linear_discriminant_shrinkage,validation,paraphrase,TWAIN_TOM_SAWYER_021__paraphrase,TWAIN_TOM_SAWYER_021,twain,wilde,0,528,557,501_575,501_575
linear_discriminant_shrinkage,validation,paraphrase,WILDE_LORD_ARTHUR_STORIES_013__paraphrase,WILDE_LORD_ARTHUR_STORIES_013,wilde,wilde,1,424,558,outside_bands,501_575
linear_discriminant_shrinkage,validation,paraphrase,WILDE_LORD_ARTHUR_STORIES_014__paraphrase,WILDE_LORD_ARTHUR_STORIES_014,wilde,wilde,1,487,550,450_500,501_575
linear_discriminant_shrinkage,validation,paraphrase,WILDE_LORD_ARTHUR_STORIES_015__paraphrase,WILDE_LORD_ARTHUR_STORIES_015,wilde,wilde,1,496,589,450_500,576_650
linear_discriminant_shrinkage,validation,paraphrase,WILDE_LORD_ARTHUR_STORIES_016__paraphrase,WILDE_LORD_ARTHUR_STORIES_016,wilde,wilde,1,479,600,450_500,576_650
linear_discriminant_shrinkage,validation,paraphrase,WILDE_LORD_ARTHUR_STORIES_017__paraphrase,WILDE_LORD_ARTHUR_STORIES_017,wilde,wilde,1,533,592,501_575,576_650
linear_discriminant_shrinkage,validation,paraphrase,WILDE_LORD_ARTHUR_STORIES_018__paraphrase,WILDE_LORD_ARTHUR_STORIES_018,wilde,shelley,0,521,587,501_575,576_650
linear_discriminant_shrinkage,validation,paraphrase,WILDE_LORD_ARTHUR_STORIES_019__paraphrase,WILDE_LORD_ARTHUR_STORIES_019,wilde,wilde,1,500,551,450_500,501_575
linear_discriminant_shrinkage,validation,paraphrase,WILDE_LORD_ARTHUR_STORIES_020__paraphrase,WILDE_LORD_ARTHUR_STORIES_020,wilde,wilde,1,553,583,501_575,576_650
linear_discriminant_shrinkage,validation,paraphrase,WILDE_LORD_ARTHUR_STORIES_021__paraphrase,WILDE_LORD_ARTHUR_STORIES_021,wilde,dickens,0,533,555,501_575,501_575
linear_discriminant_shrinkage,validation,modernize,AUSTEN_PRIDE_AND_PREJUDICE_013__modernize,AUSTEN_PRIDE_AND_PREJUDICE_013,austen,austen,1,543,559,501_575,501_575
linear_discriminant_shrinkage,validation,modernize,AUSTEN_PRIDE_AND_PREJUDICE_014__modernize,AUSTEN_PRIDE_AND_PREJUDICE_014,austen,austen,1,520,552,501_575,501_575
linear_discriminant_shrinkage,validation,modernize,AUSTEN_PRIDE_AND_PREJUDICE_015__modernize,AUSTEN_PRIDE_AND_PREJUDICE_015,austen,shelley,0,524,557,501_575,501_575
linear_discriminant_shrinkage,validation,modernize,AUSTEN_PRIDE_AND_PREJUDICE_016__modernize,AUSTEN_PRIDE_AND_PREJUDICE_016,austen,austen,1,600,577,576_650,576_650
linear_discriminant_shrinkage,validation,modernize,AUSTEN_PRIDE_AND_PREJUDICE_017__modernize,AUSTEN_PRIDE_AND_PREJUDICE_017,austen,austen,1,517,553,501_575,501_575
linear_discriminant_shrinkage,validation,modernize,AUSTEN_PRIDE_AND_PREJUDICE_018__modernize,AUSTEN_PRIDE_AND_PREJUDICE_018,austen,austen,1,563,563,501_575,501_575
linear_discriminant_shrinkage,validation,modernize,AUSTEN_PRIDE_AND_PREJUDICE_019__modernize,AUSTEN_PRIDE_AND_PREJUDICE_019,austen,wilde,0,543,563,501_575,501_575
linear_discriminant_shrinkage,validation,modernize,AUSTEN_PRIDE_AND_PREJUDICE_020__modernize,AUSTEN_PRIDE_AND_PREJUDICE_020,austen,austen,1,536,585,501_575,576_650
linear_discriminant_shrinkage,validation,modernize,AUSTEN_PRIDE_AND_PREJUDICE_021__modernize,AUSTEN_PRIDE_AND_PREJUDICE_021,austen,austen,1,555,576,501_575,576_650
linear_discriminant_shrinkage,validation,modernize,DICKENS_OLIVER_TWIST_013__modernize,DICKENS_OLIVER_TWIST_013,dickens,wilde,0,530,578,501_575,576_650
linear_discriminant_shrinkage,validation,modernize,DICKENS_OLIVER_TWIST_014__modernize,DICKENS_OLIVER_TWIST_014,dickens,dickens,1,474,551,450_500,501_575
linear_discriminant_shrinkage,validation,modernize,DICKENS_OLIVER_TWIST_015__modernize,DICKENS_OLIVER_TWIST_015,dickens,wilde,0,515,556,501_575,501_575
linear_discriminant_shrinkage,validation,modernize,DICKENS_OLIVER_TWIST_016__modernize,DICKENS_OLIVER_TWIST_016,dickens,wilde,0,536,556,501_575,501_575
linear_discriminant_shrinkage,validation,modernize,DICKENS_OLIVER_TWIST_017__modernize,DICKENS_OLIVER_TWIST_017,dickens,wilde,0,479,569,450_500,501_575
linear_discriminant_shrinkage,validation,modernize,DICKENS_OLIVER_TWIST_018__modernize,DICKENS_OLIVER_TWIST_018,dickens,dickens,1,540,560,501_575,501_575
linear_discriminant_shrinkage,validation,modernize,DICKENS_OLIVER_TWIST_019__modernize,DICKENS_OLIVER_TWIST_019,dickens,austen,0,523,558,501_575,501_575
linear_discriminant_shrinkage,validation,modernize,DICKENS_OLIVER_TWIST_020__modernize,DICKENS_OLIVER_TWIST_020,dickens,wilde,0,533,551,501_575,501_575
linear_discriminant_shrinkage,validation,modernize,DICKENS_OLIVER_TWIST_021__modernize,DICKENS_OLIVER_TWIST_021,dickens,dickens,1,563,571,501_575,501_575
linear_discriminant_shrinkage,validation,modernize,POE_WORKS_VOLUME_2_013__modernize,POE_WORKS_VOLUME_2_013,poe,poe,1,549,581,501_575,576_650
linear_discriminant_shrinkage,validation,modernize,POE_WORKS_VOLUME_2_014__modernize,POE_WORKS_VOLUME_2_014,poe,poe,1,454,557,450_500,501_575
linear_discriminant_shrinkage,validation,modernize,POE_WORKS_VOLUME_2_015__modernize,POE_WORKS_VOLUME_2_015,poe,shelley,0,549,561,501_575,501_575
linear_discriminant_shrinkage,validation,modernize,POE_WORKS_VOLUME_2_016__modernize,POE_WORKS_VOLUME_2_016,poe,shelley,0,511,553,501_575,501_575
linear_discriminant_shrinkage,validation,modernize,POE_WORKS_VOLUME_2_017__modernize,POE_WORKS_VOLUME_2_017,poe,wilde,0,504,581,501_575,576_650
linear_discriminant_shrinkage,validation,modernize,POE_WORKS_VOLUME_2_018__modernize,POE_WORKS_VOLUME_2_018,poe,wilde,0,484,550,450_500,501_575
linear_discriminant_shrinkage,validation,modernize,POE_WORKS_VOLUME_2_019__modernize,POE_WORKS_VOLUME_2_019,poe,shelley,0,537,561,501_575,501_575
linear_discriminant_shrinkage,validation,modernize,POE_WORKS_VOLUME_2_020__modernize,POE_WORKS_VOLUME_2_020,poe,poe,1,536,562,501_575,501_575
linear_discriminant_shrinkage,validation,modernize,POE_WORKS_VOLUME_2_021__modernize,POE_WORKS_VOLUME_2_021,poe,poe,1,541,577,501_575,576_650
linear_discriminant_shrinkage,validation,modernize,SHELLEY_THE_LAST_MAN_013__modernize,SHELLEY_THE_LAST_MAN_013,shelley,shelley,1,530,558,501_575,501_575
linear_discriminant_shrinkage,validation,modernize,SHELLEY_THE_LAST_MAN_014__modernize,SHELLEY_THE_LAST_MAN_014,shelley,shelley,1,592,570,576_650,501_575
linear_discriminant_shrinkage,validation,modernize,SHELLEY_THE_LAST_MAN_015__modernize,SHELLEY_THE_LAST_MAN_015,shelley,poe,0,518,594,501_575,576_650
linear_discriminant_shrinkage,validation,modernize,SHELLEY_THE_LAST_MAN_016__modernize,SHELLEY_THE_LAST_MAN_016,shelley,shelley,1,558,561,501_575,501_575
linear_discriminant_shrinkage,validation,modernize,SHELLEY_THE_LAST_MAN_017__modernize,SHELLEY_THE_LAST_MAN_017,shelley,shelley,1,518,562,501_575,501_575
linear_discriminant_shrinkage,validation,modernize,SHELLEY_THE_LAST_MAN_018__modernize,SHELLEY_THE_LAST_MAN_018,shelley,shelley,1,552,566,501_575,501_575
linear_discriminant_shrinkage,validation,modernize,SHELLEY_THE_LAST_MAN_019__modernize,SHELLEY_THE_LAST_MAN_019,shelley,shelley,1,586,585,576_650,576_650
linear_discriminant_shrinkage,validation,modernize,SHELLEY_THE_LAST_MAN_020__modernize,SHELLEY_THE_LAST_MAN_020,shelley,shelley,1,466,559,450_500,501_575
linear_discriminant_shrinkage,validation,modernize,SHELLEY_THE_LAST_MAN_021__modernize,SHELLEY_THE_LAST_MAN_021,shelley,shelley,1,543,569,501_575,501_575
linear_discriminant_shrinkage,validation,modernize,TWAIN_TOM_SAWYER_013__modernize,TWAIN_TOM_SAWYER_013,twain,wilde,0,538,593,501_575,576_650
linear_discriminant_shrinkage,validation,modernize,TWAIN_TOM_SAWYER_014__modernize,TWAIN_TOM_SAWYER_014,twain,wilde,0,496,566,450_500,501_575
linear_discriminant_shrinkage,validation,modernize,TWAIN_TOM_SAWYER_015__modernize,TWAIN_TOM_SAWYER_015,twain,poe,0,464,555,450_500,501_575
linear_discriminant_shrinkage,validation,modernize,TWAIN_TOM_SAWYER_016__modernize,TWAIN_TOM_SAWYER_016,twain,austen,0,484,553,450_500,501_575
linear_discriminant_shrinkage,validation,modernize,TWAIN_TOM_SAWYER_017__modernize,TWAIN_TOM_SAWYER_017,twain,twain,1,546,556,501_575,501_575
linear_discriminant_shrinkage,validation,modernize,TWAIN_TOM_SAWYER_018__modernize,TWAIN_TOM_SAWYER_018,twain,wilde,0,533,568,501_575,501_575
linear_discriminant_shrinkage,validation,modernize,TWAIN_TOM_SAWYER_019__modernize,TWAIN_TOM_SAWYER_019,twain,wilde,0,528,581,501_575,576_650
linear_discriminant_shrinkage,validation,modernize,TWAIN_TOM_SAWYER_020__modernize,TWAIN_TOM_SAWYER_020,twain,dickens,0,514,564,501_575,501_575
linear_discriminant_shrinkage,validation,modernize,TWAIN_TOM_SAWYER_021__modernize,TWAIN_TOM_SAWYER_021,twain,twain,1,540,557,501_575,501_575
linear_discriminant_shrinkage,validation,modernize,WILDE_LORD_ARTHUR_STORIES_013__modernize,WILDE_LORD_ARTHUR_STORIES_013,wilde,wilde,1,486,558,450_500,501_575
linear_discriminant_shrinkage,validation,modernize,WILDE_LORD_ARTHUR_STORIES_014__modernize,WILDE_LORD_ARTHUR_STORIES_014,wilde,wilde,1,536,550,501_575,501_575
linear_discriminant_shrinkage,validation,modernize,WILDE_LORD_ARTHUR_STORIES_015__modernize,WILDE_LORD_ARTHUR_STORIES_015,wilde,dickens,0,526,589,501_575,576_650
linear_discriminant_shrinkage,validation,modernize,WILDE_LORD_ARTHUR_STORIES_016__modernize,WILDE_LORD_ARTHUR_STORIES_016,wilde,shelley,0,559,600,501_575,576_650
linear_discriminant_shrinkage,validation,modernize,WILDE_LORD_ARTHUR_STORIES_017__modernize,WILDE_LORD_ARTHUR_STORIES_017,wilde,wilde,1,526,592,501_575,576_650
linear_discriminant_shrinkage,validation,modernize,WILDE_LORD_ARTHUR_STORIES_018__modernize,WILDE_LORD_ARTHUR_STORIES_018,wilde,dickens,0,542,587,501_575,576_650
linear_discriminant_shrinkage,validation,modernize,WILDE_LORD_ARTHUR_STORIES_019__modernize,WILDE_LORD_ARTHUR_STORIES_019,wilde,wilde,1,535,551,501_575,501_575
linear_discriminant_shrinkage,validation,modernize,WILDE_LORD_ARTHUR_STORIES_020__modernize,WILDE_LORD_ARTHUR_STORIES_020,wilde,wilde,1,568,583,501_575,576_650
linear_discriminant_shrinkage,validation,modernize,WILDE_LORD_ARTHUR_STORIES_021__modernize,WILDE_LORD_ARTHUR_STORIES_021,wilde,dickens,0,516,555,501_575,501_575
linear_discriminant_shrinkage,validation,simplify,AUSTEN_PRIDE_AND_PREJUDICE_013__simplify,AUSTEN_PRIDE_AND_PREJUDICE_013,austen,austen,1,482,559,450_500,501_575
linear_discriminant_shrinkage,validation,simplify,AUSTEN_PRIDE_AND_PREJUDICE_014__simplify,AUSTEN_PRIDE_AND_PREJUDICE_014,austen,austen,1,492,552,450_500,501_575
linear_discriminant_shrinkage,validation,simplify,AUSTEN_PRIDE_AND_PREJUDICE_015__simplify,AUSTEN_PRIDE_AND_PREJUDICE_015,austen,austen,1,493,557,450_500,501_575
linear_discriminant_shrinkage,validation,simplify,AUSTEN_PRIDE_AND_PREJUDICE_016__simplify,AUSTEN_PRIDE_AND_PREJUDICE_016,austen,austen,1,576,577,576_650,576_650
linear_discriminant_shrinkage,validation,simplify,AUSTEN_PRIDE_AND_PREJUDICE_017__simplify,AUSTEN_PRIDE_AND_PREJUDICE_017,austen,austen,1,512,553,501_575,501_575
linear_discriminant_shrinkage,validation,simplify,AUSTEN_PRIDE_AND_PREJUDICE_018__simplify,AUSTEN_PRIDE_AND_PREJUDICE_018,austen,austen,1,552,563,501_575,501_575
linear_discriminant_shrinkage,validation,simplify,AUSTEN_PRIDE_AND_PREJUDICE_019__simplify,AUSTEN_PRIDE_AND_PREJUDICE_019,austen,wilde,0,536,563,501_575,501_575
linear_discriminant_shrinkage,validation,simplify,AUSTEN_PRIDE_AND_PREJUDICE_020__simplify,AUSTEN_PRIDE_AND_PREJUDICE_020,austen,austen,1,530,585,501_575,576_650
linear_discriminant_shrinkage,validation,simplify,AUSTEN_PRIDE_AND_PREJUDICE_021__simplify,AUSTEN_PRIDE_AND_PREJUDICE_021,austen,austen,1,557,576,501_575,576_650
linear_discriminant_shrinkage,validation,simplify,DICKENS_OLIVER_TWIST_013__simplify,DICKENS_OLIVER_TWIST_013,dickens,wilde,0,529,578,501_575,576_650
linear_discriminant_shrinkage,validation,simplify,DICKENS_OLIVER_TWIST_014__simplify,DICKENS_OLIVER_TWIST_014,dickens,wilde,0,507,551,501_575,501_575
linear_discriminant_shrinkage,validation,simplify,DICKENS_OLIVER_TWIST_015__simplify,DICKENS_OLIVER_TWIST_015,dickens,wilde,0,496,556,450_500,501_575
linear_discriminant_shrinkage,validation,simplify,DICKENS_OLIVER_TWIST_016__simplify,DICKENS_OLIVER_TWIST_016,dickens,wilde,0,522,556,501_575,501_575
linear_discriminant_shrinkage,validation,simplify,DICKENS_OLIVER_TWIST_017__simplify,DICKENS_OLIVER_TWIST_017,dickens,wilde,0,473,569,450_500,501_575
linear_discriminant_shrinkage,validation,simplify,DICKENS_OLIVER_TWIST_018__simplify,DICKENS_OLIVER_TWIST_018,dickens,wilde,0,541,560,501_575,501_575
linear_discriminant_shrinkage,validation,simplify,DICKENS_OLIVER_TWIST_019__simplify,DICKENS_OLIVER_TWIST_019,dickens,austen,0,530,558,501_575,501_575
linear_discriminant_shrinkage,validation,simplify,DICKENS_OLIVER_TWIST_020__simplify,DICKENS_OLIVER_TWIST_020,dickens,wilde,0,524,551,501_575,501_575
linear_discriminant_shrinkage,validation,simplify,DICKENS_OLIVER_TWIST_021__simplify,DICKENS_OLIVER_TWIST_021,dickens,austen,0,588,571,576_650,501_575
linear_discriminant_shrinkage,validation,simplify,POE_WORKS_VOLUME_2_013__simplify,POE_WORKS_VOLUME_2_013,poe,shelley,0,508,581,501_575,576_650
linear_discriminant_shrinkage,validation,simplify,POE_WORKS_VOLUME_2_014__simplify,POE_WORKS_VOLUME_2_014,poe,dickens,0,445,557,outside_bands,501_575
linear_discriminant_shrinkage,validation,simplify,POE_WORKS_VOLUME_2_015__simplify,POE_WORKS_VOLUME_2_015,poe,shelley,0,513,561,501_575,501_575
linear_discriminant_shrinkage,validation,simplify,POE_WORKS_VOLUME_2_016__simplify,POE_WORKS_VOLUME_2_016,poe,shelley,0,486,553,450_500,501_575
linear_discriminant_shrinkage,validation,simplify,POE_WORKS_VOLUME_2_017__simplify,POE_WORKS_VOLUME_2_017,poe,wilde,0,469,581,450_500,576_650
linear_discriminant_shrinkage,validation,simplify,POE_WORKS_VOLUME_2_018__simplify,POE_WORKS_VOLUME_2_018,poe,wilde,0,483,550,450_500,501_575
linear_discriminant_shrinkage,validation,simplify,POE_WORKS_VOLUME_2_019__simplify,POE_WORKS_VOLUME_2_019,poe,shelley,0,518,561,501_575,501_575
linear_discriminant_shrinkage,validation,simplify,POE_WORKS_VOLUME_2_020__simplify,POE_WORKS_VOLUME_2_020,poe,shelley,0,530,562,501_575,501_575
linear_discriminant_shrinkage,validation,simplify,POE_WORKS_VOLUME_2_021__simplify,POE_WORKS_VOLUME_2_021,poe,poe,1,523,577,501_575,576_650
linear_discriminant_shrinkage,validation,simplify,SHELLEY_THE_LAST_MAN_013__simplify,SHELLEY_THE_LAST_MAN_013,shelley,shelley,1,513,558,501_575,501_575
linear_discriminant_shrinkage,validation,simplify,SHELLEY_THE_LAST_MAN_014__simplify,SHELLEY_THE_LAST_MAN_014,shelley,shelley,1,585,570,576_650,501_575
linear_discriminant_shrinkage,validation,simplify,SHELLEY_THE_LAST_MAN_015__simplify,SHELLEY_THE_LAST_MAN_015,shelley,poe,0,520,594,501_575,576_650
linear_discriminant_shrinkage,validation,simplify,SHELLEY_THE_LAST_MAN_016__simplify,SHELLEY_THE_LAST_MAN_016,shelley,shelley,1,566,561,501_575,501_575
linear_discriminant_shrinkage,validation,simplify,SHELLEY_THE_LAST_MAN_017__simplify,SHELLEY_THE_LAST_MAN_017,shelley,shelley,1,521,562,501_575,501_575
linear_discriminant_shrinkage,validation,simplify,SHELLEY_THE_LAST_MAN_018__simplify,SHELLEY_THE_LAST_MAN_018,shelley,shelley,1,483,566,450_500,501_575
linear_discriminant_shrinkage,validation,simplify,SHELLEY_THE_LAST_MAN_019__simplify,SHELLEY_THE_LAST_MAN_019,shelley,wilde,0,491,585,450_500,576_650
linear_discriminant_shrinkage,validation,simplify,SHELLEY_THE_LAST_MAN_020__simplify,SHELLEY_THE_LAST_MAN_020,shelley,shelley,1,513,559,501_575,501_575
linear_discriminant_shrinkage,validation,simplify,SHELLEY_THE_LAST_MAN_021__simplify,SHELLEY_THE_LAST_MAN_021,shelley,shelley,1,540,569,501_575,501_575
linear_discriminant_shrinkage,validation,simplify,TWAIN_TOM_SAWYER_013__simplify,TWAIN_TOM_SAWYER_013,twain,wilde,0,550,593,501_575,576_650
linear_discriminant_shrinkage,validation,simplify,TWAIN_TOM_SAWYER_014__simplify,TWAIN_TOM_SAWYER_014,twain,wilde,0,513,566,501_575,501_575
linear_discriminant_shrinkage,validation,simplify,TWAIN_TOM_SAWYER_015__simplify,TWAIN_TOM_SAWYER_015,twain,poe,0,450,555,450_500,501_575
linear_discriminant_shrinkage,validation,simplify,TWAIN_TOM_SAWYER_016__simplify,TWAIN_TOM_SAWYER_016,twain,austen,0,504,553,501_575,501_575
linear_discriminant_shrinkage,validation,simplify,TWAIN_TOM_SAWYER_017__simplify,TWAIN_TOM_SAWYER_017,twain,twain,1,541,556,501_575,501_575
linear_discriminant_shrinkage,validation,simplify,TWAIN_TOM_SAWYER_018__simplify,TWAIN_TOM_SAWYER_018,twain,wilde,0,499,568,450_500,501_575
linear_discriminant_shrinkage,validation,simplify,TWAIN_TOM_SAWYER_019__simplify,TWAIN_TOM_SAWYER_019,twain,wilde,0,510,581,501_575,576_650
linear_discriminant_shrinkage,validation,simplify,TWAIN_TOM_SAWYER_020__simplify,TWAIN_TOM_SAWYER_020,twain,dickens,0,522,564,501_575,501_575
linear_discriminant_shrinkage,validation,simplify,TWAIN_TOM_SAWYER_021__simplify,TWAIN_TOM_SAWYER_021,twain,wilde,0,576,557,576_650,501_575
linear_discriminant_shrinkage,validation,simplify,WILDE_LORD_ARTHUR_STORIES_013__simplify,WILDE_LORD_ARTHUR_STORIES_013,wilde,wilde,1,461,558,450_500,501_575
linear_discriminant_shrinkage,validation,simplify,WILDE_LORD_ARTHUR_STORIES_014__simplify,WILDE_LORD_ARTHUR_STORIES_014,wilde,austen,0,541,550,501_575,501_575
linear_discriminant_shrinkage,validation,simplify,WILDE_LORD_ARTHUR_STORIES_015__simplify,WILDE_LORD_ARTHUR_STORIES_015,wilde,wilde,1,548,589,501_575,576_650
linear_discriminant_shrinkage,validation,simplify,WILDE_LORD_ARTHUR_STORIES_016__simplify,WILDE_LORD_ARTHUR_STORIES_016,wilde,wilde,1,488,600,450_500,576_650
linear_discriminant_shrinkage,validation,simplify,WILDE_LORD_ARTHUR_STORIES_017__simplify,WILDE_LORD_ARTHUR_STORIES_017,wilde,wilde,1,550,592,501_575,576_650
linear_discriminant_shrinkage,validation,simplify,WILDE_LORD_ARTHUR_STORIES_018__simplify,WILDE_LORD_ARTHUR_STORIES_018,wilde,dickens,0,536,587,501_575,576_650
linear_discriminant_shrinkage,validation,simplify,WILDE_LORD_ARTHUR_STORIES_019__simplify,WILDE_LORD_ARTHUR_STORIES_019,wilde,wilde,1,535,551,501_575,501_575
linear_discriminant_shrinkage,validation,simplify,WILDE_LORD_ARTHUR_STORIES_020__simplify,WILDE_LORD_ARTHUR_STORIES_020,wilde,wilde,1,563,583,501_575,576_650
linear_discriminant_shrinkage,validation,simplify,WILDE_LORD_ARTHUR_STORIES_021__simplify,WILDE_LORD_ARTHUR_STORIES_021,wilde,dickens,0,508,555,501_575,501_575
linear_discriminant_shrinkage,test,original,AUSTEN_PRIDE_AND_PREJUDICE_022__original,AUSTEN_PRIDE_AND_PREJUDICE_022,austen,austen,1,578,578,576_650,576_650
linear_discriminant_shrinkage,test,original,AUSTEN_PRIDE_AND_PREJUDICE_023__original,AUSTEN_PRIDE_AND_PREJUDICE_023,austen,austen,1,562,562,501_575,501_575
linear_discriminant_shrinkage,test,original,AUSTEN_PRIDE_AND_PREJUDICE_024__original,AUSTEN_PRIDE_AND_PREJUDICE_024,austen,austen,1,575,575,501_575,501_575
linear_discriminant_shrinkage,test,original,AUSTEN_PRIDE_AND_PREJUDICE_025__original,AUSTEN_PRIDE_AND_PREJUDICE_025,austen,austen,1,570,570,501_575,501_575
linear_discriminant_shrinkage,test,original,AUSTEN_PRIDE_AND_PREJUDICE_026__original,AUSTEN_PRIDE_AND_PREJUDICE_026,austen,austen,1,551,551,501_575,501_575
linear_discriminant_shrinkage,test,original,AUSTEN_PRIDE_AND_PREJUDICE_027__original,AUSTEN_PRIDE_AND_PREJUDICE_027,austen,austen,1,565,565,501_575,501_575
linear_discriminant_shrinkage,test,original,AUSTEN_PRIDE_AND_PREJUDICE_028__original,AUSTEN_PRIDE_AND_PREJUDICE_028,austen,austen,1,572,572,501_575,501_575
linear_discriminant_shrinkage,test,original,AUSTEN_PRIDE_AND_PREJUDICE_029__original,AUSTEN_PRIDE_AND_PREJUDICE_029,austen,austen,1,577,577,576_650,576_650
linear_discriminant_shrinkage,test,original,AUSTEN_PRIDE_AND_PREJUDICE_030__original,AUSTEN_PRIDE_AND_PREJUDICE_030,austen,austen,1,558,558,501_575,501_575
linear_discriminant_shrinkage,test,original,DICKENS_OLIVER_TWIST_022__original,DICKENS_OLIVER_TWIST_022,dickens,dickens,1,566,566,501_575,501_575
linear_discriminant_shrinkage,test,original,DICKENS_OLIVER_TWIST_023__original,DICKENS_OLIVER_TWIST_023,dickens,austen,0,564,564,501_575,501_575
linear_discriminant_shrinkage,test,original,DICKENS_OLIVER_TWIST_024__original,DICKENS_OLIVER_TWIST_024,dickens,dickens,1,573,573,501_575,501_575
linear_discriminant_shrinkage,test,original,DICKENS_OLIVER_TWIST_025__original,DICKENS_OLIVER_TWIST_025,dickens,dickens,1,551,551,501_575,501_575
linear_discriminant_shrinkage,test,original,DICKENS_OLIVER_TWIST_026__original,DICKENS_OLIVER_TWIST_026,dickens,dickens,1,594,594,576_650,576_650
linear_discriminant_shrinkage,test,original,DICKENS_OLIVER_TWIST_027__original,DICKENS_OLIVER_TWIST_027,dickens,dickens,1,564,564,501_575,501_575
linear_discriminant_shrinkage,test,original,DICKENS_OLIVER_TWIST_028__original,DICKENS_OLIVER_TWIST_028,dickens,wilde,0,551,551,501_575,501_575
linear_discriminant_shrinkage,test,original,DICKENS_OLIVER_TWIST_029__original,DICKENS_OLIVER_TWIST_029,dickens,dickens,1,592,592,576_650,576_650
linear_discriminant_shrinkage,test,original,DICKENS_OLIVER_TWIST_030__original,DICKENS_OLIVER_TWIST_030,dickens,wilde,0,550,550,501_575,501_575
linear_discriminant_shrinkage,test,original,POE_WORKS_VOLUME_2_022__original,POE_WORKS_VOLUME_2_022,poe,poe,1,579,579,576_650,576_650
linear_discriminant_shrinkage,test,original,POE_WORKS_VOLUME_2_023__original,POE_WORKS_VOLUME_2_023,poe,poe,1,556,556,501_575,501_575
linear_discriminant_shrinkage,test,original,POE_WORKS_VOLUME_2_024__original,POE_WORKS_VOLUME_2_024,poe,poe,1,555,555,501_575,501_575
linear_discriminant_shrinkage,test,original,POE_WORKS_VOLUME_2_025__original,POE_WORKS_VOLUME_2_025,poe,poe,1,558,558,501_575,501_575
linear_discriminant_shrinkage,test,original,POE_WORKS_VOLUME_2_026__original,POE_WORKS_VOLUME_2_026,poe,poe,1,595,595,576_650,576_650
linear_discriminant_shrinkage,test,original,POE_WORKS_VOLUME_2_027__original,POE_WORKS_VOLUME_2_027,poe,shelley,0,550,550,501_575,501_575
linear_discriminant_shrinkage,test,original,POE_WORKS_VOLUME_2_028__original,POE_WORKS_VOLUME_2_028,poe,dickens,0,553,553,501_575,501_575
linear_discriminant_shrinkage,test,original,POE_WORKS_VOLUME_2_029__original,POE_WORKS_VOLUME_2_029,poe,shelley,0,559,559,501_575,501_575
linear_discriminant_shrinkage,test,original,POE_WORKS_VOLUME_2_030__original,POE_WORKS_VOLUME_2_030,poe,poe,1,555,555,501_575,501_575
linear_discriminant_shrinkage,test,original,SHELLEY_THE_LAST_MAN_022__original,SHELLEY_THE_LAST_MAN_022,shelley,shelley,1,556,556,501_575,501_575
linear_discriminant_shrinkage,test,original,SHELLEY_THE_LAST_MAN_023__original,SHELLEY_THE_LAST_MAN_023,shelley,shelley,1,555,555,501_575,501_575
linear_discriminant_shrinkage,test,original,SHELLEY_THE_LAST_MAN_024__original,SHELLEY_THE_LAST_MAN_024,shelley,shelley,1,572,572,501_575,501_575
linear_discriminant_shrinkage,test,original,SHELLEY_THE_LAST_MAN_025__original,SHELLEY_THE_LAST_MAN_025,shelley,shelley,1,554,554,501_575,501_575
linear_discriminant_shrinkage,test,original,SHELLEY_THE_LAST_MAN_026__original,SHELLEY_THE_LAST_MAN_026,shelley,shelley,1,556,556,501_575,501_575
linear_discriminant_shrinkage,test,original,SHELLEY_THE_LAST_MAN_027__original,SHELLEY_THE_LAST_MAN_027,shelley,shelley,1,550,550,501_575,501_575
linear_discriminant_shrinkage,test,original,SHELLEY_THE_LAST_MAN_028__original,SHELLEY_THE_LAST_MAN_028,shelley,poe,0,573,573,501_575,501_575
linear_discriminant_shrinkage,test,original,SHELLEY_THE_LAST_MAN_029__original,SHELLEY_THE_LAST_MAN_029,shelley,shelley,1,600,600,576_650,576_650
linear_discriminant_shrinkage,test,original,SHELLEY_THE_LAST_MAN_030__original,SHELLEY_THE_LAST_MAN_030,shelley,shelley,1,576,576,576_650,576_650
linear_discriminant_shrinkage,test,original,TWAIN_TOM_SAWYER_022__original,TWAIN_TOM_SAWYER_022,twain,twain,1,555,555,501_575,501_575
linear_discriminant_shrinkage,test,original,TWAIN_TOM_SAWYER_023__original,TWAIN_TOM_SAWYER_023,twain,twain,1,552,552,501_575,501_575
linear_discriminant_shrinkage,test,original,TWAIN_TOM_SAWYER_024__original,TWAIN_TOM_SAWYER_024,twain,twain,1,555,555,501_575,501_575
linear_discriminant_shrinkage,test,original,TWAIN_TOM_SAWYER_025__original,TWAIN_TOM_SAWYER_025,twain,twain,1,580,580,576_650,576_650
linear_discriminant_shrinkage,test,original,TWAIN_TOM_SAWYER_026__original,TWAIN_TOM_SAWYER_026,twain,dickens,0,569,569,501_575,501_575
linear_discriminant_shrinkage,test,original,TWAIN_TOM_SAWYER_027__original,TWAIN_TOM_SAWYER_027,twain,twain,1,553,553,501_575,501_575
linear_discriminant_shrinkage,test,original,TWAIN_TOM_SAWYER_028__original,TWAIN_TOM_SAWYER_028,twain,wilde,0,576,576,576_650,576_650
linear_discriminant_shrinkage,test,original,TWAIN_TOM_SAWYER_029__original,TWAIN_TOM_SAWYER_029,twain,twain,1,552,552,501_575,501_575
linear_discriminant_shrinkage,test,original,TWAIN_TOM_SAWYER_030__original,TWAIN_TOM_SAWYER_030,twain,twain,1,553,553,501_575,501_575
linear_discriminant_shrinkage,test,original,WILDE_LORD_ARTHUR_STORIES_022__original,WILDE_LORD_ARTHUR_STORIES_022,wilde,wilde,1,550,550,501_575,501_575
linear_discriminant_shrinkage,test,original,WILDE_LORD_ARTHUR_STORIES_023__original,WILDE_LORD_ARTHUR_STORIES_023,wilde,poe,0,591,591,576_650,576_650
linear_discriminant_shrinkage,test,original,WILDE_LORD_ARTHUR_STORIES_024__original,WILDE_LORD_ARTHUR_STORIES_024,wilde,wilde,1,574,574,501_575,501_575
linear_discriminant_shrinkage,test,original,WILDE_LORD_ARTHUR_STORIES_025__original,WILDE_LORD_ARTHUR_STORIES_025,wilde,wilde,1,557,557,501_575,501_575
linear_discriminant_shrinkage,test,original,WILDE_LORD_ARTHUR_STORIES_026__original,WILDE_LORD_ARTHUR_STORIES_026,wilde,wilde,1,550,550,501_575,501_575
linear_discriminant_shrinkage,test,original,WILDE_LORD_ARTHUR_STORIES_027__original,WILDE_LORD_ARTHUR_STORIES_027,wilde,shelley,0,578,578,576_650,576_650
linear_discriminant_shrinkage,test,original,WILDE_LORD_ARTHUR_STORIES_028__original,WILDE_LORD_ARTHUR_STORIES_028,wilde,wilde,1,562,562,501_575,501_575
linear_discriminant_shrinkage,test,original,WILDE_LORD_ARTHUR_STORIES_029__original,WILDE_LORD_ARTHUR_STORIES_029,wilde,poe,0,562,562,501_575,501_575
linear_discriminant_shrinkage,test,original,WILDE_LORD_ARTHUR_STORIES_030__original,WILDE_LORD_ARTHUR_STORIES_030,wilde,wilde,1,561,561,501_575,501_575
linear_discriminant_shrinkage,test,paraphrase,AUSTEN_PRIDE_AND_PREJUDICE_022__paraphrase,AUSTEN_PRIDE_AND_PREJUDICE_022,austen,shelley,0,415,578,outside_bands,576_650
linear_discriminant_shrinkage,test,paraphrase,AUSTEN_PRIDE_AND_PREJUDICE_023__paraphrase,AUSTEN_PRIDE_AND_PREJUDICE_023,austen,austen,1,525,562,501_575,501_575
linear_discriminant_shrinkage,test,paraphrase,AUSTEN_PRIDE_AND_PREJUDICE_024__paraphrase,AUSTEN_PRIDE_AND_PREJUDICE_024,austen,austen,1,509,575,501_575,501_575
linear_discriminant_shrinkage,test,paraphrase,AUSTEN_PRIDE_AND_PREJUDICE_025__paraphrase,AUSTEN_PRIDE_AND_PREJUDICE_025,austen,austen,1,453,570,450_500,501_575
linear_discriminant_shrinkage,test,paraphrase,AUSTEN_PRIDE_AND_PREJUDICE_026__paraphrase,AUSTEN_PRIDE_AND_PREJUDICE_026,austen,austen,1,524,551,501_575,501_575
linear_discriminant_shrinkage,test,paraphrase,AUSTEN_PRIDE_AND_PREJUDICE_027__paraphrase,AUSTEN_PRIDE_AND_PREJUDICE_027,austen,austen,1,521,565,501_575,501_575
linear_discriminant_shrinkage,test,paraphrase,AUSTEN_PRIDE_AND_PREJUDICE_028__paraphrase,AUSTEN_PRIDE_AND_PREJUDICE_028,austen,austen,1,536,572,501_575,501_575
linear_discriminant_shrinkage,test,paraphrase,AUSTEN_PRIDE_AND_PREJUDICE_029__paraphrase,AUSTEN_PRIDE_AND_PREJUDICE_029,austen,austen,1,572,577,501_575,576_650
linear_discriminant_shrinkage,test,paraphrase,AUSTEN_PRIDE_AND_PREJUDICE_030__paraphrase,AUSTEN_PRIDE_AND_PREJUDICE_030,austen,austen,1,509,558,501_575,501_575
linear_discriminant_shrinkage,test,paraphrase,DICKENS_OLIVER_TWIST_022__paraphrase,DICKENS_OLIVER_TWIST_022,dickens,wilde,0,557,566,501_575,501_575
linear_discriminant_shrinkage,test,paraphrase,DICKENS_OLIVER_TWIST_023__paraphrase,DICKENS_OLIVER_TWIST_023,dickens,wilde,0,470,564,450_500,501_575
linear_discriminant_shrinkage,test,paraphrase,DICKENS_OLIVER_TWIST_024__paraphrase,DICKENS_OLIVER_TWIST_024,dickens,wilde,0,537,573,501_575,501_575
linear_discriminant_shrinkage,test,paraphrase,DICKENS_OLIVER_TWIST_025__paraphrase,DICKENS_OLIVER_TWIST_025,dickens,wilde,0,498,551,450_500,501_575
linear_discriminant_shrinkage,test,paraphrase,DICKENS_OLIVER_TWIST_026__paraphrase,DICKENS_OLIVER_TWIST_026,dickens,dickens,1,565,594,501_575,576_650
linear_discriminant_shrinkage,test,paraphrase,DICKENS_OLIVER_TWIST_027__paraphrase,DICKENS_OLIVER_TWIST_027,dickens,dickens,1,574,564,501_575,501_575
linear_discriminant_shrinkage,test,paraphrase,DICKENS_OLIVER_TWIST_028__paraphrase,DICKENS_OLIVER_TWIST_028,dickens,wilde,0,552,551,501_575,501_575
linear_discriminant_shrinkage,test,paraphrase,DICKENS_OLIVER_TWIST_029__paraphrase,DICKENS_OLIVER_TWIST_029,dickens,shelley,0,559,592,501_575,576_650
linear_discriminant_shrinkage,test,paraphrase,DICKENS_OLIVER_TWIST_030__paraphrase,DICKENS_OLIVER_TWIST_030,dickens,wilde,0,478,550,450_500,501_575
linear_discriminant_shrinkage,test,paraphrase,POE_WORKS_VOLUME_2_022__paraphrase,POE_WORKS_VOLUME_2_022,poe,shelley,0,561,579,501_575,576_650
linear_discriminant_shrinkage,test,paraphrase,POE_WORKS_VOLUME_2_023__paraphrase,POE_WORKS_VOLUME_2_023,poe,poe,1,539,556,501_575,501_575
linear_discriminant_shrinkage,test,paraphrase,POE_WORKS_VOLUME_2_024__paraphrase,POE_WORKS_VOLUME_2_024,poe,poe,1,482,555,450_500,501_575
linear_discriminant_shrinkage,test,paraphrase,POE_WORKS_VOLUME_2_025__paraphrase,POE_WORKS_VOLUME_2_025,poe,shelley,0,518,558,501_575,501_575
linear_discriminant_shrinkage,test,paraphrase,POE_WORKS_VOLUME_2_026__paraphrase,POE_WORKS_VOLUME_2_026,poe,shelley,0,490,595,450_500,576_650
linear_discriminant_shrinkage,test,paraphrase,POE_WORKS_VOLUME_2_027__paraphrase,POE_WORKS_VOLUME_2_027,poe,shelley,0,492,550,450_500,501_575
linear_discriminant_shrinkage,test,paraphrase,POE_WORKS_VOLUME_2_028__paraphrase,POE_WORKS_VOLUME_2_028,poe,austen,0,555,553,501_575,501_575
linear_discriminant_shrinkage,test,paraphrase,POE_WORKS_VOLUME_2_029__paraphrase,POE_WORKS_VOLUME_2_029,poe,shelley,0,516,559,501_575,501_575
linear_discriminant_shrinkage,test,paraphrase,POE_WORKS_VOLUME_2_030__paraphrase,POE_WORKS_VOLUME_2_030,poe,poe,1,416,555,outside_bands,501_575
linear_discriminant_shrinkage,test,paraphrase,SHELLEY_THE_LAST_MAN_022__paraphrase,SHELLEY_THE_LAST_MAN_022,shelley,shelley,1,548,556,501_575,501_575
linear_discriminant_shrinkage,test,paraphrase,SHELLEY_THE_LAST_MAN_023__paraphrase,SHELLEY_THE_LAST_MAN_023,shelley,shelley,1,528,555,501_575,501_575
linear_discriminant_shrinkage,test,paraphrase,SHELLEY_THE_LAST_MAN_024__paraphrase,SHELLEY_THE_LAST_MAN_024,shelley,shelley,1,519,572,501_575,501_575
linear_discriminant_shrinkage,test,paraphrase,SHELLEY_THE_LAST_MAN_025__paraphrase,SHELLEY_THE_LAST_MAN_025,shelley,shelley,1,528,554,501_575,501_575
linear_discriminant_shrinkage,test,paraphrase,SHELLEY_THE_LAST_MAN_026__paraphrase,SHELLEY_THE_LAST_MAN_026,shelley,wilde,0,549,556,501_575,501_575
linear_discriminant_shrinkage,test,paraphrase,SHELLEY_THE_LAST_MAN_027__paraphrase,SHELLEY_THE_LAST_MAN_027,shelley,shelley,1,506,550,501_575,501_575
linear_discriminant_shrinkage,test,paraphrase,SHELLEY_THE_LAST_MAN_028__paraphrase,SHELLEY_THE_LAST_MAN_028,shelley,poe,0,587,573,576_650,501_575
linear_discriminant_shrinkage,test,paraphrase,SHELLEY_THE_LAST_MAN_029__paraphrase,SHELLEY_THE_LAST_MAN_029,shelley,shelley,1,613,600,576_650,576_650
linear_discriminant_shrinkage,test,paraphrase,SHELLEY_THE_LAST_MAN_030__paraphrase,SHELLEY_THE_LAST_MAN_030,shelley,shelley,1,561,576,501_575,576_650
linear_discriminant_shrinkage,test,paraphrase,TWAIN_TOM_SAWYER_022__paraphrase,TWAIN_TOM_SAWYER_022,twain,dickens,0,556,555,501_575,501_575
linear_discriminant_shrinkage,test,paraphrase,TWAIN_TOM_SAWYER_023__paraphrase,TWAIN_TOM_SAWYER_023,twain,wilde,0,570,552,501_575,501_575
linear_discriminant_shrinkage,test,paraphrase,TWAIN_TOM_SAWYER_024__paraphrase,TWAIN_TOM_SAWYER_024,twain,austen,0,539,555,501_575,501_575
linear_discriminant_shrinkage,test,paraphrase,TWAIN_TOM_SAWYER_025__paraphrase,TWAIN_TOM_SAWYER_025,twain,dickens,0,569,580,501_575,576_650
linear_discriminant_shrinkage,test,paraphrase,TWAIN_TOM_SAWYER_026__paraphrase,TWAIN_TOM_SAWYER_026,twain,wilde,0,510,569,501_575,501_575
linear_discriminant_shrinkage,test,paraphrase,TWAIN_TOM_SAWYER_027__paraphrase,TWAIN_TOM_SAWYER_027,twain,austen,0,536,553,501_575,501_575
linear_discriminant_shrinkage,test,paraphrase,TWAIN_TOM_SAWYER_028__paraphrase,TWAIN_TOM_SAWYER_028,twain,wilde,0,501,576,501_575,576_650
linear_discriminant_shrinkage,test,paraphrase,TWAIN_TOM_SAWYER_029__paraphrase,TWAIN_TOM_SAWYER_029,twain,wilde,0,525,552,501_575,501_575
linear_discriminant_shrinkage,test,paraphrase,TWAIN_TOM_SAWYER_030__paraphrase,TWAIN_TOM_SAWYER_030,twain,austen,0,540,553,501_575,501_575
linear_discriminant_shrinkage,test,paraphrase,WILDE_LORD_ARTHUR_STORIES_022__paraphrase,WILDE_LORD_ARTHUR_STORIES_022,wilde,wilde,1,480,550,450_500,501_575
linear_discriminant_shrinkage,test,paraphrase,WILDE_LORD_ARTHUR_STORIES_023__paraphrase,WILDE_LORD_ARTHUR_STORIES_023,wilde,poe,0,559,591,501_575,576_650
linear_discriminant_shrinkage,test,paraphrase,WILDE_LORD_ARTHUR_STORIES_024__paraphrase,WILDE_LORD_ARTHUR_STORIES_024,wilde,wilde,1,451,574,450_500,501_575
linear_discriminant_shrinkage,test,paraphrase,WILDE_LORD_ARTHUR_STORIES_025__paraphrase,WILDE_LORD_ARTHUR_STORIES_025,wilde,wilde,1,520,557,501_575,501_575
linear_discriminant_shrinkage,test,paraphrase,WILDE_LORD_ARTHUR_STORIES_026__paraphrase,WILDE_LORD_ARTHUR_STORIES_026,wilde,shelley,0,509,550,501_575,501_575
linear_discriminant_shrinkage,test,paraphrase,WILDE_LORD_ARTHUR_STORIES_027__paraphrase,WILDE_LORD_ARTHUR_STORIES_027,wilde,shelley,0,547,578,501_575,576_650
linear_discriminant_shrinkage,test,paraphrase,WILDE_LORD_ARTHUR_STORIES_028__paraphrase,WILDE_LORD_ARTHUR_STORIES_028,wilde,shelley,0,453,562,450_500,501_575
linear_discriminant_shrinkage,test,paraphrase,WILDE_LORD_ARTHUR_STORIES_029__paraphrase,WILDE_LORD_ARTHUR_STORIES_029,wilde,poe,0,532,562,501_575,501_575
linear_discriminant_shrinkage,test,paraphrase,WILDE_LORD_ARTHUR_STORIES_030__paraphrase,WILDE_LORD_ARTHUR_STORIES_030,wilde,wilde,1,545,561,501_575,501_575
linear_discriminant_shrinkage,test,modernize,AUSTEN_PRIDE_AND_PREJUDICE_022__modernize,AUSTEN_PRIDE_AND_PREJUDICE_022,austen,austen,1,573,578,501_575,576_650
linear_discriminant_shrinkage,test,modernize,AUSTEN_PRIDE_AND_PREJUDICE_023__modernize,AUSTEN_PRIDE_AND_PREJUDICE_023,austen,austen,1,558,562,501_575,501_575
linear_discriminant_shrinkage,test,modernize,AUSTEN_PRIDE_AND_PREJUDICE_024__modernize,AUSTEN_PRIDE_AND_PREJUDICE_024,austen,austen,1,551,575,501_575,501_575
linear_discriminant_shrinkage,test,modernize,AUSTEN_PRIDE_AND_PREJUDICE_025__modernize,AUSTEN_PRIDE_AND_PREJUDICE_025,austen,austen,1,527,570,501_575,501_575
linear_discriminant_shrinkage,test,modernize,AUSTEN_PRIDE_AND_PREJUDICE_026__modernize,AUSTEN_PRIDE_AND_PREJUDICE_026,austen,austen,1,542,551,501_575,501_575
linear_discriminant_shrinkage,test,modernize,AUSTEN_PRIDE_AND_PREJUDICE_027__modernize,AUSTEN_PRIDE_AND_PREJUDICE_027,austen,austen,1,501,565,501_575,501_575
linear_discriminant_shrinkage,test,modernize,AUSTEN_PRIDE_AND_PREJUDICE_028__modernize,AUSTEN_PRIDE_AND_PREJUDICE_028,austen,austen,1,574,572,501_575,501_575
linear_discriminant_shrinkage,test,modernize,AUSTEN_PRIDE_AND_PREJUDICE_029__modernize,AUSTEN_PRIDE_AND_PREJUDICE_029,austen,austen,1,587,577,576_650,576_650
linear_discriminant_shrinkage,test,modernize,AUSTEN_PRIDE_AND_PREJUDICE_030__modernize,AUSTEN_PRIDE_AND_PREJUDICE_030,austen,austen,1,541,558,501_575,501_575
linear_discriminant_shrinkage,test,modernize,DICKENS_OLIVER_TWIST_022__modernize,DICKENS_OLIVER_TWIST_022,dickens,dickens,1,565,566,501_575,501_575
linear_discriminant_shrinkage,test,modernize,DICKENS_OLIVER_TWIST_023__modernize,DICKENS_OLIVER_TWIST_023,dickens,austen,0,499,564,450_500,501_575
linear_discriminant_shrinkage,test,modernize,DICKENS_OLIVER_TWIST_024__modernize,DICKENS_OLIVER_TWIST_024,dickens,wilde,0,530,573,501_575,501_575
linear_discriminant_shrinkage,test,modernize,DICKENS_OLIVER_TWIST_025__modernize,DICKENS_OLIVER_TWIST_025,dickens,wilde,0,511,551,501_575,501_575
linear_discriminant_shrinkage,test,modernize,DICKENS_OLIVER_TWIST_026__modernize,DICKENS_OLIVER_TWIST_026,dickens,dickens,1,571,594,501_575,576_650
linear_discriminant_shrinkage,test,modernize,DICKENS_OLIVER_TWIST_027__modernize,DICKENS_OLIVER_TWIST_027,dickens,dickens,1,560,564,501_575,501_575
linear_discriminant_shrinkage,test,modernize,DICKENS_OLIVER_TWIST_028__modernize,DICKENS_OLIVER_TWIST_028,dickens,wilde,0,544,551,501_575,501_575
linear_discriminant_shrinkage,test,modernize,DICKENS_OLIVER_TWIST_029__modernize,DICKENS_OLIVER_TWIST_029,dickens,wilde,0,538,592,501_575,576_650
linear_discriminant_shrinkage,test,modernize,DICKENS_OLIVER_TWIST_030__modernize,DICKENS_OLIVER_TWIST_030,dickens,wilde,0,503,550,501_575,501_575
linear_discriminant_shrinkage,test,modernize,POE_WORKS_VOLUME_2_022__modernize,POE_WORKS_VOLUME_2_022,poe,shelley,0,530,579,501_575,576_650
linear_discriminant_shrinkage,test,modernize,POE_WORKS_VOLUME_2_023__modernize,POE_WORKS_VOLUME_2_023,poe,poe,1,536,556,501_575,501_575
linear_discriminant_shrinkage,test,modernize,POE_WORKS_VOLUME_2_024__modernize,POE_WORKS_VOLUME_2_024,poe,poe,1,544,555,501_575,501_575
linear_discriminant_shrinkage,test,modernize,POE_WORKS_VOLUME_2_025__modernize,POE_WORKS_VOLUME_2_025,poe,shelley,0,558,558,501_575,501_575
linear_discriminant_shrinkage,test,modernize,POE_WORKS_VOLUME_2_026__modernize,POE_WORKS_VOLUME_2_026,poe,shelley,0,535,595,501_575,576_650
linear_discriminant_shrinkage,test,modernize,POE_WORKS_VOLUME_2_027__modernize,POE_WORKS_VOLUME_2_027,poe,shelley,0,536,550,501_575,501_575
linear_discriminant_shrinkage,test,modernize,POE_WORKS_VOLUME_2_028__modernize,POE_WORKS_VOLUME_2_028,poe,dickens,0,537,553,501_575,501_575
linear_discriminant_shrinkage,test,modernize,POE_WORKS_VOLUME_2_029__modernize,POE_WORKS_VOLUME_2_029,poe,shelley,0,526,559,501_575,501_575
linear_discriminant_shrinkage,test,modernize,POE_WORKS_VOLUME_2_030__modernize,POE_WORKS_VOLUME_2_030,poe,poe,1,452,555,450_500,501_575
linear_discriminant_shrinkage,test,modernize,SHELLEY_THE_LAST_MAN_022__modernize,SHELLEY_THE_LAST_MAN_022,shelley,shelley,1,556,556,501_575,501_575
linear_discriminant_shrinkage,test,modernize,SHELLEY_THE_LAST_MAN_023__modernize,SHELLEY_THE_LAST_MAN_023,shelley,shelley,1,509,555,501_575,501_575
linear_discriminant_shrinkage,test,modernize,SHELLEY_THE_LAST_MAN_024__modernize,SHELLEY_THE_LAST_MAN_024,shelley,shelley,1,531,572,501_575,501_575
linear_discriminant_shrinkage,test,modernize,SHELLEY_THE_LAST_MAN_025__modernize,SHELLEY_THE_LAST_MAN_025,shelley,shelley,1,532,554,501_575,501_575
linear_discriminant_shrinkage,test,modernize,SHELLEY_THE_LAST_MAN_026__modernize,SHELLEY_THE_LAST_MAN_026,shelley,wilde,0,562,556,501_575,501_575
linear_discriminant_shrinkage,test,modernize,SHELLEY_THE_LAST_MAN_027__modernize,SHELLEY_THE_LAST_MAN_027,shelley,shelley,1,551,550,501_575,501_575
linear_discriminant_shrinkage,test,modernize,SHELLEY_THE_LAST_MAN_028__modernize,SHELLEY_THE_LAST_MAN_028,shelley,poe,0,588,573,576_650,501_575
linear_discriminant_shrinkage,test,modernize,SHELLEY_THE_LAST_MAN_029__modernize,SHELLEY_THE_LAST_MAN_029,shelley,shelley,1,593,600,576_650,576_650
linear_discriminant_shrinkage,test,modernize,SHELLEY_THE_LAST_MAN_030__modernize,SHELLEY_THE_LAST_MAN_030,shelley,shelley,1,551,576,501_575,576_650
linear_discriminant_shrinkage,test,modernize,TWAIN_TOM_SAWYER_022__modernize,TWAIN_TOM_SAWYER_022,twain,dickens,0,543,555,501_575,501_575
linear_discriminant_shrinkage,test,modernize,TWAIN_TOM_SAWYER_023__modernize,TWAIN_TOM_SAWYER_023,twain,wilde,0,550,552,501_575,501_575
linear_discriminant_shrinkage,test,modernize,TWAIN_TOM_SAWYER_024__modernize,TWAIN_TOM_SAWYER_024,twain,wilde,0,547,555,501_575,501_575
linear_discriminant_shrinkage,test,modernize,TWAIN_TOM_SAWYER_025__modernize,TWAIN_TOM_SAWYER_025,twain,twain,1,590,580,576_650,576_650
linear_discriminant_shrinkage,test,modernize,TWAIN_TOM_SAWYER_026__modernize,TWAIN_TOM_SAWYER_026,twain,dickens,0,544,569,501_575,501_575
linear_discriminant_shrinkage,test,modernize,TWAIN_TOM_SAWYER_027__modernize,TWAIN_TOM_SAWYER_027,twain,twain,1,554,553,501_575,501_575
linear_discriminant_shrinkage,test,modernize,TWAIN_TOM_SAWYER_028__modernize,TWAIN_TOM_SAWYER_028,twain,wilde,0,526,576,501_575,576_650
linear_discriminant_shrinkage,test,modernize,TWAIN_TOM_SAWYER_029__modernize,TWAIN_TOM_SAWYER_029,twain,twain,1,535,552,501_575,501_575
linear_discriminant_shrinkage,test,modernize,TWAIN_TOM_SAWYER_030__modernize,TWAIN_TOM_SAWYER_030,twain,twain,1,545,553,501_575,501_575
linear_discriminant_shrinkage,test,modernize,WILDE_LORD_ARTHUR_STORIES_022__modernize,WILDE_LORD_ARTHUR_STORIES_022,wilde,wilde,1,522,550,501_575,501_575
linear_discriminant_shrinkage,test,modernize,WILDE_LORD_ARTHUR_STORIES_023__modernize,WILDE_LORD_ARTHUR_STORIES_023,wilde,poe,0,536,591,501_575,576_650
linear_discriminant_shrinkage,test,modernize,WILDE_LORD_ARTHUR_STORIES_024__modernize,WILDE_LORD_ARTHUR_STORIES_024,wilde,wilde,1,516,574,501_575,501_575
linear_discriminant_shrinkage,test,modernize,WILDE_LORD_ARTHUR_STORIES_025__modernize,WILDE_LORD_ARTHUR_STORIES_025,wilde,wilde,1,531,557,501_575,501_575
linear_discriminant_shrinkage,test,modernize,WILDE_LORD_ARTHUR_STORIES_026__modernize,WILDE_LORD_ARTHUR_STORIES_026,wilde,wilde,1,509,550,501_575,501_575
linear_discriminant_shrinkage,test,modernize,WILDE_LORD_ARTHUR_STORIES_027__modernize,WILDE_LORD_ARTHUR_STORIES_027,wilde,wilde,1,575,578,501_575,576_650
linear_discriminant_shrinkage,test,modernize,WILDE_LORD_ARTHUR_STORIES_028__modernize,WILDE_LORD_ARTHUR_STORIES_028,wilde,wilde,1,506,562,501_575,501_575
linear_discriminant_shrinkage,test,modernize,WILDE_LORD_ARTHUR_STORIES_029__modernize,WILDE_LORD_ARTHUR_STORIES_029,wilde,poe,0,547,562,501_575,501_575
linear_discriminant_shrinkage,test,modernize,WILDE_LORD_ARTHUR_STORIES_030__modernize,WILDE_LORD_ARTHUR_STORIES_030,wilde,wilde,1,546,561,501_575,501_575
linear_discriminant_shrinkage,test,simplify,AUSTEN_PRIDE_AND_PREJUDICE_022__simplify,AUSTEN_PRIDE_AND_PREJUDICE_022,austen,austen,1,545,578,501_575,576_650
linear_discriminant_shrinkage,test,simplify,AUSTEN_PRIDE_AND_PREJUDICE_023__simplify,AUSTEN_PRIDE_AND_PREJUDICE_023,austen,austen,1,563,562,501_575,501_575
linear_discriminant_shrinkage,test,simplify,AUSTEN_PRIDE_AND_PREJUDICE_024__simplify,AUSTEN_PRIDE_AND_PREJUDICE_024,austen,austen,1,537,575,501_575,501_575
linear_discriminant_shrinkage,test,simplify,AUSTEN_PRIDE_AND_PREJUDICE_025__simplify,AUSTEN_PRIDE_AND_PREJUDICE_025,austen,austen,1,520,570,501_575,501_575
linear_discriminant_shrinkage,test,simplify,AUSTEN_PRIDE_AND_PREJUDICE_026__simplify,AUSTEN_PRIDE_AND_PREJUDICE_026,austen,austen,1,526,551,501_575,501_575
linear_discriminant_shrinkage,test,simplify,AUSTEN_PRIDE_AND_PREJUDICE_027__simplify,AUSTEN_PRIDE_AND_PREJUDICE_027,austen,austen,1,519,565,501_575,501_575
linear_discriminant_shrinkage,test,simplify,AUSTEN_PRIDE_AND_PREJUDICE_028__simplify,AUSTEN_PRIDE_AND_PREJUDICE_028,austen,austen,1,579,572,576_650,501_575
linear_discriminant_shrinkage,test,simplify,AUSTEN_PRIDE_AND_PREJUDICE_029__simplify,AUSTEN_PRIDE_AND_PREJUDICE_029,austen,austen,1,564,577,501_575,576_650
linear_discriminant_shrinkage,test,simplify,AUSTEN_PRIDE_AND_PREJUDICE_030__simplify,AUSTEN_PRIDE_AND_PREJUDICE_030,austen,austen,1,533,558,501_575,501_575
linear_discriminant_shrinkage,test,simplify,DICKENS_OLIVER_TWIST_022__simplify,DICKENS_OLIVER_TWIST_022,dickens,wilde,0,552,566,501_575,501_575
linear_discriminant_shrinkage,test,simplify,DICKENS_OLIVER_TWIST_023__simplify,DICKENS_OLIVER_TWIST_023,dickens,austen,0,447,564,outside_bands,501_575
linear_discriminant_shrinkage,test,simplify,DICKENS_OLIVER_TWIST_024__simplify,DICKENS_OLIVER_TWIST_024,dickens,wilde,0,549,573,501_575,501_575
linear_discriminant_shrinkage,test,simplify,DICKENS_OLIVER_TWIST_025__simplify,DICKENS_OLIVER_TWIST_025,dickens,wilde,0,490,551,450_500,501_575
linear_discriminant_shrinkage,test,simplify,DICKENS_OLIVER_TWIST_026__simplify,DICKENS_OLIVER_TWIST_026,dickens,dickens,1,571,594,501_575,576_650
linear_discriminant_shrinkage,test,simplify,DICKENS_OLIVER_TWIST_027__simplify,DICKENS_OLIVER_TWIST_027,dickens,dickens,1,565,564,501_575,501_575
linear_discriminant_shrinkage,test,simplify,DICKENS_OLIVER_TWIST_028__simplify,DICKENS_OLIVER_TWIST_028,dickens,wilde,0,545,551,501_575,501_575
linear_discriminant_shrinkage,test,simplify,DICKENS_OLIVER_TWIST_029__simplify,DICKENS_OLIVER_TWIST_029,dickens,wilde,0,548,592,501_575,576_650
linear_discriminant_shrinkage,test,simplify,DICKENS_OLIVER_TWIST_030__simplify,DICKENS_OLIVER_TWIST_030,dickens,wilde,0,505,550,501_575,501_575
linear_discriminant_shrinkage,test,simplify,POE_WORKS_VOLUME_2_022__simplify,POE_WORKS_VOLUME_2_022,poe,shelley,0,544,579,501_575,576_650
linear_discriminant_shrinkage,test,simplify,POE_WORKS_VOLUME_2_023__simplify,POE_WORKS_VOLUME_2_023,poe,poe,1,505,556,501_575,501_575
linear_discriminant_shrinkage,test,simplify,POE_WORKS_VOLUME_2_024__simplify,POE_WORKS_VOLUME_2_024,poe,poe,1,517,555,501_575,501_575
linear_discriminant_shrinkage,test,simplify,POE_WORKS_VOLUME_2_025__simplify,POE_WORKS_VOLUME_2_025,poe,shelley,0,554,558,501_575,501_575
linear_discriminant_shrinkage,test,simplify,POE_WORKS_VOLUME_2_026__simplify,POE_WORKS_VOLUME_2_026,poe,austen,0,522,595,501_575,576_650
linear_discriminant_shrinkage,test,simplify,POE_WORKS_VOLUME_2_027__simplify,POE_WORKS_VOLUME_2_027,poe,shelley,0,497,550,450_500,501_575
linear_discriminant_shrinkage,test,simplify,POE_WORKS_VOLUME_2_028__simplify,POE_WORKS_VOLUME_2_028,poe,dickens,0,488,553,450_500,501_575
linear_discriminant_shrinkage,test,simplify,POE_WORKS_VOLUME_2_029__simplify,POE_WORKS_VOLUME_2_029,poe,shelley,0,499,559,450_500,501_575
linear_discriminant_shrinkage,test,simplify,POE_WORKS_VOLUME_2_030__simplify,POE_WORKS_VOLUME_2_030,poe,poe,1,446,555,outside_bands,501_575
linear_discriminant_shrinkage,test,simplify,SHELLEY_THE_LAST_MAN_022__simplify,SHELLEY_THE_LAST_MAN_022,shelley,dickens,0,525,556,501_575,501_575
linear_discriminant_shrinkage,test,simplify,SHELLEY_THE_LAST_MAN_023__simplify,SHELLEY_THE_LAST_MAN_023,shelley,austen,0,524,555,501_575,501_575
linear_discriminant_shrinkage,test,simplify,SHELLEY_THE_LAST_MAN_024__simplify,SHELLEY_THE_LAST_MAN_024,shelley,austen,0,520,572,501_575,501_575
linear_discriminant_shrinkage,test,simplify,SHELLEY_THE_LAST_MAN_025__simplify,SHELLEY_THE_LAST_MAN_025,shelley,wilde,0,526,554,501_575,501_575
linear_discriminant_shrinkage,test,simplify,SHELLEY_THE_LAST_MAN_026__simplify,SHELLEY_THE_LAST_MAN_026,shelley,wilde,0,577,556,576_650,501_575
linear_discriminant_shrinkage,test,simplify,SHELLEY_THE_LAST_MAN_027__simplify,SHELLEY_THE_LAST_MAN_027,shelley,poe,0,525,550,501_575,501_575
linear_discriminant_shrinkage,test,simplify,SHELLEY_THE_LAST_MAN_028__simplify,SHELLEY_THE_LAST_MAN_028,shelley,wilde,0,571,573,501_575,501_575
linear_discriminant_shrinkage,test,simplify,SHELLEY_THE_LAST_MAN_029__simplify,SHELLEY_THE_LAST_MAN_029,shelley,shelley,1,579,600,576_650,576_650
linear_discriminant_shrinkage,test,simplify,SHELLEY_THE_LAST_MAN_030__simplify,SHELLEY_THE_LAST_MAN_030,shelley,shelley,1,537,576,501_575,576_650
linear_discriminant_shrinkage,test,simplify,TWAIN_TOM_SAWYER_022__simplify,TWAIN_TOM_SAWYER_022,twain,wilde,0,584,555,576_650,501_575
linear_discriminant_shrinkage,test,simplify,TWAIN_TOM_SAWYER_023__simplify,TWAIN_TOM_SAWYER_023,twain,wilde,0,572,552,501_575,501_575
linear_discriminant_shrinkage,test,simplify,TWAIN_TOM_SAWYER_024__simplify,TWAIN_TOM_SAWYER_024,twain,wilde,0,517,555,501_575,501_575
linear_discriminant_shrinkage,test,simplify,TWAIN_TOM_SAWYER_025__simplify,TWAIN_TOM_SAWYER_025,twain,twain,1,594,580,576_650,576_650
linear_discriminant_shrinkage,test,simplify,TWAIN_TOM_SAWYER_026__simplify,TWAIN_TOM_SAWYER_026,twain,wilde,0,550,569,501_575,501_575
linear_discriminant_shrinkage,test,simplify,TWAIN_TOM_SAWYER_027__simplify,TWAIN_TOM_SAWYER_027,twain,austen,0,546,553,501_575,501_575
linear_discriminant_shrinkage,test,simplify,TWAIN_TOM_SAWYER_028__simplify,TWAIN_TOM_SAWYER_028,twain,wilde,0,530,576,501_575,576_650
linear_discriminant_shrinkage,test,simplify,TWAIN_TOM_SAWYER_029__simplify,TWAIN_TOM_SAWYER_029,twain,wilde,0,533,552,501_575,501_575
linear_discriminant_shrinkage,test,simplify,TWAIN_TOM_SAWYER_030__simplify,TWAIN_TOM_SAWYER_030,twain,twain,1,545,553,501_575,501_575
linear_discriminant_shrinkage,test,simplify,WILDE_LORD_ARTHUR_STORIES_022__simplify,WILDE_LORD_ARTHUR_STORIES_022,wilde,wilde,1,531,550,501_575,501_575
linear_discriminant_shrinkage,test,simplify,WILDE_LORD_ARTHUR_STORIES_023__simplify,WILDE_LORD_ARTHUR_STORIES_023,wilde,shelley,0,500,591,450_500,576_650
linear_discriminant_shrinkage,test,simplify,WILDE_LORD_ARTHUR_STORIES_024__simplify,WILDE_LORD_ARTHUR_STORIES_024,wilde,wilde,1,511,574,501_575,501_575
linear_discriminant_shrinkage,test,simplify,WILDE_LORD_ARTHUR_STORIES_025__simplify,WILDE_LORD_ARTHUR_STORIES_025,wilde,wilde,1,542,557,501_575,501_575
linear_discriminant_shrinkage,test,simplify,WILDE_LORD_ARTHUR_STORIES_026__simplify,WILDE_LORD_ARTHUR_STORIES_026,wilde,wilde,1,512,550,501_575,501_575
linear_discriminant_shrinkage,test,simplify,WILDE_LORD_ARTHUR_STORIES_027__simplify,WILDE_LORD_ARTHUR_STORIES_027,wilde,shelley,0,541,578,501_575,576_650
linear_discriminant_shrinkage,test,simplify,WILDE_LORD_ARTHUR_STORIES_028__simplify,WILDE_LORD_ARTHUR_STORIES_028,wilde,wilde,1,499,562,450_500,501_575
linear_discriminant_shrinkage,test,simplify,WILDE_LORD_ARTHUR_STORIES_029__simplify,WILDE_LORD_ARTHUR_STORIES_029,wilde,poe,0,528,562,501_575,501_575
linear_discriminant_shrinkage,test,simplify,WILDE_LORD_ARTHUR_STORIES_030__simplify,WILDE_LORD_ARTHUR_STORIES_030,wilde,wilde,1,536,561,501_575,501_575
