repair_id,source_request_id,target,replication_model_id,provider_model_name,passage_id,condition,repair_action,repair_version,repair_prompt_sha256,old_qc_status,old_qc_flags,old_parse_status,old_length_ratio,old_rewritten_word_count,old_rewritten_text_sha256,old_rewritten_text,original_word_count,new_qc_status,new_qc_flags,new_parse_status,new_length_ratio,new_rewritten_word_count,new_rewritten_text_sha256,new_rewritten_text,created_utc
groq_qwen_32b_free|run_1|AUSTEN_EMMA_002|paraphrase|qc_repair_v1|json_canonicalized_no_text_change|attempt_1,groq_qwen_32b_free|run_1|AUSTEN_EMMA_002|paraphrase,qwen,groq_qwen_32b_free,qwen/qwen3-32b,AUSTEN_EMMA_002,paraphrase,json_canonicalized_no_text_change,qc_repair_v1,,warning,json_repaired_loose_rewritten_text,json_repaired_loose_rewritten_text,0.97331,547,4357fb0b04da1cf1198e22df71cd98e2fa34b68023cbf6805eb4b2227ac20832,"The list she compiled when she was just fourteen—I recall being so impressed by her discernment that I kept it for a while; and I daresay she has produced an even better one now. But I have given up on expecting Emma to follow any regular course of reading. She will never submit to anything that demands diligence and perseverance, or that requires the imagination to yield to reason. Where Miss Taylor failed to inspire, I can confidently say that Harriet Smith will achieve nothing.—You could never persuade her to read as much as you desired.—You know you could not.”

“‘I dare say,’ replied Mrs. Weston, with a smile, ‘that I thought so _then_;—but since we have parted, I can never recall Emma failing to do anything I wished.’”

“There is little point in trying to revive such a memory as _that_,” said Mr. Knightley, feelingly; and for a moment or two he was silent. “But I,” he soon added, “who have had no such enchantment over my senses, must still see, hear, and remember. Emma is spoiled by being the cleverest in her family. At ten years old, she had the misfortune of being able to answer questions that baffled her sister at seventeen. She was always quick and confident: Isabella slow and uncertain. And ever since she was twelve, Emma has ruled the household and all of you. In her mother, she lost the only person capable of managing her. She inherits her mother’s talents, and must have been under her control.”

“I should have been sorry, Mr. Knightley, to rely on _your_ recommendation, had I left Mr. Woodhouse’s family and needed another position; I do not think you would have spoken kindly of me to anyone. I am certain you always thought me unfit for the role I held.”

“Yes,” he said, smiling. “You are better suited _here_; very fit for a wife, but not at all for a governess. But you were preparing yourself to be an excellent wife all the time you were at Hartfield. You might not have given Emma the thorough education your abilities seemed to promise; but you were receiving a very good education from _her_, on the essential matrimonial matter of yielding your own will, and doing as you were told; and if Weston had asked me to recommend him a wife, I should certainly have named Miss Taylor.”

“Thank you. There will be very little merit in making a good wife to such a man as Mr. Weston.”

“Why, to be honest, I am afraid you are rather wasted, and that with every inclination to endure, there will be nothing to endure. We will not despair, however. Weston may grow cross from the indulgence of ease, or his son may plague him.”

“I hope not _that_.—It is not likely. No, Mr. Knightley, do not predict trouble from that quarter.”

“Not I, indeed. I only mention possibilities. I do not claim Emma’s genius for predicting and guessing. I hope, with all my heart, the young man may be a Weston in merit, and a Churchill in fortune.—But Harriet Smith—I have not half finished speaking of Harriet Smith. I think her the very worst sort of companion that Emma could possibly have.",562,pass,,json_ok,0.97331,547,4357fb0b04da1cf1198e22df71cd98e2fa34b68023cbf6805eb4b2227ac20832,"The list she compiled when she was just fourteen—I recall being so impressed by her discernment that I kept it for a while; and I daresay she has produced an even better one now. But I have given up on expecting Emma to follow any regular course of reading. She will never submit to anything that demands diligence and perseverance, or that requires the imagination to yield to reason. Where Miss Taylor failed to inspire, I can confidently say that Harriet Smith will achieve nothing.—You could never persuade her to read as much as you desired.—You know you could not.”

“‘I dare say,’ replied Mrs. Weston, with a smile, ‘that I thought so _then_;—but since we have parted, I can never recall Emma failing to do anything I wished.’”

“There is little point in trying to revive such a memory as _that_,” said Mr. Knightley, feelingly; and for a moment or two he was silent. “But I,” he soon added, “who have had no such enchantment over my senses, must still see, hear, and remember. Emma is spoiled by being the cleverest in her family. At ten years old, she had the misfortune of being able to answer questions that baffled her sister at seventeen. She was always quick and confident: Isabella slow and uncertain. And ever since she was twelve, Emma has ruled the household and all of you. In her mother, she lost the only person capable of managing her. She inherits her mother’s talents, and must have been under her control.”

“I should have been sorry, Mr. Knightley, to rely on _your_ recommendation, had I left Mr. Woodhouse’s family and needed another position; I do not think you would have spoken kindly of me to anyone. I am certain you always thought me unfit for the role I held.”

“Yes,” he said, smiling. “You are better suited _here_; very fit for a wife, but not at all for a governess. But you were preparing yourself to be an excellent wife all the time you were at Hartfield. You might not have given Emma the thorough education your abilities seemed to promise; but you were receiving a very good education from _her_, on the essential matrimonial matter of yielding your own will, and doing as you were told; and if Weston had asked me to recommend him a wife, I should certainly have named Miss Taylor.”

“Thank you. There will be very little merit in making a good wife to such a man as Mr. Weston.”

“Why, to be honest, I am afraid you are rather wasted, and that with every inclination to endure, there will be nothing to endure. We will not despair, however. Weston may grow cross from the indulgence of ease, or his son may plague him.”

“I hope not _that_.—It is not likely. No, Mr. Knightley, do not predict trouble from that quarter.”

“Not I, indeed. I only mention possibilities. I do not claim Emma’s genius for predicting and guessing. I hope, with all my heart, the young man may be a Weston in merit, and a Churchill in fortune.—But Harriet Smith—I have not half finished speaking of Harriet Smith. I think her the very worst sort of companion that Emma could possibly have.",2026-06-07T18:20:00Z
groq_qwen_32b_free|run_1|AUSTEN_EMMA_002|simplify|qc_repair_v1|json_canonicalized_no_text_change|attempt_1,groq_qwen_32b_free|run_1|AUSTEN_EMMA_002|simplify,qwen,groq_qwen_32b_free,qwen/qwen3-32b,AUSTEN_EMMA_002,simplify,json_canonicalized_no_text_change,qc_repair_v1,,warning,json_repaired_loose_rewritten_text,json_repaired_loose_rewritten_text,0.941281,529,61de04c8439440fb48ae3bca0410216ef59d4259e3b09afa241e761ae8fd3411,"The list she made when she was only fourteen—I remember thinking it showed how smart she was, so I kept it for a while. I suppose she has made a much better list now. But I’ve given up expecting Emma to read regularly. She never likes things that take effort, patience, or where the imagination has to take a back seat to the mind. If Miss Taylor couldn’t get her to read, then Harriet Smith certainly won’t either. You could never get Emma to read half as much as you wanted. You know you couldn’t.”

  “I dare say,” replied Mrs. Weston, smiling, “that I thought so then; but since we’ve been apart, I can’t remember Emma ever not doing anything I wanted.”

  “There’s hardly any need to try to improve such a good memory,” said Mr. Knightley, feelingly. After a moment or two, he added, “But I, who haven’t been so charmed, must still see, hear, and remember. Emma is spoiled by being the smartest in her family. At ten, she had the bad luck of being able to answer questions that confused her sister at seventeen. She was always quick and confident; Isabella was slow and unsure. And ever since she was twelve, Emma has been in charge of the house and all of you. In her mother, she lost the only person who could match her. She has her mother’s talents and must have been under her control.”

  “I would have been sorry, Mr. Knightley, to depend on your recommendation if I had left Mr. Woodhouse’s family and needed another job. I don’t think you would have said a good word for me to anyone. I’m sure you always thought I wasn’t fit for the job I had.”

  “Yes,” he said, smiling. “You are better placed here; very fit to be a wife, but not at all for a governess. But you were preparing yourself to be an excellent wife all the time you were at Hartfield. You might not have given Emma the full education your talents promised, but you were getting a very good education from her, on the important topic of marriage of giving in and doing what you were told. And if Weston had asked me to recommend him a wife, I would certainly have named Miss Taylor.”

  “Thank you. There will be very little credit in being a good wife to such a man as Mr. Weston.”

  “Why, to tell the truth, I’m afraid you are a bit wasted, and that with every desire to be patient, there will be nothing to be patient with. We won’t give up hope, though. Weston might get cross from too much comfort, or his son might annoy him.”

  “I hope not. That doesn’t seem likely. No, Mr. Knightley, don’t expect trouble from that side.”

  “Not I, indeed. I only mention possibilities. I don’t pretend to Emma’s talent for predicting and guessing. I hope, with all my heart, the young man may be a Weston in merit and a Churchill in fortune. But Harriet Smith—I haven’t finished talking about Harriet Smith. I think she is the worst kind of companion Emma could possibly have.",562,pass,,json_ok,0.941281,529,61de04c8439440fb48ae3bca0410216ef59d4259e3b09afa241e761ae8fd3411,"The list she made when she was only fourteen—I remember thinking it showed how smart she was, so I kept it for a while. I suppose she has made a much better list now. But I’ve given up expecting Emma to read regularly. She never likes things that take effort, patience, or where the imagination has to take a back seat to the mind. If Miss Taylor couldn’t get her to read, then Harriet Smith certainly won’t either. You could never get Emma to read half as much as you wanted. You know you couldn’t.”

  “I dare say,” replied Mrs. Weston, smiling, “that I thought so then; but since we’ve been apart, I can’t remember Emma ever not doing anything I wanted.”

  “There’s hardly any need to try to improve such a good memory,” said Mr. Knightley, feelingly. After a moment or two, he added, “But I, who haven’t been so charmed, must still see, hear, and remember. Emma is spoiled by being the smartest in her family. At ten, she had the bad luck of being able to answer questions that confused her sister at seventeen. She was always quick and confident; Isabella was slow and unsure. And ever since she was twelve, Emma has been in charge of the house and all of you. In her mother, she lost the only person who could match her. She has her mother’s talents and must have been under her control.”

  “I would have been sorry, Mr. Knightley, to depend on your recommendation if I had left Mr. Woodhouse’s family and needed another job. I don’t think you would have said a good word for me to anyone. I’m sure you always thought I wasn’t fit for the job I had.”

  “Yes,” he said, smiling. “You are better placed here; very fit to be a wife, but not at all for a governess. But you were preparing yourself to be an excellent wife all the time you were at Hartfield. You might not have given Emma the full education your talents promised, but you were getting a very good education from her, on the important topic of marriage of giving in and doing what you were told. And if Weston had asked me to recommend him a wife, I would certainly have named Miss Taylor.”

  “Thank you. There will be very little credit in being a good wife to such a man as Mr. Weston.”

  “Why, to tell the truth, I’m afraid you are a bit wasted, and that with every desire to be patient, there will be nothing to be patient with. We won’t give up hope, though. Weston might get cross from too much comfort, or his son might annoy him.”

  “I hope not. That doesn’t seem likely. No, Mr. Knightley, don’t expect trouble from that side.”

  “Not I, indeed. I only mention possibilities. I don’t pretend to Emma’s talent for predicting and guessing. I hope, with all my heart, the young man may be a Weston in merit and a Churchill in fortune. But Harriet Smith—I haven’t finished talking about Harriet Smith. I think she is the worst kind of companion Emma could possibly have.",2026-06-07T18:20:00Z
groq_qwen_32b_free|run_1|AUSTEN_EMMA_004|paraphrase|qc_repair_v1|json_canonicalized_no_text_change|attempt_1,groq_qwen_32b_free|run_1|AUSTEN_EMMA_004|paraphrase,qwen,groq_qwen_32b_free,qwen/qwen3-32b,AUSTEN_EMMA_004,paraphrase,json_canonicalized_no_text_change,qc_repair_v1,,warning,json_repaired_loose_rewritten_text,json_repaired_loose_rewritten_text,0.991071,555,1360578c2b7dc591a3af249b8b70a6531b950b840173598734b17f003c8466f5,"And is she, at seventeen, just beginning life, just starting to be noticed, to be admired for not accepting the first proposal she receives? No—pray allow her time to consider her options.”

“I have always considered it a foolish attachment,” Mr. Knightley remarked after a moment, “though I have kept my thoughts to myself; but I now see it will be a regrettable one for Harriet. You will inflate her with notions of her own beauty and of what she is entitled to, until in a short time no one within her reach will seem good enough for her. Pride, when it takes hold of a weak mind, brings about all sorts of trouble. It is so easy for a young lady to expect too much. Miss Harriet Smith may not find proposals of marriage coming in so quickly, though she is a very pretty girl. Men of sense, whatever you may choose to say, do not seek foolish wives. Men of standing would not be particularly eager to link themselves with a girl of such uncertain background—and the most prudent men would be wary of the inconvenience and disgrace they might face when the mystery of her parentage is uncovered. Let her marry Robert Martin, and she is safe, respected, and happy for ever; but if you encourage her to hope for a grander match, and teach her to accept nothing less than a man of importance and considerable fortune, she may end up as a parlour-boarder at Mrs. Goddard’s for the rest of her life—or, at the very least, (for Harriet Smith is a girl who will marry someone or other,) until she becomes desperate and is glad to accept the son of the old writing-master.”

“You and I differ so greatly on this matter, Mr. Knightley, that there is no point in arguing. We shall only make each other more vexed. But as for my _allowing_ her to marry Robert Martin, it is impossible; she has refused him, and so firmly, I think, as must prevent any further attempt. She must suffer the consequences of having refused him, whatever they may be; and as for the refusal itself, I will not pretend to say that I might not have had some influence; but I assure you there was very little for me or anyone else to do. His appearance is so much against him, and his manner so poor, that if she ever were inclined to favor him, she is not now. I can imagine that before she had met anyone better, she might have tolerated him. He was the brother of her friends, and he made an effort to please her; and altogether, having seen nobody more refined (that must have been his great advantage) she might not, while she was at Abbey-Mill, have found him disagreeable. But the situation is different now. She knows what gentlemen are; and nothing but a gentleman in education and manner has any chance with Harriet.”

“Fiddlesticks, absurd fiddlesticks, as ever was said!” exclaimed Mr. Knightley.—“Robert Martin’s manner has sense, sincerity, and good humour to recommend it; and his mind has more true gentility than Harriet Smith could understand.”

Emma said nothing, and tried to appear cheerful and unconcerned, but was truly feeling uneasy and wished him very much to leave.",560,pass,,json_ok,0.991071,555,1360578c2b7dc591a3af249b8b70a6531b950b840173598734b17f003c8466f5,"And is she, at seventeen, just beginning life, just starting to be noticed, to be admired for not accepting the first proposal she receives? No—pray allow her time to consider her options.”

“I have always considered it a foolish attachment,” Mr. Knightley remarked after a moment, “though I have kept my thoughts to myself; but I now see it will be a regrettable one for Harriet. You will inflate her with notions of her own beauty and of what she is entitled to, until in a short time no one within her reach will seem good enough for her. Pride, when it takes hold of a weak mind, brings about all sorts of trouble. It is so easy for a young lady to expect too much. Miss Harriet Smith may not find proposals of marriage coming in so quickly, though she is a very pretty girl. Men of sense, whatever you may choose to say, do not seek foolish wives. Men of standing would not be particularly eager to link themselves with a girl of such uncertain background—and the most prudent men would be wary of the inconvenience and disgrace they might face when the mystery of her parentage is uncovered. Let her marry Robert Martin, and she is safe, respected, and happy for ever; but if you encourage her to hope for a grander match, and teach her to accept nothing less than a man of importance and considerable fortune, she may end up as a parlour-boarder at Mrs. Goddard’s for the rest of her life—or, at the very least, (for Harriet Smith is a girl who will marry someone or other,) until she becomes desperate and is glad to accept the son of the old writing-master.”

“You and I differ so greatly on this matter, Mr. Knightley, that there is no point in arguing. We shall only make each other more vexed. But as for my _allowing_ her to marry Robert Martin, it is impossible; she has refused him, and so firmly, I think, as must prevent any further attempt. She must suffer the consequences of having refused him, whatever they may be; and as for the refusal itself, I will not pretend to say that I might not have had some influence; but I assure you there was very little for me or anyone else to do. His appearance is so much against him, and his manner so poor, that if she ever were inclined to favor him, she is not now. I can imagine that before she had met anyone better, she might have tolerated him. He was the brother of her friends, and he made an effort to please her; and altogether, having seen nobody more refined (that must have been his great advantage) she might not, while she was at Abbey-Mill, have found him disagreeable. But the situation is different now. She knows what gentlemen are; and nothing but a gentleman in education and manner has any chance with Harriet.”

“Fiddlesticks, absurd fiddlesticks, as ever was said!” exclaimed Mr. Knightley.—“Robert Martin’s manner has sense, sincerity, and good humour to recommend it; and his mind has more true gentility than Harriet Smith could understand.”

Emma said nothing, and tried to appear cheerful and unconcerned, but was truly feeling uneasy and wished him very much to leave.",2026-06-07T18:20:00Z
groq_qwen_32b_free|run_1|AUSTEN_EMMA_004|simplify|qc_repair_v1|json_canonicalized_no_text_change|attempt_1,groq_qwen_32b_free|run_1|AUSTEN_EMMA_004|simplify,qwen,groq_qwen_32b_free,qwen/qwen3-32b,AUSTEN_EMMA_004,simplify,json_canonicalized_no_text_change,qc_repair_v1,,warning,json_repaired_loose_rewritten_text,json_repaired_loose_rewritten_text,0.878571,492,0e4d9d97b4e3c80c502dd9475880897ef671261b14f3e901663e0064e5f04584,"And is she, at seventeen, just starting out in life, just beginning to be noticed, to be admired because she doesn’t accept the first proposal she gets? No—please let her have time to look around.”

“I’ve always thought it was a foolish friendship,” said Mr. Knightley after a while, “though I’ve kept my thoughts to myself; but now I see it will be a very unfortunate one for Harriet. You’ll fill her head with ideas about her own beauty and what she deserves, and soon no one in her circle will be good enough for her. Pride in a weak mind causes all sorts of problems. It’s easy for a young woman to expect too much. Miss Harriet Smith may not find marriage proposals coming fast, even though she is a very pretty girl. Smart men, no matter what you say, don’t want silly wives. Men from good families wouldn’t be very interested in marrying a girl with such an unclear background—and sensible men would worry about the trouble and embarrassment they might face when her parentage is discovered. If she marries Robert Martin, she is safe, respected, and happy forever; but if you encourage her to expect to marry someone important and wealthy, she might end up living with Mrs. Goddard for the rest of her life—or, at least, (for Harriet Smith is a girl who will marry someone eventually,) until she gets desperate and is glad to accept the old writing-master’s son.”

“We see this issue so differently, Mr. Knightley, that there’s no point in arguing. We’ll just make each other more upset. But as for my letting her marry Robert Martin, it’s impossible; she has refused him, and so firmly, I think, that he won’t try again. She must deal with the consequences of her refusal, whatever they may be; and as for the refusal itself, I won’t pretend I didn’t have some influence; but I assure you there wasn’t much for me or anyone else to do. His appearance is so much against him, and his manner so poor, that if she ever was interested in him, she isn’t now. I can imagine that before she met anyone better, she might have tolerated him. He was the brother of her friends, and he tried to please her; and altogether, having seen no one better (that must have been his big advantage) she might not, while she was at Abbey-Mill, have found him unpleasant. But the situation is different now. She knows what gentlemen are like; and only a gentleman in education and manner has any chance with Harriet.”

“Nonsense, foolish nonsense, as ever was talked!” cried Mr. Knightley.—“Robert Martin’s manners have sense, sincerity, and good humor to recommend them; and his mind has more true gentility than Harriet Smith could understand.”

Emma said nothing, and tried to look cheerful and unbothered, but was really feeling uncomfortable and wanted him to leave very much.",560,pass,,json_ok,0.878571,492,0e4d9d97b4e3c80c502dd9475880897ef671261b14f3e901663e0064e5f04584,"And is she, at seventeen, just starting out in life, just beginning to be noticed, to be admired because she doesn’t accept the first proposal she gets? No—please let her have time to look around.”

“I’ve always thought it was a foolish friendship,” said Mr. Knightley after a while, “though I’ve kept my thoughts to myself; but now I see it will be a very unfortunate one for Harriet. You’ll fill her head with ideas about her own beauty and what she deserves, and soon no one in her circle will be good enough for her. Pride in a weak mind causes all sorts of problems. It’s easy for a young woman to expect too much. Miss Harriet Smith may not find marriage proposals coming fast, even though she is a very pretty girl. Smart men, no matter what you say, don’t want silly wives. Men from good families wouldn’t be very interested in marrying a girl with such an unclear background—and sensible men would worry about the trouble and embarrassment they might face when her parentage is discovered. If she marries Robert Martin, she is safe, respected, and happy forever; but if you encourage her to expect to marry someone important and wealthy, she might end up living with Mrs. Goddard for the rest of her life—or, at least, (for Harriet Smith is a girl who will marry someone eventually,) until she gets desperate and is glad to accept the old writing-master’s son.”

“We see this issue so differently, Mr. Knightley, that there’s no point in arguing. We’ll just make each other more upset. But as for my letting her marry Robert Martin, it’s impossible; she has refused him, and so firmly, I think, that he won’t try again. She must deal with the consequences of her refusal, whatever they may be; and as for the refusal itself, I won’t pretend I didn’t have some influence; but I assure you there wasn’t much for me or anyone else to do. His appearance is so much against him, and his manner so poor, that if she ever was interested in him, she isn’t now. I can imagine that before she met anyone better, she might have tolerated him. He was the brother of her friends, and he tried to please her; and altogether, having seen no one better (that must have been his big advantage) she might not, while she was at Abbey-Mill, have found him unpleasant. But the situation is different now. She knows what gentlemen are like; and only a gentleman in education and manner has any chance with Harriet.”

“Nonsense, foolish nonsense, as ever was talked!” cried Mr. Knightley.—“Robert Martin’s manners have sense, sincerity, and good humor to recommend them; and his mind has more true gentility than Harriet Smith could understand.”

Emma said nothing, and tried to look cheerful and unbothered, but was really feeling uncomfortable and wanted him to leave very much.",2026-06-07T18:20:00Z
groq_qwen_32b_free|run_1|AUSTEN_EMMA_005|modernize|qc_repair_v1|json_canonicalized_no_text_change|attempt_1,groq_qwen_32b_free|run_1|AUSTEN_EMMA_005|modernize,qwen,groq_qwen_32b_free,qwen/qwen3-32b,AUSTEN_EMMA_005,modernize,json_canonicalized_no_text_change,qc_repair_v1,,warning,json_repaired_loose_rewritten_text,json_repaired_loose_rewritten_text,0.946714,533,7a8a7677eb58f7daeca65d50e7ad77d40897c07362dc70f6ed1414f8f5ac0dfa,"And he's a really smart kid. They're all incredibly clever, and they have such cute ways. They come and stand by my chair and say, 'Grandpa, can you give me a bit of string?' Once, Henry asked me for a knife, but I told him knives are only for grandpas. I think their dad is too rough with them a lot of the time.""

""He seems rough to you,"" Emma said, ""because you're so gentle yourself. But if you compared him with other dads, you wouldn't think he's rough. He wants his boys to be active and tough, and if they misbehave, he can give them a sharp word now and then. But he's a loving father—definitely Mr. John Knightley is a loving father. The kids all like him.""

""And then their uncle picks them up and tosses them up to the ceiling in a really scary way!""

""But they love it, Dad. There's nothing they like more. It's such fun for them that if their uncle didn't insist on taking turns, whoever started would never let go.""

""Well, I just can't get it.""

""That's the case with all of us, Dad. One half of the world can't understand the pleasures of the other.""

Later that morning, just as the girls were about to split up before the regular four o'clock dinner, the hero of this unforgettable charade walked in again. Harriet turned away, but Emma could greet him with her usual smile, and her sharp eye quickly noticed that he was aware he had taken a gamble—like rolling the dice—and she thought he was there to see how it would turn out. His stated reason, however, was to ask whether Mr. Woodhouse's group could manage without him in the evening or whether he would be needed at Hartfield. If he was, everything else would have to take a back seat; but if not, his friend Cole had been pushing so much for him to have dinner with him—had made such a big deal about it—that he had promised him conditionally to come.

Emma thanked him, but wouldn't let him disappoint his friend for their sake; her father was definitely getting his usual card game. He pushed again—she refused again; and he seemed about to say goodbye, when she handed him the paper from the table.

""Oh! Here's the charade you were so kind as to leave with us. Thank you for letting us see it. We really liked it, so I've gone ahead and added it to Miss Smith's collection. I hope your friend won't mind. Of course, I didn't copy more than the first eight lines.""

Mr. Elton clearly didn't know what to say. He looked a bit uncertain—embarrassed; said something about 'honour'—glanced at Emma and at Harriet, and then, seeing the book open on the table, picked it up and examined it very carefully. To ease the awkward moment, Emma smiled and said,

""You'll have to apologize for me to your friend; but such a great charade shouldn't be limited to just one or two people. He can be sure of every woman's approval as long as he writes with such flair.",563,pass,,json_ok,0.946714,533,7a8a7677eb58f7daeca65d50e7ad77d40897c07362dc70f6ed1414f8f5ac0dfa,"And he's a really smart kid. They're all incredibly clever, and they have such cute ways. They come and stand by my chair and say, 'Grandpa, can you give me a bit of string?' Once, Henry asked me for a knife, but I told him knives are only for grandpas. I think their dad is too rough with them a lot of the time.""

""He seems rough to you,"" Emma said, ""because you're so gentle yourself. But if you compared him with other dads, you wouldn't think he's rough. He wants his boys to be active and tough, and if they misbehave, he can give them a sharp word now and then. But he's a loving father—definitely Mr. John Knightley is a loving father. The kids all like him.""

""And then their uncle picks them up and tosses them up to the ceiling in a really scary way!""

""But they love it, Dad. There's nothing they like more. It's such fun for them that if their uncle didn't insist on taking turns, whoever started would never let go.""

""Well, I just can't get it.""

""That's the case with all of us, Dad. One half of the world can't understand the pleasures of the other.""

Later that morning, just as the girls were about to split up before the regular four o'clock dinner, the hero of this unforgettable charade walked in again. Harriet turned away, but Emma could greet him with her usual smile, and her sharp eye quickly noticed that he was aware he had taken a gamble—like rolling the dice—and she thought he was there to see how it would turn out. His stated reason, however, was to ask whether Mr. Woodhouse's group could manage without him in the evening or whether he would be needed at Hartfield. If he was, everything else would have to take a back seat; but if not, his friend Cole had been pushing so much for him to have dinner with him—had made such a big deal about it—that he had promised him conditionally to come.

Emma thanked him, but wouldn't let him disappoint his friend for their sake; her father was definitely getting his usual card game. He pushed again—she refused again; and he seemed about to say goodbye, when she handed him the paper from the table.

""Oh! Here's the charade you were so kind as to leave with us. Thank you for letting us see it. We really liked it, so I've gone ahead and added it to Miss Smith's collection. I hope your friend won't mind. Of course, I didn't copy more than the first eight lines.""

Mr. Elton clearly didn't know what to say. He looked a bit uncertain—embarrassed; said something about 'honour'—glanced at Emma and at Harriet, and then, seeing the book open on the table, picked it up and examined it very carefully. To ease the awkward moment, Emma smiled and said,

""You'll have to apologize for me to your friend; but such a great charade shouldn't be limited to just one or two people. He can be sure of every woman's approval as long as he writes with such flair.",2026-06-07T18:20:00Z
groq_qwen_32b_free|run_1|AUSTEN_EMMA_005|paraphrase|qc_repair_v1|json_canonicalized_no_text_change|attempt_1,groq_qwen_32b_free|run_1|AUSTEN_EMMA_005|paraphrase,qwen,groq_qwen_32b_free,qwen/qwen3-32b,AUSTEN_EMMA_005,paraphrase,json_canonicalized_no_text_change,qc_repair_v1,,warning,json_repaired_loose_rewritten_text,json_repaired_loose_rewritten_text,1.008881,568,c6af64513f097ec081047bca664811df21f7f7d2cff205022981b1d8b4a8def7,"And he is truly a bright young man. All of them are exceptionally clever, and they have such charming ways. They often come to stand beside my chair and say, ‘Grandpapa, would you give me a piece of string?’ Once, Henry asked me for a knife, but I told him that knives were only for grandpapas. I believe their father is too harsh with them at times.\n\n“You find him rough,” Emma remarked, “because you yourself are so gentle; but if you could compare him with other fathers, you would not consider him harsh. He wants his boys to be active and strong; and if they misbehave, he can give them a firm word now and then; but he is a loving father—certainly Mr. John Knightley is a loving father. The children all like him.\n\n“And then their uncle lifts them up to the ceiling in a most alarming manner!”\n\n“But they enjoy it, papa; there is nothing they enjoy more. It is such a delight for them that if their uncle had not set the rule of taking turns, whoever started first would never give way to the other.\n\n“Well, I cannot make sense of it.\n\n“That is the situation with us all, papa. One half of the world cannot grasp the joys of the other.\n\nLater in the morning, just as the girls were about to part in preparation for the customary four o’clock dinner, the hero of this unparalleled charade entered once more. Harriet turned away; but Emma could greet him with her usual smile, and her quick eye soon noticed in his expression the awareness of having taken a chance—of having cast a die; and she thought he had come to see how it might land. His stated reason, however, was to ask whether Mr. Woodhouse’s party could be arranged in the evening without him, or whether he would be in the least essential at Hartfield. If he was, everything else would have to yield; but otherwise, his friend Cole had been so insistent about his dining with him—had made such a point of it, that he had promised him conditionally to come.\n\nEmma thanked him, but would not let him disappoint his friend on their account; her father was certain of his rubber. He pressed the matter again—she refused again; and he seemed then about to take his leave, when taking the paper from the table, she handed it back—\n\n“Oh! here is the charade you were so kind as to leave with us; thank you for letting us see it. We admired it so much, that I have dared to include it in Miss Smith’s collection. I trust your friend will not mind. Of course, I have not copied beyond the first eight lines.”\n\nMr. Elton certainly did not know quite what to say. He looked rather uncertain—rather embarrassed; said something about “honour,”—glanced at Emma and at Harriet, and then, seeing the book open on the table, picked it up and examined it very carefully. To ease an awkward moment, Emma smiled and said,\n\n“You must convey my apologies to your friend; but such a fine charade must not be limited to one or two. He may be assured of every woman’s approval while he writes with such gallantry.”",563,pass,,json_ok,1.008881,568,c6af64513f097ec081047bca664811df21f7f7d2cff205022981b1d8b4a8def7,"And he is truly a bright young man. All of them are exceptionally clever, and they have such charming ways. They often come to stand beside my chair and say, ‘Grandpapa, would you give me a piece of string?’ Once, Henry asked me for a knife, but I told him that knives were only for grandpapas. I believe their father is too harsh with them at times.\n\n“You find him rough,” Emma remarked, “because you yourself are so gentle; but if you could compare him with other fathers, you would not consider him harsh. He wants his boys to be active and strong; and if they misbehave, he can give them a firm word now and then; but he is a loving father—certainly Mr. John Knightley is a loving father. The children all like him.\n\n“And then their uncle lifts them up to the ceiling in a most alarming manner!”\n\n“But they enjoy it, papa; there is nothing they enjoy more. It is such a delight for them that if their uncle had not set the rule of taking turns, whoever started first would never give way to the other.\n\n“Well, I cannot make sense of it.\n\n“That is the situation with us all, papa. One half of the world cannot grasp the joys of the other.\n\nLater in the morning, just as the girls were about to part in preparation for the customary four o’clock dinner, the hero of this unparalleled charade entered once more. Harriet turned away; but Emma could greet him with her usual smile, and her quick eye soon noticed in his expression the awareness of having taken a chance—of having cast a die; and she thought he had come to see how it might land. His stated reason, however, was to ask whether Mr. Woodhouse’s party could be arranged in the evening without him, or whether he would be in the least essential at Hartfield. If he was, everything else would have to yield; but otherwise, his friend Cole had been so insistent about his dining with him—had made such a point of it, that he had promised him conditionally to come.\n\nEmma thanked him, but would not let him disappoint his friend on their account; her father was certain of his rubber. He pressed the matter again—she refused again; and he seemed then about to take his leave, when taking the paper from the table, she handed it back—\n\n“Oh! here is the charade you were so kind as to leave with us; thank you for letting us see it. We admired it so much, that I have dared to include it in Miss Smith’s collection. I trust your friend will not mind. Of course, I have not copied beyond the first eight lines.”\n\nMr. Elton certainly did not know quite what to say. He looked rather uncertain—rather embarrassed; said something about “honour,”—glanced at Emma and at Harriet, and then, seeing the book open on the table, picked it up and examined it very carefully. To ease an awkward moment, Emma smiled and said,\n\n“You must convey my apologies to your friend; but such a fine charade must not be limited to one or two. He may be assured of every woman’s approval while he writes with such gallantry.”",2026-06-07T18:20:00Z
groq_qwen_32b_free|run_1|AUSTEN_EMMA_005|simplify|qc_repair_v1|json_canonicalized_no_text_change|attempt_1,groq_qwen_32b_free|run_1|AUSTEN_EMMA_005|simplify,qwen,groq_qwen_32b_free,qwen/qwen3-32b,AUSTEN_EMMA_005,simplify,json_canonicalized_no_text_change,qc_repair_v1,,warning,json_repaired_loose_rewritten_text,json_repaired_loose_rewritten_text,1.019538,574,c83b3b9c92204a00aff76faa37f88c079ab9770b930c2166f38c369c493b1f65,"And he is a very smart boy, indeed. They are all very clever; and they have so many nice ways. They come and stand by my chair and say, ‘Grandpapa, can you give me a bit of string?’ and once Henry asked me for a knife, but I told him knives were only for grandpapas. I think their father is too rough with them too often.\n\n“He appears rough to you,” said Emma, “because you are so gentle yourself; but if you could compare him with other fathers, you would not think him rough. He wants his boys to be active and strong; and if they misbehave, he can give them a sharp word now and then; but he is a loving father—certainly Mr. John Knightley is a loving father. The children all like him.\n\n“And then their uncle comes in and tosses them up to the ceiling in a very frightening way!\n\n“But they like it, papa; there is nothing they like more. It is such fun for them that if their uncle didn’t say they had to take turns, whoever started would never let the other have a go.\n\n“Well, I cannot understand it.\n\n“That is the case with us all, papa. One half of the world cannot understand the pleasures of the other.\n\nLater in the morning, and just as the girls were about to go their separate ways before the regular four o’clock dinner, the hero of this unforgettable charade walked in again. Harriet turned away; but Emma could greet him with her usual smile, and her quick eye soon noticed in his face the knowledge that he had taken a chance—that he had rolled the dice; and she thought he had come to see what would happen. His stated reason, however, was to ask whether Mr. Woodhouse’s party could be made up in the evening without him, or whether he would be needed at Hartfield in any way. If he was, everything else would have to give way; but if not, his friend Cole had been talking so much about his dining with him—had insisted so much on it, that he had promised him conditionally to come.\n\nEmma thanked him, but would not let him disappoint his friend for their sake; her father was sure to have his game. He tried again—she refused again; and he seemed about to bow, when taking the paper from the table, she handed it back—\n\n“Oh! here is the charade you were so kind as to leave with us; thank you for letting us see it. We liked it so much, that I have taken the liberty of writing it into Miss Smith’s collection. Your friend will not mind, I hope. Of course I have not copied more than the first eight lines.”\n\nMr. Elton certainly did not know what to say. He looked a bit uncertain—rather confused; said something about ‘honour’—looked at Emma and at Harriet, and then seeing the book open on the table, picked it up and examined it very carefully. To get past an awkward moment, Emma smiled and said,\n\n“You must make my apologies to your friend; but such a good charade must not be kept to just one or two. He can be sure of every woman’s approval while he writes with such charm.”",563,pass,,json_ok,1.019538,574,c83b3b9c92204a00aff76faa37f88c079ab9770b930c2166f38c369c493b1f65,"And he is a very smart boy, indeed. They are all very clever; and they have so many nice ways. They come and stand by my chair and say, ‘Grandpapa, can you give me a bit of string?’ and once Henry asked me for a knife, but I told him knives were only for grandpapas. I think their father is too rough with them too often.\n\n“He appears rough to you,” said Emma, “because you are so gentle yourself; but if you could compare him with other fathers, you would not think him rough. He wants his boys to be active and strong; and if they misbehave, he can give them a sharp word now and then; but he is a loving father—certainly Mr. John Knightley is a loving father. The children all like him.\n\n“And then their uncle comes in and tosses them up to the ceiling in a very frightening way!\n\n“But they like it, papa; there is nothing they like more. It is such fun for them that if their uncle didn’t say they had to take turns, whoever started would never let the other have a go.\n\n“Well, I cannot understand it.\n\n“That is the case with us all, papa. One half of the world cannot understand the pleasures of the other.\n\nLater in the morning, and just as the girls were about to go their separate ways before the regular four o’clock dinner, the hero of this unforgettable charade walked in again. Harriet turned away; but Emma could greet him with her usual smile, and her quick eye soon noticed in his face the knowledge that he had taken a chance—that he had rolled the dice; and she thought he had come to see what would happen. His stated reason, however, was to ask whether Mr. Woodhouse’s party could be made up in the evening without him, or whether he would be needed at Hartfield in any way. If he was, everything else would have to give way; but if not, his friend Cole had been talking so much about his dining with him—had insisted so much on it, that he had promised him conditionally to come.\n\nEmma thanked him, but would not let him disappoint his friend for their sake; her father was sure to have his game. He tried again—she refused again; and he seemed about to bow, when taking the paper from the table, she handed it back—\n\n“Oh! here is the charade you were so kind as to leave with us; thank you for letting us see it. We liked it so much, that I have taken the liberty of writing it into Miss Smith’s collection. Your friend will not mind, I hope. Of course I have not copied more than the first eight lines.”\n\nMr. Elton certainly did not know what to say. He looked a bit uncertain—rather confused; said something about ‘honour’—looked at Emma and at Harriet, and then seeing the book open on the table, picked it up and examined it very carefully. To get past an awkward moment, Emma smiled and said,\n\n“You must make my apologies to your friend; but such a good charade must not be kept to just one or two. He can be sure of every woman’s approval while he writes with such charm.”",2026-06-07T18:20:00Z
groq_qwen_32b_free|run_1|AUSTEN_EMMA_006|modernize|qc_repair_v1|json_canonicalized_no_text_change|attempt_1,groq_qwen_32b_free|run_1|AUSTEN_EMMA_006|modernize,qwen,groq_qwen_32b_free,qwen/qwen3-32b,AUSTEN_EMMA_006,modernize,json_canonicalized_no_text_change,qc_repair_v1,,warning,json_repaired_loose_rewritten_text,json_repaired_loose_rewritten_text,0.9254,521,1f28cb0f1c43b464dc61b85102ae8b5ec99758641f606650b7e3dcd86353f2ec,"“Dad is just expressing his own disappointment.”\n\n“That’s a generous way to put it,” was the thoughtful response.\n\n“And do you see her often, sir?” Isabella asked in a tone that matched her father’s sadness.\n\nMr. Woodhouse hesitated. “Not nearly as often as I’d like, dear.”\n\n“Oh, papa, we’ve only missed one full day since they got married. Every morning or evening except for that one, we’ve seen either Mr. Weston or Mrs. Weston, and usually both, either at Randalls or here—and as you can imagine, Isabella, mostly here. They really try to visit often. Mr. Weston is just as kind as she is. Dad, if you keep sounding so down, you’ll make Isabella think the worst about us. Everyone knows Miss Taylor is missed, but everyone should also know that Mr. and Mrs. Weston have definitely helped us not miss her as much as we expected. That’s the truth.”\n\n“Exactly how it should be,” said Mr. John Knightley. “And exactly how I hoped it was from your letters. No one doubted her desire to be attentive, and since Mr. Weston is a free and sociable guy, it all works out. I’ve always told you, love, that I didn’t think the change would affect Hartfield as much as you feared; and now you’ve heard Emma’s side, I hope you’re convinced.”\n\n“Well, of course,” said Mr. Woodhouse. “Yes, I can’t deny that Mrs. Weston, poor Mrs. Weston, does come to see us fairly often—but then she always has to leave again.”\n\n“It would be unfair to Mr. Weston if she didn’t, papa. You’re completely forgetting poor Mr. Weston.”\n\n“I think,” said John Knightley in a friendly tone, “that Mr. Weston has a bit of a claim here. You and I, Emma, can both support the poor husband. I’m a husband, and you’re not a wife, so the man’s needs probably hit us both the same. As for Isabella, she’s been married long enough to understand the value of letting all the Mr. Westons go as much as she can.”\n\n“Me, my love,” cried his wife, hearing only part of the conversation. “Are you talking about me? I’m sure no one should or could be a bigger supporter of marriage than I am; and if it hadn’t been for the pain of her leaving Hartfield, I’d never have thought twice about Miss Taylor but see her as the luckiest woman in the world; and as for slighting Mr. Weston, that excellent Mr. Weston, I think he deserves everything. I believe he’s one of the most even-tempered men who ever lived. Except for yourself and your brother, I don’t know anyone who can match him for temperament. I’ll never forget how he flew Henry’s kite for him on that very windy day last Easter—and ever since his special kindness last September in writing that note at midnight to let me know there was no scarlet fever in Cobham, I’ve been convinced there couldn’t be a more caring heart or a better man in existence.”",563,pass,,json_ok,0.9254,521,1f28cb0f1c43b464dc61b85102ae8b5ec99758641f606650b7e3dcd86353f2ec,"“Dad is just expressing his own disappointment.”\n\n“That’s a generous way to put it,” was the thoughtful response.\n\n“And do you see her often, sir?” Isabella asked in a tone that matched her father’s sadness.\n\nMr. Woodhouse hesitated. “Not nearly as often as I’d like, dear.”\n\n“Oh, papa, we’ve only missed one full day since they got married. Every morning or evening except for that one, we’ve seen either Mr. Weston or Mrs. Weston, and usually both, either at Randalls or here—and as you can imagine, Isabella, mostly here. They really try to visit often. Mr. Weston is just as kind as she is. Dad, if you keep sounding so down, you’ll make Isabella think the worst about us. Everyone knows Miss Taylor is missed, but everyone should also know that Mr. and Mrs. Weston have definitely helped us not miss her as much as we expected. That’s the truth.”\n\n“Exactly how it should be,” said Mr. John Knightley. “And exactly how I hoped it was from your letters. No one doubted her desire to be attentive, and since Mr. Weston is a free and sociable guy, it all works out. I’ve always told you, love, that I didn’t think the change would affect Hartfield as much as you feared; and now you’ve heard Emma’s side, I hope you’re convinced.”\n\n“Well, of course,” said Mr. Woodhouse. “Yes, I can’t deny that Mrs. Weston, poor Mrs. Weston, does come to see us fairly often—but then she always has to leave again.”\n\n“It would be unfair to Mr. Weston if she didn’t, papa. You’re completely forgetting poor Mr. Weston.”\n\n“I think,” said John Knightley in a friendly tone, “that Mr. Weston has a bit of a claim here. You and I, Emma, can both support the poor husband. I’m a husband, and you’re not a wife, so the man’s needs probably hit us both the same. As for Isabella, she’s been married long enough to understand the value of letting all the Mr. Westons go as much as she can.”\n\n“Me, my love,” cried his wife, hearing only part of the conversation. “Are you talking about me? I’m sure no one should or could be a bigger supporter of marriage than I am; and if it hadn’t been for the pain of her leaving Hartfield, I’d never have thought twice about Miss Taylor but see her as the luckiest woman in the world; and as for slighting Mr. Weston, that excellent Mr. Weston, I think he deserves everything. I believe he’s one of the most even-tempered men who ever lived. Except for yourself and your brother, I don’t know anyone who can match him for temperament. I’ll never forget how he flew Henry’s kite for him on that very windy day last Easter—and ever since his special kindness last September in writing that note at midnight to let me know there was no scarlet fever in Cobham, I’ve been convinced there couldn’t be a more caring heart or a better man in existence.”",2026-06-07T18:20:00Z
groq_qwen_32b_free|run_1|AUSTEN_EMMA_006|simplify|qc_repair_v1|json_canonicalized_no_text_change|attempt_1,groq_qwen_32b_free|run_1|AUSTEN_EMMA_006|simplify,qwen,groq_qwen_32b_free,qwen/qwen3-32b,AUSTEN_EMMA_006,simplify,json_canonicalized_no_text_change,qc_repair_v1,,warning,json_repaired_loose_rewritten_text,json_repaired_loose_rewritten_text,0.955595,538,84caacb03a12112b9b334befe3e81c49ebbf71253cd651c385cd539feeeddb42,"“Papa is just expressing his own regret.”\n\n“Very much to the credit of both,” was the handsome reply.\n\n“And do you see her, sir, often enough?” asked Isabella in a sad tone that fit her father perfectly.\n\nMr. Woodhouse hesitated. “Not nearly as often, my dear, as I would like.”\n\n“Oh! Papa, we’ve only missed seeing them one full day since they married. Every morning or evening except that one day, we’ve seen either Mr. Weston or Mrs. Weston, and usually both, either at Randalls or here—and as you can imagine, Isabella, mostly here. They are very, very kind with their visits. Mr. Weston is just as kind as his wife. Papa, if you speak so sadly, you’ll give Isabella the wrong idea about us all. Everyone knows Miss Taylor is missed, but everyone should also know that Mr. and Mrs. Weston really help us not miss her as much as we thought we would—which is exactly the truth.”\n\n“Just as it should be,” said Mr. John Knightley, “and just as I hoped from your letters. Her desire to be attentive to you was obvious, and his being a free and friendly man makes it all easy. I’ve always told you, my love, that I didn’t think the change would be so important to Hartfield as you feared; and now you have Emma’s account, I hope you’ll be satisfied.”\n\n“Well, of course,” said Mr. Woodhouse—“yes, certainly—I can’t deny that Mrs. Weston, poor Mrs. Weston, does come to see us quite often—but then—she is always forced to leave again.”\n\n“It would be very hard on Mr. Weston if she didn’t, papa.—You’ve completely forgotten poor Mr. Weston.”\n\n“I think,” said John Knightley in a friendly tone, “that Mr. Weston has some claim to attention. You and I, Emma, can safely support the poor husband. I, being a husband, and you not being a wife, the needs of the man may hit us equally. As for Isabella, she’s been married long enough to understand the value of setting aside all the Mr. Westons as much as she can.”\n\n“Me, my love,” cried his wife, hearing and understanding only part of it.—“Are you talking about me?—I’m sure no one should be, or can be, a greater supporter of marriage than I am; and if it hadn’t been for the sadness of her leaving Hartfield, I would never have thought of Miss Taylor but as the most fortunate woman in the world; and as for ignoring Mr. Weston, that excellent Mr. Weston, I think there is nothing he doesn’t deserve. I believe he is one of the very best-tempered men that ever lived. Excepting yourself and your brother, I don’t know his equal for temper. I shall never forget his flying Henry’s kite for him that very windy day last Easter—and ever since his special kindness last September in writing that note, at twelve o’clock at night, just to tell me there was no scarlet fever at Cobham, I have been convinced there could not be a more caring heart nor a better man in existence.”",563,pass,,json_ok,0.955595,538,84caacb03a12112b9b334befe3e81c49ebbf71253cd651c385cd539feeeddb42,"“Papa is just expressing his own regret.”\n\n“Very much to the credit of both,” was the handsome reply.\n\n“And do you see her, sir, often enough?” asked Isabella in a sad tone that fit her father perfectly.\n\nMr. Woodhouse hesitated. “Not nearly as often, my dear, as I would like.”\n\n“Oh! Papa, we’ve only missed seeing them one full day since they married. Every morning or evening except that one day, we’ve seen either Mr. Weston or Mrs. Weston, and usually both, either at Randalls or here—and as you can imagine, Isabella, mostly here. They are very, very kind with their visits. Mr. Weston is just as kind as his wife. Papa, if you speak so sadly, you’ll give Isabella the wrong idea about us all. Everyone knows Miss Taylor is missed, but everyone should also know that Mr. and Mrs. Weston really help us not miss her as much as we thought we would—which is exactly the truth.”\n\n“Just as it should be,” said Mr. John Knightley, “and just as I hoped from your letters. Her desire to be attentive to you was obvious, and his being a free and friendly man makes it all easy. I’ve always told you, my love, that I didn’t think the change would be so important to Hartfield as you feared; and now you have Emma’s account, I hope you’ll be satisfied.”\n\n“Well, of course,” said Mr. Woodhouse—“yes, certainly—I can’t deny that Mrs. Weston, poor Mrs. Weston, does come to see us quite often—but then—she is always forced to leave again.”\n\n“It would be very hard on Mr. Weston if she didn’t, papa.—You’ve completely forgotten poor Mr. Weston.”\n\n“I think,” said John Knightley in a friendly tone, “that Mr. Weston has some claim to attention. You and I, Emma, can safely support the poor husband. I, being a husband, and you not being a wife, the needs of the man may hit us equally. As for Isabella, she’s been married long enough to understand the value of setting aside all the Mr. Westons as much as she can.”\n\n“Me, my love,” cried his wife, hearing and understanding only part of it.—“Are you talking about me?—I’m sure no one should be, or can be, a greater supporter of marriage than I am; and if it hadn’t been for the sadness of her leaving Hartfield, I would never have thought of Miss Taylor but as the most fortunate woman in the world; and as for ignoring Mr. Weston, that excellent Mr. Weston, I think there is nothing he doesn’t deserve. I believe he is one of the very best-tempered men that ever lived. Excepting yourself and your brother, I don’t know his equal for temper. I shall never forget his flying Henry’s kite for him that very windy day last Easter—and ever since his special kindness last September in writing that note, at twelve o’clock at night, just to tell me there was no scarlet fever at Cobham, I have been convinced there could not be a more caring heart nor a better man in existence.”",2026-06-07T18:20:00Z
groq_qwen_32b_free|run_1|AUSTEN_EMMA_007|modernize|qc_repair_v1|json_canonicalized_no_text_change|attempt_1,groq_qwen_32b_free|run_1|AUSTEN_EMMA_007|modernize,qwen,groq_qwen_32b_free,qwen/qwen3-32b,AUSTEN_EMMA_007,modernize,json_canonicalized_no_text_change,qc_repair_v1,,warning,json_repaired_loose_rewritten_text,json_repaired_loose_rewritten_text,0.998192,552,7b8dd83b43389e9495e47bb67a06ac0af4db16295289aafd28af5330379a6f76,"You're doing the right thing,"" she said. ""We'll give Mr. and Mrs. Weston your apologies.\n\nBut just as she said that, she noticed her brother had politely offered Mr. Elton a seat in his carriage, assuming the weather was the only issue for him, and Mr. Elton had actually accepted with quick satisfaction. It was settled; Mr. Elton was going, and his broad, handsome face had never shown more pleasure than it did now. His smile had never been brighter, nor his eyes more triumphant, when he looked at her next.\n\n\""Well,\"" she thought to herself, \""this is really odd! After I had managed to get him to stay behind so nicely, he now chooses to go out and leave Harriet sick at home. How strange! But I guess there's something in a lot of men, especially single ones, that makes them so eager to go out to dinner. A dinner invitation is such a big deal for them—part of their fun, their work, their status, almost their duty—that anything else has to take a back seat. And this must be the case with Mr. Elton. He's a really valuable, kind, and pleasant young man, no doubt, and very much in love with Harriet. But still, he can't say no to an invitation. He has to go out to dinner wherever he's asked. Love is such a strange thing! He can see Harriet's wit, but he won't skip dinner for her.\"" \n\nNot long after, Mr. Elton left them, and she couldn't help but feel he showed a lot of feeling in the way he mentioned Harriet when saying goodbye. The tone of his voice when he promised to stop by Mrs. Goddard's for news of his fair friend, the last thing before he went to enjoy the happiness of meeting her again, when he hoped to have better news—his sighs and smiles as he left made her think he was in a good light.\n\nAfter a few minutes of silence between them, John Knightley began with,\n\n\""I've never seen a man so determined to be nice as Mr. Elton. It's practically work for him when it comes to ladies. With men, he can be reasonable and natural, but when it's about impressing women, every part of him is on display.\""\n\n\""Mr. Elton's manners aren't perfect,\"" Emma replied. \""But when someone really wants to please, you tend to overlook a lot. When a man does his best with only average abilities, he can still come out ahead of someone who's lazy but talented. Mr. Elton has such a warm and friendly attitude that you can't help but appreciate it.\""\n\n\""Yes,\"" Mr. John Knightley said after a pause, with a bit of a sly tone, \""he seems to have a lot of good will towards you.\""\n\n\""Me!\"" she replied, surprised. \""Are you thinking I'm Mr. Elton's target?\""\n\n\""I've been thinking about it, Emma. And if it's never occurred to you before, maybe you should consider it now.\""\n\n\""Mr. Elton in love with me! What a thought!\""\n\n\""I'm not saying it is. But you should think about whether it is or not, and act accordingly. I think your behavior towards him is encouraging.\""",553,pass,,json_ok,0.998192,552,7b8dd83b43389e9495e47bb67a06ac0af4db16295289aafd28af5330379a6f76,"You're doing the right thing,"" she said. ""We'll give Mr. and Mrs. Weston your apologies.\n\nBut just as she said that, she noticed her brother had politely offered Mr. Elton a seat in his carriage, assuming the weather was the only issue for him, and Mr. Elton had actually accepted with quick satisfaction. It was settled; Mr. Elton was going, and his broad, handsome face had never shown more pleasure than it did now. His smile had never been brighter, nor his eyes more triumphant, when he looked at her next.\n\n\""Well,\"" she thought to herself, \""this is really odd! After I had managed to get him to stay behind so nicely, he now chooses to go out and leave Harriet sick at home. How strange! But I guess there's something in a lot of men, especially single ones, that makes them so eager to go out to dinner. A dinner invitation is such a big deal for them—part of their fun, their work, their status, almost their duty—that anything else has to take a back seat. And this must be the case with Mr. Elton. He's a really valuable, kind, and pleasant young man, no doubt, and very much in love with Harriet. But still, he can't say no to an invitation. He has to go out to dinner wherever he's asked. Love is such a strange thing! He can see Harriet's wit, but he won't skip dinner for her.\"" \n\nNot long after, Mr. Elton left them, and she couldn't help but feel he showed a lot of feeling in the way he mentioned Harriet when saying goodbye. The tone of his voice when he promised to stop by Mrs. Goddard's for news of his fair friend, the last thing before he went to enjoy the happiness of meeting her again, when he hoped to have better news—his sighs and smiles as he left made her think he was in a good light.\n\nAfter a few minutes of silence between them, John Knightley began with,\n\n\""I've never seen a man so determined to be nice as Mr. Elton. It's practically work for him when it comes to ladies. With men, he can be reasonable and natural, but when it's about impressing women, every part of him is on display.\""\n\n\""Mr. Elton's manners aren't perfect,\"" Emma replied. \""But when someone really wants to please, you tend to overlook a lot. When a man does his best with only average abilities, he can still come out ahead of someone who's lazy but talented. Mr. Elton has such a warm and friendly attitude that you can't help but appreciate it.\""\n\n\""Yes,\"" Mr. John Knightley said after a pause, with a bit of a sly tone, \""he seems to have a lot of good will towards you.\""\n\n\""Me!\"" she replied, surprised. \""Are you thinking I'm Mr. Elton's target?\""\n\n\""I've been thinking about it, Emma. And if it's never occurred to you before, maybe you should consider it now.\""\n\n\""Mr. Elton in love with me! What a thought!\""\n\n\""I'm not saying it is. But you should think about whether it is or not, and act accordingly. I think your behavior towards him is encouraging.\""",2026-06-07T18:20:00Z
groq_qwen_32b_free|run_1|AUSTEN_EMMA_007|paraphrase|qc_repair_v1|json_canonicalized_no_text_change|attempt_1,groq_qwen_32b_free|run_1|AUSTEN_EMMA_007|paraphrase,qwen,groq_qwen_32b_free,qwen/qwen3-32b,AUSTEN_EMMA_007,paraphrase,json_canonicalized_no_text_change,qc_repair_v1,,warning,json_repaired_loose_rewritten_text,json_repaired_loose_rewritten_text,1.030741,570,0663257e7b4f3809161b8fe932e1c9593ebbf540ee2de023db50e33f54734a6e,"“You are quite right,” she replied; “we shall convey your regrets to Mr. and Mrs. Weston.”\n\nBut scarcely had she spoken when she noticed her brother courteously offering Mr. Elton a seat in his carriage, should the weather be the only obstacle, and Mr. Elton readily accepting the proposal with evident eagerness. The matter was settled; Mr. Elton was to go, and never had his broad, handsome countenance shown more delight than at this moment; never had his smile been more radiant, nor his eyes more triumphant than when he next glanced at her.\n\n“Well,” she mused to herself, “this is most peculiar!—After I had managed to get him away so neatly, to choose to attend company and leave Harriet unwell behind!—Most peculiar indeed!—But I suspect that in many men, especially those who are unmarried, there exists such a strong inclination—such a passion for dining out—that a dinner engagement ranks so highly among their pleasures, their occupations, their dignities, almost their duties, that everything else must yield to it—and this must be the case with Mr. Elton; a most estimable, amiable, agreeable young man without a doubt, and very much in love with Harriet; yet still, he cannot refuse an invitation, he must dine out wherever he is called upon. What a curious thing love is! he can perceive wit in Harriet, but will not dine alone for her.”\n\nShortly after, Mr. Elton departed, and she could not help but acknowledge that there was a great deal of feeling in the way he mentioned Harriet at parting; in the tone of his voice as he assured her that he would call at Mrs. Goddard’s for news of her fair friend, the last thing before he prepared for the joy of meeting her again, when he hoped to be able to give a better account; and he sighed and smiled himself away in a manner that left the balance of approval greatly in his favor.\n\nAfter a few minutes of complete silence between them, John Knightley began with—\n\n“I have never seen a man more determined to be agreeable than Mr. Elton. It is sheer effort for him when ladies are involved. With men he can be rational and unaffected, but when it comes to pleasing ladies, every expression is at work.”\n\n“Mr. Elton’s manners are not flawless,” replied Emma; “but where there is a desire to please, one ought to overlook, and one does overlook a great deal. Where a man does his best with only moderate abilities, he will have the advantage over careless superiority. There is such perfect good temper and goodwill in Mr. Elton as one cannot but appreciate.”\n\n“Yes,” said Mr. John Knightley presently, with some slyness, “he seems to have a great deal of goodwill towards you.”\n\n“Me!” she replied with a smile of surprise, “are you imagining me to be Mr. Elton’s object?”\n\n“Such an idea has crossed me, I confess, Emma; and if it never occurred to you before, you may as well consider it now.”\n\n“Mr. Elton in love with me!—What an idea!”\n\n“I do not say it is so; but you will do well to consider whether it is so or not, and to regulate your conduct accordingly. I think your manner towards him encouraging.”",553,pass,,json_ok,1.030741,570,0663257e7b4f3809161b8fe932e1c9593ebbf540ee2de023db50e33f54734a6e,"“You are quite right,” she replied; “we shall convey your regrets to Mr. and Mrs. Weston.”\n\nBut scarcely had she spoken when she noticed her brother courteously offering Mr. Elton a seat in his carriage, should the weather be the only obstacle, and Mr. Elton readily accepting the proposal with evident eagerness. The matter was settled; Mr. Elton was to go, and never had his broad, handsome countenance shown more delight than at this moment; never had his smile been more radiant, nor his eyes more triumphant than when he next glanced at her.\n\n“Well,” she mused to herself, “this is most peculiar!—After I had managed to get him away so neatly, to choose to attend company and leave Harriet unwell behind!—Most peculiar indeed!—But I suspect that in many men, especially those who are unmarried, there exists such a strong inclination—such a passion for dining out—that a dinner engagement ranks so highly among their pleasures, their occupations, their dignities, almost their duties, that everything else must yield to it—and this must be the case with Mr. Elton; a most estimable, amiable, agreeable young man without a doubt, and very much in love with Harriet; yet still, he cannot refuse an invitation, he must dine out wherever he is called upon. What a curious thing love is! he can perceive wit in Harriet, but will not dine alone for her.”\n\nShortly after, Mr. Elton departed, and she could not help but acknowledge that there was a great deal of feeling in the way he mentioned Harriet at parting; in the tone of his voice as he assured her that he would call at Mrs. Goddard’s for news of her fair friend, the last thing before he prepared for the joy of meeting her again, when he hoped to be able to give a better account; and he sighed and smiled himself away in a manner that left the balance of approval greatly in his favor.\n\nAfter a few minutes of complete silence between them, John Knightley began with—\n\n“I have never seen a man more determined to be agreeable than Mr. Elton. It is sheer effort for him when ladies are involved. With men he can be rational and unaffected, but when it comes to pleasing ladies, every expression is at work.”\n\n“Mr. Elton’s manners are not flawless,” replied Emma; “but where there is a desire to please, one ought to overlook, and one does overlook a great deal. Where a man does his best with only moderate abilities, he will have the advantage over careless superiority. There is such perfect good temper and goodwill in Mr. Elton as one cannot but appreciate.”\n\n“Yes,” said Mr. John Knightley presently, with some slyness, “he seems to have a great deal of goodwill towards you.”\n\n“Me!” she replied with a smile of surprise, “are you imagining me to be Mr. Elton’s object?”\n\n“Such an idea has crossed me, I confess, Emma; and if it never occurred to you before, you may as well consider it now.”\n\n“Mr. Elton in love with me!—What an idea!”\n\n“I do not say it is so; but you will do well to consider whether it is so or not, and to regulate your conduct accordingly. I think your manner towards him encouraging.”",2026-06-07T18:20:00Z
groq_qwen_32b_free|run_1|AUSTEN_EMMA_007|simplify|qc_repair_v1|json_canonicalized_no_text_change|attempt_1,groq_qwen_32b_free|run_1|AUSTEN_EMMA_007|simplify,qwen,groq_qwen_32b_free,qwen/qwen3-32b,AUSTEN_EMMA_007,simplify,json_canonicalized_no_text_change,qc_repair_v1,,warning,json_repaired_loose_rewritten_text,json_repaired_loose_rewritten_text,0.976492,540,998cab34b91a66fcf2a58c7e96fbcb5acedf7613fa1d8374305c410782cf437f,"“You’re doing the right thing,” she said. “We’ll make your apologies to Mr. and Mrs. Weston.”\n\nBut just as she said that, she noticed her brother was offering Mr. Elton a seat in his carriage, if the weather was the only problem for Mr. Elton. And to her surprise, Mr. Elton accepted right away with great enthusiasm. It was settled—Mr. Elton was going. At that moment, his handsome face showed more happiness than ever before. His smile was brighter, and his eyes sparkled with excitement when he looked at her next.\n\n“Well,” she thought to herself, “this is very strange! After I had managed to get him to stay behind when Harriet was unwell, he now chooses to go out and leave her behind. How odd! I suppose many men, especially single men, have such a strong desire to go out for dinner. A dinner invitation is such an important part of their pleasures, their activities, their sense of importance, almost their duty, that everything else is put aside for it. And this must be the case with Mr. Elton. He’s a very kind, likeable young man, and clearly in love with Harriet, but he can’t refuse an invitation. He must go out to dinner wherever he is asked. Love is such a strange thing! He can see Harriet’s wit and charm, but he won’t stay home with her for dinner.”\n\nSoon after, Mr. Elton left them. She couldn’t help but notice the emotion in the way he mentioned Harriet as they said goodbye. The tone of his voice when he promised to visit Mrs. Goddard for news of his fair friend, just before he went to enjoy the happiness of meeting her again, was full of feeling. He sighed and smiled as he left, and she had to admit he left a good impression.\n\nAfter a few minutes of silence between them, John Knightley began by saying,\n\n“I’ve never seen a man so determined to be agreeable as Mr. Elton. It’s almost like hard work for him when it comes to ladies. With men, he can be natural and easygoing, but when he wants to please women, every part of his face shows it.”\n\n“Mr. Elton’s manners aren’t perfect,” Emma replied. “But when someone really wants to please, you tend to overlook a lot. When a man does his best with only average abilities, he can still come out better than someone who is naturally superior but careless. Mr. Elton has such a good-natured and friendly attitude that it’s hard not to appreciate it.”\n\n“Yes,” Mr. John Knightley said after a moment, with a bit of teasing, “he seems to have a lot of good will towards you.”\n\n“Me!” she replied, surprised. “Are you thinking I’m the one Mr. Elton is interested in?”\n\n“I’ve been thinking that, Emma. And if it’s a new idea for you, you might as well consider it now.”\n\n“Mr. Elton in love with me! What an idea!”\n\n“I don’t say it is. But you should think about whether it is or not, and act accordingly. I think your behavior towards him has been encouraging.”",553,pass,,json_ok,0.976492,540,998cab34b91a66fcf2a58c7e96fbcb5acedf7613fa1d8374305c410782cf437f,"“You’re doing the right thing,” she said. “We’ll make your apologies to Mr. and Mrs. Weston.”\n\nBut just as she said that, she noticed her brother was offering Mr. Elton a seat in his carriage, if the weather was the only problem for Mr. Elton. And to her surprise, Mr. Elton accepted right away with great enthusiasm. It was settled—Mr. Elton was going. At that moment, his handsome face showed more happiness than ever before. His smile was brighter, and his eyes sparkled with excitement when he looked at her next.\n\n“Well,” she thought to herself, “this is very strange! After I had managed to get him to stay behind when Harriet was unwell, he now chooses to go out and leave her behind. How odd! I suppose many men, especially single men, have such a strong desire to go out for dinner. A dinner invitation is such an important part of their pleasures, their activities, their sense of importance, almost their duty, that everything else is put aside for it. And this must be the case with Mr. Elton. He’s a very kind, likeable young man, and clearly in love with Harriet, but he can’t refuse an invitation. He must go out to dinner wherever he is asked. Love is such a strange thing! He can see Harriet’s wit and charm, but he won’t stay home with her for dinner.”\n\nSoon after, Mr. Elton left them. She couldn’t help but notice the emotion in the way he mentioned Harriet as they said goodbye. The tone of his voice when he promised to visit Mrs. Goddard for news of his fair friend, just before he went to enjoy the happiness of meeting her again, was full of feeling. He sighed and smiled as he left, and she had to admit he left a good impression.\n\nAfter a few minutes of silence between them, John Knightley began by saying,\n\n“I’ve never seen a man so determined to be agreeable as Mr. Elton. It’s almost like hard work for him when it comes to ladies. With men, he can be natural and easygoing, but when he wants to please women, every part of his face shows it.”\n\n“Mr. Elton’s manners aren’t perfect,” Emma replied. “But when someone really wants to please, you tend to overlook a lot. When a man does his best with only average abilities, he can still come out better than someone who is naturally superior but careless. Mr. Elton has such a good-natured and friendly attitude that it’s hard not to appreciate it.”\n\n“Yes,” Mr. John Knightley said after a moment, with a bit of teasing, “he seems to have a lot of good will towards you.”\n\n“Me!” she replied, surprised. “Are you thinking I’m the one Mr. Elton is interested in?”\n\n“I’ve been thinking that, Emma. And if it’s a new idea for you, you might as well consider it now.”\n\n“Mr. Elton in love with me! What an idea!”\n\n“I don’t say it is. But you should think about whether it is or not, and act accordingly. I think your behavior towards him has been encouraging.”",2026-06-07T18:20:00Z
groq_qwen_32b_free|run_1|AUSTEN_EMMA_009|simplify|qc_repair_v1|json_canonicalized_no_text_change|attempt_1,groq_qwen_32b_free|run_1|AUSTEN_EMMA_009|simplify,qwen,groq_qwen_32b_free,qwen/qwen3-32b,AUSTEN_EMMA_009,simplify,json_canonicalized_no_text_change,qc_repair_v1,,warning,json_repaired_loose_rewritten_text,json_repaired_loose_rewritten_text,0.983986,553,833cf1fa12efc28f676eaf1a927352e1ca78a60a9ebc10975d21de726189b5b6,"As he became more reasonable, he should have stood up for himself and gotten rid of anything in their control that was unfair. He should have resisted the first time they tried to make him disrespect his father. If he had started doing the right thing, there wouldn’t be any problems now.\n\n“We’ll never agree about him,” said Emma. “But that’s not surprising. I don’t think he’s a weak young man at all. I’m sure he isn’t. Mr. Weston wouldn’t ignore foolishness, even if it was in his own son. But Frank might be more gentle and easygoing than you think a man should be. I think he is, and even though it might cost him some benefits, it could give him many others.\n\n“Yes, all the benefits of doing nothing when he should be acting, and living a life of lazy pleasure, thinking he’s really good at making excuses for it. He can sit down and write a fancy letter full of promises and lies, and convince himself he’s found the best way to keep peace at home and stop his father from having any reason to complain. His letters make me sick.\n\n“Your feelings are strange. They seem to satisfy everyone else.\n\n“I think they don’t satisfy Mrs. Weston. They probably can’t satisfy a woman with her good sense and quick feelings, especially since she’s in the role of a mother without a mother’s love to cloud her judgment. Because of her, we owe it to her to visit Randalls even more, and she must feel the lack even more. If she were important herself, he would have come, I dare say; and it wouldn’t matter much whether he did or not. Can you think your friend is behind in these kinds of thoughts? Do you suppose she doesn’t often say all this to herself? No, Emma, your kind young man is kind only in French, not in English. He may be very ‘amiable,’ have good manners, and be pleasant; but he has no real English sensitivity to other people’s feelings: nothing truly kind about him.\n\n“You seem determined to think badly of him.\n\n“Me!—not at all,” replied Mr. Knightley, a bit annoyed. “I don’t want to think badly of him. I would be as ready to admit his good points as anyone else; but I hear of none, except what are just personal things; that he is well-built and good-looking, with smooth, convincing manners.\n\n“Well, if he has nothing else to recommend him, he will be a treasure at Highbury. We don’t often see handsome young men who are well-mannered and pleasant. We shouldn’t be too picky and ask for all the virtues as well. Can’t you imagine, Mr. Knightley, what a big talk he’ll cause? There will be only one topic throughout the parishes of Donwell and Highbury; only one interest—one thing everyone will be curious about; it will be all Mr. Frank Churchill; we’ll think and talk about no one else.\n\n“You’ll excuse me for being so overwhelmed. If I find him interesting to talk to, I’ll be glad to know him; but if he’s just a loud, foolish man, he won’t take up much of my time or thoughts.”",562,pass,,json_ok,0.983986,553,833cf1fa12efc28f676eaf1a927352e1ca78a60a9ebc10975d21de726189b5b6,"As he became more reasonable, he should have stood up for himself and gotten rid of anything in their control that was unfair. He should have resisted the first time they tried to make him disrespect his father. If he had started doing the right thing, there wouldn’t be any problems now.\n\n“We’ll never agree about him,” said Emma. “But that’s not surprising. I don’t think he’s a weak young man at all. I’m sure he isn’t. Mr. Weston wouldn’t ignore foolishness, even if it was in his own son. But Frank might be more gentle and easygoing than you think a man should be. I think he is, and even though it might cost him some benefits, it could give him many others.\n\n“Yes, all the benefits of doing nothing when he should be acting, and living a life of lazy pleasure, thinking he’s really good at making excuses for it. He can sit down and write a fancy letter full of promises and lies, and convince himself he’s found the best way to keep peace at home and stop his father from having any reason to complain. His letters make me sick.\n\n“Your feelings are strange. They seem to satisfy everyone else.\n\n“I think they don’t satisfy Mrs. Weston. They probably can’t satisfy a woman with her good sense and quick feelings, especially since she’s in the role of a mother without a mother’s love to cloud her judgment. Because of her, we owe it to her to visit Randalls even more, and she must feel the lack even more. If she were important herself, he would have come, I dare say; and it wouldn’t matter much whether he did or not. Can you think your friend is behind in these kinds of thoughts? Do you suppose she doesn’t often say all this to herself? No, Emma, your kind young man is kind only in French, not in English. He may be very ‘amiable,’ have good manners, and be pleasant; but he has no real English sensitivity to other people’s feelings: nothing truly kind about him.\n\n“You seem determined to think badly of him.\n\n“Me!—not at all,” replied Mr. Knightley, a bit annoyed. “I don’t want to think badly of him. I would be as ready to admit his good points as anyone else; but I hear of none, except what are just personal things; that he is well-built and good-looking, with smooth, convincing manners.\n\n“Well, if he has nothing else to recommend him, he will be a treasure at Highbury. We don’t often see handsome young men who are well-mannered and pleasant. We shouldn’t be too picky and ask for all the virtues as well. Can’t you imagine, Mr. Knightley, what a big talk he’ll cause? There will be only one topic throughout the parishes of Donwell and Highbury; only one interest—one thing everyone will be curious about; it will be all Mr. Frank Churchill; we’ll think and talk about no one else.\n\n“You’ll excuse me for being so overwhelmed. If I find him interesting to talk to, I’ll be glad to know him; but if he’s just a loud, foolish man, he won’t take up much of my time or thoughts.”",2026-06-07T18:20:00Z
groq_qwen_32b_free|run_1|AUSTEN_EMMA_012|modernize|qc_repair_v1|json_canonicalized_no_text_change|attempt_1,groq_qwen_32b_free|run_1|AUSTEN_EMMA_012|modernize,qwen,groq_qwen_32b_free,qwen/qwen3-32b,AUSTEN_EMMA_012,modernize,json_canonicalized_no_text_change,qc_repair_v1,,warning,json_repaired_loose_rewritten_text,json_repaired_loose_rewritten_text,0.969965,549,8e4161228d6501d5d121eef56f7d72f4fe1f45366902ba7e505eac4a72f19f0e,"He talked like someone really eager to dance; and Emma was a bit surprised to see how clearly the Weston family’s energy was winning out over the more reserved Churchill style. He seemed to have all the liveliness, good mood, and sociable nature of his father, and none of the haughtiness or aloofness that came from Enscombe. In fact, there might not have been enough pride at all; his lack of concern for social status came off as a bit too casual. But he couldn’t really understand the problem with that. It was just a sign of his lively personality.\n\nEventually, he was convinced to move away from the front of the Crown; and now that they were almost passing the house where the Bates family lived, Emma remembered his planned visit the day before and asked him if he had gone through with it.\n\n“Yes, oh yes!” he replied. “I was just about to mention it. It was a pretty successful visit—I met all three of them, and I’m really grateful for your heads-up. If that talkative aunt had caught me by surprise, it would have been the end of me. As it was, I ended up staying way too long. Ten minutes would have been enough, maybe even more than enough. I had told my dad I’d be home before him—but there was no way out, no chance to pause. And to my complete shock, when he finally found me there, I realized I had been sitting with them for almost forty-five minutes. That nice lady never gave me a chance to leave before that.”\n\n“And what did you think of Miss Fairfax?”\n\n“Ill, really ill—that is, if a young woman can ever be allowed to look unwell. But the term is a bit out of place, Mrs. Weston, isn’t it? Ladies can’t really look ill. And honestly, Miss Fairfax is naturally so pale that she often looks unwell. It’s a real shame she doesn’t have a better complexion.”\n\nEmma didn’t agree and started a passionate defense of Miss Fairfax’s skin. “It’s never been very bright, but I don’t think it usually looks sickly; and there’s a softness and delicacy to her skin that gives her face a special elegance.” He listened politely; admitted he had heard others say the same—but still, he had to admit that he couldn’t imagine anything making up for the lack of a healthy glow. When someone’s features were average, a good complexion could make them look beautiful. And when they were already good, the effect was—luckily, he didn’t need to try to describe what that effect was.\n\n“Well,” said Emma, “there’s no arguing about taste—at least you find her attractive, even if not for her skin.”\n\nHe shook his head and laughed. “I can’t really separate Miss Fairfax from her complexion.”\n\n“Did you see her often in Weymouth? Were you often in the same company?”\n\nAt that moment, they were approaching Ford’s shop, and he quickly exclaimed, “Hey, this must be the exact shop everyone goes to every day, as my father told me. He says he comes to Highbury himself six days a week and always has business at Ford’s.”",566,pass,,json_ok,0.969965,549,8e4161228d6501d5d121eef56f7d72f4fe1f45366902ba7e505eac4a72f19f0e,"He talked like someone really eager to dance; and Emma was a bit surprised to see how clearly the Weston family’s energy was winning out over the more reserved Churchill style. He seemed to have all the liveliness, good mood, and sociable nature of his father, and none of the haughtiness or aloofness that came from Enscombe. In fact, there might not have been enough pride at all; his lack of concern for social status came off as a bit too casual. But he couldn’t really understand the problem with that. It was just a sign of his lively personality.\n\nEventually, he was convinced to move away from the front of the Crown; and now that they were almost passing the house where the Bates family lived, Emma remembered his planned visit the day before and asked him if he had gone through with it.\n\n“Yes, oh yes!” he replied. “I was just about to mention it. It was a pretty successful visit—I met all three of them, and I’m really grateful for your heads-up. If that talkative aunt had caught me by surprise, it would have been the end of me. As it was, I ended up staying way too long. Ten minutes would have been enough, maybe even more than enough. I had told my dad I’d be home before him—but there was no way out, no chance to pause. And to my complete shock, when he finally found me there, I realized I had been sitting with them for almost forty-five minutes. That nice lady never gave me a chance to leave before that.”\n\n“And what did you think of Miss Fairfax?”\n\n“Ill, really ill—that is, if a young woman can ever be allowed to look unwell. But the term is a bit out of place, Mrs. Weston, isn’t it? Ladies can’t really look ill. And honestly, Miss Fairfax is naturally so pale that she often looks unwell. It’s a real shame she doesn’t have a better complexion.”\n\nEmma didn’t agree and started a passionate defense of Miss Fairfax’s skin. “It’s never been very bright, but I don’t think it usually looks sickly; and there’s a softness and delicacy to her skin that gives her face a special elegance.” He listened politely; admitted he had heard others say the same—but still, he had to admit that he couldn’t imagine anything making up for the lack of a healthy glow. When someone’s features were average, a good complexion could make them look beautiful. And when they were already good, the effect was—luckily, he didn’t need to try to describe what that effect was.\n\n“Well,” said Emma, “there’s no arguing about taste—at least you find her attractive, even if not for her skin.”\n\nHe shook his head and laughed. “I can’t really separate Miss Fairfax from her complexion.”\n\n“Did you see her often in Weymouth? Were you often in the same company?”\n\nAt that moment, they were approaching Ford’s shop, and he quickly exclaimed, “Hey, this must be the exact shop everyone goes to every day, as my father told me. He says he comes to Highbury himself six days a week and always has business at Ford’s.”",2026-06-07T18:20:00Z
groq_qwen_32b_free|run_1|AUSTEN_EMMA_012|paraphrase|qc_repair_v1|json_canonicalized_no_text_change|attempt_1,groq_qwen_32b_free|run_1|AUSTEN_EMMA_012|paraphrase,qwen,groq_qwen_32b_free,qwen/qwen3-32b,AUSTEN_EMMA_012,paraphrase,json_canonicalized_no_text_change,qc_repair_v1,,warning,json_repaired_loose_rewritten_text,json_repaired_loose_rewritten_text,0.969965,549,1b13cfe06683734fc8e0d44da6cdf7abc29d9b9581e4ec356608f4f639a4d3a4,"He spoke with the enthusiasm of a young man determined to enjoy himself; and Emma was somewhat surprised to see how clearly the Weston family's vitality overcame the Churchill tendencies. He appeared to inherit all the liveliness, cheerfulness, and sociable nature of his father, without any of the hauteur or restraint associated with Enscombe. Indeed, there was perhaps not enough pride at all; his disregard for social distinctions came close to a lack of refinement. Yet he could not be expected to understand the harm he caused by undervaluing such matters. It was simply the overflow of his lively disposition.\n\nAt last, he was convinced to move away from the front of the Crown; and as they now nearly faced the home where the Bateses lived, Emma recalled his planned visit the previous day and inquired if he had made it.\n\n“Yes, oh yes!” he replied. “I was just about to mention it. It was a very successful visit—I met all three ladies, and I am very grateful to you for the heads-up. If the talkative aunt had caught me entirely unprepared, it would have been the end of me. As it was, I found myself drawn into a visit far longer than I should have been. Ten minutes might have been enough, perhaps even more than enough; and I had promised my father I would be home before him—but there was no escape, no pause. To my complete amazement, when he finally found me there, I had been sitting with them for nearly three-quarters of an hour. The good lady never gave me the slightest chance to leave before that.”\n\n“And how did you find Miss Fairfax?”\n\n“Ill, very ill—that is, if a young lady can ever be said to look unwell. But the phrase is hardly acceptable, Mrs. Weston, is it? Ladies can never look ill. And, in truth, Miss Fairfax is naturally so pale that it often gives the impression of poor health—a most unfortunate lack of color.”\n\nEmma disagreed and began a spirited defense of Miss Fairfax’s complexion. “It was certainly never bright, but I do not think it generally had a sickly look; and there was a softness and delicacy to her skin that gave her face a particular grace.” He listened with all the proper courtesy; admitted he had heard many say the same—but still he had to confess that to him, nothing could compensate for the absence of a healthy glow. When features were average, a fine complexion could make all the difference; and when they were good, the effect—fortunately, he need not try to describe it.\n\n“Well,” said Emma, “there is no arguing about taste.—At least you admire her apart from her complexion.”\n\nHe shook his head and laughed. “I cannot separate Miss Fairfax from her complexion.”\n\n“Did you see her often at Weymouth? Were you often in the same company?”\n\nAt this moment, they were nearing Ford’s, and he exclaimed eagerly, “Ha! this must be the very shop that everyone visits every day of their lives, as my father tells me. He comes to Highbury himself, he says, six days out of seven, and always has business at Ford’s.”",566,pass,,json_ok,0.969965,549,1b13cfe06683734fc8e0d44da6cdf7abc29d9b9581e4ec356608f4f639a4d3a4,"He spoke with the enthusiasm of a young man determined to enjoy himself; and Emma was somewhat surprised to see how clearly the Weston family's vitality overcame the Churchill tendencies. He appeared to inherit all the liveliness, cheerfulness, and sociable nature of his father, without any of the hauteur or restraint associated with Enscombe. Indeed, there was perhaps not enough pride at all; his disregard for social distinctions came close to a lack of refinement. Yet he could not be expected to understand the harm he caused by undervaluing such matters. It was simply the overflow of his lively disposition.\n\nAt last, he was convinced to move away from the front of the Crown; and as they now nearly faced the home where the Bateses lived, Emma recalled his planned visit the previous day and inquired if he had made it.\n\n“Yes, oh yes!” he replied. “I was just about to mention it. It was a very successful visit—I met all three ladies, and I am very grateful to you for the heads-up. If the talkative aunt had caught me entirely unprepared, it would have been the end of me. As it was, I found myself drawn into a visit far longer than I should have been. Ten minutes might have been enough, perhaps even more than enough; and I had promised my father I would be home before him—but there was no escape, no pause. To my complete amazement, when he finally found me there, I had been sitting with them for nearly three-quarters of an hour. The good lady never gave me the slightest chance to leave before that.”\n\n“And how did you find Miss Fairfax?”\n\n“Ill, very ill—that is, if a young lady can ever be said to look unwell. But the phrase is hardly acceptable, Mrs. Weston, is it? Ladies can never look ill. And, in truth, Miss Fairfax is naturally so pale that it often gives the impression of poor health—a most unfortunate lack of color.”\n\nEmma disagreed and began a spirited defense of Miss Fairfax’s complexion. “It was certainly never bright, but I do not think it generally had a sickly look; and there was a softness and delicacy to her skin that gave her face a particular grace.” He listened with all the proper courtesy; admitted he had heard many say the same—but still he had to confess that to him, nothing could compensate for the absence of a healthy glow. When features were average, a fine complexion could make all the difference; and when they were good, the effect—fortunately, he need not try to describe it.\n\n“Well,” said Emma, “there is no arguing about taste.—At least you admire her apart from her complexion.”\n\nHe shook his head and laughed. “I cannot separate Miss Fairfax from her complexion.”\n\n“Did you see her often at Weymouth? Were you often in the same company?”\n\nAt this moment, they were nearing Ford’s, and he exclaimed eagerly, “Ha! this must be the very shop that everyone visits every day of their lives, as my father tells me. He comes to Highbury himself, he says, six days out of seven, and always has business at Ford’s.”",2026-06-07T18:20:00Z
groq_qwen_32b_free|run_1|AUSTEN_EMMA_012|simplify|qc_repair_v1|json_canonicalized_no_text_change|attempt_1,groq_qwen_32b_free|run_1|AUSTEN_EMMA_012|simplify,qwen,groq_qwen_32b_free,qwen/qwen3-32b,AUSTEN_EMMA_012,simplify,json_canonicalized_no_text_change,qc_repair_v1,,warning,json_repaired_loose_rewritten_text,json_repaired_loose_rewritten_text,0.975265,552,c3919c639aa5a7263dfdbeb6032b62258769e59c0f590d8d42a8bbf0ba4e31c2,"He talked like someone really eager to dance; and Emma was surprised to see how much energy and liveliness the Weston family had compared to the Churchills. He seemed to have all the cheerful and friendly qualities of his father, and none of the pride or aloofness of Enscombe. In fact, there might not have been enough pride at all; his lack of concern about social rank came across as too casual. But he couldn’t really understand how that might be seen as a bad thing. It was just the natural result of his lively and cheerful nature.\n\nAt last, he was convinced to move from the front of the Crown. Now that they were almost facing the house where the Bates family lived, Emma remembered his planned visit the day before and asked him if he had gone.\n\n“Yes, oh yes,” he replied. “I was just going to mention it. It was a very successful visit—I saw all three ladies, and I was really grateful for your warning. If the talkative aunt had caught me completely by surprise, it would have been the end of me. As it was, I ended up staying much longer than I should have. I thought ten minutes would be enough, maybe even more than enough. I had told my father I’d be home before him—but there was no way to leave, no chance to pause. And to my complete surprise, when he finally found me there, I had been sitting with them for almost three-quarters of an hour. The kind lady never gave me a chance to escape before that.”\n\n“And how did you think Miss Fairfax looked?”\n\n“Ill, very ill—that is, if a young lady can ever be allowed to look ill. But the expression is hardly acceptable, Mrs. Weston, is it? Ladies can never look ill. And, honestly, Miss Fairfax is naturally so pale that it often looks like she’s unwell. It’s a terrible lack of color.”\n\nEmma didn’t agree with that and started a strong defense of Miss Fairfax’s complexion. “It was certainly never bright, but I don’t think it usually looked sickly; and there was a softness and delicacy to her skin that gave a special elegance to her face.” He listened politely; admitted that he had heard many people say the same—but still had to admit that for him, nothing could make up for the lack of a healthy glow. When someone’s features were average, a good complexion could make them all look beautiful. And when the features were already good, the effect was—fortunately, he didn’t need to try to describe what that effect was.\n\n“Well,” said Emma, “there’s no arguing about taste—at least you admire her except for her complexion.”\n\nHe shook his head and laughed. “I can’t separate Miss Fairfax from her complexion.”\n\n“Did you see her often at Weymouth? Were you often in the same company?”\n\nAt this moment, they were approaching Ford’s, and he quickly exclaimed, “Ha! This must be the very shop that everyone goes to every day of their lives, as my father tells me. He comes to Highbury himself, he says, six days out of the seven, and always has business at Ford’s.”",566,pass,,json_ok,0.975265,552,c3919c639aa5a7263dfdbeb6032b62258769e59c0f590d8d42a8bbf0ba4e31c2,"He talked like someone really eager to dance; and Emma was surprised to see how much energy and liveliness the Weston family had compared to the Churchills. He seemed to have all the cheerful and friendly qualities of his father, and none of the pride or aloofness of Enscombe. In fact, there might not have been enough pride at all; his lack of concern about social rank came across as too casual. But he couldn’t really understand how that might be seen as a bad thing. It was just the natural result of his lively and cheerful nature.\n\nAt last, he was convinced to move from the front of the Crown. Now that they were almost facing the house where the Bates family lived, Emma remembered his planned visit the day before and asked him if he had gone.\n\n“Yes, oh yes,” he replied. “I was just going to mention it. It was a very successful visit—I saw all three ladies, and I was really grateful for your warning. If the talkative aunt had caught me completely by surprise, it would have been the end of me. As it was, I ended up staying much longer than I should have. I thought ten minutes would be enough, maybe even more than enough. I had told my father I’d be home before him—but there was no way to leave, no chance to pause. And to my complete surprise, when he finally found me there, I had been sitting with them for almost three-quarters of an hour. The kind lady never gave me a chance to escape before that.”\n\n“And how did you think Miss Fairfax looked?”\n\n“Ill, very ill—that is, if a young lady can ever be allowed to look ill. But the expression is hardly acceptable, Mrs. Weston, is it? Ladies can never look ill. And, honestly, Miss Fairfax is naturally so pale that it often looks like she’s unwell. It’s a terrible lack of color.”\n\nEmma didn’t agree with that and started a strong defense of Miss Fairfax’s complexion. “It was certainly never bright, but I don’t think it usually looked sickly; and there was a softness and delicacy to her skin that gave a special elegance to her face.” He listened politely; admitted that he had heard many people say the same—but still had to admit that for him, nothing could make up for the lack of a healthy glow. When someone’s features were average, a good complexion could make them all look beautiful. And when the features were already good, the effect was—fortunately, he didn’t need to try to describe what that effect was.\n\n“Well,” said Emma, “there’s no arguing about taste—at least you admire her except for her complexion.”\n\nHe shook his head and laughed. “I can’t separate Miss Fairfax from her complexion.”\n\n“Did you see her often at Weymouth? Were you often in the same company?”\n\nAt this moment, they were approaching Ford’s, and he quickly exclaimed, “Ha! This must be the very shop that everyone goes to every day of their lives, as my father tells me. He comes to Highbury himself, he says, six days out of the seven, and always has business at Ford’s.”",2026-06-07T18:20:00Z
groq_qwen_32b_free|run_1|AUSTEN_EMMA_013|simplify|qc_repair_v1|json_canonicalized_no_text_change|attempt_1,groq_qwen_32b_free|run_1|AUSTEN_EMMA_013|simplify,qwen,groq_qwen_32b_free,qwen/qwen3-32b,AUSTEN_EMMA_013,simplify,json_canonicalized_no_text_change,qc_repair_v1,,warning,json_repaired_loose_rewritten_text,json_repaired_loose_rewritten_text,0.895204,504,16a15757ab5de2987c004bfb5ef2f2a6adc10f3acee26f542d85acb6e1863bfd,"And just yesterday I was telling Mr. Cole that I was really ashamed to look at our new grand piano in the drawing-room, since I can't tell one note from another. Our little girls are just starting out and might never get very good at it. And then there's poor Jane Fairfax, who is very skilled in music, but doesn't have an instrument at all—not even the smallest old harpsichord in the world to play with. I was saying this to Mr. Cole just yesterday, and he agreed with me. He loves music so much that he couldn't help buying the piano, hoping some of our kind neighbors might occasionally use it better than we can. That's really why the instrument was bought—or else I'm sure we should be ashamed of it. We're hoping very much that Miss Woodhouse might try it this evening.”

Miss Woodhouse gave the proper response; and when she saw there was nothing more to be learned from Mrs. Cole, she turned to Frank Churchill.

""Why do you smile?"" she asked.

""Nay, why do you?""

""Me!—I suppose I smile because Colonel Campbell is so rich and generous. It's a generous gift.""

""Very.""

""I wonder why it wasn't given before.""

""Perhaps Miss Fairfax has never stayed here this long before.""

""Or that he didn't give her the use of their own instrument—which is now locked up in London, untouched by anyone.""

""That is a grand piano, and he might think it too big for Mrs. Bates's house.""

""You may say what you like—but your expression shows your thoughts on this matter are much like mine.""

""I don't know. I think you're giving me more credit for being sharp than I deserve. I smile because you smile, and I'll probably suspect whatever you suspect; but at the moment I don't see what there is to question. If Colonel Campbell isn't the one, who can it be?""

""What about Mrs. Dixon?""

""Mrs. Dixon! That's true enough. I hadn't thought of her. She must know as well as her father how much an instrument would be appreciated; and perhaps the way it was done, the secrecy, the surprise, is more like a young woman's plan than an old man's. It must be Mrs. Dixon, I'm sure. I told you your suspicions would guide mine.""

""If so, you must extend your suspicions and include Mr. Dixon as well.""

""Mr. Dixon.—Very well. Yes, I see at once that it must be the joint gift of Mr. and Mrs. Dixon. We were talking the other day, you know, about his being such a warm admirer of her playing.""

""Yes, and what you told me then confirmed an idea I had before.—I don't mean to question the good intentions of either Mr. Dixon or Miss Fairfax, but I can't help suspecting that, after making his proposals to her friend, he had the misfortune to fall in love with her, or that he became aware of a little affection on her side.",563,pass,,json_ok,0.895204,504,16a15757ab5de2987c004bfb5ef2f2a6adc10f3acee26f542d85acb6e1863bfd,"And just yesterday I was telling Mr. Cole that I was really ashamed to look at our new grand piano in the drawing-room, since I can't tell one note from another. Our little girls are just starting out and might never get very good at it. And then there's poor Jane Fairfax, who is very skilled in music, but doesn't have an instrument at all—not even the smallest old harpsichord in the world to play with. I was saying this to Mr. Cole just yesterday, and he agreed with me. He loves music so much that he couldn't help buying the piano, hoping some of our kind neighbors might occasionally use it better than we can. That's really why the instrument was bought—or else I'm sure we should be ashamed of it. We're hoping very much that Miss Woodhouse might try it this evening.”

Miss Woodhouse gave the proper response; and when she saw there was nothing more to be learned from Mrs. Cole, she turned to Frank Churchill.

""Why do you smile?"" she asked.

""Nay, why do you?""

""Me!—I suppose I smile because Colonel Campbell is so rich and generous. It's a generous gift.""

""Very.""

""I wonder why it wasn't given before.""

""Perhaps Miss Fairfax has never stayed here this long before.""

""Or that he didn't give her the use of their own instrument—which is now locked up in London, untouched by anyone.""

""That is a grand piano, and he might think it too big for Mrs. Bates's house.""

""You may say what you like—but your expression shows your thoughts on this matter are much like mine.""

""I don't know. I think you're giving me more credit for being sharp than I deserve. I smile because you smile, and I'll probably suspect whatever you suspect; but at the moment I don't see what there is to question. If Colonel Campbell isn't the one, who can it be?""

""What about Mrs. Dixon?""

""Mrs. Dixon! That's true enough. I hadn't thought of her. She must know as well as her father how much an instrument would be appreciated; and perhaps the way it was done, the secrecy, the surprise, is more like a young woman's plan than an old man's. It must be Mrs. Dixon, I'm sure. I told you your suspicions would guide mine.""

""If so, you must extend your suspicions and include Mr. Dixon as well.""

""Mr. Dixon.—Very well. Yes, I see at once that it must be the joint gift of Mr. and Mrs. Dixon. We were talking the other day, you know, about his being such a warm admirer of her playing.""

""Yes, and what you told me then confirmed an idea I had before.—I don't mean to question the good intentions of either Mr. Dixon or Miss Fairfax, but I can't help suspecting that, after making his proposals to her friend, he had the misfortune to fall in love with her, or that he became aware of a little affection on her side.",2026-06-07T18:20:00Z
groq_qwen_32b_free|run_1|AUSTEN_EMMA_017|modernize|qc_repair_v1|json_canonicalized_no_text_change|attempt_1,groq_qwen_32b_free|run_1|AUSTEN_EMMA_017|modernize,qwen,groq_qwen_32b_free,qwen/qwen3-32b,AUSTEN_EMMA_017,modernize,json_canonicalized_no_text_change,qc_repair_v1,,warning,json_repaired_loose_rewritten_text,json_repaired_loose_rewritten_text,0.93705,521,98b9d8702e938b28f0f0a50d7fb78955113bb5c424b1158344e49586c5eef4db,"Nobody can be more devoted to home than I am. I was known for it at Maple Grove. Selina used to say many times when she was going to Bristol, ‘I really can’t get this girl to leave the house. I absolutely have to go in by myself, even though I hate being stuck in the barouche-landau without company; but Augusta, I believe, with her own good will, would never go beyond the park fence.’ She said that many times. And yet I’m not in favor of total seclusion. On the contrary, I think it’s a bad idea when people shut themselves off from society entirely. It’s much better to be involved in the world in a proper way, without being too much or too little involved. I understand your situation, Miss Woodhouse—(looking toward Mr. Woodhouse)—your father’s health must be a big concern. Why doesn’t he try Bath? He really should. Let me recommend Bath to you. I can assure you I’m convinced it would help Mr. Woodhouse.\n\n“My father tried it more than once before, but it didn’t help at all. And Mr. Perry, whose name I’m sure you know, doesn’t think it would be any more useful now.”\n\n“Ah! That’s a shame. Because I can assure you, Miss Woodhouse, when the waters agree with someone, the relief they give is amazing. I’ve seen so many cases of that in Bath! And it’s such a cheerful place that it couldn’t fail to help Mr. Woodhouse’s spirits, which I understand are sometimes quite low. As for its benefits to you, I don’t need to go on about them. The advantages of Bath for young people are pretty well known. It would be a great experience for you, who’ve lived such a quiet life; and I could immediately connect you with some of the best people there. A note from me would bring you a whole circle of friends; and my special friend, Mrs. Partridge, the woman I’ve always stayed with when I’m in Bath, would be delighted to show you any attention and would be the perfect person for you to go out with in public.”\n\nIt was all Emma could do not to be rude. The idea of her being introduced by Mrs. Elton—of her going out in public under the care of a friend of Mrs. Elton’s—probably some vulgar, flashy widow who barely managed to live on her own with the help of a boarder! The dignity of Miss Woodhouse, of Hartfield, was really hurt!\n\nShe held herself back from giving any of the reproofs she could have, and only thanked Mrs. Elton coolly; “but going to Bath is completely out of the question; and she wasn’t entirely convinced that the place might suit her better than her father.” And then, to stop any more offense and anger, she changed the subject right away.\n\n“I don’t need to ask whether you’re musical, Mrs. Elton. On these kinds of occasions, a lady’s reputation usually goes ahead of her; and Highbury has long known that you’re a top-class performer.”",556,pass,,json_ok,0.93705,521,98b9d8702e938b28f0f0a50d7fb78955113bb5c424b1158344e49586c5eef4db,"Nobody can be more devoted to home than I am. I was known for it at Maple Grove. Selina used to say many times when she was going to Bristol, ‘I really can’t get this girl to leave the house. I absolutely have to go in by myself, even though I hate being stuck in the barouche-landau without company; but Augusta, I believe, with her own good will, would never go beyond the park fence.’ She said that many times. And yet I’m not in favor of total seclusion. On the contrary, I think it’s a bad idea when people shut themselves off from society entirely. It’s much better to be involved in the world in a proper way, without being too much or too little involved. I understand your situation, Miss Woodhouse—(looking toward Mr. Woodhouse)—your father’s health must be a big concern. Why doesn’t he try Bath? He really should. Let me recommend Bath to you. I can assure you I’m convinced it would help Mr. Woodhouse.\n\n“My father tried it more than once before, but it didn’t help at all. And Mr. Perry, whose name I’m sure you know, doesn’t think it would be any more useful now.”\n\n“Ah! That’s a shame. Because I can assure you, Miss Woodhouse, when the waters agree with someone, the relief they give is amazing. I’ve seen so many cases of that in Bath! And it’s such a cheerful place that it couldn’t fail to help Mr. Woodhouse’s spirits, which I understand are sometimes quite low. As for its benefits to you, I don’t need to go on about them. The advantages of Bath for young people are pretty well known. It would be a great experience for you, who’ve lived such a quiet life; and I could immediately connect you with some of the best people there. A note from me would bring you a whole circle of friends; and my special friend, Mrs. Partridge, the woman I’ve always stayed with when I’m in Bath, would be delighted to show you any attention and would be the perfect person for you to go out with in public.”\n\nIt was all Emma could do not to be rude. The idea of her being introduced by Mrs. Elton—of her going out in public under the care of a friend of Mrs. Elton’s—probably some vulgar, flashy widow who barely managed to live on her own with the help of a boarder! The dignity of Miss Woodhouse, of Hartfield, was really hurt!\n\nShe held herself back from giving any of the reproofs she could have, and only thanked Mrs. Elton coolly; “but going to Bath is completely out of the question; and she wasn’t entirely convinced that the place might suit her better than her father.” And then, to stop any more offense and anger, she changed the subject right away.\n\n“I don’t need to ask whether you’re musical, Mrs. Elton. On these kinds of occasions, a lady’s reputation usually goes ahead of her; and Highbury has long known that you’re a top-class performer.”",2026-06-07T18:20:00Z
groq_qwen_32b_free|run_1|AUSTEN_EMMA_017|paraphrase|qc_repair_v1|json_canonicalized_no_text_change|attempt_1,groq_qwen_32b_free|run_1|AUSTEN_EMMA_017|paraphrase,qwen,groq_qwen_32b_free,qwen/qwen3-32b,AUSTEN_EMMA_017,paraphrase,json_canonicalized_no_text_change,qc_repair_v1,,warning,json_repaired_loose_rewritten_text,json_repaired_loose_rewritten_text,0.879496,489,b14f8172cb1a45f80f2cb51209c3f163b23fa03c55910b5de0f2cb08cfbed82b,"I am as devoted to home as anyone could be. At Maple Grove, I was well known for it. Selina often remarked when she was going to Bristol, 'I simply cannot persuade this girl to leave the house. I must go in alone, though I dislike being stuck in the barouche-landau without company; but I believe Augusta, with all her good intentions, would never venture beyond the park gate.' She said this many times; yet I do not support complete isolation. On the contrary, I think it is very unwise when people cut themselves off entirely from society. It is far better to engage with the world in a proper way, neither too much nor too little. I understand your situation, Miss Woodhouse—(glancing toward Mr. Woodhouse)—Your father’s health must be a great concern. Why does he not try Bath? Indeed, he should. Let me suggest Bath to you. I can assure you that it would benefit Mr. Woodhouse greatly.\n\n“My father tried it more than once before, but without any improvement; and Mr. Perry, whose name I daresay you know, does not believe it would be more helpful now.\n\n“Ah! That is a great pity; for I can assure you, Miss Woodhouse, when the waters agree, they provide remarkable relief. I have seen such cases in Bath! And it is such a cheerful place that it could not help but improve Mr. Woodhouse’s spirits, which I understand are often quite low. As for its advantages to you, I need not elaborate much. The benefits of Bath for the young are generally understood. It would be a delightful introduction for you, who have lived so quietly; and I could easily connect you with some of the best society there. A letter from me would bring you a host of acquaintances; and my dear friend, Mrs. Partridge, the lady I have always stayed with in Bath, would be delighted to offer you any attention and would be the ideal companion for you in public.\n\nIt was all Emma could bear without being rude. The thought of her being introduced by Mrs. Elton—of her going out in public with the support of a friend of Mrs. Elton’s—likely some vulgar, showy widow, who barely managed to live with the help of a boarder!—The dignity of Miss Woodhouse, of Hartfield, was truly diminished!\n\nShe restrained herself from giving any reproof she could have offered and only thanked Mrs. Elton coolly; 'but going to Bath is quite out of the question for us; and she is not entirely convinced that the place might suit her better than her father.' And then, to prevent further offense and indignation, she changed the subject immediately.\n\n“I do not ask whether you are musical, Mrs. Elton. On such occasions, a lady’s reputation usually precedes her; and Highbury has long known that you are an excellent performer.”",556,pass,,json_ok,0.879496,489,b14f8172cb1a45f80f2cb51209c3f163b23fa03c55910b5de0f2cb08cfbed82b,"I am as devoted to home as anyone could be. At Maple Grove, I was well known for it. Selina often remarked when she was going to Bristol, 'I simply cannot persuade this girl to leave the house. I must go in alone, though I dislike being stuck in the barouche-landau without company; but I believe Augusta, with all her good intentions, would never venture beyond the park gate.' She said this many times; yet I do not support complete isolation. On the contrary, I think it is very unwise when people cut themselves off entirely from society. It is far better to engage with the world in a proper way, neither too much nor too little. I understand your situation, Miss Woodhouse—(glancing toward Mr. Woodhouse)—Your father’s health must be a great concern. Why does he not try Bath? Indeed, he should. Let me suggest Bath to you. I can assure you that it would benefit Mr. Woodhouse greatly.\n\n“My father tried it more than once before, but without any improvement; and Mr. Perry, whose name I daresay you know, does not believe it would be more helpful now.\n\n“Ah! That is a great pity; for I can assure you, Miss Woodhouse, when the waters agree, they provide remarkable relief. I have seen such cases in Bath! And it is such a cheerful place that it could not help but improve Mr. Woodhouse’s spirits, which I understand are often quite low. As for its advantages to you, I need not elaborate much. The benefits of Bath for the young are generally understood. It would be a delightful introduction for you, who have lived so quietly; and I could easily connect you with some of the best society there. A letter from me would bring you a host of acquaintances; and my dear friend, Mrs. Partridge, the lady I have always stayed with in Bath, would be delighted to offer you any attention and would be the ideal companion for you in public.\n\nIt was all Emma could bear without being rude. The thought of her being introduced by Mrs. Elton—of her going out in public with the support of a friend of Mrs. Elton’s—likely some vulgar, showy widow, who barely managed to live with the help of a boarder!—The dignity of Miss Woodhouse, of Hartfield, was truly diminished!\n\nShe restrained herself from giving any reproof she could have offered and only thanked Mrs. Elton coolly; 'but going to Bath is quite out of the question for us; and she is not entirely convinced that the place might suit her better than her father.' And then, to prevent further offense and indignation, she changed the subject immediately.\n\n“I do not ask whether you are musical, Mrs. Elton. On such occasions, a lady’s reputation usually precedes her; and Highbury has long known that you are an excellent performer.”",2026-06-07T18:20:00Z
groq_qwen_32b_free|run_1|AUSTEN_EMMA_018|modernize|qc_repair_v1|json_canonicalized_no_text_change|attempt_1,groq_qwen_32b_free|run_1|AUSTEN_EMMA_018|modernize,qwen,groq_qwen_32b_free,qwen/qwen3-32b,AUSTEN_EMMA_018,modernize,json_canonicalized_no_text_change,qc_repair_v1,,warning,json_repaired_loose_rewritten_text,json_repaired_loose_rewritten_text,0.968386,582,e219ede942669e4df5f6d2525910517fe2bb90622efaa4a729be93ead5708d32,"The depth of your admiration might surprise you one day or another.\n\nMr. Knightley was focused on fastening the lower buttons of his heavy leather gaiters, and either the effort of getting them done or something else brought color to his face as he replied,\n\n“Oh! are you there?—But you’re way behind the times. Mr. Cole gave me a hint about it six weeks ago.”\n\nHe paused. Emma felt her foot touched by Mrs. Weston and wasn’t sure what to make of it. A moment later, he continued,\n\n“That will never happen, though. I can assure you. Miss Fairfax, I suppose, wouldn’t have me if I asked—and I’m certain I’ll never ask her.”\n\nEmma returned her friend’s touch with warmth and couldn’t help but say,\n\n“You’re not full of yourself, Mr. Knightley. I’ll give you that much.”\n\nHe barely seemed to hear her; he was deep in thought—and soon after, in a tone that showed he wasn’t happy, he said,\n\n“So you’ve been deciding that I should marry Jane Fairfax?”\n\n“No, indeed I haven’t. You’ve been too hard on me for matchmaking for me to go that far with you. What I said just now meant nothing. People say things like that automatically, without any serious intent. Oh no, honestly, I don’t have the slightest desire for you to marry Jane Fairfax or any other Jane. You wouldn’t be sitting with us so comfortably if you were married.”\n\nMr. Knightley fell into thought again. After a while, he said, “No, Emma, I don’t think the depth of my admiration for her will ever surprise me. I’ve never had any such feelings for her, I assure you.” And shortly after, “Jane Fairfax is a very charming young woman—but not even Jane Fairfax is perfect. She has a flaw. She doesn’t have the open, easygoing nature a man would want in a wife.”\n\nEmma couldn’t help but be glad to hear that she had a flaw. “Well,” she said, “and you shut Mr. Cole up quickly, I suppose?”\n\n“Yes, very quickly. He gave me a quiet hint; I told him he was wrong; he apologized and said no more. Cole doesn’t want to be smarter or cleverer than his neighbors.”\n\n“In that respect, how different from dear Mrs. Elton, who wants to be smarter and cleverer than everyone else! I wonder how she talks about the Coles—what names she gives them! How can she find a name for them that’s vulgar enough? She calls you Knightley—what can she do for Mr. Cole? And so I’m not surprised at all that Jane Fairfax accepts her kindness and agrees to be with her. Mrs. Weston, your point carries the most weight with me. I can much more easily understand the temptation of getting away from Miss Bates than I can believe that Miss Fairfax’s mind would triumph over Mrs. Elton. I don’t believe for a second that Mrs. Elton would ever admit she’s the inferior in thought, word, or deed; or that she’d be held back by anything more than her own limited sense of good manners. I can’t imagine that she won’t keep insulting her guest with praise, encouragement, and offers of help; that she won’t keep talking about her grand plans, from getting her a permanent job to including her in those delightful sightseeing trips in the barouche-landau.”",601,pass,,json_ok,0.968386,582,e219ede942669e4df5f6d2525910517fe2bb90622efaa4a729be93ead5708d32,"The depth of your admiration might surprise you one day or another.\n\nMr. Knightley was focused on fastening the lower buttons of his heavy leather gaiters, and either the effort of getting them done or something else brought color to his face as he replied,\n\n“Oh! are you there?—But you’re way behind the times. Mr. Cole gave me a hint about it six weeks ago.”\n\nHe paused. Emma felt her foot touched by Mrs. Weston and wasn’t sure what to make of it. A moment later, he continued,\n\n“That will never happen, though. I can assure you. Miss Fairfax, I suppose, wouldn’t have me if I asked—and I’m certain I’ll never ask her.”\n\nEmma returned her friend’s touch with warmth and couldn’t help but say,\n\n“You’re not full of yourself, Mr. Knightley. I’ll give you that much.”\n\nHe barely seemed to hear her; he was deep in thought—and soon after, in a tone that showed he wasn’t happy, he said,\n\n“So you’ve been deciding that I should marry Jane Fairfax?”\n\n“No, indeed I haven’t. You’ve been too hard on me for matchmaking for me to go that far with you. What I said just now meant nothing. People say things like that automatically, without any serious intent. Oh no, honestly, I don’t have the slightest desire for you to marry Jane Fairfax or any other Jane. You wouldn’t be sitting with us so comfortably if you were married.”\n\nMr. Knightley fell into thought again. After a while, he said, “No, Emma, I don’t think the depth of my admiration for her will ever surprise me. I’ve never had any such feelings for her, I assure you.” And shortly after, “Jane Fairfax is a very charming young woman—but not even Jane Fairfax is perfect. She has a flaw. She doesn’t have the open, easygoing nature a man would want in a wife.”\n\nEmma couldn’t help but be glad to hear that she had a flaw. “Well,” she said, “and you shut Mr. Cole up quickly, I suppose?”\n\n“Yes, very quickly. He gave me a quiet hint; I told him he was wrong; he apologized and said no more. Cole doesn’t want to be smarter or cleverer than his neighbors.”\n\n“In that respect, how different from dear Mrs. Elton, who wants to be smarter and cleverer than everyone else! I wonder how she talks about the Coles—what names she gives them! How can she find a name for them that’s vulgar enough? She calls you Knightley—what can she do for Mr. Cole? And so I’m not surprised at all that Jane Fairfax accepts her kindness and agrees to be with her. Mrs. Weston, your point carries the most weight with me. I can much more easily understand the temptation of getting away from Miss Bates than I can believe that Miss Fairfax’s mind would triumph over Mrs. Elton. I don’t believe for a second that Mrs. Elton would ever admit she’s the inferior in thought, word, or deed; or that she’d be held back by anything more than her own limited sense of good manners. I can’t imagine that she won’t keep insulting her guest with praise, encouragement, and offers of help; that she won’t keep talking about her grand plans, from getting her a permanent job to including her in those delightful sightseeing trips in the barouche-landau.”",2026-06-07T18:20:00Z
groq_qwen_32b_free|run_1|AUSTEN_EMMA_018|paraphrase|qc_repair_v1|json_canonicalized_no_text_change|attempt_1,groq_qwen_32b_free|run_1|AUSTEN_EMMA_018|paraphrase,qwen,groq_qwen_32b_free,qwen/qwen3-32b,AUSTEN_EMMA_018,paraphrase,json_canonicalized_no_text_change,qc_repair_v1,,warning,json_repaired_loose_rewritten_text,json_repaired_loose_rewritten_text,0.993344,597,1407bb660d9fb8e61b36c37d83f342b82d74aa8b5cff6b19293b9c6217314d4c,"The full measure of your admiration might one day surprise you.\n\nMr. Knightley was busily fastening the lower buttons of his heavy leather gaiters, and either the effort of doing so or some other cause brought a flush to his face as he replied,\n\n“Oh! are you there?—But you are far behind. Mr. Cole gave me a hint of it six weeks ago.”\n\nHe paused.—Emma felt her foot touched by Mrs. Weston and was unsure how to interpret it. In a moment he continued—\n\n“That will never happen, however, I can assure you. Miss Fairfax, I daresay, would not have me if I were to propose—and I am quite certain I shall never ask her.”\n\nEmma responded to her friend’s gesture with warmth; she was pleased enough to say,\n\n“You are not conceited, Mr. Knightley. I will say that for you.”\n\nHe appeared scarcely to hear her; he was deep in thought—and soon, in a manner that showed he was not pleased, remarked,\n\n“So you have been deciding that I should marry Jane Fairfax?”\n\n“No indeed I have not. You have scolded me too often for matchmaking for me to presume to take such a liberty with you. What I said just now meant nothing. One says those sorts of things naturally, without any serious intent. Oh! no, I assure you, I have not the slightest desire for you to marry Jane Fairfax or any other Jane. You would not be joining us in such a comfortable way if you were married.”\n\nMr. Knightley fell into thought again. The result of his musings was, “No, Emma, I do not think the full measure of my admiration for her will ever surprise me.—I have never had any such feelings for her, I assure you.” And shortly after, “Jane Fairfax is a very agreeable young woman—but not even Jane Fairfax is without flaw. She has a fault. She lacks the openness of character which a man would wish for in a wife.”\n\nEmma could not help but be glad to hear that she had a fault. “Well,” she said, “and you soon silenced Mr. Cole, I suppose?”\n\n“Yes, very soon. He gave me a quiet suggestion; I told him he was mistaken; he apologized and said no more. Cole does not wish to be wiser or cleverer than his neighbors.”\n\n“In that respect how unlike dear Mrs. Elton, who wishes to be wiser and cleverer than the whole world! I wonder how she speaks of the Coles—what she calls them! How can she find a name for them, sufficiently vulgar in tone? She calls you, Knightley—what can she do for Mr. Cole? And so I am not surprised that Jane Fairfax accepts her civilities and agrees to be with her. Mrs. Weston, your reasoning carries most weight with me. I can much more easily understand the temptation of escaping from Miss Bates than I can believe in Miss Fairfax’s mind triumphing over Mrs. Elton. I have no confidence in Mrs. Elton’s acknowledging herself inferior in thought, word, or deed; or in her being restrained beyond her limited sense of good manners. I cannot imagine that she will not constantly be flattering her guest with praise, encouragement, and offers of assistance; that she will not constantly be recounting her grand plans, from securing her a permanent position to including her in those delightful excursions which are to take place in the barouche-landau.”",601,pass,,json_ok,0.993344,597,1407bb660d9fb8e61b36c37d83f342b82d74aa8b5cff6b19293b9c6217314d4c,"The full measure of your admiration might one day surprise you.\n\nMr. Knightley was busily fastening the lower buttons of his heavy leather gaiters, and either the effort of doing so or some other cause brought a flush to his face as he replied,\n\n“Oh! are you there?—But you are far behind. Mr. Cole gave me a hint of it six weeks ago.”\n\nHe paused.—Emma felt her foot touched by Mrs. Weston and was unsure how to interpret it. In a moment he continued—\n\n“That will never happen, however, I can assure you. Miss Fairfax, I daresay, would not have me if I were to propose—and I am quite certain I shall never ask her.”\n\nEmma responded to her friend’s gesture with warmth; she was pleased enough to say,\n\n“You are not conceited, Mr. Knightley. I will say that for you.”\n\nHe appeared scarcely to hear her; he was deep in thought—and soon, in a manner that showed he was not pleased, remarked,\n\n“So you have been deciding that I should marry Jane Fairfax?”\n\n“No indeed I have not. You have scolded me too often for matchmaking for me to presume to take such a liberty with you. What I said just now meant nothing. One says those sorts of things naturally, without any serious intent. Oh! no, I assure you, I have not the slightest desire for you to marry Jane Fairfax or any other Jane. You would not be joining us in such a comfortable way if you were married.”\n\nMr. Knightley fell into thought again. The result of his musings was, “No, Emma, I do not think the full measure of my admiration for her will ever surprise me.—I have never had any such feelings for her, I assure you.” And shortly after, “Jane Fairfax is a very agreeable young woman—but not even Jane Fairfax is without flaw. She has a fault. She lacks the openness of character which a man would wish for in a wife.”\n\nEmma could not help but be glad to hear that she had a fault. “Well,” she said, “and you soon silenced Mr. Cole, I suppose?”\n\n“Yes, very soon. He gave me a quiet suggestion; I told him he was mistaken; he apologized and said no more. Cole does not wish to be wiser or cleverer than his neighbors.”\n\n“In that respect how unlike dear Mrs. Elton, who wishes to be wiser and cleverer than the whole world! I wonder how she speaks of the Coles—what she calls them! How can she find a name for them, sufficiently vulgar in tone? She calls you, Knightley—what can she do for Mr. Cole? And so I am not surprised that Jane Fairfax accepts her civilities and agrees to be with her. Mrs. Weston, your reasoning carries most weight with me. I can much more easily understand the temptation of escaping from Miss Bates than I can believe in Miss Fairfax’s mind triumphing over Mrs. Elton. I have no confidence in Mrs. Elton’s acknowledging herself inferior in thought, word, or deed; or in her being restrained beyond her limited sense of good manners. I cannot imagine that she will not constantly be flattering her guest with praise, encouragement, and offers of assistance; that she will not constantly be recounting her grand plans, from securing her a permanent position to including her in those delightful excursions which are to take place in the barouche-landau.”",2026-06-07T18:20:00Z
groq_qwen_32b_free|run_1|AUSTEN_EMMA_018|simplify|qc_repair_v1|json_canonicalized_no_text_change|attempt_1,groq_qwen_32b_free|run_1|AUSTEN_EMMA_018|simplify,qwen,groq_qwen_32b_free,qwen/qwen3-32b,AUSTEN_EMMA_018,simplify,json_canonicalized_no_text_change,qc_repair_v1,,warning,json_repaired_loose_rewritten_text,json_repaired_loose_rewritten_text,0.925125,556,a4e6e6df1d3e53cb24dbfed10bd2690ca547f7a8b17021cab76fe1c89c274055,"The full extent of your admiration might surprise you someday.\n\nMr. Knightley was working on the lower buttons of his thick leather gaiters, and either the effort of fastening them or something else made his face flush as he replied,\n\n“Oh! are you there?—But you’re far behind. Mr. Cole gave me a hint about this six weeks ago.”\n\nHe paused.—Emma felt her foot touched by Mrs. Weston and wasn’t sure what to think. In a moment he continued—\n\n“That will never happen, however. I can assure you. Miss Fairfax, I suppose, wouldn’t have me if I asked her—and I’m certain I’ll never ask her.”\n\nEmma returned her friend’s touch with interest and said, happy enough,\n\n“You’re not full of yourself, Mr. Knightley. I’ll say that for you.”\n\nHe seemed not to hear her; he was deep in thought—and soon after, in a way that showed he wasn’t pleased, he said,\n\n“So you’ve been deciding that I should marry Jane Fairfax?”\n\n“No indeed I haven’t. You’ve scolded me too much for matchmaking for me to go that far with you. What I said just now meant nothing. People say things like that naturally, without any serious meaning. Oh! no, I don’t want you to marry Jane Fairfax or any other Jane. You wouldn’t come and sit with us in such a comfortable way if you were married.”\n\nMr. Knightley was thoughtful again. The result of his thinking was, “No, Emma, I don’t think the full extent of my admiration for her will ever surprise me.—I’ve never thought of her that way, I assure you.” And soon after, “Jane Fairfax is a very charming young woman—but not even Jane Fairfax is perfect. She has a fault. She doesn’t have the open nature a man would want in a wife.”\n\nEmma couldn’t help but be happy to hear she had a fault. “Well,” she said, “and you quickly put Mr. Cole in his place, I suppose?”\n\n“Yes, very quickly. He gave me a quiet hint; I told him he was wrong; he apologized and said no more. Cole doesn’t want to be smarter or cleverer than his neighbors.”\n\n“In that way, how different from dear Mrs. Elton, who wants to be smarter and cleverer than everyone! I wonder how she speaks of the Coles—what she calls them! How can she find a name for them bad enough? She calls you, Knightley—what can she do for Mr. Cole? And so I’m not surprised that Jane Fairfax accepts her kindness and agrees to be with her. Mrs. Weston, your argument weighs most with me. I can understand much more easily the temptation of getting away from Miss Bates than I can believe that Miss Fairfax’s mind is triumphant over Mrs. Elton. I don’t believe for a second that Mrs. Elton admits she’s less clever in thought, word, or deed; or that she’s limited by anything but her own poor manners. I can’t imagine that she won’t keep insulting her guest with praise, encouragement, and offers of help; that she won’t keep talking about her grand plans, from finding her a permanent job to including her in those delightful exploring trips in the barouche-landau.”",601,pass,,json_ok,0.925125,556,a4e6e6df1d3e53cb24dbfed10bd2690ca547f7a8b17021cab76fe1c89c274055,"The full extent of your admiration might surprise you someday.\n\nMr. Knightley was working on the lower buttons of his thick leather gaiters, and either the effort of fastening them or something else made his face flush as he replied,\n\n“Oh! are you there?—But you’re far behind. Mr. Cole gave me a hint about this six weeks ago.”\n\nHe paused.—Emma felt her foot touched by Mrs. Weston and wasn’t sure what to think. In a moment he continued—\n\n“That will never happen, however. I can assure you. Miss Fairfax, I suppose, wouldn’t have me if I asked her—and I’m certain I’ll never ask her.”\n\nEmma returned her friend’s touch with interest and said, happy enough,\n\n“You’re not full of yourself, Mr. Knightley. I’ll say that for you.”\n\nHe seemed not to hear her; he was deep in thought—and soon after, in a way that showed he wasn’t pleased, he said,\n\n“So you’ve been deciding that I should marry Jane Fairfax?”\n\n“No indeed I haven’t. You’ve scolded me too much for matchmaking for me to go that far with you. What I said just now meant nothing. People say things like that naturally, without any serious meaning. Oh! no, I don’t want you to marry Jane Fairfax or any other Jane. You wouldn’t come and sit with us in such a comfortable way if you were married.”\n\nMr. Knightley was thoughtful again. The result of his thinking was, “No, Emma, I don’t think the full extent of my admiration for her will ever surprise me.—I’ve never thought of her that way, I assure you.” And soon after, “Jane Fairfax is a very charming young woman—but not even Jane Fairfax is perfect. She has a fault. She doesn’t have the open nature a man would want in a wife.”\n\nEmma couldn’t help but be happy to hear she had a fault. “Well,” she said, “and you quickly put Mr. Cole in his place, I suppose?”\n\n“Yes, very quickly. He gave me a quiet hint; I told him he was wrong; he apologized and said no more. Cole doesn’t want to be smarter or cleverer than his neighbors.”\n\n“In that way, how different from dear Mrs. Elton, who wants to be smarter and cleverer than everyone! I wonder how she speaks of the Coles—what she calls them! How can she find a name for them bad enough? She calls you, Knightley—what can she do for Mr. Cole? And so I’m not surprised that Jane Fairfax accepts her kindness and agrees to be with her. Mrs. Weston, your argument weighs most with me. I can understand much more easily the temptation of getting away from Miss Bates than I can believe that Miss Fairfax’s mind is triumphant over Mrs. Elton. I don’t believe for a second that Mrs. Elton admits she’s less clever in thought, word, or deed; or that she’s limited by anything but her own poor manners. I can’t imagine that she won’t keep insulting her guest with praise, encouragement, and offers of help; that she won’t keep talking about her grand plans, from finding her a permanent job to including her in those delightful exploring trips in the barouche-landau.”",2026-06-07T18:20:00Z
groq_qwen_32b_free|run_1|AUSTEN_EMMA_019|paraphrase|qc_repair_v1|json_canonicalized_no_text_change|attempt_1,groq_qwen_32b_free|run_1|AUSTEN_EMMA_019|paraphrase,qwen,groq_qwen_32b_free,qwen/qwen3-32b,AUSTEN_EMMA_019,paraphrase,json_canonicalized_no_text_change,qc_repair_v1,,warning,json_repaired_loose_rewritten_text,json_repaired_loose_rewritten_text,0.980565,555,81e0db356ba38a00b5e0dc7fc50a9f137b03f54abb0e1282a83cae868405bd5b,"Woodhouse, I wish you had heard the gallant things he said to me at dinner. Oh! I can assure you I began to think my dear husband would be quite jealous. I imagine I am rather favored; he noticed my gown. What do you think of it?—chosen by Selina—handsome, I believe, though I am uncertain if it is too much adorned; I have a strong aversion to the idea of being overdone—truly dislike extravagance in dress. I must wear some ornaments now, as it is expected of me. A bride, you know, must look like a bride, but my natural inclination is for simplicity; a plain style of dress is infinitely preferable to showy finery. Yet I suspect I am in the minority; few seem to appreciate plainness in dress—display and finery are everything. I have an idea of adding a trimming like this to my white and silver poplin. Do you think it will look well?”

  ""The entire company had just gathered again in the drawing-room when Mr. Weston appeared among them. He had returned from a late dinner and walked to Hartfield as soon as he was done. He had been so anticipated by the best judges that there was no surprise—but there was great delight. Mr. Woodhouse was almost as pleased to see him now as he would have been sorry to see him before. John Knightley, however, was in silent astonishment.—That a man who might have spent his evening quietly at home after a day's business in London, should set out again and walk half a mile to another man’s house, for the sake of being in mixed company until bedtime, of finishing his day with the exertions of politeness and the din of numbers, was a matter to strike him deeply. A man who had been active since eight o’clock in the morning, and might now have been still, who had been long speaking, and might have been silent, who had been in more than one crowd, and might have been alone!—Such a man, to leave the peace and independence of his own fireside, and on the evening of a cold, sleety April day, rush out again into the world!—Could he by a touch of his finger have instantly taken back his wife, there would have been a motive; but his coming would probably prolong rather than end the gathering. John Knightley looked at him with amazement, then shrugged his shoulders, and said, “I could not have believed it even of _him_.”

  ""Mr. Weston, meanwhile, perfectly unaware of the indignation he was causing, cheerful and happy as ever, and with all the right to be the main speaker, which a day spent anywhere away from home bestows, was making himself agreeable among the rest; and having satisfied the inquiries of his wife regarding his dinner, convincing her that none of her careful instructions to the servants had been neglected, and shared what public news he had heard, was proceeding to a family communication, which, though mainly addressed to Mrs. Weston, he had not the slightest doubt of being highly interesting to everyone in the room. He gave her a letter, it was from Frank, and to herself; he had encountered it on his way, and had taken the liberty of opening it.",566,pass,,json_ok,0.980565,555,81e0db356ba38a00b5e0dc7fc50a9f137b03f54abb0e1282a83cae868405bd5b,"Woodhouse, I wish you had heard the gallant things he said to me at dinner. Oh! I can assure you I began to think my dear husband would be quite jealous. I imagine I am rather favored; he noticed my gown. What do you think of it?—chosen by Selina—handsome, I believe, though I am uncertain if it is too much adorned; I have a strong aversion to the idea of being overdone—truly dislike extravagance in dress. I must wear some ornaments now, as it is expected of me. A bride, you know, must look like a bride, but my natural inclination is for simplicity; a plain style of dress is infinitely preferable to showy finery. Yet I suspect I am in the minority; few seem to appreciate plainness in dress—display and finery are everything. I have an idea of adding a trimming like this to my white and silver poplin. Do you think it will look well?”

  ""The entire company had just gathered again in the drawing-room when Mr. Weston appeared among them. He had returned from a late dinner and walked to Hartfield as soon as he was done. He had been so anticipated by the best judges that there was no surprise—but there was great delight. Mr. Woodhouse was almost as pleased to see him now as he would have been sorry to see him before. John Knightley, however, was in silent astonishment.—That a man who might have spent his evening quietly at home after a day's business in London, should set out again and walk half a mile to another man’s house, for the sake of being in mixed company until bedtime, of finishing his day with the exertions of politeness and the din of numbers, was a matter to strike him deeply. A man who had been active since eight o’clock in the morning, and might now have been still, who had been long speaking, and might have been silent, who had been in more than one crowd, and might have been alone!—Such a man, to leave the peace and independence of his own fireside, and on the evening of a cold, sleety April day, rush out again into the world!—Could he by a touch of his finger have instantly taken back his wife, there would have been a motive; but his coming would probably prolong rather than end the gathering. John Knightley looked at him with amazement, then shrugged his shoulders, and said, “I could not have believed it even of _him_.”

  ""Mr. Weston, meanwhile, perfectly unaware of the indignation he was causing, cheerful and happy as ever, and with all the right to be the main speaker, which a day spent anywhere away from home bestows, was making himself agreeable among the rest; and having satisfied the inquiries of his wife regarding his dinner, convincing her that none of her careful instructions to the servants had been neglected, and shared what public news he had heard, was proceeding to a family communication, which, though mainly addressed to Mrs. Weston, he had not the slightest doubt of being highly interesting to everyone in the room. He gave her a letter, it was from Frank, and to herself; he had encountered it on his way, and had taken the liberty of opening it.",2026-06-07T18:20:00Z
groq_qwen_32b_free|run_1|AUSTEN_EMMA_019|simplify|qc_repair_v1|json_canonicalized_no_text_change|attempt_1,groq_qwen_32b_free|run_1|AUSTEN_EMMA_019|simplify,qwen,groq_qwen_32b_free,qwen/qwen3-32b,AUSTEN_EMMA_019,simplify,json_canonicalized_no_text_change,qc_repair_v1,,warning,json_repaired_loose_rewritten_text,json_repaired_loose_rewritten_text,0.89576,507,68c13990e8a1d3ca6e0e7e16e2bae44a9961a7817d7572fccaa108d513cce1dd,"Woodhouse, I wish you had heard his kind and flattering words to me at dinner. Oh! I’m sure my dear husband would be jealous. I think I’m quite popular; he even noticed my dress. What do you think of it?—Selina chose it for me. I think it’s nice, but I’m not sure if it’s too fancy. I really dislike being too fancy. I need to wear some jewelry now, because that’s expected of a bride. A bride should look like a bride, but I naturally prefer simple things. A simple style of dress is much better than being fancy. But I’m probably in the minority; it seems few people value simple dress—showy things are everything. I was thinking of adding this kind of trim to my white and silver poplin dress. Do you think it will look good?”

The whole group had just gathered in the drawing-room when Mr. Weston arrived. He had returned for a late dinner and walked to Hartfield as soon as it was over. He had been expected, so there was no surprise—but there was a lot of happiness. Mr. Woodhouse was almost as glad to see him now as he would have been sad to see him before. John Knightley was just stunned. That a man who could have spent his evening quietly at home after a busy day in London should go out again and walk half a mile to someone else’s house just to be with people until bedtime, to spend his evening being polite and in a noisy crowd, was something that shocked him deeply. A man who had been busy since eight in the morning and could now be at rest, who had been talking a lot and could now be quiet, who had been in crowds and could now be alone!—Such a man, to leave the peace and freedom of his own home and on a cold, rainy April evening go out again into the world!—If he could have instantly taken back his wife, there would have been a reason; but his coming would probably make the party last longer. John Knightley looked at him in amazement, then shrugged his shoulders, and said, “I could not have believed it even of _him_.”

Meanwhile, Mr. Weston, completely unaware of the anger he was causing, was as happy and cheerful as usual, and with all the right to be the main speaker, which a day away from home gives you, was making himself pleasant among the others; and having answered his wife’s questions about his dinner, convincing her that none of her careful instructions to the servants had been ignored, and shared what public news he had heard, was moving on to a family announcement, which, though mainly addressed to Mrs. Weston, he had no doubt at all would be very interesting to everyone in the room. He gave her a letter, it was from Frank, and to her; he had found it on his way, and had taken the liberty of opening it.",566,pass,,json_ok,0.89576,507,68c13990e8a1d3ca6e0e7e16e2bae44a9961a7817d7572fccaa108d513cce1dd,"Woodhouse, I wish you had heard his kind and flattering words to me at dinner. Oh! I’m sure my dear husband would be jealous. I think I’m quite popular; he even noticed my dress. What do you think of it?—Selina chose it for me. I think it’s nice, but I’m not sure if it’s too fancy. I really dislike being too fancy. I need to wear some jewelry now, because that’s expected of a bride. A bride should look like a bride, but I naturally prefer simple things. A simple style of dress is much better than being fancy. But I’m probably in the minority; it seems few people value simple dress—showy things are everything. I was thinking of adding this kind of trim to my white and silver poplin dress. Do you think it will look good?”

The whole group had just gathered in the drawing-room when Mr. Weston arrived. He had returned for a late dinner and walked to Hartfield as soon as it was over. He had been expected, so there was no surprise—but there was a lot of happiness. Mr. Woodhouse was almost as glad to see him now as he would have been sad to see him before. John Knightley was just stunned. That a man who could have spent his evening quietly at home after a busy day in London should go out again and walk half a mile to someone else’s house just to be with people until bedtime, to spend his evening being polite and in a noisy crowd, was something that shocked him deeply. A man who had been busy since eight in the morning and could now be at rest, who had been talking a lot and could now be quiet, who had been in crowds and could now be alone!—Such a man, to leave the peace and freedom of his own home and on a cold, rainy April evening go out again into the world!—If he could have instantly taken back his wife, there would have been a reason; but his coming would probably make the party last longer. John Knightley looked at him in amazement, then shrugged his shoulders, and said, “I could not have believed it even of _him_.”

Meanwhile, Mr. Weston, completely unaware of the anger he was causing, was as happy and cheerful as usual, and with all the right to be the main speaker, which a day away from home gives you, was making himself pleasant among the others; and having answered his wife’s questions about his dinner, convincing her that none of her careful instructions to the servants had been ignored, and shared what public news he had heard, was moving on to a family announcement, which, though mainly addressed to Mrs. Weston, he had no doubt at all would be very interesting to everyone in the room. He gave her a letter, it was from Frank, and to her; he had found it on his way, and had taken the liberty of opening it.",2026-06-07T18:20:00Z
groq_qwen_32b_free|run_1|DICKENS_GREAT_EXPECTATIONS_007|paraphrase|qc_repair_v1|json_canonicalized_no_text_change|attempt_1,groq_qwen_32b_free|run_1|DICKENS_GREAT_EXPECTATIONS_007|paraphrase,qwen,groq_qwen_32b_free,qwen/qwen3-32b,DICKENS_GREAT_EXPECTATIONS_007,paraphrase,json_canonicalized_no_text_change,qc_repair_v1,,warning,json_repaired_loose_rewritten_text,json_repaired_loose_rewritten_text,0.996528,574,2efe902979fa20b3bc5c6256984dc8cc4e5377d8b78ce217ac0f10f1f605babb,"He stayed at the home of a sluice-keeper on the marshes, and on workdays he would trudge out from his retreat, hands in his pockets, with his lunch loosely wrapped and hanging from his neck. On Sundays, he would mostly lie on the sluice-gates or stand leaning against stacks of hay or barns. He always walked with a slouched gait, as if moving like a locomotive, eyes fixed on the ground; and when he was addressed or otherwise forced to lift them, he would glance up with a mix of irritation and confusion, as if the only thought he ever had was that it was strange and unfair that he never seemed to be thinking.

This sullen journeyman had no fondness for me. When I was small and timid, he let me know that the Devil resided in a dark corner of the forge and that he was well acquainted with the demon. He also claimed it was necessary to build the fire once every seven years using a live boy, and that I should consider myself as potential fuel. When I became Joe’s apprentice, Orlick may have grown more convinced that I would take his place, yet he still disliked me even more. Not that he ever openly showed hostility; I only noticed that he always directed his sparks toward me, and whenever I sang Old Clem, he would interrupt the song unexpectedly.

Dolge Orlick was at the forge the next day when I reminded Joe about my half-holiday. He said nothing at first, for he and Joe had just taken a piece of hot iron between them, and I was tending the bellows; but later, he leaned on his hammer and said:

“Now, master! Surely you’re not going to favor only one of us. If Young Pip has a half-holiday, do as much for Old Orlick.” I suppose he was about twenty-five, but he usually referred to himself as an old man.

“Why, what’ll you do with a half-holiday, if you get it?” said Joe.

“What’ll _I_ do with it! What’ll _he_ do with it? I’ll do as much with it as _him_,” said Orlick.

“As for Pip, he’s going up town,” said Joe.

“Well then, as for Old Orlick, _he_’s a-going up town,” replied the worthy man. “Two can go up town. Tain’t only one wot can go up town.

“Don’t lose your temper,” said Joe.

“Shall if I like,” growled Orlick. “Some and their uptowning! Now, master! Come. No favoring in this shop. Be a man!”

The master refused to consider the matter until the journeyman was in a better mood, so Orlick lunged at the furnace, pulled out a red-hot bar, brandished it at me as if he meant to stab me, swung it around my head, laid it on the anvil, hammered it out—as if it were me, I thought, and the sparks were my flying blood—and finally said, when he had hammered himself hot and the iron cold, and he again leaned on his hammer,

“Now, master!”

“Are you all right now?” demanded Joe.

“Ah! I am all right,” said gruff Old Orlick.

“Then, as in general you stick to your work as well as most men,” said Joe, “let it be a half-holiday for all.”

My sister had been standing quietly in the yard, within earshot—she was a most unscrupulous spy and listener—and she instantly looked in at one of the windows.",576,pass,,json_ok,0.996528,574,2efe902979fa20b3bc5c6256984dc8cc4e5377d8b78ce217ac0f10f1f605babb,"He stayed at the home of a sluice-keeper on the marshes, and on workdays he would trudge out from his retreat, hands in his pockets, with his lunch loosely wrapped and hanging from his neck. On Sundays, he would mostly lie on the sluice-gates or stand leaning against stacks of hay or barns. He always walked with a slouched gait, as if moving like a locomotive, eyes fixed on the ground; and when he was addressed or otherwise forced to lift them, he would glance up with a mix of irritation and confusion, as if the only thought he ever had was that it was strange and unfair that he never seemed to be thinking.

This sullen journeyman had no fondness for me. When I was small and timid, he let me know that the Devil resided in a dark corner of the forge and that he was well acquainted with the demon. He also claimed it was necessary to build the fire once every seven years using a live boy, and that I should consider myself as potential fuel. When I became Joe’s apprentice, Orlick may have grown more convinced that I would take his place, yet he still disliked me even more. Not that he ever openly showed hostility; I only noticed that he always directed his sparks toward me, and whenever I sang Old Clem, he would interrupt the song unexpectedly.

Dolge Orlick was at the forge the next day when I reminded Joe about my half-holiday. He said nothing at first, for he and Joe had just taken a piece of hot iron between them, and I was tending the bellows; but later, he leaned on his hammer and said:

“Now, master! Surely you’re not going to favor only one of us. If Young Pip has a half-holiday, do as much for Old Orlick.” I suppose he was about twenty-five, but he usually referred to himself as an old man.

“Why, what’ll you do with a half-holiday, if you get it?” said Joe.

“What’ll _I_ do with it! What’ll _he_ do with it? I’ll do as much with it as _him_,” said Orlick.

“As for Pip, he’s going up town,” said Joe.

“Well then, as for Old Orlick, _he_’s a-going up town,” replied the worthy man. “Two can go up town. Tain’t only one wot can go up town.

“Don’t lose your temper,” said Joe.

“Shall if I like,” growled Orlick. “Some and their uptowning! Now, master! Come. No favoring in this shop. Be a man!”

The master refused to consider the matter until the journeyman was in a better mood, so Orlick lunged at the furnace, pulled out a red-hot bar, brandished it at me as if he meant to stab me, swung it around my head, laid it on the anvil, hammered it out—as if it were me, I thought, and the sparks were my flying blood—and finally said, when he had hammered himself hot and the iron cold, and he again leaned on his hammer,

“Now, master!”

“Are you all right now?” demanded Joe.

“Ah! I am all right,” said gruff Old Orlick.

“Then, as in general you stick to your work as well as most men,” said Joe, “let it be a half-holiday for all.”

My sister had been standing quietly in the yard, within earshot—she was a most unscrupulous spy and listener—and she instantly looked in at one of the windows.",2026-06-07T18:20:00Z
groq_qwen_32b_free|run_1|DICKENS_GREAT_EXPECTATIONS_009|modernize|qc_repair_v1|json_canonicalized_no_text_change|attempt_1,groq_qwen_32b_free|run_1|DICKENS_GREAT_EXPECTATIONS_009|modernize,qwen,groq_qwen_32b_free,qwen/qwen3-32b,DICKENS_GREAT_EXPECTATIONS_009,modernize,json_canonicalized_no_text_change,qc_repair_v1,,warning,json_repaired_loose_rewritten_text,json_repaired_loose_rewritten_text,0.985612,548,d395bd96fedfa60eb0396f99427f9eed48fb8bd2e332ec72125795febce345c9,"Good. You’d better try him in his own house. I’ll make sure the way is clear for you, and you can meet his son first, who’s in London. When are you coming to London?""

""I said (glancing at Joe, who was standing there, motionless and watching), that I thought I could come right away.""

""First,"" said Mr. Jaggers, ""you’ll need some new clothes to wear, and they shouldn’t be work clothes. Say next week. You’ll need some money. Should I leave you twenty guineas?""

He pulled out a long purse, completely cool about it, and counted the money out on the table before sliding it toward me. This was the first time he had taken his leg off the chair. He sat straddling the chair after pushing the money over, swinging his purse and watching Joe.

""Well, Joseph Gargery? You look stunned.""

""I am!"" said Joe, clearly and firmly.

""You remember it was understood that you didn’t want anything for yourself?""

""It was understood,"" said Joe. ""And it still is. And it always will be the same.""

""But what,"" said Mr. Jaggers, swinging his purse, ""if it was part of my instructions to give you a gift, as compensation?""

""As compensation for what?"" Joe asked.

""For the loss of his services.""

Joe put his hand on my shoulder with the tenderness of a woman. I’ve often thought of Joe since, like a steam hammer that could crush a man or gently pat an eggshell, in the way he combined strength with kindness. ""Pip is more than welcome,"" said Joe, ""to go free with his services, to honor and fortune, more than words can say. But if you think money can make up for the loss of the little boy who came to the forge—and the best of friends—""

Oh, dear good Joe, whom I was so ready to leave and so ungrateful to, I see you again, with your strong blacksmith’s arm in front of your eyes, your broad chest heaving, and your voice fading away. Oh, dear good, faithful, tender Joe, I feel the loving tremble of your hand on my arm, as solemnly today as if it had been the rustle of an angel’s wing.

But I reassured Joe at the time. I was lost in the excitement of my future fortune and couldn’t go back over the little paths we had walked together. I asked Joe to be comforted, for (as he said) we had always been the best of friends, and (as I said) we always would be. Joe rubbed his eyes with his free wrist, as if he were trying to gouge them out, but said nothing else.

Mr. Jaggers had watched this, as if he saw Joe as the village idiot and me as his keeper. When it was over, he said, holding the purse in his hand after he had stopped swinging it:

""Now, Joseph Gargery, I warn you this is your last chance. No half measures with me. If you want to accept a gift that I’m here to give you, speak up, and you’ll get it. If, on the other hand, you mean to say—"" Here, to his great surprise, he was cut off by Joe suddenly turning on him with every sign of a fierce pugilistic intent.",556,pass,,json_ok,0.985612,548,d395bd96fedfa60eb0396f99427f9eed48fb8bd2e332ec72125795febce345c9,"Good. You’d better try him in his own house. I’ll make sure the way is clear for you, and you can meet his son first, who’s in London. When are you coming to London?""

""I said (glancing at Joe, who was standing there, motionless and watching), that I thought I could come right away.""

""First,"" said Mr. Jaggers, ""you’ll need some new clothes to wear, and they shouldn’t be work clothes. Say next week. You’ll need some money. Should I leave you twenty guineas?""

He pulled out a long purse, completely cool about it, and counted the money out on the table before sliding it toward me. This was the first time he had taken his leg off the chair. He sat straddling the chair after pushing the money over, swinging his purse and watching Joe.

""Well, Joseph Gargery? You look stunned.""

""I am!"" said Joe, clearly and firmly.

""You remember it was understood that you didn’t want anything for yourself?""

""It was understood,"" said Joe. ""And it still is. And it always will be the same.""

""But what,"" said Mr. Jaggers, swinging his purse, ""if it was part of my instructions to give you a gift, as compensation?""

""As compensation for what?"" Joe asked.

""For the loss of his services.""

Joe put his hand on my shoulder with the tenderness of a woman. I’ve often thought of Joe since, like a steam hammer that could crush a man or gently pat an eggshell, in the way he combined strength with kindness. ""Pip is more than welcome,"" said Joe, ""to go free with his services, to honor and fortune, more than words can say. But if you think money can make up for the loss of the little boy who came to the forge—and the best of friends—""

Oh, dear good Joe, whom I was so ready to leave and so ungrateful to, I see you again, with your strong blacksmith’s arm in front of your eyes, your broad chest heaving, and your voice fading away. Oh, dear good, faithful, tender Joe, I feel the loving tremble of your hand on my arm, as solemnly today as if it had been the rustle of an angel’s wing.

But I reassured Joe at the time. I was lost in the excitement of my future fortune and couldn’t go back over the little paths we had walked together. I asked Joe to be comforted, for (as he said) we had always been the best of friends, and (as I said) we always would be. Joe rubbed his eyes with his free wrist, as if he were trying to gouge them out, but said nothing else.

Mr. Jaggers had watched this, as if he saw Joe as the village idiot and me as his keeper. When it was over, he said, holding the purse in his hand after he had stopped swinging it:

""Now, Joseph Gargery, I warn you this is your last chance. No half measures with me. If you want to accept a gift that I’m here to give you, speak up, and you’ll get it. If, on the other hand, you mean to say—"" Here, to his great surprise, he was cut off by Joe suddenly turning on him with every sign of a fierce pugilistic intent.",2026-06-07T18:20:00Z
groq_qwen_32b_free|run_1|DICKENS_GREAT_EXPECTATIONS_010|modernize|qc_repair_v1|json_canonicalized_no_text_change|attempt_1,groq_qwen_32b_free|run_1|DICKENS_GREAT_EXPECTATIONS_010|modernize,qwen,groq_qwen_32b_free,qwen/qwen3-32b,DICKENS_GREAT_EXPECTATIONS_010,modernize,json_canonicalized_no_text_change,qc_repair_v1,,warning,json_repaired_loose_rewritten_text,json_repaired_loose_rewritten_text,0.971831,552,62aa42295c28c3ae8f0b639336bcfe19c2201a82c98a170180947528521b5ae7,"And yet I can't,"" said Mr. Pumblechook, standing up again, ""see one person—and also raise a glass to one person—without once more saying—Can I—can I really—?""
  
  ""Sure,"" I said, and he shook my hand again, finished his glass, and turned it upside down. I did the same; and if I had flipped myself upside down before drinking, the wine couldn't have gone to my head any faster.
  
  Mr. Pumblechook helped me get the liver portion and the best slice of tongue (no more obscure No Thoroughfares of Pork now), and he hardly took care of himself at all. ""Ah! Poultry, poultry! You never imagined,"" said Mr. Pumblechook, addressing the bird on the plate, ""when you were a little chick what was in store for you. You never imagined you'd be a treat under this humble roof for someone who—Call it a weakness if you like,"" said Mr. Pumblechook, standing up again, ""but can I—can I really—?""
  
  It was getting to the point where it wasn't necessary to keep saying I could, so he just did it. How he managed to do it so often without cutting himself with my knife, I don't know.
  
  ""And your sister,"" he continued after a few bites, ""who had the honor of raising you by hand! It's a sad thought, to realize she's no longer capable of fully understanding the honor. Can—""
  
  I saw he was about to go at me again, so I stopped him.
  
  ""Let's drink to her health,"" I said.
  
  ""Ah!"" cried Mr. Pumblechook, leaning back in his chair, completely relaxed with admiration, ""that's how you recognize them, sir!"" (I don't know who Sir was, but it certainly wasn't me, and there was no one else there); ""that's how you recognize the noble-minded, sir! Always forgiving and always approachable. It might,"" said the fawning Pumblechook, setting down his untouched glass in a rush and standing up again, ""to a regular person, look like repeating—but can I—can I really—?""
  
  After he did it, he sat back down and raised a toast to my sister. ""Let us never forget,"" said Mr. Pumblechook, ""her temperamental flaws, but it's to be hoped she meant well.""
  
  Around this time, I started to notice that his face was getting flushed; as for myself, I felt my whole face, soaked in wine and burning.
  
  I told Mr. Pumblechook that I wanted my new clothes sent to his house, and he was thrilled that I trusted him so much. I explained why I wanted to avoid being noticed in the village, and he praised me to the skies. He hinted that no one else was worthy of my trust, and—well, could he? Then he asked me gently if I remembered our childhood math games and how we had gone together to have me become his apprentice, and essentially, how he had always been my favorite imaginary friend and my chosen buddy? If I had had ten times as many glasses of wine as I had, I would have known that he had never been in that position with me, and I would have rejected the idea deep in my heart. Yet, despite that, I remember feeling convinced that I had been wrong about him, and that he was a sensible, practical, good-hearted guy.",568,pass,,json_ok,0.971831,552,62aa42295c28c3ae8f0b639336bcfe19c2201a82c98a170180947528521b5ae7,"And yet I can't,"" said Mr. Pumblechook, standing up again, ""see one person—and also raise a glass to one person—without once more saying—Can I—can I really—?""
  
  ""Sure,"" I said, and he shook my hand again, finished his glass, and turned it upside down. I did the same; and if I had flipped myself upside down before drinking, the wine couldn't have gone to my head any faster.
  
  Mr. Pumblechook helped me get the liver portion and the best slice of tongue (no more obscure No Thoroughfares of Pork now), and he hardly took care of himself at all. ""Ah! Poultry, poultry! You never imagined,"" said Mr. Pumblechook, addressing the bird on the plate, ""when you were a little chick what was in store for you. You never imagined you'd be a treat under this humble roof for someone who—Call it a weakness if you like,"" said Mr. Pumblechook, standing up again, ""but can I—can I really—?""
  
  It was getting to the point where it wasn't necessary to keep saying I could, so he just did it. How he managed to do it so often without cutting himself with my knife, I don't know.
  
  ""And your sister,"" he continued after a few bites, ""who had the honor of raising you by hand! It's a sad thought, to realize she's no longer capable of fully understanding the honor. Can—""
  
  I saw he was about to go at me again, so I stopped him.
  
  ""Let's drink to her health,"" I said.
  
  ""Ah!"" cried Mr. Pumblechook, leaning back in his chair, completely relaxed with admiration, ""that's how you recognize them, sir!"" (I don't know who Sir was, but it certainly wasn't me, and there was no one else there); ""that's how you recognize the noble-minded, sir! Always forgiving and always approachable. It might,"" said the fawning Pumblechook, setting down his untouched glass in a rush and standing up again, ""to a regular person, look like repeating—but can I—can I really—?""
  
  After he did it, he sat back down and raised a toast to my sister. ""Let us never forget,"" said Mr. Pumblechook, ""her temperamental flaws, but it's to be hoped she meant well.""
  
  Around this time, I started to notice that his face was getting flushed; as for myself, I felt my whole face, soaked in wine and burning.
  
  I told Mr. Pumblechook that I wanted my new clothes sent to his house, and he was thrilled that I trusted him so much. I explained why I wanted to avoid being noticed in the village, and he praised me to the skies. He hinted that no one else was worthy of my trust, and—well, could he? Then he asked me gently if I remembered our childhood math games and how we had gone together to have me become his apprentice, and essentially, how he had always been my favorite imaginary friend and my chosen buddy? If I had had ten times as many glasses of wine as I had, I would have known that he had never been in that position with me, and I would have rejected the idea deep in my heart. Yet, despite that, I remember feeling convinced that I had been wrong about him, and that he was a sensible, practical, good-hearted guy.",2026-06-07T18:20:00Z
groq_qwen_32b_free|run_1|DICKENS_GREAT_EXPECTATIONS_011|modernize|qc_repair_v1|json_canonicalized_no_text_change|attempt_1,groq_qwen_32b_free|run_1|DICKENS_GREAT_EXPECTATIONS_011|modernize,qwen,groq_qwen_32b_free,qwen/qwen3-32b,DICKENS_GREAT_EXPECTATIONS_011,modernize,json_canonicalized_no_text_change,qc_repair_v1,,warning,json_repaired_loose_rewritten_text,json_repaired_loose_rewritten_text,0.998182,549,a09a9f87f6934710a148288b3fa08980d1df05e64a2866bc3a6a68316a41159f,"I then realized that Wemmick was the clerk in the next office. Another clerk was called down from upstairs to take his place while he was away, and I walked out with him after shaking hands with my guardian. We found a group of new people hanging around outside, but Wemmick pushed through them by saying coolly but firmly, 'I'm telling you, it's no good; he won't say a word to any of you.' We quickly got past them and walked side by side down the street.\n\nChapter XXI.\n\nLooking at Mr. Wemmick as we walked, trying to get a better sense of him in the daylight, I saw that he was a dry, somewhat short man with a square, wooden face. His expression looked like it had been roughly carved out with a dull chisel. There were a few marks that might have been dimples if the material had been softer and the tool sharper, but as it was, they were just dents. The chisel had tried three or four times to add some decoration over his nose, but had given up without bothering to smooth it out. I figured he was single from the worn-out state of his clothes, and he seemed to have gone through a lot of losses; he wore at least four mourning rings, plus a brooch showing a lady and a weeping willow next to a tomb with an urn on it. I also noticed that several rings and seals hung from his watch chain, as if he was weighed down with memories of people who had passed away. His eyes were bright—small, sharp, and black—and his lips were thin, wide, and mottled. I guessed he was somewhere between forty and fifty years old.\n\n'So you've never been to London before?' Mr. Wemmick asked me.\n\n'No,' I said.\n\n'I was new here once,' Mr. Wemmick replied. 'Funny to think about now!'\n\n'You know the city well now?'\n\n'Well, yeah,' said Mr. Wemmick. 'I know how it works.'\n\n'Is it a really bad place?' I asked, more to say something than anything else.\n\n'You can get cheated, robbed, or even killed in London. But there are plenty of people anywhere who'll do that for you.'\n\n'If there's bad blood between you and them,' I added, trying to soften it a bit.\n\n'Oh, I don't know about bad blood,' Mr. Wemmick replied. 'There's not much bad blood around. They'll do it if there's something in it for them.'\n\n'That makes it worse.'\n\n'You think so?' Mr. Wemmick said. 'I'd say it's pretty much the same either way.'\n\nHe wore his hat tilted to the back of his head and looked straight ahead, walking in a self-contained way as if nothing in the streets could catch his attention. His mouth had such a mechanical, post-office-like quality that it gave him the appearance of smiling. I didn't realize until we reached the top of Holborn Hill that it was just a mechanical appearance, and that he wasn't smiling at all.\n\n'Do you know where Mr. Matthew Pocket lives?' I asked Mr. Wemmick.\n\n'Yes,' he said, nodding in the direction. 'At Hammersmith, west of London.'\n\n'Is that far?'",550,pass,,json_ok,0.998182,549,a09a9f87f6934710a148288b3fa08980d1df05e64a2866bc3a6a68316a41159f,"I then realized that Wemmick was the clerk in the next office. Another clerk was called down from upstairs to take his place while he was away, and I walked out with him after shaking hands with my guardian. We found a group of new people hanging around outside, but Wemmick pushed through them by saying coolly but firmly, 'I'm telling you, it's no good; he won't say a word to any of you.' We quickly got past them and walked side by side down the street.\n\nChapter XXI.\n\nLooking at Mr. Wemmick as we walked, trying to get a better sense of him in the daylight, I saw that he was a dry, somewhat short man with a square, wooden face. His expression looked like it had been roughly carved out with a dull chisel. There were a few marks that might have been dimples if the material had been softer and the tool sharper, but as it was, they were just dents. The chisel had tried three or four times to add some decoration over his nose, but had given up without bothering to smooth it out. I figured he was single from the worn-out state of his clothes, and he seemed to have gone through a lot of losses; he wore at least four mourning rings, plus a brooch showing a lady and a weeping willow next to a tomb with an urn on it. I also noticed that several rings and seals hung from his watch chain, as if he was weighed down with memories of people who had passed away. His eyes were bright—small, sharp, and black—and his lips were thin, wide, and mottled. I guessed he was somewhere between forty and fifty years old.\n\n'So you've never been to London before?' Mr. Wemmick asked me.\n\n'No,' I said.\n\n'I was new here once,' Mr. Wemmick replied. 'Funny to think about now!'\n\n'You know the city well now?'\n\n'Well, yeah,' said Mr. Wemmick. 'I know how it works.'\n\n'Is it a really bad place?' I asked, more to say something than anything else.\n\n'You can get cheated, robbed, or even killed in London. But there are plenty of people anywhere who'll do that for you.'\n\n'If there's bad blood between you and them,' I added, trying to soften it a bit.\n\n'Oh, I don't know about bad blood,' Mr. Wemmick replied. 'There's not much bad blood around. They'll do it if there's something in it for them.'\n\n'That makes it worse.'\n\n'You think so?' Mr. Wemmick said. 'I'd say it's pretty much the same either way.'\n\nHe wore his hat tilted to the back of his head and looked straight ahead, walking in a self-contained way as if nothing in the streets could catch his attention. His mouth had such a mechanical, post-office-like quality that it gave him the appearance of smiling. I didn't realize until we reached the top of Holborn Hill that it was just a mechanical appearance, and that he wasn't smiling at all.\n\n'Do you know where Mr. Matthew Pocket lives?' I asked Mr. Wemmick.\n\n'Yes,' he said, nodding in the direction. 'At Hammersmith, west of London.'\n\n'Is that far?'",2026-06-07T18:20:00Z
groq_qwen_32b_free|run_1|DICKENS_GREAT_EXPECTATIONS_011|paraphrase|qc_repair_v1|json_canonicalized_no_text_change|attempt_1,groq_qwen_32b_free|run_1|DICKENS_GREAT_EXPECTATIONS_011|paraphrase,qwen,groq_qwen_32b_free,qwen/qwen3-32b,DICKENS_GREAT_EXPECTATIONS_011,paraphrase,json_canonicalized_no_text_change,qc_repair_v1,,warning,json_repaired_loose_rewritten_text,json_repaired_loose_rewritten_text,0.963636,530,92cc504681697b59eda25df36706008bef37a7b1f9ce514613ee7311b7070008,"I soon discovered that Wemmick was the clerk in the next room. Another clerk was summoned from upstairs to take his place while he was away, and I walked with him into the street after exchanging a handshake with my guardian. We encountered a new group of people waiting outside, but Wemmick pushed through them with a calm yet firm statement, 'I tell you it’s no use; he won’t speak to any of you,' and we quickly left them behind, walking side by side.\n\nChapter XXI.\n\nAs we continued along, I observed Mr. Wemmick more closely to understand his appearance in daylight. He was a lean man, of modest height, with a square, wooden face that seemed roughly carved with a blunt chisel. There were a few marks that could have been dimples if the material had been softer and the tool sharper, but as it was, they were merely dents. The chisel had made a few attempts at these embellishments over his nose, but had abandoned them without effort to smooth them out. I assumed he was unmarried due to the worn state of his linen, and he seemed to have experienced many losses; he wore at least four mourning rings, along with a brooch depicting a lady and a weeping willow beside a tomb with an urn. I also noticed several rings and seals dangling from his watch-chain, as if he were weighed down with memories of those who had passed. His eyes were gleaming—small, sharp, and black—and his lips were thin and mottled. I believed, from what I could tell, that he was between forty and fifty years old.\n\n'You were never in London before?' Mr. Wemmick asked me.\n\n'No,' I replied.\n\n'I was new here once,' said Mr. Wemmick. 'Strange to think of now!'\n\n'You know the city well now?'\n\n'Why, yes,' he said. 'I know the ways of it.'\n\n'Is it a very wicked place?' I asked, more to say something than out of genuine curiosity.\n\n'You can be cheated, robbed, and murdered in London. But there are plenty of people anywhere who’ll do that for you.'\n\n'If there is bad blood between you and them,' I added, trying to soften the tone a bit.\n\n'Oh! I don’t know about bad blood,' he replied. 'There’s not much bad blood about. They’ll do it, if there’s anything to be gained by it.'\n\n'That makes it worse.'\n\n'You think so?' Mr. Wemmick responded. 'Much the same, I should say.'\n\nHe wore his hat tilted to the back of his head and stared straight ahead, walking in a self-contained manner as if nothing in the streets could catch his attention. His mouth had the look of a post-office, giving him a mechanical impression of smiling. It wasn’t until we reached the top of Holborn Hill that I realized it was just a mechanical appearance, and that he was not smiling at all.\n\n'Do you know where Mr. Matthew Pocket lives?' I asked Mr. Wemmick.\n\n'Yes,' he said, nodding in the direction. 'At Hammersmith, west of London.'\n\n'Is that far?'",550,pass,,json_ok,0.963636,530,92cc504681697b59eda25df36706008bef37a7b1f9ce514613ee7311b7070008,"I soon discovered that Wemmick was the clerk in the next room. Another clerk was summoned from upstairs to take his place while he was away, and I walked with him into the street after exchanging a handshake with my guardian. We encountered a new group of people waiting outside, but Wemmick pushed through them with a calm yet firm statement, 'I tell you it’s no use; he won’t speak to any of you,' and we quickly left them behind, walking side by side.\n\nChapter XXI.\n\nAs we continued along, I observed Mr. Wemmick more closely to understand his appearance in daylight. He was a lean man, of modest height, with a square, wooden face that seemed roughly carved with a blunt chisel. There were a few marks that could have been dimples if the material had been softer and the tool sharper, but as it was, they were merely dents. The chisel had made a few attempts at these embellishments over his nose, but had abandoned them without effort to smooth them out. I assumed he was unmarried due to the worn state of his linen, and he seemed to have experienced many losses; he wore at least four mourning rings, along with a brooch depicting a lady and a weeping willow beside a tomb with an urn. I also noticed several rings and seals dangling from his watch-chain, as if he were weighed down with memories of those who had passed. His eyes were gleaming—small, sharp, and black—and his lips were thin and mottled. I believed, from what I could tell, that he was between forty and fifty years old.\n\n'You were never in London before?' Mr. Wemmick asked me.\n\n'No,' I replied.\n\n'I was new here once,' said Mr. Wemmick. 'Strange to think of now!'\n\n'You know the city well now?'\n\n'Why, yes,' he said. 'I know the ways of it.'\n\n'Is it a very wicked place?' I asked, more to say something than out of genuine curiosity.\n\n'You can be cheated, robbed, and murdered in London. But there are plenty of people anywhere who’ll do that for you.'\n\n'If there is bad blood between you and them,' I added, trying to soften the tone a bit.\n\n'Oh! I don’t know about bad blood,' he replied. 'There’s not much bad blood about. They’ll do it, if there’s anything to be gained by it.'\n\n'That makes it worse.'\n\n'You think so?' Mr. Wemmick responded. 'Much the same, I should say.'\n\nHe wore his hat tilted to the back of his head and stared straight ahead, walking in a self-contained manner as if nothing in the streets could catch his attention. His mouth had the look of a post-office, giving him a mechanical impression of smiling. It wasn’t until we reached the top of Holborn Hill that I realized it was just a mechanical appearance, and that he was not smiling at all.\n\n'Do you know where Mr. Matthew Pocket lives?' I asked Mr. Wemmick.\n\n'Yes,' he said, nodding in the direction. 'At Hammersmith, west of London.'\n\n'Is that far?'",2026-06-07T18:20:00Z
groq_qwen_32b_free|run_1|DICKENS_GREAT_EXPECTATIONS_011|simplify|qc_repair_v1|json_canonicalized_no_text_change|attempt_1,groq_qwen_32b_free|run_1|DICKENS_GREAT_EXPECTATIONS_011|simplify,qwen,groq_qwen_32b_free,qwen/qwen3-32b,DICKENS_GREAT_EXPECTATIONS_011,simplify,json_canonicalized_no_text_change,qc_repair_v1,,warning,json_repaired_loose_rewritten_text,json_repaired_loose_rewritten_text,0.916364,504,e1d2bdc14ec1a1ccc6e3f63142f4a5bbb587e07d0ceba8865c212d76a24c4052,"I discovered that Wemmick was the clerk in the next room. When he left, another clerk came down from upstairs to take his place, and I walked out with him after saying goodbye to my guardian. We found a group of people waiting outside, but Wemmick pushed through by calmly saying, 'I tell you it’s no use; he won’t speak to any of you.' Soon, we were free of them and walked side by side.\n\nAs we walked, I looked at Mr. Wemmick to get a better idea of what he looked like. He was a short, dry-looking man with a square face that seemed chiseled out with a dull tool. There were a few marks on his face that might have been dimples if the material had been softer and the tool sharper, but they were just dents. The chisel had tried to make a few of these on his nose but gave up without smoothing them out. I guessed he was a bachelor because his clothes were worn, and he seemed to have lost many people in his life. He wore at least four mourning rings and a brooch showing a lady and a weeping willow next to a tomb with an urn. I also noticed several rings and seals on his watch chain, as if he was weighed down by memories of friends who had passed away. His eyes were shiny, small, sharp, and black, and his lips were thin and mottled. I thought he was between forty and fifty years old.\n\n'Were you never in London before?' Mr. Wemmick asked me.\n\n'No,' I said.\n\n'I was new here once,' said Mr. Wemmick. 'Strange to think about now!'\n\n'Are you familiar with it now?' I asked.\n\n'Yes,' he said. 'I know how it works.'\n\n'Is it a dangerous place?' I asked, more to say something than out of real concern.\n\n'You can be cheated, robbed, or even killed in London. But there are plenty of people anywhere who will do that to you.'\n\n'If there’s bad blood between you and them,' I added, trying to soften it a bit.\n\n'Oh, I don’t know about bad blood,' Mr. Wemmick replied. 'There’s not much bad blood around. They’ll do it if there’s something in it for them.'\n\n'That makes it worse.'\n\n'You think so?' Mr. Wemmick said. 'I’d say it’s about the same.'\n\nHe wore his hat tilted to the back of his head and looked straight ahead, walking in a way that showed he didn’t care about what was around him. His mouth looked like a post office, always open, and he seemed to smile mechanically. I didn’t realize it was just a mechanical smile and that he wasn’t really smiling until we reached the top of Holborn Hill.\n\n'Do you know where Mr. Matthew Pocket lives?' I asked Mr. Wemmick.\n\n'Yes,' he said, pointing in the direction. 'At Hammersmith, west of London.'\n\n'Is that far?'",550,pass,,json_ok,0.916364,504,e1d2bdc14ec1a1ccc6e3f63142f4a5bbb587e07d0ceba8865c212d76a24c4052,"I discovered that Wemmick was the clerk in the next room. When he left, another clerk came down from upstairs to take his place, and I walked out with him after saying goodbye to my guardian. We found a group of people waiting outside, but Wemmick pushed through by calmly saying, 'I tell you it’s no use; he won’t speak to any of you.' Soon, we were free of them and walked side by side.\n\nAs we walked, I looked at Mr. Wemmick to get a better idea of what he looked like. He was a short, dry-looking man with a square face that seemed chiseled out with a dull tool. There were a few marks on his face that might have been dimples if the material had been softer and the tool sharper, but they were just dents. The chisel had tried to make a few of these on his nose but gave up without smoothing them out. I guessed he was a bachelor because his clothes were worn, and he seemed to have lost many people in his life. He wore at least four mourning rings and a brooch showing a lady and a weeping willow next to a tomb with an urn. I also noticed several rings and seals on his watch chain, as if he was weighed down by memories of friends who had passed away. His eyes were shiny, small, sharp, and black, and his lips were thin and mottled. I thought he was between forty and fifty years old.\n\n'Were you never in London before?' Mr. Wemmick asked me.\n\n'No,' I said.\n\n'I was new here once,' said Mr. Wemmick. 'Strange to think about now!'\n\n'Are you familiar with it now?' I asked.\n\n'Yes,' he said. 'I know how it works.'\n\n'Is it a dangerous place?' I asked, more to say something than out of real concern.\n\n'You can be cheated, robbed, or even killed in London. But there are plenty of people anywhere who will do that to you.'\n\n'If there’s bad blood between you and them,' I added, trying to soften it a bit.\n\n'Oh, I don’t know about bad blood,' Mr. Wemmick replied. 'There’s not much bad blood around. They’ll do it if there’s something in it for them.'\n\n'That makes it worse.'\n\n'You think so?' Mr. Wemmick said. 'I’d say it’s about the same.'\n\nHe wore his hat tilted to the back of his head and looked straight ahead, walking in a way that showed he didn’t care about what was around him. His mouth looked like a post office, always open, and he seemed to smile mechanically. I didn’t realize it was just a mechanical smile and that he wasn’t really smiling until we reached the top of Holborn Hill.\n\n'Do you know where Mr. Matthew Pocket lives?' I asked Mr. Wemmick.\n\n'Yes,' he said, pointing in the direction. 'At Hammersmith, west of London.'\n\n'Is that far?'",2026-06-07T18:20:00Z
groq_qwen_32b_free|run_1|DICKENS_GREAT_EXPECTATIONS_016|simplify|qc_repair_v1|json_canonicalized_no_text_change|attempt_1,groq_qwen_32b_free|run_1|DICKENS_GREAT_EXPECTATIONS_016|simplify,qwen,groq_qwen_32b_free,qwen/qwen3-32b,DICKENS_GREAT_EXPECTATIONS_016,simplify,json_canonicalized_no_text_change,qc_repair_v1,,warning,json_repaired_loose_rewritten_text,json_repaired_loose_rewritten_text,0.99115,560,e9fe2e20145c4118fd8ef334d48b141dd73599cc8253bec08515f81f2d30adf7,"You brought your love and your suitcase here at the same time. Told me! Why, you've been telling me all day. When you told me your own story, you clearly said you started loving her the first time you saw her, when you were very young indeed.'  

'Very well, then,' I said, to whom this was a new and not unwelcome light, 'I have never stopped loving her. And she has come back, a most beautiful and elegant woman. And I saw her yesterday. And if I loved her before, I now love her even more.'  

'Lucky for you then, Handel,' said Herbert, 'that you are chosen for her and given to her. Without stepping into forbidden ground, we can safely say that there can be no doubt between us about that fact. Do you have any idea yet of Estella’s feelings about being loved?'  

I shook my head gloomily. 'Oh! She is thousands of miles away from me,' I said.  

'Patience, my dear Handel: there's plenty of time, plenty of time. But you have something more to say?'  

'I am ashamed to say it,' I replied, 'and yet it's no worse to say it than to think it. You call me a lucky fellow. Of course, I am. I was a blacksmith’s boy just yesterday; I am—what shall I say I am—to-day?'  

'Say a good fellow, if you want a phrase,' returned Herbert, smiling, and clapping his hand on the back of mine—'a good fellow, with passion and hesitation, boldness and shyness, action and dreaming, all mixed together.'  

I stopped for a moment to consider whether there really was this mix in my character. On the whole, I didn't really recognize the analysis, but thought it not worth arguing about.  

'When I ask what I am to call myself to-day, Herbert,' I went on, 'I suggest what I have in my thoughts. You say I am lucky. I know I have done nothing to raise myself in life, and that Fortune alone has raised me; that is being very lucky. And yet, when I think of Estella—'  

('And when don’t you, you know?' Herbert added, with his eyes on the fire; which I thought kind and understanding of him.)  

'—Then, my dear Herbert, I cannot tell you how dependent and uncertain I feel, and how exposed to hundreds of chances. Avoiding forbidden ground, as you did just now, I may still say that on the loyalty of one person (naming no person) all my hopes depend. And at the best, how vague and unsatisfactory, only to know so vaguely what they are!' In saying this, I let out what had always been there, more or less, though no doubt most since yesterday.  

'Now, Handel,' Herbert replied, in his cheerful, hopeful way, 'it seems to me that in the sadness of the tender feeling, we are looking into our gift-horse’s mouth with a magnifying-glass. Likewise, it seems to me that, focusing our attention on the examination, we completely miss one of the best points of the animal. Didn't you tell me that your guardian, Mr. Jaggers, told you in the beginning, that you were not given hopes only? And even if he had not told you so,—though that is a very big If, I grant,—could you believe that of all men in London, Mr.",565,pass,,json_ok,0.99115,560,e9fe2e20145c4118fd8ef334d48b141dd73599cc8253bec08515f81f2d30adf7,"You brought your love and your suitcase here at the same time. Told me! Why, you've been telling me all day. When you told me your own story, you clearly said you started loving her the first time you saw her, when you were very young indeed.'  

'Very well, then,' I said, to whom this was a new and not unwelcome light, 'I have never stopped loving her. And she has come back, a most beautiful and elegant woman. And I saw her yesterday. And if I loved her before, I now love her even more.'  

'Lucky for you then, Handel,' said Herbert, 'that you are chosen for her and given to her. Without stepping into forbidden ground, we can safely say that there can be no doubt between us about that fact. Do you have any idea yet of Estella’s feelings about being loved?'  

I shook my head gloomily. 'Oh! She is thousands of miles away from me,' I said.  

'Patience, my dear Handel: there's plenty of time, plenty of time. But you have something more to say?'  

'I am ashamed to say it,' I replied, 'and yet it's no worse to say it than to think it. You call me a lucky fellow. Of course, I am. I was a blacksmith’s boy just yesterday; I am—what shall I say I am—to-day?'  

'Say a good fellow, if you want a phrase,' returned Herbert, smiling, and clapping his hand on the back of mine—'a good fellow, with passion and hesitation, boldness and shyness, action and dreaming, all mixed together.'  

I stopped for a moment to consider whether there really was this mix in my character. On the whole, I didn't really recognize the analysis, but thought it not worth arguing about.  

'When I ask what I am to call myself to-day, Herbert,' I went on, 'I suggest what I have in my thoughts. You say I am lucky. I know I have done nothing to raise myself in life, and that Fortune alone has raised me; that is being very lucky. And yet, when I think of Estella—'  

('And when don’t you, you know?' Herbert added, with his eyes on the fire; which I thought kind and understanding of him.)  

'—Then, my dear Herbert, I cannot tell you how dependent and uncertain I feel, and how exposed to hundreds of chances. Avoiding forbidden ground, as you did just now, I may still say that on the loyalty of one person (naming no person) all my hopes depend. And at the best, how vague and unsatisfactory, only to know so vaguely what they are!' In saying this, I let out what had always been there, more or less, though no doubt most since yesterday.  

'Now, Handel,' Herbert replied, in his cheerful, hopeful way, 'it seems to me that in the sadness of the tender feeling, we are looking into our gift-horse’s mouth with a magnifying-glass. Likewise, it seems to me that, focusing our attention on the examination, we completely miss one of the best points of the animal. Didn't you tell me that your guardian, Mr. Jaggers, told you in the beginning, that you were not given hopes only? And even if he had not told you so,—though that is a very big If, I grant,—could you believe that of all men in London, Mr.",2026-06-07T18:20:00Z
groq_qwen_32b_free|run_1|DICKENS_GREAT_EXPECTATIONS_017|modernize|qc_repair_v1|json_canonicalized_no_text_change|attempt_1,groq_qwen_32b_free|run_1|DICKENS_GREAT_EXPECTATIONS_017|modernize,qwen,groq_qwen_32b_free,qwen/qwen3-32b,DICKENS_GREAT_EXPECTATIONS_017,modernize,json_canonicalized_no_text_change,qc_repair_v1,,warning,json_repaired_loose_rewritten_text,json_repaired_loose_rewritten_text,0.969259,536,257ce824d1ead929a2a9c1d968dd35c3521682889b7cf0a9af80fe991b2b11f7,"Don’t waste your time on pointless efforts. Why would you? Now, who’s next?”\n\nSo we strolled through Wemmick’s greenhouse until he stopped and said, “Watch the man I’m about to shake hands with.” I would have noticed him anyway since he hadn’t shaken hands with anyone yet.\n\nAlmost as soon as he said that, a tall, broad-shouldered man (whom I can still picture clearly now) in a well-worn olive-colored coat, with a strange grayish tint to his red complexion and eyes that darted around when he tried to focus, approached a corner of the bars and touched his hat—which had a greasy, cold-broth-like surface—with a half-serious, half-joking military salute.\n\n“Colonel, to you!” Wemmick said. “How are you, Colonel?”\n\n“All right, Mr. Wemmick.”\n\n“We did everything we could, but the evidence was too strong against us, Colonel.”\n\n“Yes, it was too strong, sir—but I don’t care.”\n\n“No, no,” Wemmick said coolly. “You don’t care.” Then, turning to me, “This guy served His Majesty. He was a regular soldier and bought his discharge.”\n\nI said, “Indeed?” and the man’s eyes looked at me, then over my head, then all around me, and then he ran his hand across his lips and laughed.\n\n“I think I’ll be out of here on Monday, sir,” he said to Wemmick.\n\n“Maybe,” my friend replied. “But who knows?”\n\n“I’m glad to have the chance to say goodbye to you, Mr. Wemmick,” the man said, holding out his hand between two bars.\n\n“Thanks,” Wemmick said, shaking his hand. “Same to you, Colonel.”\n\n“If what I had on me when I was caught had been real, Mr. Wemmick,” the man said, not wanting to let go of his hand, “I’d have asked you to wear another ring—as a token of your kindness.”\n\n“I’ll take the sentiment as the action,” Wemmick said. “By the way; you were quite a pigeon fancier.” The man looked up at the sky. “I’m told you had a remarkable line of tumblers. Could you ask a friend to bring me a pair, if you don’t need them anymore?”\n\n“It’ll be done, sir.”\n\n“All right,” Wemmick said. “They’ll be taken care of. Good afternoon, Colonel. Good-bye!” They shook hands again, and as we walked away, Wemmick said to me, “A forger, a very good craftsman. The Recorder’s report is in today, and he’s definitely going to be hanged on Monday. Still, you see, as far as it goes, a pair of pigeons are still portable property.” With that, he looked back and nodded at the dead plant, then glanced around as he walked out of the yard, as if considering which other pot would fit best in its place.\n\nAs we left the prison through the lodge, I noticed that the turnkeys valued my guardian just as much as the people they held. “Well, Mr. Wemmick,” said the turnkey who kept us between the two studded and spiked lodge gates, carefully locking one before unlocking the other, “what’s Mr. Jaggers going to do about that water-side murder?”",553,pass,,json_ok,0.969259,536,257ce824d1ead929a2a9c1d968dd35c3521682889b7cf0a9af80fe991b2b11f7,"Don’t waste your time on pointless efforts. Why would you? Now, who’s next?”\n\nSo we strolled through Wemmick’s greenhouse until he stopped and said, “Watch the man I’m about to shake hands with.” I would have noticed him anyway since he hadn’t shaken hands with anyone yet.\n\nAlmost as soon as he said that, a tall, broad-shouldered man (whom I can still picture clearly now) in a well-worn olive-colored coat, with a strange grayish tint to his red complexion and eyes that darted around when he tried to focus, approached a corner of the bars and touched his hat—which had a greasy, cold-broth-like surface—with a half-serious, half-joking military salute.\n\n“Colonel, to you!” Wemmick said. “How are you, Colonel?”\n\n“All right, Mr. Wemmick.”\n\n“We did everything we could, but the evidence was too strong against us, Colonel.”\n\n“Yes, it was too strong, sir—but I don’t care.”\n\n“No, no,” Wemmick said coolly. “You don’t care.” Then, turning to me, “This guy served His Majesty. He was a regular soldier and bought his discharge.”\n\nI said, “Indeed?” and the man’s eyes looked at me, then over my head, then all around me, and then he ran his hand across his lips and laughed.\n\n“I think I’ll be out of here on Monday, sir,” he said to Wemmick.\n\n“Maybe,” my friend replied. “But who knows?”\n\n“I’m glad to have the chance to say goodbye to you, Mr. Wemmick,” the man said, holding out his hand between two bars.\n\n“Thanks,” Wemmick said, shaking his hand. “Same to you, Colonel.”\n\n“If what I had on me when I was caught had been real, Mr. Wemmick,” the man said, not wanting to let go of his hand, “I’d have asked you to wear another ring—as a token of your kindness.”\n\n“I’ll take the sentiment as the action,” Wemmick said. “By the way; you were quite a pigeon fancier.” The man looked up at the sky. “I’m told you had a remarkable line of tumblers. Could you ask a friend to bring me a pair, if you don’t need them anymore?”\n\n“It’ll be done, sir.”\n\n“All right,” Wemmick said. “They’ll be taken care of. Good afternoon, Colonel. Good-bye!” They shook hands again, and as we walked away, Wemmick said to me, “A forger, a very good craftsman. The Recorder’s report is in today, and he’s definitely going to be hanged on Monday. Still, you see, as far as it goes, a pair of pigeons are still portable property.” With that, he looked back and nodded at the dead plant, then glanced around as he walked out of the yard, as if considering which other pot would fit best in its place.\n\nAs we left the prison through the lodge, I noticed that the turnkeys valued my guardian just as much as the people they held. “Well, Mr. Wemmick,” said the turnkey who kept us between the two studded and spiked lodge gates, carefully locking one before unlocking the other, “what’s Mr. Jaggers going to do about that water-side murder?”",2026-06-07T18:20:00Z
groq_qwen_32b_free|run_1|DICKENS_GREAT_EXPECTATIONS_017|paraphrase|qc_repair_v1|json_canonicalized_no_text_change|attempt_1,groq_qwen_32b_free|run_1|DICKENS_GREAT_EXPECTATIONS_017|paraphrase,qwen,groq_qwen_32b_free,qwen/qwen3-32b,DICKENS_GREAT_EXPECTATIONS_017,paraphrase,json_canonicalized_no_text_change,qc_repair_v1,,warning,json_repaired_loose_rewritten_text,json_repaired_loose_rewritten_text,0.954792,528,cab4fe9a575c4a89d62b0a9ec058c2acee4d06cfb171d12061a809daa69ab127,"Don’t waste your time with pointless efforts. Why would you? Now, who comes next?”
  
  ""In this way, we strolled through Wemmick’s greenhouse until he paused and told me, 'Observe the man I’m about to greet.' I would have noticed him anyway, since he had not yet greeted anyone else.""
  
  ""Hardly had he spoken when a stout, upright gentleman (whom I can still picture clearly as I write) in a well-worn olive-coloured coat, with a peculiar pallor masking the red in his face, and eyes that wandered when he tried to focus, approached a corner of the bars and touched his hat—which had a greasy, cold-broth-like surface—with a half-military, half-joking salute.""
  
  ""'Colonel, to you!' said Wemmick. 'How are you, Colonel?'""
  
  ""'All right, Mr. Wemmick.'""
  
  ""'Everything that could be done was done, but the evidence was too strong for us, Colonel.'""
  
  ""'Yes, it was too strong, sir—but I don’t care.'""
  
  ""'No, no,' said Wemmick, calmly. 'You don’t care.' Then, turning to me, 'This man served His Majesty. He was a soldier in the line and bought his discharge.'""
  
  ""I said, 'Indeed?' and the man’s eyes glanced at me, then past me, then all around me, and finally he ran his hand over his lips and chuckled.""
  
  ""'I think I shall be out of this on Monday, sir,' he said to Wemmick.""
  
  ""'Perhaps,' replied my friend, 'but no one can say for certain.'""
  
  ""'I am glad to have the chance to bid you farewell, Mr. Wemmick,' said the man, extending his hand between two bars.""
  
  ""'Thank you,' said Wemmick, clasping it. 'Same to you, Colonel.'""
  
  ""'If what I had on me when I was caught had been real, Mr. Wemmick,' said the man, reluctant to let go, 'I should have asked the favour of your wearing another ring—as a token of your kindness.'""
  
  ""'I’ll accept the wish for the deed,' said Wemmick. 'By the way; you were quite a pigeon fancier.' The man looked up at the sky. 'I am told you had a remarkable breed of tumblers. Could you ask a friend of yours to send me a pair, if you have no further use for them?'""
  
  ""'It shall be done, sir.'""
  
  ""'All right,' said Wemmick. 'They shall be looked after. Good afternoon, Colonel. Good-bye!' They shook hands again, and as we walked away, Wemmick said to me, 'A forger, a very skilled craftsman. The Recorder’s report is made today, and he is certain to be hanged on Monday. Still, you see, as far as it goes, a pair of pigeons are portable property all the same.' With that, he glanced back and nodded at the dead plant, then looked around as he stepped out of the yard, as if considering which other pot would suit best in its place.""
  
  ""As we left the prison through the lodge, I noticed that the great significance of my guardian was recognized not only by the prisoners but also by the turnkeys. 'Well, Mr. Wemmick,' said the turnkey, who kept us between the two studded and spiked lodge gates, and who carefully locked one before unlocking the other, 'what’s Mr. Jaggers going to do with that water-side murder?'",553,pass,,json_ok,0.954792,528,cab4fe9a575c4a89d62b0a9ec058c2acee4d06cfb171d12061a809daa69ab127,"Don’t waste your time with pointless efforts. Why would you? Now, who comes next?”
  
  ""In this way, we strolled through Wemmick’s greenhouse until he paused and told me, 'Observe the man I’m about to greet.' I would have noticed him anyway, since he had not yet greeted anyone else.""
  
  ""Hardly had he spoken when a stout, upright gentleman (whom I can still picture clearly as I write) in a well-worn olive-coloured coat, with a peculiar pallor masking the red in his face, and eyes that wandered when he tried to focus, approached a corner of the bars and touched his hat—which had a greasy, cold-broth-like surface—with a half-military, half-joking salute.""
  
  ""'Colonel, to you!' said Wemmick. 'How are you, Colonel?'""
  
  ""'All right, Mr. Wemmick.'""
  
  ""'Everything that could be done was done, but the evidence was too strong for us, Colonel.'""
  
  ""'Yes, it was too strong, sir—but I don’t care.'""
  
  ""'No, no,' said Wemmick, calmly. 'You don’t care.' Then, turning to me, 'This man served His Majesty. He was a soldier in the line and bought his discharge.'""
  
  ""I said, 'Indeed?' and the man’s eyes glanced at me, then past me, then all around me, and finally he ran his hand over his lips and chuckled.""
  
  ""'I think I shall be out of this on Monday, sir,' he said to Wemmick.""
  
  ""'Perhaps,' replied my friend, 'but no one can say for certain.'""
  
  ""'I am glad to have the chance to bid you farewell, Mr. Wemmick,' said the man, extending his hand between two bars.""
  
  ""'Thank you,' said Wemmick, clasping it. 'Same to you, Colonel.'""
  
  ""'If what I had on me when I was caught had been real, Mr. Wemmick,' said the man, reluctant to let go, 'I should have asked the favour of your wearing another ring—as a token of your kindness.'""
  
  ""'I’ll accept the wish for the deed,' said Wemmick. 'By the way; you were quite a pigeon fancier.' The man looked up at the sky. 'I am told you had a remarkable breed of tumblers. Could you ask a friend of yours to send me a pair, if you have no further use for them?'""
  
  ""'It shall be done, sir.'""
  
  ""'All right,' said Wemmick. 'They shall be looked after. Good afternoon, Colonel. Good-bye!' They shook hands again, and as we walked away, Wemmick said to me, 'A forger, a very skilled craftsman. The Recorder’s report is made today, and he is certain to be hanged on Monday. Still, you see, as far as it goes, a pair of pigeons are portable property all the same.' With that, he glanced back and nodded at the dead plant, then looked around as he stepped out of the yard, as if considering which other pot would suit best in its place.""
  
  ""As we left the prison through the lodge, I noticed that the great significance of my guardian was recognized not only by the prisoners but also by the turnkeys. 'Well, Mr. Wemmick,' said the turnkey, who kept us between the two studded and spiked lodge gates, and who carefully locked one before unlocking the other, 'what’s Mr. Jaggers going to do with that water-side murder?'",2026-06-07T18:20:00Z
groq_qwen_32b_free|run_1|DICKENS_GREAT_EXPECTATIONS_017|simplify|qc_repair_v1|json_canonicalized_no_text_change|attempt_1,groq_qwen_32b_free|run_1|DICKENS_GREAT_EXPECTATIONS_017|simplify,qwen,groq_qwen_32b_free,qwen/qwen3-32b,DICKENS_GREAT_EXPECTATIONS_017,simplify,json_canonicalized_no_text_change,qc_repair_v1,,warning,json_repaired_loose_rewritten_text,json_repaired_loose_rewritten_text,0.855335,473,0c959a7c1917034f152644f2e3d777383599d155258dae9814fab25c1b264819,"Don’t try useless things. Why would you? Now, who’s next?”
  
  ""So we walked through Wemmick’s greenhouse until he stopped and said, “Notice the man I’m going to shake hands with.” I would have noticed anyway because he was the first person he had greeted.
  
  Almost right away, a tall, serious man (one I can still picture clearly) in a worn olive coat came up to the corner of the bars and touched his hat. His hat had a greasy look, like cold soup. He gave a half-joking, half-serious military salute.
  
  “Colonel, to you!” Wemmick said. “How are you, Colonel?”
  
  “All right, Mr. Wemmick.”
  
  “Everything that could be done was done, but the evidence was too strong on our side, Colonel.”
  
  “Yes, it was too strong, sir—but I don’t care.”
  
  “No, no,” Wemmick said, calmly. “You don’t care.” Then he turned to me. “This man served His Majesty. He was a soldier and bought his way out.”
  
  I said, “Indeed?” and the man looked at me, then past me, then all around. Then he wiped his lips and laughed.
  
  “I think I’ll be out of here on Monday, sir,” he said to Wemmick.
  
  “Maybe,” my friend said. “But we can’t be sure.”
  
  “I’m glad to have the chance to say goodbye, Mr. Wemmick,” the man said, reaching his hand through the bars.
  
  “Thank you,” Wemmick said, shaking his hand. “Same to you, Colonel.”
  
  “If what I had on me when I was caught had been real, Mr. Wemmick,” the man said, not letting go of his hand, “I would have asked you to wear another ring—as a thank you for your kindness.”
  
  “I’ll take your good will as if you gave me the ring,” Wemmick said. “By the way, you were a pigeon fancier.” The man looked up at the sky. “I heard you had some great tumblers. Could you ask a friend to bring me a pair if you don’t need them anymore?”
  
  “I’ll do that, sir.”
  
  “Good,” Wemmick said. “They’ll be taken care of. Good afternoon, Colonel. Good-bye!” They shook hands again, and as we walked away, Wemmick said to me, “He’s a forger, a very good one. The judge’s report is done today, and he’s sure to be hanged on Monday. Still, you see, as far as it goes, a pair of pigeons is still something you can carry with you.” With that, he looked back at the dead plant and then looked around, as if thinking which other plant would fit best in its place.
  
  As we left the prison through the lodge, I noticed that the guards respected my guardian just as much as the prisoners. “Well, Mr. Wemmick,” said the guard who kept us between the two spiked lodge gates, locking one before unlocking the other, “what’s Mr. Jaggers going to do with that water-side murder?”",553,pass,,json_ok,0.855335,473,0c959a7c1917034f152644f2e3d777383599d155258dae9814fab25c1b264819,"Don’t try useless things. Why would you? Now, who’s next?”
  
  ""So we walked through Wemmick’s greenhouse until he stopped and said, “Notice the man I’m going to shake hands with.” I would have noticed anyway because he was the first person he had greeted.
  
  Almost right away, a tall, serious man (one I can still picture clearly) in a worn olive coat came up to the corner of the bars and touched his hat. His hat had a greasy look, like cold soup. He gave a half-joking, half-serious military salute.
  
  “Colonel, to you!” Wemmick said. “How are you, Colonel?”
  
  “All right, Mr. Wemmick.”
  
  “Everything that could be done was done, but the evidence was too strong on our side, Colonel.”
  
  “Yes, it was too strong, sir—but I don’t care.”
  
  “No, no,” Wemmick said, calmly. “You don’t care.” Then he turned to me. “This man served His Majesty. He was a soldier and bought his way out.”
  
  I said, “Indeed?” and the man looked at me, then past me, then all around. Then he wiped his lips and laughed.
  
  “I think I’ll be out of here on Monday, sir,” he said to Wemmick.
  
  “Maybe,” my friend said. “But we can’t be sure.”
  
  “I’m glad to have the chance to say goodbye, Mr. Wemmick,” the man said, reaching his hand through the bars.
  
  “Thank you,” Wemmick said, shaking his hand. “Same to you, Colonel.”
  
  “If what I had on me when I was caught had been real, Mr. Wemmick,” the man said, not letting go of his hand, “I would have asked you to wear another ring—as a thank you for your kindness.”
  
  “I’ll take your good will as if you gave me the ring,” Wemmick said. “By the way, you were a pigeon fancier.” The man looked up at the sky. “I heard you had some great tumblers. Could you ask a friend to bring me a pair if you don’t need them anymore?”
  
  “I’ll do that, sir.”
  
  “Good,” Wemmick said. “They’ll be taken care of. Good afternoon, Colonel. Good-bye!” They shook hands again, and as we walked away, Wemmick said to me, “He’s a forger, a very good one. The judge’s report is done today, and he’s sure to be hanged on Monday. Still, you see, as far as it goes, a pair of pigeons is still something you can carry with you.” With that, he looked back at the dead plant and then looked around, as if thinking which other plant would fit best in its place.
  
  As we left the prison through the lodge, I noticed that the guards respected my guardian just as much as the prisoners. “Well, Mr. Wemmick,” said the guard who kept us between the two spiked lodge gates, locking one before unlocking the other, “what’s Mr. Jaggers going to do with that water-side murder?”",2026-06-07T18:20:00Z
groq_qwen_32b_free|run_1|POE_WORKS_VOLUME_1_001|paraphrase|qc_repair_v1|json_canonicalized_no_text_change|attempt_1,groq_qwen_32b_free|run_1|POE_WORKS_VOLUME_1_001|paraphrase,qwen,groq_qwen_32b_free,qwen/qwen3-32b,POE_WORKS_VOLUME_1_001,paraphrase,json_canonicalized_no_text_change,qc_repair_v1,,warning,json_repaired_loose_rewritten_text,json_repaired_loose_rewritten_text,0.958904,560,8370feb13c7593a10d9216cdf6dead024ec0ff7d682c239a129a9b205de171ee,"When evaluating an author's worth and determining their place among the literary pantheon, we are justified in assessing them from our own perspective and according to our own criteria. Yet, when considering the strength of their work, we must take into account their original intent and compare their creations to the vision they themselves set forth, measuring how much falls short. We differ from Mr. Poe in our views on the aims of art. He believes the goal is the creation of Beauty, and it may be only in the interpretation of that term that we find ourselves at odds. In our remarks on his writings, however, we shall follow his own standard as our guide. The sanctuary of the muse is open from every direction, and there is ample space within it for all who offer tribute or seek prophecy.\n\nIn his stories, Mr. Poe has chosen to demonstrate his talent primarily in that shadowy realm that lies at the edge of the plausible and stretches into the strange boundaries of superstition and the unreal. He possesses a striking ability to blend two faculties rarely found together: the capacity to affect the reader's mind with the subtle suggestions of mystery and an attention to detail so thorough that not even a pin or a button escapes notice. Both traits stem naturally from the dominant feature of his intellect, which we have previously mentioned—analysis. This is what sets the artist apart. His mind immediately grasps the desired effect. Once he has decided to evoke certain feelings in the reader, he ensures that every element contributes precisely to the central aim. Even his mystery is calculated in his mind. To him, X is a known variable throughout. In any scene he creates, he understands the chemical nature of all his colors. Although some of his figures may appear indistinct, and the shadows formless, to him the contours are as clear and defined as those of a geometric figure. For this reason, Mr. Poe has no affinity for Mysticism. The Mystic lives within the mystery, is wrapped in it; it tinges all his thoughts; it especially affects his vision, and the most ordinary things acquire a prismatic glow from it. Mr. Poe, by contrast, is an observer from the outside. He examines, he dissects, he watches\n\n“with an eye serene,\nThe very pulse of the machine,”\n\nfor it is essentially a machine to him, with gears and cogs and piston-rods, all working to achieve a specific outcome.\n\nThis analytical nature of his mind tempers the poetic, and by giving him the endurance to be meticulous, allows him to inject a remarkable sense of reality into his most fantastical ideas. A monomania he portrays with great strength. He enjoys dissecting one of these mental tumors and tracing all the delicate extensions of its roots. In conjuring images of horror, too, he achieves unusual success, sometimes conveying to us by a faint suggestion some dreadful uncertainty, which is the essence of all horror. He leaves the imagination the task of completing the picture, a task to which only it is suited.\n\n“For much imaginary work was there;\nConceit deceitful, so compact, so kind,\nThat for Achilles’ image stood his spear\nGrasped in an armed hand; himself behind\nWas left unseen, save to the eye of mind.”",584,pass,,json_ok,0.958904,560,8370feb13c7593a10d9216cdf6dead024ec0ff7d682c239a129a9b205de171ee,"When evaluating an author's worth and determining their place among the literary pantheon, we are justified in assessing them from our own perspective and according to our own criteria. Yet, when considering the strength of their work, we must take into account their original intent and compare their creations to the vision they themselves set forth, measuring how much falls short. We differ from Mr. Poe in our views on the aims of art. He believes the goal is the creation of Beauty, and it may be only in the interpretation of that term that we find ourselves at odds. In our remarks on his writings, however, we shall follow his own standard as our guide. The sanctuary of the muse is open from every direction, and there is ample space within it for all who offer tribute or seek prophecy.\n\nIn his stories, Mr. Poe has chosen to demonstrate his talent primarily in that shadowy realm that lies at the edge of the plausible and stretches into the strange boundaries of superstition and the unreal. He possesses a striking ability to blend two faculties rarely found together: the capacity to affect the reader's mind with the subtle suggestions of mystery and an attention to detail so thorough that not even a pin or a button escapes notice. Both traits stem naturally from the dominant feature of his intellect, which we have previously mentioned—analysis. This is what sets the artist apart. His mind immediately grasps the desired effect. Once he has decided to evoke certain feelings in the reader, he ensures that every element contributes precisely to the central aim. Even his mystery is calculated in his mind. To him, X is a known variable throughout. In any scene he creates, he understands the chemical nature of all his colors. Although some of his figures may appear indistinct, and the shadows formless, to him the contours are as clear and defined as those of a geometric figure. For this reason, Mr. Poe has no affinity for Mysticism. The Mystic lives within the mystery, is wrapped in it; it tinges all his thoughts; it especially affects his vision, and the most ordinary things acquire a prismatic glow from it. Mr. Poe, by contrast, is an observer from the outside. He examines, he dissects, he watches\n\n“with an eye serene,\nThe very pulse of the machine,”\n\nfor it is essentially a machine to him, with gears and cogs and piston-rods, all working to achieve a specific outcome.\n\nThis analytical nature of his mind tempers the poetic, and by giving him the endurance to be meticulous, allows him to inject a remarkable sense of reality into his most fantastical ideas. A monomania he portrays with great strength. He enjoys dissecting one of these mental tumors and tracing all the delicate extensions of its roots. In conjuring images of horror, too, he achieves unusual success, sometimes conveying to us by a faint suggestion some dreadful uncertainty, which is the essence of all horror. He leaves the imagination the task of completing the picture, a task to which only it is suited.\n\n“For much imaginary work was there;\nConceit deceitful, so compact, so kind,\nThat for Achilles’ image stood his spear\nGrasped in an armed hand; himself behind\nWas left unseen, save to the eye of mind.”",2026-06-07T18:20:00Z
groq_qwen_32b_free|run_1|POE_WORKS_VOLUME_1_001|simplify|qc_repair_v1|json_canonicalized_no_text_change|attempt_1,groq_qwen_32b_free|run_1|POE_WORKS_VOLUME_1_001|simplify,qwen,groq_qwen_32b_free,qwen/qwen3-32b,POE_WORKS_VOLUME_1_001,simplify,json_canonicalized_no_text_change,qc_repair_v1,,warning,json_repaired_loose_rewritten_text,json_repaired_loose_rewritten_text,0.890411,520,e4b40f5f78f9a5f5a222c3d329a61d64317019c0926f6d1905f0008bf3aacb3b,"When we judge how good a writer is and where they belong among the writers we admire, we can look at them from our own perspective and use our own standards. But when we try to understand how strong their writing is, we should consider what they were trying to achieve. We should compare their work to their own goals and see how close they came. We don’t agree with Mr. Poe about what art should be. He believes the main goal of art is to create beauty, and maybe we only disagree on what beauty means. But when we talk about his writing, we’ll use his own standards. The temple of the god of poetry is open to everyone, and there’s plenty of space for all who come with offerings or seek answers.

In his stories, Mr. Poe shows his talent mainly in the strange area between what is possible and the strange world of superstition and fantasy. He has a rare ability to combine two skills that are not often found together: the power to create mystery that affects the reader’s mind and a careful attention to detail that notices even the smallest things. Both of these come from the main feature of his mind, which we’ve already mentioned: analysis. This is what makes him a true artist. His mind quickly moves toward the effect he wants to create. Once he decides what emotions he wants the reader to feel, he makes sure every part of the story supports that goal. Even his mystery is carefully planned in his mind. To him, everything is clear and known. In any picture he paints, he understands the properties of all his colors. Even if some of his images seem unclear or shadowy, to him the outlines are as clear as a math diagram. Because of this, Mr. Poe doesn’t share the same feelings as the Mystic. The Mystic lives in mystery, is surrounded by it; it influences all his thoughts; it especially affects his vision, and ordinary things seem to have a colorful edge. Mr. Poe, on the other hand, is an observer from the outside. He analyzes, he examines, he watches

“with an eye serene,
The very pulse of the machine,”

because to him, it really is like a machine with wheels and gears and rods, all working together to create a specific result.

This analytical side of his mind balances his poetic side, and by giving him the patience to be detailed, it helps him make even his wildest ideas feel real. He can describe a mental illness with great strength. He enjoys studying these mental disorders and showing how they spread. In creating images of fear, he also has unusual success, sometimes giving us a dark hint of some terrible uncertainty, which is the real source of all fear. He lets our imagination complete the picture, a task only imagination can do.

“For much imaginary work was there;
Conceit deceitful, so compact, so kind,
That for Achilles’ image stood his spear
Grasped in an armed hand; himself behind
Was left unseen, save to the eye of mind.”",584,pass,,json_ok,0.890411,520,e4b40f5f78f9a5f5a222c3d329a61d64317019c0926f6d1905f0008bf3aacb3b,"When we judge how good a writer is and where they belong among the writers we admire, we can look at them from our own perspective and use our own standards. But when we try to understand how strong their writing is, we should consider what they were trying to achieve. We should compare their work to their own goals and see how close they came. We don’t agree with Mr. Poe about what art should be. He believes the main goal of art is to create beauty, and maybe we only disagree on what beauty means. But when we talk about his writing, we’ll use his own standards. The temple of the god of poetry is open to everyone, and there’s plenty of space for all who come with offerings or seek answers.

In his stories, Mr. Poe shows his talent mainly in the strange area between what is possible and the strange world of superstition and fantasy. He has a rare ability to combine two skills that are not often found together: the power to create mystery that affects the reader’s mind and a careful attention to detail that notices even the smallest things. Both of these come from the main feature of his mind, which we’ve already mentioned: analysis. This is what makes him a true artist. His mind quickly moves toward the effect he wants to create. Once he decides what emotions he wants the reader to feel, he makes sure every part of the story supports that goal. Even his mystery is carefully planned in his mind. To him, everything is clear and known. In any picture he paints, he understands the properties of all his colors. Even if some of his images seem unclear or shadowy, to him the outlines are as clear as a math diagram. Because of this, Mr. Poe doesn’t share the same feelings as the Mystic. The Mystic lives in mystery, is surrounded by it; it influences all his thoughts; it especially affects his vision, and ordinary things seem to have a colorful edge. Mr. Poe, on the other hand, is an observer from the outside. He analyzes, he examines, he watches

“with an eye serene,
The very pulse of the machine,”

because to him, it really is like a machine with wheels and gears and rods, all working together to create a specific result.

This analytical side of his mind balances his poetic side, and by giving him the patience to be detailed, it helps him make even his wildest ideas feel real. He can describe a mental illness with great strength. He enjoys studying these mental disorders and showing how they spread. In creating images of fear, he also has unusual success, sometimes giving us a dark hint of some terrible uncertainty, which is the real source of all fear. He lets our imagination complete the picture, a task only imagination can do.

“For much imaginary work was there;
Conceit deceitful, so compact, so kind,
That for Achilles’ image stood his spear
Grasped in an armed hand; himself behind
Was left unseen, save to the eye of mind.”",2026-06-07T18:20:00Z
groq_qwen_32b_free|run_1|POE_WORKS_VOLUME_1_003|simplify|qc_repair_v1|json_canonicalized_no_text_change|attempt_1,groq_qwen_32b_free|run_1|POE_WORKS_VOLUME_1_003|simplify,qwen,groq_qwen_32b_free,qwen/qwen3-32b,POE_WORKS_VOLUME_1_003,simplify,json_canonicalized_no_text_change,qc_repair_v1,,warning,json_repaired_loose_rewritten_text,json_repaired_loose_rewritten_text,0.851979,495,411aa75374ecf52257a2b83da9cc456443635111eda741aa59009d0b454290f5,"In about four and a half hours, I found the balloon sufficiently inflated. I attached the car and placed all my tools inside, including the condensing apparatus, plenty of water, and a large amount of food like pemmican, which is very nutritious but takes up little space. I also put a pair of pigeons and a cat in the car. It was almost morning, and I thought it was time to leave. I dropped a lit cigar on the ground as if by accident, and while I bent down to pick it up, I quietly lit the fuse that extended slightly from the bottom of one of the smaller barrels. The three men didn't notice this at all. I jumped into the car, cut the single rope that tied me to the ground, and was happy to see that I rose easily, carrying 175 pounds of lead ballast, and could have carried just as much more.

""However, I had barely reached a height of fifty yards when a terrible storm of fire, smoke, sulfur, legs, arms, gravel, burning wood, and flaming metal came roaring up after me in the most frightening and chaotic way. My heart sank, and I fell to the bottom of the car, shaking with pure fear. I realized then that I had gone too far, and the worst effects of the explosion were yet to come. In less than a second, I felt all the blood rush to my temples, and then a shock, which I will never forget, burst through the night and seemed to tear the sky apart. Later, when I had time to think, I didn't fail to blame the extreme force of the explosion on my position directly above it and in the path of its greatest power. But at the time, I only thought of saving my life. The balloon first collapsed, then violently expanded, then spun around with terrifying speed, and finally, swaying and staggering like a drunk man, it threw me with great force over the edge of the car and left me hanging, at a terrifying height, with my head down and my face outward, by a thin piece of cord about three feet long, which hung accidentally through a crack near the bottom of the wicker, and in which, as I fell, my left foot became very conveniently entangled. It is impossible to imagine the horror of my situation. I gasped for breath, a shudder like a fit of the ague shook every nerve and muscle in my body, I felt my eyes popping from their sockets, a terrible nausea overwhelmed me, and finally I fainted.

""How long I remained in this state is impossible to say. It must, however, have been some time, for when I partially regained my senses, I found the day breaking, the balloon at a great height over an endless ocean, and not a trace of land to be seen far and wide within the vast horizon.",581,pass,,json_ok,0.851979,495,411aa75374ecf52257a2b83da9cc456443635111eda741aa59009d0b454290f5,"In about four and a half hours, I found the balloon sufficiently inflated. I attached the car and placed all my tools inside, including the condensing apparatus, plenty of water, and a large amount of food like pemmican, which is very nutritious but takes up little space. I also put a pair of pigeons and a cat in the car. It was almost morning, and I thought it was time to leave. I dropped a lit cigar on the ground as if by accident, and while I bent down to pick it up, I quietly lit the fuse that extended slightly from the bottom of one of the smaller barrels. The three men didn't notice this at all. I jumped into the car, cut the single rope that tied me to the ground, and was happy to see that I rose easily, carrying 175 pounds of lead ballast, and could have carried just as much more.

""However, I had barely reached a height of fifty yards when a terrible storm of fire, smoke, sulfur, legs, arms, gravel, burning wood, and flaming metal came roaring up after me in the most frightening and chaotic way. My heart sank, and I fell to the bottom of the car, shaking with pure fear. I realized then that I had gone too far, and the worst effects of the explosion were yet to come. In less than a second, I felt all the blood rush to my temples, and then a shock, which I will never forget, burst through the night and seemed to tear the sky apart. Later, when I had time to think, I didn't fail to blame the extreme force of the explosion on my position directly above it and in the path of its greatest power. But at the time, I only thought of saving my life. The balloon first collapsed, then violently expanded, then spun around with terrifying speed, and finally, swaying and staggering like a drunk man, it threw me with great force over the edge of the car and left me hanging, at a terrifying height, with my head down and my face outward, by a thin piece of cord about three feet long, which hung accidentally through a crack near the bottom of the wicker, and in which, as I fell, my left foot became very conveniently entangled. It is impossible to imagine the horror of my situation. I gasped for breath, a shudder like a fit of the ague shook every nerve and muscle in my body, I felt my eyes popping from their sockets, a terrible nausea overwhelmed me, and finally I fainted.

""How long I remained in this state is impossible to say. It must, however, have been some time, for when I partially regained my senses, I found the day breaking, the balloon at a great height over an endless ocean, and not a trace of land to be seen far and wide within the vast horizon.",2026-06-07T18:20:00Z
groq_qwen_32b_free|run_1|POE_WORKS_VOLUME_1_008|paraphrase|qc_repair_v1|json_canonicalized_no_text_change|attempt_1,groq_qwen_32b_free|run_1|POE_WORKS_VOLUME_1_008|paraphrase,qwen,groq_qwen_32b_free,qwen/qwen3-32b,POE_WORKS_VOLUME_1_008,paraphrase,json_canonicalized_no_text_change,qc_repair_v1,,warning,json_repaired_loose_rewritten_text,json_repaired_loose_rewritten_text,0.978947,558,d8679284ea5adb228fdbd5f6ccb8b843fec2864ba9db7f8f0449b42ed8d8f664,"Upon arriving at the hut, I knocked as was my habit, and receiving no answer, I searched for the key in the spot I knew it was hidden, unlocked the door, and stepped inside. A pleasant fire was burning in the fireplace. It was a welcome sight, and I was glad to see it. I removed my coat, took a chair by the crackling logs, and waited calmly for my hosts to arrive.

Soon after nightfall they came, greeting me with great warmth. Jupiter, beaming with delight, bustled around preparing some marsh hens for supper. Legrand was in one of his fits—how else can I describe them?—of excitement. He had discovered an unfamiliar bivalve, which he believed formed a new genus, and more than that, he had tracked down and captured, with Jupiter’s help, a _scarabæus_ that he thought might be entirely new, though he wanted my opinion on the matter the next day.

“And why not tonight?” I asked, rubbing my hands by the fire, wishing the whole tribe of _scarabæi_ were far away.

“Ah, if only I had known you were here!” Legrand replied. “It’s been so long since I last saw you, and how could I have imagined you would visit on this very night of all nights? On my way home I met Lieutenant G—— from the fort, and, foolishly, I lent him the bug. So you won’t be able to see it until morning. Stay here tonight, and I’ll send Jup to fetch it at sunrise. It is the most beautiful thing in existence!”

“What?—sunrise?”

“Nonsense! No!—the bug. It is a brilliant gold color—about the size of a large hickory-nut—with two jet black spots near one end of the back, and another, a bit longer, at the other. The _antennæ_ are—”

“Dey ain’t no tin in him, Massa Will, I keep a tellin on you,” Jupiter interjected. “De bug is a goole bug, solid, ebery bit of him, inside and all, sep him wing—neber feel half so hebby a bug in my life.”

“Well, suppose it is, Jup,” Legrand replied, with more urgency than the situation seemed to require, “is that any reason for you to let the birds burn? The color”—he turned to me—“is really almost enough to support Jupiter’s idea. You have never seen a more brilliant metallic sheen than the scales emit—but you cannot judge that until tomorrow. In the meantime, I can give you some idea of the shape.” With that, he sat down at a small table where a pen and ink were placed, but there was no paper. He searched a drawer for some, but found none.

“Never mind,” he said at last, “this will do.” And from his waistcoat pocket he pulled out a scrap of what I assumed to be very dirty foolscap, and sketched a rough drawing with the pen. While he did this, I remained seated by the fire, still feeling the chill. When the sketch was finished, he handed it to me without getting up. As I took it, a loud growl was heard, followed by scratching at the door. Jupiter opened it, and a large Newfoundland belonging to Legrand came in, leaping onto my shoulders and showering me with affection; for I had shown him much attention during my previous visits.",570,pass,,json_ok,0.978947,558,d8679284ea5adb228fdbd5f6ccb8b843fec2864ba9db7f8f0449b42ed8d8f664,"Upon arriving at the hut, I knocked as was my habit, and receiving no answer, I searched for the key in the spot I knew it was hidden, unlocked the door, and stepped inside. A pleasant fire was burning in the fireplace. It was a welcome sight, and I was glad to see it. I removed my coat, took a chair by the crackling logs, and waited calmly for my hosts to arrive.

Soon after nightfall they came, greeting me with great warmth. Jupiter, beaming with delight, bustled around preparing some marsh hens for supper. Legrand was in one of his fits—how else can I describe them?—of excitement. He had discovered an unfamiliar bivalve, which he believed formed a new genus, and more than that, he had tracked down and captured, with Jupiter’s help, a _scarabæus_ that he thought might be entirely new, though he wanted my opinion on the matter the next day.

“And why not tonight?” I asked, rubbing my hands by the fire, wishing the whole tribe of _scarabæi_ were far away.

“Ah, if only I had known you were here!” Legrand replied. “It’s been so long since I last saw you, and how could I have imagined you would visit on this very night of all nights? On my way home I met Lieutenant G—— from the fort, and, foolishly, I lent him the bug. So you won’t be able to see it until morning. Stay here tonight, and I’ll send Jup to fetch it at sunrise. It is the most beautiful thing in existence!”

“What?—sunrise?”

“Nonsense! No!—the bug. It is a brilliant gold color—about the size of a large hickory-nut—with two jet black spots near one end of the back, and another, a bit longer, at the other. The _antennæ_ are—”

“Dey ain’t no tin in him, Massa Will, I keep a tellin on you,” Jupiter interjected. “De bug is a goole bug, solid, ebery bit of him, inside and all, sep him wing—neber feel half so hebby a bug in my life.”

“Well, suppose it is, Jup,” Legrand replied, with more urgency than the situation seemed to require, “is that any reason for you to let the birds burn? The color”—he turned to me—“is really almost enough to support Jupiter’s idea. You have never seen a more brilliant metallic sheen than the scales emit—but you cannot judge that until tomorrow. In the meantime, I can give you some idea of the shape.” With that, he sat down at a small table where a pen and ink were placed, but there was no paper. He searched a drawer for some, but found none.

“Never mind,” he said at last, “this will do.” And from his waistcoat pocket he pulled out a scrap of what I assumed to be very dirty foolscap, and sketched a rough drawing with the pen. While he did this, I remained seated by the fire, still feeling the chill. When the sketch was finished, he handed it to me without getting up. As I took it, a loud growl was heard, followed by scratching at the door. Jupiter opened it, and a large Newfoundland belonging to Legrand came in, leaping onto my shoulders and showering me with affection; for I had shown him much attention during my previous visits.",2026-06-07T18:20:00Z
groq_qwen_32b_free|run_1|POE_WORKS_VOLUME_1_008|simplify|qc_repair_v1|json_canonicalized_no_text_change|attempt_1,groq_qwen_32b_free|run_1|POE_WORKS_VOLUME_1_008|simplify,qwen,groq_qwen_32b_free,qwen/qwen3-32b,POE_WORKS_VOLUME_1_008,simplify,json_canonicalized_no_text_change,qc_repair_v1,,warning,json_repaired_loose_rewritten_text,json_repaired_loose_rewritten_text,0.882456,503,0107bba5f2c3940293ec7d52b91fa77397fcc9ea56c0fd14b62097a979348ae9,"When I got to the hut, I knocked as usual, but there was no answer. I found the key where I knew it was hidden, unlocked the door, and went inside. There was a nice fire burning in the fireplace, which was a welcome surprise. I took off my coat, sat in an armchair by the fire, and waited for my hosts to arrive.

Soon after dark, they showed up and greeted me warmly. Jupiter was happy and busy getting ready to cook some marsh hens for dinner. Legrand was excited about something. He had discovered a new kind of shellfish that formed its own group, and with Jupiter's help, he had also caught a beetle he thought was completely new. He wanted my opinion on it the next day.

'Why not tonight?' I asked, rubbing my hands by the fire and wishing all beetles were gone.

'Oh, if I had known you were here!' Legrand said. 'It's been a while since I saw you, and I couldn't have guessed you'd visit tonight of all nights. On my way home, I met Lieutenant G—— from the fort, and I foolishly lent him the beetle. So you won't be able to see it until tomorrow. Stay here tonight, and I'll send Jupiter to get it at sunrise. It's the most beautiful thing you've ever seen!'

'What? Sunrise?'

'No! The beetle. It's a bright gold color, about the size of a big hickory nut, with two black spots near one end of its back and another, longer one on the other end. The feelers are—'

'Dat ain't no tin, Massa Will, I keep a tellin' you,' Jupiter interrupted. 'De bug is solid gold, every bit of him, inside and all, except his wings. Neber feel half so heavy a bug in my life.'

'Well, suppose it is, Jup,' Legrand replied, more seriously than I thought necessary, 'is that any reason for you to let the birds burn? The color,' he said, turning to me, 'is really almost enough to support Jupiter's idea. You've never seen a more brilliant metallic shine than the scales give off—but you can't judge that until tomorrow. In the meantime, I can give you an idea of the shape.' He sat down at a small table with a pen and ink but no paper. He looked for some in a drawer but couldn't find any.

'Never mind,' he said finally, 'this will do.' He pulled out a piece of what I thought was very dirty paper from his coat pocket and made a rough drawing with the pen. While he did this, I stayed by the fire because I was still cold. When he was done, he handed it to me without getting up. As I took it, a loud growl was heard, followed by scratching at the door. Jupiter opened it, and a large Newfoundland dog, who belonged to Legrand, ran in, jumped on my shoulders, and showered me with affection; I had treated him kindly during previous visits.",570,pass,,json_ok,0.882456,503,0107bba5f2c3940293ec7d52b91fa77397fcc9ea56c0fd14b62097a979348ae9,"When I got to the hut, I knocked as usual, but there was no answer. I found the key where I knew it was hidden, unlocked the door, and went inside. There was a nice fire burning in the fireplace, which was a welcome surprise. I took off my coat, sat in an armchair by the fire, and waited for my hosts to arrive.

Soon after dark, they showed up and greeted me warmly. Jupiter was happy and busy getting ready to cook some marsh hens for dinner. Legrand was excited about something. He had discovered a new kind of shellfish that formed its own group, and with Jupiter's help, he had also caught a beetle he thought was completely new. He wanted my opinion on it the next day.

'Why not tonight?' I asked, rubbing my hands by the fire and wishing all beetles were gone.

'Oh, if I had known you were here!' Legrand said. 'It's been a while since I saw you, and I couldn't have guessed you'd visit tonight of all nights. On my way home, I met Lieutenant G—— from the fort, and I foolishly lent him the beetle. So you won't be able to see it until tomorrow. Stay here tonight, and I'll send Jupiter to get it at sunrise. It's the most beautiful thing you've ever seen!'

'What? Sunrise?'

'No! The beetle. It's a bright gold color, about the size of a big hickory nut, with two black spots near one end of its back and another, longer one on the other end. The feelers are—'

'Dat ain't no tin, Massa Will, I keep a tellin' you,' Jupiter interrupted. 'De bug is solid gold, every bit of him, inside and all, except his wings. Neber feel half so heavy a bug in my life.'

'Well, suppose it is, Jup,' Legrand replied, more seriously than I thought necessary, 'is that any reason for you to let the birds burn? The color,' he said, turning to me, 'is really almost enough to support Jupiter's idea. You've never seen a more brilliant metallic shine than the scales give off—but you can't judge that until tomorrow. In the meantime, I can give you an idea of the shape.' He sat down at a small table with a pen and ink but no paper. He looked for some in a drawer but couldn't find any.

'Never mind,' he said finally, 'this will do.' He pulled out a piece of what I thought was very dirty paper from his coat pocket and made a rough drawing with the pen. While he did this, I stayed by the fire because I was still cold. When he was done, he handed it to me without getting up. As I took it, a loud growl was heard, followed by scratching at the door. Jupiter opened it, and a large Newfoundland dog, who belonged to Legrand, ran in, jumped on my shoulders, and showered me with affection; I had treated him kindly during previous visits.",2026-06-07T18:20:00Z
groq_qwen_32b_free|run_1|POE_WORKS_VOLUME_1_009|paraphrase|qc_repair_v1|json_canonicalized_no_text_change|attempt_1,groq_qwen_32b_free|run_1|POE_WORKS_VOLUME_1_009|paraphrase,qwen,groq_qwen_32b_free,qwen/qwen3-32b,POE_WORKS_VOLUME_1_009,paraphrase,json_canonicalized_no_text_change,qc_repair_v1,,warning,json_repaired_loose_rewritten_text,json_repaired_loose_rewritten_text,0.950617,539,da8d9e47829ce70fedccd3c05e2659dcb59b03831f0cba438ddd261a68923e8d,"I feared that the unrelenting weight of misfortune had finally driven my friend to the edge of reason. Without a moment's delay, I decided to accompany the negro.

When we arrived at the dock, I observed a scythe and three spades, all brand new, resting at the bottom of the boat we were to use.

“What is the purpose of these, Jup?” I asked.

“Him syfe, massa, and spade.”

“Indeed; but why are they here?”

“Him de syfe and de spade what Massa Will told me to buy for him in town, and it cost me a fortune to get ’em.”

“But what, in the name of all that is strange, is your ‘Massa Will’ going to do with scythes and spades?”

“That’s more than I know, and the devil take me if I don’t think it’s more than he knows too. But it’s all because of that bug.”

Since I could gain no clarity from Jupiter, whose mind seemed entirely consumed by 'de bug,' I stepped into the boat and we set sail. With a brisk wind at our backs, we quickly reached the small cove north of Fort Moultrie, and a two-mile walk brought us to the hut. It was about three in the afternoon when we arrived. Legrand had been waiting for us with great anticipation. He seized my hand with a nervous eagerness that unsettled me and reinforced my suspicions. His face was pale, almost deathly so, and his deep-set eyes gleamed with an unnatural brightness. After a few inquiries about his health, I asked him, not knowing what else to say, if he had yet obtained the _scarabæus_ from Lieutenant G——.

“Oh, yes,” he replied, his face flushing, “I got it from him the next morning. Nothing would tempt me to part with that _scarabæus_. Do you know that Jupiter is quite right about it?”

“In what way?” I asked, with a growing sense of unease.

“In thinking it is a bug made of _real gold_.” He spoke with such solemnity that I felt a deep sense of shock.

“This bug is going to make my fortune,” he continued, with a triumphant grin, “to restore me to my family’s estate. Is it any wonder, then, that I value it? Since Fortune has seen fit to give it to me, I only need to use it properly and I shall find the gold it points to. Jupiter; bring me that _scarabæus!_”

“What! de bug, massa? I’d rather not go fetch that bug for you—you must get him for yourself.” Legrand then rose with a solemn and dignified manner and retrieved the beetle from a glass case where it was kept. It was a beautiful scarabæus, and, at that time, unknown to naturalists—naturally a great treasure from a scientific standpoint. There were two round, black spots near one end of its back, and a long one near the other. The scales were incredibly hard and shiny, with the look of polished gold. The weight of the insect was remarkable, and, considering all these things, I could hardly fault Jupiter for his belief about it; but what to make of Legrand’s agreement with that belief, I could not, for the life of me, understand.",567,pass,,json_ok,0.950617,539,da8d9e47829ce70fedccd3c05e2659dcb59b03831f0cba438ddd261a68923e8d,"I feared that the unrelenting weight of misfortune had finally driven my friend to the edge of reason. Without a moment's delay, I decided to accompany the negro.

When we arrived at the dock, I observed a scythe and three spades, all brand new, resting at the bottom of the boat we were to use.

“What is the purpose of these, Jup?” I asked.

“Him syfe, massa, and spade.”

“Indeed; but why are they here?”

“Him de syfe and de spade what Massa Will told me to buy for him in town, and it cost me a fortune to get ’em.”

“But what, in the name of all that is strange, is your ‘Massa Will’ going to do with scythes and spades?”

“That’s more than I know, and the devil take me if I don’t think it’s more than he knows too. But it’s all because of that bug.”

Since I could gain no clarity from Jupiter, whose mind seemed entirely consumed by 'de bug,' I stepped into the boat and we set sail. With a brisk wind at our backs, we quickly reached the small cove north of Fort Moultrie, and a two-mile walk brought us to the hut. It was about three in the afternoon when we arrived. Legrand had been waiting for us with great anticipation. He seized my hand with a nervous eagerness that unsettled me and reinforced my suspicions. His face was pale, almost deathly so, and his deep-set eyes gleamed with an unnatural brightness. After a few inquiries about his health, I asked him, not knowing what else to say, if he had yet obtained the _scarabæus_ from Lieutenant G——.

“Oh, yes,” he replied, his face flushing, “I got it from him the next morning. Nothing would tempt me to part with that _scarabæus_. Do you know that Jupiter is quite right about it?”

“In what way?” I asked, with a growing sense of unease.

“In thinking it is a bug made of _real gold_.” He spoke with such solemnity that I felt a deep sense of shock.

“This bug is going to make my fortune,” he continued, with a triumphant grin, “to restore me to my family’s estate. Is it any wonder, then, that I value it? Since Fortune has seen fit to give it to me, I only need to use it properly and I shall find the gold it points to. Jupiter; bring me that _scarabæus!_”

“What! de bug, massa? I’d rather not go fetch that bug for you—you must get him for yourself.” Legrand then rose with a solemn and dignified manner and retrieved the beetle from a glass case where it was kept. It was a beautiful scarabæus, and, at that time, unknown to naturalists—naturally a great treasure from a scientific standpoint. There were two round, black spots near one end of its back, and a long one near the other. The scales were incredibly hard and shiny, with the look of polished gold. The weight of the insect was remarkable, and, considering all these things, I could hardly fault Jupiter for his belief about it; but what to make of Legrand’s agreement with that belief, I could not, for the life of me, understand.",2026-06-07T18:20:00Z
groq_qwen_32b_free|run_1|POE_WORKS_VOLUME_1_012|simplify|qc_repair_v1|json_canonicalized_no_text_change|attempt_1,groq_qwen_32b_free|run_1|POE_WORKS_VOLUME_1_012|simplify,qwen,groq_qwen_32b_free,qwen/qwen3-32b,POE_WORKS_VOLUME_1_012,simplify,json_canonicalized_no_text_change,qc_repair_v1,,warning,json_repaired_loose_rewritten_text,json_repaired_loose_rewritten_text,0.943942,522,69f2bc14d971ef44f4ee967fee3397c851c496c9d8d9b0cc100a7f9d92b9a023,"I’m sorry; I forgot that Shakespeare won’t be around for seventeen hundred and fifty more years. But doesn’t the city of Epidaphne support my claim that it looks strange?\n\n'It is well protected; and in this way, it owes as much to nature as to human effort.'\n\nThat's true.\n\n'There are many grand palaces.'\n\nThere are.\n\n'And the many temples, which are rich and impressive, can compare with the best of ancient times.'\n\nI agree with all that. Still, there are also countless shabby huts and terrible hovels. We can't help but notice the filth in every gutter, and if it weren’t for the strong smell of incense from the idols, I’m sure we’d find a terrible stench. Have you ever seen streets so unbearably narrow, or houses so incredibly tall? What darkness their shadows cast on the ground! It’s good that the hanging lamps in those endless colonnades are lit all day; otherwise, we would have the darkness of Egypt during its worst times.\n\n'It is certainly a strange place! What is that unusual building over there? Look! It rises above all the others and lies to the east of what I think is the royal palace!'\n\nThat is the new Temple of the Sun, which is worshipped in Syria under the name Elah Gabalah. In the future, a very famous Roman emperor will start this worship in Rome and get his nickname from it, Heliogabalus. I bet you would like to see the god of the temple. You don’t need to look up at the sky; his Sunship isn’t there—at least not the one the Syrians worship. That god can be found inside that building. He is worshipped as a large stone pillar that ends in a cone or pyramid, which represents Fire.\n\n'Listen—look!—who are those silly people, half naked, with their faces painted, shouting and gesturing to the crowd?'\n\nSome are just performers. Others are more like philosophers. Most of them, especially those who hit the crowd with sticks, are the main courtiers of the palace, doing their duty to carry out some amusing act ordered by the king.\n\n'But what do we have here? Goodness! The town is full of wild animals! What a terrible sight!—what a dangerous feature!'\n\nTerrible, if you want to call it that; but not at all dangerous. Each animal, if you take the time to notice, is quietly following its master. A few are led by a rope around the neck, but these are mostly the smaller or timid kinds. The lion, the tiger, and the leopard are completely free. They have been trained easily for their current jobs and follow their owners like personal attendants. It is true, there are times when Nature reclaims what has been taken from her;—but then the eating of a soldier, or the choking of a sacred bull, is a small matter and not worth mentioning in Epidaphne.\n\n'But what strange noise do I hear? Surely this is a loud noise even for Antioch! It suggests some unusual excitement.'",553,pass,,json_ok,0.943942,522,69f2bc14d971ef44f4ee967fee3397c851c496c9d8d9b0cc100a7f9d92b9a023,"I’m sorry; I forgot that Shakespeare won’t be around for seventeen hundred and fifty more years. But doesn’t the city of Epidaphne support my claim that it looks strange?\n\n'It is well protected; and in this way, it owes as much to nature as to human effort.'\n\nThat's true.\n\n'There are many grand palaces.'\n\nThere are.\n\n'And the many temples, which are rich and impressive, can compare with the best of ancient times.'\n\nI agree with all that. Still, there are also countless shabby huts and terrible hovels. We can't help but notice the filth in every gutter, and if it weren’t for the strong smell of incense from the idols, I’m sure we’d find a terrible stench. Have you ever seen streets so unbearably narrow, or houses so incredibly tall? What darkness their shadows cast on the ground! It’s good that the hanging lamps in those endless colonnades are lit all day; otherwise, we would have the darkness of Egypt during its worst times.\n\n'It is certainly a strange place! What is that unusual building over there? Look! It rises above all the others and lies to the east of what I think is the royal palace!'\n\nThat is the new Temple of the Sun, which is worshipped in Syria under the name Elah Gabalah. In the future, a very famous Roman emperor will start this worship in Rome and get his nickname from it, Heliogabalus. I bet you would like to see the god of the temple. You don’t need to look up at the sky; his Sunship isn’t there—at least not the one the Syrians worship. That god can be found inside that building. He is worshipped as a large stone pillar that ends in a cone or pyramid, which represents Fire.\n\n'Listen—look!—who are those silly people, half naked, with their faces painted, shouting and gesturing to the crowd?'\n\nSome are just performers. Others are more like philosophers. Most of them, especially those who hit the crowd with sticks, are the main courtiers of the palace, doing their duty to carry out some amusing act ordered by the king.\n\n'But what do we have here? Goodness! The town is full of wild animals! What a terrible sight!—what a dangerous feature!'\n\nTerrible, if you want to call it that; but not at all dangerous. Each animal, if you take the time to notice, is quietly following its master. A few are led by a rope around the neck, but these are mostly the smaller or timid kinds. The lion, the tiger, and the leopard are completely free. They have been trained easily for their current jobs and follow their owners like personal attendants. It is true, there are times when Nature reclaims what has been taken from her;—but then the eating of a soldier, or the choking of a sacred bull, is a small matter and not worth mentioning in Epidaphne.\n\n'But what strange noise do I hear? Surely this is a loud noise even for Antioch! It suggests some unusual excitement.'",2026-06-07T18:20:00Z
groq_qwen_32b_free|run_1|POE_WORKS_VOLUME_1_014|modernize|qc_repair_v1|json_canonicalized_no_text_change|attempt_1,groq_qwen_32b_free|run_1|POE_WORKS_VOLUME_1_014|modernize,qwen,groq_qwen_32b_free,qwen/qwen3-32b,POE_WORKS_VOLUME_1_014,modernize,json_canonicalized_no_text_change,qc_repair_v1,,warning,json_repaired_loose_rewritten_text,json_repaired_loose_rewritten_text,0.924561,527,d50064b86f4b15fe425b2d773dbe0789eb81bb382e4a81a689f1ca61b66b3758,"“There’s still no clue at all to this terrible mystery,” we believe.\n\nThe next day’s paper had more details.\n\n“The Tragedy in the Rue Morgue.—Many people have been questioned about this strange and horrifying incident,” [The word ‘affaire’ hasn’t yet, in France, taken on the casual meaning it has for us], “but nothing has come to light. We present below all the relevant testimony gathered.\n\n“Pauline Dubourg, a laundress, says she’s known both the deceased for three years, having done their laundry during that time. The older woman and her daughter seemed to get along well—very affectionate with each other. They paid well. She couldn’t say anything about how they lived. She thought Madame L. made a living telling fortunes. She was believed to have saved money. She never met anyone in the house when she dropped off or picked up the laundry. She was sure they didn’t have a servant. There didn’t seem to be any furniture in the building except on the fourth floor.\n\n“Pierre Moreau, a tobacconist, says he’s sold small amounts of tobacco and snuff to Madame L’Espanaye for almost four years. He was born nearby and has always lived there. The deceased and her daughter had lived in the house where the bodies were found for over six years. It was previously occupied by a jeweler, who sublet the upper rooms to different people. The house belonged to Madame L. She became unhappy with how her tenants used the place and moved in herself, refusing to rent out any part. The older woman acted childishly. He had seen the daughter maybe five or six times in the six years. The two lived a very private life—were said to have money. He’d heard neighbors say Madame L. told fortunes—but he didn’t believe it. He’d never seen anyone else enter the house except the old woman and her daughter, a porter once or twice, and a doctor about eight or ten times.\n\n“Many other neighbors gave similar testimony. No one was mentioned as regularly visiting the house. It wasn’t known if Madame L. and her daughter had any living relatives. The shutters on the front windows were rarely open. Those on the back were always closed, except for the large back room on the fourth floor. The house was a decent one—not very old.\n\n“Isidore Musèt, a gendarme, says he was called to the house around three in the morning and found about twenty or thirty people at the gate trying to get in. He forced it open with a bayonet—not a crowbar. It wasn’t hard to open because it was a double or folding gate and wasn’t bolted at the top or bottom. The screams continued until the gate was forced open—and then suddenly stopped. They sounded like someone (or some people) in great pain—long and loud, not short and quick. He led the way upstairs. When he reached the first landing, he heard two voices in loud and angry argument—the one a rough voice, the other much higher—a very strange voice.”",570,pass,,json_ok,0.924561,527,d50064b86f4b15fe425b2d773dbe0789eb81bb382e4a81a689f1ca61b66b3758,"“There’s still no clue at all to this terrible mystery,” we believe.\n\nThe next day’s paper had more details.\n\n“The Tragedy in the Rue Morgue.—Many people have been questioned about this strange and horrifying incident,” [The word ‘affaire’ hasn’t yet, in France, taken on the casual meaning it has for us], “but nothing has come to light. We present below all the relevant testimony gathered.\n\n“Pauline Dubourg, a laundress, says she’s known both the deceased for three years, having done their laundry during that time. The older woman and her daughter seemed to get along well—very affectionate with each other. They paid well. She couldn’t say anything about how they lived. She thought Madame L. made a living telling fortunes. She was believed to have saved money. She never met anyone in the house when she dropped off or picked up the laundry. She was sure they didn’t have a servant. There didn’t seem to be any furniture in the building except on the fourth floor.\n\n“Pierre Moreau, a tobacconist, says he’s sold small amounts of tobacco and snuff to Madame L’Espanaye for almost four years. He was born nearby and has always lived there. The deceased and her daughter had lived in the house where the bodies were found for over six years. It was previously occupied by a jeweler, who sublet the upper rooms to different people. The house belonged to Madame L. She became unhappy with how her tenants used the place and moved in herself, refusing to rent out any part. The older woman acted childishly. He had seen the daughter maybe five or six times in the six years. The two lived a very private life—were said to have money. He’d heard neighbors say Madame L. told fortunes—but he didn’t believe it. He’d never seen anyone else enter the house except the old woman and her daughter, a porter once or twice, and a doctor about eight or ten times.\n\n“Many other neighbors gave similar testimony. No one was mentioned as regularly visiting the house. It wasn’t known if Madame L. and her daughter had any living relatives. The shutters on the front windows were rarely open. Those on the back were always closed, except for the large back room on the fourth floor. The house was a decent one—not very old.\n\n“Isidore Musèt, a gendarme, says he was called to the house around three in the morning and found about twenty or thirty people at the gate trying to get in. He forced it open with a bayonet—not a crowbar. It wasn’t hard to open because it was a double or folding gate and wasn’t bolted at the top or bottom. The screams continued until the gate was forced open—and then suddenly stopped. They sounded like someone (or some people) in great pain—long and loud, not short and quick. He led the way upstairs. When he reached the first landing, he heard two voices in loud and angry argument—the one a rough voice, the other much higher—a very strange voice.”",2026-06-07T18:20:00Z
groq_qwen_32b_free|run_1|SHELLEY_FRANKENSTEIN_002|simplify|qc_repair_v1|json_canonicalized_no_text_change|attempt_1,groq_qwen_32b_free|run_1|SHELLEY_FRANKENSTEIN_002|simplify,qwen,groq_qwen_32b_free,qwen/qwen3-32b,SHELLEY_FRANKENSTEIN_002,simplify,json_canonicalized_no_text_change,qc_repair_v1,,warning,json_repaired_loose_rewritten_text,json_repaired_loose_rewritten_text,0.935428,536,52166b4aa33d4addc2b678930fa830f2b2877f1eb846d6b4bf36b9e77b3d04d2,"Knowing what they owed to the child they had brought into the world, and because they both had kind and caring hearts, it's easy to imagine that during every hour of my early life I was taught patience, charity, and self-control. It all felt like a smooth path of happiness to me.

For a long time, I was the only child they had. My mother had always wanted a daughter, but I remained their only child. When I was about five years old, they went on a trip beyond the borders of Italy and spent a week by the shores of Lake Como. Their kind and generous nature often led them to visit the homes of poor people. For my mother, this was more than a duty; it was a need, almost a passion. She remembered her own suffering and how she had been helped, and now she wanted to be like an angel to those in need. During one of their walks, they came across a poor cottage in a valley that looked especially sad. The number of half-clothed children around it showed how poor the family was. One day, when my father had gone alone to Milan, my mother took me to visit this home. She found a hardworking peasant and his wife, worn down by worry and work, giving a meager meal to five hungry children. Among them, one child stood out to my mother more than the rest. She looked different from the others. The other four were dark-eyed and tough little kids; this child was thin and very pale. Her hair was the brightest gold, and even though her clothes were poor, it seemed to crown her head with a special glow. Her forehead was clear and wide, her blue eyes bright and clear, and her lips and face showed such sensitivity and sweetness that no one could look at her without thinking she was a special being, almost sent from heaven.

The peasant woman, noticing that my mother was looking at this lovely girl with wonder and admiration, eagerly told her the girl's story. She wasn't her own child, but the daughter of a nobleman from Milan. Her mother was German and had died giving birth to her. The baby had been left with these people to be raised, and they had been better off back then. They had not been married long, and their oldest child had just been born. The father of the girl was one of those Italians who remembered the ancient glory of their country and tried to win back their freedom. He became a victim of his country's weakness. It wasn't known if he had died or was still in Austrian prisons. His property was taken away, and his child became an orphan and a beggar. She stayed with her foster parents and grew up in their simple home, more beautiful than a garden rose among dark-leaved brambles.

When my father returned from Milan, he found a child playing with me in the hall of our villa who was more beautiful than any painted angel—a child who seemed to shine with light from her looks and who moved more lightly than the mountain goats.",573,pass,,json_ok,0.935428,536,52166b4aa33d4addc2b678930fa830f2b2877f1eb846d6b4bf36b9e77b3d04d2,"Knowing what they owed to the child they had brought into the world, and because they both had kind and caring hearts, it's easy to imagine that during every hour of my early life I was taught patience, charity, and self-control. It all felt like a smooth path of happiness to me.

For a long time, I was the only child they had. My mother had always wanted a daughter, but I remained their only child. When I was about five years old, they went on a trip beyond the borders of Italy and spent a week by the shores of Lake Como. Their kind and generous nature often led them to visit the homes of poor people. For my mother, this was more than a duty; it was a need, almost a passion. She remembered her own suffering and how she had been helped, and now she wanted to be like an angel to those in need. During one of their walks, they came across a poor cottage in a valley that looked especially sad. The number of half-clothed children around it showed how poor the family was. One day, when my father had gone alone to Milan, my mother took me to visit this home. She found a hardworking peasant and his wife, worn down by worry and work, giving a meager meal to five hungry children. Among them, one child stood out to my mother more than the rest. She looked different from the others. The other four were dark-eyed and tough little kids; this child was thin and very pale. Her hair was the brightest gold, and even though her clothes were poor, it seemed to crown her head with a special glow. Her forehead was clear and wide, her blue eyes bright and clear, and her lips and face showed such sensitivity and sweetness that no one could look at her without thinking she was a special being, almost sent from heaven.

The peasant woman, noticing that my mother was looking at this lovely girl with wonder and admiration, eagerly told her the girl's story. She wasn't her own child, but the daughter of a nobleman from Milan. Her mother was German and had died giving birth to her. The baby had been left with these people to be raised, and they had been better off back then. They had not been married long, and their oldest child had just been born. The father of the girl was one of those Italians who remembered the ancient glory of their country and tried to win back their freedom. He became a victim of his country's weakness. It wasn't known if he had died or was still in Austrian prisons. His property was taken away, and his child became an orphan and a beggar. She stayed with her foster parents and grew up in their simple home, more beautiful than a garden rose among dark-leaved brambles.

When my father returned from Milan, he found a child playing with me in the hall of our villa who was more beautiful than any painted angel—a child who seemed to shine with light from her looks and who moved more lightly than the mountain goats.",2026-06-07T18:20:00Z
groq_qwen_32b_free|run_1|SHELLEY_FRANKENSTEIN_011|paraphrase|qc_repair_v1|json_canonicalized_no_text_change|attempt_1,groq_qwen_32b_free|run_1|SHELLEY_FRANKENSTEIN_011|paraphrase,qwen,groq_qwen_32b_free,qwen/qwen3-32b,SHELLEY_FRANKENSTEIN_011,paraphrase,json_canonicalized_no_text_change,qc_repair_v1,,warning,json_repaired_loose_rewritten_text,json_repaired_loose_rewritten_text,0.984456,570,2fbe421d3d58c4f952d19cd2f48ab605e508558ab4e71ec74ce1369b88b54b87,"“Fiend,” I cried, “do you dare come near me? Do you not fear the terrible wrath of my hand falling upon your wretched skull? Away, foul creature! Or stay, so that I might crush you beneath my feet! And oh, if only I could end your pitiful life and bring back those you have so cruelly taken away!”

“I foresaw this response,” the demon replied. “All men despise the wretched; how much more must I be despised, being the most wretched of all beings! Yet you, my maker, loathe and reject me, your creation, to whom you are bound by ties that can only be broken by the destruction of one of us. You intend to kill me. How dare you toy with life in this way? Fulfill your duty to me, and I shall fulfill mine to you and to mankind. If you agree to my terms, I shall leave you and your kin in peace; but if you refuse, I shall feed the jaws of death until they are sated with the blood of your remaining loved ones.”

“Accursed wretch! Monster that you are! The torments of hell are too lenient for your sins. Miserable demon! You accuse me of your creation—come then, that I may snuff out the spark I so carelessly gave you.”

My fury knew no bounds; I leapt at him, driven by every feeling that could drive one being to destroy another.

He easily avoided me and said,

“Calm yourself! I beg you to listen to me before you unleash your hatred upon my doomed head. Have I not suffered enough, that you would add to my sorrow? Life, though it may be nothing but a collection of sorrows, is precious to me, and I shall defend it. Remember, you have made me stronger than yourself; my height surpasses yours, my joints more flexible. But I will not be lured into opposing you. I am your creation, and I shall be gentle and obedient to my rightful master and king if you, too, fulfill your part, which you owe me. Oh, Frankenstein, do not be just to all others and trample upon me alone, to whom your justice, and even your mercy and affection, are most deserved. Recall that I am your creation; I should be your Adam, but I am rather the fallen angel, whom you drive from joy for no wrongdoing. Everywhere I see happiness, from which I alone am forever excluded. I was kind and good; misery turned me into a monster. Make me happy, and I shall once more be virtuous.”

“Leave me! I will not listen to you. There can be no bond between you and me; we are enemies. Leave, or let us test our strength in a battle, in which one must fall.”

“How can I stir you? Will no pleas cause you to look upon your creature with kindness, who begs for your goodness and compassion? Believe me, Frankenstein, I was kind; my soul burned with love and humanity; but am I not alone, dreadfully alone? You, my creator, despise me; what hope can I have from your fellow men, who owe me nothing? They reject and hate me. The lonely mountains and bleak glaciers are my sanctuary. I have wandered here for many days; the icy caves, which I do not fear, are my home, and the only one which man does not begrudge.",579,pass,,json_ok,0.984456,570,2fbe421d3d58c4f952d19cd2f48ab605e508558ab4e71ec74ce1369b88b54b87,"“Fiend,” I cried, “do you dare come near me? Do you not fear the terrible wrath of my hand falling upon your wretched skull? Away, foul creature! Or stay, so that I might crush you beneath my feet! And oh, if only I could end your pitiful life and bring back those you have so cruelly taken away!”

“I foresaw this response,” the demon replied. “All men despise the wretched; how much more must I be despised, being the most wretched of all beings! Yet you, my maker, loathe and reject me, your creation, to whom you are bound by ties that can only be broken by the destruction of one of us. You intend to kill me. How dare you toy with life in this way? Fulfill your duty to me, and I shall fulfill mine to you and to mankind. If you agree to my terms, I shall leave you and your kin in peace; but if you refuse, I shall feed the jaws of death until they are sated with the blood of your remaining loved ones.”

“Accursed wretch! Monster that you are! The torments of hell are too lenient for your sins. Miserable demon! You accuse me of your creation—come then, that I may snuff out the spark I so carelessly gave you.”

My fury knew no bounds; I leapt at him, driven by every feeling that could drive one being to destroy another.

He easily avoided me and said,

“Calm yourself! I beg you to listen to me before you unleash your hatred upon my doomed head. Have I not suffered enough, that you would add to my sorrow? Life, though it may be nothing but a collection of sorrows, is precious to me, and I shall defend it. Remember, you have made me stronger than yourself; my height surpasses yours, my joints more flexible. But I will not be lured into opposing you. I am your creation, and I shall be gentle and obedient to my rightful master and king if you, too, fulfill your part, which you owe me. Oh, Frankenstein, do not be just to all others and trample upon me alone, to whom your justice, and even your mercy and affection, are most deserved. Recall that I am your creation; I should be your Adam, but I am rather the fallen angel, whom you drive from joy for no wrongdoing. Everywhere I see happiness, from which I alone am forever excluded. I was kind and good; misery turned me into a monster. Make me happy, and I shall once more be virtuous.”

“Leave me! I will not listen to you. There can be no bond between you and me; we are enemies. Leave, or let us test our strength in a battle, in which one must fall.”

“How can I stir you? Will no pleas cause you to look upon your creature with kindness, who begs for your goodness and compassion? Believe me, Frankenstein, I was kind; my soul burned with love and humanity; but am I not alone, dreadfully alone? You, my creator, despise me; what hope can I have from your fellow men, who owe me nothing? They reject and hate me. The lonely mountains and bleak glaciers are my sanctuary. I have wandered here for many days; the icy caves, which I do not fear, are my home, and the only one which man does not begrudge.",2026-06-07T18:20:00Z
groq_qwen_32b_free|run_1|SHELLEY_FRANKENSTEIN_016|modernize|qc_repair_v1|json_canonicalized_no_text_change|attempt_1,groq_qwen_32b_free|run_1|SHELLEY_FRANKENSTEIN_016|modernize,qwen,groq_qwen_32b_free,qwen/qwen3-32b,SHELLEY_FRANKENSTEIN_016,modernize,json_canonicalized_no_text_change,qc_repair_v1,,warning,json_repaired_loose_rewritten_text,json_repaired_loose_rewritten_text,0.984099,557,e13da86ac98f46d6672b68f10c9fc1b65bbc4da9dfea6bf8add86186a4bd662b,"The poor who came to their door were never turned away. I admit, I asked for more than just a little food or a place to rest—I wanted kindness and sympathy. I didn’t think I was completely unworthy of it.\n\nThe winter had advanced, and a full cycle of the seasons had passed since I came to life. At this point, my focus was entirely on how to introduce myself to the people in the cottage who had helped me. I considered many plans, but the one I finally settled on was to enter the house when the blind old man was alone. I was smart enough to realize that the unnatural ugliness of my appearance was what scared people most when they saw me before. My voice, though rough, wasn’t really frightening, so I thought that if I could win over the old De Lacey while his kids were away, he might help me gain acceptance from the younger ones.\n\nOne day, the sun shone on the red leaves scattered on the ground, bringing a bit of cheerfulness even though it didn’t offer much warmth. Safie, Agatha, and Felix went for a long walk in the countryside, and the old man, as he had asked, stayed alone in the cottage. After his kids left, he picked up his guitar and played several sad but sweet tunes, sadder and sweeter than I had ever heard him play before. At first, his face showed pleasure, but as he played on, his expression turned thoughtful and sad. Eventually, he put the instrument aside and sat lost in thought.\n\nMy heart raced. This was the moment of truth, the time that would either bring my hopes to life or confirm my fears. The servants had gone to a nearby fair. Everything was quiet in and around the cottage—it was the perfect chance. Yet, when I tried to carry out my plan, my legs gave out and I collapsed to the ground. I got up again, mustering all the strength I could, and removed the planks I had placed in front of my hovel to hide my hiding place. The fresh air revived me, and with renewed determination, I walked toward the door of their cottage.\n\nI knocked. 'Who is it?' the old man asked. 'Come in.'\n\nI stepped inside. 'Sorry to bother you,' I said. 'I'm a traveler in need of a little rest. I'd really appreciate it if you'd let me sit by the fire for a few minutes.'\n\n'Come in,' De Lacey said. 'I'll do what I can to help you out, but unfortunately, my kids are out, and since I'm blind, I'm afraid I'll have a hard time getting you anything to eat.'\n\n'Don't trouble yourself, kind sir,' I replied. 'I've got food. All I need is warmth and a bit of rest.'\n\nI sat down, and a silence followed. I knew every minute was precious, but I still couldn't decide how to start the conversation when the old man finally spoke.\n\n'By your accent, stranger, I'd guess you're from my country. Are you French?'\n\n'No,' I said. 'I was raised by a French family and only speak that language. I'm heading to some friends I truly care about and hope they'll welcome me.'",566,pass,,json_ok,0.984099,557,e13da86ac98f46d6672b68f10c9fc1b65bbc4da9dfea6bf8add86186a4bd662b,"The poor who came to their door were never turned away. I admit, I asked for more than just a little food or a place to rest—I wanted kindness and sympathy. I didn’t think I was completely unworthy of it.\n\nThe winter had advanced, and a full cycle of the seasons had passed since I came to life. At this point, my focus was entirely on how to introduce myself to the people in the cottage who had helped me. I considered many plans, but the one I finally settled on was to enter the house when the blind old man was alone. I was smart enough to realize that the unnatural ugliness of my appearance was what scared people most when they saw me before. My voice, though rough, wasn’t really frightening, so I thought that if I could win over the old De Lacey while his kids were away, he might help me gain acceptance from the younger ones.\n\nOne day, the sun shone on the red leaves scattered on the ground, bringing a bit of cheerfulness even though it didn’t offer much warmth. Safie, Agatha, and Felix went for a long walk in the countryside, and the old man, as he had asked, stayed alone in the cottage. After his kids left, he picked up his guitar and played several sad but sweet tunes, sadder and sweeter than I had ever heard him play before. At first, his face showed pleasure, but as he played on, his expression turned thoughtful and sad. Eventually, he put the instrument aside and sat lost in thought.\n\nMy heart raced. This was the moment of truth, the time that would either bring my hopes to life or confirm my fears. The servants had gone to a nearby fair. Everything was quiet in and around the cottage—it was the perfect chance. Yet, when I tried to carry out my plan, my legs gave out and I collapsed to the ground. I got up again, mustering all the strength I could, and removed the planks I had placed in front of my hovel to hide my hiding place. The fresh air revived me, and with renewed determination, I walked toward the door of their cottage.\n\nI knocked. 'Who is it?' the old man asked. 'Come in.'\n\nI stepped inside. 'Sorry to bother you,' I said. 'I'm a traveler in need of a little rest. I'd really appreciate it if you'd let me sit by the fire for a few minutes.'\n\n'Come in,' De Lacey said. 'I'll do what I can to help you out, but unfortunately, my kids are out, and since I'm blind, I'm afraid I'll have a hard time getting you anything to eat.'\n\n'Don't trouble yourself, kind sir,' I replied. 'I've got food. All I need is warmth and a bit of rest.'\n\nI sat down, and a silence followed. I knew every minute was precious, but I still couldn't decide how to start the conversation when the old man finally spoke.\n\n'By your accent, stranger, I'd guess you're from my country. Are you French?'\n\n'No,' I said. 'I was raised by a French family and only speak that language. I'm heading to some friends I truly care about and hope they'll welcome me.'",2026-06-07T18:20:00Z
groq_qwen_32b_free|run_1|SHELLEY_FRANKENSTEIN_017|simplify|qc_repair_v1|json_canonicalized_no_text_change|attempt_1,groq_qwen_32b_free|run_1|SHELLEY_FRANKENSTEIN_017|simplify,qwen,groq_qwen_32b_free,qwen/qwen3-32b,SHELLEY_FRANKENSTEIN_017,simplify,json_canonicalized_no_text_change,qc_repair_v1,,warning,json_repaired_loose_rewritten_text,json_repaired_loose_rewritten_text,0.931338,529,c1ffdb65df4bea5c1d1d580fa93299384dcd0de7b1933bfcfdc0b7d51c027af5,"I spent the rest of the day in my hovel in complete and hopeless despair. My protectors had left, and they had broken the only connection I had to the world. For the first time, feelings of revenge and hatred filled my heart, and I didn't try to control them. I let myself be carried away by these emotions, focusing my thoughts on harm and death. When I thought of my friends, the kind voice of De Lacey, the gentle eyes of Agatha, and the beauty of the Arabian girl, these thoughts disappeared for a moment, and I cried a bit, which gave me some comfort. But when I remembered that they had rejected and abandoned me, anger returned, a strong and fierce anger. Since I couldn't hurt anyone, I turned my anger toward objects. As night grew, I gathered different flammable materials around the cottage and destroyed all signs of cultivation in the garden. I waited impatiently until the moon had set before I began my plan.

""As the night went on, a strong wind rose from the woods and quickly scattered the clouds that had lingered in the sky. The wind blew like a huge avalanche and made me feel wild and out of control. I lit a dry branch of a tree and danced around the cottage with fury, my eyes fixed on the western horizon where the moon was almost touching. Part of the moon disappeared, and I waved my burning branch. It sank, and with a loud scream, I set fire to the straw, heath, and bushes I had gathered. The wind helped the fire spread, and the cottage was soon surrounded by flames, which clung to it and licked it with their forked and destructive tongues.

""As soon as I was sure that no help could save any part of the house, I left the scene and found shelter in the woods.

""Now, with the world before me, where should I go? I decided to run far from the place of my misfortunes; but to me, hated and despised, every country would be equally terrible. Eventually, the thought of you came to my mind. I learned from your papers that you were my father, my creator; and who else could I turn to but the one who had given me life? Among the lessons that Felix had given Safie, geography had not been left out; I had learned from these the positions of the different countries on the earth. You had mentioned Geneva as the name of your hometown, and toward this place I decided to go.

""But how was I to find my way? I knew I had to travel in a southwesterly direction to reach my destination, but the sun was my only guide. I didn't know the names of the towns I would pass through, nor could I ask for help from anyone. But I didn't give up. Only from you could I hope for help, although I felt nothing but hatred toward you. Unfeeling, heartless creator! You gave me senses and emotions and then left me out in the world to be the object of human scorn and fear.",568,pass,,json_ok,0.931338,529,c1ffdb65df4bea5c1d1d580fa93299384dcd0de7b1933bfcfdc0b7d51c027af5,"I spent the rest of the day in my hovel in complete and hopeless despair. My protectors had left, and they had broken the only connection I had to the world. For the first time, feelings of revenge and hatred filled my heart, and I didn't try to control them. I let myself be carried away by these emotions, focusing my thoughts on harm and death. When I thought of my friends, the kind voice of De Lacey, the gentle eyes of Agatha, and the beauty of the Arabian girl, these thoughts disappeared for a moment, and I cried a bit, which gave me some comfort. But when I remembered that they had rejected and abandoned me, anger returned, a strong and fierce anger. Since I couldn't hurt anyone, I turned my anger toward objects. As night grew, I gathered different flammable materials around the cottage and destroyed all signs of cultivation in the garden. I waited impatiently until the moon had set before I began my plan.

""As the night went on, a strong wind rose from the woods and quickly scattered the clouds that had lingered in the sky. The wind blew like a huge avalanche and made me feel wild and out of control. I lit a dry branch of a tree and danced around the cottage with fury, my eyes fixed on the western horizon where the moon was almost touching. Part of the moon disappeared, and I waved my burning branch. It sank, and with a loud scream, I set fire to the straw, heath, and bushes I had gathered. The wind helped the fire spread, and the cottage was soon surrounded by flames, which clung to it and licked it with their forked and destructive tongues.

""As soon as I was sure that no help could save any part of the house, I left the scene and found shelter in the woods.

""Now, with the world before me, where should I go? I decided to run far from the place of my misfortunes; but to me, hated and despised, every country would be equally terrible. Eventually, the thought of you came to my mind. I learned from your papers that you were my father, my creator; and who else could I turn to but the one who had given me life? Among the lessons that Felix had given Safie, geography had not been left out; I had learned from these the positions of the different countries on the earth. You had mentioned Geneva as the name of your hometown, and toward this place I decided to go.

""But how was I to find my way? I knew I had to travel in a southwesterly direction to reach my destination, but the sun was my only guide. I didn't know the names of the towns I would pass through, nor could I ask for help from anyone. But I didn't give up. Only from you could I hope for help, although I felt nothing but hatred toward you. Unfeeling, heartless creator! You gave me senses and emotions and then left me out in the world to be the object of human scorn and fear.",2026-06-07T18:20:00Z
groq_qwen_32b_free|run_1|SHELLEY_FRANKENSTEIN_018|modernize|qc_repair_v1|json_canonicalized_no_text_change|attempt_1,groq_qwen_32b_free|run_1|SHELLEY_FRANKENSTEIN_018|modernize,qwen,groq_qwen_32b_free,qwen/qwen3-32b,SHELLEY_FRANKENSTEIN_018,modernize,json_canonicalized_no_text_change,qc_repair_v1,,warning,json_repaired_loose_rewritten_text,json_repaired_loose_rewritten_text,0.939863,547,82cb0251e7b1d24054f73d0026232058f5088b391962b882bef3af87c06f4c23,"The crime started with her—let her face the consequences! Thanks to Felix's teachings and the brutal laws of society, I had learned how to cause trouble. I leaned over her and carefully tucked the portrait into one of the folds of her dress. She moved again, and I ran away.\n\nFor a few days, I kept returning to the place where these events happened, sometimes hoping to see you, sometimes determined to leave the world and its pain behind forever. Eventually, I headed toward these mountains and wandered through their vast, empty spaces, driven by a burning passion only you can satisfy. We won't part ways until you promise to meet my demand. I'm alone and miserable; no one wants to be around me. But someone as deformed and terrible as I am wouldn't turn me away. My partner must be from the same species and share my flaws. You're the only one who can create this being for me.'\n\nThe creature finished speaking and stared at me, waiting for my response. But I was confused, overwhelmed, and couldn't think clearly enough to grasp the full weight of his request. He went on,\n\n'You must create a female for me, someone I can live with and share the feelings I need to survive. Only you can do this, and I'm demanding it as a right you can't deny me.'\n\nThe second part of his story reignited the anger I had forgotten while he described his peaceful life with the cottagers, and when he said this, I could no longer hold back the rage inside me.\n\n'I refuse,' I said. 'No amount of pain will ever make me agree. You can make me the saddest person alive, but you'll never make me feel ashamed. Would you really create another like yourself, whose combined evil could destroy the world? Leave me alone! I've answered you; you can hurt me all you want, but I'll never say yes.'\n\n'You're wrong,' the creature replied. 'Instead of threatening me, I'm willing to talk things out with you. I'm cruel because I'm unhappy. Don't I get shunned and hated by everyone? You, my creator, would tear me apart and feel victorious. Remember that, and tell me why I should care about humans more than they care about me? You wouldn't call it murder if you threw me into one of those ice cracks and ended my life, which you made. Should I respect people who condemn me? Let them live with me in kindness, and I'd give them everything I could with tears of gratitude for accepting me. But that's impossible; human nature is an unbreakable wall between us. Still, I won't accept the submission of a slave. I'll take revenge for my suffering; if I can't inspire love, I'll inspire fear, especially toward you, my worst enemy, because you're my creator. I swear I'll never stop hating you. Be careful; I'll destroy you, and I won't stop until your heart is broken and you curse the day you were born.'\n\nA furious anger showed in his face as he said this; his expression twisted into something too awful to look at. But soon he calmed down and continued,\n\n'I meant to reason.'",582,pass,,json_ok,0.939863,547,82cb0251e7b1d24054f73d0026232058f5088b391962b882bef3af87c06f4c23,"The crime started with her—let her face the consequences! Thanks to Felix's teachings and the brutal laws of society, I had learned how to cause trouble. I leaned over her and carefully tucked the portrait into one of the folds of her dress. She moved again, and I ran away.\n\nFor a few days, I kept returning to the place where these events happened, sometimes hoping to see you, sometimes determined to leave the world and its pain behind forever. Eventually, I headed toward these mountains and wandered through their vast, empty spaces, driven by a burning passion only you can satisfy. We won't part ways until you promise to meet my demand. I'm alone and miserable; no one wants to be around me. But someone as deformed and terrible as I am wouldn't turn me away. My partner must be from the same species and share my flaws. You're the only one who can create this being for me.'\n\nThe creature finished speaking and stared at me, waiting for my response. But I was confused, overwhelmed, and couldn't think clearly enough to grasp the full weight of his request. He went on,\n\n'You must create a female for me, someone I can live with and share the feelings I need to survive. Only you can do this, and I'm demanding it as a right you can't deny me.'\n\nThe second part of his story reignited the anger I had forgotten while he described his peaceful life with the cottagers, and when he said this, I could no longer hold back the rage inside me.\n\n'I refuse,' I said. 'No amount of pain will ever make me agree. You can make me the saddest person alive, but you'll never make me feel ashamed. Would you really create another like yourself, whose combined evil could destroy the world? Leave me alone! I've answered you; you can hurt me all you want, but I'll never say yes.'\n\n'You're wrong,' the creature replied. 'Instead of threatening me, I'm willing to talk things out with you. I'm cruel because I'm unhappy. Don't I get shunned and hated by everyone? You, my creator, would tear me apart and feel victorious. Remember that, and tell me why I should care about humans more than they care about me? You wouldn't call it murder if you threw me into one of those ice cracks and ended my life, which you made. Should I respect people who condemn me? Let them live with me in kindness, and I'd give them everything I could with tears of gratitude for accepting me. But that's impossible; human nature is an unbreakable wall between us. Still, I won't accept the submission of a slave. I'll take revenge for my suffering; if I can't inspire love, I'll inspire fear, especially toward you, my worst enemy, because you're my creator. I swear I'll never stop hating you. Be careful; I'll destroy you, and I won't stop until your heart is broken and you curse the day you were born.'\n\nA furious anger showed in his face as he said this; his expression twisted into something too awful to look at. But soon he calmed down and continued,\n\n'I meant to reason.'",2026-06-07T18:20:00Z
groq_qwen_32b_free|run_1|SHELLEY_FRANKENSTEIN_019|modernize|qc_repair_v1|json_canonicalized_no_text_change|attempt_1,groq_qwen_32b_free|run_1|SHELLEY_FRANKENSTEIN_019|modernize,qwen,groq_qwen_32b_free,qwen/qwen3-32b,SHELLEY_FRANKENSTEIN_019,modernize,json_canonicalized_no_text_change,qc_repair_v1,,warning,json_repaired_loose_rewritten_text,json_repaired_loose_rewritten_text,0.967857,542,bbdf0925d507d2b5208e5367a89a2f8f7b48c2b8546477a11dbea96890e09040,"Things had definitely changed for me. My health, which had been getting worse, was now much better, and my mood, when I wasn't weighed down by the memory of my unhappy promise, had lifted right along with it. My father noticed this and was pleased. He started thinking about the best way to get rid of the last traces of my sadness, which would sometimes come back in waves, dark and all-consuming, even when the sun was about to shine again. During those times, I would retreat into complete solitude. I would spend entire days alone on the lake in a small boat, watching the clouds and listening to the gentle lapping of the waves, feeling quiet and unmotivated. But the fresh air and bright sun usually helped me feel calmer, and when I came back, I greeted my friends with a more cheerful smile and a lighter heart.\n\nIt was after one of these outings that my father pulled me aside and spoke to me like this:\n\n“I’m glad to see, my dear son, that you’ve started enjoying the things you used to again and seem to be getting back to your old self. And yet, you still seem unhappy and avoid our company. For a while, I wasn’t sure why, but yesterday it hit me. If I’m right, I urge you to tell me. Keeping things to yourself on this issue would not only be pointless, but it would bring even more misery to all of us.”\n\nI shook badly at the start of his speech, and he went on:\n\n“I’ll admit, my son, that I’ve always imagined your marriage to our dear Elizabeth as the foundation of our family’s happiness and the support of my old age. You two have been close since childhood; you studied together and seemed perfectly matched in personality and interests. But human experience is so limited that what I thought would help bring things together might have actually torn it apart. Perhaps you see her as your sister, with no desire for her to become your wife. Or maybe you’ve met someone else you love, and the pressure of feeling honor-bound to Elizabeth is causing the deep pain you seem to be going through.”\n\n“My dear father, don’t worry. I love my cousin deeply and genuinely. I’ve never met a woman who inspires in me the kind of admiration and affection Elizabeth does. My future hopes and dreams are all tied to the idea of us being together.”\n\n“Hearing you speak like this, my dear Victor, brings me more joy than I’ve felt in a while. If you feel that way, we’ll surely be happy, even if current events cast a shadow over us. But it’s this shadow that seems to have taken such a strong hold on your mind that I want to lift. Tell me, then, if you have any objections to getting married right away. We’ve had bad luck, and recent events have disrupted the peace I need for my age and health. You’re younger, but I don’t think, with the fortune you have, that getting married early would interfere with any future plans you might have for honor and usefulness.”",560,pass,,json_ok,0.967857,542,bbdf0925d507d2b5208e5367a89a2f8f7b48c2b8546477a11dbea96890e09040,"Things had definitely changed for me. My health, which had been getting worse, was now much better, and my mood, when I wasn't weighed down by the memory of my unhappy promise, had lifted right along with it. My father noticed this and was pleased. He started thinking about the best way to get rid of the last traces of my sadness, which would sometimes come back in waves, dark and all-consuming, even when the sun was about to shine again. During those times, I would retreat into complete solitude. I would spend entire days alone on the lake in a small boat, watching the clouds and listening to the gentle lapping of the waves, feeling quiet and unmotivated. But the fresh air and bright sun usually helped me feel calmer, and when I came back, I greeted my friends with a more cheerful smile and a lighter heart.\n\nIt was after one of these outings that my father pulled me aside and spoke to me like this:\n\n“I’m glad to see, my dear son, that you’ve started enjoying the things you used to again and seem to be getting back to your old self. And yet, you still seem unhappy and avoid our company. For a while, I wasn’t sure why, but yesterday it hit me. If I’m right, I urge you to tell me. Keeping things to yourself on this issue would not only be pointless, but it would bring even more misery to all of us.”\n\nI shook badly at the start of his speech, and he went on:\n\n“I’ll admit, my son, that I’ve always imagined your marriage to our dear Elizabeth as the foundation of our family’s happiness and the support of my old age. You two have been close since childhood; you studied together and seemed perfectly matched in personality and interests. But human experience is so limited that what I thought would help bring things together might have actually torn it apart. Perhaps you see her as your sister, with no desire for her to become your wife. Or maybe you’ve met someone else you love, and the pressure of feeling honor-bound to Elizabeth is causing the deep pain you seem to be going through.”\n\n“My dear father, don’t worry. I love my cousin deeply and genuinely. I’ve never met a woman who inspires in me the kind of admiration and affection Elizabeth does. My future hopes and dreams are all tied to the idea of us being together.”\n\n“Hearing you speak like this, my dear Victor, brings me more joy than I’ve felt in a while. If you feel that way, we’ll surely be happy, even if current events cast a shadow over us. But it’s this shadow that seems to have taken such a strong hold on your mind that I want to lift. Tell me, then, if you have any objections to getting married right away. We’ve had bad luck, and recent events have disrupted the peace I need for my age and health. You’re younger, but I don’t think, with the fortune you have, that getting married early would interfere with any future plans you might have for honor and usefulness.”",2026-06-07T18:20:00Z
groq_qwen_32b_free|run_1|SHELLEY_FRANKENSTEIN_019|simplify|qc_repair_v1|json_canonicalized_no_text_change|attempt_1,groq_qwen_32b_free|run_1|SHELLEY_FRANKENSTEIN_019|simplify,qwen,groq_qwen_32b_free,qwen/qwen3-32b,SHELLEY_FRANKENSTEIN_019,simplify,json_canonicalized_no_text_change,qc_repair_v1,,warning,json_repaired_loose_rewritten_text,json_repaired_loose_rewritten_text,0.921429,516,2fa682d55963b4b9fb250669cda613c6d1658ffae23cdc74a1cb3d9b5618ffd2,"Something had changed in me; my health, which had been getting worse, was now much better. My mood, when I wasn't thinking about my unhappy promise, was also improving. My father was happy to see this and thought about the best way to help me get rid of the remaining sadness that sometimes came back in waves, dark and heavy, like a storm cloud blocking the sunshine. During these times, I would go to be alone. I would spend whole days on the lake in a small boat, watching the clouds and listening to the waves, quiet and without energy. But the fresh air and bright sun usually helped me feel better, and when I came back, I greeted my friends with a smile and a lighter heart.\n\nIt was after one of these trips that my father, calling me aside, spoke to me like this:\n\n“I’m glad to see, my dear son, that you’re starting to enjoy things again and seem to be getting back to your old self. And yet, you’re still unhappy and still avoiding us. For a while, I wasn’t sure why, but yesterday I had an idea, and if it’s right, I beg you to tell me. Keeping things to yourself on this matter would not only be pointless, but it would bring even more sadness to us all.”\n\nI shook badly at the start of his speech, and my father continued:\n\n“I admit, my son, that I’ve always seen your marriage to our dear Elizabeth as the foundation of our home and the support of my old age. You two have been close since childhood; you studied together, and your personalities and interests seemed perfectly matched. But human understanding is so limited that what I thought would help my plan might have ruined it. You might see her as your sister, with no desire for her to become your wife. Or perhaps you’ve met someone else you love; and because you feel honor-bound to Elizabeth, this conflict might be the cause of your deep sadness.”\n\n“My dear father, please don’t worry. I love my cousin deeply and truly. I’ve never seen a woman who inspires in me the same admiration and affection as Elizabeth does. My future hopes and plans are all tied to the expectation of our marriage.”\n\n“Hearing your feelings on this matter, my dear Victor, brings me more joy than I’ve felt in a long time. If you feel this way, we will surely be happy, even though recent events have cast a shadow over us. But it is this shadow that seems to have taken such a strong hold on your mind that I want to clear away. Tell me, then, whether you object to getting married right away. We’ve been unlucky, and recent events have disturbed the peace I need for my age and health. You are younger; yet I don’t think, with the fortune you have, that getting married early would interfere with any future plans you might have made for honor and usefulness.”",560,pass,,json_ok,0.921429,516,2fa682d55963b4b9fb250669cda613c6d1658ffae23cdc74a1cb3d9b5618ffd2,"Something had changed in me; my health, which had been getting worse, was now much better. My mood, when I wasn't thinking about my unhappy promise, was also improving. My father was happy to see this and thought about the best way to help me get rid of the remaining sadness that sometimes came back in waves, dark and heavy, like a storm cloud blocking the sunshine. During these times, I would go to be alone. I would spend whole days on the lake in a small boat, watching the clouds and listening to the waves, quiet and without energy. But the fresh air and bright sun usually helped me feel better, and when I came back, I greeted my friends with a smile and a lighter heart.\n\nIt was after one of these trips that my father, calling me aside, spoke to me like this:\n\n“I’m glad to see, my dear son, that you’re starting to enjoy things again and seem to be getting back to your old self. And yet, you’re still unhappy and still avoiding us. For a while, I wasn’t sure why, but yesterday I had an idea, and if it’s right, I beg you to tell me. Keeping things to yourself on this matter would not only be pointless, but it would bring even more sadness to us all.”\n\nI shook badly at the start of his speech, and my father continued:\n\n“I admit, my son, that I’ve always seen your marriage to our dear Elizabeth as the foundation of our home and the support of my old age. You two have been close since childhood; you studied together, and your personalities and interests seemed perfectly matched. But human understanding is so limited that what I thought would help my plan might have ruined it. You might see her as your sister, with no desire for her to become your wife. Or perhaps you’ve met someone else you love; and because you feel honor-bound to Elizabeth, this conflict might be the cause of your deep sadness.”\n\n“My dear father, please don’t worry. I love my cousin deeply and truly. I’ve never seen a woman who inspires in me the same admiration and affection as Elizabeth does. My future hopes and plans are all tied to the expectation of our marriage.”\n\n“Hearing your feelings on this matter, my dear Victor, brings me more joy than I’ve felt in a long time. If you feel this way, we will surely be happy, even though recent events have cast a shadow over us. But it is this shadow that seems to have taken such a strong hold on your mind that I want to clear away. Tell me, then, whether you object to getting married right away. We’ve been unlucky, and recent events have disturbed the peace I need for my age and health. You are younger; yet I don’t think, with the fortune you have, that getting married early would interfere with any future plans you might have made for honor and usefulness.”",2026-06-07T18:20:00Z
groq_qwen_32b_free|run_1|TWAIN_HUCKLEBERRY_FINN_005|simplify|qc_repair_v1|json_canonicalized_no_text_change|attempt_1,groq_qwen_32b_free|run_1|TWAIN_HUCKLEBERRY_FINN_005|simplify,qwen,groq_qwen_32b_free,qwen/qwen3-32b,TWAIN_HUCKLEBERRY_FINN_005,simplify,json_canonicalized_no_text_change,qc_repair_v1,,warning,json_repaired_loose_rewritten_text,json_repaired_loose_rewritten_text,1.007143,564,a6849bc45d9acec672e5edb96daca6a5e7a7e9f99eae8615cb481f85cb33518f,"I thought I could land almost anywhere, but I couldn’t—the bank was too steep. I got to the bottom of the island before I found a good spot. I went into the woods and decided I wouldn’t fool around with rafts anymore, as long as they kept moving the lantern around. I had my pipe, some tobacco, and matches in my cap, and they weren’t wet, so I was all set.\n\n“And you haven’t had any meat or bread to eat all this time? Why didn’t you get mud-turtles?”\n\n“How would you catch them? You can’t sneak up on them and grab them, and how would you hit them with a rock? How could you do it at night? And I wasn’t going to show myself on the bank during the day.”\n\n“Well, that’s true. You had to stay in the woods all the time, of course. Did you hear them shooting the cannon?”\n\n“Oh, yes. I knew they were after you. I saw them go by here—watched them through the bushes.\n\nSome young birds flew along, flying a yard or two at a time and landing. Jim said it was a sign it was going to rain. He said it was a sign when young chickens flew that way, and so he thought it was the same when young birds did it. I wanted to catch some of them, but Jim wouldn’t let me. He said it was death. He said his father got very sick once, and someone caught a bird, and his grandmother said his father would die, and he did.\n\nAnd Jim said you shouldn’t count the things you are going to cook for dinner, because that would bring bad luck. The same if you shook the tablecloth after sunset. And he said if a man owned a beehive and that man died, the bees must be told about it before sunrise the next morning, or else the bees would weaken and stop working and die. Jim said bees wouldn’t sting fools; but I didn’t believe that, because I had tried them many times myself, and they wouldn’t sting me.\n\nI had heard about some of these things before, but not all of them. Jim knew all kinds of signs. He said he knew most everything. I said it looked to me like all the signs were about bad luck, and so I asked him if there weren’t any good-luck signs. He said:\n\n“Very few—and they aren’t any use to a person. What would you want to know when good luck’s coming for? Want to keep it away?” And he said: “If you have hairy arms and a hairy chest, it’s a sign you’re going to be rich. Well, there’s some use in a sign like that, because it’s so far ahead. You see, maybe you have to be poor a long time first, and so you might get discouraged and kill yourself if you didn’t know by the sign that you’re going to be rich someday.”\n\n“Do you have hairy arms and a hairy chest, Jim?”\n\n“What’s the use of asking that question? Don’t you see I do?”\n\n“Well, are you rich?”\n\n“No, but I was rich once, and I’m going to be rich again.”",560,pass,,json_ok,1.007143,564,a6849bc45d9acec672e5edb96daca6a5e7a7e9f99eae8615cb481f85cb33518f,"I thought I could land almost anywhere, but I couldn’t—the bank was too steep. I got to the bottom of the island before I found a good spot. I went into the woods and decided I wouldn’t fool around with rafts anymore, as long as they kept moving the lantern around. I had my pipe, some tobacco, and matches in my cap, and they weren’t wet, so I was all set.\n\n“And you haven’t had any meat or bread to eat all this time? Why didn’t you get mud-turtles?”\n\n“How would you catch them? You can’t sneak up on them and grab them, and how would you hit them with a rock? How could you do it at night? And I wasn’t going to show myself on the bank during the day.”\n\n“Well, that’s true. You had to stay in the woods all the time, of course. Did you hear them shooting the cannon?”\n\n“Oh, yes. I knew they were after you. I saw them go by here—watched them through the bushes.\n\nSome young birds flew along, flying a yard or two at a time and landing. Jim said it was a sign it was going to rain. He said it was a sign when young chickens flew that way, and so he thought it was the same when young birds did it. I wanted to catch some of them, but Jim wouldn’t let me. He said it was death. He said his father got very sick once, and someone caught a bird, and his grandmother said his father would die, and he did.\n\nAnd Jim said you shouldn’t count the things you are going to cook for dinner, because that would bring bad luck. The same if you shook the tablecloth after sunset. And he said if a man owned a beehive and that man died, the bees must be told about it before sunrise the next morning, or else the bees would weaken and stop working and die. Jim said bees wouldn’t sting fools; but I didn’t believe that, because I had tried them many times myself, and they wouldn’t sting me.\n\nI had heard about some of these things before, but not all of them. Jim knew all kinds of signs. He said he knew most everything. I said it looked to me like all the signs were about bad luck, and so I asked him if there weren’t any good-luck signs. He said:\n\n“Very few—and they aren’t any use to a person. What would you want to know when good luck’s coming for? Want to keep it away?” And he said: “If you have hairy arms and a hairy chest, it’s a sign you’re going to be rich. Well, there’s some use in a sign like that, because it’s so far ahead. You see, maybe you have to be poor a long time first, and so you might get discouraged and kill yourself if you didn’t know by the sign that you’re going to be rich someday.”\n\n“Do you have hairy arms and a hairy chest, Jim?”\n\n“What’s the use of asking that question? Don’t you see I do?”\n\n“Well, are you rich?”\n\n“No, but I was rich once, and I’m going to be rich again.”",2026-06-07T18:20:00Z
groq_qwen_32b_free|run_1|TWAIN_HUCKLEBERRY_FINN_007|modernize|qc_repair_v1|json_canonicalized_no_text_change|attempt_1,groq_qwen_32b_free|run_1|TWAIN_HUCKLEBERRY_FINN_007|modernize,qwen,groq_qwen_32b_free,qwen/qwen3-32b,TWAIN_HUCKLEBERRY_FINN_007,modernize,json_canonicalized_no_text_change,qc_repair_v1,,warning,json_repaired_loose_rewritten_text,json_repaired_loose_rewritten_text,0.966011,540,d3be1d75865c70eab2b218bf079b2d301b4b204c824c1b250c40b1acd60007dd,"Every night now, I used to sneak onto land around ten o'clock at some small town and buy ten to fifteen cents worth of flour, bacon, or other food to eat. Sometimes I'd grab a chicken that wasn't roosting comfortably and take it with me. Pap always said to take a chicken when you had the chance because if you didn't want it yourself, you could always find someone who did, and doing a good deed was never forgotten. I never saw Pap when he didn't want the chicken himself, but that's what he used to say anyway.\n\nIn the mornings before daylight, I'd sneak into cornfields and borrow a watermelon, a mushmelon, a pumpkin, or some fresh corn or similar stuff. Pap always said it wasn't wrong to borrow things if you planned to pay them back eventually; but the widow said it was just a fancy name for stealing, and no decent person would do it. Jim said he thought the widow was partly right and Pap was partly right; so the best way would be for us to pick out two or three things from the list and decide not to borrow them anymore—then he figured it wouldn't be wrong to borrow the others. So we talked it over one night, drifting down the river, trying to decide whether to give up watermelons, cantaloupes, mushmelons, or something else. But by daylight we had it all settled and decided to drop crabapples and persimmons. We hadn't felt right before that, but now everything was comfortable. I was glad the way it turned out too, because crabapples are never good, and persimmons wouldn't be ripe for two or three months yet.\n\nWe shot a waterfowl now and then that got up too early in the morning or stayed out too late at night. All things considered, we lived pretty well.\n\nOn the fifth night below St. Louis, we had a big storm after midnight, with a lot of thunder and lightning, and the rain poured down in a solid sheet. We stayed in the wigwam and let the raft take care of itself. When the lightning flashed, we could see a big straight river ahead and high, rocky bluffs on both sides. After a while, I said, 'Hey, Jim, look over there!' It was a steamboat that had crashed into a rock. We were drifting straight toward it. The lightning showed it clearly. It was leaning over, with part of its upper deck above water, and you could see every little chimney guy clean and clear, and a chair by the big bell, with an old slouch hat hanging on the back of it when the flashes came.\n\nWell, it being late at night and stormy, and everything so mysterious, I felt just the way any other kid would have felt when I saw that wreck lying there so sad and lonely in the middle of the river. I wanted to get aboard and sneak around a bit, to see what was there. So I said:\n\n'Let's land on it, Jim.'\n\nBut Jim was against it at first. He said:\n\n'I don't want to go fooling around with no wreck.'",559,pass,,json_ok,0.966011,540,d3be1d75865c70eab2b218bf079b2d301b4b204c824c1b250c40b1acd60007dd,"Every night now, I used to sneak onto land around ten o'clock at some small town and buy ten to fifteen cents worth of flour, bacon, or other food to eat. Sometimes I'd grab a chicken that wasn't roosting comfortably and take it with me. Pap always said to take a chicken when you had the chance because if you didn't want it yourself, you could always find someone who did, and doing a good deed was never forgotten. I never saw Pap when he didn't want the chicken himself, but that's what he used to say anyway.\n\nIn the mornings before daylight, I'd sneak into cornfields and borrow a watermelon, a mushmelon, a pumpkin, or some fresh corn or similar stuff. Pap always said it wasn't wrong to borrow things if you planned to pay them back eventually; but the widow said it was just a fancy name for stealing, and no decent person would do it. Jim said he thought the widow was partly right and Pap was partly right; so the best way would be for us to pick out two or three things from the list and decide not to borrow them anymore—then he figured it wouldn't be wrong to borrow the others. So we talked it over one night, drifting down the river, trying to decide whether to give up watermelons, cantaloupes, mushmelons, or something else. But by daylight we had it all settled and decided to drop crabapples and persimmons. We hadn't felt right before that, but now everything was comfortable. I was glad the way it turned out too, because crabapples are never good, and persimmons wouldn't be ripe for two or three months yet.\n\nWe shot a waterfowl now and then that got up too early in the morning or stayed out too late at night. All things considered, we lived pretty well.\n\nOn the fifth night below St. Louis, we had a big storm after midnight, with a lot of thunder and lightning, and the rain poured down in a solid sheet. We stayed in the wigwam and let the raft take care of itself. When the lightning flashed, we could see a big straight river ahead and high, rocky bluffs on both sides. After a while, I said, 'Hey, Jim, look over there!' It was a steamboat that had crashed into a rock. We were drifting straight toward it. The lightning showed it clearly. It was leaning over, with part of its upper deck above water, and you could see every little chimney guy clean and clear, and a chair by the big bell, with an old slouch hat hanging on the back of it when the flashes came.\n\nWell, it being late at night and stormy, and everything so mysterious, I felt just the way any other kid would have felt when I saw that wreck lying there so sad and lonely in the middle of the river. I wanted to get aboard and sneak around a bit, to see what was there. So I said:\n\n'Let's land on it, Jim.'\n\nBut Jim was against it at first. He said:\n\n'I don't want to go fooling around with no wreck.'",2026-06-07T18:20:00Z
groq_qwen_32b_free|run_1|TWAIN_HUCKLEBERRY_FINN_007|simplify|qc_repair_v1|json_canonicalized_no_text_change|attempt_1,groq_qwen_32b_free|run_1|TWAIN_HUCKLEBERRY_FINN_007|simplify,qwen,groq_qwen_32b_free,qwen/qwen3-32b,TWAIN_HUCKLEBERRY_FINN_007,simplify,json_canonicalized_no_text_change,qc_repair_v1,,warning,json_repaired_loose_rewritten_text,json_repaired_loose_rewritten_text,0.949911,531,f701b28faaa19f6f4819ac8503315f0d490d702a35fcc3d297822c066919fbdc,"Every night, I would go ashore around ten o'clock at a small village and buy ten to fifteen cents worth of meal, bacon, or other food. Sometimes I would take a chicken that wasn't roosting comfortably and bring it with me. Pap always said to take a chicken when you could, because if you didn't want it yourself, you could always find someone who did, and doing a good deed is never forgotten. I never saw Pap who didn't want the chicken himself, but that's what he used to say anyway.\n\nIn the mornings before daylight, I would sneak into cornfields and take a watermelon, a mushmelon, a pumpkin, or some new corn. Pap always said it wasn't bad to borrow things if you planned to pay them back later. But the widow said it was just a soft name for stealing, and no decent person would do it. Jim said he thought the widow was partly right and Pap was partly right. So the best way would be for us to pick out two or three things from the list and say we wouldn't borrow them anymore. Then he thought it wouldn't be bad to borrow the others. So we talked it over all one night, drifting along down the river, trying to decide whether to stop taking watermelons, cantaloupes, mushmelons, or something else. But by daylight we had it all settled and decided to stop taking crabapples and persimmons. We didn't feel right before that, but now it was all comfortable. I was glad the way it turned out, too, because crabapples are never good, and the persimmons wouldn't be ripe for two or three months yet.\n\nWe shot a waterfowl now and then that got up too early in the morning or didn't go to bed early enough in the evening. All in all, we lived pretty well.\n\nOn the fifth night below St. Louis, we had a big storm after midnight with a lot of thunder and lightning, and the rain poured down in a solid sheet. We stayed in the wigwam and let the raft take care of itself. When the lightning flashed, we could see a big straight river ahead and high, rocky bluffs on both sides. I said, 'Hello, Jim, look there!' It was a steamboat that had crashed into a rock. We were drifting straight toward it. The lightning showed it clearly. It was leaning over, with part of its upper deck above water, and you could see every little chimney clearly, and a chair by the big bell, with an old slouch hat hanging on the back of it, when the flashes came.\n\nWell, it being late at night and stormy, and all so mysterious, I felt just the way any other boy would have felt when I saw that wreck lying there so sad and lonely in the middle of the river. I wanted to get aboard and sneak around a bit to see what was there. So I said:\n\n'Let's land on her, Jim.'\n\nBut Jim was against it at first. He said:\n\n'I don't want to fool around with no wreck.'",559,pass,,json_ok,0.949911,531,f701b28faaa19f6f4819ac8503315f0d490d702a35fcc3d297822c066919fbdc,"Every night, I would go ashore around ten o'clock at a small village and buy ten to fifteen cents worth of meal, bacon, or other food. Sometimes I would take a chicken that wasn't roosting comfortably and bring it with me. Pap always said to take a chicken when you could, because if you didn't want it yourself, you could always find someone who did, and doing a good deed is never forgotten. I never saw Pap who didn't want the chicken himself, but that's what he used to say anyway.\n\nIn the mornings before daylight, I would sneak into cornfields and take a watermelon, a mushmelon, a pumpkin, or some new corn. Pap always said it wasn't bad to borrow things if you planned to pay them back later. But the widow said it was just a soft name for stealing, and no decent person would do it. Jim said he thought the widow was partly right and Pap was partly right. So the best way would be for us to pick out two or three things from the list and say we wouldn't borrow them anymore. Then he thought it wouldn't be bad to borrow the others. So we talked it over all one night, drifting along down the river, trying to decide whether to stop taking watermelons, cantaloupes, mushmelons, or something else. But by daylight we had it all settled and decided to stop taking crabapples and persimmons. We didn't feel right before that, but now it was all comfortable. I was glad the way it turned out, too, because crabapples are never good, and the persimmons wouldn't be ripe for two or three months yet.\n\nWe shot a waterfowl now and then that got up too early in the morning or didn't go to bed early enough in the evening. All in all, we lived pretty well.\n\nOn the fifth night below St. Louis, we had a big storm after midnight with a lot of thunder and lightning, and the rain poured down in a solid sheet. We stayed in the wigwam and let the raft take care of itself. When the lightning flashed, we could see a big straight river ahead and high, rocky bluffs on both sides. I said, 'Hello, Jim, look there!' It was a steamboat that had crashed into a rock. We were drifting straight toward it. The lightning showed it clearly. It was leaning over, with part of its upper deck above water, and you could see every little chimney clearly, and a chair by the big bell, with an old slouch hat hanging on the back of it, when the flashes came.\n\nWell, it being late at night and stormy, and all so mysterious, I felt just the way any other boy would have felt when I saw that wreck lying there so sad and lonely in the middle of the river. I wanted to get aboard and sneak around a bit to see what was there. So I said:\n\n'Let's land on her, Jim.'\n\nBut Jim was against it at first. He said:\n\n'I don't want to fool around with no wreck.'",2026-06-07T18:20:00Z
groq_qwen_32b_free|run_1|TWAIN_HUCKLEBERRY_FINN_009|modernize|qc_repair_v1|json_canonicalized_no_text_change|attempt_1,groq_qwen_32b_free|run_1|TWAIN_HUCKLEBERRY_FINN_009|modernize,qwen,groq_qwen_32b_free,qwen/qwen3-32b,TWAIN_HUCKLEBERRY_FINN_009,modernize,json_canonicalized_no_text_change,qc_repair_v1,,warning,json_repaired_loose_rewritten_text,json_repaired_loose_rewritten_text,1.021314,575,0995114a54673b337f8b7b28bee9d0fa21850ad661344f7929e773fd18a6640b,"“I am, am I? Well, you answer me this: Didn’t you bring out the line in the canoe to get to the tow-head?”\n\n“No, I didn’t. What tow-head? I haven’t seen any tow-head.”\n\n“You haven’t seen a tow-head? Look here, didn’t the line come loose and the raft start heading down the river, leaving you and the canoe behind in the fog?”\n\n“What fog?”\n\n“Well, the fog—the fog that’s been around all night. And didn’t you yell, and didn’t I yell, until we got mixed up in the islands and one of us got lost and the other was just as good as lost, because he didn’t know where he was? And didn’t I crash into a bunch of those islands and have a terrible time and almost drown? Now isn’t that true, boss—isn’t it true? You answer me that.”\n\n“Well, this is too much for me, Jim. I haven’t seen no fog, nor no islands, nor no trouble, nor nothing. I’ve been sitting here talking with you all night till you went to sleep about ten minutes ago, and I reckon I did the same. You couldn’t have gotten drunk in that time, so of course you’ve been dreaming.”\n\n“Dang it, how am I supposed to dream all that in ten minutes?”\n\n“Well, hang it all, you did dream it, because none of it happened.”\n\n“But, Huck, it’s all just as clear to me as—”\n\n“It doesn’t make no difference how clear it is; there ain’t nothing to it. I know, because I’ve been here all the time.”\n\nJim didn’t say anything for about five minutes, just sat there thinking it over. Then he said:\n\n“Well, then, I reckon I did dream it, Huck; but dog my cats if it ain’t the strongest dream I ever had. And I haven’t ever had no dream before that’s tired me like this one.”\n\n“Oh, well, that’s all right, because a dream does tire a body like everything sometimes. But this one was a stunner; tell me all about it, Jim.”\n\nSo Jim started in and told me the whole thing through, just as it happened, only he added a lot of extra details. Then he said he had to start interpreting it, because it was sent as a warning. He said the first tow-head stood for a man that would try to do us some good, but the current was another man that would get us away from him. The yells were warnings that would come to us every now and then, and if we didn’t try hard to understand them, they’d just lead us into bad luck instead of keeping us out of it. The bunch of tow-heads was trouble we were going to get into with quarrelsome people and all kinds of mean folks, but if we minded our business and didn’t argue back and aggravate them, we would pull through and get out of the fog and into the big clear river, which was the free States, and wouldn’t have no more trouble.\n\nIt had gotten pretty dark just after I got on the raft, but it was clearing up again now.\n\n“Oh, well, that’s all interpreted well enough as far as it goes, Jim,” I said; “but what do these things stand for?”",563,pass,,json_ok,1.021314,575,0995114a54673b337f8b7b28bee9d0fa21850ad661344f7929e773fd18a6640b,"“I am, am I? Well, you answer me this: Didn’t you bring out the line in the canoe to get to the tow-head?”\n\n“No, I didn’t. What tow-head? I haven’t seen any tow-head.”\n\n“You haven’t seen a tow-head? Look here, didn’t the line come loose and the raft start heading down the river, leaving you and the canoe behind in the fog?”\n\n“What fog?”\n\n“Well, the fog—the fog that’s been around all night. And didn’t you yell, and didn’t I yell, until we got mixed up in the islands and one of us got lost and the other was just as good as lost, because he didn’t know where he was? And didn’t I crash into a bunch of those islands and have a terrible time and almost drown? Now isn’t that true, boss—isn’t it true? You answer me that.”\n\n“Well, this is too much for me, Jim. I haven’t seen no fog, nor no islands, nor no trouble, nor nothing. I’ve been sitting here talking with you all night till you went to sleep about ten minutes ago, and I reckon I did the same. You couldn’t have gotten drunk in that time, so of course you’ve been dreaming.”\n\n“Dang it, how am I supposed to dream all that in ten minutes?”\n\n“Well, hang it all, you did dream it, because none of it happened.”\n\n“But, Huck, it’s all just as clear to me as—”\n\n“It doesn’t make no difference how clear it is; there ain’t nothing to it. I know, because I’ve been here all the time.”\n\nJim didn’t say anything for about five minutes, just sat there thinking it over. Then he said:\n\n“Well, then, I reckon I did dream it, Huck; but dog my cats if it ain’t the strongest dream I ever had. And I haven’t ever had no dream before that’s tired me like this one.”\n\n“Oh, well, that’s all right, because a dream does tire a body like everything sometimes. But this one was a stunner; tell me all about it, Jim.”\n\nSo Jim started in and told me the whole thing through, just as it happened, only he added a lot of extra details. Then he said he had to start interpreting it, because it was sent as a warning. He said the first tow-head stood for a man that would try to do us some good, but the current was another man that would get us away from him. The yells were warnings that would come to us every now and then, and if we didn’t try hard to understand them, they’d just lead us into bad luck instead of keeping us out of it. The bunch of tow-heads was trouble we were going to get into with quarrelsome people and all kinds of mean folks, but if we minded our business and didn’t argue back and aggravate them, we would pull through and get out of the fog and into the big clear river, which was the free States, and wouldn’t have no more trouble.\n\nIt had gotten pretty dark just after I got on the raft, but it was clearing up again now.\n\n“Oh, well, that’s all interpreted well enough as far as it goes, Jim,” I said; “but what do these things stand for?”",2026-06-07T18:20:00Z
groq_qwen_32b_free|run_1|TWAIN_HUCKLEBERRY_FINN_015|paraphrase|qc_repair_v1|json_canonicalized_no_text_change|attempt_1,groq_qwen_32b_free|run_1|TWAIN_HUCKLEBERRY_FINN_015|paraphrase,qwen,groq_qwen_32b_free,qwen/qwen3-32b,TWAIN_HUCKLEBERRY_FINN_015,paraphrase,json_canonicalized_no_text_change,qc_repair_v1,,warning,json_repaired_loose_rewritten_text,json_repaired_loose_rewritten_text,1.019964,562,9ffa240dae0b155832496f95ebf6c0fcc712739b3ec96146c57528448630f062,"The residents had already left some of them. The bank had collapsed under one corner of others, and that corner was about to fall in. People still lived in those houses, but it was risky, because sometimes a strip of land as wide as a house would collapse at once. Sometimes a stretch of land a quarter-mile deep would begin to cave in and keep going until it all tumbled into the river in a single summer. A town like that had to keep moving back and back and back, because the river was always wearing it away.\n\nThe closer it got to noon that day, the more wagons and horses filled the streets, and more kept coming all the time. Country folks brought their lunches and ate them in the wagons. There was a fair amount of drinking going on, and I saw three fights. Then someone shouted out:\n\n“Here comes old Boggs!—he’s in town for his monthly little spree; here he comes, boys!”\n\nAll the idlers looked pleased; I figured they were used to getting amusement from Boggs. One of them said:\n\n“Wonder who he’s going to chew out this time. If he’d chewed out all the men he’s been going to chew out in the last twenty years, he’d have quite a reputation now.”\n\nAnother one said, “I wish old Boggs would threaten me, ’cause then I’d know I wasn’t going to die for a thousand years.”\n\nBoggs came tearing along on his horse, whooping and yelling like an Indian, and shouting:\n\n“Clear the track, there. I’m on the war-path, and the price of coffins is going to rise.”\n\nHe was drunk and swaying in his saddle; he was over fifty years old, and had a very red face. Everyone yelled at him and laughed at him and teased him, and he teased back, and said he’d take care of them and lay them out in their turn, but he couldn’t wait now because he’d come to town to kill old Colonel Sherburn, and his motto was, “Meat first, and spoon vittles to top off on.”\n\nHe saw me, and rode up and said:\n\n“Where’d you come from, boy? You ready to die?”\n\nThen he rode on. I was scared, but a man said:\n\n“He don’t mean nothing; he’s always carrying on like that when he’s drunk. He’s the best-natured old fool in Arkansas—never hurt nobody, drunk or sober.”\n\nBoggs rode up in front of the biggest store in town, and bent his head down so he could see under the curtain of the awning and yelled:\n\n“Come out here, Sherburn! Come out and meet the man you’ve swindled. You’re the hound I’m after, and I’m going to get you, too!”\n\nAnd so he went on, calling Sherburn every name he could think of, and the whole street packed with people listening and laughing and carrying on. By-and-by a proud-looking man about fifty-five—and he was the best-dressed man in that town, too—stepped out of the store, and the crowd dropped back on each side to let him come. He said to Boggs, very calm and slow—he said:\n\n“I’m tired of this, but I’ll put up with it till one o’clock.”",551,pass,,json_ok,1.019964,562,9ffa240dae0b155832496f95ebf6c0fcc712739b3ec96146c57528448630f062,"The residents had already left some of them. The bank had collapsed under one corner of others, and that corner was about to fall in. People still lived in those houses, but it was risky, because sometimes a strip of land as wide as a house would collapse at once. Sometimes a stretch of land a quarter-mile deep would begin to cave in and keep going until it all tumbled into the river in a single summer. A town like that had to keep moving back and back and back, because the river was always wearing it away.\n\nThe closer it got to noon that day, the more wagons and horses filled the streets, and more kept coming all the time. Country folks brought their lunches and ate them in the wagons. There was a fair amount of drinking going on, and I saw three fights. Then someone shouted out:\n\n“Here comes old Boggs!—he’s in town for his monthly little spree; here he comes, boys!”\n\nAll the idlers looked pleased; I figured they were used to getting amusement from Boggs. One of them said:\n\n“Wonder who he’s going to chew out this time. If he’d chewed out all the men he’s been going to chew out in the last twenty years, he’d have quite a reputation now.”\n\nAnother one said, “I wish old Boggs would threaten me, ’cause then I’d know I wasn’t going to die for a thousand years.”\n\nBoggs came tearing along on his horse, whooping and yelling like an Indian, and shouting:\n\n“Clear the track, there. I’m on the war-path, and the price of coffins is going to rise.”\n\nHe was drunk and swaying in his saddle; he was over fifty years old, and had a very red face. Everyone yelled at him and laughed at him and teased him, and he teased back, and said he’d take care of them and lay them out in their turn, but he couldn’t wait now because he’d come to town to kill old Colonel Sherburn, and his motto was, “Meat first, and spoon vittles to top off on.”\n\nHe saw me, and rode up and said:\n\n“Where’d you come from, boy? You ready to die?”\n\nThen he rode on. I was scared, but a man said:\n\n“He don’t mean nothing; he’s always carrying on like that when he’s drunk. He’s the best-natured old fool in Arkansas—never hurt nobody, drunk or sober.”\n\nBoggs rode up in front of the biggest store in town, and bent his head down so he could see under the curtain of the awning and yelled:\n\n“Come out here, Sherburn! Come out and meet the man you’ve swindled. You’re the hound I’m after, and I’m going to get you, too!”\n\nAnd so he went on, calling Sherburn every name he could think of, and the whole street packed with people listening and laughing and carrying on. By-and-by a proud-looking man about fifty-five—and he was the best-dressed man in that town, too—stepped out of the store, and the crowd dropped back on each side to let him come. He said to Boggs, very calm and slow—he said:\n\n“I’m tired of this, but I’ll put up with it till one o’clock.”",2026-06-07T18:20:00Z
groq_qwen_32b_free|run_1|TWAIN_HUCKLEBERRY_FINN_015|simplify|qc_repair_v1|json_canonicalized_no_text_change|attempt_1,groq_qwen_32b_free|run_1|TWAIN_HUCKLEBERRY_FINN_015|simplify,qwen,groq_qwen_32b_free,qwen/qwen3-32b,TWAIN_HUCKLEBERRY_FINN_015,simplify,json_canonicalized_no_text_change,qc_repair_v1,,warning,json_repaired_loose_rewritten_text,json_repaired_loose_rewritten_text,1.014519,559,95d60f26894191e35a831d59c42872be11cf2e688777052e92c035813f1d4fb6,"The people had already left some of the houses. The riverbank had collapsed under one corner of some others, and that corner was hanging over. People still lived in those houses, but it was dangerous because sometimes a strip of land as wide as a house would cave in at once. Sometimes a belt of land a quarter of a mile deep would start to cave in and keep caving in until it all fell into the river in one summer. A town like that has to keep moving back and back because the river is always eating away at it.\n\nThe closer it got to noon that day, the more wagons and horses filled the streets, and more kept coming. Families brought their lunches from the country and ate them in their wagons. There was a lot of drinking going on, and I saw three fights. Then someone shouted:\n\n“Here comes old Boggs!—he’s in town for his monthly drinking spree; here he comes, boys!”\n\nAll the loafers looked happy; I guessed they were used to having fun with Boggs. One of them said:\n\n“I wonder who he’s going to yell at this time. If he had yelled at all the men he’s been going to yell at in the last twenty years, he’d be pretty famous by now.”\n\nAnother said, “I wish old Boggs would threaten me, ’cause then I’d know I wasn’t going to die for a thousand years.”\n\nBoggs rode into town on his horse, whooping and yelling like an Indian, and shouting:\n\n“Clear the track, there. I’m on the war path, and the price of coffins is going to go up.”\n\nHe was drunk and swaying in his saddle; he was over fifty years old, and had a very red face. Everyone yelled at him and laughed at him, and he yelled back, saying he would take care of them and beat them one at a time, but he couldn’t wait now because he had come to town to kill old Colonel Sherburn, and his motto was, “Food first, and dessert to finish off on.”\n\nHe saw me and rode up and said:\n\n“Where’d you come from, boy? Are you ready to die?”\n\nThen he rode on. I was scared, but a man said:\n\n“He doesn’t mean anything; he’s always acting like this when he’s drunk. He’s the nicest old fool in Arkansas—never hurt anyone, drunk or sober.”\n\nBoggs rode up to the biggest store in town, and bent his head down so he could see under the curtain of the awning and yelled:\n\n“Come out here, Sherburn! Come out and meet the man you’ve cheated. You’re the dog I’m after, and I’m going to get you, too!”\n\nAnd so he went on, calling Sherburn every name he could think of, and the whole street filled with people listening and laughing and carrying on. Soon a proud-looking man about fifty-five—and he was the best-dressed man in that town, too—stepped out of the store, and the crowd moved back on each side to let him come. He said to Boggs, very calm and slow—he said:\n\n“I’m tired of this, but I’ll put up with it till one o’clock.”",551,pass,,json_ok,1.014519,559,95d60f26894191e35a831d59c42872be11cf2e688777052e92c035813f1d4fb6,"The people had already left some of the houses. The riverbank had collapsed under one corner of some others, and that corner was hanging over. People still lived in those houses, but it was dangerous because sometimes a strip of land as wide as a house would cave in at once. Sometimes a belt of land a quarter of a mile deep would start to cave in and keep caving in until it all fell into the river in one summer. A town like that has to keep moving back and back because the river is always eating away at it.\n\nThe closer it got to noon that day, the more wagons and horses filled the streets, and more kept coming. Families brought their lunches from the country and ate them in their wagons. There was a lot of drinking going on, and I saw three fights. Then someone shouted:\n\n“Here comes old Boggs!—he’s in town for his monthly drinking spree; here he comes, boys!”\n\nAll the loafers looked happy; I guessed they were used to having fun with Boggs. One of them said:\n\n“I wonder who he’s going to yell at this time. If he had yelled at all the men he’s been going to yell at in the last twenty years, he’d be pretty famous by now.”\n\nAnother said, “I wish old Boggs would threaten me, ’cause then I’d know I wasn’t going to die for a thousand years.”\n\nBoggs rode into town on his horse, whooping and yelling like an Indian, and shouting:\n\n“Clear the track, there. I’m on the war path, and the price of coffins is going to go up.”\n\nHe was drunk and swaying in his saddle; he was over fifty years old, and had a very red face. Everyone yelled at him and laughed at him, and he yelled back, saying he would take care of them and beat them one at a time, but he couldn’t wait now because he had come to town to kill old Colonel Sherburn, and his motto was, “Food first, and dessert to finish off on.”\n\nHe saw me and rode up and said:\n\n“Where’d you come from, boy? Are you ready to die?”\n\nThen he rode on. I was scared, but a man said:\n\n“He doesn’t mean anything; he’s always acting like this when he’s drunk. He’s the nicest old fool in Arkansas—never hurt anyone, drunk or sober.”\n\nBoggs rode up to the biggest store in town, and bent his head down so he could see under the curtain of the awning and yelled:\n\n“Come out here, Sherburn! Come out and meet the man you’ve cheated. You’re the dog I’m after, and I’m going to get you, too!”\n\nAnd so he went on, calling Sherburn every name he could think of, and the whole street filled with people listening and laughing and carrying on. Soon a proud-looking man about fifty-five—and he was the best-dressed man in that town, too—stepped out of the store, and the crowd moved back on each side to let him come. He said to Boggs, very calm and slow—he said:\n\n“I’m tired of this, but I’ll put up with it till one o’clock.”",2026-06-07T18:20:00Z
groq_qwen_32b_free|run_1|TWAIN_HUCKLEBERRY_FINN_018|simplify|qc_repair_v1|json_canonicalized_no_text_change|attempt_1,groq_qwen_32b_free|run_1|TWAIN_HUCKLEBERRY_FINN_018|simplify,qwen,groq_qwen_32b_free,qwen/qwen3-32b,TWAIN_HUCKLEBERRY_FINN_018,simplify,json_canonicalized_no_text_change,qc_repair_v1,,warning,json_repaired_loose_rewritten_text,json_repaired_loose_rewritten_text,0.964727,547,d85b0395140ef9424389815abac6239b8ce346254adecc4c6b9c05b124aecd0b,"He kept walking around, talking a lot and enjoying the sound of his own voice. Every now and then, he brought up the topic of funeral ceremonies again. Eventually, the duke couldn’t take it anymore. He wrote on a small piece of paper, ‘_obsequies_, you old fool,’ folded it up, and passed it over people’s heads to him. The king read it, put it in his pocket, and said:\n\n“Poor William, who is troubled, has a good heart. He asked me to invite everyone to the funeral and to make them all feel welcome. But he didn’t need to worry—it was exactly what I was going to do anyway.”\n\nThen he continued walking calmly, bringing up the funeral ceremonies again every now and then, just like before. When he did it the third time, he said:\n\n“I say ‘orgies’ not because it’s the common term—it isn’t; ‘obsequies’ is the common term—but because ‘orgies’ is the right term. ‘Obsequies’ isn’t used in England anymore—it’s out of style. We say ‘orgies’ now in England. ‘Orgies’ is better because it means the thing you’re after more exactly. It’s a word made up from the Greek _orgo_, meaning outside, open, or abroad, and the Hebrew _jeesum_, meaning to plant or cover up; hence, in_ter_. So you see, funeral orgies is an open or public funeral.”\n\nHe was the worst I ever met. The iron-jawed man laughed right in his face. Everyone was shocked. They all said, “Why, doctor!” and Abner Shackleford said:\n\n“Why, Robinson, haven’t you heard the news? This is Harvey Wilks.”\n\nThe king smiled eagerly, reached out his hand, and said:\n\n“Is it my poor brother’s dear good friend and physician? I—”\n\n“Keep your hands off of me!” said the doctor. “Do you think you sound like an Englishman? It’s the worst imitation I’ve ever heard. Are you Peter Wilks’s brother? You’re a fraud, that’s what you are!”\n\nWell, how they all reacted! They crowded around the doctor, trying to calm him down and explain how Harvey had shown in forty ways that he really was Harvey, knew everyone by name, even the names of the dogs, and begged and begged him not to hurt Harvey’s feelings or the poor girl’s feelings. But it didn’t help; he kept yelling, saying any man who pretended to be an Englishman and couldn’t imitate the language better than that was a fraud and a liar. The poor girls were holding onto the king and crying; and all of a sudden, the doctor turned on them. He said:\n\n“I was your father’s friend, and I’m your friend. I warn you as a friend, and an honest one who wants to protect you and keep you out of harm and trouble, to turn your backs on that scoundrel and have nothing to do with him, the ignorant tramp, with his idiotic Greek and Hebrew, as he calls it. He is the thinnest kind of an impostor—he came here with a lot of empty names and facts which he picked up somewhere, and you take them for proofs, and are helped to fool yourselves by these foolish friends here, who ought to know better.”",567,pass,,json_ok,0.964727,547,d85b0395140ef9424389815abac6239b8ce346254adecc4c6b9c05b124aecd0b,"He kept walking around, talking a lot and enjoying the sound of his own voice. Every now and then, he brought up the topic of funeral ceremonies again. Eventually, the duke couldn’t take it anymore. He wrote on a small piece of paper, ‘_obsequies_, you old fool,’ folded it up, and passed it over people’s heads to him. The king read it, put it in his pocket, and said:\n\n“Poor William, who is troubled, has a good heart. He asked me to invite everyone to the funeral and to make them all feel welcome. But he didn’t need to worry—it was exactly what I was going to do anyway.”\n\nThen he continued walking calmly, bringing up the funeral ceremonies again every now and then, just like before. When he did it the third time, he said:\n\n“I say ‘orgies’ not because it’s the common term—it isn’t; ‘obsequies’ is the common term—but because ‘orgies’ is the right term. ‘Obsequies’ isn’t used in England anymore—it’s out of style. We say ‘orgies’ now in England. ‘Orgies’ is better because it means the thing you’re after more exactly. It’s a word made up from the Greek _orgo_, meaning outside, open, or abroad, and the Hebrew _jeesum_, meaning to plant or cover up; hence, in_ter_. So you see, funeral orgies is an open or public funeral.”\n\nHe was the worst I ever met. The iron-jawed man laughed right in his face. Everyone was shocked. They all said, “Why, doctor!” and Abner Shackleford said:\n\n“Why, Robinson, haven’t you heard the news? This is Harvey Wilks.”\n\nThe king smiled eagerly, reached out his hand, and said:\n\n“Is it my poor brother’s dear good friend and physician? I—”\n\n“Keep your hands off of me!” said the doctor. “Do you think you sound like an Englishman? It’s the worst imitation I’ve ever heard. Are you Peter Wilks’s brother? You’re a fraud, that’s what you are!”\n\nWell, how they all reacted! They crowded around the doctor, trying to calm him down and explain how Harvey had shown in forty ways that he really was Harvey, knew everyone by name, even the names of the dogs, and begged and begged him not to hurt Harvey’s feelings or the poor girl’s feelings. But it didn’t help; he kept yelling, saying any man who pretended to be an Englishman and couldn’t imitate the language better than that was a fraud and a liar. The poor girls were holding onto the king and crying; and all of a sudden, the doctor turned on them. He said:\n\n“I was your father’s friend, and I’m your friend. I warn you as a friend, and an honest one who wants to protect you and keep you out of harm and trouble, to turn your backs on that scoundrel and have nothing to do with him, the ignorant tramp, with his idiotic Greek and Hebrew, as he calls it. He is the thinnest kind of an impostor—he came here with a lot of empty names and facts which he picked up somewhere, and you take them for proofs, and are helped to fool yourselves by these foolish friends here, who ought to know better.”",2026-06-07T18:20:00Z
groq_qwen_32b_free|run_1|WILDE_DORIAN_GRAY_007|simplify|qc_repair_v1|json_canonicalized_no_text_change|attempt_1,groq_qwen_32b_free|run_1|WILDE_DORIAN_GRAY_007|simplify,qwen,groq_qwen_32b_free,qwen/qwen3-32b,WILDE_DORIAN_GRAY_007,simplify,json_canonicalized_no_text_change,qc_repair_v1,,warning,json_repaired_loose_rewritten_text,json_repaired_loose_rewritten_text,0.936594,517,db95cb7a8b3b609352a99a1014c16f422bc6473469d7763377354a60129ebaa2,"He stood up and looked out the window. The sunset had turned the windows of the houses across the street a deep red gold. The glass looked like hot metal. The sky above was the color of a faded rose. He thought about his friend’s young, passionate life and wondered how it would all end.

When he got home, around half past twelve, he saw a telegram on the hall table. He opened it and saw it was from Dorian Gray. It said he was going to be married to Sibyl Vane.


CHAPTER V.


“Mother, Mother, I’m so happy!” the girl whispered, hiding her face in the lap of the older, tired-looking woman who sat in the only armchair in their small, shabby room. “I’m so happy!” she said again. “And you must be happy too!”

Mrs. Vane winced and placed her pale, white-powdered hands on her daughter’s head. “Happy?” she repeated. “I’m only happy when I see you act. You must think only about your acting. Mr. Isaacs has been very kind to us, and we owe him money.”

The girl looked up and pouted. “Money, Mother?” she said. “What does money matter? Love is more than money.”

“Mr. Isaacs gave us fifty pounds to pay our debts and to get a proper outfit for James. You must not forget that, Sibyl. Fifty pounds is a lot. Mr. Isaacs has been very generous.”

“He isn’t a gentleman, Mother, and I hate the way he talks to me,” the girl said, standing up and walking to the window.

“I don’t know how we could manage without him,” the older woman replied, sounding upset.

Sibyl Vane shook her head and laughed. “We don’t need him anymore, Mother. Prince Charming is in charge of our lives now.” Then she stopped. A rose bloomed in her cheeks. Her breath came quickly, like petals parting. Her lips trembled. A warm wind of passion moved through her and lifted the soft folds of her dress. “I love him,” she said simply.

“Foolish child! Foolish child!” the mother said, repeating the words. Her thin fingers, decorated with fake jewels, waved in the air, making the words seem silly.

The girl laughed again. Her voice sounded like the joy of a bird in a cage. Her eyes caught the sound and reflected it in light, then closed for a moment as if to hide something. When they opened, a dream had passed over them.

From the worn chair came a voice, thin and full of caution, offering advice and quoting the book of common sense. She didn’t listen. She felt free in her prison of passion. Her prince, Prince Charming, was with her. She had asked memory to bring him back. She had sent her soul to find him, and it had returned with him. His kiss burned again on her lips. Her eyelids were warm with his breath.

Then the voice changed and spoke of secrets and being discovered. This young man might be rich. If so, marriage should be considered. Against the side of her ear came the waves of worldly cleverness.",552,pass,,json_ok,0.936594,517,db95cb7a8b3b609352a99a1014c16f422bc6473469d7763377354a60129ebaa2,"He stood up and looked out the window. The sunset had turned the windows of the houses across the street a deep red gold. The glass looked like hot metal. The sky above was the color of a faded rose. He thought about his friend’s young, passionate life and wondered how it would all end.

When he got home, around half past twelve, he saw a telegram on the hall table. He opened it and saw it was from Dorian Gray. It said he was going to be married to Sibyl Vane.


CHAPTER V.


“Mother, Mother, I’m so happy!” the girl whispered, hiding her face in the lap of the older, tired-looking woman who sat in the only armchair in their small, shabby room. “I’m so happy!” she said again. “And you must be happy too!”

Mrs. Vane winced and placed her pale, white-powdered hands on her daughter’s head. “Happy?” she repeated. “I’m only happy when I see you act. You must think only about your acting. Mr. Isaacs has been very kind to us, and we owe him money.”

The girl looked up and pouted. “Money, Mother?” she said. “What does money matter? Love is more than money.”

“Mr. Isaacs gave us fifty pounds to pay our debts and to get a proper outfit for James. You must not forget that, Sibyl. Fifty pounds is a lot. Mr. Isaacs has been very generous.”

“He isn’t a gentleman, Mother, and I hate the way he talks to me,” the girl said, standing up and walking to the window.

“I don’t know how we could manage without him,” the older woman replied, sounding upset.

Sibyl Vane shook her head and laughed. “We don’t need him anymore, Mother. Prince Charming is in charge of our lives now.” Then she stopped. A rose bloomed in her cheeks. Her breath came quickly, like petals parting. Her lips trembled. A warm wind of passion moved through her and lifted the soft folds of her dress. “I love him,” she said simply.

“Foolish child! Foolish child!” the mother said, repeating the words. Her thin fingers, decorated with fake jewels, waved in the air, making the words seem silly.

The girl laughed again. Her voice sounded like the joy of a bird in a cage. Her eyes caught the sound and reflected it in light, then closed for a moment as if to hide something. When they opened, a dream had passed over them.

From the worn chair came a voice, thin and full of caution, offering advice and quoting the book of common sense. She didn’t listen. She felt free in her prison of passion. Her prince, Prince Charming, was with her. She had asked memory to bring him back. She had sent her soul to find him, and it had returned with him. His kiss burned again on her lips. Her eyelids were warm with his breath.

Then the voice changed and spoke of secrets and being discovered. This young man might be rich. If so, marriage should be considered. Against the side of her ear came the waves of worldly cleverness.",2026-06-07T18:20:00Z
groq_qwen_32b_free|run_1|WILDE_DORIAN_GRAY_008|modernize|qc_repair_v1|json_canonicalized_no_text_change|attempt_1,groq_qwen_32b_free|run_1|WILDE_DORIAN_GRAY_008|modernize,qwen,groq_qwen_32b_free,qwen/qwen3-32b,WILDE_DORIAN_GRAY_008,modernize,json_canonicalized_no_text_change,qc_repair_v1,,warning,json_repaired_loose_rewritten_text,json_repaired_loose_rewritten_text,0.967857,542,597eb6a37c956237c7cf46044314051a2c290be4b3d58d0db12f72e4a7766601,"He was supposed to get off the ship in Melbourne, say a polite goodbye to the captain, and head straight to the goldfields. Within a week, he was going to discover a huge chunk of pure gold, the biggest ever found, and bring it down to the coast in a wagon guarded by six armed police on horseback. The bushrangers were going to attack them three times and be badly beaten each time. Or, no. He wasn’t going to go to the goldfields at all. They were terrible places where men got drunk, shot each other in bars, and used bad language. He was supposed to be a nice sheep farmer, and one evening, while riding home, he would see the beautiful heiress being kidnapped by a robber on a black horse, chase after her, and rescue her. Of course, she would fall in love with him, and he with her, and they would get married and live in a huge house in London. Yes, there were great things in store for him. But he had to be really good, not lose his temper, or spend his money foolishly. She was only a year older than him, but she knew so much more about life. He also had to make sure to write to her with every mail and say his prayers each night before going to sleep. God was really good and would look out for him. She would pray for him too, and in a few years he would come back rich and happy.\n\nThe boy listened sulkily and didn’t say a word. He was heartbroken about leaving home.\n\nBut it wasn’t just that which made him gloomy and moody. Even though he was inexperienced, he had a strong sense of the danger Sibyl was in. This young guy who was flirting with her wasn’t going to do her any good. He was a gentleman, and he hated him for that, hated him for some strange instinct he couldn’t explain, and because of that, it was even stronger inside him. He also realized how shallow and vain his mother was, and in that, he saw a huge threat to Sibyl and her happiness. Kids start by loving their parents; as they get older, they judge them; sometimes they forgive them.\n\nHis mother! He had something on his mind he wanted to ask her, something he had been thinking about for months of silence. A random comment he had overheard at the theater, a whispered sneer that had reached his ears one night while he was waiting at the stage door, had triggered a series of terrible thoughts. He remembered it as if it had been a whip across his face. His eyebrows furrowed into a deep frown, and with a twitch of pain, he bit his lower lip.\n\n“You’re not listening to a word I’m saying, Jim,” Sibyl said, “and I’m making the most wonderful plans for your future. Do say something.”\n\n“What do you want me to say?”\n\n“Oh! That you’ll be a good boy and not forget us,” she replied, smiling at him.\n\nHe shrugged. “You’re more likely to forget me than I am to forget you, Sibyl.”",560,pass,,json_ok,0.967857,542,597eb6a37c956237c7cf46044314051a2c290be4b3d58d0db12f72e4a7766601,"He was supposed to get off the ship in Melbourne, say a polite goodbye to the captain, and head straight to the goldfields. Within a week, he was going to discover a huge chunk of pure gold, the biggest ever found, and bring it down to the coast in a wagon guarded by six armed police on horseback. The bushrangers were going to attack them three times and be badly beaten each time. Or, no. He wasn’t going to go to the goldfields at all. They were terrible places where men got drunk, shot each other in bars, and used bad language. He was supposed to be a nice sheep farmer, and one evening, while riding home, he would see the beautiful heiress being kidnapped by a robber on a black horse, chase after her, and rescue her. Of course, she would fall in love with him, and he with her, and they would get married and live in a huge house in London. Yes, there were great things in store for him. But he had to be really good, not lose his temper, or spend his money foolishly. She was only a year older than him, but she knew so much more about life. He also had to make sure to write to her with every mail and say his prayers each night before going to sleep. God was really good and would look out for him. She would pray for him too, and in a few years he would come back rich and happy.\n\nThe boy listened sulkily and didn’t say a word. He was heartbroken about leaving home.\n\nBut it wasn’t just that which made him gloomy and moody. Even though he was inexperienced, he had a strong sense of the danger Sibyl was in. This young guy who was flirting with her wasn’t going to do her any good. He was a gentleman, and he hated him for that, hated him for some strange instinct he couldn’t explain, and because of that, it was even stronger inside him. He also realized how shallow and vain his mother was, and in that, he saw a huge threat to Sibyl and her happiness. Kids start by loving their parents; as they get older, they judge them; sometimes they forgive them.\n\nHis mother! He had something on his mind he wanted to ask her, something he had been thinking about for months of silence. A random comment he had overheard at the theater, a whispered sneer that had reached his ears one night while he was waiting at the stage door, had triggered a series of terrible thoughts. He remembered it as if it had been a whip across his face. His eyebrows furrowed into a deep frown, and with a twitch of pain, he bit his lower lip.\n\n“You’re not listening to a word I’m saying, Jim,” Sibyl said, “and I’m making the most wonderful plans for your future. Do say something.”\n\n“What do you want me to say?”\n\n“Oh! That you’ll be a good boy and not forget us,” she replied, smiling at him.\n\nHe shrugged. “You’re more likely to forget me than I am to forget you, Sibyl.”",2026-06-07T18:20:00Z
groq_qwen_32b_free|run_1|WILDE_DORIAN_GRAY_010|modernize|qc_repair_v1|json_canonicalized_no_text_change|attempt_1,groq_qwen_32b_free|run_1|WILDE_DORIAN_GRAY_010|modernize,qwen,groq_qwen_32b_free,qwen/qwen3-32b,WILDE_DORIAN_GRAY_010,modernize,json_canonicalized_no_text_change,qc_repair_v1,,warning,json_repaired_loose_rewritten_text,json_repaired_loose_rewritten_text,0.992754,548,50325de9c660fcb7aff77005f9d3575642cd9a56128f7ca52cd0b1c659442c36,"“Pleasure is the only thing worth having a theory about,” he answered in his slow, smooth voice. “But I’m afraid I can’t claim the theory as my own. It belongs to Nature, not me. Pleasure is Nature’s test, her sign of approval. When we’re happy, we’re always good, but when we’re good, we’re not always happy.”\n\n“Ah! But what do you mean by good?” cried Basil Hallward.\n\n“Yes,” echoed Dorian, leaning back in his chair and looking at Lord Henry over the heavy clusters of purple-lipped irises that stood in the center of the table, “what do you mean by good, Harry?”\n\n“To be good is to be in harmony with yourself,” he replied, tapping the thin stem of his glass with his pale, fine-pointed fingers. “Discord is being forced to be in harmony with others. Your own life—that’s the important thing. As for the lives of your neighbors, if you want to be a prig or a Puritan, you can go on about your moral views, but they’re not your concern. Besides, individualism has the higher aim. Modern morality is just about accepting the standard of your age. I think it’s the grossest immorality for any cultured man to accept the standard of his time.”\n\n“But, surely, if you live only for yourself, Harry, you pay a terrible price for it?” suggested the painter.\n\n“Yes, we’re overcharged for everything these days. I’d say the real tragedy of the poor is that they can’t afford anything but self-denial. Beautiful sins, like beautiful things, are the privilege of the rich.”\n\n“One has to pay in other ways besides money.”\n\n“What sort of ways, Basil?”\n\n“Oh! I’d say in remorse, in suffering, in ... well, in the feeling of being degraded.”\n\nLord Henry shrugged. “My dear fellow, medieval art is charming, but medieval emotions are out of date. You can use them in fiction, of course. But the only things you can use in fiction are the things you’ve stopped using in real life. Believe me, no civilized man ever regrets a pleasure, and no uncivilized man ever knows what a pleasure is.”\n\n“I know what pleasure is,” cried Dorian Gray. “It’s to adore someone.”\n\n“That’s certainly better than being adored,” he answered, playing with some fruit. “Being adored is a pain. Women treat us just like humanity treats its gods. They worship us and are always bugging us to do something for them.”\n\n“I’d have thought that whatever they ask for, they’ve given to us first,” murmured the young man seriously. “They create love in our lives. They have a right to expect it back.”\n\n“That’s absolutely true, Dorian,” cried Hallward.\n\n“Nothing is ever absolutely true,” said Lord Henry.\n\n“This is,” interrupted Dorian. “You have to admit, Harry, that women give men the very best of themselves.”\n\n“Possibly,” he sighed, “but they always want it back in tiny pieces. That’s the problem. Women, as some clever Frenchman once said, inspire us with the desire to do masterpieces and always stop us from doing them.”\n\n“Harry, you’re terrible! I don’t know why I like you so much.”",552,pass,,json_ok,0.992754,548,50325de9c660fcb7aff77005f9d3575642cd9a56128f7ca52cd0b1c659442c36,"“Pleasure is the only thing worth having a theory about,” he answered in his slow, smooth voice. “But I’m afraid I can’t claim the theory as my own. It belongs to Nature, not me. Pleasure is Nature’s test, her sign of approval. When we’re happy, we’re always good, but when we’re good, we’re not always happy.”\n\n“Ah! But what do you mean by good?” cried Basil Hallward.\n\n“Yes,” echoed Dorian, leaning back in his chair and looking at Lord Henry over the heavy clusters of purple-lipped irises that stood in the center of the table, “what do you mean by good, Harry?”\n\n“To be good is to be in harmony with yourself,” he replied, tapping the thin stem of his glass with his pale, fine-pointed fingers. “Discord is being forced to be in harmony with others. Your own life—that’s the important thing. As for the lives of your neighbors, if you want to be a prig or a Puritan, you can go on about your moral views, but they’re not your concern. Besides, individualism has the higher aim. Modern morality is just about accepting the standard of your age. I think it’s the grossest immorality for any cultured man to accept the standard of his time.”\n\n“But, surely, if you live only for yourself, Harry, you pay a terrible price for it?” suggested the painter.\n\n“Yes, we’re overcharged for everything these days. I’d say the real tragedy of the poor is that they can’t afford anything but self-denial. Beautiful sins, like beautiful things, are the privilege of the rich.”\n\n“One has to pay in other ways besides money.”\n\n“What sort of ways, Basil?”\n\n“Oh! I’d say in remorse, in suffering, in ... well, in the feeling of being degraded.”\n\nLord Henry shrugged. “My dear fellow, medieval art is charming, but medieval emotions are out of date. You can use them in fiction, of course. But the only things you can use in fiction are the things you’ve stopped using in real life. Believe me, no civilized man ever regrets a pleasure, and no uncivilized man ever knows what a pleasure is.”\n\n“I know what pleasure is,” cried Dorian Gray. “It’s to adore someone.”\n\n“That’s certainly better than being adored,” he answered, playing with some fruit. “Being adored is a pain. Women treat us just like humanity treats its gods. They worship us and are always bugging us to do something for them.”\n\n“I’d have thought that whatever they ask for, they’ve given to us first,” murmured the young man seriously. “They create love in our lives. They have a right to expect it back.”\n\n“That’s absolutely true, Dorian,” cried Hallward.\n\n“Nothing is ever absolutely true,” said Lord Henry.\n\n“This is,” interrupted Dorian. “You have to admit, Harry, that women give men the very best of themselves.”\n\n“Possibly,” he sighed, “but they always want it back in tiny pieces. That’s the problem. Women, as some clever Frenchman once said, inspire us with the desire to do masterpieces and always stop us from doing them.”\n\n“Harry, you’re terrible! I don’t know why I like you so much.”",2026-06-07T18:20:00Z
groq_qwen_32b_free|run_1|WILDE_DORIAN_GRAY_010|paraphrase|qc_repair_v1|json_canonicalized_no_text_change|attempt_1,groq_qwen_32b_free|run_1|WILDE_DORIAN_GRAY_010|paraphrase,qwen,groq_qwen_32b_free,qwen/qwen3-32b,WILDE_DORIAN_GRAY_010,paraphrase,json_canonicalized_no_text_change,qc_repair_v1,,warning,json_repaired_loose_rewritten_text,json_repaired_loose_rewritten_text,1.036232,572,9c3fb5a2ccc9f92bb5b6ad9708edf598d60640da6f61ff4022dd8d51718536f4,"“Pleasure is the only subject worth developing a theory about,” he replied in his smooth, musical tone. “But I must admit I can’t claim the theory as my own. It belongs to Nature, not to me. Pleasure is Nature’s test, her mark of approval. When we are happy, we are always good, but when we are good, we are not always happy.”\n\n“Ah! but what do you mean by good?” Basil Hallward exclaimed.\n\n“Yes,” Dorian repeated, reclining in his chair and gazing at Lord Henry over the thick bunches of irises with their purple lips that stood in the center of the table, “what do you mean by good, Harry?”\n\n“To be good is to be in harmony with oneself,” he answered, tapping the slender stem of his glass with his pale, finely shaped fingers. “Disagreement comes from being forced to align with others. One’s own life—that is the most important thing. As for the lives of others, if you wish to be a prig or a Puritan, you may parade your moral opinions about them, but they are not your business. Moreover, individualism truly has a higher purpose. Modern morality is about accepting the standards of one’s time. I believe that for any cultured man to accept the standards of his time is a form of the most basic immorality.”\n\n“But, surely, if one lives only for oneself, Harry, one pays a heavy cost for it?” the painter suggested.\n\n“Yes, we are overcharged for everything these days. I imagine the real tragedy of the poor is that they can afford nothing but self-denial. Beautiful sins, like beautiful things, are the privilege of the rich.”\n\n“One pays in other ways besides money.”\n\n“What sort of ways, Basil?”\n\n“Oh! I should think in regret, in pain, in ... well, in the awareness of degradation.”\n\nLord Henry gave a dismissive shrug. “My dear fellow, medieval art is delightful, but medieval emotions are outdated. One can certainly use them in fiction. But then the only things one can use in fiction are the things one has stopped using in reality. Believe me, no civilized man ever regrets a pleasure, and no uncivilized man ever knows what a pleasure is.”\n\n“I know what pleasure is,” Dorian Gray declared. “It is to adore someone.”\n\n“That is certainly preferable to being adored,” he replied, playing with some fruit. “Being adored is a bother. Women treat us just as humanity treats its gods. They worship us and are always asking us to do something for them.”\n\n“I should have thought that whatever they ask for they have first given to us,” the young man said solemnly. “They create love in our hearts. They have a right to expect it back.”\n\n“That is entirely true, Dorian,” Hallward said.\n\n“Nothing is ever entirely true,” Lord Henry remarked.\n\n“This is,” Dorian interjected. “You must agree, Harry, that women give to men the very gold of their lives.”\n\n“Possibly,” he sighed, “but they always want it back in such small pieces. That is the trouble. Women, as some clever Frenchman once said, inspire us with the desire to create masterpieces and always stop us from completing them.”\n\n“Harry, you are terrible! I don’t know why I like you so much.”",552,pass,,json_ok,1.036232,572,9c3fb5a2ccc9f92bb5b6ad9708edf598d60640da6f61ff4022dd8d51718536f4,"“Pleasure is the only subject worth developing a theory about,” he replied in his smooth, musical tone. “But I must admit I can’t claim the theory as my own. It belongs to Nature, not to me. Pleasure is Nature’s test, her mark of approval. When we are happy, we are always good, but when we are good, we are not always happy.”\n\n“Ah! but what do you mean by good?” Basil Hallward exclaimed.\n\n“Yes,” Dorian repeated, reclining in his chair and gazing at Lord Henry over the thick bunches of irises with their purple lips that stood in the center of the table, “what do you mean by good, Harry?”\n\n“To be good is to be in harmony with oneself,” he answered, tapping the slender stem of his glass with his pale, finely shaped fingers. “Disagreement comes from being forced to align with others. One’s own life—that is the most important thing. As for the lives of others, if you wish to be a prig or a Puritan, you may parade your moral opinions about them, but they are not your business. Moreover, individualism truly has a higher purpose. Modern morality is about accepting the standards of one’s time. I believe that for any cultured man to accept the standards of his time is a form of the most basic immorality.”\n\n“But, surely, if one lives only for oneself, Harry, one pays a heavy cost for it?” the painter suggested.\n\n“Yes, we are overcharged for everything these days. I imagine the real tragedy of the poor is that they can afford nothing but self-denial. Beautiful sins, like beautiful things, are the privilege of the rich.”\n\n“One pays in other ways besides money.”\n\n“What sort of ways, Basil?”\n\n“Oh! I should think in regret, in pain, in ... well, in the awareness of degradation.”\n\nLord Henry gave a dismissive shrug. “My dear fellow, medieval art is delightful, but medieval emotions are outdated. One can certainly use them in fiction. But then the only things one can use in fiction are the things one has stopped using in reality. Believe me, no civilized man ever regrets a pleasure, and no uncivilized man ever knows what a pleasure is.”\n\n“I know what pleasure is,” Dorian Gray declared. “It is to adore someone.”\n\n“That is certainly preferable to being adored,” he replied, playing with some fruit. “Being adored is a bother. Women treat us just as humanity treats its gods. They worship us and are always asking us to do something for them.”\n\n“I should have thought that whatever they ask for they have first given to us,” the young man said solemnly. “They create love in our hearts. They have a right to expect it back.”\n\n“That is entirely true, Dorian,” Hallward said.\n\n“Nothing is ever entirely true,” Lord Henry remarked.\n\n“This is,” Dorian interjected. “You must agree, Harry, that women give to men the very gold of their lives.”\n\n“Possibly,” he sighed, “but they always want it back in such small pieces. That is the trouble. Women, as some clever Frenchman once said, inspire us with the desire to create masterpieces and always stop us from completing them.”\n\n“Harry, you are terrible! I don’t know why I like you so much.”",2026-06-07T18:20:00Z
groq_qwen_32b_free|run_1|WILDE_DORIAN_GRAY_010|simplify|qc_repair_v1|json_canonicalized_no_text_change|attempt_1,groq_qwen_32b_free|run_1|WILDE_DORIAN_GRAY_010|simplify,qwen,groq_qwen_32b_free,qwen/qwen3-32b,WILDE_DORIAN_GRAY_010,simplify,json_canonicalized_no_text_change,qc_repair_v1,,warning,json_repaired_loose_rewritten_text,json_repaired_loose_rewritten_text,1.039855,574,6cf98d54664d93f97e03f68dbcffe9c02bab222de36340791cf2e159ed1e32e7,"“Pleasure is the only thing worth having a theory about,” he answered in his slow, musical voice. “But I’m afraid I can’t say it’s my own idea. It belongs to Nature, not me. Pleasure is Nature’s test, her sign of approval. When we are happy, we are always good, but when we are good, we are not always happy.”\n\n“Ah! But what do you mean by good?” cried Basil Hallward.\n\n“Yes,” echoed Dorian, leaning back in his chair and looking at Lord Henry over the heavy clusters of purple-lipped irises that stood in the center of the table, “what do you mean by good, Harry?”\n\n“To be good is to be in harmony with oneself,” he replied, touching the thin stem of his glass with his pale, fine-pointed fingers. “Discord is being forced to be in harmony with others. One’s own life—that is the important thing. As for the lives of one’s neighbors, if one wants to be a prig or a Puritan, one can flaunt one’s moral views about them, but they are not one’s concern. Besides, individualism has the higher aim. Modern morality consists in accepting the standard of one’s age. I consider that for any man of culture to accept the standard of his age is a form of the grossest immorality.”\n\n“But, surely, if one lives merely for oneself, Harry, one pays a terrible price for doing so?” suggested the painter.\n\n“Yes, we are overcharged for everything nowadays. I should think that the real tragedy of the poor is that they can afford nothing but self-denial. Beautiful sins, like beautiful things, are the privilege of the rich.”\n\n“One has to pay in other ways but money.”\n\n“What sort of ways, Basil?”\n\n“Oh! I should think in remorse, in suffering, in ... well, in the consciousness of degradation.”\n\nLord Henry shrugged his shoulders. “My dear fellow, medieval art is charming, but medieval emotions are out of date. One can use them in fiction, of course. But then the only things one can use in fiction are the things one has stopped using in real life. Believe me, no civilized man ever regrets a pleasure, and no uncivilized man ever knows what a pleasure is.”\n\n“I know what pleasure is,” cried Dorian Gray. “It is to adore someone.”\n\n“That is certainly better than being adored,” he answered, toying with some fruits. “Being adored is a nuisance. Women treat us just as humanity treats its gods. They worship us, and are always bothering us to do something for them.”\n\n“I should have said that whatever they ask for they had first given to us,” murmured the lad seriously. “They create love in our natures. They have a right to demand it back.”\n\n“That is quite true, Dorian,” cried Hallward.\n\n“Nothing is ever quite true,” said Lord Henry.\n\n“This is,” interrupted Dorian. “You must admit, Harry, that women give to men the very gold of their lives.”\n\n“Possibly,” he sighed, “but they always want it back in such small change. That is the worry. Women, as some witty Frenchman once put it, inspire us with the desire to do masterpieces and always prevent us from carrying them out.”\n\n“Harry, you are dreadful! I don’t know why I like you so much.”",552,pass,,json_ok,1.039855,574,6cf98d54664d93f97e03f68dbcffe9c02bab222de36340791cf2e159ed1e32e7,"“Pleasure is the only thing worth having a theory about,” he answered in his slow, musical voice. “But I’m afraid I can’t say it’s my own idea. It belongs to Nature, not me. Pleasure is Nature’s test, her sign of approval. When we are happy, we are always good, but when we are good, we are not always happy.”\n\n“Ah! But what do you mean by good?” cried Basil Hallward.\n\n“Yes,” echoed Dorian, leaning back in his chair and looking at Lord Henry over the heavy clusters of purple-lipped irises that stood in the center of the table, “what do you mean by good, Harry?”\n\n“To be good is to be in harmony with oneself,” he replied, touching the thin stem of his glass with his pale, fine-pointed fingers. “Discord is being forced to be in harmony with others. One’s own life—that is the important thing. As for the lives of one’s neighbors, if one wants to be a prig or a Puritan, one can flaunt one’s moral views about them, but they are not one’s concern. Besides, individualism has the higher aim. Modern morality consists in accepting the standard of one’s age. I consider that for any man of culture to accept the standard of his age is a form of the grossest immorality.”\n\n“But, surely, if one lives merely for oneself, Harry, one pays a terrible price for doing so?” suggested the painter.\n\n“Yes, we are overcharged for everything nowadays. I should think that the real tragedy of the poor is that they can afford nothing but self-denial. Beautiful sins, like beautiful things, are the privilege of the rich.”\n\n“One has to pay in other ways but money.”\n\n“What sort of ways, Basil?”\n\n“Oh! I should think in remorse, in suffering, in ... well, in the consciousness of degradation.”\n\nLord Henry shrugged his shoulders. “My dear fellow, medieval art is charming, but medieval emotions are out of date. One can use them in fiction, of course. But then the only things one can use in fiction are the things one has stopped using in real life. Believe me, no civilized man ever regrets a pleasure, and no uncivilized man ever knows what a pleasure is.”\n\n“I know what pleasure is,” cried Dorian Gray. “It is to adore someone.”\n\n“That is certainly better than being adored,” he answered, toying with some fruits. “Being adored is a nuisance. Women treat us just as humanity treats its gods. They worship us, and are always bothering us to do something for them.”\n\n“I should have said that whatever they ask for they had first given to us,” murmured the lad seriously. “They create love in our natures. They have a right to demand it back.”\n\n“That is quite true, Dorian,” cried Hallward.\n\n“Nothing is ever quite true,” said Lord Henry.\n\n“This is,” interrupted Dorian. “You must admit, Harry, that women give to men the very gold of their lives.”\n\n“Possibly,” he sighed, “but they always want it back in such small change. That is the worry. Women, as some witty Frenchman once put it, inspire us with the desire to do masterpieces and always prevent us from carrying them out.”\n\n“Harry, you are dreadful! I don’t know why I like you so much.”",2026-06-07T18:20:00Z
groq_qwen_32b_free|run_1|WILDE_DORIAN_GRAY_016|simplify|qc_repair_v1|json_canonicalized_no_text_change|attempt_1,groq_qwen_32b_free|run_1|WILDE_DORIAN_GRAY_016|simplify,qwen,groq_qwen_32b_free,qwen/qwen3-32b,WILDE_DORIAN_GRAY_016,simplify,json_canonicalized_no_text_change,qc_repair_v1,,warning,json_repaired_loose_rewritten_text,json_repaired_loose_rewritten_text,0.956679,530,ed585b6819fdfdf1b03b851a54d7daa2f0ce66e69c28e3276d77ee71f7e3a223,"And yet, the thing would still live on. It would always be alive.\n\nHe shivered, and for a moment he wished he had told Basil the real reason he wanted to hide the painting. Basil would have helped him resist Lord Henry's influence and the even worse influence from his own nature. The love he felt for Basil—because it really was love—was noble and intellectual. It wasn't just a physical admiration of beauty that comes from the senses and fades when the senses get tired. It was the kind of love Michelangelo, Montaigne, Winckelmann, and Shakespeare himself had known. Yes, Basil could have saved him. But now it was too late. The past could always be erased. Regret, denial, or forgetfulness could do that. But the future was unavoidable. There were passions in him that would find their terrible release, and dreams that would make the shadow of their evil real.\n\nHe picked up the large purple-and-gold fabric that covered the couch and, holding it in his hands, went behind the screen. Was the face on the canvas worse than before? It seemed unchanged to him, and yet his hatred of it had grown. Golden hair, blue eyes, and rose-red lips—they were all still there. It was just the expression that had changed. That was cruel and horrifying. Compared to what he saw in it of blame or criticism, how shallow Basil's complaints about Sibyl Vane had been!—how shallow, and how unimportant! His own soul was looking out at him from the canvas and calling him to judgment. A look of pain crossed his face, and he threw the rich cloth over the painting. As he did, a knock came at the door. He left the room just as his servant entered.\n\n“The men are here, Monsieur.”\n\nHe felt the man had to be sent away right away. He couldn't be allowed to know where the painting was being taken. There was something sneaky about him, and he had thoughtful, treacherous eyes. Sitting at the writing desk, he quickly wrote a note to Lord Henry, asking him to send something to read and reminding him they were to meet at eight-fifteen that evening.\n\n“Wait for an answer,” he said, handing it to the servant, “and show the men in here.”\n\nIn two or three minutes, there was another knock, and Mr. Hubbard himself, the famous frame-maker from South Audley Street, came in with a somewhat rough-looking young assistant. Mr. Hubbard was a red-faced, red-whiskered little man whose love for art was often mixed with the constant financial struggles of most of the artists who dealt with him. Usually, he never left his shop. He waited for people to come to him. But he always made an exception for Dorian Gray. There was something about Dorian that charmed everyone. It was a pleasure even to see him.\n\n“What can I do for you, Mr. Gray?” he asked, rubbing his fat, freckled hands. “I thought I'd do myself the honor of coming round in person. I just got a beautiful frame, sir. Found it at a sale.”",554,pass,,json_ok,0.956679,530,ed585b6819fdfdf1b03b851a54d7daa2f0ce66e69c28e3276d77ee71f7e3a223,"And yet, the thing would still live on. It would always be alive.\n\nHe shivered, and for a moment he wished he had told Basil the real reason he wanted to hide the painting. Basil would have helped him resist Lord Henry's influence and the even worse influence from his own nature. The love he felt for Basil—because it really was love—was noble and intellectual. It wasn't just a physical admiration of beauty that comes from the senses and fades when the senses get tired. It was the kind of love Michelangelo, Montaigne, Winckelmann, and Shakespeare himself had known. Yes, Basil could have saved him. But now it was too late. The past could always be erased. Regret, denial, or forgetfulness could do that. But the future was unavoidable. There were passions in him that would find their terrible release, and dreams that would make the shadow of their evil real.\n\nHe picked up the large purple-and-gold fabric that covered the couch and, holding it in his hands, went behind the screen. Was the face on the canvas worse than before? It seemed unchanged to him, and yet his hatred of it had grown. Golden hair, blue eyes, and rose-red lips—they were all still there. It was just the expression that had changed. That was cruel and horrifying. Compared to what he saw in it of blame or criticism, how shallow Basil's complaints about Sibyl Vane had been!—how shallow, and how unimportant! His own soul was looking out at him from the canvas and calling him to judgment. A look of pain crossed his face, and he threw the rich cloth over the painting. As he did, a knock came at the door. He left the room just as his servant entered.\n\n“The men are here, Monsieur.”\n\nHe felt the man had to be sent away right away. He couldn't be allowed to know where the painting was being taken. There was something sneaky about him, and he had thoughtful, treacherous eyes. Sitting at the writing desk, he quickly wrote a note to Lord Henry, asking him to send something to read and reminding him they were to meet at eight-fifteen that evening.\n\n“Wait for an answer,” he said, handing it to the servant, “and show the men in here.”\n\nIn two or three minutes, there was another knock, and Mr. Hubbard himself, the famous frame-maker from South Audley Street, came in with a somewhat rough-looking young assistant. Mr. Hubbard was a red-faced, red-whiskered little man whose love for art was often mixed with the constant financial struggles of most of the artists who dealt with him. Usually, he never left his shop. He waited for people to come to him. But he always made an exception for Dorian Gray. There was something about Dorian that charmed everyone. It was a pleasure even to see him.\n\n“What can I do for you, Mr. Gray?” he asked, rubbing his fat, freckled hands. “I thought I'd do myself the honor of coming round in person. I just got a beautiful frame, sir. Found it at a sale.”",2026-06-07T18:20:00Z
groq_qwen_32b_free|run_1|WILDE_DORIAN_GRAY_020|paraphrase|qc_repair_v1|json_canonicalized_no_text_change|attempt_1,groq_qwen_32b_free|run_1|WILDE_DORIAN_GRAY_020|paraphrase,qwen,groq_qwen_32b_free,qwen/qwen3-32b,WILDE_DORIAN_GRAY_020,paraphrase,json_canonicalized_no_text_change,qc_repair_v1,,warning,json_repaired_loose_rewritten_text,json_repaired_loose_rewritten_text,0.946429,530,5f71ba351999a6a067b033e9f13061f90a136289eab951167aa21a05de855077,"whose loveliness was surpassed only by his licentiousness, and who welcomed Leonora of Aragon in a tent of crimson and white silk, adorned with centaurs and nymphs, and gilded a youth to serve at the banquet as Ganymede or Hylas; Ezzelin, whose sorrow could be eased only by witnessing death, and who craved red blood as others do red wine—the devil’s child, as some claimed, and one who had outplayed his father at dice when wagering for his own soul; Giambattista Cibo, who mockingly adopted the name of Innocent and into whose sluggish veins the blood of three youths was poured by a Jewish physician; Sigismondo Malatesta, Isotta’s lover and Rimini’s ruler, whose likeness was burned in Rome as the foe of both God and man, who suffocated Polyssena with a cloth and gave Ginevra d’Este poison in a cup of emerald, and in tribute to a dishonorable love erected a pagan temple for Christian worship; Charles VI., who had passionately loved his brother’s wife so intensely that a leper had forewarned him of the madness to come, and who, when his mind turned sick and strange, could only find peace in Saracen cards painted with the images of love, death, and insanity; and, in his trimmed doublet and jeweled cap and acanthus-like curls, Grifonetto Baglioni, who murdered Astorre with his bride, and Simonetto with his page, and whose beauty was so striking that, as he lay dying in the yellow square of Perugia, those who despised him could not help but weep, and Atalanta, who had cursed him, blessed him.\n\nThere was a terrible allure to them all. He saw them at night, and they haunted his thoughts in the day. The Renaissance was familiar with peculiar methods of poisoning—poisoning by a helmet and a lit torch, by an embroidered glove and a jeweled fan, by a gilded pomander and an amber chain. Dorian Gray had been poisoned by a book. There were times when he regarded evil merely as a means through which he could express his vision of beauty.\n\nCHAPTER XII.\n\nIt was on the ninth of November, the night before his thirty-eighth birthday, as he often recalled later.\n\nHe was returning home about eleven o’clock from Lord Henry’s, where he had dined, and was wrapped in thick furs, as the night was cold and foggy. At the corner of Grosvenor Square and South Audley Street, a man passed him in the mist, walking swiftly with the collar of his grey ulster turned up. He had a bag in his hand. Dorian recognized him. It was Basil Hallward. A peculiar sense of dread, for which he could not explain, overtook him. He gave no sign of recognition and hurried on toward his own home.\n\nBut Hallward had noticed him. Dorian heard him first pause on the pavement and then rush after him. In a few moments, his hand was on his arm.\n\n“Dorian! What an extraordinary coincidence! I’ve been waiting for you in your library since nine o’clock. Eventually, I took pity on your exhausted servant and told him to go to bed, as he let me out.”",560,pass,,json_ok,0.946429,530,5f71ba351999a6a067b033e9f13061f90a136289eab951167aa21a05de855077,"whose loveliness was surpassed only by his licentiousness, and who welcomed Leonora of Aragon in a tent of crimson and white silk, adorned with centaurs and nymphs, and gilded a youth to serve at the banquet as Ganymede or Hylas; Ezzelin, whose sorrow could be eased only by witnessing death, and who craved red blood as others do red wine—the devil’s child, as some claimed, and one who had outplayed his father at dice when wagering for his own soul; Giambattista Cibo, who mockingly adopted the name of Innocent and into whose sluggish veins the blood of three youths was poured by a Jewish physician; Sigismondo Malatesta, Isotta’s lover and Rimini’s ruler, whose likeness was burned in Rome as the foe of both God and man, who suffocated Polyssena with a cloth and gave Ginevra d’Este poison in a cup of emerald, and in tribute to a dishonorable love erected a pagan temple for Christian worship; Charles VI., who had passionately loved his brother’s wife so intensely that a leper had forewarned him of the madness to come, and who, when his mind turned sick and strange, could only find peace in Saracen cards painted with the images of love, death, and insanity; and, in his trimmed doublet and jeweled cap and acanthus-like curls, Grifonetto Baglioni, who murdered Astorre with his bride, and Simonetto with his page, and whose beauty was so striking that, as he lay dying in the yellow square of Perugia, those who despised him could not help but weep, and Atalanta, who had cursed him, blessed him.\n\nThere was a terrible allure to them all. He saw them at night, and they haunted his thoughts in the day. The Renaissance was familiar with peculiar methods of poisoning—poisoning by a helmet and a lit torch, by an embroidered glove and a jeweled fan, by a gilded pomander and an amber chain. Dorian Gray had been poisoned by a book. There were times when he regarded evil merely as a means through which he could express his vision of beauty.\n\nCHAPTER XII.\n\nIt was on the ninth of November, the night before his thirty-eighth birthday, as he often recalled later.\n\nHe was returning home about eleven o’clock from Lord Henry’s, where he had dined, and was wrapped in thick furs, as the night was cold and foggy. At the corner of Grosvenor Square and South Audley Street, a man passed him in the mist, walking swiftly with the collar of his grey ulster turned up. He had a bag in his hand. Dorian recognized him. It was Basil Hallward. A peculiar sense of dread, for which he could not explain, overtook him. He gave no sign of recognition and hurried on toward his own home.\n\nBut Hallward had noticed him. Dorian heard him first pause on the pavement and then rush after him. In a few moments, his hand was on his arm.\n\n“Dorian! What an extraordinary coincidence! I’ve been waiting for you in your library since nine o’clock. Eventually, I took pity on your exhausted servant and told him to go to bed, as he let me out.”",2026-06-07T18:20:00Z
