request_id,passage_id,condition,model_key,requested_model,returned_model,source_sha256,request_sha256,response_id,received_utc,finish_reason,rewritten_text,rewrite_sha256,original_words,rewrite_words,length_ratio,qc_status,qc_flags,raw_record_sha256,outcome_type,assignment_id,delivery
01bbd709f6be003279b5f365,V2_poe_murders_rue_morgue_019,simplify,astra_session,"GPT-6 Astra via Codex, Extra High",,3c4ccf67e6f9324c2b7cdb89b16b8bd6ef4342011b1f7ed4e29687ec157afa04,31f7ad970daeb60dc0cef0ed35984e4b38796638ee40caa8f088769699ac4f9a,,2026-09-27T13:31:49.705211+00:00,session_output_recorded,"The moment the orangutan saw it, the animal leaped through the bedroom door, rushed downstairs, and escaped into the street through a window that had unfortunately been left open.

The Frenchman followed desperately. Still holding the razor, the ape sometimes stopped to look back and wave at its pursuer until he almost caught up. Then it ran off again. The chase continued this way for a long time. It was nearly three in the morning, and the streets were completely silent. As the ape passed through an alley behind the Rue Morgue, it noticed light shining from Madame L'Espanaye's open bedroom window on the fourth floor of her house. It rushed toward the building, spotted the lightning rod, and climbed it with astonishing speed. Grabbing the shutter, which lay fully open against the wall, it swung straight onto the bed's headboard. The entire movement took less than a minute. As it entered, the orangutan kicked the shutter back open.

Meanwhile, the sailor felt both pleased and uncertain. He now had a good chance of catching the animal, since it had entered a trap from which it could hardly escape except down the rod, where he could intercept it. On the other hand, he had every reason to fear what it might do inside the house. This fear drove him to keep following. Climbing a lightning rod is easy, especially for a sailor, but when he reached the height of the window, far to his left, he could go no farther. All he could do was lean across and catch a glimpse of the room. What he saw horrified him so much that he nearly lost his grip and fell. It was now that those dreadful screams rang through the night and woke the people living in the Rue Morgue. Madame L'Espanaye and her daughter, both in their nightclothes, had apparently been sorting papers in the iron chest already described. It had been wheeled into the middle of the room and stood open, with its contents lying on the floor beside it. The victims must have been sitting with their backs to the window. Judging by the time between the animal's entrance and the screams, they probably did not notice it immediately. They would naturally have assumed the wind had swung the shutter shut.

As the sailor looked inside, the huge animal had grabbed Madame L'Espanaye by her hair. It was loose because she had been combing it. The ape was waving the razor around her face, copying the movements of a barber.",f28c5265bb514943547812e6dda82682ffceec57e9ca678720834d2f8feb95c1,480,422,0.87916667,pass,,7f141ee492bff30424a6fe2459f3500beb76e8673a93935784efc0baeb7a36cf,codex_session_output,01bbd709f6be003279b5f365,codex_session
036842b870bbbf24abd661f4,V2_wilde_dorian_gray_004,paraphrase,astra_session,"GPT-6 Astra via Codex, Extra High",,7713a8986c1459bb7adb55afd0eafc5704aadd4b52a661ef17ea7099bbf0903f,cde88761aa379accebd6dd1924e9d910319d93363e134b659c1cac4855475b58,,2026-09-27T13:34:00.791054+00:00,session_output_recorded,"“Good-bye, Uncle George. If I linger any longer, I shall be late for luncheon. Thank you for the information I came for. I always prefer to know everything about new friends and nothing about old ones.”

“Where do you lunch, Harry?”

“With Aunt Agatha. I have invited myself and Mr. Gray. He is the latest of her protégés.”

“Humph! Tell your Aunt Agatha to stop troubling me with appeals for charity, Harry. I am thoroughly tired of them. The good woman seems to imagine I have no occupation beyond writing cheques for her foolish enthusiasms.”

“Certainly, Uncle George, I shall tell her, but it will achieve nothing. Philanthropists lose every feeling of humanity. That is their characteristic mark.”

The old gentleman gave an approving growl and rang for his servant. Lord Henry went along the low arcade into Burlington Street and directed his steps towards Berkeley Square.

So this was the history of Dorian Gray's birth. Roughly related though it had been, it moved him with the hint of a curious, almost modern romance. A lovely woman staking all upon a reckless passion. A few delirious weeks of happiness ended by a dreadful, treacherous crime. Months of silent anguish, followed by a child born in suffering. Death carrying off the mother, and the boy abandoned to loneliness and the dominion of an old man without love. Yes, a compelling background. It gave the lad a setting, rendered him more perfect, one might say. Behind every exquisite thing lay some tragedy. Worlds must endure labour-pains before the humblest flower could bloom.... And how delightful he had been at dinner the previous evening, sitting opposite him at the club with astonished eyes and lips opening in a pleasure almost fearful, while the red candle-shades deepened to rose the awakening wonder in his face. Conversation with him resembled playing a beautiful violin. Every touch and tremor of the bow found its response.... The act of influencing another held a terrible fascination. Nothing else compared with it. To cast one's soul into a lovely shape and allow it to remain there briefly; to hear one's intellectual convictions returned with the additional music of youth and passion; to pour one's temperament into another as if it were a delicate liquid or an unfamiliar perfume—there was authentic delight in that. Perhaps it was the most complete delight remaining in an age as narrow and vulgar as their own, an age crudely sensual in its enjoyments and crudely commonplace in its ambitions.... This lad, whom a strange accident had brought to him in Basil's studio, was a magnificent type as well—or, at least, might be moulded into one.",aaec296b29f2460366525766342b73413a836d193ade5fc38eb7af2fc42c873b,479,443,0.92484342,pass,,4077eb607856e393310cc8962778fd752cb54023bcee80cef794f0bc477998eb,codex_session_output,036842b870bbbf24abd661f4,codex_session
0572b0cc237ab5825a3d4974,V2_twain_connecticut_yankee_003,simplify,astra_session,"GPT-6 Astra via Codex, Extra High",,bf3eecb87b6b3608e5d2105d20a75b5e73247ee832cf7a7a92f78291d0b9212c,33b7a91df380eb720273f2caa70b4c99ca9477c2a066ace4ed00941d69ca2ec2,,2026-09-27T13:31:49.783033+00:00,session_output_recorded,"If I can't live on that, I won't ask anyone to help me out. Is that satisfactory?”

An enormous roar of applause went up. Through it came the king's voice:

“Remove his bonds and set him free! Let everyone honor him, high and low, rich and poor. He has become the king's right-hand man, with power and authority, and his seat shall be on the highest step of the throne! Now sweep away this gathering night. Restore the light and happiness, so the whole world may bless you.”

But I answered:

“It means nothing if an ordinary man is humiliated before the world. But it would dishonor the king if those who saw his minister naked did not also see his dignity restored. May I ask for my clothes to be brought back—”

“They are unsuitable,” the king interrupted. “Bring different clothing. Dress him like a prince!”

My plan worked. I needed to hold things as they were until the eclipse was complete. Otherwise they would start asking me to drive away the darkness again, and of course I couldn't. Sending for clothes bought some time, but not enough. I had to find another excuse. I explained that the king might naturally change his mind and feel some regret about promises made in such excitement. I would therefore allow the darkness to increase a little longer. If, after a reasonable time, he still felt the same, I would dismiss it. Neither the king nor anyone else liked this arrangement, but I had to insist.

While I wrestled with those awkward sixth-century clothes, the sky grew darker and darker, blacker and blacker. At last it was pitch-black. The crowd groaned in terror as cold, strange night breezes swept over them and stars appeared, twinkling overhead. Finally the eclipse was total. I was very glad, though everyone else was miserable, as was perfectly natural. I said:

“The king's silence shows that he still accepts the terms.” Then I raised my hands and held them there for a moment. With the most terrible solemnity, I declared, “Let the spell dissolve and pass away without harm!”

For a moment nothing happened in that deep darkness and silence of the grave. Then, a moment or two later, the sun's silver edge emerged. The gathering let out a tremendous shout and poured toward me like a flood, overwhelming me with blessings and thanks. Clarence certainly wasn't at the back of that flood.",57e54192c263fd098220b8aa4502b48c5fa11352965134e7b00cd301869e4fad,473,406,0.85835095,pass,,7b58f62011e43ee792079c20dcbbde346ca1a601154328454680600d73501dfa,codex_session_output,0572b0cc237ab5825a3d4974,codex_session
0bb8d80d79d6f0f7cb2ac535,V2_poe_the_gold_bug_006,paraphrase,astra_session,"GPT-6 Astra via Codex, Extra High",,063e5f414e468518ab22ed76bc5fd845623a7f23633c036fbe78f2617eedbbe1,1c63d771eed7e6e0a06656e5a810f84661c5ccee8d79e6204a1f962536ced168,,2026-09-27T13:33:04.528792+00:00,session_output_recorded,"The insect's weight was truly extraordinary, and, all things considered, I could scarcely fault Jupiter for his belief concerning it; but why Legrand should share that belief I could not, for the life of me, understand.

‘I summoned you,’ he said pompously, once I had finished examining the beetle, ‘I summoned you so that I might obtain your advice and assistance in advancing the designs of Fate and of the bug—’

‘My dear Legrand,’ I exclaimed, cutting him short, ‘you are undoubtedly ill and ought to take a few precautions. You must go to bed, and I shall stay here for several days until this passes. You are feverish and—’

‘Take my pulse,’ he said.

I did so, and, in truth, detected not the least sign of fever.

‘Still, you can be ill without having a fever. Let me prescribe for you this once. First, go to bed. Then—’

‘You are wrong,’ he interrupted. ‘I am as well as one could expect under the excitement I am enduring. If you truly wish to help me, you will ease that excitement.’

‘And how can I do that?’

‘Quite simply. Jupiter and I intend to make an expedition into the hills on the mainland, and we shall require the assistance of someone in whom we have confidence. You are the only person we can trust. Success or failure will alike quiet the excitement you observe in me.’

‘I am eager to oblige you however I can,’ I answered; ‘but are you saying that this infernal beetle has anything to do with your journey into the hills?’

‘It has.’

‘Then, Legrand, I cannot participate in so absurd an undertaking.’

‘I am sorry—exceedingly sorry—for we must attempt it alone.’

‘Attempt it alone! Surely the man is mad! But wait—how long do you expect to be away?’

‘Likely the entire night. We shall leave at once and return, in any case, by sunrise.’

‘And will you pledge your honor that, once this whim is over and the bug affair—good God!—settled to your satisfaction, you will come home and obey my advice without question, as though I were your physician?’

‘Yes, I promise. Now let us go; there is no time to spare.’

With a troubled heart I went with my friend. We set out at about four o'clock: Legrand, Jupiter, the dog, and I. Jupiter brought the scythe and spades, insisting on carrying every one of them. This seemed to me less a sign of unusual diligence or willingness to oblige than of his fear of leaving either sort of implement within his master's reach.",314dc9b8cd9de898354b82bf34f2e89bdc4b5d26258209b71b03dc979e8aa076,481,435,0.9043659,pass,,87af63582df596a8c71b865993c5335332720dfcc2cbf3999f7716e6f31054a4,codex_session_output,0bb8d80d79d6f0f7cb2ac535,codex_session
0ca74bd5c6bb15dbfb6b19e7,V2_shelley_the_last_man_019,paraphrase,astra_session,"GPT-6 Astra via Codex, Extra High",,7746ea6396a882c7284f4dcdca09d8d0a394b648e31c809ae8b4d0781faeb4db,67ca07b8766bf3458179692e762ff686cb7c48d4753371eed7116a6b2058e2b0,,2026-09-27T08:01:14.065558+00:00,session_output_recorded,"Yet even then I had not drained the bitter cup to its last drop; I had not fully believed my loss; I did not yet know in every pulse, every nerve, every thought, that I alone survived of my race—that I was the LAST MAN.

Clouds had gathered over the day, and at sunset a fine rain began to fall. Even the everlasting heavens shed tears, I thought; why, then, should mortal man be ashamed to exhaust himself in weeping? I recalled the ancient tales in which human creatures melt through their tears into fountains that flow forever. Ah, if only it could be so! Then my fate would in some measure resemble the watery deaths of Adrian and Clara. Oh, grief has strange fancies; it spins a web on which every shape and change around it inscribes the story of its sorrow. It mingles with all living nature and draws nourishment from every object; like light, it enters everything, and like light, lends everything its own hues.

My search had carried me some distance from the place where I had been cast ashore, until I reached one of the watchtowers standing at regular intervals along the Italian coast. I welcomed shelter, and welcomed a structure made by human hands after gazing so long upon nature’s desolate emptiness. Entering, I climbed the rough spiral stairs to the guardroom. Fate was kind this far: no distressing remnant of its former occupants remained. A few boards resting on two iron trestles, scattered with dried maize leaves, offered me a bed. An open chest holding some half-moldy biscuits stirred an appetite that perhaps had existed earlier, though I had not recognized it until now. A fierce, scorching thirst also tormented me, caused by the seawater I had swallowed and my body’s exhaustion. Kindly nature had attached pleasure to the satisfaction of these needs, so that I—even I!—grew refreshed and calmer while eating that wretched food and drinking a little sour wine from a half-filled flask left in the deserted dwelling. Then I lay down upon the bed, which no shipwrecked sufferer could scorn. After the loathsome smell of seaweed, the earthy scent of the dry leaves soothed my senses. I forgot my solitude. I looked neither behind me nor ahead; my senses settled into quiet rest. I slept and dreamed of beloved inland scenes: haymakers, a shepherd whistling to summon his dog’s help in driving the flock into the fold, and the sights and sounds of my childhood among the mountains, which I had long since forgotten.",f7fe04d60ca457924a8b70f94d0e8c6d43928e32361bb0505326be3265cbcb01,470,427,0.90851064,pass,,8937a468ccc5502683990a8a13ec04ad9d93e654f06c32a740ac28992091870a,codex_session_output,0ca74bd5c6bb15dbfb6b19e7,codex_session
0d1989062f5c58481253020a,V2_dickens_a_tale_of_two_cities_009,paraphrase,astra_session,"GPT-6 Astra via Codex, Extra High",,d9d9d29844963db3d0808705adc2abf396299d478990c38ea11a92fa04324142,13bbd5e61718fff225d7f8d7ddd963a22824fec7295edb598145ffa60affd5ad,,2026-09-27T13:34:00.804934+00:00,session_output_recorded,"Their coming had kindled something like a fire in Saint Antoine's breast, spreading swiftly as they advanced, and stirring and flickering in the flames of faces at nearly every window and door. Nevertheless, nobody had followed them, and not a man spoke when they came into the wine-shop, although every man's eyes were fixed upon them.

“Good day, gentlemen!” Monsieur Defarge said.

Perhaps this was a signal to release the general tongue. A chorus of “Good day!” answered him.

“The weather is bad, gentlemen,” said Defarge with a shake of his head.

At this each man glanced at his neighbour; then all lowered their eyes and remained silent. All except one, who rose and left.

“My wife,” Defarge said aloud to Madame Defarge, “I have come several leagues with this worthy mender of roads, whose name is Jacques. I met him—by chance—a day and a half's journey from Paris. This road-mender called Jacques is a good fellow. Give him something to drink, my wife!”

A second man rose and left. Madame Defarge placed wine before the road-mender called Jacques, who removed his blue cap to the company and drank. Some coarse brown bread was tucked into the breast of his blouse; from time to time he ate a little, sitting near Madame Defarge's counter and munching between draughts. A third man rose and left.

Defarge revived himself with a drink of wine, though he took a smaller portion than the stranger had received, since for him it was no uncommon treat. He stood waiting for the countryman to finish breakfast. He glanced at nobody in the room, and nobody now glanced at him, not even Madame Defarge, who had resumed her knitting and was busily employed.

“Have you completed your meal, friend?” he asked when the time came.

“Yes, thank you.”

“Then come! I will show you the lodging I said you might have. It will suit you wonderfully.”

From the wine-shop to the street, from the street to a courtyard, from the courtyard up a steep stair, from the stair into a garret—the very garret where a white-haired man had once bent forward upon a low bench, absorbed in making shoes.

The white-haired man was no longer there. Instead stood the three men who had left the wine-shop one by one. Their sole small connection with that distant white-haired man was that they had once peered at him through cracks in the wall.

Defarge shut the door with care and lowered his voice.

“Jacques One, Jacques Two, Jacques Three! Here is the witness whom I, Jacques Four, met by arrangement.",7864b1b926298749adda0b5072dd67904fa3006a72de69344fe0855e457d4c88,456,434,0.95175439,pass,,aafeb47d0e49f8bd314e6c916c2d30047f8485835c6cab1dac9218f6120b558c,codex_session_output,0d1989062f5c58481253020a,codex_session
0ed8c7f4b05c8a45791cf6e6,V2_austen_pride_and_prejudice_014,paraphrase,astra_session,"GPT-6 Astra via Codex, Extra High",,7e8e30e5706e4a0752fc42941b2cdab6927daa08116594923137dabc8f45aed2,0c9e93a70a7f0fd6d742042179a2361f8855268a7a1d1f0b2fd7b8dff8f11ccc,,2026-09-27T13:31:42.096126+00:00,session_output_recorded,"Giving herself no leisure to reflect, and hardly aware of her own feelings, Elizabeth, as soon as she finished this letter, snatched up the other. She opened it with extreme impatience and read the following; it had been composed one day after the first was completed.

“By now, my dearest sister, my hasty letter must have reached you. I hope this one will be clearer, though, while I am not pressed for time, my thoughts are so confused that I cannot promise any coherence. Dearest Lizzy, I scarcely know what to say, but I must give you bad news without further delay. However imprudent a marriage between Mr. Wickham and our poor Lydia might be, we now long for certainty that it has occurred, since there is far too much cause to fear that they have not gone to Scotland. Colonel Forster arrived yesterday, having departed Brighton the previous day, only a few hours after the express. Lydia’s brief note to Mrs. F. had suggested that Gretna Green was their destination; but Denny let fall a remark declaring his belief that W. had never meant to go there, or indeed to marry Lydia. This was repeated to Colonel F., who became alarmed at once and left B. to follow their movements. He traced them readily enough to Clapham, but could proceed no farther. Upon arriving there, they exchanged the chaise that had brought them from Epsom for a hackney-coach and dismissed the former. Beyond this, all that is known is that someone saw them continue along the London road. I do not know what to believe. After pursuing every possible inquiry on that side of London, Colonel F. travelled into Hertfordshire, eagerly questioning people anew at every turnpike and at the inns in Barnet and Hatfield, but entirely without success: nobody had seen such travellers pass. With the utmost kindness and concern he continued to Longbourn and disclosed his fears in a fashion that did honour to his heart. I feel deeply for him and Mrs. F., though nobody can attach blame to either. Our anxiety, dear Lizzy, is extreme. My father and mother expect the worst, yet I cannot judge him so harshly. Many circumstances might make a private wedding in town preferable to their original scheme; and even if he were capable of such intentions toward a young woman with Lydia’s connections—which seems improbable—could I think her utterly lost to every consideration? It is impossible! I am distressed, however, to discover that Colonel F. is unwilling to rely upon their marriage. When I voiced my hopes, he shook his head and told me he feared W. was not trustworthy.",5065cef31dec6f26cd9819f45b628082b3d8c97fb3a73d290c61161edcd16cea,462,443,0.95887446,pass,,464b05816c6ff4ecb0ed1c9816c0f31edf6a12cdb1200cdd6a9c5dd41c50f2d2,codex_session_output,0ed8c7f4b05c8a45791cf6e6,codex_session
1025b15b032c18491f137569,V2_wilde_dorian_gray_011,simplify,astra_session,"GPT-6 Astra via Codex, Extra High",,924ea6c362678657282b47400e5fb6105f3501fda918f6d3cbf0cd30705954a3,5fb010423f5682fa90db0abac50df82f1e0bb03e2312445bf34e493cf5ef289b,,2026-09-27T08:00:45.489226+00:00,session_output_recorded,"“As the weeks passed, I became more and more absorbed in you. Then something changed. I had drawn you as Paris in delicate armor, and as Adonis in a hunter’s cloak, carrying a shining spear for hunting boar. Wearing a crown of heavy lotus flowers, you had sat at the front of Adrian’s barge and gazed across the green, muddy Nile. You had bent over a still pool in a Greek wood and seen the beauty of your own face reflected in its silent silver water. All of it had been what art should be: free of self-consciousness, ideal, and distant. Then one day—a disastrous day, I sometimes think—I decided to paint a wonderful portrait of you as you really are. You would wear your own clothes and belong to your own time, instead of dressing in costumes from the distant past. I cannot say whether it was this realistic approach or simply the wonder of your personality, presented so directly, with nothing to hide it. But as I painted, every thin layer and trace of color seemed to reveal my secret. I became afraid that other people would discover how I worshipped you. Dorian, I felt I had said too much and put too much of myself into the picture. That was when I decided I would never let it be exhibited. You were a little annoyed, but you didn’t understand everything it meant to me. I told Harry, and he laughed. That didn’t bother me. Once the portrait was finished and I sat alone with it, I felt certain I was right.... A few days later it left my studio. As soon as I escaped the unbearable fascination of having it there, I thought I had been foolish. What did it show beyond your extraordinary good looks and my ability to paint? Even now, I cannot help thinking we are mistaken when we believe the passion we feel while creating something truly appears in the finished work. Art is always more abstract than we imagine. Shape and color tell us about shape and color, nothing more. Often I feel that art hides the artist far more thoroughly than it reveals him. So when this offer came from Paris, I decided to make your portrait the main attraction of my exhibition. I never imagined that you would refuse. Now I see you were right. The picture must not be shown. Don’t be angry with me, Dorian, for what I have told you.”",58f9ab88c75e1faedf30977da0c83e8fa750ce649d252719b6d63944366a5c1f,452,415,0.91814159,pass,,92ffe7ff1928646c8192486efe3a2d9179a3bbe302bda71f62b66382ebd0d76a,codex_session_output,1025b15b032c18491f137569,codex_session
102d79b52f3a186d0b20f00f,V2_austen_pride_and_prejudice_012,simplify,astra_session,"GPT-6 Astra via Codex, Extra High",,41f3e2c3b42fc82f2ecea350ddb7fe6e633b1cda0f3be3cdba6056f584f54413,2bdf01893ef643bce0345562b845d2229b43452c5bbfacac7ab17ed9e06598e1,,2026-09-27T07:58:40.287716+00:00,session_output_recorded,"How would she have felt if she had known that her sister wanted to take away all these hopes and pleasures? Only her mother could have understood, for she would have felt almost the same. Lydia’s trip to Brighton was her mother’s one comfort after the unhappy realization that her husband never meant to go there himself.

But neither of them knew what had happened. Their delight continued almost without a pause until the day Lydia left home.

Elizabeth was now about to see Mr. Wickham for the last time. Since returning, she had often been in his company, and almost all her uneasiness had passed. The feelings caused by her earlier liking for him had disappeared completely. She had even learned to see something false and tiresomely repetitive in the gentle manner that had first charmed her. His present behavior gave her a new reason to dislike him. He soon showed a wish to resume the attentions he had paid her when they first met, but after everything that had happened, these could only irritate her. Finding herself chosen for such empty, thoughtless flirting ended any concern she still felt for him. She firmly discouraged him, yet could not escape the shame of what his confidence suggested about her. He clearly believed that, however long he had ignored her and whatever his reason, he could flatter her vanity and regain her affection simply by noticing her again.

On the regiment’s final day in Meryton, he dined at Longbourn with several other officers. Elizabeth felt so little desire to part on friendly terms that, when he asked how she had spent her time at Hunsford, she mentioned that Colonel Fitzwilliam and Mr. Darcy had both spent three weeks at Rosings. She asked whether he knew the colonel.

He looked surprised, annoyed, and alarmed. Then, recovering himself and his smile, he said that he used to see him often. He called the colonel a very gentlemanly man and asked how she had liked him. Her reply was warmly approving. Soon afterward, trying to sound unconcerned, he added, “How long did you say he stayed at Rosings?”

“Nearly three weeks.”

“And you saw him often?”

“Yes, almost every day.”

“His manners are quite different from his cousin’s.”

“Yes, very different. But I think Mr. Darcy becomes more agreeable as you get to know him.”

“Really!” Wickham exclaimed, with a look she noticed. “And may I ask—” He stopped himself, then continued more cheerfully, “Is it his manner that improves?”",10de06c534c91adc921f69af9fb4b54a187b127bf5cd095ca38c24ef736dbd29,452,417,0.92256637,pass,,6a9ac54941c62f1b34412ab6c477734ea0353995e75977a05f83f46badf19107,codex_session_output,102d79b52f3a186d0b20f00f,codex_session
1068ba3ad934342719d9f8b3,V2_austen_emma_019,modernize,astra_session,"GPT-6 Astra via Codex, Extra High",,8a4f721e5eda60e4d31175eb0f97569ece289059151a298ea8bd09f488193c60,60819ee7e08b38b2e5b0f331a271f5c6560ff000983ed95a6148815e526c6096,,2026-09-27T13:33:54.941732+00:00,session_output_recorded,"“No, no, that’s tomorrow, and for that very reason I particularly wanted to see Knightley today. Such a terribly scorching morning! I walked across the fields too”—his tone conveyed a strong sense of mistreatment—“which made it much worse. And then to discover he wasn’t home! I assure you I am far from pleased. No apology left, no message for me. The housekeeper insisted she knew nothing about my being expected. Quite extraordinary! And nobody had any idea where he had gone. Perhaps to Hartfield, perhaps to Abbey Mill, perhaps into his woods. Miss Woodhouse, this is unlike our friend Knightley! Can you explain it?”

Emma entertained herself by agreeing that it was extraordinary indeed and declaring that she could not say a word in his defence.

“I cannot imagine,” said Mrs. Elton, feeling the insult as a wife ought, “I simply cannot imagine how he could treat you this way, of all people! The very last person anyone should expect him to forget! My dear Mr. E., he must have left a message; I’m certain he did. Even Knightley couldn’t be quite so eccentric. His servants must have forgotten it. Depend on it, that is what happened—and it’s very likely with the Donwell servants, whom I have often noticed to be extremely clumsy and careless. Nothing would persuade me to let a creature like his Harry serve at our sideboard. As for Mrs. Hodges, Wright has a very low opinion of her. She promised Wright a recipe and never sent it.”

“I met William Larkins,” Mr. Elton continued, “as I approached the house. He told me I wouldn’t find his master home, but I didn’t believe him. William seemed rather out of sorts. He said he didn’t know what had come over his master lately, but he could hardly ever manage to speak to him. William’s needs are no concern of mine, but it really is extremely important that I see Knightley today. Having made this hot walk for nothing is therefore a very serious inconvenience.”

Emma felt that her best course was to go home immediately. In all likelihood, someone was waiting for her there at that very moment; and she might save Mr. Knightley from offending Mr. Elton still further, even if she could do nothing for William Larkins.

As she took her leave, she was pleased to discover that Miss Fairfax was determined to accompany her out of the room and even downstairs. This gave her an opportunity, which she immediately used, to say,",eae0f3b5f84e06b5440a708aa3b5f45836b79e6c3a6f62c489a297d33c81c65b,459,420,0.91503268,pass,,300750abebaa8a70b66bff64d7f6536e501316a89188051a6636211cc8c46346,codex_session_output,1068ba3ad934342719d9f8b3,codex_session
13cf93008af0406566bb5c2a,V2_wilde_canterville_ghost_017,simplify,astra_session,"GPT-6 Astra via Codex, Extra High",,a5314ef4398a30eb236ef4621b7cf64008d98a0aa1e43df1c98b489851992e1f,9f3be43ffb7ceb9949c754283bfe31deca2ad04318333d3971fb5710d0aa22f3,,2026-09-27T07:59:42.107633+00:00,session_output_recorded,"Just as they left the dining room, the tower clock began to strike midnight. With the final stroke came a crash and a sudden, piercing cry. A terrible clap of thunder shook the house, and strange, unearthly music drifted through the air. At the top of the stairs, a panel burst open with a loud noise. Virginia stepped onto the landing, very pale, carrying a small box. Everyone rushed up to her. Mrs. Otis held her tightly in her arms, the Duke covered her with passionate kisses, and the twins danced wildly around them.

“Good heavens, child! Where have you been?” Mr. Otis asked, sounding rather angry because he thought she had been playing a foolish trick. “Cecil and I have ridden all over the countryside looking for you, and your mother has been terrified. You must never play another practical joke like this.”

“Except on the Ghost! Except on the Ghost!” the twins shouted, leaping about.

“My darling, thank God we’ve found you. You must never leave my side again,” Mrs. Otis murmured. She kissed the trembling girl and smoothed her tangled golden hair.

“Papa,” Virginia said quietly, “I have been with the Ghost. He is dead, and you must come and see him. He had been very wicked, but he was truly sorry for everything he had done. Before he died, he gave me this box of beautiful jewels.”

The family stared at her, speechless with amazement. But she looked entirely solemn and serious. Turning, she led them through the opening in the wooden wall panels and down a narrow secret passage. Washington followed with a burning candle he had picked up from the table. At last they reached a large oak door covered with rusty nails. Virginia touched it, and it swung open on its heavy hinges. They entered a small, low room with an arched ceiling and one tiny window covered by bars. A huge iron ring was fixed into the wall. Chained to it was a thin skeleton, stretched full length on the stone floor. Its long, bare finger bones seemed to be reaching for an old-fashioned plate and jug placed just beyond its grasp. The jug had clearly once held water, for green mold covered its inside. On the plate there was nothing except a heap of dust. Virginia knelt beside the skeleton, clasped her small hands, and began to pray without speaking. The others watched in astonishment as the secret of this terrible tragedy lay revealed before them.",5fe696d3f8927613ed8cffe8db12fa9bc3c10c305c1e7ed98179c690c3ccd848,471,415,0.88110403,pass,,c18d0359ad416d8b43b7ca625ddb3b81c1304bca1053a09c1c9439b0095bb25f,codex_session_output,13cf93008af0406566bb5c2a,codex_session
14259bb6f4dc6ea2c6201386,V2_austen_persuasion_002,modernize,astra_session,"GPT-6 Astra via Codex, Extra High",,3122b5c4d163f55f1447d19da1d0cfd0131d944a993ee392d68b2ee57cbd016b,850f1106f0f405ca7697dcdfc82cbf466c5f9663759ed16c9098086c8887cabb,,2026-09-27T08:03:02.813797+00:00,session_output_recorded,"“Allow me to point out, Sir Walter,” Mr. Shepherd said one morning at Kellynch Hall, setting down the newspaper, “that the present situation is very much in our favor. This peace will bring all our wealthy naval officers ashore, and every one of them will want a home. There couldn’t be a better moment, Sir Walter, to have your choice of tenants, thoroughly reliable tenants. Many impressive fortunes were made during the war. If a rich admiral should happen to come our way, Sir Walter—”

“He would be a very fortunate man, Shepherd,” Sir Walter replied. “That is all I have to say. Kellynch Hall would be quite a prize for him, indeed the greatest of his prizes, however many he has captured before. Wouldn’t it, Shepherd?”

Mr. Shepherd laughed at the joke, as he knew he was expected to, and continued:

“I venture to say, Sir Walter, that naval gentlemen are agreeable people to do business with. I have some experience of their business practices, and I freely admit that they are generous in their dealings and as likely to make excellent tenants as any group one could encounter. So what I would respectfully suggest, Sir Walter, is this: if any rumors of your plans were to circulate—and we must recognize that possibility, since everyone knows how difficult it is to shield one part of the world’s affairs from the curiosity of the other; distinction has its price; I, John Shepherd, could keep any family business private because no one would consider me worth watching, but Sir Walter Elliot attracts an attention that may be very hard to escape—therefore, I venture to say that, despite all our precautions, I would not be very surprised if some hint of the truth got out. In that event, as I was about to observe, inquiries would certainly follow, and I would consider any from wealthy naval commanders particularly deserving of attention. And allow me to add that I can be here within two hours at any time, to spare you the trouble of answering them.”

Sir Walter merely nodded. Soon afterward, however, he stood up and paced the room, remarking sarcastically:

“I imagine very few naval gentlemen would fail to be surprised at finding themselves in a house of this kind.”

“They would certainly look around and count themselves fortunate,” Mrs. Clay said. She was present because her father had driven her over; nothing benefited Mrs. Clay’s health so much as a drive to Kellynch. “But I entirely agree with my father that a sailor could be a most desirable tenant.”",27e86140420028cd736032f8b0cfafcc0439f8723c2c8e17e756541f910ae47f,481,431,0.8960499,pass,,8f0d06e4b8de47223e139dd5d5376edd9b66c333d0d977ebd84bad010409ebdd,codex_session_output,14259bb6f4dc6ea2c6201386,codex_session
16bd3cd2da4b01dda280dd7c,V2_poe_the_gold_bug_010,modernize,astra_session,"GPT-6 Astra via Codex, Extra High",,c8eeba675815a1c3a15d3053bafa50cbfe13e5166bb411235d588ef6c072093c,dd2f674e821bff1de73fd1f09ea111b1656d5efb4ce8695f3cdfb1ac623eb9ea,,2026-09-27T13:29:31.664914+00:00,session_output_recorded,"After driving a peg carefully into the ground at the exact place where the beetle had fallen, my friend took a tape measure from his pocket. He fixed one end to the point on the tree trunk nearest the peg, extended it to the peg, then continued for another fifty feet along the line established by those two points. Jupiter cut away the brambles with the scythe. At the spot they reached, a second peg was driven into the earth, and a rough circle about four feet across was marked around it. Legrand now took a spade, handed one to Jupiter and another to me, and urged us to begin digging as quickly as we could.

To be honest, this sort of recreation had never particularly appealed to me, and at that moment I would gladly have refused. Night was approaching, and the exercise we had already taken had left me very tired. But I could see no way out, and I feared that a refusal might upset my poor friend. Indeed, if I could have relied on Jupiter’s help, I would not have hesitated to try taking the madman home by force. But I knew the old Black man’s character too well to imagine that he would ever help me in a physical struggle with his master. I had no doubt that Legrand had caught some of the countless Southern superstitions concerning buried money, and that discovering the scarab beetle had strengthened his delusion. Perhaps Jupiter’s insistence that it was “a bug made of real gold” had contributed as well. Such suggestions could easily carry away a mind inclined to madness, particularly when they agreed with cherished ideas it already held. Then I remembered the poor fellow’s remark that the beetle was “the guide to his fortune.” Altogether, I was deeply troubled and perplexed. Finally, however, I decided to make the best of what I could not avoid: I would dig willingly, and so convince this dreamer all the sooner, through the evidence of his own eyes, that his beliefs were mistaken.

Once the lanterns were lit, we all began working with an enthusiasm that deserved a more sensible cause. As their glare illuminated our bodies and tools, I could not help reflecting on the striking picture we made, and how strange and suspicious our activities would look to anyone who happened to stumble upon us there.

For two hours we dug without slackening.",98fba01f02c8cfcb24d390c2eca8663a5e0cd50957672833d283ff3eedf97250,451,405,0.89800443,pass,,4eb1c6ffa7172ac07f704e9515d26553b41984279a47c922ed294f08a2112f63,codex_session_output,16bd3cd2da4b01dda280dd7c,codex_session
179be45398e1501cae2e0ad5,V2_poe_murders_rue_morgue_010,paraphrase,astra_session,"GPT-6 Astra via Codex, Extra High",,97ba71bd15a53280c53ea4571335a07d577c9bf2576f7c1d1eca6ddf67cd9466,9a0b371938de9938233d44e6cbc6ad8c285c96f692a57c95b976766d85b8c167,,2026-09-27T13:31:42.094762+00:00,session_output_recorded,"To observe a star in passing glances—to regard it obliquely, presenting to it the outer regions of the retina, which are more responsive to faint light than the inner ones—is to see it clearly and perceive its radiance most fully. That radiance diminishes in exact proportion as we direct our sight squarely upon it. More rays indeed enter the eye in the latter instance, but in the former there is a subtler power of apprehension. Excessive depth confuses and weakens our thinking; even Venus herself may be made to disappear from the heavens by an inspection too prolonged, too concentrated, or too direct.

“As to these murders, let us undertake a few investigations of our own before forming a judgment. The inquiry will provide some amusement,” [I found the word oddly chosen in these circumstances, but remained silent] “and, moreover, Le Bon once did me a kindness that I have not forgotten. We shall visit the place and see it for ourselves. I am acquainted with G——, the Prefect of Police, and can readily secure the required permission.”

Permission was secured, and we set out immediately for the Rue Morgue. It is among the wretched streets lying between the Rue Richelieu and the Rue St. Roch. We arrived late in the afternoon, since the district was far removed from our own. The house was easy to locate: a number of people still stood across the street, staring with aimless curiosity at its shuttered windows. It was a commonplace Parisian dwelling, with a gateway beside which stood a glazed watch-box; a sliding pane in its window identified it as the concierge’s lodge. Before entering we continued along the street, turned into an alley, and turned once more to pass behind the building. All the while Dupin surveyed both the house and its surroundings with such minute attention that I could imagine no purpose for it.

We retraced our route to the front of the house, rang the bell, and, after presenting our authorization, were admitted by the officers in charge. Upstairs we entered the room where Mademoiselle L’Espanaye’s body had been discovered, and where both dead women still lay. The room’s confusion had been left untouched, as was customary. I noticed nothing beyond the particulars reported in the “Gazette des Tribunaux.” Dupin examined everything closely, including the victims’ bodies. Afterwards we inspected the remaining rooms and the yard, with a gendarme accompanying us the entire time.",103110911f8ab75a557c93744a8e2f1c543e5a12b0f76d0a3f559cb3b2aefae0,463,407,0.87904968,pass,,6f911cfe2d029c8e4eac0df210b138ed7eb116c031c7031be753c61e9e77e257,codex_session_output,179be45398e1501cae2e0ad5,codex_session
18ad6a23883520b627f34511,V2_twain_tom_sawyer_018,simplify,astra_session,"GPT-6 Astra via Codex, Extra High",,c4be87da3702e4382a3663e5148375a53e337d072ac2d5888a731dd363480caa,a26cb42265922a1901d9cdf78b49836e72158f2fb8222f8a259acce7546dc2e3,,2026-09-27T07:57:03.150359+00:00,session_output_recorded,"There was plenty of cold water to end their feast with. After a while Becky suggested that they start moving again. Tom said nothing for a moment. Then he asked:

“Becky, can you stand it if I tell you something?”

Becky turned pale, but she thought she could.

“Well, Becky, we have to stay here, where we have water to drink. That little piece is our last candle!”

Becky burst into tears and sobs. Tom tried his best to comfort her, but it did little good. At last she said:

“Tom!”

“Yes, Becky?”

“They’ll miss us and come looking for us!”

“Yes, they will! Of course they will!”

“Maybe they’re looking for us right now, Tom.”

“Well, I suppose they might be. I hope so.”

“When would they miss us, Tom?”

“When they get back to the boat, I suppose.”

“Tom, it might be dark by then—would they notice we weren’t there?”

“I don’t know. But your mother would miss you as soon as everyone got home.”

The frightened look on Becky’s face made Tom realize his mistake. Becky was not supposed to go home that night! The children fell silent, thinking. A moment later Becky began crying again, and Tom knew she had thought of the same thing he had: Sunday morning might be half over before Mrs. Thatcher learned that Becky was not at Mrs. Harper’s.

The children stared at their scrap of candle as it slowly, mercilessly melted away. At last only half an inch of wick remained. They watched its weak flame rise and sink, climb the thin trail of smoke, hang at the top for a moment, and then—the horror of complete darkness surrounded them!

Neither could tell how much later it was when Becky slowly became aware that she was crying in Tom’s arms. They knew only that, after what seemed an immense stretch of time, they both woke from a deep, exhausted sleep and faced their misery again. Tom said it might be Sunday now—perhaps even Monday. He tried to get Becky to talk, but she was too weighed down by sorrow. She had lost all hope. Tom said people must have missed them long ago and were surely searching. He would shout, and perhaps someone would come. He tried, but the distant echoes sounded so dreadful in the darkness that he did not try again.

The hours slipped away, and hunger began to torment the trapped children once more. Some of Tom’s half of the cake remained. They split it and ate it, but afterward they seemed hungrier than ever.",81476a76f653fbbea1908203a72025d69a68633e817567d390b7a8c188dea838,451,431,0.9556541,pass,,5cb38ab5e851e707799543bf1ca677f773d9086b0e4126aee13787562b16e219,codex_session_output,18ad6a23883520b627f34511,codex_session
18d2b32adce253beff434bf8,V2_austen_persuasion_009,simplify,astra_session,"GPT-6 Astra via Codex, Extra High",,ac2e2a33caf81ea8285b6a7501bf5218db7df334a3d104c780c3d2b56e4c4466,3e3ef2bce5a365c2df6d7e681f7b3ada4a9eea817c5fbd67588ace7ef8c1a074,,2026-09-27T07:57:49.015580+00:00,session_output_recorded,"Mary never wrote to Bath herself. The entire burden of maintaining a slow and unsatisfying exchange of letters with Elizabeth fell to Anne.

Not long after breakfast, Captain and Mrs. Harville and Captain Benwick arrived. They had arranged to take one last walk around Lyme together. They needed to leave for Uppercross by one o'clock, and until then they meant to stay together and spend as much time outdoors as possible.

As soon as they were all out in the street, Anne found Captain Benwick moving toward her. Their conversation the night before had encouraged him to seek her company again. They walked together for some time, discussing Mr. Scott and Lord Byron as before. They were still no more able to agree completely about the merits of either writer than any two other readers would have been. Then something caused most of the group to change places, and Anne found Captain Harville beside her instead.

“Miss Elliot,” he said quietly, “you have done a kind thing by getting that poor fellow to talk so much. I wish he could have company like yours more often. I know that staying shut away as he does is bad for him, but what can we do? We cannot bear to part.”

“No,” Anne said, “I can easily believe that would be impossible. But perhaps in time—we know how time helps with every kind of grief. And you must remember, Captain Harville, that your friend's loss is still quite recent. Only last summer, I believe.”

“Yes, that's true,” he said with a deep sigh. “Only June.”

“And perhaps he did not learn of it at once.”

“Not until the first week of August, when he came home from the Cape, having just been appointed to the Grappler. I was in Plymouth, dreading news of his arrival. He sent letters ashore, but the Grappler had orders to go to Portsmouth. The news had to reach him there, but who could tell him? I couldn't. I would as soon have been hanged from the yardarm. Nobody could do it except that good fellow.” He pointed to Captain Wentworth. “The Laconia had arrived in Plymouth the week before, with no risk of her going to sea again. He took his chances with the rest. He wrote requesting leave, but traveled night and day to Portsmouth without waiting for an answer. He immediately rowed out to the Grappler and stayed with the poor fellow for a week. That's what he did, and nobody else could have saved poor James. You can imagine, Miss Elliot, how dear he is to us!”

Anne had no doubt about her answer. She said as much as her own feelings allowed and as his seemed able to bear. He was too moved to continue the subject, and when he spoke again, it was about something entirely different.",bad3dcb268b343b05cc202b1fedbaf1d59952992007ae10841f57801392c7f6c,494,476,0.96356275,pass,,639d3a308e8252a8c03d988be36056569fc77a1bfa725e5bbd021e66ad321f3f,codex_session_output,18d2b32adce253beff434bf8,codex_session
18f70dba080fcefd1c257838,V2_wilde_lord_arthur_saviles_crime_005,paraphrase,astra_session,"GPT-6 Astra via Codex, Extra High",,ed62511bba607353a6247e283771f8bfdbb6b6db1e60a964f520bb6ed0c35dcc,b353c9957eed5947a5572457d64f428ab43dd15c2c78f03a43b5dbf3d6c74a17,,2026-09-26T11:15:32.279083+00:00,session_output_recorded,"All at once Mr. Podgers released Lord Arthur’s right hand and took his left, stooping so closely over it that the golden rims of his spectacles appeared almost to brush the palm. For an instant his face was a pallid mask of terror; then he regained his composure and, raising his eyes to Lady Windermere, observed with a constrained smile, ‘It is the hand of a most charming young man.

‘Naturally it is!’ Lady Windermere replied. ‘But is he to make a charming husband? That is what I wish to hear.’

‘All charming young men do,’ answered Mr. Podgers.

‘I should not wish a husband to be too fascinating,’ Lady Jedburgh murmured thoughtfully. ‘It is so very dangerous.’

‘My dear child, they are never too fascinating,’ exclaimed Lady Windermere. ‘But I am asking for particulars. Particulars are the only interesting things. What is to happen to Lord Arthur?’

‘Well, before many months have passed, Lord Arthur will undertake a voyage—’

‘Oh, yes—his honeymoon, naturally!’

‘And suffer the loss of a relative.’

‘Not his sister, I trust?’ asked Lady Jedburgh in a plaintive voice.

‘Certainly not his sister,’ Mr. Podgers replied, waving a hand in gentle protest. ‘Only a distant relation.’

‘Well, I am terribly disappointed,’ said Lady Windermere. ‘I have nothing whatever to tell Sybil tomorrow. Nobody troubles about distant relations nowadays. They ceased to be fashionable years ago. Still, I suppose she ought to have some black silk ready; one can always wear it to church, you know. And now we must go down to supper. They will surely have eaten everything, but perhaps there is some hot soup left. François once made admirable soup, but politics have excited him so much lately that I never feel quite sure of him. I do wish General Boulanger would remain quiet. Duchess, you must be tired?’

‘Not in the least, dear Gladys,’ replied the Duchess, waddling towards the door. ‘I have enjoyed myself exceedingly, and the chiropodist—I mean the chiromantist—is most interesting. Flora, what has become of my tortoiseshell fan? Oh, Sir Thomas, thank you so much. And my lace shawl, Flora? Oh, thank you, Sir Thomas; you are very kind indeed.’ The good creature eventually contrived to reach the floor below without dropping her scent-bottle more than twice.

Throughout this conversation Lord Arthur Savile had stood beside the fireplace, oppressed by the same dread, the same sickening anticipation of evil. As his sister swept past on Lord Plymdale’s arm, beautiful in pink brocade and pearls, he gave her a melancholy smile. He scarcely heard Lady Windermere calling him to follow. His thoughts were with Sybil Merton, and the possibility that anything might part them brought a mist of tears to his eyes.",c38d43d99c865114ffd03a85d6c5c8690ec266dc3b76e063ec1f2c722b2b1aec,468,455,0.97222222,pass,,d18a3c576d17fb1fd498728d2571d6ab0536ab8a1a46399825937514113ea245,codex_session_output,18f70dba080fcefd1c257838,codex_session
1a0d0525c2d4b9b913ef86c3,V2_twain_tom_sawyer_007,modernize,astra_session,"GPT-6 Astra via Codex, Extra High",,c95dd4eeb6ebf770d9795544a1d48598b77aa87c0f1e6f5f2c6959187544c72c,151e3318d99060d83b741b9ae824024c6b098a4140e43eab2cb4cef8e39c6891,,2026-09-27T13:28:45.524032+00:00,session_output_recorded,"“I agree. It's the best thing to do. Should we just hold hands and swear that we—”

“Oh no, that won't do for this. That's good enough for little ordinary things—especially with girls, because they go back on you anyway and tell everything if they get mad—but something this big ought to be in writing. And blood.”

Tom welcomed the idea with his whole being. It was profound, dark, and terrible; the hour, the circumstances, and their surroundings all suited it. He picked up a clean pine shingle lying in the moonlight, took a small piece of red chalk from his pocket, and positioned his work where the moon would light it. Then he laboriously scrawled these lines, gripping his tongue between his teeth with every slow downward stroke and relaxing it on the upward strokes.

“Huck Finn and Tom Sawyer swear they will keep quiet about This and They wish They may Drop down dead on the Spot if They ever Tell and Rot.”

Huckleberry was full of admiration for Tom's skill at writing and the grandeur of his language. He immediately took a pin from his lapel and prepared to prick himself, but Tom said:

“Wait! Don't do that. A pin's brass. It might have that green stuff on it.”

“What green stuff?”

“It's poison, that's what. Just swallow some sometime—you'll see.”

So Tom unwound the thread from one of his needles, and each boy pricked the pad of his thumb and squeezed out a drop of blood. Eventually, after a good deal of squeezing, Tom managed to sign his initials, using the tip of his little finger as a pen. Then he showed Huckleberry how to write an H and an F, and the oath was complete. They buried the shingle near the wall with some gloomy ceremonies and chants, and considered the chains binding their tongues locked, with the key thrown away.

A figure now crept quietly through a gap at the other end of the ruined building, but they failed to notice it.

“Tom,” Huckleberry whispered, “does this mean we can never tell—for as long as we live?”

“Of course it does. Whatever happens, we've got to keep quiet. We'd drop down dead—don't you know that?”

“Yes, I guess that's right.”

They went on whispering for a little while. Then a dog began a long, mournful howl just outside, less than ten feet away. The boys suddenly clutched each other in an agony of terror.

“Which one of us does he mean?” Huckleberry gasped.

“I don't know—look through the crack. Quick!”

“No, you do it, Tom!”

“I can't—I can't do it, Huck!”",24e5fc1ad1ba9acd539193f19a62b9d0380b07815810db0056deea0fb298bb86,450,444,0.98666667,pass,,1e122c47e84bb5984d73f7859de5f07a4012f07ea8b6747d189412e55ec560c1,codex_session_output,1a0d0525c2d4b9b913ef86c3,codex_session
1a2941710e3b567b5f460454,V2_dickens_great_expectations_002,simplify,astra_session,"GPT-6 Astra via Codex, Extra High",,85884beab6bb6f0df51611cdde62cb79197a514bfaf5b9d50e3cc4e820619c44,f0f7f6ad7d4ee8d1d8fc448560921a0db168f38cd772fd6f4d7ef99528e2d119,,2026-09-27T13:35:21.164183+00:00,session_output_recorded,"‘No one raising you by hand then. Not at all!’

Joe offered me more gravy, but I was afraid to accept it.

‘He gave you a world of trouble, ma'am,’ said Mrs. Hubble, sympathizing with my sister.

‘Trouble?’ my sister repeated. ‘Trouble?’ Then she launched into a dreadful list of all the illnesses I had been guilty of, all the nights I had wickedly stayed awake, all the high places I had fallen from and the low places I had fallen into, every injury I had done myself, and every time she had wished me in my grave and I had stubbornly refused to go.

I think the Romans must have irritated one another terribly with their noses. Perhaps that explains why they were such restless people. At any rate, Mr. Wopsle's Roman nose annoyed me so much during the account of my misdeeds that I wanted to pull it until he howled. Yet everything I had suffered so far was nothing beside the terrible feelings that came over me when the silence following my sister's account was broken. Throughout that silence, as I was painfully aware, everyone had stared at me with anger and disgust.

‘Still,’ said Mr. Pumblechook, gently guiding the company back to the subject they had wandered from, ‘pork, when it's boiled, is rich too, isn't it?’

‘Have a little brandy, Uncle,’ said my sister.

Oh heavens, the moment had finally come! He would notice it was weak, he would say so, and I would be ruined. With both hands, I gripped the table leg beneath the cloth and waited for my fate.

My sister fetched the stone bottle, returned with it, and poured him some brandy. Nobody else took any. The wretched man played with his glass, picking it up, holding it to the light, and setting it down again, stretching out my torment. All the while, Mrs. Joe and Joe were busily clearing the table for the pie and pudding.

I could not stop watching him. Still clinging to the table leg with both hands and feet, I saw the miserable creature toy with his glass, lift it, smile, tip his head back, and swallow the brandy. Instantly the whole company was struck with utter alarm. He leapt to his feet, spun around several times in a dreadful, jerking dance of whooping coughs, and rushed out the door. Then we could see him through the window, lunging about and spitting violently, pulling hideous faces and apparently out of his mind.

I kept holding tight while Mrs. Joe and Joe ran to help him.",1c4d3181a4180f6331d987c26a34abff4a1486c0f6b0fd082569a8ef39853aa1,459,429,0.93464052,pass,,5cd968b5becd03b3a046b8f17dd65d58a26b867077ce92b02e9a39cecd6cedce,codex_session_output,1a2941710e3b567b5f460454,codex_session
1a9fd709929302112a1e6ca3,V2_shelley_mathilda_013,modernize,astra_session,"GPT-6 Astra via Codex, Extra High",,e4f0dfd994038ccd642e03633a29b5ab47c2b589273afc6b9bbb18ffce531534,e5f709a800f0f6984fedb874ba868e1c4ff922f2ea8b0f39527428cfb2c678b1,,2026-09-27T08:00:45.527854+00:00,session_output_recorded,"I would pretend to die. My satisfied heirs would take my wealth, and I would buy my freedom. But the plan had to be carefully devised. I could not leave myself penniless; I needed to secure some money. What degrading tricks would I be driven to? Yet the alternative was an entire life of lies. Whenever guilt at planning a deception made me recoil, a visit from some aunt or cousin inevitably drew me back and strengthened my resolve. They would tell me that everyone must die, then suggest that my father had surely lost his mind after my mother’s death. He had been mad, they said, and I was fortunate: in one of his fits, he might have killed me instead of destroying his own deranged life. Naturally, all this was delicately expressed, never in blunt language that might hurt my feelings, but

Whispered here and there, in dark hints, soft and low,

with lowered eyes and sympathetic smiles or whimpers. I listened with a calm face while every nerve shook, unable to say either yes or no to all this blasphemy. What a delightful life, so entirely free of deceit! I wore the look of a dove and carried the heart of a fox. For I felt only the humiliation of lying, without any sacred sense of my own innocence to redeem it. Once I had dressed myself in the shining garment of sincerity; now I must borrow one of many colors. At first it might fit awkwardly, but practice would teach me to arrange its folds elegantly, to lie with grace. Yes, I could stain my soul with falsehood until its natural color was completely hidden. Beloved father, accept your unhappy daughter’s pure heart. Let me join you as unstained as I once was, or you will not recognize what I have become. As grief might alter Constance, deceit would alter me, until in heaven you would say, “This is not my child.” My father, to be happy now and when we meet again, I must escape this whole life, which mocks someone like me. Only in solitude will I be myself; in solitude I will be yours.

Even now I look back with disgust on the tricks and schemes by which, after many painful struggles, I arranged my escape. I could describe at length the methods I used, first to secure a small income for the rest of my life, and then to convince everyone I was dead. I could, but I will not.",e65b13e30d64d7d2cae44955dd0b4fbc20fdf1c9497757c0d26800d490540314,451,418,0.92682927,pass,,e2aef72888e6fe28c52cbed1ce6661cecfe2d18463ec52059ea97da456700d07,codex_session_output,1a9fd709929302112a1e6ca3,codex_session
1d851af56c58ff1ceb79dc3d,V2_poe_murders_rue_morgue_007,simplify,astra_session,"GPT-6 Astra via Codex, Extra High",,87e552d288f114a59546682b70253f280f338a3e7ae9d0113532f5c352aed5cf,79b5a9a42e018ba4414e8e67d7beada34e98f7ce779c680e4711b4e3896dc889,,2026-09-27T13:28:45.520042+00:00,session_output_recorded,"The witness could not be sure whether the voice belonged to a man or a woman. He could not understand the words, but thought the language was Spanish. His description of the room and the bodies matched the account we gave yesterday.

“Henri Duval, a neighbor who works as a silversmith, states that he was among the first people to enter the house. He generally supports Musèt's account. Once they forced their way inside, they shut the door again to keep out the crowd, which was gathering very quickly despite the late hour. This witness thinks the high-pitched voice belonged to an Italian. He was certain it was not French. He could not be sure that the speaker was a man; it might have been a woman. He did not know Italian and could not make out any words, but the sound of the voice convinced him the speaker was Italian. He knew Madame L. and her daughter and had often spoken with both. He was certain that the high-pitched voice belonged to neither of the dead women.

“——Odenheimer, restaurant owner. This witness came forward of his own accord. As he speaks no French, he was questioned through an interpreter. He comes from Amsterdam. He was passing the house when he heard the screams. They continued for several minutes, probably ten. They were long and loud, and extremely frightening and distressing. He was among those who entered the building. He agreed with all the earlier evidence except on one point. He was certain the high-pitched voice belonged to a man, a Frenchman. He could not understand the words. They were loud, rapid, and uneven, apparently spoken in fear as well as anger. The voice was harsh—more harsh than high-pitched. He would not describe it as high-pitched. The deep, rough voice repeatedly said ‘sacré’ and ‘diable,’ and once ‘mon Dieu.’

“Jules Mignaud, banker at Mignaud et Fils, Rue Deloraine. He is the older Mignaud. Madame L'Espanaye owned some property. She had opened an account with his bank in the spring eight years earlier. She often deposited small amounts. She had never withdrawn anything until three days before her death, when she came in herself and withdrew 4,000 francs. The bank paid her in gold, and a clerk accompanied the money home.

“Adolphe Le Bon, a clerk at Mignaud et Fils, states that around noon on that day he accompanied Madame L'Espanaye to her home, carrying the 4,000 francs in two bags. When the door opened, Mademoiselle L. appeared and took one bag from his hands, while the old lady took the other.",ce0fbdf66fa09a2e440d5e628f2089bdcc7c73abd390ec40c226d7f071cc1e45,453,434,0.9580574,pass,,c1d4f233e6c8ffc7078cbc98505c65847385b6d33b26b01dd39dc4f6f380f806,codex_session_output,1d851af56c58ff1ceb79dc3d,codex_session
1eb49f6ba726459f4bfdfdf8,V2_poe_murders_rue_morgue_010,simplify,astra_session,"GPT-6 Astra via Codex, Extra High",,97ba71bd15a53280c53ea4571335a07d577c9bf2576f7c1d1eca6ddf67cd9466,7cdc53047bd723890fbf4a4a4bb546d286b86a80af67c8038dbcc897ba912c62,,2026-09-27T07:57:03.234482+00:00,session_output_recorded,"To see a star clearly, glance at it from the side, letting its light fall on the outer parts of the retina, which respond better to faint light than the inner parts. This gives you the clearest sense of its brightness. The more directly you look at it, the dimmer it becomes. More rays of light actually enter the eye when you look straight at it, but a sideways glance allows you to perceive it more sensitively. Thinking too deeply can confuse and weaken our thoughts. Even Venus can be made to disappear from the sky if we stare at her too steadily, too intently, or too directly.

“As for these murders, let us investigate a little ourselves before forming an opinion about them. The inquiry will give us some amusement”—I thought that a strange word to use, but said nothing—“and besides, Le Bon once did me a favor that I have not forgotten. We will go and look at the place ourselves. I know G——, the chief of police, and should have no trouble getting the permission we need.”

Permission was granted, and we went straight to the Rue Morgue. This is one of the wretched streets between the Rue Richelieu and the Rue St. Roch. We arrived late in the afternoon, since the neighborhood was far from the one where we lived. The house was easy to find. Across the street, many people were still staring up at its closed shutters with idle curiosity. It was an ordinary Paris house with a gateway. On one side stood a small glass-fronted booth with a sliding window panel, showing that this was the caretaker’s room. Before entering, we walked farther up the street, turned into an alley, and turned again to pass behind the building. All the while, Dupin examined the house and the entire neighborhood with such close attention to detail that I could not imagine what purpose it served.

We went back the way we had come and returned to the front of the house. We rang the bell, showed our papers, and were let in by the officers in charge. We climbed the stairs to the room where Mademoiselle L’Espanaye’s body had been found and where both victims still lay. As was usual, the room’s disorder had been left untouched. I saw nothing beyond what the “Gazette des Tribunaux” had reported. Dupin examined everything closely, including the victims’ bodies. We then visited the other rooms and the yard, with a police officer accompanying us the whole time.",d49313d7f55399796e2d2319ad4a31a0a2eab0485edced69dc1052377b6ce55f,463,422,0.91144708,pass,,4ea6afdffbe8d97445e78a72c991d1cd242100e037837629e7d9b365359df93f,codex_session_output,1eb49f6ba726459f4bfdfdf8,codex_session
1f10e32fbdc7fa5317151edc,V2_wilde_dorian_gray_014,simplify,astra_session,"GPT-6 Astra via Codex, Extra High",,ebfe5d2c013c956bc041c1b70936a88e1a500f1e67d372520efdf7574ca8b6fe,043e66328a804b507dafa7d46e46bb3924c344d188a1334ff2a17074f3907af0,,2026-09-27T08:05:25.663809+00:00,session_output_recorded,"“They ought to concern you, Dorian. Every gentleman cares about his reputation. You don't want people to describe you as someone filthy and corrupt. Of course you have your social standing, your money, and all the rest. But wealth and rank aren't everything. Understand, I don't believe these rumors. At least, when I look at you, I cannot believe them. Sin leaves its marks on a man's face. It cannot stay hidden. People sometimes speak of secret vices, but there is no such thing. If a man has a shameful habit, you see it in the lines around his mouth, in his drooping eyelids, even in the shape of his hands. Last year someone came to ask me to paint his portrait. I won't give his name, but you know him. I had never seen him before, and at that time I had heard nothing about him, though I have heard plenty since. He offered me an enormous sum. I turned him down. There was something about the shape of his fingers that repelled me. I now know that my impression of him was entirely right. He leads a terrible life. But your face, Dorian, looks so pure, so bright and innocent, and your wonderful youth seems untouched by trouble. I cannot believe anything bad about you. Yet I hardly see you, and you never visit the studio anymore. When we are apart and I hear the awful things people whisper about you, I don't know how to answer. Why does a man like the Duke of Berwick leave a room at his club when you walk in? Why do so many gentlemen in London refuse to visit your house or welcome you into theirs? You were once friends with Lord Staveley. I saw him at dinner last week. Your name came up when we were discussing the miniature paintings you lent to the exhibition at the Dudley. Staveley sneered and said that you might have excellent artistic taste, but no innocent girl should be allowed to meet you, and no respectable woman should share a room with you. I reminded him that you were my friend and asked what he meant. He told me, openly, in front of everyone. It was dreadful! Why does being your friend ruin young men? That poor boy in the Guards killed himself. You were one of his closest friends. Then there was Sir Henry Ashton, who had to leave England with his reputation destroyed.”",cb93c655fb4db11fec54f5e3fe066df460211be74bbf8d30b504fde425c8b9cf,453,411,0.90728477,pass,,27accc69d45fab03678f26d263af77e73b722cfec817802f9120768c42f927d5,codex_session_output,1f10e32fbdc7fa5317151edc,codex_session
2179abaf80810ca5f85af46c,V2_poe_hans_pfaal_005,simplify,astra_session,"GPT-6 Astra via Codex, Extra High",,8eafe8c2187349d81b82c79983045b2192035bce607d08ead71066ece6662812,05ba239d4004b3dc25dd5b0c60de2105b60d761a4c2fb83f43d86e3ca6a8b019,,2026-09-27T07:59:07.324629+00:00,session_output_recorded,"Indeed, I had no worries about her. She was what people call a capable woman and could manage her affairs without my help. In truth, I believe she always thought of me as a lazy boy, a useless extra, good only for building castles in the air, and was rather pleased to see me go. It was a dark night when I said goodbye. Taking along as assistants the three creditors who had caused me so much trouble, I carried the balloon, its basket, and its equipment with them by an indirect route to the place where we had stored the other supplies. Everything was still untouched, and I immediately set to work.

“It was the first of April. As I have said, the night was dark, without a single visible star. Drizzling rain fell now and then, making us very uncomfortable. My main worry, though, was the balloon. Despite its protective varnish, it was becoming heavy with moisture, and the powder could also be damaged. I therefore kept my three creditors hard at work, packing ice around the middle barrel and stirring the acid in the others. They constantly bothered me with questions about what I meant to do with all this equipment, and complained bitterly about the exhausting work. They could not see, they said, what good could come from getting soaked to the skin simply to take part in such dreadful spells. I grew anxious and worked with all my strength. I honestly believe the fools thought I had made a bargain with the devil and that my present activities were thoroughly wicked. I was therefore terribly afraid they would abandon me altogether. Still, I managed to calm them by promising to pay every debt in full as soon as I finished the business at hand. Naturally, they interpreted my promises in their own way. They doubtless imagined that, whatever else happened, I would acquire a vast amount of ready cash. Provided I paid everything I owed them, with a little extra for their work, I dare say they cared very little what became of either my soul or my body.

“After about four and a half hours, I found the balloon inflated enough. I attached the basket and loaded all my tools into it. I made sure to include the condensing equipment, a plentiful supply of water, and a large store of food, such as pemmican, which packs a great deal of nourishment into a fairly small amount of space.",fcbe90e7cf2da29ea710fd385ddd877507a0847d537412eb95671d45d54e8482,472,414,0.87711864,pass,,5571c7508679e0ecf52243a27ae0786f64488898981a2430e97e452cc64484d3,codex_session_output,2179abaf80810ca5f85af46c,codex_session
2280a9c68243c7329f37cd76,V2_twain_huckleberry_finn_007,simplify,astra_session,"GPT-6 Astra via Codex, Extra High",,1a21f278b419b4bc66cd0377a7f223f2772e582bf37a4153335707789048be33,ca923e4b5ba14ef79d17031e2bb0c5f0cd376e907cefdf4c0c61815865f2f0f8,,2026-09-27T13:33:54.924419+00:00,session_output_recorded,"I hated hearing Jim say that; it made me think so much less of him. My conscience began troubling me worse than ever, until finally I told it, “Leave me alone—it isn’t too late. I’ll paddle ashore at the first light I see and tell on him.” Right away I felt peaceful and happy, light as a feather. Every worry disappeared. I began watching carefully for a light and singing a little to myself. After a while one appeared. Jim shouted:

“We’re safe, Huck, we’re safe! Jump up and kick your heels together! That’s good old Cairo at last—I just know it!”

I said:

“I’ll take the canoe and check, Jim. It might not be, you know.”

He jumped up and prepared the canoe, laid his old coat in the bottom for me to sit on, and handed me the paddle. As I pushed away, he said:

“Soon I’ll be shouting with joy, and I’ll say it’s all thanks to Huck. I’m a free man, and I never could have been free without Huck. Huck did it. Jim will never forget you, Huck. You’re the best friend Jim ever had, and you’re the only friend old Jim has now.”

I was paddling away, all worked up and eager to report him. But those words seemed to drain all the strength out of me. I slowed down, no longer sure whether I was glad I had set off. When I was fifty yards away, Jim called:

“There goes faithful old Huck—the only white gentleman who ever kept a promise to old Jim.”

Well, I felt sick. But I told myself I had to do it; there was no way out. Just then a small boat came along with two men carrying guns. They stopped, and so did I. One asked:

“What’s that over there?”

“Part of a raft,” I said.

“Are you travelling on it?”

“Yes, sir.”

“Any men aboard?”

“Just one, sir.”

“Well, five slaves ran away tonight from up there, above the bend. Is your man white or Black?”

I didn’t answer straight away. I tried, but no words came. For a second or two I tried to summon the courage to say it, but I wasn’t man enough. I didn’t have a rabbit’s nerve. I could feel myself weakening, so I stopped trying and said:

“He’s white.”

“I think we’ll go and look for ourselves.”

“I wish you would,” I said, “because it’s my father over there, and maybe you could help me tow the raft ashore to that light.",5d77affab37e1974ed53939c47fef21a7312d44a001a176130bfda68967a615a,466,425,0.91201717,pass,,bd756d8719dda706c968b4fad99358bbb81bf75da048599ceefe98b128c1f24d,codex_session_output,2280a9c68243c7329f37cd76,codex_session
25206fa36999ea2c58b91225,V2_austen_emma_008,paraphrase,astra_session,"GPT-6 Astra via Codex, Extra High",,db77ea49bb690ae9a8cdcbf7d6aa033b89c8521ed7bc2c5f10ec13f68624d5b0,75507aa7c192e2845aaa2f7299fcbae39c782f71373ac4e9ce0d9622abc121d1,,2026-09-27T13:32:43.835454+00:00,session_output_recorded,"Throughout his present brief visit, Emma had seen scarcely anything of him, though enough to feel that the first encounter was behind her, and to conclude that the blend of resentment and self-importance now marking his manner was no improvement. Indeed, she was beginning to marvel that she had ever found him agreeable. The sight of him was bound so closely to unpleasant sensations that, save as a moral exercise—a penance, a lesson, a salutary humiliation of her pride—she would gladly have learned that she need never see him again. She wished him every happiness; but he caused her pain, and his prosperity at twenty miles’ distance would have pleased her best.

His marriage, however, must surely soften the discomfort of his continuing to live in Highbury. It would forestall many needless anxieties and ease many awkward situations. A Mrs. Elton would justify any alteration in their intercourse; their old familiarity could diminish unnoticed. Their civil relations would almost begin afresh.

Emma gave little thought to the lady herself. Doubtless she was sufficiently good for Mr. Elton, sufficiently accomplished for Highbury, sufficiently handsome—probably to appear plain beside Harriet. Concerning her connections Emma felt entirely secure, convinced that, after boasting of his own claims and scorning Harriet’s, he had gained nothing. On this subject the truth seemed discoverable. What sort of person she was remained uncertain, but who she was could be established; and apart from the ten thousand pounds, she seemed in no respect Harriet’s superior. She contributed neither a distinguished name nor ancestry nor alliance. Miss Hawkins was the younger of two daughters of a Bristol—merchant, as of course one must call him. Yet the whole proceeds of his commercial career appeared so modest that one might fairly suppose the dignity of his trade equally modest. She had customarily spent part of each winter in Bath, but Bristol was her home, the very centre of Bristol. Although her parents had died some years earlier, an uncle survived—in the law. No more precisely honourable description had been ventured than that he was in the law, and the daughter had lived with him. Emma imagined him some attorney’s overworked subordinate, too dull to advance. The entire magnificence of the connection seemed to rest upon the elder sister, who had married very well indeed: a gentleman living in great style near Bristol, who maintained two carriages! There the account concluded; there lay Miss Hawkins’ glory.",14175e1439763b0cc928216bc7dd6a5eb1be94b1d0bd2c53e2e4d0090ba06ca5,458,408,0.89082969,pass,,fcac2de48cbcc044e51ff285045a3745b859b7c0af790012d7ea92538a7b1778,codex_session_output,25206fa36999ea2c58b91225,codex_session
25da85652df066d36fe1fbfb,V2_poe_hans_pfaal_009,paraphrase,astra_session,"GPT-6 Astra via Codex, Extra High",,e450bb7a06c860a1a364f313b8be917bff860b1050b36e7a4121bcf594e54f2b,ec888b96053a6a938d88a8eebd4b67e8b1aa1472bf3c2b20a2c224090579d3cb,,2026-09-27T13:32:52.169472+00:00,session_output_recorded,"Meanwhile, the force of gravity would continually decrease in proportion to the squares of the distances; and so, with my speed increasing enormously, I would eventually reach those remote regions in which the moon's attraction would take precedence over the earth's. Following this reasoning, I judged it unnecessary to burden myself with provisions exceeding what forty days would require.

“There remained, nevertheless, a further difficulty that caused me a degree of uneasiness. It has been noted that balloon ascents to considerable elevations produce, beyond painful respiration, marked discomfort in the head and body. This is often attended by bleeding from the nose and other alarming symptoms, all becoming increasingly troublesome with the height achieved. Such a consideration was somewhat startling. Might these symptoms not intensify without limit, or at least until death put an end to them? I ultimately decided otherwise. Their source must lie in the gradual withdrawal of the ordinary atmospheric pressure from the body's surface, and the resulting swelling of the outer blood vessels, rather than in an actual derangement of the animal system. Difficulty of breathing, by contrast, arises when the atmosphere's density is chemically inadequate for the proper renewal of blood within a ventricle of the heart. Except where this renewal failed, I could therefore perceive no reason why existence might not continue even in a vacuum. The expansion and contraction of the chest, generally termed breathing, is an entirely muscular action, and the cause of respiration rather than its consequence. In brief, I supposed that as the body accustomed itself to the absence of atmospheric pressure, its painful sensations would lessen by degrees; and for bearing them during their continuance, I trusted confidently to the iron toughness of my constitution.

“Thus, with your Excellencies' permission, I have set out some, though certainly not all, of the reflections that brought me to conceive a voyage to the moon. I shall next present the outcome of an enterprise seemingly so daring in conception, and in any case wholly without precedent in the history of mankind.

“On reaching the elevation already specified—three miles and three-quarters—I cast a quantity of feathers out of the car and discovered that my ascent remained sufficiently rapid. There was consequently no need to release any ballast. This pleased me, since I was anxious to keep as much weight aboard as I could bear, for reasons that will become clear later.",cec567947b41b44b4c3c40f2fbdad2a341489d36f57365e913762481005f07ea,453,400,0.88300221,pass,,cf68ca83857e8690f8c82fe5f3676cc69c02f48d76c6e6097d495236858c015a,codex_session_output,25da85652df066d36fe1fbfb,codex_session
26136afc50e0f792d72743f2,V2_wilde_lord_arthur_saviles_crime_007,paraphrase,astra_session,"GPT-6 Astra via Codex, Extra High",,bb1d07c00dc77bd63a554488c064feef14dc3361bf707d3654cc76cc7342481f,41f5738984a45eba23ebef051fb0ec01455bbf0d224010b3385f9601f74b4165,,2026-09-27T08:01:03.094422+00:00,session_output_recorded,"Ten minutes afterwards, his face white with fear and his eyes distraught with sorrow, Lord Arthur Savile hurried out of Bentinck House. He forced a passage through the fur-clad footmen gathered about the great striped awning, apparently neither seeing nor hearing anything. The night was bitterly cold, and the gaslights around the square flickered and blazed in the sharp wind; yet his hands were feverishly hot, and his brow seemed on fire. He pressed onward and onward with something of a drunken man's step. A policeman watched him curiously as he went past, and a beggar who shuffled out from an archway seeking charity drew back in alarm at the sight of misery exceeding his own. Once he paused beneath a lamp to inspect his hands. Already he fancied he could distinguish bloodstains on them, and a weak cry escaped his shaking lips.

Murder! That was what the palm-reader had discovered there. Murder! The night itself appeared aware of it, and the mournful wind seemed to shriek the word into his ear. It filled the shadowy street corners. It leered down from the house roofs.

He reached the Park first, drawn, it seemed, by its gloomy woods. Wearily he rested against the railings, pressing his forehead to the cool, wet iron and attending to the quivering silence among the trees. “Murder! Murder!” he murmured again and again, as though repetition might lessen the word's horror. His own voice sent a shudder through him, yet he almost wished that Echo would overhear and rouse the sleeping city from its dreams. A frantic impulse seized him to detain some passing stranger and confess it all.

Afterwards he strayed across Oxford Street and into narrow, disreputable lanes. Two painted women jeered as he passed. From a black courtyard sounded curses and blows, succeeded by piercing cries; on a wet doorstep he noticed the bent shapes of old age and poverty huddled together. An unfamiliar compassion possessed him. Had these offspring of misery and sin been destined for their fate, as he was for his? Were they also nothing but puppets in some monstrous spectacle?

Yet what impressed him was less suffering's mystery than its comedy: its utter futility and grotesque absence of purpose. Everything appeared so disconnected, so devoid of harmony! He marvelled at the clash between the day's facile optimism and the actual conditions of existence. He was still exceedingly young.

Presently he discovered that he stood before Marylebone Church. The quiet road resembled a long ribbon of burnished silver, marked here and there with the dark arabesques of moving shadows.",ae5b2be8a7cd5fb0bd14ed7f7b4d7603eb1fd60e2ceb0968fbb617c27d9ca696,460,429,0.9326087,pass,,1f506f43951ca1df858a6947f4eb1eca2bc9cd01453ee6b259609c5304fd1c24,codex_session_output,26136afc50e0f792d72743f2,codex_session
2820a4d31a0f4bc66aea6b6a,V2_shelley_the_last_man_015,modernize,astra_session,"GPT-6 Astra via Codex, Extra High",,04a8b46838ea565ec31588527c010cf03c35f0f05e7119dde4c05f68bc8a7d6a,70b0849c7dd2f3f23f23827efeb97ecb4fe92c4fbd63b639ce6e336ebee85ead,,2026-09-27T07:59:42.110634+00:00,session_output_recorded,"He told us that, travelling from his home through Datchet, he had been surprised to see smoke rising from the inn’s chimney. Thinking he might find fellow travellers gathered there, he knocked and was let in. Only Lucy and her mother were in the house. An attack of rheumatism had left her mother unable to use her limbs, and one after another the remaining people in the district had departed, leaving the two women alone. Lucy begged him to stay. In a week or two her mother would improve, and then they could leave; if abandoned in such a helpless and lonely state, they would die. The man explained that his wife and children were already among the emigrants, which, in his view, made it impossible to remain. As a last resort, Lucy entrusted him with a letter for Idris, to be delivered wherever he encountered us. This responsibility, at least, he carried out, and Idris was deeply moved as she received the following letter:

“DEAR LADY,

“I am certain you will remember me and feel for me, and I dare to hope you will help. What other hope do I have? Please forgive the way I write; I am so distressed and confused. A month ago, my dear mother lost the use of her limbs. She is improving already, and I am sure that in another month she could travel with the arrangements you so kindly offered to make for us. But now everyone has gone—everyone. As they left, each person said that perhaps my mother would recover before we were entirely deserted. Three days ago I went to see Samuel Woods, who had stayed behind until the last because of his newborn child. Since his family is large, I hoped to persuade them to wait a little longer for us. Instead, I found their house empty. I had seen no one since then until this kind man arrived. What will become of us? My mother does not know our situation. She is so ill that I have kept it from her.

“Won’t you send someone to help us? I am sure that, left as we are, we will die in misery. If I tried to move my mother now, she would die on the road. And if, once she improves, I somehow managed—I cannot imagine how—to find the right roads and travel all those many, many miles to the sea, you would already be in France. Between us would lie the great ocean, which frightens even sailors.”",2e26052f1f3af08095535ec21cdb35bb3e3fd01c6a89a7e051fc589471070418,453,422,0.93156733,pass,,f67f4d09f0e5b3bfd6b06fd43e959977fdb0e74199a654ed94d8427d6e2408bc,codex_session_output,2820a4d31a0f4bc66aea6b6a,codex_session
2a15f13377ef494637c89965,V2_twain_huckleberry_finn_003,simplify,astra_session,"GPT-6 Astra via Codex, Extra High",,f0a6241f4841b903b18de6991053dd6905c92e9eae6e4391b5af79c3bdf501c5,7e03c986ba784b139f59138fed4409dcd9ee54c7a163b3395ed12706a0c8d030,,2026-09-27T07:57:34.002387+00:00,session_output_recorded,"“Get up! What are you doing?”

I opened my eyes and looked around, trying to work out where I was. The sun was already up, and I’d been fast asleep. Pap stood over me, looking both sick and angry. He said:

“What are you doing with that gun?”

I figured he didn’t remember anything he’d done, so I said:

“Somebody tried to get in, so I was waiting for him.”

“Why didn’t you wake me?”

“I tried, but I couldn’t. I couldn’t get you to move.”

“Well, all right. Don’t stand there talking all day. Get outside and see if there’s a fish on the lines for breakfast. I’ll come along in a minute.”

He unlocked the door, and I hurried out and up the riverbank. Bits of branches and other things were floating downstream, along with scattered pieces of bark. That told me the river was starting to rise. I thought what a fine time I could have if I were over in town. The rising water in June had always brought me luck. As soon as it began, firewood came floating down, along with broken sections of log rafts—sometimes a dozen logs together. All you had to do was catch them and sell them to the lumberyards and the sawmill.

I walked up the bank, keeping one eye out for Pap and the other on whatever the rising river might bring. All of a sudden a canoe appeared, a beauty about thirteen or fourteen feet long, floating high like a duck. I dived headfirst off the bank like a frog, with all my clothes on, and swam toward it. I half expected somebody to be lying inside. People often did that as a trick: they would wait until someone had rowed a little boat almost within reach, then sit up and laugh at him. But there was nobody this time. The canoe really had drifted loose. I climbed in and paddled it ashore. The old man will be pleased to see this, I thought. It’s worth ten dollars. But when I reached shore, Pap still wasn’t in sight. As I steered into a narrow little creek overhung with vines and willows, another idea came to me. I would hide the canoe carefully. Then, when I ran away, I could go about fifty miles downriver and camp in one place for good, instead of heading into the woods and wearing myself out walking.

I was quite close to the shack, and I kept thinking I heard the old man coming. Still, I managed to hide the canoe. Then I got out and peered around a clump of willows. There he was a little way down the path, taking aim at a bird with his gun.",34235e6aa70b52c2921a60f968344661a8a9c19b46d004b836c6f89e8d16e54c,495,457,0.92323232,pass,,d07ed27d37e3c94bafd5133d32e8bab94ed1a9ec9fc5c252fb5e6bb2143dfa88,codex_session_output,2a15f13377ef494637c89965,codex_session
2a274b57c3fa0f9083237c85,V2_dickens_oliver_twist_003,paraphrase,astra_session,"GPT-6 Astra via Codex, Extra High",,3bd214f1054b34c1836a64a5f5b384d6ac53537a0ac8469be7aeaa3022f5b6f1,0b0154c7dac41d55f9545aee79697f367581f604884b4b8f75ec0561995a97f6,,2026-09-27T08:02:21.360847+00:00,session_output_recorded,"You've encouraged an artificial soul and spirit in him, ma'am, quite unbefitting his station: as the board, Mrs. Sowerberry, being practical philosophers, will assure you. What concern have paupers with souls or spirits? It's enough that we permit them to keep their bodies alive. Had you fed the boy on gruel, ma'am, this never would have occurred.”

“Dear me, dear me!” cried Mrs. Sowerberry, lifting her gaze devoutly towards the kitchen ceiling. “Such are the consequences of liberality!”

Mrs. Sowerberry's liberality towards Oliver had amounted to bestowing upon him a plentiful supply of the dirty remnants that no one else would touch. It therefore argued much meekness and devotion to others that she willingly submitted to Mr. Bumble's weighty charge, of which, in fairness to her, she was utterly guiltless in thought, speech, or deed.

“Ah!” observed Mr. Bumble, once the lady's gaze had returned to earthly things, “the only remedy I know is to keep him in the cellar a day or two, till he's somewhat reduced by hunger; then bring him out and put him on gruel for the whole term of his apprenticeship. His family is a bad one. Excitable dispositions, Mrs. Sowerberry! The doctor and nurse both declared that his mother reached this place through hardships and suffering which would have finished any well-disposed woman weeks before.”

At this stage of Mr. Bumble's address, Oliver, catching enough to understand that his mother had been mentioned, began kicking afresh with such force that no other sound could be heard. At that moment Sowerberry came back. The ladies acquainted him with Oliver's crime, supplying those embellishments they considered most likely to kindle his wrath; whereupon he unlocked the cellar in an instant and pulled his mutinous apprentice out by his collar.

The beating had left Oliver's clothes torn, his face scratched and bruised, and his hair disordered across his brow. Yet the flush of anger remained; and on being dragged from confinement he frowned defiantly at Noah, showing himself wholly undaunted.

“A fine young gentleman you are, aren't you?” said Sowerberry, shaking Oliver and boxing his ear.

“He spoke against my mother,” answered Oliver.

“And supposing he did, you ungrateful little wretch?” said Mrs. Sowerberry. “She deserved his words, and worse besides.”

“No, she didn't,” said Oliver.

“Yes, she did,” Mrs. Sowerberry returned.

“It's false!” said Oliver.

Mrs. Sowerberry dissolved into a torrent of tears.

That torrent deprived Mr. Sowerberry of every alternative. Every reader of experience must plainly see that, had he delayed for a single moment to chastise Oliver with the utmost severity, all the settled precedents of matrimonial quarrels would have pronounced him a brute, an unnatural husband, an insulting being, a paltry counterfeit of a man, and a variety of other flattering characters too numerous to enumerate within this chapter's bounds.",a1a596534261b75579926c73c9973987b1d269bd9f4883aff90e5b8c6c397556,503,467,0.92842942,pass,,f893d365e2c5dd3d9e908864dcfc75c4ebed654b5216d48af6d69b623781e983,codex_session_output,2a274b57c3fa0f9083237c85,codex_session
2a2bbba419f624e25fef69c0,V2_wilde_canterville_ghost_017,modernize,astra_session,"GPT-6 Astra via Codex, Extra High",,a5314ef4398a30eb236ef4621b7cf64008d98a0aa1e43df1c98b489851992e1f,75cdb402d78093316464764723c7133168093fc2422d06d40e42443201e7bf8b,,2026-09-27T13:32:52.067517+00:00,session_output_recorded,"Just as they were leaving the dining room, the clock tower began to strike midnight. At the final stroke they heard a crash and a sudden piercing cry. A tremendous thunderclap shook the house, and a phrase of otherworldly music drifted through the air. A panel at the top of the stairs sprang open with a loud bang, and Virginia stepped onto the landing, pale as white paper, carrying a little casket. Within a moment they had all rushed up to her. Mrs. Otis seized her in a fierce embrace, the Duke covered her with passionate kisses, and the twins performed a wild war dance around them.

“Good heavens, child! Where have you been?” Mr. Otis said rather angrily, believing she had played some foolish trick on them. “Cecil and I have been riding all over the countryside looking for you, and your mother has been scared to death. You must never play another practical joke like this.”

“Except on the Ghost! Except on the Ghost!” the twins shrieked, leaping about.

“My darling, thank God we've found you. You must never leave my side again,” Mrs. Otis murmured, kissing the trembling child and smoothing her tangled golden hair.

“Papa,” Virginia said quietly, “I've been with the Ghost. He is dead, and you must come and see him. He had been very wicked, but he was truly sorry for everything he'd done. Before he died, he gave me this box of beautiful jewels.”

The entire family stared at her in speechless amazement, but she remained perfectly solemn and serious. Turning, she led them through the opening in the wooden paneling and along a narrow hidden corridor. Washington followed with a burning candle he had snatched from the table. At last they reached a massive oak door studded with rusty nails. Virginia touched it, and it swung open on its heavy hinges. They entered a small, low room with a vaulted ceiling and one tiny barred window. A huge iron ring was fixed into the wall. Chained to it, a gaunt skeleton lay stretched out on the stone floor, apparently reaching with its long, fleshless fingers for an old-fashioned wooden plate and water jug placed just beyond its grasp. The jug must once have held water, for green mold coated its interior. The plate contained only a heap of dust. Virginia knelt beside the skeleton, clasped her small hands, and began to pray silently. The others watched in astonishment as the secret of that terrible tragedy was revealed to them.",1f39f18946447f05f8d35283b83dd07b07ae3163c4ee1b30fbb6798051f397cf,471,418,0.88747346,pass,,8269cf0875f22471b3427df0b8e2e4522d0107fb76959c0d3682f638a11095f5,codex_session_output,2a2bbba419f624e25fef69c0,codex_session
2a74762167294d9695f6460e,V2_austen_pride_and_prejudice_002,paraphrase,astra_session,"GPT-6 Astra via Codex, Extra High",,8fc13c73685d8c6c7df5fa08af985adc752f784203e44fbef2304bc64f7ceb56,17d48a57fccc08dfe437d64b19d86764f1b45ad8482745daecb0533cd189cc5a,,2026-09-27T08:03:32.934675+00:00,session_output_recorded,"I regard it as among the earliest refinements of cultivated society.”

“Certainly, sir; and it enjoys the further advantage of being fashionable among the world’s less cultivated societies as well. Every savage knows how to dance.”

Sir William merely smiled. “Your friend dances charmingly,” he went on after a pause, noticing Bingley approach the group; “and I am sure you yourself are accomplished in the art, Mr. Darcy.”

“I believe you watched me dance at Meryton, sir.”

“Indeed I did, and the sight gave me considerable pleasure. Do you dance frequently at St. James’s?”

“Never, sir.”

“Would you not consider it a fitting compliment to the place?”

“It is a compliment I pay no place when I can help it.”

“You have a house in London, I suppose?”

Mr. Darcy inclined his head.

“I once considered settling in town myself, for I enjoy superior company; but I was not entirely satisfied that London’s air would suit Lady Lucas.”

He stopped, expecting a reply, but his companion showed no inclination to offer one. Elizabeth happened just then to be approaching, and the idea of performing a particularly gallant act struck him. He called to her:

“My dear Miss Eliza, why are you not dancing? Mr. Darcy, you must permit me to recommend this young lady as a most desirable partner. Surely you cannot decline a dance with such beauty standing before you.” Taking her hand, he was about to place it in Mr. Darcy’s. Though greatly surprised, Darcy was willing enough to accept it; but she immediately withdrew, saying to Sir William with some agitation:

“Truly, sir, I have no intention whatever of dancing. Pray do not imagine that I came this way to solicit a partner.”

With solemn courtesy Mr. Darcy asked for the honour of her hand, but to no purpose. Elizabeth remained firm, and Sir William’s efforts to persuade her did nothing to alter her decision.

“You dance so excellently, Miss Eliza, that it is cruel to deprive me of the pleasure of watching you. Though this gentleman generally dislikes the diversion, I am certain he cannot object to obliging us for half an hour.”

“Mr. Darcy is politeness itself,” Elizabeth said, smiling.

“He certainly is; yet with such an inducement, my dear Miss Eliza, his willingness can hardly surprise us. Who could object to a partner like you?”

Elizabeth gave an arch look and turned away. Her refusal had not diminished her standing with the gentleman. He was thinking of her with some satisfaction when Miss Bingley addressed him as follows:",7314306b2d6f43cc7a558a9454c7f2e0213dab8ae5622d8568d3f39f337ce822,460,424,0.92173913,pass,,a2d9775a92dc44858d041fb0a9c3b475c641697225840130f0aa630db9400506,codex_session_output,2a74762167294d9695f6460e,codex_session
2aa0c827c2b400d64beec80d,V2_poe_murders_rue_morgue_013,paraphrase,astra_session,"GPT-6 Astra via Codex, Extra High",,87b698a41d9f3be3b5c6feb62523b020839ff52dacda0a15dd7c5ca3b503c4dd,e85904c275ab36b356dea2e27af7134d7e3576862c88fd43b8d1598277fc9e89,,2026-09-27T08:01:57.960867+00:00,session_output_recorded,"“Madame and Mademoiselle L’Espanaye were not killed by spirits. Those responsible were corporeal beings and departed by corporeal means. How, then? Happily, there is only one way to reason on this question, and it must bring us to a definite conclusion. Let us consider the possible exits one at a time. Plainly, when the party came up the stairs, the assassins were either in the room where Mademoiselle L’Espanaye was discovered or in the adjoining chamber. Our search for outlets is therefore confined to those two rooms. The police have exposed the floors, ceilings, and wall masonry in every direction. No concealed passage could have eluded their scrutiny. Nevertheless, unwilling to rely upon their eyes, I inspected the place with my own. There were, indeed, no hidden exits. The two doors opening into the passage were firmly locked, their keys on the inside. Consider next the chimneys. Though of the usual width for eight or ten feet above the fireplaces, neither could accommodate a large cat along its entire length. Escape by the means already considered being absolutely impossible, we are left with the windows. No one could have left through the front-room windows unseen by the people in the street. The murderers must consequently have used the windows of the rear chamber. Having reached this conclusion so unambiguously, we cannot, as reasoning men, dismiss it because it appears impossible. Our task is simply to demonstrate that these seeming ‘impossibilities’ are not, in fact, impossible.

“There are two windows in that room. Furniture obstructs neither the view nor the approach to one, which is entirely exposed. The lower part of the second is concealed by the head of the cumbersome bedstead pushed against it. The first was found fastened securely from inside and withstood the greatest efforts to lift it. A large hole had been bored with a gimlet into the left of its frame, and a particularly stout nail occupied it, driven nearly to its head. Inspection of the second window revealed a similar nail placed in precisely the same manner; energetic efforts to raise that sash were equally unsuccessful. The police felt completely assured that no escape had occurred in either direction. Removing the nails and opening the windows was therefore judged an unnecessary labor.

“My examination went rather further, for the reason I have just explained: I knew that it was here that every apparent impossibility must be shown to have no real existence.”",573aaa3ed383fce757cdcfd8d7ecbe804ffcf4ca1e36578a190a27c63b3b3393,457,407,0.89059081,pass,,9e51d3181693e2d1ff0e50eeeb2ddaefa320876fff9caeaa48ea00dbce28f5b9,codex_session_output,2aa0c827c2b400d64beec80d,codex_session
3179a0420d39f2739a865c6c,V2_poe_murders_rue_morgue_015,paraphrase,astra_session,"GPT-6 Astra via Codex, Extra High",,82543ec494da6aef74bb9a611af464f653f4099142ed20e8d272af5dacbecd9b,0d0ae992cf72bc65f328074b42e027c8146152638790804090aac88f34137c3c,,2026-09-26T11:15:32.378715+00:00,session_output_recorded,"“Keeping firmly before us the particulars to which I have directed your notice—the singular voice, the extraordinary agility, and the astonishing want of motive for a murder of such exceptional atrocity—let us consider the slaughter itself. A woman has been strangled by the strength of hands and forced head foremost up a chimney. Common murderers do not kill in this fashion; still less do they dispose of their victims so. You must admit that this thrusting of the corpse into the chimney has something excessively strange about it, something wholly at variance with our ordinary conception of human conduct, even if we imagine the persons concerned to be the most abandoned of men. Reflect also upon the strength required to drive a body up that opening with such force that several people together could scarcely pull it down.

“Consider next the other signs of a most extraordinary exertion of strength. Upon the hearth lay thick locks—exceedingly thick locks—of grey human hair, torn out by the roots. You know the considerable force required to wrench even twenty or thirty hairs at once from the head. You examined those locks as I did. Fragments of the scalp still clung to their roots—a dreadful sight, and certain evidence of the enormous power employed in tearing out perhaps half a million hairs together. The elderly woman’s throat had not simply been cut: her head had been completely separated from her body, and the weapon was nothing more than a razor. Notice, too, the brutal savagery of these acts. I pass over the bruises on Madame L’Espanaye’s body. Monsieur Dumas and his estimable colleague Monsieur Etienne have declared them to be the work of a blunt instrument, and in this they are entirely right. That instrument was plainly the stone paving of the courtyard, upon which the victim fell from the window overlooking the bed. Simple as this explanation may now appear, the police missed it for the very reason that they overlooked the width of the shutters: the matter of the nails had completely closed their minds to the possibility that the windows could ever have been opened.

“If, together with all this, you have duly considered the chamber’s peculiar disorder, we have now brought into conjunction these ideas: astonishing agility, strength beyond the human, savage ferocity, slaughter without motive, a grotesqueness of horror wholly foreign to humanity, and a voice whose tone was unfamiliar to listeners of many nations, and which contained no distinct or intelligible articulation of syllables.”",03633c454212577c93c98a57fc0e86eae1ea65cb19531e3885e905dc32011182,478,421,0.88075314,pass,,28fbb43ff23430b18c444734b287d32f058b87982b1310ebe9f23487bf14ed2b,codex_session_output,3179a0420d39f2739a865c6c,codex_session
3188698adc72fcdc6b706579,V2_shelley_frankenstein_002,simplify,astra_session,"GPT-6 Astra via Codex, Extra High",,7fe6d1075336dc0d118394fdf9d80399a110ee9fad2f68bfd1796d753b8b8830,f0bdc0fb4896480ee470661890937b9dfce85e29b07b540f13516d55f83d58e2,,2026-09-27T07:59:42.086339+00:00,session_output_recorded,"Once, though, the lieutenant asked why he had travelled so far across the ice in such an unusual vehicle.

His face immediately darkened with the deepest sorrow. “To find someone who ran away from me,” he answered.

“And was the man you were following travelling in the same way?”

“Yes.”

“Then I believe we saw him. The day before we rescued you, we saw dogs pulling a sledge across the ice with a man riding in it.”

The stranger became alert at this news. He asked many questions about the route taken by the person he called the demon. Soon afterward, when we were alone, he said, “I must have stirred your curiosity, as well as that of these kind people. But you are too thoughtful to question me.”

“Of course. It would be both rude and cruel to trouble you simply to satisfy my curiosity.”

“And yet you saved me from a strange and dangerous situation. Through your kindness, you have brought me back to life.”

A little later, he asked whether I thought the breaking ice had destroyed the other sledge. I told him I could not say with any certainty. The ice had not broken up until nearly midnight, and the traveller might have reached safety by then. But I had no way of knowing.

From that moment, fresh energy seemed to fill the stranger’s weakened body. He was extremely eager to go on deck and look for the sledge we had seen before. I have persuaded him to stay in the cabin, however, because he is much too weak to bear the cold, damp air. I promised that someone would keep watch for him and tell him immediately if anything new appeared in the distance.

This is my account of everything connected with this strange event up to today. The stranger’s health has gradually improved, but he speaks very little and seems uncomfortable whenever anyone but me enters his cabin. Still, his manner is so gentle and pleasant that all the sailors care about him, even though they have scarcely spoken to him. I am beginning to love him like a brother. His deep, unending sorrow fills me with sympathy and pity. He must have been an exceptional man in happier days, since even in his ruined state he remains so appealing and kind.

In one of my letters, dear Margaret, I said that I would find no friend on this vast ocean. Yet I have found a man whom I would gladly have welcomed as a brother of my heart, before suffering broke his spirit.",3de24d1582933b11ec05132cd0fc026a88c2227e71507c0c303a547b953eee59,470,430,0.91489362,pass,,e8491fa6fc3c59e91d73e38a64927a475aeb52f1f2a2d28bcd963f91ef1a5975,codex_session_output,3188698adc72fcdc6b706579,codex_session
31abd22f5f71ed8cbc89b881,V2_poe_murders_rue_morgue_009,modernize,astra_session,"GPT-6 Astra via Codex, Extra High",,1ba2b2c8ec6dd4e7b01f0aacc829532c1ffa914886ca569bd240bf032cc4891e,b5ef5f111243871e7d8fc2ee295ad50356b2211ef36718b2fbbdb744f2c49fb3,,2026-09-27T08:06:40.567474+00:00,session_output_recorded,"Does not understand English, but bases his judgment on the intonation.

“Alberto Montani, confectioner, states that he was among the first people to climb the stairs. Heard the voices described. The deep, rough voice belonged to a Frenchman. Recognized several words. The speaker seemed to be protesting. Could not distinguish any words spoken by the shrill voice, which was rapid and uneven. Believes it was a Russian voice. Confirms the general testimony. Is Italian. Has never spoken with a native Russian.

“Several witnesses, called back for further questioning, testified here that the chimneys in every fourth-floor room were too narrow for a human being to pass through. By ‘sweeps’ they meant the cylindrical brushes used by chimney cleaners. These brushes were pushed up and down every flue in the house. There is no rear passage by which anyone could have come downstairs while the group was going up. Mademoiselle L’Espanaye’s body was wedged so tightly in the chimney that four or five people had to combine their strength to pull it down.

“Paul Dumas, physician, states that he was summoned to examine the bodies at about dawn. Both were then lying on the bedstead’s canvas support in the room where Mademoiselle L. had been discovered. The young woman’s body was extensively bruised and scraped. Being forced up the chimney would adequately explain these marks. Her throat was badly grazed. Several deep scratches appeared just below her chin, along with a row of dark bruises that were clearly finger marks. Her face was horribly discolored, and her eyeballs bulged. Her tongue had been partly bitten through. A large bruise at the pit of her stomach appeared to have been caused by pressure from a knee. In M. Dumas’s opinion, Mademoiselle L’Espanaye had been strangled by an unknown person or persons. Her mother’s body was terribly mutilated. Every bone in her right arm and leg was shattered to some degree. The left shinbone was badly splintered, as were all the ribs on her left side. The entire body was severely bruised and discolored. It was impossible to determine exactly how these injuries had been inflicted. A heavy wooden club, a broad iron bar, a chair—any large, heavy, blunt weapon could have caused them if wielded by a very powerful man. No woman could have delivered such blows with any weapon. When the witness saw the deceased, her head had been completely separated from her body and was itself badly shattered. Her throat had plainly been cut with a very sharp instrument, probably a razor.",cfc256ab2169492abe63c42b693c58c12013a4451ef05ce1106d4a19582327b4,460,423,0.91956522,pass,,536df5dd1b4a3aeadb7acc626dafd3cab8526bdc83bb7739c3388e56d28d9115,codex_session_output,31abd22f5f71ed8cbc89b881,codex_session
3260ce29c5fe13d122ecfce7,V2_wilde_dorian_gray_019,simplify,astra_session,"GPT-6 Astra via Codex, Extra High",,1c7bd5c22ce27dc8b7479414202730a7e3d68308be8e77e033e7193fb97fe87f,849dc6f98a586e5b927bd243b57cf7f446296d34d7a1654ab83eec590824d53f,,2026-09-27T07:57:33.982832+00:00,session_output_recorded,"“It’s strange, but everyone who disappears is reported to have been seen in San Francisco. It must be a wonderful city, with all the attractions of the next world.”

“What do you think happened to Basil?” Dorian asked. He held his Burgundy up to the light and wondered how he could speak about it so calmly.

“I have absolutely no idea. If Basil wants to hide, that’s none of my business. If he’s dead, I don’t want to think about him. Death is the only thing that frightens me. I hate it.”

“Why?” the younger man asked tiredly.

“Because,” Lord Henry said, holding the gold lattice of an open box of scented vinegar beneath his nose, “these days you can survive anything else. Death and vulgarity are the only facts in the nineteenth century that we cannot explain away. Let’s take our coffee into the music room, Dorian. You must play some Chopin for me. The man my wife ran away with played Chopin beautifully. Poor Victoria! I was very fond of her. The house feels rather lonely without her. Of course, marriage is just a habit, and a bad one. But we miss even our worst habits when we lose them. Perhaps we miss those most. They are such an essential part of who we are.”

Dorian said nothing. He got up from the table, walked into the next room, and sat at the piano, letting his fingers wander over its white and black ivory keys. Once the coffee arrived, he stopped and looked across at Lord Henry. “Harry, have you ever thought that Basil might have been murdered?”

Lord Henry yawned. “Basil was very well liked, and he always wore a Waterbury watch. Why would anyone murder him? He wasn’t clever enough to make enemies. Of course, he had an extraordinary gift for painting. But a man can paint like Velasquez and still be terribly dull. Basil really was rather dull. He interested me only once. Years ago, he told me that he adored you passionately and that you were the main inspiration for his art.”

“I was very fond of Basil,” Dorian said, with sadness in his voice. “But aren’t people saying he was murdered?”

“Oh, a few newspapers are. It seems very unlikely to me. I know Paris has some dreadful places, but Basil wasn’t the sort of man who would visit them. He had no curiosity. That was his greatest fault.”

“What would you say, Harry, if I told you I had murdered Basil?” the younger man asked.",79d8af55f5fa54db921ae8a5a472194cb3da52dfdfac674ce4c5228d857071bc,464,423,0.91163793,pass,,90328f046889ff79ce400d0c92de7242503751f8fc849fd91dd6403f99cf4330,codex_session_output,3260ce29c5fe13d122ecfce7,codex_session
346ee94e196f91ad841f3443,V2_poe_murders_rue_morgue_012,simplify,astra_session,"GPT-6 Astra via Codex, Extra High",,0f88da859568460fece1b1ef3d9b70d7a3a03b8bc47868b3e3fcb85a8014928a,02353fb33d551daa64967642277d15aee6590876fff79c06c7d7d98a170e51db,,2026-09-27T08:04:26.131620+00:00,session_output_recorded,"Each witness compares it to a speaker of a language he does not know, rather than one he understands. The Frenchman thinks it was a Spaniard's voice, and says he ‘might have recognized some words if he knew Spanish.’ The Dutchman insists it belonged to a Frenchman. Yet we are told that, ‘because this witness does not understand French, he was questioned through an interpreter.’ The Englishman believes it was a German voice, though he ‘does not understand German.’ The Spaniard ‘is certain’ it was an Englishman, but judges entirely ‘by the tone,’ since ‘he knows no English.’ The Italian thinks it was a Russian, although he ‘has never spoken with anyone from Russia.’ A second Frenchman disagrees with the first and is sure the speaker was Italian. But he does not know Italian, and, like the Spaniard, bases his certainty on the tone. How extraordinarily strange that voice must have been to produce evidence like this! People from five major divisions of Europe could recognize nothing familiar even in its tones. You may suggest that it belonged to someone from Asia or Africa. There are few Asians or Africans in Paris, but without dismissing that possibility, I ask you to notice three things. One witness describes the voice as ‘harsh rather than high-pitched.’ Two others call it ‘rapid and uneven.’ None of the witnesses could identify any words, or even any sounds that resembled words.

“I do not know,” Dupin continued, “what you have made of my argument so far. But I can confidently say that sound reasoning from this part of the evidence alone—the testimony about the deep and high-pitched voices—is enough to raise a suspicion that should guide every further step in investigating the mystery. Even ‘sound reasoning’ does not fully express what I mean. These are the only conclusions that can properly be drawn, and they lead inevitably to one particular suspicion. I will not yet tell you what that suspicion is. For now, just remember that it was strong enough to give my examination of the room a definite purpose and direction.

“Let us now imagine that we are inside that room. What should we look for first? The way the murderers got out. I think I can safely say that neither of us believes in supernatural events.”",ee39d6a8e309e4bb5d292e595f05878e3dfa364e283b2237aab5438bb47ed9fb,457,385,0.84245077,warning,length_deviation_over_15pct,1f01f7aba1d8566cdd8fa0fd4f9249842d7e27bc725f713f163fe710911e7064,codex_session_output,346ee94e196f91ad841f3443,codex_session
351a89fc7bc9f6246a3541e7,V3_austen_pride_and_prejudice_020,modernize,astra_session,"GPT-6 Astra via Codex, Extra High",,615fb123270ccf5d3b686df79dd64997d05eb83a381fb2d883dbac0099525e99,4bdf01c2a168288e87ef7c9ebff3d25aef9069abf7f6db454dc96c1346148fe3,,2026-09-27T07:57:33.998757+00:00,session_output_recorded,"“But I wonder how long you would have carried on if you had been left alone. When would you have said anything if I hadn’t asked? My decision to thank you for your kindness to Lydia certainly made a difference. Too much of one, I’m afraid. What happens to the moral of our story if our happiness comes from breaking a promise? I should never have mentioned the subject. This simply won’t do.”

“You needn’t worry. The moral will be perfectly sound. Lady Catherine’s unjustifiable attempts to separate us cleared away all my doubts. I don’t owe my present happiness to your eagerness to express your gratitude. I was in no mood to wait for you to give me an opening. My aunt’s news had given me hope, and I was determined to find out everything at once.”

“Lady Catherine has been immensely useful, which should please her, since she loves to be useful. But tell me, why did you come to Netherfield? Was it only to ride over to Longbourn and feel embarrassed? Or were you hoping for something more serious?”

“My real purpose was to see you and try to judge whether I could ever hope to make you love me. My stated purpose, or the one I admitted to myself, was to see whether your sister still cared for Bingley and, if she did, to make the confession to him that I have since made.”

“Will you ever find the courage to tell Lady Catherine what awaits her?”

“I’m more likely to lack time than courage, Elizabeth. But it should be done, and if you give me a sheet of paper, I’ll do it immediately.”

“If I didn’t have a letter to write myself, I could sit beside you and admire your even handwriting, as another young lady once did. But I also have an aunt, and I mustn’t neglect her any longer.”

Reluctant to admit how greatly her closeness with Mr. Darcy had been exaggerated, Elizabeth had still not answered Mrs. Gardiner’s long letter. Now, however, she had news to share that she knew would be warmly welcomed. She felt almost ashamed to realize that her uncle and aunt had already missed three days of happiness, and immediately wrote the following:

“My dear aunt, I should have thanked you sooner for your long, kind, and thoroughly satisfying account of everything. To tell the truth, though, I was too annoyed to write. You imagined more than there really was. But now you may imagine as much as you like. Let your fancy run free, and let your imagination take every possible flight the subject allows. Unless you suppose me already married, you cannot go very far wrong.”",e85def4a9fe7689a93baa625420c37719620beb694e4a9723d83d76f04d46269,478,450,0.94142259,pass,,a0233677da8dfc37dd09857f3d29476b0043967f81ce989314752faeda866b3b,codex_session_output,351a89fc7bc9f6246a3541e7,codex_session
357a7a1e1af1a93a57d6d152,V2_poe_hans_pfaal_001,paraphrase,astra_session,"GPT-6 Astra via Codex, Extra High",,5f3b57a2101d9c8737365c065927d18c8d2840f37c31dde6dbd5d4ada8c8f2d4,aa565372a9d6c02c49cda27b8ce00ac1eed4e5c70197b914191e5ebf383b70dd,,2026-09-27T13:29:52.668323+00:00,session_output_recorded,"Recent reports from Rotterdam suggest that the city is in a considerable ferment of philosophical excitement. Phenomena have indeed occurred there so wholly unforeseen—so entirely unprecedented—so thoroughly opposed to established notions—that I cannot doubt that by this time all Europe is in uproar, all physics in turmoil, and reason and astronomy at each other's throats.

It seems that on the —— day of —— (I cannot be certain of the date), an immense gathering, for reasons not particularly recorded, had collected in the great Exchange square of the prosperous city of Rotterdam. The weather was warm—exceptionally warm for the season—and scarcely a breath stirred; the crowd therefore took no offense at the occasional friendly sprinklings of brief rain that descended from the great white clouds irregularly dappling the blue arch of heaven. Toward noon, however, a slight yet noticeable disturbance passed through the assembly. Ten thousand tongues began to clatter; a moment later, ten thousand faces turned skyward, ten thousand pipes dropped together from the corners of ten thousand mouths, and a cry comparable only to Niagara's roar rang long, loud, and fiercely throughout the neighborhood of Rotterdam.

The source of this commotion soon grew plain enough. From behind the enormous bulk of one of the sharply outlined clouds just described, something strange, composite, and apparently substantial could be seen emerging slowly into a clear patch of blue. Its shape was so singular, its construction so capricious, that the multitude of sturdy citizens gaping below could neither understand it in the least nor sufficiently admire it. What might it be? In the name of every vrow and devil in Rotterdam, what could it possibly signify? Nobody knew; nobody could guess; nobody—not even the burgomaster, Mynheer Superbus Von Underduk—possessed the slightest clue to the mystery. Since no more sensible course presented itself, every man carefully restored his pipe to the corner of his mouth and, turning his right eye upward toward the apparition, puffed, paused, waddled about, and grunted meaningfully; then waddled back, grunted, paused, and at last—puffed once more.

Meanwhile, the object of all this curiosity, and occasion of all this smoke, descended lower and lower toward the worthy city. Within a few minutes it had approached closely enough for its form to be clearly distinguished. It seemed to be—yes! beyond question it was a kind of balloon; yet certainly no balloon of this description had ever before appeared in Rotterdam.",902438e05bb106031658dabc6f7b90f6e03f5a3a97c3b3e34a54838b96522a7f,467,408,0.87366167,pass,,aade0ba1416ba2fb4c7b5a08d299e5cd5d62f2767866cf6c541d13fae8a92104,codex_session_output,357a7a1e1af1a93a57d6d152,codex_session
358728d837f68c57f0d52e2a,V2_poe_the_gold_bug_009,simplify,astra_session,"GPT-6 Astra via Codex, Extra High",,a9c87322b99a8fee62d21c511890cbcbaccab1c28ff5bd636cc922646f84a7fd,d0acad264b04525bb404836ea388bcf8daef681917273e350af33522b4c190e8,,2026-09-27T13:28:45.487395+00:00,session_output_recorded,"“I'm going, Master Will—I really am,” the Black man answered at once. “I'm almost out at the end now.”

“Out at the end!” Legrand practically screamed. “Are you saying you're at the end of that branch?”

“Nearly at the end, master—o-o-o-oh! Lord have mercy! What's this up here on the tree?”

“Well!” cried Legrand, greatly excited. “What is it?”

“Why, it's just a skull. Somebody left their head up in the tree, and the crows have eaten every bit of flesh off it.”

“A skull, you say! Very good. How is it attached to the branch? What's holding it there?”

“Let me look, master. Well, this is a very strange thing, I swear. There's a great big nail through the skull, fastening it to the tree.”

“Now, Jupiter, do exactly what I tell you. Do you hear?”

“Yes, master.”

“Then listen carefully. Find the skull's left eye.”

“Ha! That's a good one! There aren't any eyes left at all.”

“Damn your stupidity! Can you tell your right hand from your left?”

“Yes, I know that. I know all about that. My left hand is the one I chop wood with.”

“Of course! You're left-handed, and your left eye is on the same side as your left hand. Now I suppose you can find the skull's left eye, or the hole where its left eye used to be. Have you found it?”

There was a long silence. At last Jupiter asked,

“Is the skull's left eye on the same side as its left hand too? Because this skull hasn't got any hands at all. Never mind! I've found the left eye now. Here's the left eye! What should I do with it?”

“Drop the beetle through it, as far as the string will let it go. But be careful to keep hold of the string.”

“That's done, Master Will. It's easy enough to put the bug through the hole. Watch out for it down there!”

Throughout this conversation we could see no part of Jupiter, but the beetle he had lowered now appeared at the end of the string. It shone like a ball of polished gold in the last rays of the setting sun, which still faintly lit the high ground where we stood. The beetle hung well clear of every branch and, if dropped, would have landed at our feet. Legrand immediately took the scythe and cleared a circle three or four yards across directly beneath the insect. When he had finished, he told Jupiter to release the string and climb down from the tree.",2eae429601981b2ff1c4cdbed64732ad84d8365c51317d7343bb6bd280568562,464,428,0.92241379,pass,,27d6118c4e54014d0c865429b75ca8c055a1d5c3473c5baadd779f449fd8ec33,codex_session_output,358728d837f68c57f0d52e2a,codex_session
3592621436234499773a00a4,V2_wilde_lord_arthur_saviles_crime_019,modernize,astra_session,"GPT-6 Astra via Codex, Extra High",,508c94a83fa2eefbb5d1ea0acedcd8a34193baa87a3b3ed6ebd1142a97a78d74,fb0f56dad6c181ded375828c435fadce261c2c1e44f56131bfe72417eef881b9,,2026-09-27T07:58:08.542722+00:00,session_output_recorded,"After a while, midnight boomed from the tall tower at Westminster, and the night seemed to shudder with every resonant stroke. Then the railway lights went dark, leaving a single lamp shining like a great ruby on an enormous mast, and the city’s roar grew fainter.

At two o’clock he rose and wandered toward Blackfriars. Everything looked so unreal, so like a strange dream! The houses across the river seemed constructed from darkness. It was as though silver and shadow had created the world afresh. The vast dome of St. Paul’s appeared through the dim air like a bubble.

Nearing Cleopatra’s Needle, he noticed a man leaning over the parapet. As he drew closer, the man looked up, and the gaslight fell directly on his face.

It was Mr. Podgers, the palm reader! There was no mistaking that fat, slack face, those gold-rimmed glasses, the sickly, feeble smile, the sensual mouth.

Lord Arthur stopped. A brilliant idea struck him, and he slipped quietly up behind the man. In an instant he had grabbed Mr. Podgers by the legs and hurled him into the Thames. There was a crude curse, a heavy splash, and then silence. Lord Arthur peered anxiously over the edge, but all he could see of the palm reader was a tall hat spinning in a swirl of moonlit water. After a while that too sank, leaving no visible trace of Mr. Podgers. Once he thought he glimpsed the bulky, misshapen figure swimming toward the steps beside the bridge, and a dreadful sense of failure swept over him. But it proved to be only a reflection, which disappeared when the moon emerged from behind a cloud. At last, it seemed, he had fulfilled destiny’s decree. He released a deep sigh of relief, and Sybil’s name rose to his lips.

“Have you dropped something, sir?” a voice suddenly asked behind him.

He turned to find a policeman carrying a bull’s-eye lantern.

“Nothing important, sergeant,” he replied with a smile. He hailed a passing hansom cab, climbed in, and told the driver to take him to Belgrave Square.

During the following days he swung between hope and fear. At moments he almost expected Mr. Podgers to walk into the room; at others he felt that Fate could never treat him so unjustly. Twice he visited the palm reader’s address in West Moon Street, but could not bring himself to ring. He yearned for certainty and dreaded it.

At last it came. He was drinking tea in the club’s smoking room, listening with some weariness as Surbiton described the latest comic song at the Gaiety, when the waiter entered with the evening newspapers.",22f7c0c07779cec381b30af42962359b0e92906695058e33a0c77473b09b237d,477,442,0.92662474,pass,,855e3f4a27703231ed0b4e9087eac464ebd93716709786bc7c4a4d4c749cca7e,codex_session_output,3592621436234499773a00a4,codex_session
377924557706d8fbf7f68337,V2_shelley_the_last_man_004,modernize,astra_session,"GPT-6 Astra via Codex, Extra High",,7af4a611bf0310a1d71f8a605603129ddfc3ffedaa8b1327b56c95ca17b00316,1fc99b164000679b725cad84ad55176382203596951cf6205e80c9be33091504,,2026-09-26T11:03:34.417382+00:00,session_output_recorded,"The surrounding oaks sheltered a colony of nightingales—and I am there again now, with Idris beside me in the lovely springtime of her youth. Remember that I am only twenty-two, and the woman I love has scarcely seen seventeen summers. Swollen by autumn rain, the river has flooded the low ground, and Adrian, in his favourite boat, is amusing himself with the dangerous task of taking the highest branch from a submerged oak. Adrian, are you tired of living, that you should play so lightly with danger?

He has secured his prize and steers his boat through the flood. We watched him anxiously, but the current swept him away from us. He had to land much farther downstream and take a long way round before he could reach us. “He’s safe!” Idris said as he sprang ashore and waved the branch above his head to show his success. “We’ll wait for him here.”

We were alone. The sun had set, and the nightingales had begun to sing. The evening star shone clearly in the wash of light still lingering in the west. My angelic girl’s blue eyes rested on that gentle image of herself. “How the light pulses,” she said, “the light that is the star’s life. Its trembling radiance seems to tell us that its existence, like ours on earth, is uncertain and changeable. I imagine that it feels fear, and that it loves.”

“Don’t gaze at the star, my dear, generous friend,” I cried. “Don’t read love in its trembling light, or look towards distant worlds, or speak of a feeling that exists only in imagination. I have been silent so long. For so long I have ached to speak to you, to place my soul, my life, my whole being in your hands. Don’t look at the star, my love—or look, and let that eternal spark speak for me. Let it be my witness and my advocate, shining without a word. Love is to me what light is to that star. As long as its light is not extinguished by destruction, I will love you.”

The joy of that moment must remain forever hidden from the world’s unfeeling gaze. I still feel her graceful body pressed against my overflowing heart. Even now, the memory of that first kiss makes my sight falter, my pulse weaken, and my breath fail. Slowly, without speaking, we went to meet Adrian, whose approach we could hear.

I begged Adrian to come back to me after taking his sister home. That same evening, as we walked along the moonlit forest paths, I opened my whole heart to my friend, sharing its ecstasy and its hope. For a moment he looked troubled. “I should have seen this coming,” he said. “What conflict there will be now!",bae195aaafb91ac9f855513e7c748e2cf512e99740c7de1f5067d1b4a0c2ff7a,463,465,1.00431965,pass,,e9e40e3c1b8a0b37491da96bb1669b5291c75784441d3a904164b752b22f634b,codex_session_output,377924557706d8fbf7f68337,codex_session
379b8e5567a9831852d7d010,V2_dickens_oliver_twist_005,modernize,astra_session,"GPT-6 Astra via Codex, Extra High",,0deed6e5da86005bff9912a4a3781dd43e1891602b24e661418ffeaf0a742afd,3efebb78f5be1e2d9ff3a93c3c8479b675e22e88b342716ab60e72f33c9e38b3,,2026-09-27T07:57:03.223708+00:00,session_output_recorded,"In fairness to the young lady, she did not state outright that she would refuse. She merely expressed a strong and heartfelt wish to be “blessed” if she agreed: a courteous, delicate way of avoiding the request, which shows that she possessed the natural good manners that shrink from hurting another person with a blunt and unmistakable refusal.

The Jew’s face fell. He turned from this young lady, dressed brightly, even splendidly, in a red gown, green boots, and yellow curling papers, to the other woman.

“Nancy, my dear,” said the Jew soothingly, “what do you say?”

“That it won’t work, so there’s no use trying it, Fagin,” Nancy replied.

“What do you mean by that?” Mr. Sikes asked, looking up sullenly.

“Exactly what I say, Bill,” the lady answered calmly.

“Why, you’re just the person for it,” Mr. Sikes argued. “Nobody around here knows anything about you.”

“And since I don’t want them to,” Nancy replied with the same composure, “my answer is rather more no than yes, Bill.”

“She’ll go, Fagin,” Sikes said.

“No, she won’t, Fagin,” Nancy said.

“Yes, she will, Fagin,” Sikes said.

And Mr. Sikes was right. Through a succession of threats, promises, and bribes, the lady was eventually persuaded to carry out the errand. Her hesitation did not, in fact, arise from the same concerns as her agreeable friend’s. Having recently moved to the neighborhood of Field Lane from the distant but respectable suburb of Ratcliffe, she did not share the same fear of being recognized by any of her many acquaintances.

So, with a clean white apron tied over her dress and her curling papers tucked beneath a straw bonnet—both garments supplied from the Jew’s inexhaustible stock—Miss Nancy prepared to set out on her errand.

“Wait a minute, my dear,” said the Jew, bringing out a small covered basket. “Carry this in one hand. It looks more respectable, my dear.”

“Give her a door key to carry in the other, Fagin,” Sikes said. “It makes it look real and genuine.”

“Yes, yes, my dear, so it does,” said the Jew, hanging a large front-door key on the forefinger of the young lady’s right hand. “There, very good! Very good indeed, my dear!” he said, rubbing his hands.

“Oh, my brother! My poor, dear, sweet, innocent little brother!” Nancy cried, bursting into tears and twisting the little basket and the front-door key in an agony of distress. “What has happened to him? Where have they taken him? Oh, please have pity and tell me what they’ve done with the dear boy, gentlemen. Please, gentlemen, if you would be so kind, gentlemen!”",cc3fb9435265dfb39208f1af2ce46df7d837d480cf5070931c4c9e586008c9ec,467,439,0.94004283,pass,,80866af6192e29bf19e2980b47121290d15f11ab953822131161313e759b335b,codex_session_output,379b8e5567a9831852d7d010,codex_session
37b529ce6a9dd9975c2c354a,V2_wilde_canterville_ghost_011,simplify,astra_session,"GPT-6 Astra via Codex, Extra High",,0ed275703d9dbc5b33ff2b4d22cc0a17e79381f83ce31e81903ae1498fd93cda,7b7d76d56a992038f894851f10770c04fb3a2ac63a02f3b246707fedf114342c,,2026-09-27T13:30:50.046979+00:00,session_output_recorded,"Poor Jack was later shot by Lord Canterville in a duel on Wandsworth Common, and Lady Barbara died of a broken heart at Tunbridge Wells before the year ended. In every respect, then, it had been a great success. The costume was extremely difficult to put together, however—if I may use such a theatrical idea when discussing one of the greatest mysteries of the supernatural, or, more scientifically, the higher-natural world. His preparations took a full three hours. At last everything was ready, and his appearance pleased him greatly. The large leather riding boots belonging to the outfit were slightly too big, and he could find only one of the pair of cavalry pistols. Still, he was satisfied overall. At a quarter past one, he glided through the wooden wall panels and crept along the corridor. When he reached the twins' room, which I should mention was called the Blue Bed Chamber because of its blue hangings, he found the door slightly open. Hoping to make an impressive entrance, he threw it wide. A heavy jug of water fell straight onto him, soaking him to the skin and missing his left shoulder by only a couple of inches. At the same instant, he heard muffled shrieks of laughter from the four-poster bed. The shock was so great that he fled to his room as fast as possible. The following day he was confined to bed with a bad cold. His only comfort in the whole affair was that he had left his head behind. Had he brought it, the results might have been very serious.

He now abandoned every hope of ever frightening this ill-mannered American family. Usually he settled for creeping through the passages in soft cloth slippers, with a thick red scarf around his throat to protect him from drafts. He also carried a small old-fashioned gun in case the twins attacked. The final blow came on September 19. He had gone downstairs to the great entrance hall, confident that he could at least remain undisturbed there. To amuse himself, he was making mocking remarks about the large Saroni photographs of the United States Minister and his wife, which had replaced the Canterville family portraits. His clothing was simple but tidy: a long burial shroud dotted with graveyard soil, and a strip of yellow linen tied around his jaw to hold it shut. He carried a small lantern and a gravedigger's spade.",8ff2ea86aa40de28869dc5c22cd0fe342f3c4f718c078fb8323674d4b93b9f08,456,405,0.88815789,pass,,59351fe4842f594e30b3a3100697a444a0c67b04a377f59483a3f3e9cb03a7c9,codex_session_output,37b529ce6a9dd9975c2c354a,codex_session
3968de3d85a99c39450e512e,V2_shelley_frankenstein_014,modernize,astra_session,"GPT-6 Astra via Codex, Extra High",,9aaee15a1745722f0c72a88f1f84bc0dea489edf7a020b11c3eff72d4c5e833b,0cdfd020a26f1adc394650e12171c917131235bde1524a45a9e55f416ecc3934,,2026-09-27T13:33:04.509400+00:00,session_output_recorded,"In my younger days, discontent never entered my mind. If boredom ever overcame me, the beauty of the natural world or the study of humanity's finest and most sublime creations could always engage my heart and restore my spirits. But I am a tree shattered by lightning; the bolt has struck my soul. I felt then that I would live on to display what I shall soon no longer be: a miserable example of ruined humanity, pitiful to others and unbearable to myself.

We spent a considerable time at Oxford, wandering through the surrounding countryside and trying to identify every place connected with the most inspiring period of English history. Each new object of interest often drew out our little journeys of discovery. We visited the tomb of the distinguished Hampden and the field where that patriot fell. For a moment, my soul rose above its degrading, wretched fears to contemplate the divine ideals of freedom and self-sacrifice commemorated by these places. For an instant, I dared to throw off my chains and look around with a free and elevated spirit. But the iron had bitten into my flesh, and I sank back into my miserable self, trembling and hopeless.

We were sorry to leave Oxford and continued to Matlock, our next stopping place. The countryside near this village more closely resembled Switzerland's scenery, though everything was on a smaller scale. The green hills lacked the crown of distant white Alps that always rises beyond the pine-covered mountains of my native country. We explored the marvellous cave and the small natural-history collections, where the curiosities were arranged as they are in the collections at Servox and Chamounix. When Henry spoke that latter name, I trembled, and I hurried to leave Matlock, which had thus become linked in my mind with that terrible scene.

Traveling north from Derby, we spent two months in Cumberland and Westmorland. Here I could almost imagine myself among the Swiss mountains. The little patches of snow still clinging to the mountains' northern slopes, the lakes, and the rush of streams over rocks were all familiar, beloved sights. We also made acquaintances who almost managed to lure me into happiness. Clerval's delight was correspondingly greater than my own. His mind broadened in the company of talented men, and he discovered within himself abilities and resources greater than anything he could have imagined possessing when his companions had been less gifted than he was.",6cfb0d4b9b7413b1172cc0f4bec09e121985391d26a2816da53808ad165db5ae,451,406,0.90022173,pass,,1c11842346fe9c157e5bc8a56af5b432670c5c8d9a8fbfd3ed47328f93c6f57b,codex_session_output,3968de3d85a99c39450e512e,codex_session
3c38bae3f5e74b5e62007cab,V2_wilde_canterville_ghost_017,paraphrase,astra_session,"GPT-6 Astra via Codex, Extra High",,a5314ef4398a30eb236ef4621b7cf64008d98a0aa1e43df1c98b489851992e1f,ce23602979c8e589decbb7362736a1124cde7120969369bb095676ecb08cc13b,,2026-09-27T08:02:21.358851+00:00,session_output_recorded,"As they were leaving the dining-room, the tower clock began its booming announcement of midnight. With the final stroke came a crash and a sharp, sudden cry. A fearful clap of thunder rattled the house; a phrase of otherworldly music drifted on the air; and a panel above the stairs burst open with a loud report. Onto the landing stepped Virginia, exceedingly pale, carrying a small casket. Instantly they all hurried up to her. Mrs. Otis caught her in a fervent embrace, the Duke overwhelmed her with ardent kisses, and the twins performed a frantic war-dance about them.

“Good heavens, child! Where have you been?” demanded Mr. Otis, somewhat angrily, suspecting her of having played a foolish prank upon them. “Cecil and I have ridden all over the countryside in search of you, and your mother has been nearly frightened to death. You must never attempt such practical jokes again.”

“Unless they're on the Ghost! Unless they're on the Ghost!” cried the twins, leaping about.

“My darling girl, thank God we have you back. You must never go away from me again,” whispered Mrs. Otis, kissing the shaking child and smoothing her tangled golden hair.

“Papa,” Virginia said softly, “I have been with the Ghost. He has died, and you must come to see him. He had done very wicked things, but he was truly sorry for them all, and before he died he gave me this box of lovely jewels.”

Her family regarded her with speechless astonishment, but her manner was entirely sober and earnest. Turning, she guided them through the gap in the wood panelling and along a narrow hidden passage. Washington followed with a burning candle he had snatched from the table. At length they reached a massive oak door set with rusted nails. It swung inward on its weighty hinges at Virginia's touch, admitting them to a small, low chamber with a vaulted roof and a single tiny barred window. A large iron ring was fixed in the wall, and to it was chained a gaunt skeleton, lying at full length upon the stone floor. Its long, bare fingers appeared to reach for an old-fashioned platter and water jug placed barely beyond their grasp. The jug must once have contained water, for green mould coated its interior. Upon the platter lay nothing but a heap of dust. Virginia knelt beside the skeleton, joined her small hands, and prayed without a sound. The others watched in amazement as the secret of that dreadful tragedy lay revealed before them.",1809bfa2afec9e761e12988fbb4ac6992dfc6b350df77e5a9977a866948e3fb5,471,421,0.89384289,pass,,5b9c657be54673117f58ed73d70403bb43fae6f060c8119714dd938555216c9b,codex_session_output,3c38bae3f5e74b5e62007cab,codex_session
3f4e75438abc41c62536f2bf,V2_poe_murders_rue_morgue_012,paraphrase,astra_session,"GPT-6 Astra via Codex, Extra High",,0f88da859568460fece1b1ef3d9b70d7a3a03b8bc47868b3e3fcb85a8014928a,15d295bc89aa4cdabfb63285807b7d545ff6c07fc5ff96a039dfacfe7b63c0ca,,2026-09-27T08:04:05.033515+00:00,session_output_recorded,"“Each compares it, not to someone speaking a national language he knows, but to precisely the reverse. The Frenchman believes the voice belonged to a Spaniard, and says he ‘might have made out words had he known Spanish.’ The Dutchman insists it was a French voice; yet the report tells us that, ‘because he understood no French, the witness was questioned through an interpreter.’ The Englishman supposes the speaker German, although he ‘knows no German.’ The Spaniard ‘is certain’ it was an English voice, but bases his opinion entirely ‘on the intonation,’ since ‘he is unacquainted with English.’ The Italian takes it for a Russian voice, though he ‘has never spoken with a Russian native.’ Furthermore, another Frenchman contradicts the first, declaring positively that the voice was Italian; but as he does not know Italian, he too, like the Spaniard, ‘relies upon the intonation.’ How exceedingly strange that voice must have been to produce testimony of this description! Even its tones offered nothing recognizable to inhabitants of Europe’s five great divisions. You may suggest an Asiatic or an African speaker. Neither Asiatics nor Africans are numerous in Paris; without disputing your inference, however, I shall draw your attention to just three points. One witness describes the voice as ‘harsh rather than high-pitched.’ Two more characterize it as ‘rapid and uneven.’ Not one witness mentions distinguishing words, or even sounds that resembled words.

“I cannot tell,” Dupin went on, “what effect my reasoning has thus far had upon you. Nevertheless, I readily assert that sound deductions from this part of the evidence alone—the statements concerning the harsh and the shrill voices—suffice to create a suspicion that ought to guide every subsequent stage of the inquiry. I have said ‘sound deductions,’ but that does not quite convey my intention. I mean that these deductions are the only correct ones, and that this suspicion follows from them necessarily, as their sole outcome. I shall not yet disclose the suspicion itself. I ask you only to remember that it struck me powerfully enough to give my investigation of the room a particular shape and direction.

“Let us now imagine ourselves inside that chamber. What is the first thing we should look for? The route by which the murderers escaped. I think I may safely say that neither of us accepts supernatural occurrences.”",6065748e4d6233cc40352bf9b9f96326f6922616a3770adf2b54da057ce7cc55,457,390,0.85339168,pass,,b5e1627cb7a33daa5e3f23c5c381707f49544adf487739c8c77b49fe5675ad45,codex_session_output,3f4e75438abc41c62536f2bf,codex_session
3fe19d00a6eaa3ad43bf53e8,V2_twain_connecticut_yankee_015,paraphrase,astra_session,"GPT-6 Astra via Codex, Extra High",,616352df6c3f43d8fe8e7d4d97ad178bae8316de376f84122492a256eef5bbbf,5ec790009b88c7e4c06f17c0a23226adf3d2ed308c2fc50bee2e1eb8695b9345,,2026-09-27T08:06:26.247850+00:00,session_output_recorded,"And I don't spring on him straight away and take the chance of bungling the job and only half finishing it. No, I start a long way off to one side and edge toward him by degrees, so he hasn't the least notion that I intend to strike; then suddenly, in a flash, he's lying on his back, unable for the life of him to understand what happened. That was the method I employed upon brother Dowley. I began chatting in an easy, leisurely fashion, as though merely filling an idle hour; and the oldest fellow alive couldn't have plotted my point of departure and guessed where I meant to arrive:

“Boys, there are plenty of peculiar things about laws, habits, customs, and such matters, once you examine them; and about the direction and advancement of human thought and conduct, too. Written laws exist, and they pass away; but unwritten laws exist as well, and those last forever. Consider the unwritten law governing wages. It requires them to rise, bit by bit, throughout the centuries. Observe how the rule operates. We know the present wages in this place and that and another; we average them, and call the result today's wage. We also know what wages were a century ago and two centuries ago. Our information reaches no farther back, but that is enough to establish the rule of progress, the amount and pace of each recurring increase. Thus, with no records to guide us, we can estimate fairly accurately what wages were three, four, or five centuries earlier. Very well. Do we leave it there? Certainly not. We turn from the past and apply our rule to what lies ahead. My friends, name any future date you please, for hundreds upon hundreds of years, and I can tell you what people will be earning.”

“What, good sir, what!”

“Indeed. Seven hundred years hence, wages hereabouts will have climbed to six times their present figure. Farm labourers will receive three cents daily, and mechanics six.”

“Would that I might die this day and live in that one!” broke in Smug the wheelwright, a handsome gleam of greed in his eye.

“Nor is that the whole of it. Their meals will be provided too—such meals as they are; nobody will grow fat on them. Another two hundred and fifty years—listen carefully—and a mechanic's daily wages will be—remember, this follows a law, not a guess—twenty cents!”

An astonished gasp of reverence rose from them all. Dickon the mason lifted his hands and eyes and murmured:",7b63bfb730bacadd8c01072b7047ce7feadbfa2106ccef7ca4023dd2570eb222,462,428,0.92640693,pass,,84b569f38ab91d82248bf1fa623e759bb965cd024a45e07db52d09537b976e7c,codex_session_output,3fe19d00a6eaa3ad43bf53e8,codex_session
40d47fd9a2f244396c2d29b5,V2_dickens_oliver_twist_006,paraphrase,astra_session,"GPT-6 Astra via Codex, Extra High",,1f85f8b0e54b53084f27f26ade413172e95ca6d5a4d72e31c01b4d3a4ceaedf7,6978c5529dc18cfbba4814ff161ed2c93d2acf886224ec135193c0c3ed9afc5a,,2026-09-27T13:31:42.078134+00:00,session_output_recorded,"The cramped streets and courts eventually opened into a broad space, dotted with cattle pens and other signs of a livestock market. On reaching it Sikes slowed his steps, for the girl could no longer sustain the speed at which they had been walking. He turned to Oliver and harshly ordered him to take Nancy’s hand.

“Do you hear me?” Sikes snarled, as Oliver hesitated and glanced about him.

They stood in a gloomy corner, well away from passing travellers.

Oliver understood only too clearly that resistance was useless. He extended his hand, and Nancy gripped it firmly in her own.

“Give me the other one,” said Sikes, catching Oliver’s free hand. “Here, Bull’s-eye!”

The dog raised its head and growled.

“Look here, boy!” said Sikes, laying his other hand against Oliver’s throat. “If he so much as whispers, catch hold of him! Understand?”

The dog growled once more, licking its lips and watching Oliver as though eager to fasten upon his windpipe immediately.

“He’s as willing as any Christian, blind me if he ain’t!” said Sikes, surveying the creature with a grim, savage satisfaction. “Now you know what’s in store, young master. Shout as soon as you please; the dog’ll soon put a stop to that. Move along, youngster!”

Bull’s-eye wagged his tail in response to this unusually affectionate address and, after uttering another warning growl for Oliver’s benefit, trotted ahead.

They were crossing Smithfield, though for all Oliver knew it could equally have been Grosvenor Square. The night was foggy and dark. Shop lights scarcely pierced the dense mist, which grew thicker from moment to moment, wrapping houses and streets in shadow. To Oliver’s eyes it made this unfamiliar place stranger still, and deepened the misery and depression of his uncertainty.

They had hurried a few steps farther when a deep-toned church bell sounded the hour. At its first note both his guides halted and turned toward the sound.

“Eight o’clock, Bill,” Nancy said when the bell fell silent.

“What’s the use of telling me? I can hear it myself, can’t I?” Sikes answered.

“I wonder if they can hear it,” said Nancy.

“Of course they can,” returned Sikes. “It was Bartlemy fair when I got put away, and there wasn’t a penny trumpet there whose squeaking I couldn’t hear. Once they’d locked me in for the night, all that racket outside made the blasted old prison seem so silent I could near have dashed my brains against the door’s iron plates.”",04249120774adaceba18375fb3fcf212f8d7cd80e2161c3df4990d666e25a926,461,414,0.89804772,pass,,a2696b9bdfb36a85d67d3b63fbb230a090772bca2c4d075f7ef154dc9cfc738b,codex_session_output,40d47fd9a2f244396c2d29b5,codex_session
4316ecab40fbd4bc784316bb,V2_dickens_oliver_twist_003,modernize,astra_session,"GPT-6 Astra via Codex, Extra High",,3bd214f1054b34c1836a64a5f5b384d6ac53537a0ac8469be7aeaa3022f5b6f1,6d77e05f47fe3c2bd75d93e8ef36f54eae1dbf775293a6f790d2cdad29f5436a,,2026-09-27T07:57:48.996340+00:00,session_output_recorded,"You've given him an artificial sense of dignity and spirit, ma'am, quite unsuitable for someone in his position, as the board will tell you, Mrs. Sowerberry. They are practical philosophers. What business have paupers with dignity or spirit? It's quite enough that we allow them living bodies. If you had kept the boy on gruel, ma'am, none of this would have happened.”

“Dear, dear!” exclaimed Mrs. Sowerberry, piously lifting her eyes to the kitchen ceiling. “This is what generosity leads to!”

Mrs. Sowerberry's generosity to Oliver had consisted of lavishing upon him all the filthy scraps that nobody else would eat. There was therefore considerable humility and self-sacrifice in her willingness to accept Mr. Bumble's serious accusation, of which, to give her her due, she was entirely innocent in thought, word, and action.

“Ah!” said Mr. Bumble, when the lady lowered her eyes to earth again. “The only thing to do now, as far as I can see, is leave him in the cellar for a day or so, until hunger takes him down a little. Then bring him out and feed him nothing but gruel for the rest of his apprenticeship. He comes from a bad family. Excitable temperaments, Mrs. Sowerberry! The nurse and the doctor both said that his mother made her way here through hardships and pain that would have killed any properly behaved woman weeks earlier.”

At this point in Mr. Bumble's speech, Oliver caught just enough to realize they were referring to his mother, and began kicking again so violently that every other sound was drowned out. Sowerberry returned at that moment. Once the ladies had explained Oliver's offense, with whatever exaggerations they thought most likely to inflame his anger, he immediately unlocked the cellar door and hauled his rebellious apprentice out by the collar.

Oliver's clothes were torn from the beating he had received; his face was bruised and scratched, and his hair fell across his forehead. But the angry flush had not faded. When he was dragged from his prison, he glared boldly at Noah and showed no sign of fear.

“Well, aren't you a fine young fellow?” said Sowerberry, shaking Oliver and striking him on the ear.

“He insulted my mother,” Oliver answered.

“Well, what if he did, you ungrateful little wretch?” said Mrs. Sowerberry. “She deserved everything he said, and worse.”

“She didn't,” said Oliver.

“She did,” said Mrs. Sowerberry.

“That's a lie!” said Oliver.

Mrs. Sowerberry burst into tears.

Those tears left Mr. Sowerberry no choice. Any experienced reader will readily understand that, had he hesitated even an instant to punish Oliver severely, every established precedent in marital disputes would have condemned him as a brute, an unnatural husband, an offensive creature, a contemptible imitation of a man, and various other equally agreeable things too numerous to recount within the space of this chapter.",f9ede0751f390321b7c76f8dda9b39d1555000dbf462095d54d9eaa248d14ab2,503,474,0.94234592,pass,,b4447a4cfa40a7c1af60959140e4ca61ad83f9b4629f647204647e90da6b516b,codex_session_output,4316ecab40fbd4bc784316bb,codex_session
44c731e9fba0cf05e8025d2b,V2_twain_tom_sawyer_003,simplify,astra_session,"GPT-6 Astra via Codex, Extra High",,45250231ab826c36d64975ba0bced481692d681aafc07b120616226fee0750e6,498b4cee2647bbbd6349336ccb0e04b29807266ed98ca3632f6d32333457c484,,2026-09-27T08:05:39.406965+00:00,session_output_recorded,"Tom managed to scratch up the cupboard with it and was getting ready to start on the dresser when he was called away to dress for Sunday school.

Mary handed him a tin bowl of water and a piece of soap. He went outside and placed the bowl on a little bench by the door. Then he dipped the soap in the water, set it down, rolled up his sleeves, and carefully poured the water onto the ground. After that he went into the kitchen and began rubbing his face hard with the towel behind the door. But Mary took the towel away.

“Aren’t you ashamed of yourself, Tom? You mustn’t behave so badly. Water won’t hurt you.”

Tom felt a little embarrassed. The bowl was filled again, and this time he stood over it for a while, working up his courage. He drew a deep breath and began. Soon he came back into the kitchen with both eyes shut, feeling around for the towel. Soap and water dripped from his face as honest proof of his efforts. But when he finished drying, the result still wasn’t good enough. The clean area ended at his chin and jaw like a mask. Below and beyond that line, a dark stretch of unwashed dirt ran down the front and around the back of his neck. Mary took charge. When she finished, he was a fellow human being with no difference in color from one part to another. His soaking hair was neatly brushed, its short curls arranged into a pretty, balanced shape. In private, he worked hard to flatten those curls and plaster his hair against his head. He thought curls were girlish, and his own were a constant source of misery. Mary then brought out the suit he had worn only on Sundays for two years. They called it his “other clothes,” which tells us how large his wardrobe was. After he dressed, she straightened everything: buttoned his tidy short jacket up to his chin, folded his enormous shirt collar down over his shoulders, brushed him off, and topped him with his spotted straw hat. He looked much better and extremely uncomfortable. He felt every bit as uncomfortable as he looked. Being clean and wearing clothes without holes made him feel painfully restricted. He hoped Mary would forget his shoes, but that hope was crushed. She covered them well with tallow, as people usually did, and brought them out. He lost his temper and complained that he was always forced to do everything he didn’t want to do.",b5639245718b7a6aad8a46a3115cfad1d6936b4fbbda320321f3e47bf0bbf5ea,451,427,0.94678492,pass,,83ba13f11c45f87f5b02846cfa33a2375b0c977f80372e4e8f8dcb192ee426e8,codex_session_output,44c731e9fba0cf05e8025d2b,codex_session
465788cd2bd58f9597157205,V2_twain_huckleberry_finn_011,modernize,astra_session,"GPT-6 Astra via Codex, Extra High",,ee5229b469ac64cf2638746b26a3d4c56a683241d52a1203073563a6e7cc2e81,19dfe782ffcce3fa5216961c5c2cf73b6a6eed43b0df51eac3b15264abed05b8,,2026-09-27T08:05:05.057552+00:00,session_output_recorded,"Then the ringmaster gave a short speech. He said he hoped there would be no disturbance, and if the man promised to stop making trouble, he could ride, provided he thought he could stay on the horse. Everybody laughed and agreed, and the man climbed up. The instant he was aboard, the horse started bucking and leaping and tearing around. Two circus men clung to its bridle, trying to hold it, while the drunk hugged its neck, his heels flying up at every jump. The whole audience stood shouting and laughing until tears ran down their faces. Finally, despite everything the circus men could do, the horse broke free and went racing around and around the ring like mad. The drunk lay along its back, gripping its neck, with one leg dangling almost to the ground on one side, then the other leg on the other side, while the crowd went wild. I couldn’t find it funny. I was trembling all over at the danger he was in. But before long he struggled into a proper seat and caught the bridle, swaying back and forth. Then, the very next moment, he sprang up, let go of the bridle, and stood on the horse, which was still running at a furious speed! He stayed up there, sailing around as comfortably as if he had never been drunk in his life. Then he began stripping off clothes and flinging them away. They came off so fast they almost filled the air. Altogether he took off seventeen suits. And there he was, slim and handsome, wearing the brightest, prettiest outfit you ever saw. He laid into the horse with his whip and really made it fly. At last he jumped off, bowed, and danced away to the dressing room, with everyone howling in delight and amazement.

Then the ringmaster realized he’d been fooled, and I reckon you never saw a more embarrassed ringmaster. Why, the fellow was one of his own performers! He had dreamed up the whole joke himself and hadn’t told a soul. I felt foolish enough at being taken in, but I wouldn’t have traded places with that ringmaster for a thousand dollars. Maybe there are better circuses than that one; I don’t know, because I’ve never come across them. Anyway, it was more than good enough for me. Whenever I run into it again, it can count on getting all my business.",cb71baf7183be22886579b2e5602fe5039963272af8fc4aa2fbb1919ffb64e6d,454,403,0.8876652,pass,,04d9ca1f3ff9e63bdd2c620987443ddc0cc898a50e3723c5b0ae065678d17d7b,codex_session_output,465788cd2bd58f9597157205,codex_session
47848df68888810996cd71dc,V2_twain_huckleberry_finn_017,modernize,astra_session,"GPT-6 Astra via Codex, Extra High",,da2e3b031ef10d29b2a0e3e08657cd4c32f8e178e2eac64df8d787b737bdd54c,0714585f5a2c16f942cef4bf5ed829f31893dc7720922ad3fc693a136e25cf58,,2026-09-27T07:56:27.219155+00:00,session_output_recorded,"Well, I said I needed the watermelon. But he said I didn’t need it to escape from prison; that was the difference. He said if I’d wanted to hide a knife inside it and smuggle it to Jim so he could kill the steward, that would have been all right. So I left it there, though I couldn’t see the benefit of playing a prisoner if I had to sit and chew over a lot of fancy distinctions every time I got a chance to swipe a watermelon.

Well, as I was saying, that morning we waited until everyone had settled down to work and nobody was around the yard. Then Tom carried the sack into the lean-to while I stood some distance away, keeping watch. After a while he came out, and we went and sat on the woodpile to talk. He said:

“Everything’s sorted now except the tools, and that’s easy enough to fix.”

“Tools?” I said.

“Yes.”

“What for?”

“To dig with, of course. We’re not going to chew him out, are we?”

“Aren’t those old broken picks and things in there good enough to dig a Black man out with?” I said.

He turned toward me with enough pity in his face to make you cry, and said:

“Huck Finn, have you ever heard of a prisoner keeping picks and shovels and every modern convenience in his wardrobe to dig himself out with? Now let me ask you—if you’ve got any sense at all—what chance would that give him to be a hero? They might as well hand him the key and be done with it. Picks and shovels! They wouldn’t provide those even for a king.”

“Well, then,” I said, “if we don’t want picks and shovels, what do we want?”

“A couple of table knives.”

“To dig out the foundations under that cabin?”

“Yes.”

“Damn it, Tom, that’s foolish.”

“It doesn’t matter how foolish it is. It’s the right way, and it’s the usual way. There isn’t any other way I’ve ever heard of, and I’ve read all the books that tell you about these things. They always dig out with a table knife—and remember, it’s usually solid rock, not dirt. It takes them weeks and weeks and weeks, forever and ever. Take that prisoner in the lowest dungeon of the Castle Deef, in Marseilles harbor, who dug himself out like that. How long do you suppose he spent at it?”

“I don’t know.”

“Well, guess.”

“I don’t know. A month and a half.”",1b3fa8853d9ec2ed698b836814ef154bae3540db58b982002de1502aecc5db99,453,423,0.93377483,pass,,ba0bbfbc9850827237afb30d569f66ae335e2432d2d0fd3f454e805b3e4ad1ca,codex_session_output,47848df68888810996cd71dc,codex_session
48391dc449b8f5241995de8f,V2_wilde_lord_arthur_saviles_crime_013,simplify,astra_session,"GPT-6 Astra via Codex, Extra High",,fa2b8382a00e77cfd839514f424ba969361d2242c4db10e0c0b6d8060d062a1c,d304d486cf0e4e974e44693b23319fc6b766a918d62db650ea61c29a13afdb8d,,2026-09-27T13:32:43.808612+00:00,session_output_recorded,"In the morning she had been found dead in bed, apparently without having suffered. Sir Mathew Reid was called immediately, but of course he could do nothing. Her funeral would take place on the 22nd at Beauchamp Chalcote. A few days before her death, she had written a will leaving Lord Arthur her small house in Curzon Street, together with its furniture, her personal belongings, and her pictures. The exceptions were her collection of miniature paintings, which would go to her sister, Lady Margaret Rufford, and her amethyst necklace, which she left to Sybil Merton. The inheritance was not worth a great deal. Still, Mr. Mansfield, the lawyer, was very anxious for Lord Arthur to return immediately if he could. There were many bills to settle, and Lady Clementina had never kept proper accounts.

Lord Arthur was deeply moved by Lady Clementina’s kindness in remembering him, and felt that Mr. Podgers had much to answer for. Yet his love for Sybil was stronger than every other feeling. Knowing that he had done his duty brought him comfort and peace. By the time he reached Charing Cross, he felt entirely happy.

The Mertons welcomed him warmly. Sybil made him promise never to let anything separate them again, and they set the wedding for June 7th. Life seemed bright and beautiful once more, and all his former happiness returned.

One day, however, he was sorting through the house in Curzon Street with Lady Clementina’s lawyer and Sybil. As they burned bundles of faded letters and emptied drawers of assorted rubbish, the young woman suddenly gave a small, delighted cry.

“What have you found, Sybil?” Lord Arthur asked, looking up from his work with a smile.

“This lovely little silver sweet box, Arthur. Isn’t it charming and Dutch? Please let me have it! I know amethysts won’t suit me until I’m over eighty.”

It was the box that had contained the aconitine.

Lord Arthur gave a start, and his cheeks coloured faintly. He had almost completely forgotten his action. It seemed a strange coincidence that Sybil, for whose sake he had endured all that terrible worry, should be the first to remind him of it.

“Of course you may have it, Sybil. I gave it to poor Lady Clem myself.”

“Oh, thank you, Arthur! And may I have the sweet as well? I never imagined Lady Clementina liked sweets. I thought she was much too intellectual.”

Lord Arthur turned deathly pale as a horrible thought entered his mind.",ba895d6915c0dc15913d1e773486090b341b794b2cd5232efa50e190972239e8,452,415,0.91814159,pass,,18ef40c49b7f10155ab01ae8bcca48808c41ee6bba345cf6f77643a4ace54f51,codex_session_output,48391dc449b8f5241995de8f,codex_session
49f0cfe8bf390bd93ba82f04,V2_austen_persuasion_011,paraphrase,astra_session,"GPT-6 Astra via Codex, Extra High",,1c0e7e89c60ad7bb2b3a1d0f937bd74178c1d8a3f17636229d8cf024ed322d95,daf5babcd1c027223297efa4b3d4982078b5cd5f1b3a0e042396714d36124a66,,2026-09-27T13:34:14.630008+00:00,session_output_recorded,"Sir Walter had rented an excellent house in Camden Place, an elevated and imposing situation appropriate to a gentleman of consequence; he and Elizabeth were established there to their great contentment.

Anne crossed its threshold with a heavy heart, foreseeing months of confinement and anxiously asking herself, ‘Oh, when shall I get away from you again?’ Yet the unexpected warmth of her reception afforded her some comfort. Her father and sister were pleased to see her, eager to display the house and furnishings, and greeted her kindly. At dinner, the advantage of having her complete a party of four was remarked upon.

Mrs. Clay was exceedingly agreeable and full of smiles, but her politeness and smiling were more to be expected. Anne had always known she would assume the proper manner on her arrival; the graciousness of the others came as a surprise. Clearly they were in the best of spirits, and she was soon to hear why. They had little desire to hear her news. After fishing for compliments about how sorely their former neighbours missed them, which Anne could not supply, they offered only a few indifferent questions before claiming the conversation entirely for themselves. Uppercross interested them not at all, Kellynch hardly more: Bath was everything.

They delighted in telling her that Bath had surpassed their expectations in every particular. Their house was unquestionably the finest in Camden Place. Their drawing-rooms enjoyed numerous distinct advantages over every other drawing-room they had seen or heard described, and were equally superior in decoration and the taste displayed in their furniture. Their acquaintance was much coveted. Everyone wished to call upon them. They had declined many introductions, yet cards were continually being left by people whose names meant nothing to them.

Here was an ample store of pleasure. Could Anne wonder at her father and sister's happiness? She could hardly wonder, yet she could only sigh that her father felt no loss of standing in his altered circumstances, missed none of the responsibilities and dignity of a landowner living on his estate, and found so much to gratify his vanity in a town's small affairs. And she had to sigh, smile, and wonder together as Elizabeth opened the folding doors and passed triumphantly between the two drawing-rooms, boasting of their size. How could a woman who had presided over Kellynch Hall discover spaciousness worth boasting of between walls perhaps thirty feet apart?

Nor was this the whole of their happiness. They had Mr. Elliot as well.",01bdf1231fb91bfd4ffbe2e680db6ba327835d61a95fb187a6e70a703bff547f,452,416,0.92035398,pass,,4f82155fad2482e844a374af82f625a8b77f17abe36c3867668dd8ce64bdde15,codex_session_output,49f0cfe8bf390bd93ba82f04,codex_session
4a746e42a75e27db3ee6d4ea,V2_wilde_canterville_ghost_014,simplify,astra_session,"GPT-6 Astra via Codex, Extra High",,6fed1e47343466e911f3819776196152f9cdf3a4f862a180009a9a3d9dd76c27,fbf39abfa44c2dcb01b6d635fe822e31d586cc45da17524d0d1aa892b22a1670,,2026-09-27T13:33:04.524844+00:00,session_output_recorded,"‘Starve you to death? Oh, Mr. Ghost—I mean Sir Simon—are you hungry? I've got a sandwich in my case. Would you like it?’

‘No, thank you. I never eat now. But it's very kind of you all the same, and you're much nicer than the rest of your horrible, rude, vulgar, dishonest family.’

‘Stop!’ cried Virginia, stamping her foot. ‘You're the one who's rude and horrible and vulgar. And if we're talking about dishonesty, you know you stole the paints from my box to freshen up that ridiculous bloodstain in the library. First you took all my reds, even the vermilion, so I couldn't paint any more sunsets. Then you took the emerald green and chrome yellow. In the end, I had only indigo and Chinese white left, so I could paint nothing but moonlight scenes, which are always depressing to look at and very difficult to paint. I never told anyone, even though I was terribly annoyed. And the whole thing was utterly ridiculous. Who ever heard of emerald-green blood?’

‘Well, really,’ said the Ghost, rather meekly, ‘what else could I do? Real blood is very hard to get these days. Besides, your brother started everything with his Paragon Detergent, so I saw no reason not to use your paints. As for colour, that's always a matter of taste. The Cantervilles have blue blood, for instance—the bluest in England. But I know you Americans don't value that sort of thing.’

‘You know nothing about it. The best thing you could do is move abroad and broaden your mind. My father would be delighted to pay your fare. Although there's a heavy tax on spirits of every kind, you wouldn't have any trouble at Customs, since the officers are all Democrats. Once you reached New York, you'd certainly be a great success. I know plenty of people there who would pay a hundred thousand dollars for a grandfather, and much more for a family ghost.’

‘I don't think I'd like America.’

‘Because we haven't any ruins or curiosities, I suppose,’ Virginia said sarcastically.

‘No ruins! No curiosities!’ the Ghost replied. ‘You have your navy and your manners.’

‘Good evening. I'll ask Papa to give the twins an extra week's holiday.’

‘Please don't go, Miss Virginia,’ he cried. ‘I'm so lonely and unhappy, and I really don't know what to do. I want to sleep, but I can't.’

‘That's absurd! All you need to do is get into bed and blow out the candle.’",bceb75e332bdefc9dcd9e243452f3a859728064dd0cc7a48eee81d3aff1a730d,454,416,0.91629956,pass,,3c49731dd2e8185c7f989780c68760c2f01a299a591433f72932ce72c07da9ca,codex_session_output,4a746e42a75e27db3ee6d4ea,codex_session
4ba7dfeef32b2d28ef3bc4e5,V2_shelley_frankenstein_009,simplify,astra_session,"GPT-6 Astra via Codex, Extra High",,564dfd66eaed502f09568997b7f92462318be6fcceeca96602fcf1ce52809da8,d632487bfd69439b135c7bb702b314f85e4373262cd95b98a0d8fd3185b21085,,2026-09-27T07:59:07.298550+00:00,session_output_recorded,"I uncovered it, and a light breeze soon blew it into flame. Noticing this, I made a fan from branches and used it to revive the embers whenever they nearly went out. When night returned, I was pleased to discover that the fire gave light as well as warmth. I also learned that it could improve my food. Some scraps the travelers had left behind were roasted, and these tasted much better than the berries I gathered from the trees. So I tried cooking my food the same way, putting it on the glowing embers. This ruined the berries but greatly improved the nuts and roots.

“Food grew scarce, however, and I often spent an entire day searching without success for a few acorns to ease my hunger. Because of this, I decided to leave the place where I had been living and look for somewhere I could meet my few needs more easily. I deeply regretted having to leave the fire behind. I had found it by accident and did not know how to make another. I spent several hours thinking hard about this problem, but had to give up trying to solve it. Wrapping myself in my cloak, I set off through the wood toward the setting sun. I wandered for three days before finally reaching open country. Heavy snow had fallen the night before, leaving the fields entirely white. The scene was bleak, and the cold, wet substance covering the ground chilled my feet.

“It was about seven in the morning, and I desperately wanted food and shelter. At last I saw a small hut on a rise in the ground, no doubt built for a shepherd’s use. I had never seen anything like it and examined the building with great curiosity. Its door was open, so I went inside. An old man sat near a fire, preparing his breakfast over it. Hearing a noise, he turned around. When he saw me, he screamed, fled the hut, and ran across the fields at a speed his frail body hardly seemed capable of. His appearance was unlike anyone’s I had seen before, and both it and his flight surprised me somewhat. But the sight of the hut delighted me. Here the snow and rain could not reach me, and the ground was dry. At that moment it seemed as wonderful and heavenly a refuge as Pandemonium had seemed to the demons of hell after their suffering in the lake of fire.",335d1e371d7d83aee132954fab6aa5a77896f20061b6438b3101851a2bf47e92,463,413,0.89200864,pass,,43aa501957817f3ce0dd3373228e240091b8838afefb347be12a4ad32f8aec3e,codex_session_output,4ba7dfeef32b2d28ef3bc4e5,codex_session
4cb02fd38aef24317d130260,V2_wilde_lord_arthur_saviles_crime_015,modernize,astra_session,"GPT-6 Astra via Codex, Extra High",,110b0512b5195d5a919e6d67724e50a0cb627d51701ae8063a1a83ff94bca848,25b837de4c6b68cad6ce03dbfbe74fb5cc2b4baea133d11999e34e8437d9cb24,,2026-09-27T13:30:36.976794+00:00,session_output_recorded,"Count Rouvaloff stared at him in astonishment for a few moments. Then, realizing that he was entirely serious, he wrote an address on a piece of paper, added his initials, and passed it across the table.

“Scotland Yard would pay a great deal to learn this address, my dear fellow.”

“They won’t get it,” Lord Arthur exclaimed with a laugh. He shook the young Russian’s hand warmly, ran downstairs, read the paper, and instructed his coachman to drive to Soho Square.

There he sent the coachman away and walked down Greek Street until he reached a place called Bayle’s Court. Passing through the archway, he entered a curious little dead end apparently occupied by a French laundry: clotheslines formed a complete network between the houses, and white linen fluttered in the morning breeze. He went all the way to the end and knocked at a small green house. After a delay, during which every window around the court filled with a blur of watching faces, a rather rough-looking foreigner opened the door and asked his business in very poor English. Lord Arthur gave him Count Rouvaloff’s note. On seeing it, the man bowed and showed him into a very shabby front sitting room on the ground floor. Moments later, Herr Winckelkopf, as he was known in England, bustled in, wearing a heavily wine-stained napkin around his neck and holding a fork in his left hand.

“Count Rouvaloff has given me an introduction to you,” Lord Arthur said with a bow, “and I’d like to speak briefly with you about a business matter. My name is Smith, Mr. Robert Smith, and I want you to supply an explosive clock.”

“Delighted to meet you, Lord Arthur,” said the friendly little German, laughing. “Don’t look so alarmed. Knowing everyone is part of my duty, and I remember seeing you one evening at Lady Windermere’s. I hope her ladyship is well. Would you sit with me while I finish breakfast? The pâté is excellent, and my friends are kind enough to say that my Rhine wine surpasses anything served at the German Embassy.” Before Lord Arthur had recovered from the surprise of being recognized, he was sitting in the back room, drinking exquisite Marcobrünner from a pale yellow Rhine-wine glass bearing the Imperial monogram and chatting on the friendliest possible terms with the celebrated conspirator.

“Explosive clocks,” Herr Winckelkopf observed, “aren’t especially suitable for export abroad. Even when they get through customs, the trains run so irregularly that the clocks usually explode before arriving at the intended destination.",c33ab2d6f61d8b4bc3b505e83ea362c71e2ac236fec9d32093f7dac8e053e9c0,472,424,0.89830508,pass,,a0de5c48495318f2c8d4b6029f67d6f34a162f34c27abb2e5b64e8202550f640,codex_session_output,4cb02fd38aef24317d130260,codex_session
51b58cfa58a75de7bc310aee,V2_poe_murders_rue_morgue_014,modernize,astra_session,"GPT-6 Astra via Codex, Extra High",,94751127eae38ce4b8ddbd3d29e5778f4d95edcae90f2647014b5757635b01af,6ba64e6fbc70d01e2a2a5d11ecb63ef5dec93ee07e36bc320be1d03166d83686,,2026-09-27T13:29:47.815520+00:00,session_output_recorded,"“I then reasoned backward from the evidence. The murderers had escaped through one of these windows. If so, they could not have fastened the windows from inside afterward, as they were found fastened. This apparently obvious objection had brought the police investigation of the windows to a halt. Yet they were fastened. They must therefore be capable of fastening themselves. There was no avoiding that conclusion. I went to the unobstructed window, pulled out the nail with some difficulty, and tried to lift the sash. As I had expected, it resisted every effort. I now knew there must be a concealed spring, and this confirmation convinced me that my initial reasoning, at least, was sound, however mysterious the nails remained. A careful search soon revealed the hidden spring. I pressed it and, satisfied with what I had discovered, left the sash down.

“I then put the nail back and examined it closely. Anyone climbing out through this window could have shut it afterward, allowing the spring to catch, but could not have replaced the nail. The conclusion was clear and narrowed my investigation further. The murderers must have escaped through the other window. Assuming the springs on both windows were alike, as seemed probable, there must be some difference between the nails, or at least in the way they were fitted. Climbing onto the bed's fabric support, I examined the second window closely over the headboard. I slid my hand down behind the board and easily found and pressed the spring. As I had supposed, it worked exactly like the other. I then inspected the nail. It was just as thick as its counterpart and apparently fitted in the same way, driven in almost to its head.

“You will say I was baffled; but if you think that, you have misunderstood the reasoning. To borrow a phrase from hunting, I had never once lost the trail. Not for an instant had I lost the scent. Every link in the chain was sound. I had followed the mystery to its final point, and that point was the nail. As I say, in every respect it looked identical to the nail in the other window. But however conclusive that resemblance might appear, it counted for absolutely nothing beside the fact that the trail ended here, at precisely this spot. ‘There must be something wrong with the nail,’ I told myself. I touched it, and the head, together with about a quarter of an inch of the shaft, came away in my fingers.",0ab790b2f90daa79ed4da662c1e2d728efe1193930cb42a8c6d2c5f5132bbddd,455,420,0.92307692,pass,,b2fe131fae4c915a459bc2c690af14c6076aee738837a804423c991a5767f0b4,codex_session_output,51b58cfa58a75de7bc310aee,codex_session
523085fcd2e817f74c369455,V2_wilde_lord_arthur_saviles_crime_020,paraphrase,astra_session,"GPT-6 Astra via Codex, Extra High",,98844643caba2ed20ebffe0028634a4943921effdf2000551c63c666be47e2e8,81f196f8ecd6ff471a977aab9dfbe441da8ba0133f612a3a5f67cac623b6191e,,2026-09-27T13:35:21.151909+00:00,session_output_recorded,"When the marriage was celebrated some three weeks afterward, St. Peter's was packed with a veritable crowd of fashionable people. The Dean of Chichester conducted the service most impressively, and everyone declared that no bride and bridegroom had ever made a finer-looking pair. Yet they were something more than handsome: they were happy. Lord Arthur never for an instant regretted anything he had endured for Sybil, while she bestowed upon him the finest gifts a woman can offer a man—adoration, tenderness, and love. Reality did not destroy their romance. They remained young in feeling.

Several years later, after the birth of their two beautiful children, Lady Windermere visited Alton Priory, the charming old property the Duke had given his son on his marriage. One afternoon she sat with Lady Arthur beneath a lime-tree in the garden, watching the little boy and girl flit along the rose-walk like wandering sunbeams. Suddenly she took her hostess's hand and asked, ‘Are you happy, Sybil?’

‘My dear Lady Windermere, naturally I am happy. Are you not?’

‘I haven't time for happiness, Sybil. I always like whoever has most recently been introduced to me; but generally, once I get to know people, they bore me.’

‘Do your lions fail to satisfy you, Lady Windermere?’

‘Oh, entirely! Lions are good for a single season only. Once their manes are clipped, they become the dullest creatures imaginable. And if you are particularly kind to them, they behave atrociously. Do you recall that dreadful Mr. Podgers? An absolute impostor. Naturally that never troubled me, and I forgave him even when he wished to borrow money. But his making love to me was unbearable. He has positively turned me against cheiromancy. Nowadays I occupy myself with telepathy. It is far more entertaining.’

‘You must say nothing against cheiromancy in this house, Lady Windermere. It is the one subject Arthur dislikes hearing joked about. I assure you, he takes it quite seriously.’

‘Surely you don't mean he believes in it, Sybil?’

‘Ask him yourself, Lady Windermere; here he comes.’ Lord Arthur approached through the garden, carrying a great bunch of yellow roses, with his two children dancing around him.

‘Lord Arthur?’

‘Yes, Lady Windermere?’

‘Surely you cannot mean that you believe in cheiromancy?’

‘Certainly I do,’ the young man answered with a smile.

‘But why?’

‘Because I owe it every happiness in my life,’ he murmured, dropping into a wicker chair.",01d5ccfdd831bbd52ec61ce31bf09c0f5b7aec75b2f345caa0337e674e0d5b88,456,402,0.88157895,pass,,9d03df97b3cf64753cf32437cbd4ab92bd2a2d3a5a1a7a4b01ad73615c0758b1,codex_session_output,523085fcd2e817f74c369455,codex_session
52b9a95f0fea48b7fdda2677,V2_wilde_dorian_gray_019,paraphrase,astra_session,"GPT-6 Astra via Codex, Extra High",,1c7bd5c22ce27dc8b7479414202730a7e3d68308be8e77e033e7193fb97fe87f,8e2275db3773222c512dcfe3c71c84b9b627cece1b093d8cdcf11ca1e6ae4a2f,,2026-09-27T07:58:40.416586+00:00,session_output_recorded,"“It is a curious thing, but whoever disappears is reported to have been sighted in San Francisco. It must be a charming city, endowed with all the allurements of the next world.”

“What do you suppose has become of Basil?” Dorian asked, raising his Burgundy to the light and marvelling that he could speak of the subject with such composure.

“I haven’t the faintest notion. If Basil elects to conceal himself, it is no concern of mine. If he is dead, I would rather not think of him. Death alone ever frightens me. I detest it.”

“Why?” the younger man asked wearily.

“Because,” Lord Henry replied, drawing the gilded lattice of an open vinaigrette box beneath his nose, “nowadays one can survive anything but that. Death and vulgarity are the two realities of the nineteenth century which cannot be explained away. We shall take our coffee in the music-room, Dorian. You must play me some Chopin. The man my wife eloped with played Chopin to perfection. Poor Victoria! I was very fond of her. Without her the house is rather solitary. Married life is, of course, only a habit—a bad habit. Yet one mourns the loss of even one’s worst habits. Perhaps those are the ones one mourns most. They form such an indispensable part of one’s character.”

Without replying, Dorian left the table and went into the adjoining room. He seated himself at the piano and allowed his fingers to wander over the white and black ivory keys. When the coffee had arrived, he paused, glanced toward Lord Henry, and said, “Harry, has it ever struck you that Basil might have been murdered?”

Lord Henry yawned. “Basil was immensely popular and invariably wore a Waterbury watch. Why would he be murdered? He lacked the cleverness to acquire enemies. Naturally, he possessed a remarkable genius for painting. But one may paint like Velasquez and still be altogether dull. Basil was, in fact, rather dull. Only once did he interest me: years ago, when he confessed his extravagant adoration of you and said that you were the ruling inspiration of his art.”

“I cared very much for Basil,” Dorian said, a touch of sadness in his voice. “But isn’t it said that he was murdered?”

“Oh, a few of the newspapers say so. I find it exceedingly unlikely. Paris certainly has terrible places, but Basil was hardly a man to frequent them. Curiosity was entirely lacking in him. It was his principal failing.”

“What would you say, Harry, if I told you I had murdered Basil?” asked the younger man.",1f78df7d0a51832578afeafb8ebe91fa04d511a77eec82888562f5a615bce59e,464,430,0.92672414,pass,,dfacbd43545c158e127bf0ec1f46efa1beb9e49cf73a591c0d8abd1f3048a460,codex_session_output,52b9a95f0fea48b7fdda2677,codex_session
52cf8c1a44cd447e3ebe56e1,V2_wilde_canterville_ghost_009,modernize,astra_session,"GPT-6 Astra via Codex, Extra High",,a4e1341cc39a43e66402427ac7cef8908e07b0261bd77bc340aafec28b040dcc,57e1d2f95c7b408d9836e8caea553ae12446f9af41caebc245744330d219dfae,,2026-09-27T13:28:29.812492+00:00,session_output_recorded,"He slipped out through the wooden panelling, an evil smile on his cruel, wrinkled lips, and the moon hid her face behind a cloud as he crept past the great projecting window, where his coat of arms and that of his murdered wife appeared in blue and gold. He glided onward like a wicked shadow; even the darkness seemed to recoil from him. Once, thinking he heard a call, he stopped. It was only a dog howling at the Red Farm, however, and he continued, muttering strange sixteenth-century curses and occasionally flourishing the rusty dagger in the midnight air. At last he reached the corner of the corridor leading to unfortunate Washington’s room. He paused there briefly, the wind tossing his long grey hair and twisting the unspeakable horror of the dead man’s shroud into bizarre, fantastic folds. Then the clock struck the quarter-hour, and he knew the moment had arrived. Chuckling to himself, he rounded the corner. Immediately he stumbled back with a pitiful cry of terror and buried his white face in his long, bony hands. Directly before him stood a dreadful apparition, as still as a carved statue and as monstrous as a madman’s dream! Its head was bald and polished, its face round, fat, and white; hideous laughter seemed to have twisted its features into a permanent grin. Scarlet beams streamed from its eyes, its mouth was a broad pit of fire, and a dreadful garment resembling his own wrapped the giant figure in silent, snowy whiteness. On its chest hung a sign bearing strange writing in old-fashioned characters: apparently some scroll of disgrace, some account of outrageous sins, some terrible chronicle of crime. In its right hand it held high a curved sword of gleaming steel.

Since he had never seen a ghost before, he was naturally terrified. After another quick look at the dreadful phantom, he fled to his room, stumbling over his long burial sheet as he raced down the corridor. Finally he dropped the rusty dagger into the Minister’s tall boots, where the butler discovered it in the morning. Safely inside his own room, he threw himself onto a small, narrow bed and covered his face with the bedclothes. After a while, however, the brave old Canterville spirit reasserted itself. He resolved to go and speak with the other ghost as soon as daylight came. Accordingly, just as the dawn began to silver the hills, he made his way back to the place where he had first seen the gruesome apparition. After all, he thought, two ghosts were better than one, and with the help of his new friend he might be able to take on the twins without danger.",44dddbaeb32b99859d34a2bcc5f229b462d50cae8a6fbcd6aa0b77fd64fee12d,485,448,0.92371134,pass,,7398fa80649919dc69ff20b0b20d9e437dc8a1a2b008300b291aed73a2c33673,codex_session_output,52cf8c1a44cd447e3ebe56e1,codex_session
5517aff54e1cfdc545540964,V2_dickens_great_expectations_009,modernize,astra_session,"GPT-6 Astra via Codex, Extra High",,47b41a106ddb28ec6561f25de038b73903b88b4cb719f5813e61b78a2d24b99e,f86f0381522dbedf7d3e606069ec0feb733f69dc204292da191d38cedcf2e85b,,2026-09-27T07:58:40.411582+00:00,session_output_recorded,"The place seemed to consist of back lanes, ditches, and small gardens, giving the impression of a rather dull retreat. Wemmick’s house was a little wooden cottage among garden plots, its roofline cut and painted to resemble a battery equipped with cannons.

“My own work,” Wemmick said. “Looks pretty, doesn’t it?”

I praised it enthusiastically. I think it was the smallest house I had ever seen, with the oddest Gothic windows—most of them false—and a Gothic doorway almost too small to enter.

“That’s a proper flagpole, you see,” said Wemmick, “and on Sundays I fly a proper flag. Now look here. Once I’ve crossed this bridge, I pull it up—like this—and cut off access.”

The bridge was a plank spanning a gap about four feet wide and two feet deep. Still, it was delightful to see his pride as he raised and secured it, smiling with real pleasure instead of merely out of habit.

“At nine every night, Greenwich time,” Wemmick said, “the cannon fires. There he is, you see! And when you hear him go off, I think you’ll agree he’s a Stinger.”

The cannon in question stood in its own separate fortress, built of latticework. A clever little arrangement of tarpaulin, something like an umbrella, sheltered it from the weather.

“Then, at the back,” said Wemmick, “out of view, so it doesn’t spoil the effect of the fortifications—because my principle is that once you have an idea, you should carry it through and keep it going; I don’t know whether you agree—”

I said I certainly did.

“—At the back there’s a pig, along with chickens and rabbits. Then I put together my own little growing frame, you see, for cucumbers, and at supper you’ll be able to judge the sort of salad I can produce. So, sir,” Wemmick said, smiling again, though seriously too, as he shook his head, “if you imagine this little place under siege, its food supplies would let it hold out a devil of a long time.”

He then led me to an arbor about twelve yards away, reached by such cleverly winding paths that the walk took quite a while. Our glasses were already laid out in this retreat. The punch was cooling in an ornamental lake beside which the arbor stood. This circular stretch of water contained an island that might have been the salad for supper. He had installed a fountain in it that, once you started a little mill and removed a cork from a pipe, played with such force that it left the back of your hand quite wet.",488dfa5820121b30a0dbedac47c0339a979c38d70b566819e8f9b8485196fc94,485,436,0.89896907,pass,,7955fef0d62a13520c0d186b2a3cb68e8ba7ec002decd119a10d5449b31cef6a,codex_session_output,5517aff54e1cfdc545540964,codex_session
553873658e8e7a4316270c73,V2_twain_connecticut_yankee_014,paraphrase,astra_session,"GPT-6 Astra via Codex, Extra High",,21e1f1325434f3f7d7ffaef4c726e7c71caadaa2fc3e223cade78476e07e93e7,0d3f761db91312ea9d7846824640b36766b6dae61e41c063e017f82f1bc70f69,,2026-09-27T07:56:27.231293+00:00,session_output_recorded,"I remembered the way things had been during our great civil war of the nineteenth century. A carpenter in the North earned three dollars a day, reckoned in gold; in the South he earned fifty, paid in Confederate shinplasters that were worth a dollar a bushel. A suit of overalls in the North cost three dollars, or one day’s pay; in the South the price was seventy-five, or two days’ pay. Everything else followed the same proportion. Thus Northern wages were twice Southern wages, since one would purchase twice what the other would.

Yes, I struck up several acquaintances in the hamlet, and one discovery pleased me considerably: our new coins were circulating there. There were plenty of milrays, plenty of mills, plenty of cents, a fair number of nickels, and some silver, all passing among the craftsmen and the common people at large. Yes, there was even a little gold, though that was at the bank, which is to say the goldsmith’s. While Marco, the son of Marco, bargained with a shopkeeper for a quarter-pound of salt, I stepped into the bank and requested change for a twenty-dollar gold piece. They supplied it—after biting the coin, ringing it against the counter, testing it with acid, and asking where I had obtained it, who I was, where I came from, where I was headed, when I meant to arrive, and possibly two hundred other questions. When their questions ran dry, I kept going and volunteered a quantity of information: I possessed a dog named Watch; my first wife belonged to the Free Will Baptists; her grandfather was a Prohibitionist; I had once known a fellow with two thumbs on either hand and a wart inside his upper lip, who had died expecting a glorious resurrection; and so forth, and so forth, and so forth. At last even that ravenous village interrogator began to seem satisfied, and a little annoyed as well. Still, he was obliged to respect someone of my financial standing, so he offered me no impudence. I did observe that he vented his feelings on his subordinates, a perfectly natural proceeding. Yes, they changed the twenty, although I thought it put the bank under a slight strain. That was only to be expected: it was like entering a puny nineteenth-century village shop and suddenly asking its proprietor to break a two-thousand-dollar bill. Perhaps he could manage it; nevertheless he would wonder how a small farmer came to have so much money in his pocket. The goldsmith was probably wondering the same thing, for he accompanied me to the door and remained there, watching me depart with reverent admiration.",77408ccdaf01395b3f95ec65ed1e887140b463af786e3bbb1492fbe67666884c,500,441,0.882,pass,,be3483e21431f9e93921570127d2ddde55e10d87a3560f885e7a71fca557f72c,codex_session_output,553873658e8e7a4316270c73,codex_session
5618b53c5cb196fc5b70e951,V2_twain_huckleberry_finn_006,paraphrase,astra_session,"GPT-6 Astra via Codex, Extra High",,0507a515b2ece231409428cb096a23a6578848c498179cf69dd39d436af12990,f38f727297d7b984c96dc58c04443e9b4751602b144c2865350d19ed67bebd7b,,2026-09-27T07:58:56.766787+00:00,session_output_recorded,"What's gone wrong?”

I says:

“Pap and mam and sis, and—”

Then I couldn't go on. He says:

“Oh, blame it, now, don't carry on like that; everybody's got their troubles, and this one'll turn out all right. What's happened to 'em?”

“They're—they're—are you the boat's watchman?”

“Yes,” he says, looking tolerable pleased with himself. “I'm captain, owner, mate, pilot, watchman, and chief deck-hand; and now and then I'm the cargo and the passengers, too. I ain't got old Jim Hornback's riches, and I can't go being so blamed generous to every Tom, Dick, and Harry, flinging money about like he does; but many's the time I've told him I wouldn't swap with him. A sailor's life is what suits me, says I, and I'll be derned if I'd settle two miles outside town, with never a thing happening, for all his cash and twice the amount besides. Says I—”

I cut in and says:

“They're in a dreadful fix, and—”

“Who are?”

“Why, pap and mam and sis and Miss Hooker; and if you'd go up there in your ferry-boat—”

“Up where? Where have they got to?”

“Out on the wreck.”

“Which wreck?”

“Why, there's only the one.”

“What! You ain't talking about the Walter Scott?”

“Yes.”

“Good gracious! What on earth are they doing there?”

“Well, it wasn't where they meant to go.”

“I should think not! Great goodness, they haven't a chance unless they get away mighty soon! How in creation did they land themselves in a mess like that?”

“Easy enough. Miss Hooker was visiting the town up there—”

“Yes, Booth's Landing. Go ahead.”

“She'd been visiting at Booth's Landing, and when evening was just coming on she took her black woman across in the horse-ferry, meaning to spend the night with a friend, Miss What's-her-name—I can't recollect it. Then they lost the steering-oar, swung round, and drifted stern foremost for about two miles, till they straddled the wreck. The ferryman and the woman and all the horses was drowned, but Miss Hooker caught hold and pulled herself aboard the wreck. Well, maybe an hour after dark, along we come in our trading-scow, and we couldn't see the wreck in the darkness till we was right against it; so we straddled it, too. Everybody got saved except Bill Whipple—and oh, there never was a kinder cretur! I pretty near wish it had been me instead, I do.”

“By George! That's the most outlandish thing I ever heard.”",35df507f84639e42764ba1337a642f622ac6a8437f1a59063414c9d14edfc01f,452,415,0.91814159,pass,,dbc92d00970440bebc85a1048df7e8b9d4b5880518b143171e3392c50635531e,codex_session_output,5618b53c5cb196fc5b70e951,codex_session
56d2876b2921e8dda6846dd3,V2_twain_tom_sawyer_019,simplify,astra_session,"GPT-6 Astra via Codex, Extra High",,a13d57a078f1666fdadd2e50276172914f25ee67613d4cff2383572f23cc2c1d,c084b6b71bd5434db2ddb5d41380914fbb614326312297713f97de6e62739f84,,2026-09-27T13:30:38.380779+00:00,session_output_recorded,"A little after noon, the boys borrowed a small rowing boat from a townsman who was away and set off immediately. When they were several miles downstream from Cave Hollow, Tom said:

“Now, see how this cliff looks the same all the way down from the cave hollow? No houses, no places storing wood, and the same bushes everywhere. But can you see that white patch up there where the ground slid down? Well, that’s one of my landmarks. We’ll go ashore here.”

They landed.

“Now, Huck, from where we’re standing, you could reach the hole I escaped through with a fishing pole. See if you can find it.”

Huck searched all around without finding anything. Tom proudly walked into a thick patch of sumac bushes and said:

“Here it is! Look, Huck. It’s the best hidden hole anywhere around. Just keep quiet about it. I’ve wanted to be a robber all along, but I knew I needed a place like this. Finding one was the problem. Now we’ve got it, and we’ll keep it secret, except we’ll tell Joe Harper and Ben Rogers. Of course we need a gang, or it wouldn’t have any style. Tom Sawyer’s Gang—sounds splendid, doesn’t it, Huck?”

“It certainly does, Tom. Who are we going to rob?”

“Oh, just about anybody. You wait beside the road and surprise people—that’s the usual way.”

“And kill them?”

“No, not always. You keep them in the cave until they get a ransom together.”

“What’s a ransom?”

“Money. You make them get all they can from their friends. After you’ve kept them for a year, if they still haven’t got it, you kill them. That’s the usual way. Except you don’t kill women. You lock them up, but you never kill them. They’re always beautiful and rich and terribly frightened. You take their watches and things, but you always remove your hat and speak politely. Nobody’s as polite as robbers—you’ll see that in any book. Then the women start loving you. After a week or two in the cave, they stop crying, and after that you couldn’t make them leave. If you chased them out, they’d turn straight around and come back. That’s what happens in all the books.”

“Why, that sounds wonderful, Tom. I think it’s better than being a pirate.”

“Yes, it’s better in some ways, because you’re close to home and circuses and everything.”

By now everything was ready, and the boys entered the hole with Tom leading. They struggled through to the tunnel’s far end, secured the kite strings they had tied together, and went on.",e70fb9be5430dad438d359b6777fc46c7cac3124036cc26e2255e6f14fedbb96,454,435,0.95814978,pass,,e4209371cce5375abd4324b4c4c1a2017308595e98255e5d3e014d1620805e3f,codex_session_output,56d2876b2921e8dda6846dd3,codex_session
5715d1bb79fb0b11cffcd2c5,V2_dickens_great_expectations_011,paraphrase,astra_session,"GPT-6 Astra via Codex, Extra High",,75e8dbf7fdc6ae15b69803db1f8281aec79b863c959608505d2127095ae041ab,c4b5666cfbfa51e96bee47fcddb7308a975b6f5d12819f4de714c319800b8c0d,,2026-09-27T08:03:24.455983+00:00,session_output_recorded,"One day, while occupied with Mr. Pocket and my books, I received a note through the post whose very envelope sent me into a flutter. Though the handwriting of the address was unfamiliar, I guessed at once whose it must be. There was no formal opening—Dear Mr. Pip, Dear Pip, Dear Sir, or Dear Anything—but simply these words:

“I am coming to London the day after tomorrow on the midday coach. I understand it was arranged that you would meet me? At any rate, Miss Havisham believes so, and I write in accordance with her understanding. She sends her regards.

“Yours, ESTELLA.”

Given sufficient time, I should likely have ordered several new suits for the occasion. As time was wanting, however, I had to make do with those I possessed. My appetite disappeared on the spot, and neither peace nor rest came to me until the appointed day. Nor did that day, when it came, supply either: I was worse than before, and began hovering about the coach-office in Wood Street, Cheapside, even before the coach had started from our town's Blue Boar. Perfectly aware of this though I was, I could not feel safe allowing the office out of my sight for more than five minutes together. In this irrational state I had completed the first half-hour of a vigil destined to last four or five hours when I encountered Wemmick.

“Hallo, Mr. Pip,” he said. “How are you? I should scarcely have expected this to be your usual haunt.”

I told him I awaited someone arriving by coach, and asked how the Castle and the Aged were.

“Both thriving, thank you,” replied Wemmick, “especially the Aged. He's in splendid spirits. Eighty-two on his next birthday. I've a mind to fire eighty-two rounds, provided the neighbours don't object and my cannon stands the strain. But this isn't London conversation. Where do you suppose I'm bound?”

“For the office?” I suggested, since he was heading that way.

“The next thing to it,” Wemmick answered. “I'm off to Newgate. We're engaged in a banker's-parcel affair just now. I've been down the road looking over the scene, and must consequently exchange a word or two with our client.”

“Was it your client who committed the robbery?” I asked.

“Bless your body and soul, certainly not,” returned Wemmick with great dryness. “But he stands accused of it. You or I might equally be accused. Either one of us might, you understand.”",e3780376b39f867ad49d902fdd18a93cd27f28dd1015a917c4ae3d68105babd9,450,410,0.91111111,pass,,f32302b30ad2f860c1c28bc1b2874bab98cce5ca234d41cbc4bd831faab4394e,codex_session_output,5715d1bb79fb0b11cffcd2c5,codex_session
586907ffd8c6bd1c10c8cdb3,V2_twain_tom_sawyer_016,paraphrase,astra_session,"GPT-6 Astra via Codex, Extra High",,5e4147a707d69ff3ee62d501c7ed5b0f16b54be2648c1d8c4613d5eba30eedad,5ffc48fadd6245de3b1f857830a1d3f56e4153ec8606745dae0df08d9222b271,,2026-09-27T13:28:29.814502+00:00,session_output_recorded,"I’m sure she would!”

The Widow Douglas’ magnificent hospitality offered an alluring bait. Together with Tom’s persuasions, it soon won the victory. They therefore agreed to tell nobody about their plans for the night. Before long Tom remembered that Huck might arrive that very evening and give the signal. This notion took much of the brightness out of his expectations. Yet he could not bear to forfeit the pleasure at Widow Douglas’. And why forfeit it, he argued—the signal had not come the previous night, so what made its arrival tonight any likelier? The evening’s certain enjoyment weighed more heavily than the doubtful treasure; and, like a boy, he resolved to follow the stronger temptation and forbid himself another thought of the money-box that day.

Three miles downstream from town the ferryboat halted at the entrance to a wooded hollow and made fast. The company poured ashore, and soon the distant woods and rugged heights rang on every side with cries and laughter. They tried every possible means of making themselves hot and weary, and presently the wanderers drifted back to camp equipped with formidable appetites. Then the assault upon the good things commenced. The feast was followed by a pleasant interval of repose and conversation beneath the wide-spreading oaks. At length someone called:

“Who’s coming to the cave?”

Everyone was coming. Bundles of candles were obtained, and immediately the whole company raced up the hill. The cave’s entrance lay on the hillside—an aperture in the shape of an A. Its heavy oak door was unbarred. Inside stood a little chamber, cold as an icehouse, whose natural walls of solid limestone glistened with chilly perspiration. There was romance and mystery in standing in that profound shadow and gazing out at the green valley bright with sunshine. But the grandeur of their surroundings soon ceased to impress them, and their frolicking resumed. No sooner was a candle lit than everyone charged its possessor; a tussle and a valiant defence ensued, but presently the candle was knocked over or puffed out, followed by delighted uproar and another pursuit. Everything, however, must end. Eventually the party filed down the steep slope of the main passage, their wavering line of flames faintly lighting the high rock walls almost to the place where they met sixty feet above. This principal passage measured no more than eight or ten feet across. At intervals of a few steps, other tall, even narrower fissures opened from it on both sides—for McDougal’s cave was simply an immense maze of winding corridors, running into one another and out again, and arriving nowhere.",b11071b2f6a75223d0219aac5ce2b98a981839a9388445ab4360299f4add1e76,470,435,0.92553191,pass,,399f18d24001183c4a5b467c7e5e25193225dacb0f76a78ece00d276b537c672,codex_session_output,586907ffd8c6bd1c10c8cdb3,codex_session
58f3c6d76f6dd1d03e9aa454,V2_dickens_great_expectations_019,simplify,astra_session,"GPT-6 Astra via Codex, Extra High",,ff16fc93815cfb1528d60eb7842faf11d12abd97126c185472ec12443ded53e8,9396762bb63d3c593935d5bc11b952697844250409e1d18f110e55e268af6b9e,,2026-09-27T08:04:38.147070+00:00,session_output_recorded,"After sending them in, I could not stay away from the places that held them. Somehow I felt the petitions had a better chance, that their situation was less hopeless, when I was nearby. Driven by this unreasonable anxiety and distress, I wandered the streets in the evenings, passing the offices and houses where I had left them. Even now, the dreary streets of western London on a cold, dusty spring night, with their rows of stern, closed mansions and long lines of lamps, make me sad because of that memory.

My daily visits to him were shorter now, and he was watched more closely. Thinking, or imagining, that they suspected I meant to bring him poison, I asked to be searched before sitting beside his bed. I told the officer who was always present that I would do anything to prove I had no hidden purpose. Nobody treated either of us unkindly. There was a duty to carry out, and they carried it out without cruelty. The officer always told me he was worse. Other sick prisoners in the room, and the prisoners who cared for them—criminals, but still capable of kindness, thank God!—always said the same.

As the days passed, I noticed more and more how peacefully he lay watching the white ceiling, with no light in his face. Sometimes something I said brightened it for an instant, but then the light faded again. At times he could barely speak, or could not speak at all. Then he answered by gently pressing my hand, and I learned to understand him very well.

Ten days had passed when I noticed a greater change than any I had seen before. His eyes were fixed on the door, and they brightened as I entered.

“Dear boy,” he said when I sat beside his bed, “I thought you were late. But I knew you couldn’t be.”

“It’s exactly the right time,” I said. “I waited at the gate.”

“You always wait at the gate, don’t you, dear boy?”

“Yes. So I don’t lose a moment with you.”

“Thank you, dear boy, thank you. God bless you! You’ve never abandoned me, dear boy.”

I squeezed his hand without speaking, unable to forget that I had once planned to abandon him.

“And the best thing of all,” he said, “is that you’ve felt more at ease with me since I’ve been under this dark cloud than you did when the sun was shining.",a5693ef203441e228eca6c64c419f623ce93d3acaaf1d7f2b683b1986c19b3f3,454,411,0.90528634,pass,,a1d01127c9ebcec3dd1971d0c468e030401ff79a8d82ddfde2e3f5587c2dfe32,codex_session_output,58f3c6d76f6dd1d03e9aa454,codex_session
594474173ad76115aa1ea295,V2_austen_pride_and_prejudice_015,modernize,astra_session,"GPT-6 Astra via Codex, Extra High",,c6022dc49370119593b084597bb732e504dbb91faaa47ad926e72669ec1812d0,de6edb06f576c342030dd7e5f373d20d8ecf432f5c10c14ed2f6c06dbbfe29ba,,2026-09-27T08:02:27.872914+00:00,session_output_recorded,"After they had shared their distress over the terrible consequences of this affair, which Elizabeth thought almost inevitable and Miss Bennet could not call entirely impossible, Elizabeth returned to the subject. “But tell me everything I haven’t heard yet. Give me more details. What did Colonel Forster say? Had they suspected nothing before the elopement? They must have seen the two of them together constantly.”

“Colonel Forster admitted he had often suspected some affection, particularly on Lydia’s side, but nothing that alarmed him. I feel so sorry for him. He was as considerate and kind as anyone could be. He was already planning to come here to express his concern before he had any idea they might not have gone to Scotland. When that fear first arose, he hurried his journey.”

“And was Denny certain Wickham wouldn’t marry her? Did he know they intended to run away? Had Colonel Forster spoken to Denny himself?”

“Yes, but when the colonel questioned him, Denny denied knowing anything about their plan and would not give his true opinion. He did not repeat his conviction that they would not marry, which makes me hope he may have been misunderstood before.”

“And until Colonel Forster arrived, I suppose none of you doubted that they really were married?”

“How could such an idea have occurred to us? I was a little uneasy, a little afraid for my sister’s happiness as his wife, because I knew he had not always behaved quite properly. My father and mother knew nothing of that; they thought only of how unwise the marriage must be. Kitty then admitted, with a very natural satisfaction at knowing more than the rest of us, that Lydia’s last letter had prepared her for such a step. Apparently she had known for many weeks that they were in love.”

“But not before they went to Brighton?”

“No, I don’t believe so.”

“And did Colonel Forster himself seem to think badly of Wickham? Does he know what he is really like?”

“I must admit he did not speak as favorably of Wickham as he used to. He considered him reckless and extravagant, and since this unhappy affair people have said he left Meryton heavily in debt. But I hope that is untrue.”

“Oh, Jane, if we had been less secretive, if we had told people what we knew about him, this could never have happened!”

“Perhaps that would have been better,” her sister replied.

“But revealing someone’s past faults without knowing how they felt now seemed unjustifiable.”",27f7ff11b053f581e263b88745f20c27498c07e7ffb33c0b846fde0c8bd3fd4c,465,420,0.90322581,pass,,8d17a33e9af467c1b58e98f0d37c0cae85fcee249deac3168ebe0beb6ae7d15a,codex_session_output,594474173ad76115aa1ea295,codex_session
5a5b3d7428c0ea96a15d1db4,V2_shelley_mathilda_012,paraphrase,astra_session,"GPT-6 Astra via Codex, Extra High",,336ed2969d92a38adf9b816b5332b90c10f50539cb58e1d51be9e5fe31354a25,4314e7caf22c0dabcbeb2449d0e1504f1e13ed0d0de65d7ba431b188be6fcb36,,2026-09-27T08:04:38.169240+00:00,session_output_recorded,"“But when I saw another’s love directed toward you; when I imagined you loved as something other than a holy emblem and image of beauty and goodness, or pictured you loving someone else more passionately than you loved me, the demon within me stirred. I sent your lover away, and from that hour I have had no peace. In vain I have pursued sleep and repose: my eyelids would not shut, and my blood remained in ceaseless turmoil. I awakened into a new existence as one who dies full of hope might awaken in Hell. I shall not stain your imagination with an account of my struggles, my rage against myself, and my despair. Let the unthinkable feelings of a guilty father remain veiled; the secrets of a heart in such agony must not be exposed to common view. Within me were tumult, crime, remorse, and hatred, yet also the most tender love. The first thing to rouse my firm determination to overcome my passion and give my child her father back was the sight of your deep, compassionate sorrow. That brought me here. I believed that if I revived the grief I had felt at your mother’s death, together with the countless memories of her that had slept for seventeen years, all love for her child would die. In a heroic impulse I resolved to come alone, to leave you, the life of my life, and see you no more until I could do so without guilt. But it could not be: I valued my strength too highly, or my love too little. I would surely have died had you not hurried to me. Would that my life had truly been extinguished!

“And now, Mathilda, I must offer my final confession. I was miserably deceived in thinking I could master my love for you; I never shall. The sight of this house, these fields and woods where my first love lived, seems only to have strengthened it. In my madness I dared tell myself: Diana died to bring her into being; her mother’s spirit passed into her body, and she ought to be Diana to me. Each attempt to throw it off makes this love cling more tightly—this guilty love, more unnatural than hatred, which blights your hopes and ruins me forever.

Better to have loved despair, and safer to have kissed her.

Neither time nor distance can wrench from my soul what has become a part of it. Since coming here I have not ceased for one instant to feel the hell of passion planted within me, burning until everything is cold, motionless, and dead.",857554f79083e59c03ed8ee0b0a27b85ec6929c0ef50210f5d8f8f98a97c75c3,466,438,0.93991416,pass,,28b9e23dffb166f2c65f17f7d0f32626c049feeea2d3d0a87add35be68a9c0a9,codex_session_output,5a5b3d7428c0ea96a15d1db4,codex_session
5bbbfcf4870f996c8619e81c,V2_poe_the_gold_bug_014,paraphrase,astra_session,"GPT-6 Astra via Codex, Extra High",,05cf7eaf941cd0d00d3d5f3ed7c2d2203a51f96cef8bc9e99a7121de2f891af9,208497e718ec6ee35b92c48f309d5b435122eb8614fdd908d26544c31519e6c0,,2026-09-27T07:59:58.490072+00:00,session_output_recorded,"For an instant astonishment prevented me from thinking clearly. I knew that my drawing differed greatly from this in its particulars, though the general outlines bore a certain resemblance. At length I fetched a candle, sat down at the far end of the room, and began to examine the parchment with greater care. Turning it over, I discovered my own sketch on the reverse, precisely as I had drawn it. My first response was simple wonder at the extraordinary likeness of the outlines: at the strange coincidence that a skull should, without my knowledge, have occupied the other side of the parchment directly beneath my representation of the scarabæus, and that it should correspond so nearly with my drawing in both shape and dimensions. The oddness of this coincidence, I repeat, left me wholly bewildered for a while. Such coincidences commonly have this effect. The mind labours to discover a connection, some chain of cause and consequence, and when it fails, falls into a kind of momentary paralysis. Once this bewilderment passed, however, a conviction gradually took hold that startled me much more than the coincidence itself. I began to recall, clearly and unmistakably, that no drawing had been on the parchment when I sketched the scarabæus. Of this I became entirely sure, remembering that I had examined first one side and then the other to find the cleanest place. Had the skull been present, I could not possibly have overlooked it. Here was a mystery that seemed beyond explanation. Yet even then, in the farthest and most hidden recesses of my understanding, there appeared to flicker a faint, glow-worm gleam of the truth so splendidly established by last night's adventure. I stood up immediately, secured the parchment in a safe place, and postponed further thought until I could be alone.

“After your departure, and when Jupiter was sound asleep, I commenced a more orderly examination of the matter. I first reflected upon the circumstances through which the parchment had reached my hands. We had found the scarabæus on the mainland shore, roughly a mile east of the island and only a little above the high-water line. When I seized the insect, it bit me sharply, making me drop it. Jupiter, displaying his usual prudence, looked around for a leaf or some similar object before attempting to grasp the creature, which had flown in his direction. He intended to use this to take hold of it.”",891af091ecc495b10eaabdf5faaf871c35afd5b16c303e0147a5236796873d67,456,406,0.89035088,pass,,699bf67b633917f1a8eef8486c3fdfe198e92dbe638a2ee5fbe323a688252e4f,codex_session_output,5bbbfcf4870f996c8619e81c,codex_session
5c6b6f272df97163f22921ce,V2_poe_murders_rue_morgue_006,modernize,astra_session,"GPT-6 Astra via Codex, Extra High",,edfbf35c412db13b15409709d2db58f00413689b358e713fc8c046ed799231fa,d9b1de548b16a8285ff05b1f4fc882dba2eab875b086dbdadaf51186323e324a,,2026-09-27T07:57:49.012689+00:00,session_output_recorded,"On the hearth lay two or three long, thick locks of gray human hair, also stained with blood, which appeared to have been torn out by the roots. On the floor were four Napoleon coins, a topaz earring, three large silver spoons, three smaller spoons of Algerian metal, and two bags containing nearly four thousand francs in gold. A chest of drawers stood in one corner, its drawers open and apparently searched, although many objects remained inside. A small iron safe was found beneath the bedding, not beneath the bed frame. It was open, with its key still in the door, and contained only a few old letters and other unimportant papers.

“No trace of Madame L'Espanaye was found here. However, an unusual amount of soot was noticed in the fireplace, prompting a search of the chimney. Horrible as it is to report, the daughter's body was dragged out headfirst, having been forced head downward a considerable distance up the narrow opening. The body was still quite warm. Examination revealed numerous abrasions, undoubtedly caused by the force used to push it up the chimney and pull it free. There were many deep scratches on the face, and dark bruises and deep fingernail marks on the throat, suggesting that the deceased had been strangled.

“After thoroughly searching every part of the house without discovering anything further, the party entered a small paved yard behind the building. There lay the older woman's body, her throat cut so completely through that her head fell off when they attempted to lift her. Both the head and the body were horribly mutilated, the latter so severely that it scarcely appeared human.

“As far as we know, there is still not the slightest clue to this terrible mystery.”

The following day's newspaper supplied these additional details.

“Regarding the tragedy in the Rue Morgue, many people have been questioned about this extraordinary and appalling affair”—the French word ‘affaire’ does not yet carry the frivolous associations it has for us—“but nothing has emerged that sheds any light on it. Below we give all the relevant testimony obtained.

“Pauline Dubourg, a laundress, states that she had known both the deceased for three years and had done their washing throughout that time. The older woman and her daughter seemed to get along well and were very affectionate toward each other. They paid extremely well. She could say nothing about their way of life or their source of income. She believed Madame L. earned her living by telling fortunes. The woman was said to have savings.”",44dff6feab7eff4e5be65a49db1ec5e7ede7b1c2c2be354486872e721d74ef9a,452,427,0.94469027,pass,,17a04b8c1b9f91266b09d8268f235b19d63a823403127abec5b8f05fb4ccbeb4,codex_session_output,5c6b6f272df97163f22921ce,codex_session
5d8e650770f9973df227e7d7,V2_twain_connecticut_yankee_009,modernize,astra_session,"GPT-6 Astra via Codex, Extra High",,20d3ecc44f35111dbde24d1215bbd3979b2875440f2945ae0a1ce8a6eaeaac16,7a97ff53b823f04c39be3e079b43275e382182ac47596bd5308035bcc37da2f8,,2026-09-27T08:04:38.166233+00:00,session_output_recorded,"I moved alongside a broad fellow with a plump, good-natured face, intending to make friendly conversation and gather a few more scraps of information. But we had barely become acquainted before he began eagerly and clumsily working his way, in the time-honored manner, toward that same old anecdote—the one Sir Dinadan had told me when I got into trouble with Sir Sagramor and received his challenge because of it. I excused myself and fell back to the end of the procession, heavyhearted and ready to depart this troubled life, this valley of tears, this brief day of interrupted rest, clouds and storms, exhausting struggle and repetitive defeat. Yet I shrank from the change when I remembered how long eternity lasts, and how many people already there know that anecdote.

Early in the afternoon we caught up with another procession of pilgrims. This one had no merriment, no jokes or laughter, no playfulness, none of the happy silliness of either youth or age. Yet both were present: gray-haired old men and women, strong middle-aged men and women, young husbands and wives, little girls and boys, and three nursing babies. Even the children did not smile. Every face among these fifty people was downcast, marked by the fixed hopelessness born of long suffering and familiarity with despair. They were slaves. Chains ran from their shackled feet and wrists to thick leather belts around their waists. All except the children were also joined in single file, six feet apart, by one chain running from collar to collar along the whole line. They traveled on foot and had covered three hundred miles in eighteen days, surviving on miserly portions of the cheapest food scraps. Every night they had slept in their chains, huddled together like pigs. A few wretched rags hung on their bodies, but they could hardly be called clothed. Their irons had rubbed the skin from their ankles, leaving open, festering sores alive with worms. Their bare feet were torn, and every one of them limped. There had originally been a hundred of these unfortunate people, but about half had been sold during the journey. The trader who controlled them rode a horse and carried a whip with a short handle and a long, heavy lash that split into several knotted tails at the end. Whenever anyone staggered with pain or exhaustion, he slashed their shoulders with it to make them stand upright. He said nothing; the whip communicated his wishes well enough.",358f2c4445b963b6523d1fa89ae608dde7bbef6f43fb412ba8ab02a09e0e3d9a,459,412,0.89760349,pass,,21dda1f79f97823589e9fee58e03c04e030646ecb5fe8d1074ecd624c32681ee,codex_session_output,5d8e650770f9973df227e7d7,codex_session
5e340d1b8ea003fbb673b76f,V2_dickens_oliver_twist_017,modernize,astra_session,"GPT-6 Astra via Codex, Extra High",,25736fb97d5048e7cdb122183ba6424207c6a813dd04528ff276a6243480bc12,dcf087cad4436156c86de83410703b96b200fdf29b7d0e9959f61eda6a7956ba,,2026-09-27T08:00:45.522847+00:00,session_output_recorded,"“Never!” the girl replied.

“Tell me why.”

“For one reason,” she answered firmly, “that the lady knows and will support me in. I know she will, because she promised. And for another reason as well: however bad his life has been, mine has been bad too. Many of us have followed the same path together, and I won’t turn against people who could have turned against me—any of them—but never did, bad as they are.”

“Then,” the gentleman said quickly, as though he had reached the very point he wanted, “put Monks in my hands, and let me deal with him.”

“What if he turns against the others?”

“I promise that if we force the truth out of him, the matter will end there. There must be circumstances in Oliver’s short history that would be painful to expose publicly. Once the truth is established, the others will go free.”

“And if it isn’t?” the girl asked.

“Then,” the gentleman continued, “this Fagin will not be prosecuted without your consent. In that situation, I think I could give you reasons that would persuade you to agree.”

“Do I have the lady’s promise of that?” she asked.

“You do,” Rose replied. “My sincere and solemn promise.”

“Monks would never find out how you learned what you know?” the girl said after a brief pause.

“Never,” the gentleman answered. “We would use the information against him in such a way that he could never even guess.”

“I’ve been a liar and lived among liars since I was a small child,” the girl said after another silence, “but I’ll take your word for it.”

Both assured her that she could safely trust them. She then began to describe the name and location of the pub from which she had been followed that night. Her voice was so quiet that the listener often struggled to make out even the general meaning of her words. Judging by her occasional pauses, the gentleman seemed to be jotting down the information she gave him. She carefully explained the surroundings, the best place to keep watch without attracting attention, and the night and hour when Monks most often visited. Then she appeared to think for a few moments, trying to bring his face and appearance more clearly to mind.

“He’s tall,” the girl said, “and strongly built, though not fat. He walks in a sneaking way, constantly looking over his shoulder, first to one side and then the other.”",cba07edafd35725c4f1819617ad084132cffd62d51dbe9280395e68db155f46b,470,412,0.87659574,pass,,97a33a6f5254990e36d8b0148597cbb5737b77c6c3b818e7bf996691a3104214,codex_session_output,5e340d1b8ea003fbb673b76f,codex_session
626b05a5248407dd6119b19e,V2_austen_pride_and_prejudice_004,simplify,astra_session,"GPT-6 Astra via Codex, Extra High",,602167e38793ec45707584ae040d2273fbb2002c9f6531c6c35e01aafc2a75a9,c7e2d261fc245638b033259d066103a819278dcd766775ac43879265624e081e,,2026-09-27T08:06:40.642529+00:00,session_output_recorded,"Mr. Bennet hardly spoke during dinner. Once the servants had left, though, he decided it was time to talk to his guest. He chose a subject on which he expected him to do well, remarking how lucky he seemed in the wealthy lady who supported him. Lady Catherine de Bourgh’s attention to his wishes and concern for his comfort seemed quite remarkable. Mr. Bennet could not have chosen a better topic. Mr. Collins praised her at length. It made his manner even more solemn than usual, and with an air of great importance he declared that he had never seen anyone of high rank behave with such friendliness and willingness to notice a person below her. Lady Catherine had kindly approved both sermons he had so far had the honor of preaching before her. She had invited him to dinner at Rosings twice and had sent for him only the previous Saturday to complete her evening card game of quadrille. He knew many people thought Lady Catherine proud, but he had found her nothing but friendly. She always addressed him as she would any gentleman. She raised no objection to his socializing in the neighborhood, or occasionally leaving his parish for a week or two to visit relatives. She had even kindly advised him to marry as soon as possible, as long as he chose carefully. Once she had visited his modest parsonage, fully approved the changes he was making, and even suggested some herself: shelves in the upstairs cupboards.

“That all sounds very proper and polite,” Mrs. Bennet said, “and I’m sure she is a very pleasant woman. It’s a pity more great ladies aren’t like her. Does she live near you, sir?”

“Only a lane separates the garden around my humble home from Rosings Park, her ladyship’s residence.”

“I believe you said she was a widow, sir. Does she have any children?”

“She has just one daughter, who will inherit Rosings and a very large amount of property.”

“Ah,” Mrs. Bennet cried, shaking her head, “then she is better provided for than many girls. And what is she like? Is she pretty?”

“She is a most charming young lady. Lady Catherine herself says that in true beauty Miss de Bourgh is far above even the most beautiful women, because her features possess something that clearly identifies a young woman of noble birth.",9688af9eaeb69d977e09e29062438220242b64d4b57eb2ed4f3b3981e3078b07,454,394,0.86784141,pass,,069431454128d7d7a61ea7bfa1c96d15558a5140f7c018617cab445afb6e1699,codex_session_output,626b05a5248407dd6119b19e,codex_session
63f7a2076b92591dfd10aa24,V2_wilde_lord_arthur_saviles_crime_007,modernize,astra_session,"GPT-6 Astra via Codex, Extra High",,bb1d07c00dc77bd63a554488c064feef14dc3361bf707d3654cc76cc7342481f,cd88d343171f7858de336d91169c898a0d0e39c3600e33bd30e7e4a17de31a34,,2026-09-27T13:30:49.318319+00:00,session_output_recorded,"Ten minutes later Lord Arthur Savile burst out of Bentinck House, his face white with terror and his eyes frantic with grief. He pushed through the crowd of footmen in fur coats standing around the broad striped awning, apparently seeing and hearing nothing. The night was bitterly cold, and the gas lamps around the square blazed and flickered in the sharp wind. Yet his hands were feverishly hot, and his forehead burned like fire. He walked on and on, staggering almost like a drunken man. A policeman watched him curiously as he passed. A beggar who shuffled from an archway to ask for money recoiled at the sight of misery greater than his own. Once he stopped beneath a lamp and examined his hands. He imagined he could already see bloodstains on them, and a faint cry escaped his trembling lips.

Murder! That was what the palm reader had seen there. Murder! The night itself seemed to know, and the desolate wind seemed to howl the word into his ear. It filled the dark street corners. It grinned down at him from the rooftops.

He first reached the Park, where the somber trees seemed to draw him toward them. Exhausted, he leaned against the railings, pressing his brow to the wet metal to cool it and listening to the trembling silence among the trees. “Murder! Murder!” he repeated, as though saying it over and over could lessen the word's horror. His own voice made him shudder, yet he almost hoped that Echo would hear and rouse the sleeping city from its dreams. A wild urge seized him to stop some chance passerby and tell him everything.

Then he wandered across Oxford Street into narrow, disreputable alleys. Two women with painted faces jeered at him as he passed. Curses and blows sounded from a dark courtyard, followed by piercing screams. On a damp doorstep he saw the bent-backed figures of poverty and old age huddled together. An unfamiliar pity overtook him. Were these children of sin and misery destined for their end as he was for his? Were they too mere puppets in a monstrous spectacle?

Yet what struck him was suffering's comedy, not its mystery: its utter uselessness, its grotesque absence of meaning. How disconnected everything seemed! How completely without harmony! The gulf between the age's shallow optimism and the actual facts of existence astonished him. He was still very young.

After a while he found himself outside Marylebone Church. The silent road resembled a long ribbon of polished silver, marked here and there with the dark, intricate patterns of swaying shadows.",78f795ff35cc906f696c158224f916405155448e8f2eb4cfcbdbad7b960ec2ce,460,432,0.93913043,pass,,c4a08159e4148ac432a58d6b66bd38edc6d561aa169873d8d1be5886e83d8e31,codex_session_output,63f7a2076b92591dfd10aa24,codex_session
667612165b14dda2726e5262,V2_dickens_great_expectations_007,paraphrase,astra_session,"GPT-6 Astra via Codex, Extra High",,a8eba07377de662432c6f8a560fa2314328669d77ac66751767a40b6811f433c,53cc2f2b2f87435d8f94453d393f2f143bc52c3729150c183de8f0075a5f7729,,2026-09-27T08:03:24.214065+00:00,session_output_recorded,"“Joseph! Joseph!” He then wagged his head and tapped upon it, indicating his opinion of Joseph's shortcomings.

“But, my dear young friend,” Mr. Pumblechook continued, “you must be famished; you must be quite worn out. Sit down. Here's a chicken brought over from the Boar, here's a tongue brought over from the Boar, and here are a few little extras from the Boar which I trust you won't scorn. Yet do I,” said Mr. Pumblechook, rising almost before he had settled into his chair, “behold before me the very one I used to play with in his happy infant days? And may I—may I—?”

By this May I he meant, might he shake my hand? I agreed; he shook it ardently, and resumed his seat.

“Here's wine,” said Mr. Pumblechook. “Let us drink our thanks to Fortune, and may she always choose her favourites so wisely! But still I cannot,” he added, standing once more, “look upon One—and drink the health of One—without again declaring—May I—may I—?”

I gave permission, and he shook my hand again, drained his glass, and inverted it. I followed his example; and had I stood upon my head before drinking, the wine could scarcely have reached it more directly.

Mr. Pumblechook served me the liver wing and the finest slice of tongue—no obscure pork cul-de-sacs on this occasion—and, by comparison, scarcely attended to himself. “Ah, poultry, poultry!” he exclaimed, addressing the bird on its dish. “Little did you suspect, when you was a fledgling, what awaited you. Little did you dream of providing refreshment under this lowly roof to one who—Call it weakness if you please,” said Mr. Pumblechook, getting up yet again, “but may I? May I—?”

It was becoming superfluous to repeat my assent, so he proceeded without it. How he managed this so often without injuring himself on my knife remains a mystery to me.

“And your sister,” he went on after eating steadily for a short time, “who enjoyed the honour of bringing you up by hand! What a melancholy picture, to consider that she can no longer properly comprehend that honour. May—”

Seeing another approach imminent, I checked him.

“We shall drink to her health,” I said.

“Ah!” cried Mr. Pumblechook, sinking back in his chair, positively limp with admiration. “That's how you can tell them, sir!” Who this Sir might have been I cannot say; it certainly wasn't me, and nobody else was there. “That's how you recognise a noble mind, sir!”",03f151bbec6fc7e3099bf8d3535da540e4afb65efcd5b9e75c1d943a5ac1bc2f,453,421,0.92935982,pass,,e9ff22dd1e02a7da59164fa33b4168e5f779ec30c09aedc797859566c5d4e88f,codex_session_output,667612165b14dda2726e5262,codex_session
6697c8d40b33e7f44dd8e584,V2_poe_the_gold_bug_003,paraphrase,astra_session,"GPT-6 Astra via Codex, Extra High",,dd5c427afd3d28ba279c26a2f3a4166e3baa67f8f1288dc2ad3a0771b5850cc5,56dac278a87431af0d21e2ba6ec6fd7584ca10fb03b3885f3a0b4f96a0a71153,,2026-09-27T13:35:03.398324+00:00,session_output_recorded,"Why, that suggestion could furnish us with a most exciting superstition. I suppose you will name the insect scarabæus caput hominis, or something similar; the Natural Histories contain plenty of such appellations. But what has become of the antennæ you mentioned?”

“The antennæ!” exclaimed Legrand, growing, for no reason I could understand, rather heated over the matter. “Surely you can see the antennæ. I drew them quite as plainly as they appear on the insect itself, which I should think sufficient.”

“Well, well,” I answered, “perhaps you did; nevertheless, I cannot see them.” I returned the paper without another observation, unwilling to provoke him. Yet this turn in the conversation greatly surprised me; his irritation was inexplicable. As for the beetle’s likeness, absolutely no antennæ could be discerned, and the entire drawing certainly bore a striking resemblance to the usual engravings of a death’s-head.

He took the paper with considerable peevishness and began to crumple it, apparently intending to toss it into the fire, when a passing look at the sketch abruptly arrested his attention. One instant his face flushed deeply; the next it became equally pale. For several minutes he remained seated, inspecting the drawing in the closest detail. Finally he rose, picked up a candle from the table, and sat upon a sea-chest in the room’s remotest corner. There he again examined the paper anxiously, turning it every way. Throughout this he said nothing. His behaviour astonished me, but I judged it wiser not to aggravate his increasing moodiness with any remark. Soon he drew a wallet from his coat pocket, carefully put the paper inside, and secured both in a writing-desk, which he locked. His manner now became calmer, though its former enthusiasm had wholly vanished. Still, he appeared less sullen than preoccupied. As the evening passed, he sank deeper into reflection, and none of my lively remarks could recall his attention. I had meant to spend the night in the hut, as I often had before; but with my host in this state, I thought it best to leave. He made no attempt to detain me, though at our parting he shook my hand with more than his customary warmth.

About a month later, during which time I had not seen Legrand, his servant Jupiter came to visit me in Charleston. Never had I seen the good old Black man so downcast, and I was afraid that some grave misfortune had overtaken my friend.",157c6ff60fdcfd107429c46a877b16c2040a1519d364a2b48f0c34a36a2f4bcd,461,408,0.88503254,pass,,31258fbecbff4cb7848d9e9bb195d98281a9576bb84fbbc9ff31430378081a4a,codex_session_output,6697c8d40b33e7f44dd8e584,codex_session
6c21a8ab8f5e4d2c83609f46,V2_dickens_great_expectations_003,simplify,astra_session,"GPT-6 Astra via Codex, Extra High",,30a519f0dd064537d6ec76b4154feb58ee62a3dc4870baf33d16e31e2ae36f9d,5e3bd1d1805833f392e6912b7fc422726aae71bf604626a6b909ad2a78c63f51,,2026-09-27T13:30:57.802525+00:00,session_output_recorded,"‘Unless you mean to call Miss Havisham a man. And I doubt even you would go that far.’

‘Miss Havisham, up in town?’ said Joe.

‘Is there a Miss Havisham down in town?’ my sister replied.

‘She wants this boy to go and play at her house. And naturally he's going. And he'd better play when he gets there,’ said my sister, shaking her head at me to encourage an extremely cheerful and playful mood, ‘or I'll make him work.’

I had heard of Miss Havisham up in town—everyone for miles around had heard of her. She was said to be an enormously rich, grim woman who lived alone in a large, gloomy house barricaded against burglars.

‘Well, I never!’ said Joe, astonished. ‘I wonder how she got to know Pip!’

‘Idiot!’ my sister cried. ‘Who said she knew him?’

‘Someone,’ Joe politely suggested again, ‘did mention that she wanted him to go and play there.’

‘And couldn't she ask Uncle Pumblechook whether he knew a boy who could come and play there? Isn't it just possible that Uncle Pumblechook rents property from her, and that he sometimes—we won't say every three months or six months, since that would be asking too much of you—but sometimes visits her to pay his rent? And couldn't she ask him then whether he knew a boy who could come and play? And couldn't Uncle Pumblechook, who is always so thoughtful and considerate toward us—though you may not appreciate it, Joseph,’ she said with the deepest reproach, as though he were the most heartless nephew alive, ‘then mention this boy, standing here prancing about’—which I solemnly declare I was not—‘for whom I've always been a willing slave?’

‘Excellent again!’ cried Uncle Pumblechook. ‘Well said! Nicely put! Excellent indeed! Now, Joseph, you understand the situation.’

‘No, Joseph,’ said my sister, still reproaching him, while Joe repeatedly rubbed the back of his hand across his nose in apology, ‘you do not understand it yet, whatever you may think. You may suppose you do, but you do not, Joseph. Because you don't know that Uncle Pumblechook realizes this visit to Miss Havisham might, for all we know, make the boy's fortune. He has offered to take him into town tonight in his own carriage, put him up for the night, and personally take him to Miss Havisham's tomorrow morning. And goodness help me!’ my sister cried, throwing off her bonnet in sudden desperation. ‘Here I am talking to a pair of fools, with Uncle Pumblechook waiting, the mare catching cold outside, and the boy covered in soot and dirt from head to foot!’",affb83cce1ce4f2ae02db5d3111f708541321b815ece4ad36fd1dd905085569d,471,442,0.93842887,pass,,c5ebb61a0350ff9cf7791411dbf9cd4015cc48d20da0f47f2750b0b8231c16e7,codex_session_output,6c21a8ab8f5e4d2c83609f46,codex_session
6c4cbec1d61a4ee5bcb26cc9,V2_dickens_oliver_twist_006,simplify,astra_session,"GPT-6 Astra via Codex, Extra High",,1f85f8b0e54b53084f27f26ade413172e95ca6d5a4d72e31c01b4d3a4ceaedf7,4c5402d852c8a2faa511374abd1f2f7e4430ab584c36e205c326f4efd2737053,,2026-09-27T08:01:14.030094+00:00,session_output_recorded,"At last the narrow streets and courtyards opened onto a large space scattered with animal pens and other signs of a cattle market. Sikes slowed down there, for the girl could no longer keep up the fast pace at which they had been walking. He turned to Oliver and harshly ordered him to take Nancy’s hand.

“Did you hear me?” Sikes growled when Oliver hesitated and glanced around.

They stood in a dark corner, well away from anyone passing by.

Oliver could see all too clearly that resistance was useless. He held out his hand, and Nancy gripped it tightly.

“Give me the other,” Sikes said, grabbing Oliver’s free hand. “Here, Bull’s-eye!”

The dog looked up and growled.

“Look here, boy!” Sikes said, placing his other hand against Oliver’s throat. “If he says even one little word, grab him! Understand?”

The dog growled again, licked his lips, and watched Oliver as though eager to sink his teeth into the boy’s throat at once.

“He’s as willing as any Christian, strike me blind if he isn’t!” Sikes said, looking at the animal with fierce, grim approval. “Now you know what to expect, young master. Shout whenever you like; the dog will soon put a stop to that. Get moving, young fellow!”

Bull’s-eye wagged his tail at this unusually affectionate way of speaking. After another warning growl directed at Oliver, he led them onward.

They were crossing Smithfield, though for all Oliver knew they might have been in Grosvenor Square. The night was dark and foggy. Light from the shops could barely pierce the thick mist, which grew heavier every moment and wrapped the streets and houses in darkness. It made the unfamiliar place seem even stranger to Oliver and made his uncertainty still more frightening and miserable.

They had hurried a few steps farther when a deep church bell began striking the hour. At its first stroke, both his captors stopped and turned toward the sound.

“Eight o’clock, Bill,” Nancy said when the bell finished.

“What’s the use of telling me? I can hear it, can’t I?” Sikes answered.

“I wonder if they can hear it,” Nancy said.

“Of course they can,” Sikes replied. “It was Bartholomew Fair when I was arrested, and there wasn’t a cheap trumpet in the whole fair whose squeaking I couldn’t hear. Once I was locked up for the night, all the noise outside made that damned old jail seem so silent I could almost have smashed my brains out against the iron plates on the door.”",23d854cf0f3ba2df0c171e3cb612cf7913c32397a4921c9e07f8b52b1381ab12,461,421,0.9132321,pass,,fa32573055f285a4ed9422100c1833ddc86095ddeb9ad2b37b84215f167a4f64,codex_session_output,6c4cbec1d61a4ee5bcb26cc9,codex_session
6ec6bc9793515081ccbbdf01,V2_dickens_oliver_twist_017,paraphrase,astra_session,"GPT-6 Astra via Codex, Extra High",,25736fb97d5048e7cdb122183ba6424207c6a813dd04528ff276a6243480bc12,9e186e51d9c8ecbb17cc4e9453d93b9db31d45ac922f175161afd1fac49dae32,,2026-09-27T13:34:14.612939+00:00,session_output_recorded,"‘Never!’ the girl answered.

‘Tell me why.’

‘For one reason,’ she replied resolutely, ‘one reason the lady knows, and will support me in—I am sure she will, because she has promised. And for another reason as well: wicked as his life has been, mine has been wicked too. Many of us have followed the same ways together, and I won't betray people who might—any one of them—have betrayed me, but never did, bad though they are.’

‘Then,’ said the gentleman promptly, as though this were the point he had wished to reach, ‘place Monks in my hands, and let me deal with him.’

‘And suppose he betrays the others?’

‘I give you my word that, if the truth is wrung from him, the business shall end there. There must be things in Oliver's short history which it would be painful to expose to public view; and once we have learned the truth, the others shall escape untouched.’

‘And suppose you don't?’ the girl asked.

‘Then,’ the gentleman continued, ‘this Fagin shall not be brought before the law without your agreement. In that event, I believe I could give you reasons that would persuade you to grant it.’

‘Does the lady promise that?’ asked the girl.

‘I do,’ Rose answered. ‘You have my sincere and faithful word.’

‘Monks would never discover where your information came from?’ said the girl, after a brief silence.

‘Never,’ replied the gentleman. ‘We would use the information against him in such a manner that he could not even guess.’

‘I have lied, and lived among liars, since I was a little child,’ said the girl after another pause, ‘but I will believe your words.’

When both had assured her that she could safely trust them, she began, in a voice so low that the listener often struggled even to catch the meaning, to give the name and position of the public-house from which she had been followed that night. Her occasional pauses suggested that the gentleman was taking hurried notes of what she told him. Having fully described the surrounding streets, the best place from which to watch the house unnoticed, and the night and hour at which Monks most commonly visited it, she appeared to reflect for a few moments, trying to summon a clearer recollection of his features and appearance.

‘He is tall,’ the girl said, ‘and powerfully built, though not stout. He walks in a skulking fashion, and keeps glancing over his shoulder as he goes, first to one side and then the other.’",54ccef4c7ae6fef82710c444a588a4c8d6187889906d0fdac0c09b5d6c36e0bb,470,424,0.90212766,pass,,2060d98ab6acc4e6c637707ee7d494dfbac42799e354521fe7a41fe7cf54571f,codex_session_output,6ec6bc9793515081ccbbdf01,codex_session
6ecc691b3d3c1ea643ab2d2b,V2_twain_connecticut_yankee_009,paraphrase,astra_session,"GPT-6 Astra via Codex, Extra High",,20d3ecc44f35111dbde24d1215bbd3979b2875440f2945ae0a1ce8a6eaeaac16,85ce9c5183853c9da44a616029bf9d3c84983b46d11f8f2ccbd689d83bb3888e,,2026-09-27T13:29:52.666323+00:00,session_output_recorded,"I drew alongside a stout fellow with a plump, cheerful face, intending to be pleasant and gather a few more scraps of information; but we had scarcely struck up an acquaintance when he began, eagerly and clumsily, to work his way, in the time-honored fashion, toward that same ancient anecdote—the one Sir Dinadan related when I fell into trouble with Sir Sagramor and received his challenge on its account. I made my excuses and fell back to the tail of the procession, heavy-hearted, ready to depart this troubled life, this valley of tears, this brief day of interrupted repose, of cloud and tempest, of tiresome struggle and unvarying defeat; yet recoiling from the change when I recalled the length of eternity, and the numbers who had gone there knowing that anecdote.

Early that afternoon we came up with another procession of pilgrims; but this one had no merriment, no jests, no laughter, no sportive behavior, nor any joyful lightheadedness of either youth or age. Yet both were present, age and youth alike: grey old men and women, vigorous men and women in middle life, young husbands and wives, small boys and girls, and three nursing babies. Even the children never smiled; every face among these fifty people was downcast, wearing that fixed look of hopelessness born of prolonged, bitter trials and an ancient familiarity with despair. They were slaves. Chains ran from the fetters at their feet and the manacles at their wrists to a belt of sole-leather around each waist; and everyone except the children was further joined in a line, six feet apart, by one chain running from collar to collar throughout the file. They traveled on foot, and had marched three hundred miles in eighteen days, living on the cheapest scraps of food, grudgingly portioned out. Every night they had slept in these chains, huddled like pigs. A few wretched rags hung upon their bodies, but they could hardly be called clothed. Their irons had rubbed the skin off their ankles, leaving sores that were ulcerated and crawling with worms. Their bare feet were lacerated, and every one of them limped. These unfortunate people had numbered a hundred originally, but nearly half had been sold along the road. The dealer responsible for them rode horseback and held a whip with a short handle and a long, weighty lash, split at its end into several knotted tails. Whenever someone faltered with fatigue and pain, he slashed their shoulders with it and brought them upright. He uttered no word; the whip made his wishes plain enough.",da474e9b667d46c3d4975dfa8160fec6c58d472587a0988c33224c8337983dbc,459,428,0.93246187,pass,,0016ecf7dd3534b9bf8a655d1584f3371df4a126f4c5ea81d96301d593104807,codex_session_output,6ecc691b3d3c1ea643ab2d2b,codex_session
70d2cf51fbf6bb351f812365,V2_dickens_oliver_twist_009,modernize,astra_session,"GPT-6 Astra via Codex, Extra High",,a5601bef52fd7a673957194a65e08cbf509298658ca9de132658546b1e22f344,db40db535474478f5ef6341127a9d6e263f6b9692dffdb9c3272f938a6dfc150,,2026-09-27T13:29:31.764006+00:00,session_output_recorded,"While these events were unfolding in the country workhouse, Mr. Fagin sat in the old hideout—the same place from which the girl had taken Oliver—brooding over a dim, smoky fire. A pair of bellows rested on his knee; apparently he had been trying to bring the fire into livelier activity. But he had drifted into deep thought, and now sat with his arms folded over them and his chin on his thumbs, staring absently at the rusty grate.

At a table behind him, the Artful Dodger, young Charles Bates, and Mr. Chitling were absorbed in a game of whist, with the Artful playing the dummy hand against Bates and Chitling. The first gentleman’s face, always remarkably intelligent, became particularly interesting as he closely followed the game and carefully studied Mr. Chitling’s hand. Whenever an opportunity arose, he directed various concentrated glances toward those cards, wisely adjusting his own play to what he observed in his neighbour’s possession. Since the night was cold, the Dodger kept his hat on, as he often did indoors in any case. He also held a clay pipe between his teeth, removing it only briefly whenever he considered it necessary to refresh himself from a quart pot on the table, which stood filled with gin and water for everyone’s convenience.

Young Bates followed the play attentively too, but his nature was more excitable than that of his accomplished friend. He consequently drank the gin and water more often, and contributed numerous jokes and unrelated comments, all highly inappropriate to a serious contest of skill. Indeed, relying on their close friendship, the Artful more than once gravely reproached his companion for these lapses. Bates took every reprimand in excellent spirits, merely inviting his friend to “get stuffed,” suggesting that he put his head in a sack, or responding with another equally polished witticism. Mr. Chitling greatly admired how neatly these replies fitted the occasion. Curiously, that gentleman and his partner lost without exception. Far from irritating Bates, this circumstance seemed to provide him with the greatest amusement: he laughed uproariously after every deal and declared that he had never witnessed such a splendid game in his entire life.

“That’s two doubles and the rubber,” said Mr. Chitling, looking thoroughly miserable as he pulled half a crown from his waistcoat pocket. “I’ve never seen anyone like you, Jack. You win everything.",9b6049a5adc839f28626b0fd5885cde1e1319b2f1ad8b12d8fda02000dd8508b,450,395,0.87777778,pass,,a2b051032e265364bf1844974de683f0b188cc67eab03b797c5683da3ae7f58c,codex_session_output,70d2cf51fbf6bb351f812365,codex_session
72ac279e2201b76a0d52aef6,V2_dickens_oliver_twist_008,simplify,astra_session,"GPT-6 Astra via Codex, Extra High",,adb14e2cb7d0796ab24d6ae94420d6b2ad8f64d128ed134578479f017b251084,dec73d031819197d676a68a82bf953ed0b410bd0f660d0a7ad2a1f64f92699fa,,2026-09-27T13:28:29.789030+00:00,session_output_recorded,"Country people, butchers, cattle drivers, street sellers, boys, thieves, loafers, and the lowest kinds of wanderers were packed together in one crowd. Drivers whistled, dogs barked, oxen bellowed and struggled, sheep bleated, and pigs grunted and squealed. Street sellers called out above the shouting, swearing, and arguments on every side. Bells rang and voices roared from every pub. Everywhere people crowded, pushed, drove animals, beat them, whooped, and yelled. The dreadful clash of noises rose from every corner of the market. Dirty, unwashed, unshaven figures kept rushing back and forth, plunging into the crowd and bursting out again. The whole scene was so loud and confusing that it overwhelmed the senses.

Mr. Sikes dragged Oliver behind him and pushed his way through the thickest part of the crowd. He paid little attention to the many sights and sounds that so amazed the boy. He nodded to two or three friends as they passed and turned down as many invitations to have a morning drink. He kept moving steadily until they had escaped the confusion and gone through Hosier Lane into Holborn.

“Now, youngster!” said Sikes, looking up at the clock on St. Andrew’s Church. “Nearly seven! You’ll have to hurry. Come on, don’t start falling behind already, Lazy-legs!”

As he spoke, Mr. Sikes gave his small companion’s wrist a sharp pull. Oliver quickened his steps into a trot, somewhere between a fast walk and a run, and kept up with the burglar’s long, quick strides as well as he could.

They went on at this speed until they had passed Hyde Park corner and were heading toward Kensington. Then Sikes slowed down, letting an empty cart that was some distance behind them catch up. When he saw “Hounslow” painted on it, he asked the driver, as politely as he could manage, to give them a ride as far as Isleworth.

“Jump up,” said the man. “Is that your boy?”

“Yes, he’s my boy,” Sikes answered, staring hard at Oliver and slipping his hand, as if without thinking, into the pocket that held the pistol.

“Your father walks a little too fast for you, doesn’t he, my lad?” asked the driver, noticing that Oliver was out of breath.

“Not at all,” Sikes cut in. “He’s used to it. Here, take my hand, Ned. Up you get!”

With these words he helped Oliver into the cart. The driver pointed to a pile of sacks and told the boy to lie down there and rest.

As they passed one milestone after another, Oliver wondered more and more where his companion was taking him. They passed Kensington, Hammersmith, Chiswick, Kew Bridge, and Brentford. Still they travelled on as steadily as though their journey had only just begun.",bf9dd1552919281427f7c04613b37f0d13d9af3af3f9a8b137cb8b1d53d2ae6f,474,453,0.9556962,pass,,338c7f018170a4c766327c17710eb86bae72f919224aec5b54a7f0bbba0fce40,codex_session_output,72ac279e2201b76a0d52aef6,codex_session
7377638f073826f8fd3cf937,V2_austen_emma_012,modernize,astra_session,"GPT-6 Astra via Codex, Extra High",,3a74b6a5116f4dfd8ef90e13b3a3e4b50dc88f9fdcb6fbef4fcaa9e128b271a4,03de06ecdc73548970fdd62ab9b5814895127ffbc9016206a8593d11bb2f90d2,,2026-09-27T13:32:52.167475+00:00,session_output_recorded,"Nothing Emma learned afterward required her to revise her poor opinion of Mrs. Elton. Her observations had been fairly accurate. Whenever they met again, Mrs. Elton remained exactly as she had seemed at their second meeting: self-important, presumptuous, overly familiar, ignorant, and ill-mannered. She possessed some beauty and a few accomplishments, but so little judgment that she imagined herself arriving with superior knowledge of the world to brighten and improve a country neighborhood. She considered Miss Hawkins's former position in society so distinguished that only Mrs. Elton's present importance could surpass it.

There was no reason to believe Mr. Elton's opinion differed from his wife's. He appeared proud of her, as well as happy. His manner suggested that he congratulated himself on bringing Highbury a woman whom even Miss Woodhouse could not equal. Most of her new acquaintances were quite satisfied with her, either because they were inclined to praise, unaccustomed to judging, guided by Miss Bates's goodwill, or willing to assume the bride was as intelligent and agreeable as she claimed. Praise of Mrs. Elton thus passed from person to person, as properly it should, without interference from Miss Woodhouse. Emma readily repeated her original contribution, graciously describing her as “very pleasant and very elegantly dressed.”

In one respect Mrs. Elton became even worse than she had first appeared. Her attitude toward Emma changed. Probably offended by the slight encouragement her attempts at intimacy received, she withdrew in her turn, gradually becoming much colder and more distant. Though the result was welcome, the hostility behind it necessarily deepened Emma's dislike. Her behavior toward Harriet, and Mr. Elton's too, was unpleasant: mocking and dismissive. Emma hoped this would quickly cure Harriet's attachment, but the feelings that could inspire such conduct lowered them both greatly in her estimation. Undoubtedly poor Harriet's affection had been sacrificed to frank conversation between husband and wife. Emma's own part in the story had probably also been recounted, in the version least favorable to her and most comforting to him. She was naturally the object of their shared dislike. Whenever conversation ran short, criticizing Miss Woodhouse must always have supplied an easy subject. The hostility they dared not display by openly disrespecting her found freer expression in their contemptuous treatment of Harriet.

Mrs. Elton took a strong liking to Jane Fairfax from the beginning. This was not simply because war with one young woman might make another more attractive; it had been so from the very first. Nor was she content with expressing natural and reasonable admiration. Without invitation, justification, or any right to interfere, she insisted on wanting to help and befriend her. Before Emma had lost her confidence, at about their third meeting, she heard all about Mrs. Elton's chivalrous campaign on Jane's behalf.",3b73c6e6992786d55e5adcc84f37439196604fa38a056b8229e179bcf58955ea,510,460,0.90196078,pass,,9d6b11ef5e0480ebe09e6800411ea525cb9ec3ae63e63d33cc5c6e2a11c7e73b,codex_session_output,7377638f073826f8fd3cf937,codex_session
795941397b932c1a400821dd,V2_shelley_the_last_man_001,simplify,astra_session,"GPT-6 Astra via Codex, Extra High",,89db45ecac7efadd5247dd186c5b577da5059155ab03de49c97a0eb3f112ac47,a9888c0f0bfd2432d3e44b3179361fc814b18a3ae815966b0baeb9d5fcd92d14,,2026-09-27T07:59:07.329865+00:00,session_output_recorded,"I come from a small land surrounded by sea and shaded by clouds. When I picture the whole globe, with its boundless ocean and unexplored continents, my homeland seems only a tiny speck in that immense whole. Yet in intellectual power it far outweighed countries with more land and more people. It is indeed the human mind alone that created everything good or great for humanity; Nature herself was only its chief servant. England, far to the north in the restless sea, now appears in my dreams as a vast ship with a full crew, mastering the winds and riding proudly over the waves. In my boyhood she was my entire universe. Standing on my native hills, I saw plains and mountains reach as far as my eyes could follow. My countrymen’s homes dotted them, and their labor had made the land fertile. To me, that spot was the very center of the earth. The rest of the world seemed like a story that neither my imagination nor my understanding would have struggled to forget.

From the beginning, my fortunes have shown how powerfully change can shape the course of a person’s life. In my case, this was almost an inheritance. Nature had showered my father with the enviable gifts of wit and imagination, then left these winds to drive his boat through life without reason to steer it or judgment to guide the voyage. He came from an obscure family, but circumstances brought him to public attention early. He soon spent the small property inherited from his father in the glittering world of fashion and luxury he had entered. During his brief, thoughtless youth, the fashionable idlers adored him. Among his greatest admirers was the young king, who escaped political intrigue and the difficult duties of ruling to find unfailing amusement and renewed spirits in my father’s company. My father could never control his impulses. They constantly led him into trouble from which only his ingenuity could rescue him. His growing mountain of gambling and business debts would have crushed anyone else, but he bore it cheerfully, with unstoppable good humor. His presence was so essential at the dinners and gatherings of the rich that they treated his failings as forgivable and welcomed him with praise that went to his head.

Popularity of this kind, like all popularity, soon fades. Meanwhile, the difficulties he faced in every direction increased at a frightening rate, far beyond his limited means of escaping them.",26b3ef53dbf9b3b21a2941a253d993f148cf5a2cf2c3f0275ae3ca43cb565ae7,474,412,0.86919831,pass,,e2c1ebb57b4739ac7d2fb598b356105c0448b31bf370c0995c6aebd4ce0e8fa7,codex_session_output,795941397b932c1a400821dd,codex_session
7be8d068b98aa697b16cf6cf,V2_dickens_great_expectations_002,modernize,astra_session,"GPT-6 Astra via Codex, Extra High",,85884beab6bb6f0df51611cdde62cb79197a514bfaf5b9d50e3cc4e820619c44,15cc93b9051d4e734a98c04ca4a055076fe070080ba3fd4edad875fe90cebf59,,2026-09-27T13:29:31.765757+00:00,session_output_recorded,"There’d be no raising him by hand then. Not a chance!”

Joe offered me some more gravy, but I was afraid to accept it.

“He’s caused you a world of trouble, ma’am,” said Mrs. Hubble, expressing sympathy for my sister.

“Trouble?” my sister repeated. “Trouble?” She then launched into a dreadful catalogue of every illness I had been guilty of, every act of sleeplessness I had committed, every high place I had fallen from and every low place I had fallen into, every injury I had inflicted upon myself, and every occasion when she had wished me in my grave and I had stubbornly declined to go there.

I think the Romans must have irritated each other terribly with their noses. Perhaps that accounts for their restless character. In any case, Mr. Wopsle’s Roman nose irritated me so much throughout this recital of my offences that I wanted to pull it until he howled. Yet everything I had suffered so far was nothing beside the dreadful feelings that overwhelmed me when the silence following my sister’s account was broken. During that silence, everyone had been looking at me with outrage and disgust, as I was painfully aware.

“Still,” said Mr. Pumblechook, gently guiding the company back to the subject they had wandered away from, “pork—when it’s boiled—is rich too, isn’t it?”

“Have a little brandy, uncle,” said my sister.

Oh, heaven, the moment had finally arrived! He would discover that it was weak, he would announce that it was weak, and I would be ruined! Beneath the tablecloth, I clutched a table leg with both hands and waited for my fate.

My sister fetched the stone bottle, returned with it, and poured his brandy. Nobody else had any. The wretched man played with his glass—lifting it, inspecting it against the light, setting it down—and prolonged my agony. Throughout this performance, Mrs. Joe and Joe were busily clearing the table for the pie and pudding.

I could not take my eyes off him. Still gripping the table leg with my hands and feet, I watched the miserable creature toy with his glass, pick it up, smile, throw back his head, and swallow the brandy. The company immediately fell into indescribable alarm. He sprang to his feet, whirled around several times in a horrifying, jerky dance accompanied by whooping coughs, and rushed through the doorway. Then he appeared through the window, lurching violently and spitting, pulling the most hideous faces, and apparently quite out of his mind.

I kept my tight grip while Mrs. Joe and Joe ran to help him.",2231f0b602d88ac5d6a6bcd2865c2420188ad255f6cbbdeda12686f65f00a894,459,433,0.94335512,pass,,b03a88b8d8a1f9b7dbe0d8ccc6198ee79040a65cc3c83ab784f2b3fb0c2508c6,codex_session_output,7be8d068b98aa697b16cf6cf,codex_session
7c5c3c82f15c940fa99f6565,V2_dickens_oliver_twist_004,simplify,astra_session,"GPT-6 Astra via Codex, Extra High",,34da19b31d93424e0543a9c41b3e7c0371843b5834c0e6c500060d12a72f2527,39ffe54c2fa322d9f98cc4645b732cf6510f918b33549e93df660f3c71bdb399,,2026-09-27T08:00:10.594535+00:00,session_output_recorded,"“What’s wrong?” Oliver asked.

“Quiet!” the Dodger answered. “See that old fellow by the bookstall?”

“The old gentleman across the street?” said Oliver. “Yes, I see him.”

“He’ll do,” the Dodger said.

“A perfect target,” remarked young Charley Bates.

Oliver looked from one boy to the other in great surprise. But before he could ask anything, they crept across the road and slipped close behind the old gentleman they had pointed out. Oliver followed them for a few steps. Then, unsure whether to go on or turn back, he stopped and watched in silent amazement.

The old gentleman looked very respectable, with powdered hair and gold spectacles. He wore a dark green coat with a black velvet collar and white trousers, and carried a fine bamboo cane under his arm. He had picked up a book from the stall and stood reading it as intently as though he were sitting in his armchair in his own study. Perhaps he actually imagined himself there. He was plainly so absorbed that he noticed neither the stall, the street, nor the boys—nothing, in fact, except the book. He was reading it straight through, turning each page when he reached the bottom, starting at the first line of the next, and continuing steadily with the greatest interest and eagerness.

Imagine Oliver’s horror and alarm as he stood a few steps away, his eyes open as wide as they could go, and watched the Dodger thrust a hand into the old gentleman’s pocket and pull out a handkerchief! He saw him pass it to Charley Bates, and then saw both boys race around the corner as fast as they could run!

In a flash, the whole mystery of the handkerchiefs, the watches, the jewels, and the Jew became clear to Oliver.

For a moment he stood still, terror making the blood tingle so fiercely through his veins that he felt as though he were standing in a fire. Then, bewildered and frightened, he ran. Hardly knowing what he was doing, he fled as quickly as his feet would carry him.

All this happened within a minute. At the very moment Oliver started running, the old gentleman reached into his pocket, found his handkerchief gone, and spun around. Seeing the boy dashing away so fast, he quite naturally decided that Oliver was the thief. Shouting “Stop thief!” at the top of his voice, he hurried after him with the book still in his hand.",1b3cf366a52989652be5e6b6f7f08e1de9349f87c853bbfb9a7eeaebaff49055,460,409,0.88913043,pass,,1493f19889f94c6a18c359f01c04e989ea3388251b0c4f75e28747ceb7fb3b8c,codex_session_output,7c5c3c82f15c940fa99f6565,codex_session
7d0ff71a403368e510dd7e8a,V2_austen_persuasion_005,simplify,astra_session,"GPT-6 Astra via Codex, Extra High",,a90a16c13e443c3b13b417781de7d11d73588cec1d956d1849409bab34c8fe51,29d34231a4bdcbf74f7b36f05f00f1dc2355b645080c5214b124df2096288415,,2026-09-27T13:35:21.166179+00:00,session_output_recorded,"‘My nerves can't stand that sort of thing.’

‘But could you really feel comfortable spending the whole evening away from the poor boy?’

‘Yes. His father can, you see, so why shouldn't I? Jemima is very careful, and she could send us news of him every hour. I really think Charles might as well have told his father we would all come. I'm no more worried about little Charles now than he is. I was terribly frightened yesterday, but things are very different today.’

‘Well, if you think there's still time to let them know, why don't you go with your husband? Leave little Charles with me. Mr. and Mrs. Musgrove can't object while I'm here to look after him.’

‘Do you mean it?’ cried Mary, her eyes lighting up. ‘Goodness, what a very good idea! An excellent idea, really. Certainly I might as well go, since I'm no use at home, am I? Staying only upsets me. You don't have a mother's feelings, so you're much better suited to it. You can get little Charles to do anything; he always obeys you straight away. That will be far better than leaving him with only Jemima. Oh, I shall definitely go. I'm sure I ought to if I can, just as much as Charles should, because they're so eager for me to meet Captain Wentworth. And I know you don't mind being left alone. What an excellent thought, Anne! I'll tell Charles and get ready at once. You can send for us immediately if anything goes wrong, you know. But I expect there will be nothing to worry you. You may be quite sure I wouldn't go if I weren't completely at ease about my dear child.’

A moment later she was knocking at her husband's dressing-room door. Anne followed her upstairs in time to hear the entire conversation, which Mary began in a triumphant voice.

‘I'm coming with you, Charles, because I'm no more useful at home than you are. Even if I shut myself up with the child forever, I couldn't make him do anything he didn't want to. Anne will stay. She's offered to remain at home and look after him. It was Anne's own suggestion, so I shall come with you, which will be much better. I haven't dined at the other house since Tuesday.’

‘That's very kind of Anne,’ her husband replied, ‘and I'd be very pleased to have you come. But it does seem rather unfair that she should be left at home alone to nurse our sick child.’",c1af88f0c383b4a8bb2edcbfe02a5a105e321947bee59b07efd0996fb074f85e,488,425,0.87090164,pass,,696bdfaa55a9b0024a5e1523553f34a4d5d3e22037e1560b76c7754e2b47d459,codex_session_output,7d0ff71a403368e510dd7e8a,codex_session
7d309e0ef4617bb13050d71f,V2_twain_tom_sawyer_005,simplify,astra_session,"GPT-6 Astra via Codex, Extra High",,323d6acb59fb7860bc2793a84ba6ac977f23c07b4823893b56c6c2d0cfd25ae1,5e62035effb59027514d29f318cb6cca759915e40c89fcb8a9227b9edb85b3aa,,2026-09-26T11:03:34.317133+00:00,session_output_recorded,"“Just a tick.”

“Where did you get it?”

“Out in the woods.”

“What would you take for it?”

“I don’t know. I don’t want to sell it.”

“All right. It’s a very small tick anyway.”

“Oh, anyone can find fault with a tick that isn’t theirs. I’m happy with it. It’s good enough for me.”

“Come on, there are plenty of ticks. I could get a thousand if I wanted.”

“Well, why don’t you? Because you know you can’t. This one’s early in the season, I think. It’s the first I’ve seen this year.”

“Say, Huck—I’ll give you my tooth for it.”

“Let me see.”

Tom took out a piece of paper and carefully unrolled it. Huckleberry looked at the tooth with longing. He was strongly tempted. Finally he said:

“Is it real?”

Tom lifted his lip and showed the empty space.

“Well, all right,” said Huckleberry. “It’s a deal.”

Tom put the tick into the small percussion-cap box that had recently held the pinchbug. The boys went their separate ways, both feeling richer than before.

When Tom reached the small wooden schoolhouse standing by itself, he walked quickly inside, acting as though he had hurried there as fast as he honestly could. He hung his hat on a peg and dropped into his seat, looking ready for work. The teacher sat high up in his large armchair with its woven wooden seat. The sleepy murmur of studying had made him doze off. Tom’s arrival woke him.

“Thomas Sawyer!”

Tom knew that hearing his whole name meant trouble.

“Sir!”

“Come here. Now, sir, why are you late again, as usual?”

Tom was about to tell a lie when he noticed two long yellow braids hanging down a familiar back. Love made him recognize the girl instantly. Beside her was the only empty seat on the girls’ side of the schoolhouse. At once he said:

“I stopped to talk with Huckleberry Finn!”

The teacher was so shocked that his pulse seemed to stop. He stared, unable to respond. The hum of studying died away. The pupils wondered whether this reckless boy had lost his mind. The teacher said:

“You—you did what?”

“Stopped to talk with Huckleberry Finn.”

There was no misunderstanding those words.

“Thomas Sawyer, that is the most astonishing confession I’ve ever heard. A beating with the ruler won’t be enough for this. Take off your jacket.”

The teacher struck him with switches until his arm grew tired and he had used up a good part of his supply. Then came the order:

“Now, sir, go and sit with the girls! And let that teach you a lesson.”

Laughter spread through the room. Tom seemed embarrassed by it, but his real embarrassment came more from his awed admiration for the girl he did not yet know, and from the nervous happiness of his wonderful good luck.",f03d14577ff5e9398bd9111e061dfc0725015248ac2f0122eccec6b7b7e4ce8e,472,478,1.01271186,pass,,7929ff2f2d59f851adb623a613ddaceee7c622e4831ed435ee66b9f8f436a774,codex_session_output,7d309e0ef4617bb13050d71f,codex_session
80633eb50d7d8e34a1670269,V2_poe_the_gold_bug_018,modernize,astra_session,"GPT-6 Astra via Codex, Extra High",,f80ae1955e479cddfa499690b79cd4aeefe69fc2ce738bcf52909a9b40455948,ed04dbd6d47229a92827e204f954b838533495d2c0036f6b40c7eec56126ff9c,,2026-09-26T11:03:34.419392+00:00,session_output_recorded,"“Now, the most frequent letter in English is e. After that, the order is: a o i d h n r s t u y c f g l m w b k p q x z. E is so dominant that you rarely find a sentence of any length in which it is not the most common letter.

“So, right at the outset, we have a basis for something better than guesswork. The general usefulness of this table is obvious, although we will need only a little of its help with this particular cipher. Since 8 is our most frequent character, we can begin by assuming that it stands for e in the ordinary alphabet. To test that assumption, let us see whether 8 often appears twice in succession. English frequently doubles e—in words such as ‘meet,’ ‘fleet,’ ‘speed,’ ‘seen,’ ‘been,’ ‘agree,’ and so on. Here, despite the cipher’s short length, we find 8 doubled at least five times.

“Let us therefore take 8 to mean e. Now, ‘the’ is the most common word in the language. We should look for repeated groups of three characters, always in the same order, with 8 as the last character. If we find such groups, they will very probably stand for ‘the.’ Looking through the cipher, we discover at least seven examples of the group ;48. We can therefore suppose that ; stands for t, 4 for h, and 8 for e—the last identification now having strong support. We have made substantial progress.

“But identifying one word also allows us to establish something enormously useful: where several other words begin and end. Take, for example, the second-to-last appearance of ;48, not far from the cipher’s end. We know that the ; immediately after it begins another word. Of the six characters following this ‘the,’ we already know five. Let us write those characters out using the letters they represent, with a space left for the one we do not yet know:

t eeth.

“We can immediately rule out the final ‘th’ as part of the word that starts with the first t. Trying every letter of the alphabet in the empty space shows that no word can be formed that includes that ‘th.’ This leaves us with:

t ee,

and, if we work through the alphabet again as needed, we reach ‘tree’ as the only possible reading.",b4638b921c461a96740a9ccd70bb7650d965951fbc296e8bc11899aca0b22dca,458,395,0.86244541,pass,,73c70829562db92783a7d9a7411ef95ef946298c7caa8b2020388cfcac4745e2,codex_session_output,80633eb50d7d8e34a1670269,codex_session
810fc741f624a8c0aa601cad,V2_dickens_great_expectations_018,simplify,astra_session,"GPT-6 Astra via Codex, Extra High",,3bb389137c78333871f12f85cb3172d47e36fab4be984231f83cf053948a10d3,b0d20d2dfce001f3f83458f381355e4a68cb55966917d65712a8fce1a45142b7,,2026-09-26T11:11:42.659440+00:00,session_output_recorded,"At the steps where we had brought him aboard, and ever since then, I had watched carefully for any sign that someone suspected us. I had seen nothing. We had certainly not been followed, and no boat was following us or keeping alongside us now. If one had been, I would have pulled in to shore, forcing it either to go past or to show what it wanted. But we kept moving without any sign of interference.

He wore his boat-cloak and, as I have said, looked perfectly at home in the scene. Strangely, he was the least worried of us all, though perhaps his miserable past explained that. He did care about what happened: he told me he hoped to live long enough to see his gentleman become one of the finest gentlemen in a foreign country. Nor, as I understood him, was he simply willing to accept whatever happened. He just did not believe in worrying about danger before it arrived. When it came, he faced it, but until then he would not trouble himself.

“If you knew, dear boy,” he told me, “what it means to sit here beside my dear boy and have a smoke, after spending day after day shut inside four walls, you’d envy me. But you don’t know what it means.”

“I think I understand the pleasure of being free,” I answered.

“Ah,” he said, shaking his head seriously. “But you don’t understand it the way I do. You’d have to have been locked up, dear boy, to know it as I do—but I’m not going to get gloomy.”

It seemed strange to me that he had risked his freedom, and even his life, for any idea, however powerful. Then I wondered whether a life of freedom without danger was so unlike everything he knew that it could never mean to him what it meant to someone else. I was not far wrong, for after smoking a little he said:

“You see, dear boy, when I was over there, on the other side of the world, I was always looking towards this side. Being there felt empty, even though I was getting rich. Everyone knew Magwitch. Magwitch could come and Magwitch could go, and nobody gave him a thought. They aren’t so easy about me here, dear boy—or they wouldn’t be if they knew where I was.”

“If everything goes well,” I said, “in a few hours you’ll be completely free and safe again.”

“Well,” he replied, taking a long breath, “I hope so.”

“And do you think so?”",7724ec0c6b2d9844b8d68f56bcc696cd95b6a43cbfe6402f7156757f78fdc9ae,451,428,0.94900222,pass,,a73e0cf3ca082ea01f2962bbdc9c7ae97b123acc4bae741c9c0d53a07c40be90,codex_session_output,810fc741f624a8c0aa601cad,codex_session
815a4fe90e3cf1d6d26c68bc,V2_twain_tom_sawyer_017,modernize,astra_session,"GPT-6 Astra via Codex, Extra High",,644eed05f74710ece4bb051d330ab24febbeb08bd8df93aa824125c151169900,e9a9e67ef6e08caa74c28dbf3dc92aae78ebb984b7bc2598c6c8362cad53f5e4,,2026-09-27T08:04:26.127623+00:00,session_output_recorded,"“Yes, burglary tools. You seem very relieved to hear that. But what startled you so much? What did you expect we'd found?”

Huck was trapped. The old man's questioning eyes were fixed on him, and he would have given anything for a believable answer. Nothing came to mind. The gaze grew more and more searching. At last a ridiculous reply occurred to him; with no time to consider it, he took a chance and said weakly:

“Sunday school books, maybe.”

Poor Huck was too upset even to smile, but the old man burst into loud, delighted laughter that shook him from head to foot. When he finished, he said a laugh like that put money in a man's pocket by saving him a fortune in doctors' bills. Then he added:

“Poor fellow, you're pale and worn out. You're not well at all. No wonder you're a bit confused and unsettled. But you'll recover. Rest and sleep should put you right again, I hope.”

Huck was annoyed with himself for acting so foolishly and showing such suspicious excitement. Ever since overhearing the conversation at the widow's stile, he had given up thinking that the parcel from the tavern contained the treasure. But he had only believed it wasn't the treasure; he had never known for certain. That was why hearing about a recovered bundle had shaken his self-control. On balance, though, he was glad the incident had happened. Now he knew beyond any doubt that their bundle was not the bundle, and his mind felt peaceful and wonderfully comfortable. In fact, everything now seemed to be moving exactly as it should. The treasure must still be in Number 2. The men would be caught and jailed that day, leaving him and Tom free to take the gold that night without trouble or fear of interruption.

Just as they finished breakfast, someone knocked at the door. Huck darted into hiding, wanting no connection, however slight, with what had happened. The Welshman let in several ladies and gentlemen, including the Widow Douglas, and noticed groups of townspeople coming up the hill to stare at the stile. Clearly the news had spread. He had to tell his visitors the story of the night, and the widow openly expressed her gratitude for being saved.

“Don't mention it, ma'am. There's someone else you may owe more to than you do to me and my boys, but he won't let me give you his name. Without him, we wouldn't have been there.”",ad58c7a775d4fb3b97ac98b689761b2f3127c580e83ca1d18c7c42d3ab594500,456,415,0.91008772,pass,,2d6074f458eb5403df90ba15bac7e396d51fe0ecb39bc1c69a8bc5ca2d9b3e6c,codex_session_output,815a4fe90e3cf1d6d26c68bc,codex_session
81d988ed2c5fe9ff0e8728d8,V2_austen_emma_006,simplify,astra_session,"GPT-6 Astra via Codex, Extra High",,5ac1eb58b964de10cf284d81045dc8e0d068a5eb87b6664b421e0984f125fe67,2e5c466471be831a6b8ca6b5fe1e7f631035e7116403dfd28a63109f2466faac,,2026-09-26T11:11:42.765919+00:00,session_output_recorded,"But now she wished it had not happened. She thought he had drunk too much of Mr. Weston’s good wine and was sure he would begin talking nonsense.

Hoping that her own behaviour would keep him under control, she was about to speak very calmly and seriously about the weather and the night. She had barely begun, and they had scarcely passed the gate and caught up with the other carriage, when he interrupted her, took her hand, and demanded her attention. Mr. Elton was actually making an intense declaration of love to her. Seizing this precious chance, he spoke of feelings that, he claimed, she must already understand. He hoped, feared, adored her, and was ready to die if she refused him. Yet he assured himself that his deep attachment, his unequalled love, and his extraordinary passion must have some effect. In short, he was determined that she should accept him seriously and as soon as possible. There could be no doubt about it. Without hesitation, apology, or much apparent nervousness, Mr. Elton—the man she believed loved Harriet—was declaring that he loved her instead. She tried to interrupt him, but he would not stop until he had said everything. Angry though she was, she decided to control herself when she replied. She felt sure that drink must explain half this foolishness, and could therefore hope that it would last no longer than the present hour. She answered with a mixture of seriousness and playfulness that she hoped would suit his half-drunken state.

“I am very astonished, Mr. Elton. Saying this to me! You have forgotten yourself. You are confusing me with my friend. I shall gladly deliver any message you have for Miss Smith, but please say no more of this to me.”

“Miss Smith! A message to Miss Smith! What could she possibly mean?” He repeated her words so confidently, with such an exaggerated show of surprise, that she could not help answering sharply.

“Mr. Elton, this is extraordinary behaviour! There is only one explanation I can see. You are not yourself, or you could never speak this way to me, or about Harriet. Control yourself enough to say nothing more, and I will try to forget it.”

But Mr. Elton had drunk only enough wine to raise his spirits, not enough to confuse his thoughts. He knew exactly what he meant. He strongly denied her suggestion, protesting that it was deeply unfair to him. He briefly mentioned his respect for Miss Smith as her friend, while admitting his surprise that Miss Smith had been brought into the conversation at all. Then he returned to his own love and pressed her urgently for a favourable answer.",0eb1aac0879b9973706bb9ddc8650a423ebf9869f309ededa54ac7dcd1d25951,460,450,0.97826087,pass,,eea480c6dfd64443e11bbf6a15ed4fd2f2def0c42be579c88f52532b7a1c3af6,codex_session_output,81d988ed2c5fe9ff0e8728d8,codex_session
82ba0b5700e7d7466772ae19,V2_poe_murders_rue_morgue_017,paraphrase,astra_session,"GPT-6 Astra via Codex, Extra High",,639e1b93dd25ac959a2ff7d7d51db5da8f0448e5fb2d68d2ffa828e073f25445,e81ed6b1e3b519764f645b644687e1427de71d9a9fb5bc0b3db4416f7a727c13,,2026-09-27T08:03:02.810797+00:00,session_output_recorded,"“Besides, this is a knot that scarcely anyone but a sailor knows how to tie, and it is characteristic of the Maltese. I found the ribbon at the base of the lightning-rod. It cannot have been the property of either dead woman. Now, even supposing my inference from the ribbon is mistaken, and the Frenchman is not a sailor on a Maltese ship, the statement in my advertisement can do no harm. If I am wrong, he will simply think some circumstance has deceived me, and will hardly trouble himself to investigate it. If I am correct, however, we gain a considerable advantage. Knowing of the murders, though innocent of them, the Frenchman will naturally hesitate to answer the notice and claim the Ourang-Outang. His reasoning will run like this: ‘I am innocent and poor; my Ourang-Outang is enormously valuable—a fortune to a man in my position. Why forfeit it because of groundless fears? It lies within my reach. It was discovered in the Bois de Boulogne, very far from the place of the slaughter. Who would suspect a brute animal of committing such an act? The police are baffled; they have not obtained the smallest clue. Even if they tracked the creature down, they could not prove that I knew of the murders, or establish my guilt merely because I knew. Above everything, my identity is known. The person advertising identifies me as the animal’s owner. I cannot tell how much more he knows. If I fail to reclaim such valuable property, when my ownership is known, I shall at least expose the creature to suspicion. My interest is to draw attention to neither myself nor it. I shall answer the notice, recover the Ourang-Outang, and keep it hidden until the affair has blown over.’”

Just then we heard a footstep on the staircase.

“Have your pistols ready,” Dupin said, “but do not display or use them unless I give the signal.”

The house’s outer door had been left ajar. Our visitor had come in without ringing and climbed several stairs, but now appeared to falter. After a moment we heard him going down. Dupin moved swiftly toward the door, just as the steps began ascending again. This time the man did not retreat, but came up resolutely and knocked at our room.

“Come in,” Dupin called in a warm, cheerful voice.

A man entered, plainly a sailor: tall, heavily built, and muscular, with a certain reckless boldness in his face that was not altogether unattractive.",4303b84289cfd90c3d79173966be4535cdbbc10c252a0da4668528db7c9c66ec,470,418,0.8893617,pass,,44182f8ed2273b6c3af7446d2ef39084989e6be01c21b081c2182c54d919be7e,codex_session_output,82ba0b5700e7d7466772ae19,codex_session
84f2cfef3f8809fe8da18685,V2_twain_huckleberry_finn_020,simplify,astra_session,"GPT-6 Astra via Codex, Extra High",,abe36c52a9f8f8a8951175e24b5d8d1ad50898f73fc4fe293ae8078982366d8e,138e773c14323a8a9446aa13a0b0fcdbae8ece8b0d7bd73a3fbaba51cf7b8359,,2026-09-27T13:31:59.793659+00:00,session_output_recorded,"The first time I caught Tom alone, I asked what he'd had in mind during the escape—what he meant to do if everything worked and he managed to free a Black man who was already free. He said his plan all along, once we got Jim out safely, was to take him downriver on the raft and have adventures all the way to the river's mouth. Then we'd tell him he was free, bring him home in style on a steamboat, and pay him for his lost time. We'd send word ahead and gather all the Black people around, so they could march him into town with torches and a brass band. He would be a hero, and so would we. But I reckoned things had turned out just as well as they were.

We got Jim out of his chains in no time. When Aunt Polly, Uncle Silas, and Aunt Sally learned how well he'd helped the doctor nurse Tom, they made a great fuss over him. They saw he was comfortable, gave him all the food he wanted, let him enjoy himself, and gave him nothing to do. We brought him up to the sickroom and had a lively talk. Tom gave Jim forty dollars for patiently playing prisoner for us and doing it so well. Jim was nearly beside himself with pleasure, and burst out:

‘There now, Huck! What did I tell you? What did I tell you back on Jackson's Island? I told you I had a hairy chest, and what that was a sign of. And I told you I'd been rich once and would be rich again. Now it's come true, and here's the money! There now! Don't argue with me—signs are signs, remember that. I knew I'd be rich again as sure as I'm standing here this very minute!’

Then Tom went on talking and talking. He said the three of us should slip away some night, get our supplies together, and spend a couple of weeks or so having wild adventures among the Native Americans in the Territory. I said that suited me fine, but I had no money to buy supplies. I reckoned I couldn't get any from home either, because Pap had probably been back by now, taken everything from Judge Thatcher, and drunk it all away.

‘No, he hasn't,’ Tom said. ‘It's all still there—six thousand dollars and more. And your pap hasn't ever come back since.’",665d7ab0d1b81ab02114a1f9ca8ae34c1cffa5c729f206ba06850a098d34b0fa,463,411,0.88768898,pass,,679870ef965c960780259dfbd863757c779737ff4028534ffe536b9ad68d961a,codex_session_output,84f2cfef3f8809fe8da18685,codex_session
8664fb358e13156770518eca,V2_dickens_great_expectations_001,modernize,astra_session,"GPT-6 Astra via Codex, Extra High",,c7a78f87c417ada1e0e470f0bb377e703b522bd95d6872a11dd60b743d371e03,1d248892ce6441bbe97a7a07350e35586fed31419a0013b988522569ee469559,,2026-09-27T07:59:58.458657+00:00,session_output_recorded,"My father's surname was Pirrip and my given name Philip, but as a small child I could manage nothing longer or clearer than Pip when trying to say them together. So I called myself Pip, and Pip became the name everyone used.

I know that my father's surname was Pirrip from his gravestone and from my sister, Mrs. Joe Gargery, who married the blacksmith. I never saw either of my parents, or even a picture of them, since they lived long before the time of photographs. My earliest ideas of their appearance therefore came, quite irrationally, from their gravestones. Something about the lettering on my father's made me imagine a broad, solidly built, dark man with curly black hair. From the style and curves of the inscription, “Also Georgiana Wife of the Above,” I reached the childish conclusion that my mother was freckled and sickly. Beside their grave stood a neat row of five little diamond-shaped stones, each about eighteen inches long, commemorating my five little brothers, who had abandoned the universal struggle to make a living remarkably early. These stones gave me a belief I held with absolute faith: that all five had been born lying on their backs with their hands in their trouser pockets, and had never taken them out for the whole of their earthly existence.

We lived in the marsh country beside the river, less than twenty miles from the sea along the river's winding course. My first vivid, wide-reaching sense of what things actually were seems to have come on one memorable, bitter afternoon as evening approached. I discovered then, with certainty, that this desolate, nettle-covered place was the churchyard; that Philip Pirrip, formerly of this parish, and Georgiana, wife of the above, were dead and buried; and that Alexander, Bartholomew, Abraham, Tobias, and Roger, their infant children, were also dead and buried. The dark, flat wilderness beyond the churchyard, crossed by ditches, banks, and gates, with cattle scattered over it grazing, was the marshes. The low, lead-gray line beyond was the river, and the distant wild lair from which the wind came rushing was the sea. And the small, shivering bundle that was growing frightened of everything and beginning to cry was Pip.

“Stop that noise!” shouted a terrifying voice, as a man sprang up among the graves beside the church porch. “Keep quiet, you little devil, or I'll cut your throat!”

A frightening man, dressed entirely in coarse gray clothes, with a heavy iron shackle on his leg.",a8b790a2a1063262c4e0fda4df2ded09779fd2677b717b6177a1b65e455e31f7,454,416,0.91629956,pass,,013f137bbdead472df08e9f5b4f00e36adc0f1360eb9dee093b6f15e117a4a24,codex_session_output,8664fb358e13156770518eca,codex_session
86be118635dda221a4b31ccd,V2_poe_the_gold_bug_012,modernize,astra_session,"GPT-6 Astra via Codex, Extra High",,222c621dc7086459f19963d741acd72c0f6d9a907400e22d9d859e4c54a136f6,c740444e42d1e3a3cee9e660c8c0a641ef2c68bd4734b93a6736a896bc411f92,,2026-09-27T08:03:24.452011+00:00,session_output_recorded,"At the sight of these, Jupiter could hardly contain his delight, but his master's face showed profound disappointment. Even so, he urged us to keep working. He had scarcely spoken when I stumbled and pitched forward, catching the toe of my boot in a large iron ring half buried in the loose soil.

Now we worked with real determination, and I have never spent ten minutes in greater excitement. In that time we completely uncovered an oblong wooden chest. Its remarkable hardness and perfect state of preservation made it clear that the wood had undergone some mineral treatment, perhaps with mercuric chloride. The chest measured three and a half feet long, three feet wide, and two and a half feet deep. Riveted bands of wrought iron reinforced it, forming an open lattice around the whole box. Along each side near the top were three iron rings, six altogether, providing handholds for six people. Even with all of us pulling as hard as we could, we barely shifted it in the earth. We immediately realized we could not lift such a weight. Fortunately, only two sliding bolts secured the lid. Trembling and breathless with anticipation, we pulled them back. Suddenly an immeasurable treasure glittered before us. The lantern light fell into the pit and flashed back from a tangled pile of gold and jewels with a brilliance that dazzled our eyes.

I will not attempt to describe what I felt as I stared. Astonishment, of course, overwhelmed everything else. Legrand seemed drained by his excitement and said almost nothing. For several minutes Jupiter's face was as deathly pale as his dark skin could become. He looked dazed, thunderstruck. Then he dropped to his knees in the pit and plunged his bare arms elbow-deep into the gold. He left them there as though relishing a luxurious bath. At last, with a deep sigh, he exclaimed, apparently to himself:

“And all this comes from the gold bug! The pretty gold bug! The poor little gold bug I abused so cruelly! Aren't you ashamed of yourself, you black fool? Answer me that!”

Eventually I had to rouse both master and servant to the need to carry the treasure away. It was getting late, and we needed to make an effort if we were to bring everything safely indoors before daylight. Deciding how to proceed was difficult, and we spent a considerable time discussing it, since all three of us were too confused to think clearly.",2a09b87b03ce8bbb78b2945fd45dd0a6948fa766b95a90ad8eed0b4015c0a64a,472,411,0.87076271,pass,,a3683ba0f1035e99364dd31edd347953e1d30aaffcc9126e2580b9e4b7519d35,codex_session_output,86be118635dda221a4b31ccd,codex_session
88965779f40adb55452831ed,V2_twain_huckleberry_finn_001,simplify,astra_session,"GPT-6 Astra via Codex, Extra High",,9a6aa155126ae0abcfd63ede272b573334420d76679f7109e7503fbade0b2f29,3481a05bb7aa37454c7449293407a34cc9a54250d87289b2b5599c03a7f8bd2b,,2026-09-27T13:35:14.087732+00:00,session_output_recorded,"You won't know about me unless you've read a book called The Adventures of Tom Sawyer, but that doesn't matter. Mr. Mark Twain wrote that book, and he mostly told the truth. He exaggerated some things, but most of it was true. That's nothing unusual. I've never known anyone who didn't tell a lie now and then, except maybe Aunt Polly, or the widow, or Mary. Aunt Polly—that's Tom's Aunt Polly—and Mary and the Widow Douglas are all in that book. Like I said, it's mostly true, with a few tall tales mixed in.

Here's how that book ends: Tom and I found the money the robbers had hidden in the cave, and it made us rich. We each got six thousand dollars, all in gold. Piled up, it was a mighty lot of money to look at. Judge Thatcher took it and invested it, and the interest brought each of us a dollar a day all year long. That was more money than anyone could figure out how to spend. The Widow Douglas took me in as her son and said she would civilize me. But living indoors all the time was hard, especially with the widow being so terribly proper and regular in everything she did. When I couldn't stand it anymore, I ran off. I put on my old rags and went back to sleeping in my big sugar barrel, free and happy. But Tom Sawyer tracked me down and said he was starting a gang of robbers. I could join if I went back to the widow and made myself respectable. So I went back.

The widow cried over me and called me a poor lost lamb, along with plenty of other names, though she didn't mean any harm. She put me back into those new clothes. All I could do was sweat and feel squeezed in. Then the old business started again. The widow rang a bell for supper, and you had to turn up on time. At the table, you couldn't just start eating. You had to wait while she bowed her head and muttered over the food, although there wasn't anything wrong with it, except that every dish was cooked separately. It's different in a barrel of leftovers. Everything mixes together, the juices trade places, and the food tastes better.

After supper she brought out her book and taught me about Moses and the Bulrushers. I was eager to hear all about him, but after a while she let slip that Moses had been dead a very long time. Then I stopped caring, because dead people don't interest me.",f9b75e90b9ec4d5c6ed2bba4d6532028128571ac0691cc23c08e8c64960d2acb,504,438,0.86904762,pass,,a5f902a6ebf5c4bcb65db5d3b14f643f5ecc2e6371cff39c3147295510801647,codex_session_output,88965779f40adb55452831ed,codex_session
8b1060bff6727ea66d068aa9,V2_twain_huckleberry_finn_001,paraphrase,astra_session,"GPT-6 Astra via Codex, Extra High",,9a6aa155126ae0abcfd63ede272b573334420d76679f7109e7503fbade0b2f29,6f5f31c3eb3ef2d74562303050e05461b8d4fce2557a0ab6c2961199aae7d7fe,,2026-09-27T13:31:59.807181+00:00,session_output_recorded,"You won't know anything about me unless you've read a book called The Adventures of Tom Sawyer; but that don't matter. Mr. Mark Twain made that book, and mostly he stuck to the truth. Some things he stretched a little, but the greater part was true. That's nothing much. I never met anybody that didn't lie sometime or other, except maybe Aunt Polly, or the widow, or perhaps Mary. Aunt Polly—that's Tom's Aunt Polly—and Mary and the Widow Douglas are all in that book, which is mostly truthful, with a few stretchers thrown in, as I already said.

Now, here's how that book ends: Tom and me discovered the money the robbers had hidden in the cave, and we came out rich. Each of us got six thousand dollars, every bit of it gold. Piled together, it was an amazing heap of money. Well, Judge Thatcher took charge of it and invested it at interest, and each of us got a dollar a day the whole year through—more than anybody could know how to spend. The Widow Douglas took me in as her son and said she'd sivilize me; but being shut in the house all the time was hard, seeing how drearily proper and regular the widow was about everything. So when I couldn't bear any more, I cleared out. Back I went to my old rags and my sugar barrel, feeling free and contented. But Tom Sawyer tracked me down and told me he was starting a robber band, and I could belong if I went back to the widow and behaved respectably. So back I went.

The widow cried over me and said I was a poor lost lamb, along with a good many other names, though she didn't mean any harm. She got me into those new clothes again, and all I could do was sweat and sweat and feel squeezed up tight. Then the same old business started over. She rang the supper bell, and you had to turn up punctual. Once you reached the table you couldn't just begin eating; first you had to wait while she bent her head and mumbled over the food, although there wasn't really anything wrong with it—except that each thing had been cooked separate. It's different in a barrel of scraps: everything mixes together, and the juice goes passing round, and it all tastes better.

After supper she brought out her book and taught me about Moses and the Bulrushers, and I was mighty eager to hear all about him. But presently she happened to mention that Moses had been dead a long while. After that I lost interest, because dead people don't count for much with me.",86e078ad684f84512610634aa5aae7cb6974fb095ae80db7a16fb7d7f80809c2,504,454,0.90079365,pass,,404b4204f52b5bdd45f676d7e48d7b5b331594fa22f1eba2a86dd6c78b267c31,codex_session_output,8b1060bff6727ea66d068aa9,codex_session
8db0e1fbb96b0236b9072796,V2_dickens_oliver_twist_007,modernize,astra_session,"GPT-6 Astra via Codex, Extra High",,36e701c9f656fcec9f82a346441ad79f68c23a97978a79adb2072088f2666950,9028eac12cc2f7707ba4c6836e512c05a43c1538412e253a16ddece3b1aa72a4,,2026-09-27T07:58:56.794179+00:00,session_output_recorded,"You won't, will you? Oh, you prize fool!”

“It's wicked, isn't it, Oliver?” asked Charley Bates. “He'll end up getting stretched, won't he?”

“I don't know what that means,” Oliver replied.

“Something like this, old fellow,” said Charley. He seized one end of his neckerchief and held it upright in the air, then let his head fall against his shoulder and forced a strange noise through his teeth. This spirited little performance made it clear that getting stretched and getting hanged meant the same thing.

“That's what it means,” said Charley. “Look at him staring, Jack! I've never met anybody half as entertaining as this boy. He'll be the death of me, I know it.” After another hearty fit of laughter, Master Charley Bates returned to his pipe with tears in his eyes.

“You've had a bad upbringing,” said the Dodger, inspecting his boots with great satisfaction now that Oliver had polished them. “But Fagin will make something of you, or you'll be the first boy he's ever taken on who didn't pay his way. You'd better start now. You'll be in the business much sooner than you think, and you're only wasting time, Oliver.”

Master Bates supported this advice with several moral lectures of his own. Once he had finished, he and his friend Mr. Dawkins began enthusiastically describing the many pleasures of their way of life. They scattered throughout their account various hints that Oliver's wisest course would be to earn Fagin's approval immediately, using the same methods by which they had won it themselves.

“And always keep this in mind, Nolly,” said the Dodger, as they heard the Jewish man's key in the door upstairs. “If you don't lift rags and tickers—”

“What's the point of talking like that?” Master Bates interrupted. “He doesn't know what you mean.”

“If you don't steal handkerchiefs and watches,” the Dodger said, adjusting his language to Oliver's understanding, “some other fellow will. So the fellows who lose them are worse off, and you're worse off too, and nobody gains a penny except the fellows who take them. You've got just as much right to them as they have.”

“Exactly, exactly!” said the Jewish man, who had entered without Oliver noticing. “There it is in a nutshell, my dear, a nutshell. Take the Dodger's word for it. Ha, ha, ha! He knows his trade's articles of faith.”

The old man rubbed his hands together gleefully as he confirmed the Dodger's argument, chuckling with delight at his pupil's expertise.

The discussion went no further just then. The Jewish man had come home with Miss Betsy and a gentleman Oliver had never seen, whom the Dodger greeted as Tom Chitling. Having stayed behind on the stairs to exchange a few flirtatious remarks with the lady, this gentleman now appeared.",1606777e357ac2baa5c884b2a7199b6ad5e6115c00e1c2bff8cbfc258ac14a04,503,465,0.92445328,pass,,654fe2370f6275860d3bb7aea7f338be3f4b6f604e8a93eb190c0ec2ece290c5,codex_session_output,8db0e1fbb96b0236b9072796,codex_session
8fdf178d0fba641be1e34035,V2_shelley_mathilda_004,paraphrase,astra_session,"GPT-6 Astra via Codex, Extra High",,89260d933821f327d5ab079ed165b4238bca6247a55460305a8a7b00edbc1495,d11e2302223aa5f5d5f0deb79ec6d550dd75b54076e08b3861e4d1c401b0553e,,2026-09-27T07:58:56.790179+00:00,session_output_recorded,"Few could claim a heart so unblemished, or such true humility of spirit united with a steadfast trust in her own honour and a faith in the honour of others. She had led a secluded existence from her earliest years. Her mother had died while she was very young, but her father had given himself entirely to overseeing her education. He held many singular opinions, and these shaped the plan he followed in bringing her up. She knew well the heroes of Greece and Rome, and those English heroes who had flourished some centuries earlier, yet knew almost nothing of the events unfolding around her. Few of the authors she had read had written within the preceding fifty years, though apart from this limitation her reading was exceedingly wide. Thus, while she seemed less familiar than he with the secrets of society and life, her knowledge went deeper and rested upon sounder ground; and even had her loveliness and gentleness failed to enchant him, her mind would always have kept his captive. He regarded her as his guide, and adored her so completely that he took pleasure in heightening, in his own thoughts, the feeling of inferiority she sometimes inspired.

His mother died when he was nineteen. At this loss he departed from college, and, setting aside his former companions for a time, withdrew to the neighbourhood where his Diana lived. All his comfort came from her gentle voice and her still dearer caresses. This brief absence from his friends gave him the resolution to declare his independence. He felt that, however much they might mock his proposed marriage, they would not venture to show their scorn once it was accomplished. He therefore sought his guardian's permission, which he gained with some trouble, and that of his beloved's father, which was granted more readily. Without informing anyone else of his design, he had made Diana his wife by the time he reached his twentieth birthday.

He loved her ardently, and her tenderness exercised a charm over him that left no room for thoughts of anyone else. He asked some college friends to visit, but their shallowness revolted him. Diana had rent the veil that had hitherto confined him to boyhood: now he was a man. He wondered that he could ever have shared the stock expressions and opinions of his fellow students, or for an instant have dreaded the disapproval of such people. He relinquished those earlier friendships, not through inconstancy, but because they were truly beneath him.",4737f02f589a0e02b7d46cf8a057b5b717bbafbaa9fb4bf1e4e574ad503fc292,453,418,0.92273731,pass,,419b26afdf8c6ced445368de97a6d02248afddf3bff5901ddf065a15939c6c00,codex_session_output,8fdf178d0fba641be1e34035,codex_session
93b5f63d4ed4367593498ae2,V2_poe_hans_pfaal_018,simplify,astra_session,"GPT-6 Astra via Codex, Extra High",,1101340f377b1e69c5a156249c47fd36e31d0fb679c69e765c6d8294da853de1,dd7f056e4677a79ce9d3c94d45802d812f4e2277e8a00ffe0acc8bc3de6a33bf,,2026-09-27T08:05:05.087916+00:00,session_output_recorded,"“Perhaps the hardest part of this adventure to explain was my own stunned surprise at the extraordinary change in my position. The turning over itself was natural and unavoidable. Indeed, I had long expected it to happen when I reached the point in my journey where the moon’s pull became stronger than the earth’s—or, more exactly, where gravity pulled the balloon toward the moon more strongly than toward the earth. Admittedly, I had awakened from deep sleep with my senses confused, only to face a startling sight. Although I had expected it eventually, I had not expected it at that moment. The turning must have happened gently and gradually. Even if I had been awake, I might not have noticed any sign of it inside the balloon. Nothing about my own position or my equipment need have shifted or caused any discomfort.

“Once I understood where I was and recovered from the terror that had taken hold of my whole mind, I naturally turned all my attention to the moon’s general appearance. It spread beneath me like a map. I believed it was still a considerable distance away, yet I could see the hollows of its surface with a clarity that was both remarkable and entirely unexplained. At first glance, its strangest physical feature was the complete lack of oceans or seas. There were no lakes, rivers, or other bodies of water either. Oddly enough, however, I saw enormous flat regions that clearly looked as though they had been formed from material deposited by water. Most of the visible half of the moon, though, was covered in countless cone-shaped volcanic mountains. They looked more like structures someone had built than natural features. The tallest rises no more than three and three-quarter miles straight up. But a map of the volcanic areas of the Campi Phlegraei would give Your Excellencies a better idea of their general appearance than any poor description I could attempt. Most of these volcanoes were plainly erupting. Their fury and power became frighteningly clear to me through the repeated thunder of the stones wrongly called meteoric. These now rushed upward past the balloon with a frequency that grew more terrifying by the moment.”",279d7fbac65c58616eb32d35da4a830d975e782cc22aba2a01b0721860f34089,458,367,0.80131004,warning,length_deviation_over_15pct,3cd7d63e098c745873e1c12bbb2a02841750246ab66793aaad82b4ccb2ea3e78,codex_session_output,93b5f63d4ed4367593498ae2,codex_session
9559887898f818bfe039a0ba,V2_austen_persuasion_009,paraphrase,astra_session,"GPT-6 Astra via Codex, Extra High",,ac2e2a33caf81ea8285b6a7501bf5218db7df334a3d104c780c3d2b56e4c4466,e17d554fbe412d8352d4ae30870a4907e9d703b0db2f34cc47873099138fcd68,,2026-09-27T08:01:02.978168+00:00,session_output_recorded,"Mary never undertook to write to Bath; the whole labour of sustaining a tardy and unsatisfactory correspondence with Elizabeth was left to Anne.

They had finished breakfast only a short while before Captain and Mrs. Harville arrived with Captain Benwick, according to their arrangement for a final walk about Lyme. By one they ought to be departing for Uppercross; until then they intended to remain together, and in the open air for as much of the time as possible.

Scarcely had the whole party reached the street when Anne perceived Captain Benwick drawing near her. Their conversation of the previous evening had certainly not discouraged him from seeking her again. For a while they walked together, speaking once more of Mr. Scott and Lord Byron, and finding themselves as little able as before—or as any other pair of readers—to agree precisely upon the excellence of either. Then some occurrence produced a nearly general rearrangement of the company, and Captain Harville took Captain Benwick's place beside her.

“Miss Elliot,” he said in a somewhat lowered voice, “you have done a kindness in persuading that poor fellow to talk so freely. I wish he might enjoy such company more frequently. I know that being so confined is harmful to him; but what are we to do? We cannot separate.”

“No,” replied Anne, “I can readily believe that impossible. Yet perhaps with time—we know what time accomplishes in every sorrow. You must remember, Captain Harville, that your friend's mourning may still be called recent. It was only last summer, I understand.”

“Yes, indeed,” he answered, sighing deeply, “only June.”

“And perhaps he did not hear of it immediately.”

“Not before the first week in August, when he returned from the Cape, newly appointed to the Grappler. I was in Plymouth, afraid to hear of his arrival. He sent letters in, but the Grappler had orders for Portsmouth. The news must reach him there; but who would deliver it? Not I. I would as willingly have been strung up at the yardarm. No one could manage it but that excellent fellow”—indicating Captain Wentworth. “The Laconia had reached Plymouth a week earlier, and was in no danger of being sent out again. For everything else he took his chance. He applied for leave, but, never waiting for the answer, journeyed day and night to Portsmouth, rowed straight out to the Grappler, and remained beside the poor fellow a whole week. That is what he did; no other man could have saved poor James. You may judge, Miss Elliot, how dear he is to us!”

Anne judged with complete conviction, and answered as fully as her feelings permitted, or as his appeared capable of enduring. He was too deeply moved to return to the subject; when next he spoke, it concerned something altogether different.",83a73d3770eb9c1d682df9160153c367e174c17c5ece415987d04e07351e170e,494,472,0.95546559,pass,,643faa8f9b92f89497f93dc708d8dfbf55c745e92461d3eca534da32366c8ce9,codex_session_output,9559887898f818bfe039a0ba,codex_session
963dd349a2346c633d2f2b42,V2_austen_emma_004,simplify,astra_session,"GPT-6 Astra via Codex, Extra High",,2db1b94405960251ee13913ba74638cf57b7305e7f66db78df1bb95cdce8d47c,19151997f6b67e5c6ef4cac3ab02d21229206ceb589294ca64f09355dea2210c,,2026-09-27T07:56:40.845616+00:00,session_output_recorded,"She and the children could easily stay.”

“Ah, Papa, you have never managed to arrange that, and I don't believe you ever will. Isabella cannot bear to stay anywhere without her husband.”

This was too plainly true to argue with. Much as Mr. Woodhouse disliked it, he could only sigh in resignation. Emma saw that the thought of his daughter's devotion to her husband had lowered his spirits, so she immediately turned the conversation toward something that would cheer him up.

“Harriet must spend as much time with us as she can while my brother and sister are here. I am sure she will enjoy the children. We are very proud of them, aren't we, Papa? I wonder who she will think is better looking, Henry or John?”

“Yes, I wonder which. Poor little darlings, how pleased they will be to come. They love visiting Hartfield, Harriet.”

“I'm sure they do, sir. I certainly don't know anyone who doesn't.”

“Henry is a fine boy, but John looks very much like his mother. Henry is the oldest; he was named after me, rather than his father. John, the second boy, was named after his father. I believe some people are surprised that the eldest wasn't, but Isabella insisted on calling him Henry, which I thought very sweet of her. And he really is a very clever boy. They are all remarkably clever and have so many charming little habits. They come and stand beside my chair and say, ‘Grandpapa, could you give me a piece of string?’ Once Henry asked me for a knife, but I told him knives were made only for grandpapas. I often think their father treats them too roughly.”

“He seems rough to you,” Emma said, “because you are so gentle yourself. But if you could compare him with other fathers, you wouldn't think so. He wants his boys to be active and strong, and he sometimes speaks sharply to them when they misbehave. But he is a loving father—Mr. John Knightley certainly is a loving father. All the children are fond of him.”

“And then their uncle comes in and throws them up toward the ceiling in the most frightening way!”

“But they love it, Papa. Nothing makes them happier. They enjoy it so much that if their uncle didn't insist they take turns, whichever child went first would never let the next one have a go.”

“Well, I cannot understand it.”

“We are all like that, Papa. Half the world cannot understand what the other half enjoys.”",825f3b5d563bc85f64f1946d77aa9f0a0d0531628cd9515ca027def0515af620,459,423,0.92156863,pass,,91c878c4b133bb2346bd46b045b6db214290941a90e1bcdcd6670b23c99f130d,codex_session_output,963dd349a2346c633d2f2b42,codex_session
969957fe71e40d3839707a33,V2_shelley_the_last_man_019,modernize,astra_session,"GPT-6 Astra via Codex, Extra High",,7746ea6396a882c7284f4dcdca09d8d0a394b648e31c809ae8b4d0781faeb4db,8c0dfd9b2e213fc4a1c04b6ac06714722d715efc617760b3cdd45dff18e87adc,,2026-09-27T13:35:03.423484+00:00,session_output_recorded,"Yet even then I had not swallowed the last of that bitter draught. I was not fully convinced of my loss; I did not yet feel in every heartbeat, every nerve, every thought, that I alone remained of my race—that I was the last man.

Clouds had gathered during the day, and at sunset a fine rain began to fall. Even the everlasting heavens weep, I thought; why should a mortal man be ashamed to exhaust himself in tears? I recalled the ancient stories in which human beings dissolve through weeping into fountains that flow forever. If only it could be so! Then my fate would share something with the drowning deaths of Adrian and Clara. How strange grief is! From every shape and change around it, grief weaves a fabric on which to record its sorrow. It merges with all living nature and draws nourishment from every object. Like light, it enters everything; like light, it gives everything its own colours.

My search had taken me some distance from the place where I had washed ashore, and I reached one of the watchtowers spaced along the Italian coast. I welcomed the shelter, glad to discover something made by human hands after gazing so long at nature’s desolate emptiness. I entered and climbed the rough spiral staircase to the guardroom. Fate was merciful enough to have left no distressing trace of its former occupants. A few boards resting across two iron trestles and scattered with dried corn leaves offered me a bed. An open chest containing some half-mouldy biscuits awakened an appetite that perhaps had already existed, though I had not noticed it until now. I was also tormented by fierce, parching thirst, caused by the seawater I had swallowed and my body’s exhaustion. Kindly nature had made the satisfaction of these needs a source of pleasure, so that I—even I!—felt refreshed and soothed as I ate this wretched food and drank a little sour wine from a half-full flask left in the deserted tower. Then I lay down on the bed, which a shipwrecked man had no reason to despise. After the hateful smell of seaweed, the earthy scent of the dried leaves comforted my senses. I forgot my loneliness. I looked neither into the past nor toward the future; my senses settled into quiet. I fell asleep and dreamed of beloved inland scenes: haymakers, the shepherd whistling for his dog to help drive the flock into its pen, and the sights and sounds of my mountain childhood that I had long forgotten.",1d07281f752a7e7ed159db12e620f5b8c4b818cbcf608fadef588d0ef38aebde,470,427,0.90851064,pass,,bdfd99b60f44d2a22c75f90fa5b853d4d75780673206f2143ce59736e42f165f,codex_session_output,969957fe71e40d3839707a33,codex_session
9730dcd6162aeed1c535bf38,V2_shelley_the_last_man_011,simplify,astra_session,"GPT-6 Astra via Codex, Extra High",,a2ad7f3402606052391821a2a32c28aa55bc29d8db75f504b9832d5f960aafbb,42c549c6a93ae5022a32f1ebf95be5ed80977ebbbbe27000d95b787a55179a0d,,2026-09-27T08:03:02.795575+00:00,session_output_recorded,"I passed several funeral processions, each with only a few mourners. People watching saw them as signs of terrible things to come. Some stared with a wild eagerness; others hurried away in fear; some cried aloud.

After arranging immediate help for the sick, Adrian’s main effort had been to hide the signs and spread of the plague from London’s people. He knew that fear and gloomy expectations helped disease take hold, and that despair and constant worry made the body especially vulnerable to infection. So no distressing sights were visible. Most shops stayed open, and there were still some people in the streets. Yet although London did not look like a plague-stricken city, it seemed greatly changed to me, since I had not seen it since the outbreak began. There were no carriages, and tall grass grew in the streets. The houses looked abandoned, with most shutters closed. The people I passed wore pale, frightened expressions, so unlike Londoners’ usual busy manner. My lone carriage drew attention as it rattled toward the Protector’s Palace. The fashionable streets around it looked even emptier and more depressing. I found Adrian’s waiting room crowded, for this was the hour when he received visitors. Unwilling to interrupt his work, I waited and watched people come and go. They were from the middle and lower classes, and had lost their livelihoods when trade and all the various forms of money-making so characteristic of our country had stopped. Those arriving looked anxious and sometimes terrified. Their faces were strikingly different from the calm, even satisfied expressions of those who had already seen him. In their livelier movements and happier faces I could see my friend’s influence. At two o’clock, no more people were admitted. Those who had missed their chance left in sadness or resentment, and I entered the room where Adrian received them.

I was struck by how much healthier he looked. He no longer drooped like a pampered spring flower that has grown beyond its strength and bends beneath the weight of its own blossoms. His eyes were bright, his face calm. His whole bearing showed a focused energy quite unlike his old weakness. He sat at a table with several secretaries, who were sorting requests or recording the notes taken during that day’s meetings. Two or three people were still waiting for help. I admired his fairness and patience. Anyone who could support themselves outside London was advised to leave immediately, and he provided the means for them to do so.",3e2e3c1c5e83529307a0fa29154e5aef16c24ae6b752147a7d0a6756f1fac642,466,418,0.89699571,pass,,98a4f7a64c94a45d85ef1f185a55da21e103c62ca070911638d11377fb0a51ec,codex_session_output,9730dcd6162aeed1c535bf38,codex_session
9a8f7703ac41640d96fbb07b,V2_shelley_frankenstein_008,simplify,astra_session,"GPT-6 Astra via Codex, Extra High",,8a1760508382bf56e15b865bf1128c2147f7ebf3d0ad5de2fd3f6a553f5e9868,5da8c45e47b427611ea8cc82b58638f8182b0ea5a75adfee22156fde1568d08f,,2026-09-27T08:06:24.996617+00:00,session_output_recorded,"Elizabeth was sad and hopeless. Her usual activities no longer pleased her. Any pleasure seemed disrespectful to the dead, and she believed that endless grief and tears were the only proper tribute to innocence so cruelly destroyed. She was no longer the happy girl who had walked beside the lake with me when we were younger, speaking eagerly of our future. She had suffered the first of those sorrows that loosen our attachment to life, and its shadow had put out her sweetest smiles.

“When I think, my dear cousin,” she said, “of Justine Moritz's terrible death, the world and everything in it look different to me. Before this, the stories of cruelty and injustice I read in books or heard from others seemed to belong to the distant past, or to describe imaginary evils. At least, they were far away: I understood them in my mind without truly picturing them. Now suffering has reached our home, and people seem like monsters hungry for each other's blood. Yet surely I am unfair. Everyone thought the poor girl was guilty. If she had committed the crime for which she died, she would indeed have been among the most wicked people alive. To kill the son of her friend and benefactor for a few jewels—a child she had cared for since birth and seemed to love as her own! I could never agree to anyone's execution, but I would certainly have thought such a person unfit to live among others. Yet she was innocent. I know it; I feel it. You believe it too, and that strengthens my certainty. Oh, Victor, when a lie can look so much like truth, who can feel sure of lasting happiness? I feel as though I am walking along a cliff's edge, with thousands of people pressing toward me, trying to push me into the depths below. William and Justine were murdered, and the killer goes unpunished. He walks freely through the world, perhaps even respected. But even if I were condemned to die on the scaffold for those same crimes, I would never exchange places with that wretched man.”

Listening to her caused me unbearable pain. Though I had not committed the acts myself, I was in effect the real murderer. Elizabeth saw my anguish in my face. She gently took my hand and said, “My dearest friend, you must try to be calm. God knows how deeply these events have hurt me, but I am not as miserable as you are.”",eea4913c1329460e6f3b353438ba0f0757e9e7b0789326a7e403be4701d5ec84,450,418,0.92888889,pass,,f859202a8a3f39f26698ffa4bbf19c12431cf6a73a961d5f5147df60c07b06cd,codex_session_output,9a8f7703ac41640d96fbb07b,codex_session
9a9ead9f0d9598d33524f06d,V2_austen_emma_020,modernize,astra_session,"GPT-6 Astra via Codex, Extra High",,3cfb39f0c48bc397c187ab85b68c7194b97124b1d127c3756726775614f659b5,4728ab06d47f3160fcc195aa55f3a3a4c937641fb2b313cd91fb7feb8841cd15,,2026-09-27T13:28:51.577565+00:00,session_output_recorded,"She would live among people who loved her and had better judgment than she did, with enough seclusion to keep her safe and enough to do to keep her cheerful. She would neither be led into temptation nor left alone for it to find her. She would be respected and happy; and Emma acknowledged that she was the luckiest person in the world to have inspired such steadfast, enduring love in such a man—or, if not quite the luckiest, second only to herself.

Harriet's commitments to the Martins naturally took her away, and she spent less and less time at Hartfield. This was no cause for regret. The closeness between her and Emma had to diminish; their friendship had to settle into a quieter kind of affection. Fortunately, what ought to happen, and had to happen, already seemed to be beginning in the most gradual and natural way.

Before September ended, Emma accompanied Harriet to church and watched her marry Robert Martin with a satisfaction so complete that no memories, even those associated with Mr. Elton standing before them, could spoil it. Perhaps, indeed, she hardly saw Mr. Elton then except as the clergyman whose next blessing at the altar might be for her. Robert Martin and Harriet Smith, the last of the three couples to become engaged, were the first to marry.

Jane Fairfax had already left Highbury and returned to the comforts of her beloved home with the Campbells. The two Mr. Churchills were also in London; they were waiting only for November.

The month between was the one Emma and Mr. Knightley had chosen, as firmly as they dared. They had decided that they should marry while John and Isabella were still at Hartfield, allowing them to spend a fortnight away on the seaside trip they had planned. John and Isabella, and every other friend, approved. But Mr. Woodhouse—how could they persuade Mr. Woodhouse to agree? He had never yet spoken of their marriage except as something far in the future.

When they first raised the subject, he was so distressed that they almost lost hope. A second mention, however, caused him less pain. He began to think it would happen, and that he could not prevent it—a very promising stage on the mind's journey toward acceptance. Still, he was not happy. Indeed, he seemed so far from happy that his daughter's courage failed her. She could not bear to see him suffer, knowing that he imagined himself neglected. Although her reason almost accepted the assurances of both Mr. Knightleys that, once the wedding was over, his distress would soon pass too, she hesitated. She could not go ahead.",9964a91a2a15817f16f2c24e3eb97196fcb95edd17f75bc0589c104ec90e62d7,461,445,0.96529284,pass,,ecd7747683791eb115195eedd3e6b841a7f5d90dfba70f27e08e4a34805ef8d5,codex_session_output,9a9ead9f0d9598d33524f06d,codex_session
9bc5d2b3b38e23090745ea3a,V2_shelley_frankenstein_009,paraphrase,astra_session,"GPT-6 Astra via Codex, Extra High",,564dfd66eaed502f09568997b7f92462318be6fcceeca96602fcf1ce52809da8,7422a020cddef6d834c375d536af93d27c93b75d5cb11a71ae248e9b3755e7d1,,2026-09-27T08:05:25.669816+00:00,session_output_recorded,"I removed its covering, and a light breeze soon stirred it into flame. Taking note of this as well, I fashioned a fan from branches, with which I revived the embers whenever they were almost dead. At the next coming of night I discovered with delight that the fire furnished light as well as warmth. This element proved useful also in preparing my food: some scraps abandoned by the travellers had been roasted, and I found them far more appetising than the berries I plucked from the trees. I therefore attempted to cook my own provisions similarly, laying them upon the glowing coals. This treatment ruined the berries, but greatly improved the nuts and roots.

“Food grew scarce, however, and I often devoted an entire day to seeking, unsuccessfully, a handful of acorns to quiet my hunger. Accordingly I determined to leave the spot where I had until then resided and find another where my few needs might be met more readily. In making this departure I deeply regretted losing the fire, which chance had given me and which I had no knowledge of creating anew. For several hours I earnestly considered this obstacle, but at last had to abandon every attempt to overcome it. Drawing my cloak about me, I set off through the wood in the direction of the sinking sun. Three days passed in such wanderings before I finally reached open country. Heavy snow had fallen during the previous night, leaving all the fields uniformly white. The prospect was cheerless, and the cold, damp material spread over the earth chilled my feet.

“It was roughly seven in the morning, and I yearned for something to eat and a place of refuge. Presently I discerned a little hut upon a rise, plainly erected for a shepherd's use. Never having beheld such a thing, I studied its construction with considerable curiosity. The door stood open, and I went inside. An old man sat by a fire, preparing his morning meal over it. Hearing a sound, he turned; at the sight of me he screamed, fled the hut, and raced over the fields at a pace his feeble frame would hardly have suggested. Both his appearance, unlike any I had previously encountered, and his flight astonished me somewhat. But the hut itself delighted me. Neither rain nor snow could enter; its floor was dry. To me it seemed as perfect and heavenly a sanctuary as Pandæmonium must have seemed to the demons of hell after their torments in the fiery lake.”",319db2035e0817240c61806688639168c0e42c2908d637c979e528bbba825a5b,463,421,0.90928726,pass,,cb90af8d7d6495ac0fb86f7ba2d36e6feb5d3b370bfd8489516d01b62e59aa4d,codex_session_output,9bc5d2b3b38e23090745ea3a,codex_session
9c77017d3de8937e8e029a94,V2_poe_murders_rue_morgue_010,modernize,astra_session,"GPT-6 Astra via Codex, Extra High",,97ba71bd15a53280c53ea4571335a07d577c9bf2576f7c1d1eca6ddf67cd9466,b9812dc2c189bc4f29ad565f71d6bd6c038cc1bdefc00e3a5464bfd8d4870c47,,2026-09-27T07:56:27.186118+00:00,session_output_recorded,"To look at a star in passing glances—to see it from the corner of your eye, directing toward it the outer parts of the retina, which are more sensitive to faint light than the inner parts—is to see the star clearly and appreciate its brightness best. That brightness fades the more directly we look at it. In the latter case, more rays actually enter the eye; in the former, however, the ability to perceive them is more delicate. By thinking too deeply we confuse and weaken thought; even Venus can be made to disappear from the sky through observation that is too prolonged, too concentrated, or too direct.

“As for these murders, let us make some investigations ourselves before we form an opinion about them. An inquiry will give us some amusement”—I thought this a strange word to use, but said nothing—“and besides, Le Bon once did me a service for which I remain grateful. We will go and see the place for ourselves. I know G——, the chief of police, and should have no trouble getting the necessary permission.”

Permission was granted, and we left immediately for the Rue Morgue. It is one of those wretched streets lying between the Rue Richelieu and the Rue St. Roch. We arrived late in the afternoon, since the district is a considerable distance from the one where we lived. We found the house easily: across the street, a number of people were still staring up at its closed shutters with aimless curiosity. It was an ordinary Parisian house with a gateway. Beside the gateway stood a glass-fronted booth with a sliding panel in its window, identifying it as the concierge’s lodge. Before entering, we walked farther up the street, turned down an alley, and turned again to pass behind the building. All the while, Dupin examined the entire neighborhood as well as the house with a painstaking attention whose purpose I could not begin to see.

We retraced our steps to the front of the house, rang the bell, and showed our credentials to the officers in charge, who admitted us. We went upstairs to the room where Mademoiselle L’Espanaye’s body had been found and where both dead women still lay. As was customary, the room’s disorder had been left undisturbed. I saw nothing beyond what the Gazette des Tribunaux had described. Dupin examined everything closely, including the victims’ bodies. We then visited the other rooms and the yard, accompanied throughout by a police officer.",1c45a49226b88685d5ccc0b1374b9acc5b421c30e378a8b87f64d08874709152,463,417,0.90064795,pass,,a8bd141ce0349f316aa92a66b99744626c7a8d4301ff9fa7e006cdc0c41137b1,codex_session_output,9c77017d3de8937e8e029a94,codex_session
9cfa5ec8a73b80920a8e41bf,V2_wilde_dorian_gray_019,modernize,astra_session,"GPT-6 Astra via Codex, Extra High",,1c7bd5c22ce27dc8b7479414202730a7e3d68308be8e77e033e7193fb97fe87f,da02aa48958fc43f15833a626cb07dda514e86d3e0ff24f1b24742ae11943f1d,,2026-09-27T08:01:03.099094+00:00,session_output_recorded,"It's curious, but everyone who disappears is supposedly spotted in San Francisco. It must be a delightful city, with all the attractions of the next world.”

“What do you think has happened to Basil?” asked Dorian, lifting his Burgundy toward the light and wondering how he could talk about the subject so calmly.

“I haven't the faintest idea. If Basil wants to hide, that's none of my business. If he's dead, I would rather not think of him. Death is the one thing that ever frightens me. I hate it.”

“Why?” the younger man asked tiredly.

“Because,” said Lord Henry, passing the gold lattice of an open scent box beneath his nose, “these days you can survive everything else. Death and vulgarity are the only two facts of the nineteenth century that we cannot explain away. Let's take our coffee in the music room, Dorian. You must play some Chopin for me. The man my wife ran away with played Chopin beautifully. Poor Victoria! I was very fond of her. The house feels rather lonely without her. Of course, marriage is simply a habit, and a bad one. Still, we miss even our worst habits when we lose them. Perhaps those are the ones we miss most. They form such an essential part of our personalities.”

Without answering, Dorian got up from the table and went into the next room. He sat at the piano, letting his fingers wander over the black and white ivory keys. Once the coffee arrived, he stopped playing and looked across at Lord Henry. “Harry, has it ever occurred to you that Basil might have been murdered?”

Lord Henry yawned. “Basil was well liked, and he always wore a Waterbury watch. Why would anyone murder him? He wasn't clever enough to make enemies. Naturally, he had an extraordinary gift for painting. But a man can paint like Velasquez and still be perfectly dull. Basil really was rather dull. He interested me only once: years ago, when he told me he adored you passionately and you were the central inspiration for his art.”

“I was very fond of Basil,” Dorian said, with sadness in his voice. “But aren't people saying he was murdered?”

“Oh, some newspapers say so. It doesn't strike me as at all likely. I know there are dreadful places in Paris, but Basil wasn't the kind of man who would visit them. He had no curiosity. That was his greatest failing.”

“What would you say, Harry, if I told you that I murdered Basil?” asked the younger man.",50db97711f867d7ed160a2c076385f1640cb95c996fb6586aaccba06fca19a62,464,425,0.91594828,pass,,b970be4a3edbdb866ff86b8f135377bdde10ed9f5c195e89976d14a7698405e9,codex_session_output,9cfa5ec8a73b80920a8e41bf,codex_session
9f9ef7e3e379c658bfe1ae90,V2_twain_connecticut_yankee_011,paraphrase,astra_session,"GPT-6 Astra via Codex, Extra High",,bbcf698d19b0d77bbda47693355c6a328d6cfde478d0b435c6ab5e157b238b36,6803c6e14ef5b8aae4a83f6349bee1eccc5f3b17cf8a287d98bc926b090da0da,,2026-09-27T13:33:54.952724+00:00,session_output_recorded,"“Oh, I mistook your meaning. I thought you said ‘anybody,’ and naturally supposed ‘anybody’ meant—well, anybody; everybody, in fact.”

“It doth—any person of noble birth; and royalty is better yet.”

“That seems to me entirely fitting,” said the abbot, perceiving a chance to restore harmony and ward off disaster, “for surely so marvellous a power would not be bestowed to disclose the affairs of beings less exalted than those born near the heights of greatness. Our king Arthur—”

“Would you hear news of him?” the enchanter interrupted.

“Most willingly, yes, and with gratitude.”

At once they all became awestruck and interested again, the hopeless fools. They followed the incantations with rapt attention, and when the announcement came, their glances at me plainly said, “There! What have you to say now?”

“The king, exhausted by the hunt, hath lain these two hours in his palace, wrapped in dreamless sleep.”

“God bless him!” said the abbot, crossing himself. “May his slumber renew both body and soul.”

“So it might, if he were asleep,” I replied, “but the king isn’t asleep. He’s riding.”

There was trouble once more—two authorities contradicting each other. Nobody knew whom to trust, for I still possessed a little credit. The magician’s contempt was aroused, and he said:

“Behold, in all my days I have encountered many extraordinary prophets, seers, and magicians, yet never one who could sit doing nothing and penetrate the heart of matters without a single incantation.”

“You’ve spent your life in the woods and missed a great deal. I employ incantations too, as these good brothers know—but only for important occasions.”

When sarcasm is called for, I believe I can hold my own. That thrust made the fellow wriggle. The abbot asked about the queen and her court, receiving this answer:

“They likewise sleep, overcome with weariness, even as the king.”

I answered:

“That’s simply one more lie. Half are enjoying their amusements; the queen and the remaining half are riding, not sleeping. Now perhaps you can exert yourself a little and inform us where the king, queen, and everyone riding with them at this moment are headed?”

“As I have said, they now sleep; tomorrow they shall ride, being bound on a journey toward the sea.”

“And where will they be at vespers the day after tomorrow?”

“Far northward of Camelot, with half their journey accomplished.”

“There’s another lie, to the extent of a hundred and fifty miles.",c6a6fa2cf17a4d427fd8c160b6ecbdd1e0f3ad922b03c4c62f9e2729431098f9,451,408,0.90465632,pass,,44bd49a8383242c252b78dd4f58e7997894bf6841dd0c92df60ca0fa84e1ff16,codex_session_output,9f9ef7e3e379c658bfe1ae90,codex_session
a0c3bbb8edeeaea3045b07eb,V2_wilde_canterville_ghost_015,modernize,astra_session,"GPT-6 Astra via Codex, Extra High",,08ec1bb0212207e7343406e012c9c0de383a52b3f10d1120ca83b432be6ac74f,5da07a8172fd1f7a81e3d8f24e05899872ab538060c4540daaa0b01283935e63,,2026-09-27T08:01:57.998067+00:00,session_output_recorded,"About ten minutes later, the tea bell rang. When Virginia failed to come downstairs, Mrs. Otis sent a footman to fetch her. He returned after a while and said he could find Miss Virginia nowhere. Since she usually went into the garden each evening to gather flowers for the dinner table, Mrs. Otis was not worried at first. But when six o’clock struck and Virginia still had not appeared, she became seriously anxious. She sent the boys outside to look, while she and Mr. Otis searched every room in the house. At half past six the boys returned without finding any sign of their sister. Everyone was now frantic and at a loss when Mr. Otis suddenly remembered that, a few days earlier, he had allowed a group of Roma travellers to camp in the park. He immediately left for Blackfell Hollow, where he knew their camp was, taking his eldest son and two farm workers. The young Duke of Cheshire, beside himself with worry, begged to come too, but Mr. Otis refused, fearing there might be a fight. When they arrived, however, the travellers had gone. Their departure had clearly been sudden: the fire was still burning, and plates lay on the grass. Mr. Otis sent Washington and the two men to search the district, hurried home, and telegraphed every police inspector in the county, asking them to watch for a little girl kidnapped by vagrants or Roma travellers. He then called for his horse. After insisting that his wife and the three boys sit down to dinner, he rode along the Ascot Road with a groom. He had scarcely travelled two miles when he heard someone galloping behind him. Looking back, he saw the little Duke approaching on his pony, bareheaded and flushed. “I’m terribly sorry, Mr. Otis,” the boy gasped, “but I can’t eat dinner while Virginia is missing. Please don’t be angry. If you had let us get engaged last year, none of this trouble would have happened. You won’t send me back, will you? I can’t go! I won’t!”

The Minister could not help smiling at the handsome young rascal and was deeply touched by his devotion to Virginia. Leaning down from his horse, he patted the boy’s shoulders affectionately. “Well, Cecil, if you won’t go home, I suppose you’ll have to come with me. But I must find you a hat when we reach Ascot.”",141be19c5b61599514d0e6aac3c9913bb12d856ae1a41b61f51c5a2b66cb3a84,491,401,0.81670061,warning,length_deviation_over_15pct,f23624456b0d7492026315a313e6fda9ff1dcdd4b32b12715484827f3d61ba0a,codex_session_output,a0c3bbb8edeeaea3045b07eb,codex_session
a0f5e7b2838f310b0249a285,V2_wilde_canterville_ghost_005,modernize,astra_session,"GPT-6 Astra via Codex, Extra High",,aa3d85ff0fbeaa518087b3ddd477ccab5cad526a85b591664e136ee13a8805d8,8c478117c8fc9b81de296b1de4a57cbdee20636209b6ddaf2082004a5dd52652,,2026-09-27T13:29:48.576126+00:00,session_output_recorded,"Directly before him, in the pale moonlight, stood an old man of terrifying appearance. His eyes glowed like burning red coals; long gray hair hung in tangled coils over his shoulders. His clothes, cut in an ancient fashion, were dirty and torn, and heavy iron cuffs and rusty shackles hung from his wrists and ankles.

“Dear sir,” said Mr. Otis, “I really must insist that you oil those chains. For that purpose, I've brought you a small bottle of Tammany Rising Sun Lubricator. I understand that a single application is completely effective, and the wrapper carries several statements confirming this from some of our country's most distinguished clergymen. I'll leave it here beside the bedroom candles, and will be delighted to provide more if you need it.” Having said this, the United States Minister placed the bottle on a marble table, closed his door, and went back to bed.

For a moment the Canterville ghost stood perfectly still in understandable indignation. Then he hurled the bottle onto the polished floor and fled along the corridor, groaning hollowly and giving off an eerie green light. Just as he reached the top of the great oak staircase, however, a door flew open. Two small figures in white nightclothes appeared, and a large pillow whistled past his head! Clearly there was no time to waste. Hastily choosing the Fourth Dimension of Space as his escape route, he disappeared through the wood paneling, and the house fell completely silent.

When he reached a small hidden room in the left wing, he leaned against a moonbeam to catch his breath and tried to make sense of his situation. Never in an illustrious, uninterrupted career of three hundred years had anyone insulted him so outrageously. He thought of the Dowager Duchess, whom he had frightened into a fit while she stood at her mirror in lace and diamonds; of the four housemaids who had become hysterical when he merely grinned at them from behind the curtains in a spare bedroom; of the parish rector, whose candle he had blown out as the man left the library late one night, and who had remained under Sir William Gull's care ever since, suffering dreadfully from nervous disorders. And he thought of old Madame de Tremouillac, who had woken early one morning to find a skeleton sitting in an armchair beside the fire, reading her diary. She had spent six weeks in bed with brain fever, and after recovering had returned to the Church and severed her association with that notorious skeptic, Monsieur de Voltaire.",d63c3fd3ff06a99cd018494017e245e20bb72eeca192d67a93e20831b23ab5d2,459,426,0.92810458,pass,,b8242cd5727fcdd146d48c3349ea632e0ca15c6b9a5f9b342694a1b0a310e449,codex_session_output,a0f5e7b2838f310b0249a285,codex_session
a1f552492feca4081f782d5e,V2_twain_huckleberry_finn_013,paraphrase,astra_session,"GPT-6 Astra via Codex, Extra High",,bc6c6680a36cc61f5fadf180cefeac3d152b9c3a103541d42df8c600379c5d4b,0d57653d2669c5b0872d318cb9cbedb520748fa64b69ebf49a238e93aa4533dc,,2026-09-27T07:59:58.485929+00:00,session_output_recorded,"I don't want any part of business like that, I says to myself.

When I come downstairs next morning, the parlor was closed and the people who'd been watching was gone. Nobody was about except the family, widow Bartley, and our lot. I kept looking at their faces to find out if anything had happened, but I couldn't make nothing of it.

Along about noon the undertaker arrived with his helper. They put the coffin on two chairs in the middle of the room, then arranged all our other chairs in rows and fetched more from the neighbors, till the hall, parlor, and dining-room was full up. I noticed the coffin lid was just as it had been, but with people standing around I didn't dare try peeking underneath.

Then folks started pouring in, and the frauds and the girls sat in the front row by the coffin's head. For half an hour people passed slowly round in single file and gazed at the dead man's face for a minute, and some let a tear fall. Everything was quiet and solemn, except for the girls and the frauds keeping their heads down and their handkerchiefs at their eyes and giving a little sob now and again. You couldn't hear anything else but feet scraping over the floor and noses getting blowed, because folks always blows their noses more at funerals than anywhere else, barring church.

Once the rooms was crammed, the undertaker slipped about in his black gloves, all soft and soothing, attending to the finishing touches and settling people and things comfortable and orderly. He didn't make any more noise than a cat. Never a word from him; he shifted folks about, wedged in the late arrivals, and cleared passages, all by nodding and waving his hands. Then he stationed himself against the wall. I never saw a man so quiet and gliding and sneaky in his movements, and he hadn't any more smile about him than a ham.

They'd borrowed a melodeum, and it was an ailing one. When all was ready a young woman sat down to play it, and it squealed and groaned something awful. Everybody joined in the singing, and to my thinking Peter was the only one getting the best of the bargain. Then Reverend Hobson started speaking, slow and grave; and right that minute the most tremendous racket you ever heard broke out down in the cellar. There was just one dog, but the noise he made was powerful, and he went on and on without letting up. The parson had to stand over the coffin waiting, because you couldn't so much as hear yourself think.",2f6c94c00c146d29373fb829b8ee055498873c0256897b99d48fdd3d85a99dee,472,443,0.93855932,pass,,c2363ee64c2b46da045a785d9a4dee856bf61440db59633a634beb8d8b8570c4,codex_session_output,a1f552492feca4081f782d5e,codex_session
a3a9147a0cf6dc086acd69f2,V2_shelley_the_last_man_018,paraphrase,astra_session,"GPT-6 Astra via Codex, Extra High",,ed1db793251a7ace6a9b51af60fd326e06681feaf8336d8f27841fecb2ed8ac1,e3c4387056fe19036ae65676ab1e0a4f2b13f29ef2de9b3b279400ca26b9de79,,2026-09-27T08:02:21.234831+00:00,session_output_recorded,"The great voice, which we might have called disembodied, so impossible was it to connect it with any machinery of keys or pipes, hushed its resonant notes. The girl turned to assist her elderly companion and at last caught sight of us.

He was her father, and from her earliest years she had directed his sightless footsteps. They were Saxon Germans who had emigrated only a few years earlier and established fresh attachments among the neighbouring villagers. Near the outbreak of the pestilence, a young German student had come to join them. Their little history was readily guessed. Of noble birth, he loved the poor musician's beautiful daughter and had followed them when they fled his friends' persecution. But soon the great leveller advanced with its scythe still sharp, cutting down the field's lofty flowers along with its grass. The young man was among the first to perish. She kept herself alive for her father's sake. His blindness enabled her to maintain an illusion born initially of chance; and now, though they were solitary creatures, the country's only survivors, he knew nothing of the alteration. He did not understand that, when he heard his daughter play, only the silent mountains, insensible lake, and unknowing trees listened besides himself.

On the very day of our coming, she had fallen ill with the dreaded symptoms. The prospect of abandoning her old, blind father upon an unpeopled earth froze her with terror. Yet she lacked the courage to reveal the truth, and the extremity of her despair gave her strength for extraordinary efforts. At the usual hour for vespers she conducted him to the chapel. Though she shook and wept for his sake, she played, without a mistaken note or faltering measure, the hymn honouring the creation of the beautiful earth that would soon receive her body.

Our arrival seemed to her a visitation from heaven. At the first appearance of help, her fiercely summoned courage and barely maintained resolution deserted her. Crying out, she ran toward us, clasped Adrian's knees, and with only the words, “Oh, save my father!” released in sobs and frantic cries the long-restrained torrent of her grief.

Unhappy girl! She and her father lie together now beneath the tall walnut that shelters her lover, the tree she indicated to us while dying. Her father, finally understanding her peril but unable to witness the changes in that beloved face, clung stubbornly to her hand until death had made it cold and rigid. Still he neither stirred nor spoke, until, twelve hours later, merciful death admitted him to unbroken rest. Beneath the turf they sleep, with the tree for their memorial. I remember that sacred place distinctly, enclosed by rugged Jura and the remote, boundless Alps. The church spire still rises among its sheltering trees; and though her hand is cold, I fancy that the heavenly music they cherished yet drifts around them, comforting their gentle spirits.",62f6d9e62762d36a4f4122538f2506aaa8e7c51733952f0e4a5b6cb7eddb7bb3,508,487,0.95866142,pass,,22f8170937af421a96334eaa4f8ba756a7285d8525246b3c5d5755aff664411a,codex_session_output,a3a9147a0cf6dc086acd69f2,codex_session
aa78ba0daf8b138a75a7ebe3,V2_austen_emma_010,simplify,astra_session,"GPT-6 Astra via Codex, Extra High",,cc2038ca78e34bff730c9efe80f711727ab8dc28aaac0b2b91dfd7357e1559e5,15630af1a09597e9f713580454fc29356449539083e830487057e8d45092652d,,2026-09-27T13:30:38.374422+00:00,session_output_recorded,"Emma did not regret lowering herself enough to visit the Coles. The following day, she had many pleasant memories of the evening. Whatever dignity she might have lost by giving up her usual distance from such company was surely repaid by the glory of being so popular. She must have delighted the Coles—good people who deserved to be happy! And she must have left them with an impression they would not soon forget.

Perfect happiness is rare, even when we look back on an event, and two things troubled her. She wondered whether she had failed in the loyalty one woman owed another by telling Frank Churchill what she suspected about Jane Fairfax’s feelings. It had hardly been right. But the idea had taken such a strong hold of her that it had slipped out. And his acceptance of everything she said had so flattered her powers of observation that she found it difficult to feel certain she should have kept quiet.

Her other regret also concerned Jane Fairfax, and about this one she had no doubts. She sincerely and completely regretted that her own playing and singing were so much poorer. She deeply mourned the time she had wasted as a child, then sat down and practised hard for an hour and a half.

Harriet’s arrival interrupted her. If Harriet’s praise could have satisfied her, she would soon have felt better.

“Oh, if only I could play as well as you and Miss Fairfax!”

“Don’t put us together, Harriet. My playing is no more like hers than lamplight is like sunshine.”

“Oh, dear—I think you’re the better player. I think you play every bit as well as she does. I’m sure I would much rather listen to you. Everyone last night said how well you played.”

“Anyone who understood music must have heard the difference. The truth, Harriet, is that I play just well enough to earn praise, but Jane Fairfax is far beyond that.”

“Well, I’ll always think you play just as well as she does, or that any difference is too small for anyone to notice. Mr. Cole spoke about your wonderful taste, and Mr. Frank Churchill talked a great deal about it too. He said he valued musical taste much more than technical skill.”

“Ah, but Jane Fairfax has both, Harriet.”

“Are you sure? I could see that she had technical skill, but I didn’t know she had any taste. Nobody mentioned it. And I hate singing in Italian—you can’t understand a word. Besides, even if she does play so wonderfully, it’s only what she has to do, because she’ll have to teach.",2744f9a9a2c07134b4dff69a83a8b0202b0347ee3c032f44d393548f106122fe,465,440,0.94623656,pass,,a9388f949c22b544c3341adf5dd384ba01de342f8353ceea8ef9b0246af774a5,codex_session_output,aa78ba0daf8b138a75a7ebe3,codex_session
b2377e3d80cc82733cf3054a,V2_poe_the_gold_bug_018,paraphrase,astra_session,"GPT-6 Astra via Codex, Extra High",,f80ae1955e479cddfa499690b79cd4aeefe69fc2ce738bcf52909a9b40455948,a35a2ff61a81fca54e1909aa924304f8782cec806c5c9464ddc136aa04735cd8,,2026-09-26T11:11:42.763057+00:00,session_output_recorded,"“Now, in English, e is the letter of most frequent occurrence. The succession thereafter is: a o i d h n r s t u y c f g l m w b k p q x z. So marked is the predominance of e that one seldom encounters a sentence of any considerable length in which it is not the prevailing letter.

“Thus, at the very outset, we lay a foundation for something beyond mere conjecture. The general application of this table is plain enough; for our particular cipher, however, we shall have only partial occasion for its assistance. Our most abundant character being 8, let us begin by supposing it to represent the e of the ordinary alphabet. To put this supposition to the test, we may ask whether 8 frequently occurs in pairs, since English very often doubles e—in ‘meet,’ for instance, ‘fleet,’ ‘speed,’ ‘seen,’ ‘been,’ ‘agree,’ and the like. Brief as this cryptograph is, the character appears doubled no fewer than five times.

“Let 8, then, stand for e. Of all the words in our language, ‘the’ is the commonest. We should therefore examine the writing for repeated groups of three characters, arranged in the same order and ending with 8. Repetitions of that description will in all probability signify ‘the.’ On examination we discover no fewer than seven such groups, composed of the characters ;48. We may accordingly assign t to ;, h to 4, and e to 8; the last assignment is now strongly confirmed. A considerable advance has thus been made.

“Yet the determination of a single word enables us to settle another point of great importance: the beginnings and endings of several other words. Consider, for example, the next-to-last occurrence of ;48, situated near the conclusion of the cipher. We know that the ; which follows immediately must begin a word; and of the six characters after this ‘the,’ five are already familiar to us. Let us write them in the letters which we know they signify, leaving a blank for the unknown character:

t eeth.

“We can at once reject the final ‘th’ as belonging to the word which begins with the first t. For, on trying every letter of the alphabet in the vacant place, we find that no word can be produced which includes this ‘th.’ Our inquiry is therefore reduced to

t ee,

and, passing through the alphabet again if necessary, we obtain ‘tree’ as the only possible interpretation.",78c344c064f9b33b70d0978908f14c1ad264251701d83a96ad54458ef318e542,458,410,0.89519651,pass,,8ad7b24c418d865c3e733fb4f0eefdaa2b0a8ccb58e632c738b3eea6f736eead,codex_session_output,b2377e3d80cc82733cf3054a,codex_session
b529937dac0f775b11edee6e,V2_wilde_lord_arthur_saviles_crime_018,simplify,astra_session,"GPT-6 Astra via Codex, Extra High",,6874677e23e5c98c69f9ae4f285d75a859e74ab4a018e851f0395e20ccc74a92,c25c1fec5b8a41bb117fc0016d5ff6334aaa0a88d80fb32633f1b0b004b4f116,,2026-09-27T08:00:10.620532+00:00,session_output_recorded,"P.S.—Please tell me about the bows. Jennings insists they are fashionable.

Lord Arthur looked so serious and miserable as he read the letter that the Duchess burst out laughing.

“My dear Arthur,” she cried, “I shall never show you a young lady’s letter again! But what should I say about the clock? I think it is a wonderful invention, and I would like one myself.”

“I don’t think much of them,” Lord Arthur said with a sad smile. He kissed his mother and left the room.

Upstairs, he threw himself onto a sofa, his eyes filling with tears. He had tried his best to commit this murder, but both attempts had failed through no fault of his own. He had tried to do his duty, yet Destiny herself seemed to have betrayed him. He felt weighed down by the uselessness of good intentions and the pointlessness of trying to behave nobly. Perhaps he should call off the marriage altogether. Sybil would suffer, certainly, but suffering could not truly damage so noble a character. As for himself, what did it matter? There was always a war in which a man could die, a cause for which he could give his life. Since life offered him no pleasure, death held no terror. Let Destiny bring about his end. He would do nothing to help her.

At half past seven he dressed and went to the club. Surbiton was there with a group of young men, and he had to dine with them. Their shallow conversation and pointless jokes held no interest for him. As soon as coffee arrived, he invented an appointment and left. On his way out, the hall porter handed him a letter from Herr Winckelkopf. It asked him to visit the following evening to inspect an explosive umbrella that went off as soon as someone opened it. This was the latest invention and had just arrived from Geneva. He tore the letter to pieces. He had decided to attempt no more experiments. Then he wandered down to the Thames Embankment and sat beside the river for hours. The moon looked through a mane of golden-brown clouds like a lion’s eye. Countless stars glittered overhead like gold dust sprinkled across a purple dome. Now and then a barge swung out into the muddy current and drifted away with the tide, while the railway signals changed from green to bright red as trains shrieked across the bridge.",7e66c1f4aa9d8ecf4bdf60727797aef9ac60a48763a9c960338012bfdf4c3ea8,460,408,0.88695652,pass,,4188b560be900b68956c3eff0e96b0ee1e75b59d16fa1e85aa91d6f507cb43a6,codex_session_output,b529937dac0f775b11edee6e,codex_session
b7b50f8f58fb9bb94b540a39,V2_poe_murders_rue_morgue_005,paraphrase,astra_session,"GPT-6 Astra via Codex, Extra High",,5d1eabbc908de907f44ae635448b02b7f371e8f23de5067656b3cc8bb5303174,9b725824e50f99a20152f1735da6481954c402cc1b362d0c81a732cb6a002cbb,,2026-09-27T08:02:27.841598+00:00,session_output_recorded,"But in the savage tirade against Chantilly printed in yesterday’s ‘Musée,’ the satirist, with some shameful references to the cobbler’s change of name when he took to the stage, cited a Latin verse we have frequently discussed. I refer to the line

Perdidit antiquum litera prima sonum.

“I had explained that this referred to Orion, once spelled Urion; and certain pointed details of that explanation assured me you could not have forgotten it. Plainly, then, you would connect the thought of Orion with that of Chantilly. The particular smile that crossed your lips showed me that you had indeed joined them. You were considering the poor cobbler’s sacrifice. Until then you had walked with a stoop, but at that moment I watched you straighten to your full height. I knew then that you were thinking of Chantilly’s small stature. Here I broke into your reflections by observing that, since Chantilly was in fact such a little fellow, he would be better suited to the Théâtre des Variétés.”

Soon afterward, while we were examining an evening number of the “Gazette des Tribunaux,” the following paragraphs caught our attention.

“Extraordinary Murders.—At about three this morning, residents of the Quartier St. Roch were awakened by a series of appalling screams, apparently coming from the fourth floor of a house in the Rue Morgue, occupied, as was known, solely by Madame L’Espanaye and her daughter, Mademoiselle Camille L’Espanaye. After some delay spent trying unsuccessfully to gain entrance in the ordinary way, the gateway was forced with a crowbar. Eight or ten neighbors entered, together with two gendarmes. The screams had by then stopped; but as the group hurried up the first staircase, two or more harsh voices could be heard angrily disputing, seemingly in the upper part of the house. By the time they reached the second landing, these voices too had fallen silent, and complete stillness prevailed. The group separated and rushed from room to room. On reaching a large rear chamber on the fourth floor—whose door they forced open after finding it locked with the key inside—they encountered a scene that filled everyone present with equal horror and amazement.

“The room was in utter confusion, its furniture smashed and scattered in every direction. There was only one bedstead; the bedding had been taken from it and flung into the center of the floor. A razor smeared with blood lay upon a chair.”",39eec40d05587e6e0ab14a9cd9ed79269a324a8701aee59d4b789de0fe343e55,450,403,0.89555556,pass,,efe47793906b738bfa436785db3958109dfd432ee9ba5154187798f02e7edfb0,codex_session_output,b7b50f8f58fb9bb94b540a39,codex_session
b8bc2456973fbff0b0607585,V2_austen_pride_and_prejudice_001,simplify,astra_session,"GPT-6 Astra via Codex, Extra High",,45e23fc20a98d83333c71988b1ca48b365e85213fd84624915254b5abd783127,bf19068ca941844bea1443fd97de9c7d717ce866153180edac140212fb61b831,,2026-09-27T08:04:05.013237+00:00,session_output_recorded,"That was all the encouragement she needed.

“Well, my dear, Mrs. Long says Netherfield has been rented by a wealthy young man from the north of England. He came on Monday in a carriage drawn by four horses to look at it, and liked it so much that he immediately reached an agreement with Mr. Morris. He will move in before Michaelmas, at the end of September, and some of his servants will arrive by the end of next week.”

“What is his name?”

“Bingley.”

“Is he married or single?”

“Oh, single, my dear, of course! A rich single man, with four or five thousand a year. How wonderful for our girls!”

“Why? What does it have to do with them?”

“My dear Mr. Bennet,” his wife replied, “why must you be so difficult? You know perfectly well I’m thinking of him marrying one of them.”

“Is that why he’s moving here?”

“Why? What nonsense! How can you say that? But he may very well fall in love with one of them, so you must visit him as soon as he arrives.”

“I don’t see any need. You and the girls can go. Or send them alone, which might be better still. Since you’re as pretty as any of them, Mr. Bingley might prefer you.”

“My dear, you flatter me. I certainly used to be quite beautiful, but I don’t claim to be anything special now. A woman with five grown daughters ought to stop thinking about her own looks.”

“In those circumstances, a woman seldom has much beauty left to think about.”

“But really, my dear, you must go and see Mr. Bingley when he moves into the neighborhood.”

“I certainly can’t promise that.”

“But think of your daughters. Imagine how comfortably one of them could live. Sir William and Lady Lucas have decided to visit him for that very reason, though you know they generally don’t call on newcomers. You really must go. We can’t visit him unless you do.”

“Surely you worry too much about the rules. I expect Mr. Bingley would be delighted to see you. I’ll send a short note with you, giving him my wholehearted permission to marry whichever daughter he chooses—though I must put in a good word for my little Lizzy.”

“You must do nothing of the kind. Lizzy is no better than the others. She certainly isn’t half as beautiful as Jane or half as cheerful as Lydia.”",dd5198b79d720dbebfce075dff3860b1699ea0a361e2a26424cc5cbb9eec495b,461,408,0.88503254,pass,,8cf0dedecefb4a8706268856bde52762c5e246eb566ea441d9393f09d965d691,codex_session_output,b8bc2456973fbff0b0607585,codex_session
b8da31c3ec75be5bc6959be1,V2_poe_hans_pfaal_013,paraphrase,astra_session,"GPT-6 Astra via Codex, Extra High",,4f8cc7224cbfc661087db8ba39ce6f5b078536811ed9b34e5aa4f69e78009905,d7321277338f7ba91fa64fa26c07bac77fd7733fb54e8f775972fb9ccefc0598,,2026-09-27T08:05:39.441812+00:00,session_output_recorded,"It now showed my elevation to be 132,000 feet, or twenty-five miles; thus at that moment I surveyed no less than one three-hundred-and-twentieth of the earth’s entire surface. By nine o’clock the land to the east had again vanished from view, though not before I perceived that the balloon was drifting swiftly north-northwest. The curvature of the ocean below was strikingly clear, although drifting banks of cloud repeatedly obscured the prospect. I noticed that even the frailest vapors rose no higher than ten miles above sea level.

“At half past nine I experimented by casting a handful of feathers out through the valve. Rather than floating as I had anticipated, they plunged straight downward together, like a bullet, with tremendous speed, and disappeared within a few seconds. At first I could find no explanation for this remarkable occurrence, since I could not believe my ascent had suddenly accelerated to such an extraordinary degree. Soon, however, it struck me that the air had become too thin to support even feathers. They had indeed fallen rapidly, just as they seemed to, and what astonished me was the combined speed of their descent and my rise.

“By ten I discovered that little required my immediate attention. Everything proceeded admirably, and I believed the balloon was ascending at a speed that increased every moment, though I could no longer measure the rate of that increase. I felt neither pain nor discomfort of any sort, and my spirits were better than at any time since leaving Rotterdam. I occupied myself alternately with inspecting my several instruments and renewing the atmosphere inside the chamber. I resolved to perform this latter task regularly every forty minutes, less because such frequent renewal was strictly necessary than to safeguard my health. Meanwhile I could not resist imagining what lay ahead. My fancy delighted in the moon’s wild, dreamlike regions. Imagination, freed for once from her restraints, wandered wherever she pleased through the shifting marvels of an indistinct and changeable land. At one moment there were ancient, venerable forests, jagged cliffs, and waterfalls crashing noisily into bottomless chasms. At the next I found myself abruptly in hushed noonday wildernesses, where no breath of wind ever entered, and where immense fields of poppies and slender flowers resembling lilies stretched to a weary distance, forever motionless and silent.",5e933c87f68570a9966573f801b87be09cc63d3dca9535b2a1590693c6b8c754,468,387,0.82692308,warning,length_deviation_over_15pct,720f95d04384f8ea0db324b3ab91c7e9dd83c10dbf146561cd2ede79fb65e49f,codex_session_output,b8da31c3ec75be5bc6959be1,codex_session
ba564d66ebe9c9b37a6b75ed,V2_wilde_dorian_gray_009,modernize,astra_session,"GPT-6 Astra via Codex, Extra High",,661547539c4d062225a1c0277228d1dcfbe471eee63a86bc33d4f1a5ce43dd47,51016c4713ded1382e910f503a1bb88ce3c61108c506aa19112b967694f73f35,,2026-09-27T07:58:08.570928+00:00,session_output_recorded,"It was well after noon when he woke. His valet had tiptoed into the room several times to see whether he was stirring, wondering why his young master was sleeping so late. At last the bell rang. Victor entered quietly, carrying a cup of tea and a stack of letters on a small tray of antique Sèvres china, and drew back the olive satin curtains, with their shimmering blue lining, from the three tall windows.

“Monsieur has slept well this morning,” he said with a smile.

“What time is it, Victor?” Dorian Gray asked sleepily.

“A quarter past one, Monsieur.”

So late! He sat up, sipped his tea, and sorted through the letters. One, from Lord Henry, had been delivered by hand that morning. He paused, then set it aside. He opened the rest without interest. They held the usual assortment of cards, dinner invitations, tickets for private exhibitions, charity concert programs, and similar things that descend on fashionable young men every morning during the season. There was a rather substantial bill for an engraved silver Louis XV dressing-table set. He had not yet found the courage to forward it to his guardians, who were extremely old-fashioned and failed to understand that we live in an age when unnecessary things are our only necessities. There were also several very politely phrased letters from moneylenders in Jermyn Street, offering to advance any amount at a moment’s notice and at the most reasonable interest rates.

After about ten minutes he got up, slipped on an elaborate cashmere dressing gown embroidered with silk, and entered the bathroom with its onyx floor. The cool water refreshed him after his long sleep. He seemed to have forgotten everything he had experienced. Once or twice he felt a vague sense of having played a part in some strange tragedy, but it had the unreality of a dream.

When he was dressed, he went into the library and sat down to a light French breakfast, laid out for him on a small round table beside the open window. The day was exquisite. The warm air seemed heavy with spices. A bee flew in and hummed around the bowl decorated with blue dragons that stood before him, filled with sulfur-yellow roses. He felt entirely happy.

Suddenly he noticed the screen he had placed in front of the portrait, and he gave a start.

“Too cold for Monsieur?” his valet asked, setting an omelet on the table. “Shall I close the window?”

Dorian shook his head. “I’m not cold,” he murmured.",8548db72aedba21409cf1fbf3c6c83b38086ad178b331e6237bab77ab7f7eb60,450,422,0.93777778,pass,,18ed1cfc43c9608ca16573bc16dcf00232320565a057f5ee5a79cb74284ccfd6,codex_session_output,ba564d66ebe9c9b37a6b75ed,codex_session
ba5f6ba14fc9fed8ee987a62,V2_poe_the_gold_bug_019,modernize,astra_session,"GPT-6 Astra via Codex, Extra High",,44802a46931f96f9d0a021d554d2f0327761510774bfd27c6c20f0c71b514aa4,e1b7258ecb40af849b208d5cc8b74ca94693610ee404f595503da1974914e00f,,2026-09-27T13:34:00.802932+00:00,session_output_recorded,"I therefore went to the plantation and resumed my questions among the older Black people there. Eventually, one of the oldest women said she had heard of a place called Bessop's Castle and believed she could lead me to it. It was neither a castle nor a tavern, she explained, but a tall rock.

“I offered to pay her generously for the trouble, and after some hesitation she agreed to take me there. We found the spot without much difficulty. After sending her away, I began to examine it. The ‘castle’ was an irregular cluster of cliffs and rocks, one of which stood out for its height and its isolated, apparently artificial shape. I climbed to its summit and then found myself uncertain what to do next.

“As I considered the problem, I noticed a narrow ledge on the rock's eastern face, perhaps a yard below the summit where I stood. It projected about eighteen inches and measured no more than a foot across. A hollow in the cliff immediately above gave it a rough resemblance to one of the recessed-back chairs our ancestors used. I had no doubt that this was the ‘devil's seat’ mentioned in the manuscript, and now the whole secret of the riddle seemed within my grasp.

“I knew that ‘a good glass’ could mean only a telescope, since sailors rarely use the word ‘glass’ in any other sense. I immediately understood that I was to use a telescope here, from a precisely fixed viewpoint that allowed no variation. I also felt certain that ‘forty-one degrees and thirteen minutes’ and ‘northeast and by north’ gave the directions for aiming it. Greatly excited by these discoveries, I hurried home, obtained a telescope, and returned to the rock.

“I lowered myself onto the ledge and discovered that I could remain seated only in one particular position. This confirmed my earlier assumption. I then began using the telescope. Clearly, ‘forty-one degrees and thirteen minutes’ could refer only to the elevation above the visible horizon, because ‘northeast and by north’ already specified the horizontal direction. I found that direction at once with a pocket compass. Then, aiming the telescope upward at as close to forty-one degrees as I could estimate, I carefully adjusted it higher and lower. At last my attention was caught by a round gap or opening in the leaves of a large tree that rose above the others in the distance.",da5398e1e4e3cd4e929df8e59bf912fb3edd560d54abf169b7d685749abeb0dc,473,404,0.85412262,pass,,c39313c7f7e9b57f4a9cd9ed63c8c63ddc1ef6023ded5676fb78ce2a0286fa9b,codex_session_output,ba5f6ba14fc9fed8ee987a62,codex_session
bb3e88bbbd2f5271586f72e0,V2_poe_murders_rue_morgue_014,simplify,astra_session,"GPT-6 Astra via Codex, Extra High",,94751127eae38ce4b8ddbd3d29e5778f4d95edcae90f2647014b5757635b01af,8396fc0bb512a117c074ae6edb6b89e2fb8c6097f427ec8af91c418b0f9f5a29,,2026-09-27T13:30:57.824670+00:00,session_output_recorded,"‘I then reasoned backward from the facts. The murderers had escaped through one of these windows. If that was true, they could not have fastened the windows again from inside, as we found them. This obvious difficulty had stopped the police from investigating further in that direction. Yet the windows were fastened. They must therefore be able to fasten themselves. There was no avoiding that conclusion. I went to the window that was not blocked, pulled out its nail with some difficulty, and tried to lift the sliding frame. It would not move, however hard I tried, just as I had expected. Now I knew there must be a hidden spring. This confirmation persuaded me that at least my starting assumptions were right, although the nails remained a mystery. A careful search soon revealed the spring. I pressed it and, satisfied with my discovery, left the window closed.

‘I then put the nail back and studied it closely. Someone climbing out through this window could have closed it behind them, allowing the spring to catch. But they could not have replaced the nail. The conclusion was clear, and once again it narrowed my search. The murderers must have escaped through the other window. If both frames had the same springs, as seemed likely, then there must be a difference between the nails, or at least in how they were fitted. I climbed onto the bed's canvas support and examined the second window closely over the headboard. Reaching down behind the board, I easily found and pressed the spring. As I had expected, it was just like the other one. Next I examined the nail. It was equally thick and seemed to be fitted in exactly the same way, driven in almost to its head.

‘You may say I must have been puzzled. If so, you have misunderstood my reasoning. To borrow a term from hunting, I had never once lost the trail. Not for an instant had the scent disappeared. Every link in the chain of reasoning was sound. I had followed the secret to its final point, and that point was the nail. As I have said, it looked in every way like the nail in the other window. But that fact, convincing though it might seem, counted for nothing beside the knowledge that the trail ended here, at this very spot. “There must be something wrong with the nail,” I said. I touched it, and the head, with about a quarter of an inch of the shaft, came away in my fingers.’",9e97d791616bee89cab74a085c9e4bd11b7e9ae527eeeadb61b34aa7fb42a15e,455,424,0.93186813,pass,,2fc5998ef42c69c7f8b231f2fd806d5f38386d7c075978a901dd076603b0f824,codex_session_output,bb3e88bbbd2f5271586f72e0,codex_session
bb4f4e23c41e387abb011ff1,V2_twain_huckleberry_finn_016,simplify,astra_session,"GPT-6 Astra via Codex, Extra High",,65405740a5d975501ab4a71020da6f3a84ff7fc1732152355abe04d70104ba03,2025ab2bca06f2059e47aba3ca598bcba7f677bfac72e06d93dd7750f9bf0caf,,2026-09-27T08:06:26.297052+00:00,session_output_recorded,"Will you?”

His eyes brightened, and he said:

“I'll help you steal him!”

Well, that knocked all the strength out of me, as if I'd been shot. It was the most surprising thing I'd ever heard, and I have to admit Tom Sawyer sank a good deal in my opinion. Still, I couldn't believe it. Tom Sawyer helping steal an enslaved man!

“Oh, come on!” I said. “You're joking.”

“No, I'm not.”

“Well then,” I said, “whether you're joking or serious, if you hear anything about a runaway slave, remember that you don't know anything about him, and neither do I.”

Then we lifted the trunk into my wagon, and he drove off in his direction while I went in mine. But I was so happy and had so much on my mind that I forgot to drive slowly. I reached home much too soon for the trip I was supposed to have made. The old gentleman stood at the door and said:

“Well, that's amazing! Who'd have guessed that mare could do it? I wish we'd timed her. And she hasn't sweated at all, not one bit. Wonderful! I wouldn't take a hundred dollars for that horse now, I truly wouldn't. Before today I'd have sold her for fifteen and thought that was her full value.”

That was all he said. He was the most innocent, kindhearted old man I'd ever seen. It wasn't surprising, because besides farming he also preached. He had a little plain log church behind the plantation that he'd built himself and paid for himself, to serve as both church and schoolhouse. He never charged for his preaching, and it was worth just what he charged. There were plenty of other farmer-preachers down South who did the same thing.

About half an hour later Tom's wagon stopped at the front stile. Aunt Sally spotted it through the window, only about fifty yards away, and said:

“Why, someone's arrived! I wonder who it is. I do believe it's a stranger. Jimmy”—one of the children—“run and tell Lize to set another plate for dinner.”

Everyone rushed to the front door. A stranger didn't turn up every year, of course, so when one did, he caused more excitement than yellow fever. Tom had climbed over the stile and was walking toward the house. The wagon was hurrying back along the road toward the village, and we were all crowded in the doorway. Tom wore his good, store-bought clothes and had an audience, which always suited Tom Sawyer perfectly.",fe0339bcebcd1bb913e1c33bd841b07479cc036857b6db343d767c2800807a45,450,422,0.93777778,pass,,abbfa4d1ef95eb33a7863e9fa3c87384c735a5fc122b0e099b8007747ebd4a6b,codex_session_output,bb4f4e23c41e387abb011ff1,codex_session
bb7e5b70ed047b83750f2dfb,V2_shelley_frankenstein_001,modernize,astra_session,"GPT-6 Astra via Codex, Extra High",,323db304ef1240228a6a7a8acc5e31aaf7d34aff0beb42a71bb899faefb0a9da,68d2ea2e89384d7442ec7e2871325c53853b7086eb10c5a23d270868e07f4f82,,2026-09-27T08:00:10.623531+00:00,session_output_recorded,"You will be glad to hear that the beginning of this enterprise, which has filled you with such dark expectations, has brought no disaster. I arrived here yesterday, and my first duty is to assure my dear sister that I am well and increasingly confident of success.

I am already far north of London. Walking through the streets of Petersburg, I feel a cold northern breeze against my cheeks that steadies my nerves and fills me with delight. Can you understand that feeling? This breeze has traveled from the regions I am approaching and offers me a first taste of their icy climate. Encouraged by this promising wind, my daydreams grow more intense and vivid. I cannot persuade myself to picture the pole as a place of frost and desolation. In my imagination it remains a realm of beauty and pleasure. There, Margaret, the sun is always visible, its broad disk grazing the horizon and casting an unending splendor. There—for, with your permission, sister, I will place some trust in earlier navigators—snow and frost are banished. Sailing across a calm sea, we may be carried to a land whose wonders and beauty surpass every inhabited region yet discovered. Its natural life and landscape may be unique, as the behavior of the heavenly bodies undoubtedly is in those unexplored solitudes. What might we not expect in a country of eternal light? There I may discover the marvelous force that draws the compass needle, and bring order to a thousand astronomical observations whose apparent irregularities need only this voyage to become consistent forever. I will satisfy my burning curiosity by seeing a part of the world no one has visited, and may walk on ground no human foot has ever marked. These prospects draw me onward. They are enough to overcome every fear of danger or death and make me begin this demanding voyage with the delight of a child setting off in a little boat with holiday companions to explore his native river. But even if all these guesses prove false, you cannot deny the immeasurable benefit I will bring humanity, down to its final generation, by finding a passage near the pole to countries that currently take many months to reach. Or I may uncover the secret of magnetism, which, if it can be discovered at all, can only be revealed through an undertaking like mine.

These thoughts have driven away the anxiety with which I began this letter. My heart glows with an enthusiasm that lifts me to heaven, for nothing calms the mind so well as a firm purpose: a point on which the soul can fix its intellectual gaze.",b2d7dd8cc18be5a3117090828e0eafffd8383fa668cfc3199fd048ab60c5864a,485,444,0.91546392,pass,,335a6a72ce844cc6b67be54752817674f8deab5d3467763e7df74e3ba259dff8,codex_session_output,bb7e5b70ed047b83750f2dfb,codex_session
bd164b2d331fdf63c73c6da2,V2_dickens_a_tale_of_two_cities_004,simplify,astra_session,"GPT-6 Astra via Codex, Extra High",,d1094a0c4f6a79fd2366c9eed0e8443ab9a701e15aa8cd07943f364bed882999,d5a035b37d0b84fae470a141d2204e548a14f162ca5d3695e404f989c0b733c6,,2026-09-27T08:06:07.300297+00:00,session_output_recorded,"The Attorney-General told the jury that the prisoner was young in age but experienced in the acts of treason for which he deserved to die. His dealings with the enemy had not begun today, yesterday, last year, or even the year before. For longer than that, the prisoner had repeatedly travelled between France and England on secret business he could not honestly explain. If treason could prosper—which, fortunately, it never could—the true evil and guilt of his activities might have stayed hidden. But Providence had inspired a fearless man of spotless character to uncover the prisoner’s plans. Horrified by what he found, this man had reported them to His Majesty’s Chief Secretary of State and most honorable Privy Council. This patriot would appear before the jury. His conduct was, on the whole, magnificent. He had been the prisoner’s friend, but in an hour both fortunate and terrible he had discovered the man’s wickedness. He had then decided to sacrifice on his country’s sacred altar the traitor he could no longer hold dear. If Britain awarded statues to public benefactors, as ancient Greece and Rome had done, this outstanding citizen would certainly have received one. Since Britain did not, he probably would not. Virtue, as poets had observed, was in a way contagious, especially that shining virtue called patriotism, or love of country. The Attorney-General referred to many poetic passages that he assured the jury they must know word for word. The jurors’ faces betrayed a guilty awareness that they knew none of them. The noble example of this perfect, unquestionable witness for the Crown—a man it was an honor even to mention, however inadequately—had inspired the prisoner’s servant. It had filled him with a sacred determination to search his master’s desk drawers and pockets and secretly remove his papers. The Attorney-General expected that someone would try to criticize this admirable servant. Generally speaking, however, he preferred the man to his own brothers and sisters, and respected him more than his own father and mother. He confidently urged the jury to feel the same. The testimony of these two witnesses, together with the documents they had discovered and would present, would prove that the prisoner had possessed lists of His Majesty’s forces. These included details of their positions and preparations, both on land and at sea. The evidence would leave no doubt that he had regularly passed this information to an enemy power.",a46f6a7deebe2e55daf441df984be09a7490b6f8467b5b9fd0a7068a26b33b29,484,406,0.83884298,warning,length_deviation_over_15pct,26299e902b2059f813ffa7fe5f6cfe55b62ea0f50227d8e6855f70efaec830cb,codex_session_output,bd164b2d331fdf63c73c6da2,codex_session
be53eca52d5da6c46b6ba3a3,V2_wilde_dorian_gray_009,simplify,astra_session,"GPT-6 Astra via Codex, Extra High",,661547539c4d062225a1c0277228d1dcfbe471eee63a86bc33d4f1a5ce43dd47,5453111295c3ddc9a2b4a41020f0fcb5c5ccbb0914ed6e1371103cfae3f025c3,,2026-09-27T13:35:14.104908+00:00,session_output_recorded,"It was well past noon when he woke. His servant had tiptoed into the bedroom several times to see whether he was stirring, wondering why his young master was sleeping so late. At last the bell rang. Victor quietly brought in a cup of tea and a stack of letters on a small antique Sèvres china tray. He pulled back the olive satin curtains, lined with shimmering blue, from the three tall windows.

“Monsieur has slept well this morning,” he said with a smile.

“What time is it, Victor?” Dorian Gray asked sleepily.

“A quarter past one, Monsieur.”

So late! He sat up, drank a little tea, and looked through his letters. One was from Lord Henry and had been delivered by hand that morning. After a moment's hesitation, he set it aside. He opened the others without much interest. They held the usual cards, dinner invitations, tickets to private art viewings, charity concert programs, and similar things that arrived in fashionable young men's mail every morning during the social season. There was a large bill for an engraved silver grooming set in the Louis XV style. He had not yet dared to send it to his guardians. They were extremely old-fashioned and failed to understand that, in our age, unnecessary things are the only things we need. There were also several very polite letters from moneylenders in Jermyn Street, offering to lend any amount immediately at the most reasonable interest rates.

After about ten minutes he rose, put on an elaborate cashmere dressing gown embroidered with silk, and went into the bathroom with its onyx floor. The cool water refreshed him after his long sleep. He seemed to have forgotten everything he had been through. Once or twice he vaguely felt that he had taken part in some strange tragedy, but it seemed as unreal as a dream.

Once dressed, he entered the library and sat down to a light French breakfast on a small round table beside the open window. The day was beautiful. The warm air seemed full of spices. A bee flew inside and circled the bowl decorated with blue dragons that stood before him, filled with bright yellow roses. He felt completely happy.

Then he noticed the screen he had placed in front of the portrait and gave a start.

“Is Monsieur too cold?” his servant asked, setting an omelette on the table. “Shall I close the window?”

Dorian shook his head. “I'm not cold,” he murmured.",f1746ef18a43e30df1f91ee5b9685331728850b1ba440712fbaef68f9fbec80e,450,412,0.91555556,pass,,4a9096020110d5579460788fd89e43f669d3a3eeffab2527fa5c2e5890547363,codex_session_output,be53eca52d5da6c46b6ba3a3,codex_session
be9b65275a901fc300d3ba8e,V2_dickens_great_expectations_011,simplify,astra_session,"GPT-6 Astra via Codex, Extra High",,75e8dbf7fdc6ae15b69803db1f8281aec79b863c959608505d2127095ae041ab,50837e1bcac0eba283a57bb5c0204b35ba55e39cea579c6ae548f1ca6fe1068a,,2026-09-27T13:30:49.735439+00:00,session_output_recorded,"One day, while I was busy studying with Mr. Pocket, a note arrived in the post. Just seeing the envelope sent me into a flutter. I had never seen that handwriting before, but I guessed whose it was. There was no usual opening: no Dear Mr. Pip, Dear Pip, Dear Sir, or Dear Anything. It simply read:

“I am coming to London the day after tomorrow on the midday coach. I believe it was arranged that you would meet me? At least, Miss Havisham thinks so, and I am writing because she wishes it. She sends you her regards.

“Yours, ESTELLA.”

Given enough time, I would probably have ordered several new suits for the occasion. As there was not enough, I had to settle for the clothes I owned. My appetite disappeared at once, and I could neither rest nor find peace until the day came. Its arrival brought no relief: I was worse than ever. I began hanging around the coach office in Wood Street, Cheapside, before the coach had even left the Blue Boar in our town. Though I knew this perfectly well, I still felt it was unsafe to let the office out of my sight for more than five minutes. In this unreasonable state I had completed the first half hour of a watch that would last four or five hours when Wemmick ran into me.

“Hello, Mr. Pip,” he said. “How are you? I wouldn't have expected to find you around here.”

I explained that I was waiting for someone arriving by coach, and asked after the Castle and his aged father.

“Both doing wonderfully, thank you,” said Wemmick, “especially the Aged. He's in excellent spirits. He'll be eighty-two on his next birthday. I'm thinking of firing eighty-two shots, provided the neighbors don't complain and my cannon can stand the strain. But this isn't the sort of thing to discuss in London. Where do you think I'm going?”

“To the office?” I suggested, since he was walking that way.

“Almost,” Wemmick answered. “I'm going to Newgate prison. We're handling a case involving a banker's stolen parcel, and I've been down the road to look at where it happened. Now I need a word or two with our client.”

“Did your client carry out the robbery?” I asked.

“Good heavens, no,” Wemmick replied very dryly. “But he's accused of it. You or I might be, too. Either one of us might be accused of it, you know.”",8165a8b8a1d22c2a3fa4c67366f251886e8371afa3b9a7c202d2958d637fba02,450,411,0.91333333,pass,,d1a8556453a2ced14f068c8a46c1efaabf7d8127d88a3307986a4f29f6d912d2,codex_session_output,be9b65275a901fc300d3ba8e,codex_session
c2303b933d51df16da68fbc5,V2_twain_tom_sawyer_020,modernize,astra_session,"GPT-6 Astra via Codex, Extra High",,fdc9700da4979429dbc48dbeae4ffef2205957464698097fcb1f908448527fa6,077702e1e79622353d6597e5bd39271c020ed9a00200667cec1a16aee579ee9c,,2026-09-27T13:35:03.426499+00:00,session_output_recorded,"“Well, that’s how everybody lives, Huck.”

“Tom, that makes no difference. I’m not everybody, and I can’t stand it. Being tied down like that is awful. And food comes too easily—I lose interest in eating when it’s like that. I have to ask before I go fishing, ask before I go swimming—damn it, I have to ask before I do anything. And I had to speak so nicely I couldn’t enjoy myself. Every day I had to go up to the attic and swear for a while, just to get the taste of it in my mouth, or I’d have died, Tom. The widow wouldn’t let me smoke or shout or yawn or stretch or scratch in front of people—” Then, with a burst of particular outrage and resentment: “And damn it, she prayed all the time! I’ve never seen a woman like her! I had to leave, Tom. I simply had to. Besides, school’s about to open, and I’d have had to go. Well, I wouldn’t put up with that, Tom. Listen, being rich isn’t what people say it is. It’s nothing but worrying and sweating and wishing you were dead all the time. These clothes suit me, and this barrel suits me, and I’m never giving them up again. Tom, none of this trouble would have happened without that money. Take my share along with yours and give me ten cents now and then—not too often, because I don’t care a damn about anything unless it’s fairly hard to get. And go ask the widow to let me off.”

“Oh, Huck, you know I can’t. It wouldn’t be fair. Besides, if you give it a little longer, you’ll start to like it.”

“Like it! Sure—the way I’d like sitting on a hot stove if I stayed there long enough. No, Tom, I won’t be rich, and I won’t live in those damned suffocating houses. I like woods and rivers and big barrels, and I’m sticking with them. Damn everything! Just when we’d got guns and a cave and everything ready for robbing, this stupid business had to happen and spoil it all!”

Tom recognized his chance.

“Listen, Huck, being rich isn’t going to stop me becoming a robber.”

“No! Oh, that’s wonderful! Are you absolutely serious, Tom?”

“As serious as I am sitting here. But Huck, you know we can’t let you join the gang unless you’re respectable.”

Huck’s delight vanished.

“You can’t let me join, Tom?",82165d6cc0cc07d60fa60b57b683d8efe56fdde9c5830703a69700f2afd1145b,453,413,0.91169978,pass,,13d4af7d34f8e1fc443a7f62cc2a1bb8308eade568c9d43ea291fb55cd2afb7a,codex_session_output,c2303b933d51df16da68fbc5,codex_session
c2dbc3c9891c699dff091b42,V2_twain_huckleberry_finn_008,simplify,astra_session,"GPT-6 Astra via Codex, Extra High",,6bc24f1a44a6cb2b029f2da98f6d13b92182bbe7486c14bd6ee472077de7d780,efe58e65a7d0cc6270b87a840fa4e4d100660e6bccada03e47d21e8a860f8031,,2026-09-27T08:06:40.639352+00:00,session_output_recorded,"Colonel Grangerford was a gentleman, you see. He was a gentleman in every way, and his whole family was the same. He came from a good family, as people say, and that matters as much in a man as in a horse, according to the Widow Douglas. Nobody ever questioned that she was among the finest people in our town. Pap always said it too, though he himself had no more class than a mudcat. Colonel Grangerford was very tall and thin, with skin that was somehow both dark and pale, without a touch of red anywhere. His narrow face was shaved clean every morning. He had extremely thin lips and narrow nostrils, a high nose, heavy eyebrows, and the blackest eyes you could imagine. They were set so deep that they seemed to stare at you from inside caves. He had a high forehead, and his straight black hair hung to his shoulders. His hands were long and thin. Every single day he wore a clean shirt and a full linen suit so white it hurt your eyes to look at it. On Sundays he wore a blue coat with tails and brass buttons. His cane was mahogany with a silver top. There was nothing silly about him, nothing at all, and he never raised his voice. He was wonderfully kind; you could feel that, and it made you trust him. Sometimes he smiled, and that was a lovely sight. But when he stood straight as a flagpole and his eyes flashed beneath those eyebrows, you wanted to climb a tree first and ask what was wrong afterward. He never needed to remind anyone of their manners. Everybody behaved politely around him. People loved having him nearby, too. He was usually like sunshine—I mean, he made you feel the weather was good. When he turned into a storm cloud, things got terribly dark for half a minute. That was enough; nothing would go wrong again for a week.

When he and his wife came downstairs in the morning, everyone in the family stood up and greeted them. Nobody sat down until the two of them had taken their seats. Then Tom and Bob went to the sideboard where the liquor bottle stood, mixed a glass of bitters, and handed it to him. He held his drink while they mixed their own. Then they bowed and said, “Our respects to you, sir and madam.” The older couple bowed very slightly and thanked them, and all three men drank. Bob and Tom added a spoonful of water to the sugar and the little bit of whisky or apple brandy left in their glasses and gave them to Buck and me, so we toasted the older people too.",546bfa290e5f039ab435c0a5e8b715af22916a9aaca9ef9be06ab9901a9b744c,523,457,0.87380497,pass,,1d8721e2de7781f61a8fa173c54e6b2136fd8552410a16d3509b55f3dc36b1c8,codex_session_output,c2dbc3c9891c699dff091b42,codex_session
c36b0d9a97e728143aef0076,V2_austen_persuasion_018,modernize,astra_session,"GPT-6 Astra via Codex, Extra High",,2d9debeab93317e22608ea4b6f5f9c378f4e4bd2ee098361801ed047e54cb71b,cf8597ccd5ed20647026fb27928d96320f553459555fbb6ca724ee5189662165,,2026-09-27T08:05:25.556493+00:00,session_output_recorded,"“You haven't been in Bath long enough,” he said, “to enjoy its evening gatherings.”

“Oh, no. The usual kind has no appeal for me. I don't play cards.”

“You didn't before, I know. You never used to like them, but time changes many things.”

“I haven't changed that much yet,” Anne exclaimed, then stopped, afraid of some misunderstanding she could scarcely define. After a few moments he said, apparently carried by a sudden feeling, “It is a long time, certainly. Eight and a half years is a long time.”

Whether he might have said more was a question Anne's imagination would have to consider in a quieter moment. While his words were still in her ears, Henrietta abruptly drew her attention elsewhere. Eager to use this opportunity to go out, she urged her companions to hurry before anyone else arrived.

They had to move. Anne declared herself quite ready and tried to appear so. Yet she felt that, if Henrietta could have known the regret and reluctance with which she left that chair and prepared to leave the room, her own feelings for her cousin, and the very certainty that he loved her, would have given her reason to pity Anne.

Their preparations were suddenly interrupted. They heard the alarming sounds of more visitors approaching, and the door opened to admit Sir Walter and Miss Elliot. Their entrance seemed to chill everyone. Anne immediately felt oppressed, and everywhere she looked she saw signs of the same response. The room's warmth, freedom, and good humor vanished, replaced by cold self-possession, determined silence, or empty conversation to match her father and sister's heartless elegance. How humiliating it was to recognize this!

Her watchful concern was satisfied on one point. Both acknowledged Captain Wentworth again, and Elizabeth did so more pleasantly than before. She even spoke to him once and looked his way several times. Elizabeth was, in fact, considering a significant step, as events soon made clear. After wasting a few minutes on the expected meaningless remarks, she began issuing the invitation that would settle all her remaining social obligations to the Musgroves. “Tomorrow evening, to meet a few friends; nothing formal.” She delivered it all with considerable grace. The cards she had brought, announcing “Miss Elliot at home,” were placed on the table with a courteous smile embracing everyone, while one smile and one card were directed more particularly at Captain Wentworth. The truth was that Elizabeth had spent enough time in Bath to appreciate the value of a man with his bearing and appearance.",ed770185b3383aab61055581f4e12d41189439be44a51e2f9417c35dcd3a7851,461,424,0.9197397,pass,,9564b711248fca20c06723a9f1b6c06856da9de9bccbfeb7d501241a26a7b012,codex_session_output,c36b0d9a97e728143aef0076,codex_session
c52c6995aa0b5c0454ab1f40,V2_austen_persuasion_020,paraphrase,astra_session,"GPT-6 Astra via Codex, Extra High",,8b0e1ec21460f86198aecf9858df0a68e2fe32c2b6a9454618b094dde823aeb7,885fedbfa22d31ca4cc7be44f64e097e487dd2af67470fbe96493b5e6ab0d5f4,,2026-09-27T13:31:49.788306+00:00,session_output_recorded,"Mrs Clay's feelings had triumphed over her interests, and for the young man's sake she had relinquished the chance of continuing her designs upon Sir Walter. Yet she possesses talents as well as feelings; and it remains uncertain whether his craft or hers will ultimately prevail—whether, having kept her from becoming Sir Walter's wife, he may not in the end be coaxed and fondled into making her the wife of Sir William.

There can be no doubt that Sir Walter and Elizabeth were astonished and humiliated by their companion's departure and the revelation of how she had deceived them. Their illustrious cousins were, of course, available for consolation; but they must long be sensible that flattering and attending upon others, without receiving flattery and attendance in return, affords only half the pleasure.

Anne, convinced very early of Lady Russell's intention to love Captain Wentworth as she should, found her happy expectations clouded only by knowing that she had no relations to offer him whom a sensible man could esteem. In this she felt her disadvantage most acutely. The inequality of their fortunes mattered nothing and occasioned not a moment's regret. But to possess no family capable of receiving him and appreciating him rightly, no respectability, concord, or kindness to give in exchange for the merit and immediate welcome she encountered among his brothers and sisters, caused as sharp a pain as her mind could admit amid circumstances otherwise so full of happiness. She had only two friends in the world to contribute to his circle: Lady Russell and Mrs Smith. To both, however, he was thoroughly inclined to become attached. Despite all Lady Russell's earlier offences, he could now esteem her sincerely. Provided he need not profess to think her right in first separating them, he was willing to say almost anything else to her credit; and Mrs Smith had claims of several sorts to secure his regard both speedily and permanently.

Her recent kindness to Anne would alone have sufficed, and their marriage, far from costing her one friend, gave her two. She was the first to visit them once they were settled; and Captain Wentworth fully repaid every service she had performed, or had ever intended to perform, for his wife. He enabled her to pursue the recovery of her husband's property in the West Indies, wrote on her behalf, acted for her, and guided her through all the minor difficulties of the business with the energy and diligence of a fearless man and a steadfast friend.",4e27c7fe0a9a8fc08d7647bd2d9845cd53c46bfe0e4ca1110117a0f1de7f1a55,465,420,0.90322581,pass,,cd77d331c8a8959250d78b64372e9100739fc77a25a7d51e92521992955f0bf1,codex_session_output,c52c6995aa0b5c0454ab1f40,codex_session
c692e8523543e665e318eba1,V2_poe_the_gold_bug_003,modernize,astra_session,"GPT-6 Astra via Codex, Extra High",,dd5c427afd3d28ba279c26a2f3a4166e3baa67f8f1288dc2ad3a0771b5850cc5,2daa619fffaa7facd3339ca8685649cd381c8230c32b0b833e94f8c8479ce5d6,,2026-09-27T08:04:05.030443+00:00,session_output_recorded,"“Why, that suggestion could give us quite a thrilling superstition. I suppose you’ll name the beetle scarabæus caput hominis, or something similar; natural history books are full of names like that. But where are those antennae you mentioned?”

“The antennae!” said Legrand, growing inexplicably heated. “Surely you can see the antennae. I drew them as clearly as they appear on the actual insect, which I should think is enough.”

“All right,” I said, “perhaps you did, but I still can’t see them.” I handed back the paper without further comment, unwilling to upset him. Yet I was very surprised by this turn of events. His irritation baffled me, and there were certainly no antennae visible in the beetle drawing, which really did look remarkably like an ordinary illustration of a skull.

He took the paper crossly and seemed about to crumple it and toss it into the fire, when a passing glance at the drawing suddenly arrested his attention. His face turned intensely red, then a moment later just as pale. For several minutes he remained seated, inspecting the drawing in close detail. Eventually he stood, took a candle from the table, and sat on a sea chest in the room’s farthest corner. There he examined the paper anxiously again, turning it every way. He said nothing. His behavior astonished me, but I thought it wiser to make no remark that might worsen his increasingly troubled mood. After a while he took a wallet from his coat pocket, carefully slipped the paper inside, and placed both in a writing desk, which he locked. His manner became calmer, although his earlier enthusiasm had entirely vanished. Still, he seemed distracted more than sulky. As the evening passed, he sank deeper into thought, and none of my attempts at lively conversation could bring him out of it. I had meant to spend the night at the hut, as I often had before, but seeing my host in this state, I felt it best to leave. He did not urge me to stay. As I departed, however, he shook my hand with even greater warmth than usual.

About a month later, during which I had seen nothing of Legrand, his servant Jupiter visited me in Charleston. I had never seen the good old Black man looking so dejected, and I feared that some serious misfortune had overtaken my friend.",d083307069f1acd899037161950b7357bbdac6c9036c3738882ac715c0f317b5,461,395,0.85683297,pass,,94ee59667af6f65844b78c11da6aa72d086b67157afeb0fa6a7c684a80fd87b4,codex_session_output,c692e8523543e665e318eba1,codex_session
cb8ed62245971ee8a3316b92,V2_twain_connecticut_yankee_016,modernize,astra_session,"GPT-6 Astra via Codex, Extra High",,a75ea9930e69e0035079f9d067523f431c7103b5739797fed82c8e76d5d64c17,fabd8248fd6e6e3cb7184d22e87618a694e995038f1465d79ce482d592d73745,,2026-09-27T08:03:32.919467+00:00,session_output_recorded,"We declared so loudly and earnestly that we were free men that we caught the attention of that liberty-spouting speaker and his patriotic audience. They gathered around us, looking very determined. The speaker said:

“If you really are free men, you have nothing to fear. Britain’s God-given liberties surround you as your shield and shelter! (Applause.) You will soon see. Present your evidence.”

“What evidence?”

“Evidence that you are free men.”

Ah—I remembered! My senses returned, and I said nothing. But the king burst out:

“You’re mad, man. It would be better, and much more reasonable, to make this thief and scoundrel prove that we are not free men.”

You see, he knew his own laws as people so often know laws: as words, without knowing their effects. They acquire meaning, and become remarkably vivid, when they are applied to you.

Everyone shook their heads in disappointment; some lost interest and turned away. The speaker continued, this time with businesslike tones instead of emotion:

“If you don’t know your country’s laws, it is time you learned them. You are strangers here; you cannot deny that. You may be free men; we do not deny that. But you may also be slaves. The law is clear: the claimant need not prove you are slaves. You must prove you are not.”

I said:

“Dear sir, just give us time to send to Astolat, or to the Valley of Holiness—”

“Quiet, my good man. These are extraordinary requests, and you cannot expect them to be granted. They would take considerable time and impose an unjustified inconvenience on your master—”

“Master, you idiot!” the king roared. “I have no master. I myself am the m—”

“Be quiet, for God’s sake!”

I spoke just in time to stop him. We were already in enough trouble; letting these people think we were lunatics would hardly improve matters.

There is no point drawing out the details. The earl offered us for sale and auctioned us off. This very same hellish law had existed in our own South in my own time, more than thirteen hundred years later. Under it, hundreds of free men unable to prove their freedom had been sold into lifelong slavery without making much impression on me. But the moment the law and the auction block touched my own life, what had merely seemed improper suddenly became monstrous. Well, that is how we are made.

Yes, we were auctioned like pigs. In a large town with a busy market we would have fetched a good price. But this place was utterly stagnant, and we sold for a sum that still embarrasses me whenever I remember it.",d4e330474b2c2d1c47589d513dadd5a7a735c86a1fbca41b33c6e76e653cd707,486,443,0.91152263,pass,,f473eca793c7c313bbc1eb05584c476103697017a9b80c271434f87f1a71756d,codex_session_output,cb8ed62245971ee8a3316b92,codex_session
ccbc7cb0c407a1017f8138fd,V2_poe_hans_pfaal_012,modernize,astra_session,"GPT-6 Astra via Codex, Extra High",,a9340a4da4be357ad2b9e91aa1a5ab02c47c1b30968d8146777e818b83a15962,90dceecda6608e11d7c177dac36888582f0c753030dc29132be92ea08e3a56f5,,2026-09-27T13:35:14.101902+00:00,session_output_recorded,"Once this was done, I detached a few more loops from the rim, worked in another section of cloth, and fastened the loose loops to their corresponding buttons. In this way I could insert the entire upper portion of the bag between the netting and the hoop. Clearly the hoop would now fall inside the basket, leaving the buttons alone to support the full weight of the basket and everything it contained. At first this might seem an inadequate support, but it was nothing of the kind. The buttons were exceptionally strong and placed so closely together that each bore only a very small fraction of the total load. Indeed, I would have felt no concern even if the basket and its contents had weighed three times as much. I then lifted the hoop again inside the rubber covering and supported it at almost its previous height with three lightweight poles prepared for this purpose. Naturally, this kept the top of the bag spread open and held the lower part of the netting in its proper position. All that remained was to seal the opening of the enclosure. I easily accomplished this by gathering the folds of material together and twisting them tightly from inside with a sort of fixed tourniquet.

“Three circular panes of thick, clear glass had been fitted into the sides of the covering now surrounding the basket. These allowed me an unobstructed view in every horizontal direction. A fourth window of the same kind was set into the fabric beneath me, aligned with a small opening in the basket's floor. Through it I could look straight down. However, I had been unable to fit any similar arrangement overhead because of the particular way the upper opening was closed and the resulting folds in the cloth. I therefore could not expect to see anything directly above me. This scarcely mattered, of course: even if I had managed to install a window at the top, the balloon itself would have blocked the view and made it useless.

“About a foot beneath one of the side windows was a circular opening eight inches across. It was fitted with a brass rim whose inner edge was threaded to receive a screw. Into this rim I screwed the condenser's large tube, while the body of the machine remained, of course, inside the rubber chamber.",60bf864c4d90a47de28a20e64ba24dad5a185e5c3483a05c6b8dc990f0d25170,459,393,0.85620915,pass,,7108884d47d21c94e853f6e035103856ddce12bfb0943994e6223fe5a89fa01c,codex_session_output,ccbc7cb0c407a1017f8138fd,codex_session
d01ee65b474b59742001f608,V2_twain_connecticut_yankee_013,modernize,astra_session,"GPT-6 Astra via Codex, Extra High",,06c02d17f4b81b6dc7580de916b35c535b89efb3cb53ccd00c6431c003427efd,1d369942f12504d2018389e2e2597164cf25ce3e1f448db4d333381d957bd6e9,,2026-09-26T11:15:32.395388+00:00,session_output_recorded,"Smallpox!

I rushed to the king and whispered in his ear:

“Get out of here immediately, Your Majesty! The woman is dying of the disease that devastated the outskirts of Camelot two years ago.”

He did not move.

“I will certainly stay—and help as well.”

I whispered again:

“King, you cannot do this. You must leave.”

“You mean well, and your advice is sensible. But it would disgrace a king to show fear, and disgrace a knight to refuse help where people need it. Enough. I will not leave. You are the one who must go. The Church’s ban does not apply to me, but it forbids you to be here. If word of your offence reaches the Church, it will punish you severely.”

He was in terrible danger, and staying might cost him his life, but arguing would accomplish nothing. If he believed his honour as a knight was involved, discussion was over. He would remain, and nothing could stop him. I knew that, so I let the matter drop. The woman spoke:

“Kind sir, would you please climb that ladder and tell me what you find? Do not be afraid to tell me the truth. There are times when even a mother’s heart can no longer break, because it is already broken.”

“Stay here,” the king said, “and give the woman something to eat. I will go.” He set down the knapsack.

I turned to go, but the king had already moved. He stopped and looked down at a man lying in the dim light, who had neither noticed us nor spoken.

“Is this your husband?” the king asked.

“Yes.”

“Is he asleep?”

“Thank God for that one mercy—yes, these past three hours. How can I ever express all my gratitude? My heart is bursting with thanks for the sleep he is sleeping now.”

I said:

“We will be careful. We won’t wake him.”

“No, you will not, for he is dead.”

“Dead?”

“Yes—and what a victory it is to know that! No one can hurt him now, or insult him again. He is in heaven and happy; or, if he is not there, he is in hell and content, because he will find neither abbot nor bishop in that place. We were children together. We were husband and wife for twenty-five years, never separated until today. Think how long that is to love and suffer together. This morning he was delirious. In his imagination we were a boy and girl again, wandering through happy fields. And as he talked with that innocent delight, he wandered farther and farther, still chatting happily, until he entered those other fields we know nothing of and passed beyond mortal sight.",cc3571e6fc371bbb02f47a365813ef0c8c3cff1602be50da5f2a79f968df4c05,486,452,0.93004115,pass,,c74c8cf49771090f704249102a779d14bba550ea69036c554c1e93f67da58e80,codex_session_output,d01ee65b474b59742001f608,codex_session
d299be0881b4a6a0f6339c24,V2_twain_connecticut_yankee_019,simplify,astra_session,"GPT-6 Astra via Codex, Extra High",,c61ab8633e5e7bb6d0ef1d5cf7ceff316cf1f96eb357b415c94d36a7a0f787bb,235db045258c670ee9078840ea7fc2e3691dc6ea52a4012d072152391c2b57ef,,2026-09-27T08:05:05.084920+00:00,session_output_recorded,"“Next, we put up a wire fence.”

“A wire fence?”

“Yes. You suggested it yourself two or three years ago.”

“Oh, I remember. That was when the Church first tested its strength against us, then decided to wait for a better opportunity. Well, how have you set up the fence?”

“Twelve very strong wires, bare and without insulation, run from a large generator in the cave. It has only two brushes, one positive and one negative—”

“Yes, that’s right.”

“The wires leave the cave and enclose a flat circular area a hundred yards across. They form twelve separate fences, ten feet apart: twelve circles, one inside another. Their ends run back into the cave.”

“Good. Go on.”

“The fences are secured to heavy oak posts only three feet apart, buried five feet deep.”

“That sounds strong enough.”

“Yes. None of the wires is connected to the ground outside the cave. They leave the generator’s positive brush, and the negative brush connects to the ground. The far ends of the wires return to the cave, where each has its own ground connection.”

“No, no, that won’t work!”

“Why not?”

“It costs too much. You’re wasting power. The only ground connection you need is through the negative brush. Bring the other end of each wire back into the cave and fasten it separately, without connecting it to the ground. Now see how that saves energy. Suppose cavalry charges the fence. Until the horses hit the wires, you use no power and spend no money, because there is only one ground connection. The instant the horses touch a wire, they connect it to the negative brush through the earth, and they fall dead. Do you see? You use energy only when you need it. Your lightning waits ready, like a loaded gun, without costing a penny until you fire. Yes, that single ground connection—”

“Of course! How did I miss that? It’s cheaper and works better too. If wires break or get tangled, it does no harm.”

“No, especially if we have an indicator in the cave and disconnect any broken wire. Now, go on. What about the Gatling guns?”

“Yes, those are ready. In the middle of the innermost circle, on a roomy platform six feet high, I’ve set up thirteen Gatling guns, with plenty of ammunition.”

“Excellent. They cover every approach. When the Church’s knights arrive, there’ll be music. And the cliff edge above the cave—”

“I’ve put a wire fence and a Gatling gun there.”",df8a0983350bd40806e75c79a155f1a3f12e8c67cd776553b7ac759aeaf2e059,454,415,0.91409692,pass,,a1987b6ef3a59d0b05558545e02fbfc8a8248eb1791348f25708fb1c56cf0c3e,codex_session_output,d299be0881b4a6a0f6339c24,codex_session
d94f916aac3bfebadd4d65b2,V2_twain_huckleberry_finn_008,paraphrase,astra_session,"GPT-6 Astra via Codex, Extra High",,6bc24f1a44a6cb2b029f2da98f6d13b92182bbe7486c14bd6ee472077de7d780,56f7faf462001dbec6d67b9d5553c5ca38f835615beb3bfb8a64089fb5b6d15b,,2026-09-27T08:02:27.868453+00:00,session_output_recorded,"Col. Grangerford was a gentleman, you understand. A gentleman clear through, and his family was the same. He came of good blood, as folks say, and that counts for as much in a man as in a horse, according to the Widow Douglas. Nobody ever disputed that she belonged to the very first aristocracy in our town; and pap said so too, though he had no more quality about him than a mudcat. Col. Grangerford was mighty tall and slender, with a sort of dark-pale skin and not a speck of red in it. Every morning his narrow face was shaved clean, and he had the thinnest lips and nostrils you ever saw, a high nose, thick eyebrows, and eyes as black as could be, set so far back they looked like they was peering at you out of caves. His forehead was high, and his straight black hair reached his shoulders. His hands was long and spare. Each day of his life he wore a fresh shirt and a whole suit of linen, head to foot, so white it fairly hurt to look at it; Sundays he put on a blue tailcoat with brass buttons. He carried a silver-headed mahogany cane. There wasn’t anything foolish about him, not a particle, and he never talked loud. He was as kind as a body could be—you could sense it, and that made you trust him. Now and then he smiled, and it was a pleasant thing to see. But when he drew himself up straight as a liberty pole and lightning started flashing from beneath those eyebrows, you felt like getting up a tree first and asking what was wrong later. He never needed to tell folks to behave; wherever he was, everybody had good manners. They liked having him there, too. Most times he was sunshine—I mean, he made you feel the weather was fine. If he changed to a bank of clouds, it got fearfully dark for half a minute, which was plenty; nothing would go amiss again for a week.

When he and the old lady came downstairs mornings, the whole family rose from their chairs and wished them good-day, and nobody sat again before they did. Then Tom and Bob went over to the sideboard with the decanter, mixed him a glass of bitters, and brought it to him. He held it till they had fixed their own drinks. Then they bowed and said, “Our duty to you, sir, and madam”; and the old people gave the smallest little bows and thanked them. All three drank, and Bob and Tom added a spoonful of water to the sugar and the drop of whisky or apple brandy left in their tumblers, and handed them to Buck and me, so we drank to the old people as well.",b72aba8e22a1e073bae7f55995db9cca5af2e23ce1d37b263b69a297657fa652,523,471,0.90057361,pass,,a9f0304ea87c2316af61f2de0d349ca97639eb168a2308e12507719d14292357,codex_session_output,d94f916aac3bfebadd4d65b2,codex_session
d9f360a51f97e4888080e9e7,V2_shelley_the_last_man_017,modernize,astra_session,"GPT-6 Astra via Codex, Extra High",,e0a42da3cbb1ce5f6da523a2603a5b2acf1831bbc23fe0150cbca67b958db6b7,ebcabd8577708172052e31aed9917518028fda04950b54f7520426580b8e6a08,,2026-09-27T08:04:26.105342+00:00,session_output_recorded,"Were our proud dreams to vanish like this? We had been placed “a little lower than the angels,” yet now we proved no better than insects that live a day. We had called ourselves the “paragon of animals,” and here we were, a “quintessence of dust.” We had mourned that the pyramids outlived the embalmed bodies of their builders. Yet the simple straw hut of a shepherd beside the road was built to last longer than the whole human race. How could we reconcile this miserable transformation with our earlier ambitions and our seemingly great abilities?

Suddenly a voice within me seemed to speak, clearly and distinctly: This was ordained from eternity. Since the empty universe first brought forth its burden, this hour and its fulfillment have been bound to the horses carrying Time onward. Would you reverse the unchangeable laws of Necessity?

Mother of the world! Servant of the Almighty! Eternal, unchanging Necessity, forever weaving the unbreakable chain of events with your busy fingers! I will not protest against your actions. My human mind may be unable to accept that everything that exists is right; but because what exists must exist, I will sit among the ruins and smile. Truly, we were born to submit and hope, rather than to enjoy.

Would the reader grow weary if I described every detail of our slow journey from Paris to Geneva? If I recorded our crowded miseries day by day in a journal, could my hand set them down, or language find words for all the forms of our suffering, one dreadful event jostling and pressing upon another? Be patient, reader! Whoever you are, wherever you live, whether you belong to a race of spirits or descend from some surviving couple and possess a human nature and an earthly home, you will read here of an extinct race's deeds. You will wonder whether those who endured these recorded sufferings were made of fragile flesh and delicate bodies like your own. They certainly were. Weep, then, for surely, solitary being, your nature will be gentle. Shed compassionate tears, but listen as well to the story, and learn what your predecessors did and suffered.

Yet the final events of our passage through France were so filled with uncanny horror and bleak misery that I dare not linger over them. If I examined each incident separately, every fraction of a second would hold a harrowing story, its slightest word enough to freeze the blood in your young veins. It is right that I should build this memorial to the vanished race for your instruction; it is not right that I should drag you through hospital wards or the hidden rooms where the dead are kept.",3696527e881fda2b6275a79a80b8d230e267e46487f71a9b0a64ea468df23f63,462,451,0.97619048,pass,,a813d132e34e850e130826cb2289bc168f46c906179333ce91812701fad42ef3,codex_session_output,d9f360a51f97e4888080e9e7,codex_session
db137d7537484bf54f3411ff,V2_austen_emma_005,paraphrase,astra_session,"GPT-6 Astra via Codex, Extra High",,a0907584f5ad937a7c9301ebe9839a47d1b2e75f6eb567f4406177f4d85f0118,8f7bee60ad5883329b032fb0ebdae2e3679bce5458752c750e8b6505df9ecee1,,2026-09-27T13:29:48.578379+00:00,session_output_recorded,"She would make so charming a companion for Emma.”

Mr. Woodhouse assented to everything, but observed,

“Our little friend Harriet Smith, though, is quite as pretty a sort of young person. You will be pleased with Harriet. Emma could wish for no better companion than Harriet.”

“I am exceedingly glad to hear it—only Jane Fairfax is known to be so remarkably accomplished and superior!—and precisely of Emma's age.”

The subject was pursued with great satisfaction, and others of equal importance followed and were dismissed with equal agreement; yet the evening was not to end without a slight renewal of uneasiness. The arrival of the gruel furnished abundant conversation—praise and observations in plenty—absolute certainty of its benefit to every constitution, and rather fierce denunciations of the many houses in which it was never served tolerably. Unfortunately, among the examples of failure the daughter could supply, the latest, and therefore the most memorable, concerned her own cook at South End. This young woman, engaged for their stay, had never understood what was intended by a basin of agreeable, smooth gruel, thin, yet not excessively thin. However often it had been desired and ordered, nothing acceptable had ever appeared. This offered a perilous opening.

“Ah!” said Mr. Woodhouse, shaking his head and regarding her with affectionate anxiety. To Emma's ear the exclamation meant, “Ah! the melancholy results of your journey to South End are endless. One cannot bear to speak of it.” For a little while she hoped he would indeed leave it unspoken, and that quiet reflection would be enough to recover his enjoyment of his own smooth gruel. After several minutes, however, he began,

“I shall never cease regretting that you went to the seaside this autumn instead of visiting us.”

“But why regret it, sir? I assure you, the children benefited greatly.”

“And besides, if you had to visit the sea, South End ought not to have been your choice. It is an unhealthy place. Perry was astonished to learn that you had settled on South End.”

“I know a great many people think so, but they are truly mistaken, sir. We were all in excellent health there, and never suffered the smallest inconvenience from the mud. Mr. Wingfield says that the notion of its being unhealthy is altogether wrong; and I am certain his judgment is trustworthy, for he understands the character of the air thoroughly, and his own brother and family have visited repeatedly.”

“If you were to go anywhere, my dear, it should have been Cromer. Perry once spent a week at Cromer, and considers it the finest of all places for sea-bathing.",11d370f753b20213e38fdaacd4fa6770b05a7f9a84388f2dfdfa9e4f37001214,481,440,0.91476091,pass,,508c195a4b3cea793e29861457fbcd48fd584217d5a7ba23d53cb4c1eb140542,codex_session_output,db137d7537484bf54f3411ff,codex_session
dba8e3afbf7edebc0e6993e3,V2_poe_the_gold_bug_017,modernize,astra_session,"GPT-6 Astra via Codex, Extra High",,94a90852fb2727186d2262c4205cbeaa59e39ea8da127c7f7be5e722019bc7da,5b1aca6a50e0e6b7611d541b8a02f85315ddc82749f3e4050ce77a65bbf057a3,,2026-09-27T08:01:14.058566+00:00,session_output_recorded,"“But,” I said, handing the slip back, “I am as much in the dark as before. Even if solving this puzzle would earn me every jewel in Golconda, I am certain I could never claim the reward.”

“And yet,” Legrand said, “the solution is nowhere near as difficult as a quick first glance at the symbols might suggest. As anyone could easily guess, these symbols form a cipher: they carry a meaning. But from what we know of Kidd, I could hardly imagine him devising one of the more intricate codes. I immediately decided it must be a simple kind, though one that a sailor’s untrained mind would consider completely impossible to solve without the key.”

“And you actually solved it?”

“Easily. I have solved others ten thousand times more complicated. Circumstances, together with a particular turn of mind, have drawn me to such puzzles, and I seriously doubt whether human ingenuity can create a cipher that human ingenuity, properly applied, cannot unravel. In fact, once I had established a connected sequence of readable symbols, I hardly thought about the difficulty of working out what they meant.

“In this case—as in every case of secret writing—the first question concerns the cipher’s language. The methods of solving it, especially with simpler ciphers, depend on the distinctive character of the language and vary accordingly. Usually, the only option is to try every language the investigator knows, guided by what seems most likely, until the right one is found. Here, though, the signature removed that difficulty altogether. The pun on ‘Kidd’ makes sense only in English. Without that clue I would have started with Spanish and French, since a pirate of the Spanish Main would most naturally have recorded this kind of secret in one of those languages. As it was, I assumed the coded message was English.

“You will notice that there are no spaces between the words. If there had been, the task would have been relatively easy. In that situation I would have started by comparing and analyzing the shorter words. If a word consisting of a single letter had appeared, as would be very likely—‘a’ or ‘I,’ for example—I would have considered the solution certain. But since there were no word divisions, my first step was to identify the letters that occurred most often, along with those that appeared least frequently.”",6864c9f198b6bb9a88970a89608102cc5d233710dad5639308791fb4fdcbddcf,454,396,0.8722467,pass,,767068a33b5d0873a1bf06defb927cdfb616a1aed26984635d2caa0a012c73fa,codex_session_output,dba8e3afbf7edebc0e6993e3,codex_session
dd088952533630c3519b4251,V2_wilde_dorian_gray_003,simplify,astra_session,"GPT-6 Astra via Codex, Extra High",,b71da560146bcaa89167bd035d6762793f6d400315be2a39a786219f513a08ef,3001410341f0eba1796b1f63da6f83a871d7a744074d08c0e49d402103296108,,2026-09-27T08:05:39.438815+00:00,session_output_recorded,"Suddenly the painter appeared in the studio doorway and waved them inside with quick, sharp gestures. They looked at each other and smiled.

“I’m waiting,” he called. “Please come in. The light is perfect, and you can bring your drinks.”

They stood and walked slowly down the path together. Two green-and-white butterflies fluttered past. In the pear tree at the corner of the garden, a thrush began to sing.

“You’re glad you met me, Mr. Gray,” Lord Henry said, looking at him.

“Yes, I’m glad now. I wonder whether I always will be.”

“Always! What a dreadful word. Hearing it makes me shudder. Women love using it. They spoil every romance by trying to make it last forever. And the word means nothing. The only difference between a passing fancy and a lifelong passion is that the passing fancy lasts a little longer.”

As they entered the studio, Dorian Gray rested his hand on Lord Henry’s arm. “Then let our friendship be a passing fancy,” he murmured, blushing at his own boldness. He stepped onto the platform and returned to his pose.

Lord Henry dropped into a large wicker armchair and watched him. The brush swept and flicked across the canvas, making the only sound in the quiet, except when Hallward occasionally stepped back to see his work from a distance. Dust danced golden in the slanting sunlight coming through the open door. The heavy fragrance of roses seemed to hang over everything.

About fifteen minutes later, Hallward stopped painting. He looked at Dorian Gray for a long time, then at the portrait for just as long, frowning and biting the end of one of his large brushes. “It’s completely finished,” he announced at last. Bending down, he signed his name in long, bright red letters in the canvas’s left-hand corner.

Lord Henry walked over to inspect the painting. It was certainly a wonderful work of art, and it captured Dorian wonderfully too.

“My dear friend, my warmest congratulations,” he said. “It’s the finest portrait of modern times. Mr. Gray, come and look at yourself.”

The young man gave a start, as though waking from a dream.

“Is it really finished?” he murmured, stepping off the platform.

“Completely,” the painter replied. “And you posed splendidly today. I’m very grateful.”

“You have me entirely to thank for that,” Lord Henry interrupted. “Don’t you agree, Mr. Gray?”

Dorian did not reply. He moved without enthusiasm to stand before his portrait, then turned to look at it.",9ae60816c2240ab7bc458aabe3fe00c39bf0638439d5cd6afac03eb2385e827f,451,414,0.91796009,pass,,448e6902888f75641b450c193ebba27f9156bc37d1cd791634e9d0254b52b2aa,codex_session_output,dd088952533630c3519b4251,codex_session
de18cdb6b4d40cf30d53746e,V2_twain_huckleberry_finn_019,paraphrase,astra_session,"GPT-6 Astra via Codex, Extra High",,3d536e1bbfc46e07c3710e2f8a1c70ec8d714a5cf4e607c47df3113bf79bfd5e,62240471deebdfab48da15d81b45ce2fa90c1f3577a0dbba0cb1aeedbed7e011,,2026-09-27T08:06:07.192830+00:00,session_output_recorded,"The doctor was elderly, and when I woke him he looked like a very pleasant, kindly old fellow. I told him my brother and me had been hunting on Spanish Island yesterday afternoon and had camped on a bit of raft we found. Around midnight my brother must have kicked his gun while dreaming, because it fired and hit his leg. We wanted the doctor to come over and mend it, without saying a word or letting anybody hear, because we meant to get home that evening and surprise our folks.

“Who are your folks?” he asked.

“The Phelpses, down that way.”

“Oh,” he said. After a little he asked:

“How did you say he came to get shot?”

“He was having a dream,” I said, “and it shot him.”

“A remarkable dream,” he said.

Then he lighted his lantern, fetched his saddle-bags, and we set out. But he didn't fancy the canoe when he saw it. He said it would hold one well enough, but didn't seem very safe for two. I said:

“No need to worry, sir. She carried all three of us without trouble.”

“Which three?”

“Me and Sid, of course, and—and—and the guns. That's what I meant.”

“Oh,” he said.

But he set a foot on the gunwale and rocked her, then shook his head and said he'd better look for something larger. All the other boats were chained and locked, though. So he took mine and told me to wait for his return, or keep looking, or perhaps go home and prepare everybody for the surprise, if I liked. I said I didn't want to. I explained exactly where the raft lay, and off he went.

Before long a thought struck me. Suppose, I said to myself, he can't mend that leg in three shakes of a sheep's tail, as folks say? Suppose it takes three or four days? Are we to sit there till he spills the whole secret? Not me. I know what I'll do. I'll wait here, and if he comes back saying he must make another visit, I'll get to the raft too, even if I have to swim. We'll tie him up and keep him, and drift on downriver. Once Tom has no more need of him, we'll pay what his work is worth, or every cent we've got, and put him ashore.

Then I crawled into a pile of lumber for a sleep. Next thing I knew, the sun was high overhead! I jumped out and hurried to the doctor's house, but they said he'd left sometime in the night and hadn't returned.",a2eb1a7cea76f7848cd4526541a56b23db5b9a2e67cf808b8bc2dfffab1bcaaa,476,436,0.91596639,pass,,f5bdef04e77fdb51fb35024d6d18ae5639f1581f70c673c8082424da4e83f8cd,codex_session_output,de18cdb6b4d40cf30d53746e,codex_session
de81fd86fb49261e46bac2d3,V2_austen_persuasion_017,simplify,astra_session,"GPT-6 Astra via Codex, Extra High",,153f6af1e207d7c915659382de181ce442c830d35d402f2f8662c5a2e732fd72,5dcb28ba97d85603ad8b61694d042bdc8018af6368d01a056bea6916c1de8513,,2026-09-27T13:32:43.837454+00:00,session_output_recorded,"Mr. Elliot looking up so respectfully.”

“Absolutely delightful!” cried Mrs. Clay, though she did not dare look toward Anne. “Just like a father and son! Dear Miss Elliot, surely I may say father and son?”

“Oh, I don’t forbid anyone to use any words. If you insist on having such ideas! But honestly, I hardly notice that he pays me more attention than other men do.”

“My dear Miss Elliot!” exclaimed Mrs. Clay. She raised her hands and eyes, then conveniently expressed the rest of her amazement by saying nothing.

“Well, my dear Penelope, you needn’t be so anxious about him. I did invite him, you know. He went away smiling. Once I learned that he really was spending all of tomorrow with his friends at Thornberry Park, I took pity on him.”

Anne admired her friend’s skill at pretending. Mrs. Clay managed to show equal pleasure while expecting Mr. Elliot and when he actually arrived, although his presence must interfere with her chief aim. She could hardly help hating the sight of him. Yet she put on a helpful, peaceful expression and appeared perfectly content to have only half as much opportunity to attend to Sir Walter as she otherwise would.

Anne herself was deeply distressed when Mr. Elliot entered the room, and it hurt her to have him come over and speak to her. Before this, she had felt that he could not always be entirely sincere. Now everything about him seemed false. His respectful attention to her father was disgusting when compared with the way he had spoken about him in the past. Remembering his cruelty to Mrs. Smith, Anne could barely endure his current smiles and gentle manner, or listen to his false expressions of fine feelings.

She intended to avoid changing her behaviour so obviously that he would protest. Above all, she wanted to prevent questions or a public scene. Still, she planned to treat him as coolly as their family connection allowed, and to withdraw as quietly as possible from the unnecessary closeness into which she had gradually been drawn. She was therefore more careful and distant than she had been the night before.

He tried to make her curious again about where and how he had previously heard her praised. He badly wanted the satisfaction of having her press him for more information. But the spell had ended. He discovered that the warmth and excitement of a public gathering were needed to awaken his modest cousin’s vanity—or, at least, he discovered that he could not awaken it now. None of the attempts he dared make, among the insistent demands of the others, had any effect.",de6c68406904eb1cb5dd58946eb177bc093fa72aeef598075a29ba1faaddfb5a,483,443,0.91718427,pass,,7b03d0cbecd96d0c87400f33c2eaf4c2649cdea354b523c2a0308cb5df663907,codex_session_output,de81fd86fb49261e46bac2d3,codex_session
df873da2b10f21d0e9e19665,V2_wilde_dorian_gray_018,paraphrase,astra_session,"GPT-6 Astra via Codex, Extra High",,a51a7b48c729510e9a7768063ac3a145f0ad1e142ff35d6ed4166eb131d4069e,6108048f7075e7dd4aea77196a642e53bda4d7b62f611208098f6bb70799df1d,,2026-09-27T13:31:59.809177+00:00,session_output_recorded,"The following day he remained indoors, spending, in fact, nearly all his time in his own room, sick with a frantic dread of death and yet unconcerned with life itself. The sense of being pursued, trapped, hunted down was beginning to possess him. A mere stirring of the tapestry in the wind made him tremble. Dead leaves blowing against the leaded windows seemed like his own squandered resolutions and desperate regrets. Whenever he shut his eyes, the sailor's face reappeared, peering through the mist-clouded glass, and horror seemed to press its hand against his heart again.

Yet perhaps only his fancy had summoned vengeance from the darkness and placed those dreadful shapes of punishment before him. Real life was confusion, but imagination possessed a terrible logic. Imagination made remorse follow at the heels of sin; imagination gave every crime its deformed offspring. In the ordinary realm of facts, evil went unpunished and goodness unrewarded. The strong were granted success, the weak burdened with failure. That was everything. Besides, if a stranger had been skulking about the house, surely a servant or keeper would have noticed him. If footprints had appeared in the flowerbeds, the gardeners would have mentioned them. Yes, it was nothing but fancy. Sibyl Vane's brother had not returned to murder him. He had gone away aboard his ship, to perish in some wintry sea. From that man, at least, he was secure. Why, the fellow did not know his identity, could not possibly know it. His youthful mask had rescued him.

And still, if it had been no more than an illusion, how dreadful to reflect that conscience could summon such terrifying spectres, clothe them in visible shapes, and set them moving before one's eyes! What kind of existence awaited him if, night and day, the shadows of his crime watched from quiet corners, jeered from hidden places, whispered into his ear while he sat at a feast, or roused him with frozen fingers in his sleep? As this thought stole through his mind, terror drained his face, and the air seemed suddenly to grow colder. Oh, in what a frenzied hour of madness had he murdered his friend! How hideous even the recollection of that scene! It all unfolded before him once more. Every dreadful detail returned with a fresh intensity of horror. From time's black cavern arose the image of his sin, terrible and wrapped in scarlet.",3c5578ec9a2d12a1e8c090d5e159b1ee2b629868cacabff644f5e43da45a1397,451,402,0.89135255,pass,,59c31bc03c7501f33c35b4e01eb338a17fd433ed7ecb1569fdb34ee24305b6a4,codex_session_output,df873da2b10f21d0e9e19665,codex_session
e1d2fc991075b096ad03c51f,V2_shelley_mathilda_006,modernize,astra_session,"GPT-6 Astra via Codex, Extra High",,1568a35188b7f3908445ecc9c2f71da61aa1dace2a9078f836bf1e316de1c0c1,a2b63980dc8b101124f0820f0ae764a2d33f66516c218d9442c59f4990d38e24,,2026-09-27T07:56:40.840871+00:00,session_output_recorded,"It was after two when a sudden turn brought me close to the lake, near a cove where a little rowing boat lay moored. Our house was not far away, and I could see my father and aunt walking on the lawn. I jumped into the boat and, being thoroughly accustomed to such adventures, pushed off from the shore and put all my strength into rowing swiftly across. My father has often told me that, approaching in my white dress with only my tartan rachan wrapped around me, my hair streaming over my shoulders and the boat flying faster than anyone could have thought I could propel it, I looked more like a spirit than a human girl. As I reached the shore, my father steadied the boat; I sprang lightly out and a moment later was in his arms.

Now my life truly began. Everything around me changed from a dull sameness into a brilliant scene of joy and delight. The happiness of being with my father went far beyond even my most hopeful expectations. We were constantly together, and never ran out of things to discuss. He had spent his sixteen years away among peoples almost unknown in Europe. He had traveled through Persia, Arabia, and northern India, entering the homes of the inhabitants with a freedom granted to few Europeans. His accounts of their customs, his stories, and his descriptions of the countryside filled delightful hours whenever we grew tired of discussing our own plans for the future.

Affection was so unfamiliar to me that I listened in delight to every word when he described his feelings for me during those long years of seeming neglect. “At first,” he said, “I could not bear to think of my poor little girl. But later, as my grief diminished and hope returned, you were the one person my thoughts could turn to. Among cities and deserts, your little fairy figure, as I imagined it, was always drifting before my eyes. The northern breeze felt sweeter and gentler as it refreshed me, because it seemed to bring something of your spirit with it. I often thought of returning at once and taking you away with me to some fertile island where we could live in peace forever. On my journey home, so many fears broke in upon my passionate hopes that my impatience became almost unbearable. I did not dare imagine that the sun might shine and the moon rise over your grave instead of your living form. But no, that has not happened. I have my Mathilda, my comfort and my hope.”",4070fe7163f3aa391a1a131cbf8d40d35c3302de04fb992bb646dd8efdaa1da3,453,433,0.95584989,pass,,ee6d9d53e1e4d21ec4aa3b3e828cd13827a598ad193e0483100ccbb632ea5f37,codex_session_output,e1d2fc991075b096ad03c51f,codex_session
e387d7dfe6c76c9cdbf3cd2e,V2_poe_murders_rue_morgue_004,paraphrase,astra_session,"GPT-6 Astra via Codex, Extra High",,17bd420701472ed5ef586ed865261f765fb43518c729afaeb5472f9de4c2f5f6,1d937d0f1c9122885609424b56b89a8295df581f5a47b6ef9b548dd58372da5c,,2026-09-27T08:01:58.001263+00:00,session_output_recorded,"Watching him in such moods, I frequently pondered the ancient philosophy of the Bi-Part Soul, diverting myself with the notion of two Dupins—the inventive and the analytical.

Do not imagine, from these remarks, that I am recounting a mystery or composing a romance. The qualities I have described in the Frenchman arose merely from an overexcited, or possibly disordered, intellect. An example, however, will best illustrate the nature of his observations on these occasions.

One evening we were walking along a lengthy, filthy street near the Palais Royal. Both of us seemed absorbed in our thoughts, and for at least a quarter of an hour neither had uttered a word. Suddenly Dupin spoke:

“He is certainly a very small fellow, and would be better suited to the Théâtre des Variétés.”

“That is beyond dispute,” I answered without thinking. So lost was I in reflection that I did not immediately notice how extraordinarily his remark accorded with my thoughts. A moment later I collected myself and was profoundly astonished.

“Dupin,” I said seriously, “I cannot understand this. I confess myself amazed, and hardly able to trust my senses. How could you possibly know that I was thinking about ——?” I stopped there to establish beyond doubt whether he truly knew whom I had in mind.

“——Chantilly,” he supplied. “Why stop? You were observing to yourself that his little figure disqualified him for tragedy.”

That was precisely the subject occupying my mind. Chantilly, formerly a cobbler in the Rue St. Denis, had developed a mania for the stage. He had undertaken the part of Xerxes in Crébillon’s tragedy of that name, and his reward had been notorious public ridicule.

“For Heaven’s sake,” I cried, “explain the method—if there is a method—that has allowed you to penetrate my soul in this affair.” I was, in truth, even more shaken than I cared to admit.

“The fruit seller,” my friend answered, “led you to decide that the repairer of soles lacked the height required for Xerxes et id genus omne.”

“The fruit seller! You bewilder me. I know no fruit seller at all.”

“The fellow who collided with you as we turned into this street, perhaps fifteen minutes ago.”

I then recalled that a fruit seller with a great basket of apples balanced on his head had accidentally all but knocked me down when we left the Rue C—— for the street in which we now stood. What possible connection this had with Chantilly remained entirely beyond me.",6a5cf7221814f92d54e035f38ee9a983a753fbb2997a2f87cb053d72e959dfe6,465,416,0.89462366,pass,,0932bf8bdaa739b4c1ea7742b40d2ec9b2a91cd88efb919ad8e4af70d81a015e,codex_session_output,e387d7dfe6c76c9cdbf3cd2e,codex_session
e5920e86c98411652037b7f4,V2_shelley_the_last_man_020,simplify,astra_session,"GPT-6 Astra via Codex, Extra High",,f2e5db312022b55b4e1aa5b553d5e7049138b146d16f0f7ed8e54abac092eada,479589fda4c4f8b427b379454fe148cb7a0b62be22b255b0195ab084a1168c4b,,2026-09-27T13:28:51.601328+00:00,session_output_recorded,"Spirits of the storm, receive me! Powers of destruction, open your arms and hold me forever! Unless a kinder power has chosen another end, so that after long suffering I may receive my reward and feel my heart beating close to another heart like mine again.

The Tiber, a road laid by nature's own hand through her continent, lay at my feet, and many boats were tied along its banks. With a few books, some provisions, and my dog, I would take one of them and drift down the river to the sea. Then, staying close to land, I would follow the beautiful shores and sunny headlands of the blue Mediterranean, pass Naples and travel along Calabria, and brave the twin dangers of Scylla and Charybdis. Fearlessly—for what had I to lose?—I would cross the sea toward Malta and the more distant Cyclades. I would avoid Constantinople: its familiar towers and inlets belonged to a life utterly different from mine now. I would follow Asia Minor and Syria, pass the Nile's seven mouths, and turn north again. Leaving forgotten Carthage and deserted Libya behind, I would reach the pillars of Hercules. And then—wherever I might go—the muddy caves and silent depths of the sea might become my home before this long voyage ended. Disease might strike my heart as I drifted alone on the restless Mediterranean. Or, somewhere I landed, I might find what I sought—a companion. If that could not be, the solitary wanderer would keep raising his sail and gripping the tiller forever, frail and grey-haired, his youth already buried with those he loved. Still following heaven's breezes, he would round one headland after another, anchor in bay after bay, and cross the barren ocean. Leaving the green land of his native Europe behind, I might sail down Africa's tawny coast, survive the Cape's fierce seas, and moor my battered little boat in a creek shaded by fragrant spice groves on distant islands of the Indian Ocean.

These are wild dreams. Yet they have ruled my imagination ever since they came to me a week ago, as I stood high on St. Peter's. I have chosen my boat and put my few supplies aboard. I have selected a handful of books, chiefly Homer and Shakespeare. But the world's libraries stand open to me, and I can replenish my collection in any port. I do not expect any change for the better; yet I cannot endure the sameness of the present.",e60ecd3e8422d230abbe2d6ab86014604f1c5817c4e703bea4a8599872a2ee9f,452,417,0.92256637,pass,,3b51e1de987048bf4305adaca342caf55fe765cd0305e4adc6323a116a85bfd8,codex_session_output,e5920e86c98411652037b7f4,codex_session
eaae25c2e10f029500461b3c,V2_dickens_oliver_twist_013,modernize,astra_session,"GPT-6 Astra via Codex, Extra High",,30c9045edfacdb0ed42780228e67753876df496f3c202bd5a0b3365bc84253a3,4e6abd803354684db43ac05ce320c965591172d8fd787e5fc8a603ce83d90987,,2026-09-27T07:58:08.567922+00:00,session_output_recorded,"“One more word, Rose. Dearest Rose, just one more!” Harry cried, throwing himself in front of her. “If I had been less—less fortunate, as the world would call it—if I had been destined for some quiet, obscure life—if I had been poor, ill, helpless—would you have turned away from me then? Or is it my likely rise to wealth and distinction that has created this objection?”

“Do not force me to answer,” Rose replied. “That situation does not exist and never will. It is unfair, almost unkind, to insist on it.”

“If your answer is what I hardly dare to hope,” Harry replied, “it will cast a little happiness along my lonely road and light the way ahead. It is no small thing to do so much, with a few short words, for someone who loves you more than anything. Oh, Rose, in the name of my passionate, lasting love, in the name of everything I have suffered for you and everything you condemn me to endure, answer this one question!”

“Then, if your circumstances had been different,” Rose answered, “if you had been above me only a little, instead of so far; if I could have helped and comforted you in some modest life of peace and seclusion, instead of being a stain and a burden among ambitious, distinguished people, I would have been spared this ordeal. I have every reason to be happy, very happy, now; but then, Harry, I admit I would have been happier.”

As Rose made this admission, memories of old hopes she had cherished long ago as a girl crowded her mind. They brought tears, as old hopes do when they return withered, and the tears gave her relief.

“I cannot help this weakness, and it only strengthens my resolve,” Rose said, holding out her hand. “I really must leave you now.”

“I ask for one promise,” Harry said. “Let me speak to you about this once more, and only once—within a year, say, though it may be much sooner—for the last time.”

“Not to urge me to change a decision I know is right,” Rose replied with a sorrowful smile. “That would be useless.”

“No,” Harry said. “To hear you repeat it, if you choose—repeat it finally! I will place whatever position or fortune I have at your feet; and if you still hold to your present decision, I will do and say nothing to change it.”

“Then let it be so,” Rose answered. “It is only one more pain, and by then I may be better able to bear it.”

She held out her hand again.",686b02e9d59d20af8a358dba84628640cac00f8697858da5d426fae42c6eae11,450,441,0.98,pass,,c93bbc76d7c6629654041af40151c5300e269a57d078aba23042688a2c75f9c9,codex_session_output,eaae25c2e10f029500461b3c,codex_session
ed55e71e3c4920630ed02c4c,V2_dickens_oliver_twist_010,modernize,astra_session,"GPT-6 Astra via Codex, Extra High",,7d0ad7902a20b926194cf57c17bbec679bada66fdb36f320f2a719368ad2837f,5eb659e706270b6bdebc67c5db548324d529562da0aac2af3921cd853396098a,,2026-09-27T07:56:40.802723+00:00,session_output_recorded,"With everything settled so agreeably and satisfactorily, the agreement was solemnly confirmed over another teacup of the peppermint mixture, made all the more necessary by the lady's nervous excitement. While they drank it, she told Mr. Bumble that the old woman had died.

“Very well,” said the gentleman, sipping his peppermint. “I'll stop at Sowerberry's on my way home and tell him to send someone tomorrow morning. Was that what frightened you, love?”

“It wasn't anything in particular, dear,” the lady said evasively.

“It must have been something, love,” Mr. Bumble insisted. “Won't you tell your own B.?”

“Not now,” the lady replied. “One of these days. After we're married, dear.”

“After we're married!” exclaimed Mr. Bumble. “It wasn't some insolence from one of those male paupers that—”

“No, no, love!” the lady quickly interrupted.

“If I thought it was,” Mr. Bumble continued, “if I thought any one of them had dared to raise his vulgar eyes to that lovely face—”

“They wouldn't have dared, love,” the lady answered.

“They'd better not!” said Mr. Bumble, clenching his fist. “Just let me see any man, from this parish or anywhere else, who would presume to do it, and I can tell him he wouldn't do it twice!”

Without the accompaniment of his violent gestures, this might not have sounded like a particularly flattering tribute to the lady's beauty. But Mr. Bumble delivered his threat with so many warlike movements that she was deeply touched by this evidence of devotion, and declared with great admiration that he truly was a dove.

The dove then turned up his coat collar and put on his cocked hat. After exchanging a long, affectionate embrace with his future wife, he ventured once more into the cold night wind. He stopped only for a few minutes in the male paupers' ward to berate them a little, reassuring himself that he could perform the duties of workhouse master with the necessary harshness. Satisfied with his qualifications, Mr. Bumble left the building lighthearted, his mind full of glowing prospects of promotion that occupied him until he reached the undertaker's shop.

Now, Mr. and Mrs. Sowerberry had gone out for tea and supper; and Noah Claypole was never inclined to make any greater physical effort than he needed to eat and drink comfortably. Consequently, the shop remained open, although the usual closing time had passed. Mr. Bumble tapped his cane against the counter several times without attracting anyone's attention. Then, seeing a light through the glass window of the little sitting room behind the shop, he ventured to look inside and discover what was happening. What he discovered surprised him considerably.",7bf0200df5e240a7df0a2fe89615eb4537ceb6aa3b165de7130901dff5c1ffee,485,441,0.90927835,pass,,fd8ca7bde365c8d0814bee028af3e2d864988d434e6d1afeb00c8013ae31a28c,codex_session_output,ed55e71e3c4920630ed02c4c,codex_session
eeeee0757b17ac062bc61a9f,V2_shelley_mathilda_016,simplify,astra_session,"GPT-6 Astra via Codex, Extra High",,c7c45748bf95e83006d3d361444bfdca901e74702a64f8d6f22794d34b2a1593,264c0efe2b55935c308aefbaa2d24504dd835bf0d282e61a86c268efb94742a3,,2026-09-27T13:28:51.605292+00:00,session_output_recorded,"My father had been the life of my life, and his memory was so still. I could feel gratitude toward someone else, but I could never again love or hope as I once had. Everything was suffering; even my pleasures were endured, not enjoyed. I was like a lonely place among mountains, enclosed on every side by steep black cliffs, where no warmth could enter and no path led out to sunnier fields. So, although friendship soothed me for a time, it could not restore me. It came like a gentle visitor; it left, and I scarcely felt its loss. The will to live was dead within me. Do not be surprised, then, that I welcomed heaven's best gift—a friend—with so little joy, or mourned its departure with so little bitterness.

My friend's name was Woodville. I will briefly tell his story, so that you may judge how cold my heart must have been to resist his eloquent words and tender sympathy. You will also see how, since he too was deeply unhappy, we might have comforted each other, had misery not turned me to stone like the head of Medusa. Woodville's troubles did not strike at the heart's deepest core as mine did. His grief was natural, capable of purifying the heart rather than destroying it. When its shadow passed, he might emerge brighter and happier than before.

Woodville was the son of a poor clergyman and had been educated in the classics. He was among those very few people whom fortune favours from birth, showering them without limit with gifts of mind and body. Under her special protection, no imperfection, however slight, and no disappointment, however brief, seemed permitted to touch him. She appeared to have made his mind from excellence that nothing base could stain, and given him an understanding that no error could lead astray. His genius was extraordinary; when it rose like a bright star in the east, everyone turned toward it in admiration. He was a poet. That name has been cheapened so often that it cannot convey everything he was. He resembled an ancient poet whom the Muses had crowned in his cradle and whose lips had nourished bees. As he walked among other men, a heavenly glow seemed to surround him, setting him apart and raising him above them. His exceptional beauty, the dazzling fire in his eyes, and the rich sound of his words, which left listeners silent with delighted wonder, made him tower above everyone else. In his presence, they seemed to have been created only to serve his greater excellence.",fe0f3d14daae4e6cad117302c04beceea293f7d268903cd62027866e3bbcc308,481,433,0.9002079,pass,,1c7bc42c414390b78a67fd61c36afaeea584880d8f6d9fd04f0f087e818627a4,codex_session_output,eeeee0757b17ac062bc61a9f,codex_session
ef157ef48358d213d75ba5fd,V2_dickens_great_expectations_001,paraphrase,astra_session,"GPT-6 Astra via Codex, Extra High",,c7a78f87c417ada1e0e470f0bb377e703b522bd95d6872a11dd60b743d371e03,860179f4bc3d7127493f1f04fbc0af4f2686a69e66298595e1df9cd61dda092e,,2026-09-27T13:34:14.626573+00:00,session_output_recorded,"As my father's surname was Pirrip and my Christian name Philip, my baby tongue could turn the two into nothing longer or clearer than Pip. Thus I named myself Pip, and Pip I came to be called.

For my father's family name, Pirrip, I rely upon his gravestone and my sister, Mrs. Joe Gargery, who married the blacksmith. Having never seen either parent, nor any portrait of them—their time was well before photographs—I drew my earliest, unreasonable notions of their appearance from their tombstones. The form of the lettering on my father's suggested to me, oddly enough, a square, stout, dark man with black curls. The style and flourish of the words ‘Also Georgiana Wife of the Above’ led me to conclude, in my childish way, that my mother had freckles and poor health. Five little lozenge-shaped stones, each some eighteen inches long, stood neatly in a row beside their grave, commemorating five small brothers who had abandoned the attempt to earn a living exceedingly early in that universal contest. To these stones I owed my firmly held belief that all five had arrived in the world lying on their backs, hands in their trouser pockets, and had never withdrawn them during their earthly existence.

We lived in the marsh country beside the river, within twenty miles of the sea if one followed its windings. My earliest vivid, comprehensive sense of what things were seems to have come on one memorable, bitter afternoon as evening approached. Then I understood with certainty that this desolate, nettle-covered place was the churchyard; that Philip Pirrip, formerly of this parish, and also Georgiana, wife of the above, lay dead and buried; that Alexander, Bartholomew, Abraham, Tobias, and Roger, infant sons of those aforesaid, lay dead and buried too; that the flat, dark waste beyond the churchyard, crossed by dikes, banks, and gates and dotted with grazing cattle, was the marshes; that the low, lead-coloured streak beyond it was the river; that the distant wild den sending forth the wind was the sea; and that the little shivering bundle, frightened by everything and beginning to weep, was Pip.

‘Stop that noise!’ shouted a dreadful voice, as a man sprang up among the graves beside the church porch. ‘Be quiet, you little devil, or I'll slit your throat!’

A terrifying man, dressed entirely in rough grey cloth, with a heavy iron fastened to his leg.",6ec0cb09523c9562be6175602afde0de42d3eeabd78e26609abf9831d4bd84d3,454,401,0.88325991,pass,,3d776fdc9943559ba9751b42190e4c3b2155d77561ad27228d291e41c21e1de7,codex_session_output,ef157ef48358d213d75ba5fd,codex_session
f056ec4d89da8e12b4f07b78,V2_wilde_canterville_ghost_004,paraphrase,astra_session,"GPT-6 Astra via Codex, Extra High",,3bc78e4e92b160921194691c42d38ddac8db100b01cad66ada8be1fe70955ede,927aecd2b6ca2c99d27fbebaaee0465b1937d726318cd812150b74fb066c5c0a,,2026-09-27T08:03:32.936670+00:00,session_output_recorded,"The storm continued furiously throughout the night, yet nothing especially remarkable happened. When the family came downstairs to breakfast the next morning, however, the dreadful bloodstain lay on the floor once more. “I cannot think the Paragon Detergent is to blame,” Washington said, “because I have tested it on everything. It must be the ghost.” He therefore removed the stain again, but on the second morning it returned. It was present on the third morning too, although Mr. Otis had personally locked the library overnight and taken the key upstairs. By now the entire family was thoroughly interested. Mr. Otis suspected he had denied the existence of ghosts too positively; Mrs. Otis announced her intention to enter the Psychical Society; and Washington composed a lengthy letter to Messrs. Myers and Podmore concerning the Permanence of Sanguineous Stains in Connection with Crime. That night every doubt about the objective existence of phantoms was dispelled forever.

The day had been sunny and warm, and the family all went driving in the evening’s coolness. They arrived home only at nine, and ate a light supper. Their talk never turned toward ghosts, so even the preliminary state of expectant receptivity that so often precedes psychic manifestations was absent. As I afterward learned from Mr. Otis, they discussed only the usual topics of cultivated Americans of the better class: Miss Fanny Davenport’s immense superiority to Sarah Bernhardt as an actress; the difficulty of finding green corn, buckwheat cakes, or hominy even in the finest English households; Boston’s importance to the development of the world-soul; the merits of the baggage-check system for railway journeys; and the sweetness of a New York accent beside the London drawl. The supernatural went entirely unmentioned, and there was no reference whatever to Sir Simon de Canterville. At eleven the family went to bed, and by half past eleven every light was extinguished. Some time later, a peculiar sound in the passage outside his bedroom woke Mr. Otis. It resembled the clanking of metal and appeared to draw closer by the moment. He rose immediately, struck a match, and checked the time: precisely one o’clock. Perfectly composed, he felt his pulse and found no trace of fever. The curious noise persisted, now accompanied by clearly audible footsteps. Slipping on his slippers, he removed a small oblong bottle from his dressing case and opened the door.",a322dda38fd185e4c6ea788701a38aaa73dc7368ca89fda22d36e85a6d0571a1,462,394,0.85281385,pass,,419629db6f5b351686ef7c81111bed7a42c309104d2de4fc848906c3b5d5c7d2,codex_session_output,f056ec4d89da8e12b4f07b78,codex_session
f42e0f48f7827e08ab86fcc8,V2_poe_murders_rue_morgue_011,simplify,astra_session,"GPT-6 Astra via Codex, Extra High",,515fae9f1fe82b1fc70f51571182aaefe67262cc9768cd5f83109ae825db7d0c,c5201ad89c2edd5f7a9abcea5564a98f6bf50b1a6486dc00aa026c072092183b,,2026-09-27T13:29:52.651398+00:00,session_output_recorded,"Our examination kept us there until dark, when we left. On the way home, my companion stopped briefly at the office of a daily newspaper.

I have said that my friend had many whims, and that je les ménageais—a phrase with no exact English equivalent. His present whim was to refuse any discussion of the murder until about noon the following day. Then he suddenly asked whether I had noticed anything peculiar at the scene of the crime.

Something in the way he stressed the word ‘peculiar’ made me shudder, though I could not say why.

‘No, nothing peculiar,’ I answered; ‘nothing, at least, beyond what we both read in the newspaper.’

‘The Gazette,’ he replied, ‘has failed, I fear, to grasp the unusual horror of the affair. But put aside that paper's pointless opinions. It seems to me that people think this mystery impossible to solve for the very reason they should think it easy: its bizarre details. The police are baffled by the apparent lack of motive—not for the murder itself, but for its extraordinary brutality. They cannot explain the voices heard arguing, either, when the only person found upstairs was the murdered Mademoiselle L'Espanaye, and nobody could have escaped without being seen by the people coming up. The room's terrible disorder; the corpse pushed headfirst up the chimney; the dreadful mutilation of the old woman's body—these facts, along with those already mentioned and others I need not describe, have left the official investigators helpless, defeating the sharp judgment they boast of. They have made the serious but common mistake of confusing what is unusual with what is difficult to understand. Yet these departures from the ordinary are precisely what enable reason, if anything can, to find its way toward the truth. In an investigation like ours, the question should be less “What happened?” than “What happened that has never happened before?” In fact, the more impossible the police find this mystery, the easier I shall find—or have already found—its solution.’

I stared at him in silent amazement.

‘I am now waiting,’ he continued, looking toward our apartment door, ‘I am now waiting for someone who, though perhaps not responsible for carrying out these butcheries, must have been involved in them to some degree.’",f30eccd43887cde07edd7bb66eafe47ec3ec7abe43df73543d8742dec491267a,460,381,0.82826087,warning,length_deviation_over_15pct,eb51e0abfb15a87589770dfd3fc25667423f5725d708e385529d2c96770b0754,codex_session_output,f42e0f48f7827e08ab86fcc8,codex_session
f4c180b42cbe5a7dec25e797,V2_poe_the_gold_bug_015,simplify,astra_session,"GPT-6 Astra via Codex, Extra High",,27840f656fbe40cde0d845fd65d89fea338193e81f8b2ad02f6c65381a53ee2f,6e92541c96e3ec82fe15f01d3a8f06467a29da853d05f72227b907ca842cc680,,2026-09-27T08:06:07.305053+00:00,session_output_recorded,"“Just then, both he and I noticed the scrap of parchment, which I took for paper at the time. It lay half buried in the sand, with one corner showing. Nearby I saw the remains of what seemed to be the hull of a ship’s longboat. The wreck must have been there for a very long time, because its pieces were barely recognizable as boat timbers.

“Jupiter picked up the parchment, wrapped the beetle in it, and handed it to me. Soon afterward we headed home and met Lieutenant G—— along the way. I showed him the insect, and he begged to borrow it and take it to the fort. When I agreed, he immediately pushed it into his waistcoat pocket without its wrapping. I had kept hold of the parchment while he examined the beetle. Perhaps he was afraid I would change my mind and wanted to secure his prize at once. You know how excited he gets about anything to do with natural history. At the same time, I must have slipped the parchment into my own pocket without noticing.

“You remember that when I went to the table to draw the beetle, there was no paper in its usual place. I checked the drawer and found none there either. Then I searched my pockets, hoping to find an old letter, and my hand came upon the parchment. I am explaining exactly how I acquired it because those circumstances struck me with unusual force.

“You will probably think I am letting my imagination run away with me. But I had already made a connection, joining two links in what might be a much longer chain. A boat lay on the seashore, and close to it was a piece of parchment—not paper—with a skull drawn on it. Naturally, you will ask what connects these things. My answer is that a skull is the well-known symbol of pirates. They raise a flag bearing a skull whenever they fight.

“I have stressed that the scrap was parchment rather than paper. Parchment lasts a long time; it is almost impossible to destroy through age. People seldom use it for unimportant things, since ordinary paper is much better suited to everyday writing and drawing. Thinking about this suggested that the skull had some meaning, some purpose. I also noticed the parchment’s shape. Although an accident had destroyed one corner, it was still clear that the piece had originally been a rectangle longer than it was wide.”",695437b126c27f71b53d48ec2b54e1d651040f64229250b6eb0c27c15dcceca8,461,415,0.90021692,pass,,bed51e4bfe49f8b8830d5697fb8fa64689abc7d2e1fd10515fbe33523311b5b0,codex_session_output,f4c180b42cbe5a7dec25e797,codex_session
f67cd93c7598f942b9fd9563,V2_wilde_dorian_gray_012,modernize,astra_session,"GPT-6 Astra via Codex, Extra High",,c38acc09c939e3e3a36a5d5bbdfef17335910df5393987b738434bf377042ae9,590a4e09bac1270dadc400345814eb59c08b30ff7e8a26a779f720fde32f50a7,,2026-09-27T13:30:57.820635+00:00,session_output_recorded,"For years, Dorian Gray remained under the influence of this book. Perhaps it would be more accurate to say that he never tried to escape it. He ordered no fewer than nine large-paper copies of the first edition from Paris and had each bound in a different colour, to match his shifting moods and the changing whims of a temperament that sometimes seemed almost entirely beyond his control. The hero, that remarkable young Parisian whose nature so strangely combined romanticism with a scientific disposition, became for him a kind of advance portrait of himself. Indeed, the entire book seemed to tell the story of his own life before he had lived it.

In one respect he was more fortunate than the novel's extraordinary hero. He never experienced—never, indeed, had any reason to experience—that rather grotesque fear of mirrors, polished metal, and still water which overtook the young Parisian so early in life, brought on by the sudden decline of what had apparently once been remarkable beauty. With an almost cruel delight—and perhaps cruelty has a place in nearly every joy, as it certainly does in every pleasure—he would read the book's later sections. They gave a truly tragic, if somewhat overstated, account of the grief and despair of someone who had himself lost the thing he valued most in other people and in the world.

For the extraordinary beauty that had so captivated Basil Hallward, and many others besides, seemed never to desert him. Even people who had heard the worst stories about him—and from time to time strange rumours of his way of life spread through London and became the talk of the clubs—could believe nothing disgraceful of him once they saw him. He always looked like someone who had kept himself untouched by the world's corruption. Men exchanging coarse remarks fell silent when Dorian Gray entered the room. The purity of his face seemed to rebuke them. His presence alone appeared to bring back memories of the innocence they had spoiled. They wondered how someone so charming and graceful could have escaped the stains of an age that was both sordid and sensual.

Often, after returning home from one of the mysterious, lengthy absences that inspired such strange speculation among his friends, or those who believed themselves his friends, he would steal upstairs to the locked room. He would unlock the door with the key he now always carried, then stand holding a mirror before the portrait Basil Hallward had painted. His eyes would move from the wicked, ageing face on the canvas to the beautiful young face laughing back at him from the polished glass.",ecb2a7a0e46c74a8b4cf1c8b00621fa9f1c1c5357be594f6a76ebb464cce0fec,497,444,0.89336016,pass,,dcadd2c56b7389c131a04488871ef63ad520d986d980083d8514dfd88596d88f,codex_session_output,f67cd93c7598f942b9fd9563,codex_session
