request_id,replication_model_id,provider,provider_label,provider_model_name,provider_model_version,run_id,passage_id,condition,rewritten_text,temperature,top_p,source_text_sha256,rewritten_text_sha256,original_word_count,rewritten_word_count,length_ratio,qc_status,qc_flags,parse_status,created_utc
groq_llama_3_3_70b_free|run_1|AUSTEN_EMMA_001|paraphrase,groq_llama_3_3_70b_free,groq,Groq Llama 3.3 70B free-tier run,llama-3.3-70b-versatile,llama-3.3-70b-versatile,run_1,AUSTEN_EMMA_001,paraphrase,"As she gazed into those gentle blue eyes, engaged in conversation, and devised various plans, the evening slipped away at an extraordinary pace. Before she knew it, the supper table, which traditionally marked the end of such gatherings, was set and ready, having been moved to the fireside. With an enthusiasm that surpassed her usual eagerness to please, and a genuine desire to make a good impression, she took charge of the meal, offering and recommending the minced chicken and scalloped oysters with a persuasive urgency that she knew would be well-received by their guests, considering the early hour and their polite reservations. On such occasions, Mr. Woodhouse's feelings were torn. He had a fondness for the traditional supper, reminiscent of his youth, but his conviction that such meals were unwholesome made him regret seeing the table laden with food. While his hospitality inclined him to offer his visitors every courtesy, his concern for their health made him wish they would abstain from eating. The only dish he could wholeheartedly recommend was a small basin of thin gruel, similar to his own. However, as the ladies enjoyed the finer dishes, he might suggest, 'Mrs. Bates, might I propose you try one of these eggs? A softly boiled egg is not harmful. Serle is particularly skilled at boiling eggs, and I would not recommend anyone else's. But please, do not be alarmed, they are quite small. Miss Bates, allow Emma to serve you a small portion of tart - a very small portion, I assure you. Our tarts are all made with apples, and you need not worry about unwholesome preserves. I must advise against the custard, though. Mrs. Goddard, would you care for half a glass of wine, diluted with water, of course?' Emma humored her father, but attended to her guests in a far more satisfactory manner, taking great pleasure in seeing them depart happy. Miss Smith's happiness was equal to Emma's intentions. As a prominent figure in Highbury, Miss Woodhouse's introduction had initially caused Miss Smith both excitement and trepidation, but the kind and gracious manner in which she was treated throughout the evening left her feeling deeply grateful, and she was even honored with a handshake upon her departure. Harriet Smith soon became a regular visitor to Hartfield. Emma, being decisive and prompt in her actions, lost no time in inviting, encouraging, and welcoming her to visit often. As their acquaintance grew, so did their mutual satisfaction. Emma had initially recognized the potential benefits of having Harriet as a walking companion, a role that had become more important since Mrs. Weston's departure. Emma's father rarely ventured beyond the shrubbery, where the changing seasons dictated the length of his walks, and since Mrs. Weston's loss, Emma had been seeking a suitable replacement.",0.2,1.0,e4c95d2824dba9a41b5db0df191b429c579f3553c4a2c8336931b03c0ebc16a6,6b31748f365dbf9acb3f2832ea73759c7707c5209a3f7a53a7935727de8554ea,569,463,0.813708,warning,prompt_or_source_leakage_warning;length_soft_warning,json_ok,2026-06-01T19:15:11Z
groq_llama_3_3_70b_free|run_1|AUSTEN_EMMA_001|modernize,groq_llama_3_3_70b_free,groq,Groq Llama 3.3 70B free-tier run,llama-3.3-70b-versatile,llama-3.3-70b-versatile,run_1,AUSTEN_EMMA_001,modernize,"She was so caught up in admiring those soft blue eyes, chatting and listening, and coming up with all these plans in between, that the evening flew by at an incredible rate. Before she knew it, the supper table, which always marked the end of these gatherings, was all set and ready, and had been moved to the fireplace. With an enthusiasm that went beyond her usual eagerness to do everything well and with attention to detail, and with the genuine warmth of someone who was thrilled with her own ideas, she took charge of the meal, offering and recommending the minced chicken and scalloped oysters with a persistence that she knew would be appreciated by their guests, given the early hour and their polite reservations.

On occasions like this, poor Mr. Woodhouse's feelings were torn. He loved the tradition of laying out a spread, as it had been the custom in his youth, but his conviction that suppers were unhealthy made him regret seeing any food being served. While his hospitality would have welcomed their visitors to everything, his concern for their well-being made him worry that they would overeat.

All he could wholeheartedly recommend was a small bowl of thin gruel, similar to his own. However, as the ladies were comfortably enjoying the nicer dishes, he might suggest, 'Mrs. Bates, why don't you try one of these eggs? A soft-boiled egg isn't unhealthy. Serle is an expert at boiling eggs, and I wouldn't recommend anyone else's. But don't worry, they're very small, as you can see - one of our small eggs won't hurt you. Miss Bates, let Emma give you a little bit of tart - just a very little bit. We only have apple tarts, and you don't have to worry about unhealthy preserves here. I wouldn't advise the custard, though. Mrs. Goddard, would you like half a glass of wine? Just a small half-glass, mixed with water? I don't think it could disagree with you.'

Emma let her father talk, but she made sure their visitors were well taken care of in a much more satisfying way. That evening, she took particular pleasure in seeing them off happy. Miss Smith was just as happy as Emma had intended. As a prominent figure in Highbury, Miss Woodhouse's introduction had caused Miss Smith both excitement and nerves, but the kind and grateful young girl left with highly gratified feelings, delighted with the friendly way Miss Woodhouse had treated her all evening, and even shaken hands with her before leaving.

Harriet Smith soon became a regular at Hartfield. Emma, being quick and decisive, wasted no time in inviting her, encouraging her to visit often, and as they spent more time together, their mutual satisfaction grew. Emma had initially seen Harriet as a potential walking companion, which was something she had been missing since Mrs. Weston's departure. Her father rarely ventured beyond the shrubbery, where two paths were enough for his daily walks, regardless of the season. Since Mrs. Weston's loss, Emma had been looking for someone to share these walks with, and Harriet seemed like the perfect companion.",0.2,1.0,e4c95d2824dba9a41b5db0df191b429c579f3553c4a2c8336931b03c0ebc16a6,059ecf513448a9d1b76aef7293bde415c92f2a1ab17b249113b75b7e20ac2474,569,518,0.910369,warning,json_repaired_loose_rewritten_text,json_repaired_loose_rewritten_text,2026-06-01T19:15:22Z
groq_llama_3_3_70b_free|run_1|AUSTEN_EMMA_001|simplify,groq_llama_3_3_70b_free,groq,Groq Llama 3.3 70B free-tier run,llama-3.3-70b-versatile,llama-3.3-70b-versatile,run_1,AUSTEN_EMMA_001,simplify,"Emma was so caught up in talking and listening to her guests that the evening flew by quickly. Before she knew it, the supper table was set and ready to be moved to the fire. She made sure to do everything well and attentively, helping her guests with the food and recommending the minced chicken and scalloped oysters. She knew her guests would appreciate her efforts, especially given the early hour and their polite manners. Mr. Woodhouse, Emma's father, was torn about the supper. He liked the tradition of having a supper, but he was worried that the food might not be good for his guests' health. He would have been happy to have them eat anything, but at the same time, he was concerned about the potential harm. All he could bring himself to recommend was a small bowl of thin gruel, which he thought was a safe choice. As the ladies were eating, he suggested that Mrs. Bates try one of the eggs, which he thought was a harmless option. He also offered Miss Bates a small piece of tart and asked Mrs. Goddard if she would like a little bit of wine mixed with water. Emma let her father talk, but she made sure to take care of her guests in a more practical way. She was happy to see them leave with full plates and big smiles. Miss Smith, in particular, was thrilled with how the evening had gone. She had been a bit nervous about meeting Emma, but Emma had been very kind and friendly. As the days went by, Harriet Smith became a regular visitor to Hartfield, Emma's home. Emma had quickly taken a liking to her and encouraged her to come over often. As they spent more time together, they grew closer and closer. Emma had been looking for a walking companion, and Harriet fit the bill perfectly. Since her father didn't like to walk far, Emma had been missing having someone to explore with. With Harriet by her side, she could finally do that again.",0.2,1.0,e4c95d2824dba9a41b5db0df191b429c579f3553c4a2c8336931b03c0ebc16a6,975528eca5b22132ebfd6e7ac4a2e68075c80e49b62e45749f213852e6d28d73,569,343,0.602812,warning,length_hard_warning,json_ok,2026-06-01T19:19:52Z
groq_llama_3_3_70b_free|run_1|AUSTEN_EMMA_002|paraphrase,groq_llama_3_3_70b_free,groq,Groq Llama 3.3 70B free-tier run,llama-3.3-70b-versatile,llama-3.3-70b-versatile,run_1,AUSTEN_EMMA_002,paraphrase,"The list Emma created when she was fourteen, I recall, impressed me with her judgment, and I kept it for some time. I'm sure she could make a good list now, but I've given up expecting her to engage in steady reading. She'll never commit to anything that requires effort and patience, or subordinating her imagination to her understanding. Miss Taylor was unable to motivate her, and I doubt Harriet Smith will have any more success. You could never persuade Emma to read as much as you wanted her to. You know that's true.""

""I dare say,"" Mrs. Weston replied with a smile, ""that I thought that way at the time, but since we've been apart, I don't recall Emma ever failing to do something I asked of her.""

""There's little point in refreshing such a memory,"" Mr. Knightley said, feeling a pang, and he fell silent for a moment. ""But I, who haven't been blinded by personal feelings, must still observe, listen, and remember. Emma has been spoiled by being the most intelligent member of her family. At ten, she could answer questions that puzzled her seventeen-year-old sister. She's always been quick and confident, while Isabella was slow and uncertain. Since she was twelve, Emma has been in charge of the house and everyone in it. With her mother's passing, she lost the only person who could match her. She inherited her mother's talents and was under her guidance.""

""I would have been sorry, Mr. Knightley, to have relied on your recommendation if I had left the Woodhouse family and needed a new position. I don't think you would have spoken well of me to anyone. I'm sure you always thought me unsuitable for the role I held.""

""Yes,"" he said with a smile, ""you're better suited to being a wife than a governess. But while you were at Hartfield, you were preparing yourself to be an excellent wife. You may not have given Emma the comprehensive education you were capable of, but you were learning from her about the importance of submitting to others and doing as you were told. If Weston had asked me to recommend a wife, I would have suggested Miss Taylor.""

""Thank you,"" she said. ""It won't be difficult to make a good wife to someone like Mr. Weston.""

""Why, to be honest, I'm afraid you're being underutilized, and with every inclination to be patient, there may be nothing to tolerate. We won't give up hope, though. Weston may become irritable due to the comforts of life, or his son may cause him trouble.""

""I hope not that,"" she said. ""It's unlikely. No, Mr. Knightley, don't predict problems from that quarter.""

""Not I, indeed. I'm just mentioning possibilities. I don't claim to have Emma's talent for predicting and guessing. I hope, with all my heart, that the young man will have the merits of a Weston and the fortune of a Churchill. But Harriet Smith – I've only just begun to discuss Harriet Smith. I think she's the worst possible companion for Emma.",0.2,1.0,0a68282ae8074b9732a14796b9f3619b68daba8d95c9b7e0a7dd7417bd5bc10f,a455366c1ffac9e34b3f9538ea4a89e2c624194c3487c2d3de746f9cf6c3e095,562,509,0.905694,warning,json_repaired_loose_rewritten_text,json_repaired_loose_rewritten_text,2026-06-01T19:20:53Z
groq_llama_3_3_70b_free|run_1|AUSTEN_EMMA_002|modernize,groq_llama_3_3_70b_free,groq,Groq Llama 3.3 70B free-tier run,llama-3.3-70b-versatile,llama-3.3-70b-versatile,run_1,AUSTEN_EMMA_002,modernize,"The list she made when she was only fourteen - I remember thinking it showed her judgment in such a good light that I kept it for a while. I'm sure she could make a great list now, but I've given up expecting her to stick to any kind of steady reading routine. Emma will never commit to anything that requires effort and patience, or that makes her use her common sense over her imagination. Where Miss Taylor couldn't motivate her, I'm sure Harriet Smith won't be able to either. You could never get her to read as much as you wanted her to, no matter how hard you tried.""

""I'm sure,"" Mrs. Weston replied with a smile, ""that I thought that back then, but since we've been apart, I don't remember Emma ever not doing something I asked her to do.""

""It's not worth bringing up a memory like that,"" Mr. Knightley said, feeling a bit emotional, and for a moment, he didn't say anything else. ""But I, who haven't been blinded by personal feelings, still have to see, hear, and remember the truth. Emma has been spoiled because she's always been the smartest person in her family. At ten years old, she could already answer questions that her sister couldn't at seventeen. She's always been quick-witted and confident, while her sister Isabella has been slow and uncertain. Since she was twelve, Emma has been in charge of the house and everyone in it. When her mother passed away, she lost the only person who could have kept her in check. Emma inherited her mother's talents, and she would have benefited from being under her guidance.""

""I would have been sorry, Mr. Knightley, if I had to rely on your recommendation if I had left the Woodhouse family and needed a new job. I don't think you would have said anything good about me to anyone. I'm sure you always thought I wasn't suited for the role I had.""

""Yes,"" he said with a smile. ""You're better off where you are now. You're a great wife, but you wouldn't have made a good governess. However, while you were at Hartfield, you were learning how to be a good wife. You might not have been able to give Emma the best education possible, but you were learning from her how to submit to someone else's will and do as you're told. If Weston had asked me to recommend a wife for him, I would have definitely suggested Miss Taylor.""

""Thank you,"" she said. ""It won't be hard to be a good wife to someone like Mr. Weston.""

""Why, to be honest, I think you might be wasting your potential with him. With your disposition to be patient, there might not be anything that tests your patience. We won't give up hope, though. Maybe Weston will become grumpy because he's too comfortable, or his son might cause him trouble.""

""I hope that's not the case,"" she said. ""It's unlikely. No, Mr. Knightley, don't predict problems from that direction.""

""I'm not doing that,"" he said. ""I'm just mentioning possibilities. I don't claim to have Emma's talent for predicting the future. I hope with all my heart that the young man will have Mr. Weston's good qualities and the Churchills' wealth. But Harriet Smith - I haven't even started talking about her. I think she's the worst possible companion for Emma.",0.2,1.0,0a68282ae8074b9732a14796b9f3619b68daba8d95c9b7e0a7dd7417bd5bc10f,20187bd8e6369b8f578febfb716d7697f5b68669eb2890847fb8ec237e07ace0,562,566,1.007117,warning,json_repaired_loose_rewritten_text,json_repaired_loose_rewritten_text,2026-06-01T19:21:05Z
groq_llama_3_3_70b_free|run_1|AUSTEN_EMMA_002|simplify,groq_llama_3_3_70b_free,groq,Groq Llama 3.3 70B free-tier run,llama-3.3-70b-versatile,llama-3.3-70b-versatile,run_1,AUSTEN_EMMA_002,simplify,"When Emma was fourteen, she made a list of books to read. I thought it showed good judgment, so I kept it for a while. Now, I don't expect her to stick to any plan that requires effort and patience. Miss Taylor couldn't get her to read much, and I'm sure Harriet Smith won't be able to either. You know Emma never liked to read as much as you wanted her to. Mrs. Weston said, 'I dare say I thought so back then, but since we've been apart, I don't remember Emma ever not doing something I asked.' Mr. Knightley replied, 'There's no need to remind me of that. But I, who haven't been charmed by her, still see and remember things. Emma has been spoiled because she's the smartest in her family. At ten, she could answer questions that puzzled her sister at seventeen. She's always been confident, while her sister Isabella is slow and unsure. Since she was twelve, Emma has been in charge of the house and everyone in it. When her mother died, she lost the only person who could have controlled her. Emma inherited her mother's talents and was under her guidance. Mrs. Weston said, 'I'm glad I didn't have to rely on your recommendation if I had left Mr. Woodhouse's family and needed a new job. I don't think you would have said anything good about me to anyone.' Mr. Knightley smiled and said, 'You're better off here. You're a good wife, but you wouldn't have been a good governess. While you were at Hartfield, you were learning how to be a good wife by following Emma's lead and doing what you were told. If Weston had asked me to recommend a wife, I would have suggested you.' Mrs. Weston replied, 'It's not hard to be a good wife to someone like Mr. Weston.' Mr. Knightley said, 'To be honest, I think you might be wasted on him. He's a comfortable man, and you might not have any challenges to face. But we'll see. Maybe Weston will become grumpy because he's too comfortable, or his son will cause trouble.' Mrs. Weston said, 'I hope not. It's unlikely that his son would cause problems.' Mr. Knightley said, 'I'm just mentioning possibilities. I don't claim to be able to predict the future like Emma does. I hope the young man will be like his father in character and like his mother's family in wealth. But Harriet Smith - I haven't even started talking about her. I think she's the worst possible companion for Emma.",0.2,1.0,0a68282ae8074b9732a14796b9f3619b68daba8d95c9b7e0a7dd7417bd5bc10f,b95ff94c93d948becd337beab7cf117eb1a33ae7f5968b68761d5b624379209c,562,427,0.759786,warning,length_hard_warning,json_ok,2026-06-01T19:21:17Z
groq_llama_3_3_70b_free|run_1|AUSTEN_EMMA_003|paraphrase,groq_llama_3_3_70b_free,groq,Groq Llama 3.3 70B free-tier run,llama-3.3-70b-versatile,llama-3.3-70b-versatile,run_1,AUSTEN_EMMA_003,paraphrase,"You don't need to be told to express sorrow for his disappointment, I suppose. 

\""You think I should refuse him, then,\"" said Harriet, looking down. 

\""Refuse him? My dear Harriet, what are you implying? Are you uncertain about how to respond? I thought I understood your intentions, but perhaps I was mistaken. I had assumed you were seeking my advice only on how to phrase your answer.\""

Harriet remained silent. With a hint of reserve, Emma continued, \""I gather you intend to give him a favourable response.\""

\""No, I don't mean that... What should I do? Please, dear Miss Woodhouse, tell me what you think I ought to do,\"" Harriet asked. 

\""I won't offer you any advice, Harriet. This is something you must decide based on your own feelings,\"" Emma replied. 

\""I had no idea he felt so strongly about me,\"" Harriet said, pondering the letter. Emma maintained her silence for a moment, but fearing the letter's flattery might be too persuasive, she decided to speak up. 

\""As a general rule, Harriet, if a woman is uncertain about accepting a man, she should refuse him. If she hesitates, she should say no immediately. It's not a decision to be taken lightly with mixed feelings or a half-hearted attitude. I felt it was my duty as a friend, and someone older than you, to share my thoughts. However, don't think I'm trying to influence your decision.\""

\""Oh, no, I'm sure you're too kind to... but if you could just guide me on what to do... No, I don't mean that. As you said, one's mind should be made up. One shouldn't be indecisive. It's a serious matter, after all. Perhaps it would be wiser to say no. Do you think I should say no?\"" 

\""Not for anything in the world would I advise you either way,\"" Emma said with a gracious smile. \""You must be the best judge of your own happiness. If you prefer Mr. Martin above all others, if you think him the most agreeable man you've met, why should you hesitate? You're blushing, Harriet. Is someone else on your mind at this moment? Harriet, don't deceive yourself; don't let gratitude and compassion cloud your judgment. Who are you thinking of right now?\""

The signs were encouraging. Instead of responding, Harriet turned away, confused, and stood by the fire, lost in thought. Although she still held the letter, she now twisted it idly in her hand. Emma waited anxiously for Harriet's decision, but with strong hopes. At last, with some hesitation, Harriet said, 

\""Miss Woodhouse, since you won't give me your opinion, I must do the best I can on my own. I've now made up my mind, almost... to refuse Mr.",0.2,1.0,7b09549d883d3f1ad8a5c3a41367996c90b6d8b6e34a9ca16c0969e8fee33e03,d591bf87f60dd988b7b859699276104c4b17b41669e96de49aa6b01ef1fed2f5,555,453,0.816216,warning,json_repaired_loose_rewritten_text;length_soft_warning,json_repaired_loose_rewritten_text,2026-06-01T19:21:28Z
groq_llama_3_3_70b_free|run_1|AUSTEN_EMMA_003|modernize,groq_llama_3_3_70b_free,groq,Groq Llama 3.3 70B free-tier run,llama-3.3-70b-versatile,llama-3.3-70b-versatile,run_1,AUSTEN_EMMA_003,modernize,"You don't need to be told to express regret for his disappointment, do you?” 
“You think I should turn him down, then,” said Harriet, looking down. 
“Turn him down? My dear Harriet, what are you getting at? Are you really unsure about this? I thought I understood, but maybe I've been mistaken. If you're having doubts about how to respond, I must have misread you. I assumed you just wanted my input on how to word your answer.” 
Harriet didn't respond. With a slightly reserved tone, Emma continued, 
“You're planning to say yes, I take it.” 
“No, I'm not... or at least, I don't know... What should I do? What would you recommend, Miss Woodhouse? Please, tell me what you think I should do.” 
“I'm not going to give you any advice, Harriet. This is something you need to figure out for yourself, based on your own feelings.” 
“I had no idea he felt so strongly about me,” said Harriet, studying the letter. For a bit, Emma kept quiet, but she began to worry that the flattering words in the letter might be too persuasive, so she decided to speak up. 
“As a general rule, Harriet, if a woman is uncertain about whether to accept a man, she should probably say no. If she's hesitant, it's better to be clear and direct. You shouldn't enter into something like this with mixed feelings or reservations. I felt it was my duty as a friend, and someone older than you, to share my thoughts. But don't think I'm trying to influence your decision.” 
“Oh, no, I'm sure you're too kind to... but if you could just guide me on what to do... No, I don't mean that... As you said, my mind should be made up... I shouldn't be wavering... This is a serious decision... Maybe it's safer to say no... Do you think I should say no?” 
“Not for anything,” said Emma with a gracious smile, “would I tell you what to do. You're the only one who can truly judge what will make you happy. If you think Mr. Martin is the most charming person you've ever met, and you prefer him to everyone else, why are you hesitating? You're blushing, Harriet... Is someone else on your mind right now? Harriet, don't fool yourself; don't let gratitude and pity cloud your judgment. Who are you thinking of at this moment?” 
The signs were encouraging. Instead of answering, Harriet turned away, looking flustered, and stood by the fire, lost in thought. Although she still held the letter, she was now fidgeting with it absent-mindedly. Emma waited for her response, impatient but hopeful. At last, with some hesitation, Harriet said, 
“Miss Woodhouse, since you won't give me your opinion, I'll have to make the best decision I can on my own. And I've now pretty much made up my mind... to turn down Mr.",0.2,1.0,7b09549d883d3f1ad8a5c3a41367996c90b6d8b6e34a9ca16c0969e8fee33e03,b9ff6c5444f381956fc618c1c070fd75e35c7b4f385d279c74b5ca86c1bac634,555,482,0.868468,warning,json_repaired_loose_rewritten_text,json_repaired_loose_rewritten_text,2026-06-01T19:21:39Z
groq_llama_3_3_70b_free|run_1|AUSTEN_EMMA_003|simplify,groq_llama_3_3_70b_free,groq,Groq Llama 3.3 70B free-tier run,llama-3.3-70b-versatile,llama-3.3-70b-versatile,run_1,AUSTEN_EMMA_003,simplify,"You don't need to be told to look sad about his disappointment, Harriet,” Emma said.

Harriet looked down and said, “You think I should refuse him, then.”

Emma was surprised. “Refuse him? Harriet, what do you mean? Are you unsure about what to do? I thought you were just asking me how to word your answer, not whether to accept or reject him.”

Harriet didn't say anything. Emma continued, speaking a bit more formally, “You're thinking of saying yes, I assume.”

Harriet replied, “No, I'm not sure. What should I do? Please, Miss Woodhouse, tell me what you think I should do.”

Emma said, “I won't give you any advice, Harriet. This is something you need to decide for yourself, based on how you feel.”

Harriet looked at the letter Mr. Martin had written her and said, “I had no idea he liked me so much.” Emma stayed quiet for a moment, but then she spoke up because she was worried that Harriet might be too flattered by the letter.

Emma said, “Generally, Harriet, if a woman is unsure whether to accept a man, she should probably say no. If she's not sure, it's not a good idea to get married. I'm telling you this as a friend, and someone older than you. But don't think I'm trying to influence you.”

Harriet said, “Oh, no, you're too kind, but if you could just tell me what you think... No, I don't mean that. As you said, I should be sure about what I want. It's a big decision. Maybe it's safer to say no.”

Emma smiled and said, “I wouldn't advise you either way, even if you asked me. You need to decide what makes you happy. If you think Mr. Martin is the most enjoyable person you've met, and you like him more than anyone else, why are you hesitating? You're blushing, Harriet. Is someone else on your mind right now?”

Harriet turned away, looking confused, and stood by the fire, thinking. She still had the letter in her hand, but she wasn't really looking at it anymore. Emma waited to see what Harriet would decide, hoping for a certain outcome. After a while, Harriet spoke up, sounding a bit uncertain.

“Miss Woodhouse, since you won't give me your opinion, I'll have to decide on my own. And I've almost made up my mind... to refuse Mr. Martin.",0.2,1.0,7b09549d883d3f1ad8a5c3a41367996c90b6d8b6e34a9ca16c0969e8fee33e03,fb11f062a3f62f5e64bcb0aae2459fda26d008a6e647acb46669df27aee79095,555,399,0.718919,warning,json_repaired_loose_rewritten_text;length_hard_warning,json_repaired_loose_rewritten_text,2026-06-01T19:21:49Z
groq_llama_3_3_70b_free|run_1|AUSTEN_EMMA_004|paraphrase,groq_llama_3_3_70b_free,groq,Groq Llama 3.3 70B free-tier run,llama-3.3-70b-versatile,llama-3.3-70b-versatile,run_1,AUSTEN_EMMA_004,paraphrase,"And should she, at the tender age of seventeen, be expected to accept the first proposal that comes her way, simply because she is now entering society and beginning to attract attention? No, surely she deserves time to consider her options and become acquainted with the world. ""I have always considered their close relationship to be most unwise,"" Mr. Knightley remarked after a pause, ""although I have kept my thoughts to myself until now. However, I fear it will ultimately prove to be a most unfortunate association for Harriet. You will fill her head with exaggerated notions of her own beauty and the high expectations she should have, and soon she will deem no one worthy of her attention. Vanity can have a profound impact on a weak and impressionable mind, leading to all sorts of trouble. It is all too easy for a young woman to set her sights too high. Although Harriet Smith is a very attractive girl, she may not receive as many proposals as she might hope. Sensible men do not typically seek out frivolous wives, and men of means are often hesitant to form connections with someone of uncertain background. Most prudent men would be wary of the potential inconvenience and scandal that could arise when the truth about her parentage is revealed. If she were to marry Robert Martin, she would be ensured a life of respectability, safety, and happiness; however, if you encourage her to aim higher and expect a grand marriage to a man of great fortune and standing, she may find herself a permanent resident at Mrs. Goddard's boarding house, or, at the very least, remain unwed until she becomes desperate and settles for someone like the old writing-master's son. ""We hold such differing opinions on this matter, Mr. Knightley, that it seems pointless to discuss it further, as we will only succeed in irritating each other. As for my allowing her to marry Robert Martin, it is no longer a possibility, for she has already refused him in a most decisive manner, making any future proposal unlikely. She must now live with the consequences of her decision, and as for the refusal itself, I will not deny that I may have exerted some influence over her; however, I must assure you that there was little for me or anyone else to do, given his unappealing appearance and unpleasant demeanor. If she had never encountered anyone superior, she might have tolerated him, particularly since he is the brother of her friends and had made an effort to please her. Nevertheless, her perspective has changed now that she has been exposed to more refined company, and she can recognize the difference between a true gentleman and someone like Robert Martin. ""Such nonsense, absolute nonsense!"" exclaimed Mr. Knightley. ""Robert Martin's manners are characterized by sense, sincerity, and good humor, and his mind possesses a genuine gentility that far surpasses Harriet Smith's understanding."" Emma remained silent, attempting to appear cheerful and unconcerned, but in reality, she felt uneasy and wished for Mr. Knightley to take his leave.",0.2,1.0,118a28d2cf4a75afda519e7999198213815ab2c511008e4e60cced7793fa46c8,9e48becce2c8da1be58db3d36e66f84d72f9d8077f2d6ab477d4b128933aa520,560,514,0.917857,pass,,json_ok,2026-06-01T19:22:00Z
groq_llama_3_3_70b_free|run_1|AUSTEN_EMMA_004|modernize,groq_llama_3_3_70b_free,groq,Groq Llama 3.3 70B free-tier run,llama-3.3-70b-versatile,llama-3.3-70b-versatile,run_1,AUSTEN_EMMA_004,modernize,"And is she, at seventeen, just entering adulthood, just starting to make a name for herself, to be admired because she doesn't accept the first offer that comes her way? No, let's give her time to get to know the world.

I've always thought it was a pretty unwise friendship, said Mr. Knightley after a moment, though I've kept my thoughts to myself until now. But I can see that it's going to be really bad for Harriet. You're going to give her a inflated sense of her own beauty and what she deserves, and soon nobody will be good enough for her. When vanity takes over a weak mind, it causes all sorts of problems. It's easy for a young woman to set her expectations too high. Harriet Smith might not get as many marriage proposals as she thinks, even though she's a very attractive girl. Intelligent men don't want silly wives. Men from good families wouldn't want to marry someone with such an uncertain background, and most sensible men would be afraid of the trouble and embarrassment they might face when the truth about her parents comes out. If she marries Robert Martin, she'll be safe, respected, and happy for the rest of her life. But if you encourage her to aim high and expect to marry someone rich and important, she might end up living with Mrs. Goddard forever, or at least until she gets desperate and settles for someone like the old writing teacher's son.

We clearly disagree on this, Mr. Knightley, so there's no point in discussing it further. We'll just make each other angrier. As for me allowing her to marry Robert Martin, it's impossible - she's already turned him down, and so firmly that I don't think he'll ask again. She'll have to live with the consequences of rejecting him, whatever they may be. And as for the rejection itself, I won't pretend I didn't influence her a little, but there wasn't much for me or anyone else to do. He doesn't look very appealing, and his manner is off-putting, so even if she was ever interested in him, she's not now. I can imagine that before she met anyone better, she might have tolerated him. He's the brother of her friends, and he tried to win her over, and since she hadn't met anyone better at the time, she might not have found him unpleasant when she was at Abbey-Mill. But things are different now. She knows what real gentlemen are like, and only someone with a gentleman's education and manners has a chance with Harriet.

That's nonsense, complete and utter nonsense, exclaimed Mr. Knightley. Robert Martin's manners are sensible, sincere, and good-natured, and his mind has a true gentility that Harriet Smith can't even understand.

Emma didn't respond and tried to look cheerful and unbothered, but she was actually feeling uncomfortable and wanted him to leave.",0.2,1.0,118a28d2cf4a75afda519e7999198213815ab2c511008e4e60cced7793fa46c8,37418abbdadf38aef13792e3be2c141bfb753f87d527c30cf9d38c16d66623a8,560,484,0.864286,warning,json_repaired_loose_rewritten_text,json_repaired_loose_rewritten_text,2026-06-01T19:22:12Z
groq_llama_3_3_70b_free|run_1|AUSTEN_EMMA_004|simplify,groq_llama_3_3_70b_free,groq,Groq Llama 3.3 70B free-tier run,llama-3.3-70b-versatile,llama-3.3-70b-versatile,run_1,AUSTEN_EMMA_004,simplify,"And is she, at seventeen, just starting to experience life and being admired because she doesn't accept the first offer she gets? No, let her take her time to look around. Mr. Knightley said, 'I have always thought it was a bad idea for you to be so close to Harriet, but I never said anything. Now I think it will be bad for her. You will give her big ideas about her beauty and what she deserves, and soon nobody will be good enough for her. When vanity takes over a weak person, it causes all sorts of problems. It's easy for a young woman to have high expectations. Harriet Smith might not get many marriage offers, even though she's pretty. Smart men don't want silly wives, and men from good families don't want to marry someone with an unknown past. If she marries Robert Martin, she'll be safe, respected, and happy. But if you encourage her to expect a rich and important husband, she might end up living with Mrs. Goddard forever, or at least until she gets desperate and marries someone she doesn't really want to. Mr. Knightley and I disagree on this, so there's no point in discussing it. As for Harriet marrying Robert Martin, it's impossible - she's already turned him down, and I don't think he'll ask again. She'll have to deal with the consequences of saying no, and I won't pretend I didn't influence her decision a little. But really, there wasn't much anyone could do. Robert Martin doesn't look or act very appealing, and if she ever liked him, she doesn't now. Before she met other people, she might have tolerated him because he's the brother of her friends and tried to please her. But now she knows what real gentlemen are like, and only someone with a good education and manners has a chance with her. Mr. Knightley said, 'That's nonsense! Robert Martin's manners are sensible, sincere, and friendly, and he has more class than Harriet could understand.' Emma didn't respond and tried to look calm, but she was feeling uncomfortable and wanted Mr. Knightley to leave.",0.2,1.0,118a28d2cf4a75afda519e7999198213815ab2c511008e4e60cced7793fa46c8,64e3548abbfe7cd35d7b4a11774dce43e447158968e095b7d8a32ef181326c42,560,355,0.633929,warning,length_hard_warning,json_ok,2026-06-01T19:22:22Z
groq_llama_3_3_70b_free|run_1|AUSTEN_EMMA_005|paraphrase,groq_llama_3_3_70b_free,groq,Groq Llama 3.3 70B free-tier run,llama-3.3-70b-versatile,llama-3.3-70b-versatile,run_1,AUSTEN_EMMA_005,paraphrase,"And he is indeed a very clever young boy. All of the children are remarkably clever and have such charming manners. They will often come and stand by my chair, saying 'Grandpapa, may I have a piece of string?' On one occasion, Henry asked me for a knife, but I told him that knives are only for grandfathers. I think their father can be too harsh with them at times.""

""He may seem that way to you,"" Emma said, ""because you are so gentle yourself, but if you were to compare him to other fathers, you would not think him harsh. He wants his sons to be energetic and robust, and if they misbehave, he will occasionally scold them, but he is a loving father. Mr. John Knightley is certainly a loving father, and the children are all very fond of him.""

""And then their uncle comes in and tosses them up in the air in a way that can be quite frightening!""

""But they enjoy it, Papa. There's nothing they like more. It's such a delight for them that if their uncle didn't make them take turns, the one who started would never give up to the other.""

""I don't understand it,"" Mr. Woodhouse said.

""That's true for all of us, Papa. One half of the world can't understand the pleasures of the other half.""

Later that morning, just as the girls were about to separate to prepare for their usual four o'clock dinner, the star of the charade walked in again. Harriet turned away, but Emma could greet him with her usual smile. Her quick eye soon noticed that he seemed aware of having taken a risk, and she imagined he had come to see how things would turn out. His stated reason for visiting, however, was to ask whether Mr. Woodhouse's party could manage without him in the evening, or if his presence was necessary at Hartfield. If he were needed, everything else would have to be put aside, but otherwise, his friend Cole had been insisting that he join him for dinner, and he had conditionally agreed to go.

Emma thanked him but wouldn't let him disappoint his friend on their account. Her father was counting on his rubber of whist. Mr. Elton pressed the issue again, but Emma declined again. As he seemed about to take his leave, Emma picked up the paper from the table and handed it back to him.

""Here's the charade you were kind enough to leave with us. Thank you for letting us see it. We admired it so much that I've taken the liberty of copying it into Miss Smith's collection. I hope your friend won't mind. I've only transcribed the first eight lines, of course.""

Mr. Elton seemed unsure of how to respond. He looked uncertain and confused, said something about 'honour', glanced at Emma and Harriet, and then, noticing the book open on the table, picked it up and examined it closely. To ease the awkward moment, Emma said with a smile, ""You must extend my apologies to your friend, but such a good charade shouldn't be limited to just one or two people. He can be sure of every woman's admiration as long as he writes with such gallantry.",0.2,1.0,c8f61b1b468be98729ba9897f2c0497d6c0bb10418eaee04f714a469caef77dd,1670a9f6432647bdfcfe3b4d1b8273385dfde847e62240e537798dea8cc03da2,563,543,0.964476,warning,json_repaired_loose_rewritten_text,json_repaired_loose_rewritten_text,2026-06-01T19:22:35Z
groq_llama_3_3_70b_free|run_1|AUSTEN_EMMA_005|modernize,groq_llama_3_3_70b_free,groq,Groq Llama 3.3 70B free-tier run,llama-3.3-70b-versatile,llama-3.3-70b-versatile,run_1,AUSTEN_EMMA_005,modernize,"And he's a really smart boy, too. They're all incredibly smart, and they have so many charming ways. They'll come and stand by my chair, and say, 'Grandpa, can you give me a piece of string?' and once Henry asked me for a knife, but I told him knives are only for grown-ups. I think their father is too tough on them a lot of the time.""

""He seems tough to you,"" said Emma, ""because you're so gentle yourself, but if you could compare him to other dads, you wouldn't think he's that tough. He wants his boys to be active and healthy, and if they misbehave, he can give them a firm talk now and then, but he's a loving father - Mr. John Knightley is definitely a loving father. The kids all love him.""

""And then their uncle comes in and tosses them up in the air in a way that's a bit scary!""

""But they love it, Dad. There's nothing they enjoy more. It's so much fun for them that if their uncle didn't make them take turns, whoever started would never let the other one have a go.""

""I just don't get it.""

""That's how it is for all of us, Dad. Half the world can't understand what the other half enjoys.""

Later that morning, just as the girls were about to separate to get ready for their regular 4 pm dinner, the star of this amazing charade walked in again. Harriet turned away, but Emma could greet him with a smile, and her quick eye soon picked up on the fact that he was aware of having made a move - of having taken a chance - and she thought he was there to see how it would play out. His main reason for coming, though, was to ask if Mr. Woodhouse's plans for the evening could go ahead without him, or if he was needed at Hartfield. If he was needed, everything else would have to be put on hold, but otherwise, his friend Cole had been going on and on about him coming over for dinner - had made such a big deal about it - that he had promised to come, depending on the circumstances.

Emma thanked him, but couldn't let him disappoint his friend on their account; her father was counting on him for his game. He asked again, and she said no again, and he seemed about to leave when she picked up the paper from the table and handed it back to him -

""Hey, here's the charade you were kind enough to leave with us; thanks for letting us see it. We loved it so much that I've added it to Miss Smith's collection. I hope your friend won't mind. Of course, I only copied the first eight lines.""

Mr. Elton didn't seem to know what to say. He looked a bit unsure - a bit confused; said something about ""honour"", glanced at Emma and at Harriet, and then, seeing the book open on the table, picked it up and examined it very closely. To ease the awkward moment, Emma said with a smile,

""You'll have to apologize to your friend for me, but such a great charade can't be kept to just one or two people. He can be sure that every woman will love it as long as he writes with such charm.",0.2,1.0,c8f61b1b468be98729ba9897f2c0497d6c0bb10418eaee04f714a469caef77dd,3bef93305ce6e1e391da39968c494cfcf05685634771fddde4f603626b576a6c,563,560,0.994671,warning,json_repaired_loose_rewritten_text,json_repaired_loose_rewritten_text,2026-06-01T19:22:45Z
groq_llama_3_3_70b_free|run_1|AUSTEN_EMMA_005|simplify,groq_llama_3_3_70b_free,groq,Groq Llama 3.3 70B free-tier run,llama-3.3-70b-versatile,llama-3.3-70b-versatile,run_1,AUSTEN_EMMA_005,simplify,"And he's a very smart boy, really. All the kids are extremely clever and have lovely manners. They come to my chair and ask, 'Grandpa, can I have some string?' One time, Henry asked me for a knife, but I told him knives are only for grown-ups like grandpas. I think their dad can be too harsh with them sometimes.

Emma said, 'You think he's harsh because you're so gentle yourself. But if you compared him to other dads, you wouldn't think he's that rough. He wants his boys to be active and strong, and if they misbehave, he might scold them. But he's a loving father, and the kids adore him.'

Then their uncle comes in and tosses them up in the air in a way that seems scary!

But they love it, and there's nothing they enjoy more. If their uncle didn't make them take turns, the one who started would never let the other have a go.

I just don't get it.

That's how it is with everyone, though. Half the world can't understand what the other half likes.

Later that morning, just as the girls were about to leave for dinner, the star of the charade walked in again. Harriet looked away, but Emma could smile and greet him as usual. She quickly noticed that he seemed aware of having taken a risk and was waiting to see how things would turn out. He said he was there to ask if he was needed at Hartfield that evening or if he could go to his friend Cole's house for dinner instead.

Emma thanked him but said he shouldn't cancel his plans with Cole on their account. Her dad was looking forward to his game. Mr. Elton asked again, but Emma said no again. As he was about to leave, Emma picked up the paper from the table and said, 'Oh, here's the charade you left for us. Thanks for letting us see it. We liked it so much that I wrote it down in Miss Smith's book. I hope your friend won't mind. I only copied the first eight lines.'

Mr. Elton seemed unsure of what to say. He looked confused, mentioned something about honor, and glanced at Emma and Harriet. Then he saw the book on the table, picked it up, and examined it carefully. To ease the awkward moment, Emma smiled and said, 'Please apologize to your friend, but such a great charade should be shared with everyone. He can be sure that all the women will love it, given how charmingly it's written.'",0.2,1.0,c8f61b1b468be98729ba9897f2c0497d6c0bb10418eaee04f714a469caef77dd,8c5407332c1ff1f3e863599339723281cbdaf7ef9544e96b055f2c18ce2be8cf,563,430,0.763766,warning,json_repaired_loose_rewritten_text;length_hard_warning,json_repaired_loose_rewritten_text,2026-06-01T19:22:56Z
groq_llama_3_3_70b_free|run_1|AUSTEN_EMMA_006|paraphrase,groq_llama_3_3_70b_free,groq,Groq Llama 3.3 70B free-tier run,llama-3.3-70b-versatile,llama-3.3-70b-versatile,run_1,AUSTEN_EMMA_006,paraphrase,"Papa is merely expressing his own regret, Emma thought. 'Very much to the honour of both,' was the gracious response. Isabella then asked her father in a melancholy tone, 'And do you see her, sir, fairly often?' Mr. Woodhouse hesitated before answering, 'Not as often as I would like, my dear.' Isabella's mother countered, 'Oh, papa, we have only gone one whole day without seeing them since their marriage. Either in the morning or evening of every day, except one, we have seen either Mr. Weston or Mrs. Weston, and usually both, either at Randalls or here - and as you can imagine, Isabella, mostly here. They are extremely kind to us in their visits. Mr. Weston is just as kind as his wife. Papa, if you speak in such a melancholy way, you will give Isabella a false impression of us all. Everyone must be aware that Miss Taylor is missed, but everyone should also be assured that Mr. and Mrs. Weston prevent us from missing her to a great extent - which is the truth.' 'Just as it should be,' said Mr. John Knightley, 'and just as I had hoped from your letters. Her desire to show you attention could not be doubted, and his being a sociable man makes it easy. I have always told you, my love, that I did not think the change would affect Hartfield as much as you feared; and now you have Emma's account, I hope you will be satisfied.' 'To be sure,' said Mr. Woodhouse, 'yes, certainly - I must admit that Mrs. Weston, poor Mrs. Weston, does visit us quite often - but then she always has to leave again.' 'It would be very hard on Mr. Weston if she did not, papa,' Emma said. 'You quite forget poor Mr. Weston.' John Knightley chimed in pleasantly, 'I think, indeed, that Mr. Weston has some claim. You and I, Emma, will take the part of the poor husband. As for Isabella, she has been married long enough to see the convenience of considering all the Mr. Westons as much as she can.' 'Me, my love,' cried his wife, only partially understanding, 'are you talking about me? I am sure nobody ought to be, or can be, a greater advocate for marriage than I am; and if it had not been for the misery of Miss Taylor leaving Hartfield, I would never have thought of her as anything but the most fortunate woman in the world. And as for slighting Mr. Weston, that excellent Mr. Weston, I think he deserves nothing but praise. I believe he is one of the most even-tempered men that ever existed. Except for you and your brother, I do not know his equal for temper. I shall never forget his kindness in flying Henry's kite for him on that very windy day last Easter, and ever since his thoughtful note last September, written at midnight to assure me there was no scarlet fever at Cobham, I have been convinced there could not be a more feeling heart nor a better man in existence.",0.2,1.0,8afe066b6564a8c56ba47b88bb9710975918f796dbc5c0da1a81e0cc3f99a62f,b0b02b2385ec177fe471c7b8f30893f29c41fd09b431ab7b82363797826df9b4,563,512,0.909414,pass,,json_ok,2026-06-01T19:23:08Z
groq_llama_3_3_70b_free|run_1|AUSTEN_EMMA_006|modernize,groq_llama_3_3_70b_free,groq,Groq Llama 3.3 70B free-tier run,llama-3.3-70b-versatile,llama-3.3-70b-versatile,run_1,AUSTEN_EMMA_006,modernize,"Papa is only expressing his own regret. Very much to the credit of both, was the kind response. And do you see her, sir, fairly often, asked Isabella in the melancholic tone that suited her father. Mr. Woodhouse hesitated, Not as often as I'd like, my dear. Oh, papa, we've only missed seeing them one full day since they got married. Either in the morning or evening of every day, except one, we've seen either Mr. Weston or Mrs. Weston, and usually both, either at Randalls or here - and as you can imagine, Isabella, most often here. They're very kind to visit us so frequently. Mr. Weston is really as kind as his wife. Papa, if you speak in that sad way, you'll give Isabella the wrong idea about all of us. Everyone must know that Miss Taylor will be missed, but everyone should also be assured that Mr. and Mrs. Weston prevent us from missing her as much as we thought we would - which is the truth. Just as it should be, said Mr. John Knightley, and just as I hoped from your letters. Her desire to show you attention couldn't be doubted, and his being a social and available man makes it all easy. I've been telling you, my love, that I didn't think the change would affect Hartfield as much as you thought; and now you have Emma's account, I hope you'll be satisfied. Why, to be sure, said Mr. Woodhouse, yes, certainly - I won't deny that Mrs. Weston, poor Mrs. Weston, does come to see us pretty often - but then she always has to leave again. It would be really tough on Mr. Weston if she didn't, papa - you're forgetting about poor Mr. Weston. I think, indeed, said John Knightley pleasantly, that Mr. Weston has a good point. You and I, Emma, will take the side of the husband. I, being a husband, and you not being a wife, probably see the claims of the man with equal importance. As for Isabella, she's been married long enough to know the convenience of prioritizing her husband. Me, my love, cried his wife, hearing and understanding only partially - are you talking about me? I'm sure nobody should be, or can be, a greater supporter of marriage than I am; and if it hadn't been for the sadness of Miss Taylor leaving Hartfield, I would never have thought of her as anything but the most fortunate woman in the world; and as for neglecting Mr. Weston, that excellent Mr. Weston, I think he deserves all the appreciation - I believe he's one of the most even-tempered men that ever existed. Except for you and your brother, I don't know anyone with a better temper. I'll never forget him flying Henry's kite for him on that very windy day last Easter - and since his kind gesture last September, writing that note at midnight to reassure me there was no scarlet fever at Cobham, I've been convinced there couldn't be a more caring heart or a better man.",0.2,1.0,8afe066b6564a8c56ba47b88bb9710975918f796dbc5c0da1a81e0cc3f99a62f,cc4d93b363bbdde02ff96949f5c69b356832b549dc4534e4aa56af2fe3764420,563,506,0.898757,pass,,json_ok,2026-06-01T19:23:20Z
groq_llama_3_3_70b_free|run_1|AUSTEN_EMMA_006|simplify,groq_llama_3_3_70b_free,groq,Groq Llama 3.3 70B free-tier run,llama-3.3-70b-versatile,llama-3.3-70b-versatile,run_1,AUSTEN_EMMA_006,simplify,"Papa is only expressing his own regret, said Emma. Very much to the honor of both, she added. Isabella then asked her father, Do you see her often, sir? Mr. Woodhouse hesitated, Not as often as I would like. Oh, papa, we have only missed seeing them one whole day since they got married, said Emma. Either in the morning or evening of every day, except one, we have seen either Mr. Weston or Mrs. Weston, and usually both, either at their place or here. They are very kind to visit us so often. Mr. Weston is just as kind as his wife. Papa, if you talk like that, you will give Isabella the wrong idea about us. Everyone knows we miss Miss Taylor, but everyone should also know that Mr. and Mrs. Weston help us not miss her as much as we thought we would. Just as it should be, said Mr. John Knightley. Her wish to show you attention was never in doubt, and his being a social person makes it easy for them to visit. I have always told you that I didn't think the change would affect Hartfield as much as you thought, and now that Emma has told you about it, I hope you are satisfied. Why, to be sure, said Mr. Woodhouse, yes, certainly, Mrs. Weston does come to see us pretty often, but then she always has to leave again. It would be hard on Mr. Weston if she didn't, papa, said Emma. You forget about poor Mr. Weston. I think, indeed, said John Knightley, that Mr. Weston deserves some consideration. You and I, Emma, will take the side of the husband. As for Isabella, she has been married long enough to know it's convenient to prioritize her own husband. Me, my love, cried his wife, are you talking about me? I am a big supporter of marriage, and if Miss Taylor hadn't left Hartfield, I would have thought she was the luckiest woman in the world. And as for Mr. Weston, I think he deserves all the praise he gets. I believe he is one of the kindest men alive. Except for you and your brother, I don't know anyone with a better temper than him. I will never forget how he flew Henry's kite for him on that windy day last Easter, and since he wrote me a note at midnight to reassure me that there was no scarlet fever at Cobham, I have been convinced that he has a heart of gold and is one of the best men alive.",0.2,1.0,8afe066b6564a8c56ba47b88bb9710975918f796dbc5c0da1a81e0cc3f99a62f,abdf185a9e561815172a6332656421be29d023fa5c5dcc1b835b1e4264ee5204,563,430,0.763766,warning,length_hard_warning,json_ok,2026-06-01T19:23:31Z
groq_llama_3_3_70b_free|run_1|AUSTEN_EMMA_007|paraphrase,groq_llama_3_3_70b_free,groq,Groq Llama 3.3 70B free-tier run,llama-3.3-70b-versatile,llama-3.3-70b-versatile,run_1,AUSTEN_EMMA_007,paraphrase,"""""
She said, ""You are doing the right thing,"" and then added, ""We will offer your apologies to Mr. and Mrs. Weston.""

However, she had barely spoken when her brother politely offered Mr. Elton a seat in his carriage, provided the weather was his only concern. To her surprise, Mr. Elton accepted the offer with evident satisfaction. The matter was settled; Mr. Elton would attend, and his face had never shown more pleasure than at that moment. His smile was particularly strong, and his eyes sparkled with excitement as he glanced at her.

She thought to herself, ""This is quite odd. After I managed to dissuade him so effectively, he chooses to go out and leave Harriet behind, unwell as she is. It's truly puzzling. I believe many men, especially single ones, have a strong inclination to dine out. For them, a dinner invitation is a significant pleasure, almost a duty, that takes precedence over other considerations. This must be the case with Mr. Elton, a charming and amiable young man who is clearly taken with Harriet. Yet, he cannot resist a dinner invitation and must accept whenever he is asked. Love is indeed a strange thing; he can appreciate Harriet's wit, but he won't forgo a dinner engagement for her sake.""

Soon after, Mr. Elton took his leave, and she couldn't help but feel that his manner of speaking about Harriet as he departed was genuinely sentimental. The tone of his voice as he assured her that he would visit Mrs. Goddard's to inquire about Harriet's health was particularly noteworthy. He sighed and smiled as he bid them farewell, leaving a favorable impression.

After a brief period of silence, John Knightley began, ""I have never seen a man more determined to be agreeable than Mr. Elton. It's almost an effort for him when ladies are involved. With men, he can be rational and unaffected, but when he's around ladies, every aspect of his behavior is carefully considered.""

""Mr. Elton's manners are not flawless,"" Emma replied, ""but when someone is genuinely trying to please, one should overlook their imperfections. A man who does his best with limited abilities will often have an advantage over someone with greater talents but less effort. Mr. Elton has such a pleasant disposition and good intentions that one can't help but appreciate him.""

John Knightley responded with a hint of slyness, ""He seems to have a particular fondness for you, Emma."" 

She smiled in surprise, ""Me? You think I'm the object of Mr. Elton's affections?"" 

""I must admit, the idea has crossed my mind,"" he said. ""If you haven't considered it before, perhaps you should now.""

""Mr. Elton in love with me? What a notion!"" 

""I'm not saying it's true, but you should consider the possibility and adjust your behavior accordingly. I think you've been encouraging him, Emma.""
""""",0.2,1.0,094d74324f2404eedc9427255e9c7034eee31e6d0ae43a920a0042e2d435d470,01dde913aaf0558064412f724e46fc9e5415a9e7629728101960a5b71c61d9d2,553,472,0.853526,warning,json_repaired_loose_rewritten_text,json_repaired_loose_rewritten_text,2026-06-01T19:23:42Z
groq_llama_3_3_70b_free|run_1|AUSTEN_EMMA_007|modernize,groq_llama_3_3_70b_free,groq,Groq Llama 3.3 70B free-tier run,llama-3.3-70b-versatile,llama-3.3-70b-versatile,run_1,AUSTEN_EMMA_007,modernize,"You're doing the right thing,” she said. “We'll make your apologies to Mr. and Mrs. Weston.”

But she had barely spoken when her brother offered Mr. Elton a ride in his car, saying that if the weather was the only thing holding him back, he'd be happy to give him a lift. To her surprise, Mr. Elton accepted the offer with evident satisfaction. It was a done deal; Mr. Elton was going, and his face had never looked happier. His smile was stronger than ever, and his eyes sparkled with excitement as he glanced at her.

“Well,” she thought to herself, “this is really strange. After I managed to get him to stay behind, he chooses to go out and leave Harriet alone when she's not feeling well. It's just weird. But I think a lot of men, especially single guys, have this thing about going out to dinner. It's like, a top priority for them - it's up there with their jobs, their social status, and their sense of duty. So, anything else takes a backseat, and that must be what's going on with Mr. Elton. He's a great guy, really likable and charming, and he's clearly into Harriet, but he just can't resist a dinner invitation. It's like, love is a weird thing - he can see how smart and funny Harriet is, but he won't even skip dinner to spend time with her.”

Soon after, Mr. Elton left, and she had to admit that there was something endearing about the way he mentioned Harriet when he said goodbye. The way he spoke, the tone of his voice, it all seemed so sincere, especially when he promised to stop by Mrs. Goddard's to check in on Harriet and hopefully bring back some good news. He sighed and smiled as he left, and it was hard not to be impressed.

After a few minutes of silence, John Knightley spoke up. “I've never seen anyone try so hard to be charming as Mr. Elton. It's like, he's putting in a lot of effort to make a good impression, especially when there are women around. With men, he's fine, totally normal and down-to-earth, but when he's around women, it's like he's performing or something.”

“Mr. Elton's manners aren't perfect,” Emma replied, “but when someone's trying their best to be nice, you've got to give them some credit. And when someone's doing their best with what they've got, that's more impressive than someone who's just coasting on their natural talent. Mr. Elton's just so friendly and well-meaning that you can't help but like him.”

John Knightley nodded, a hint of a smile on his face. “Yeah, he seems to have a lot of good feelings towards you, Emma.”

Her eyes widened in surprise. “Me? You think Mr. Elton's interested in me?”

John Knightley leaned in, a sly glint in his eye. “Well, it's crossed my mind, and even if it hasn't occurred to you before, maybe you should consider it now.”

The idea was laughable. “Mr. Elton in love with me? That's just ridiculous.”

John Knightley's expression turned serious. “I'm not saying it's true, but you should think about it and maybe adjust your behavior accordingly. I think you've been kind of encouraging him, Emma.”",0.2,1.0,094d74324f2404eedc9427255e9c7034eee31e6d0ae43a920a0042e2d435d470,aaff62c4db2a876ebae6c8276f6be3a538d7cce371179bd836865c979859dc6d,553,542,0.980108,warning,json_repaired_loose_rewritten_text,json_repaired_loose_rewritten_text,2026-06-01T19:27:11Z
groq_llama_3_3_70b_free|run_1|AUSTEN_EMMA_007|simplify,groq_llama_3_3_70b_free,groq,Groq Llama 3.3 70B free-tier run,llama-3.3-70b-versatile,llama-3.3-70b-versatile,run_1,AUSTEN_EMMA_007,simplify,"You're doing the right thing, she said. We'll apologize to Mr. and Mrs. Weston for you. But before she could say anything else, her brother offered Mr. Elton a ride in his carriage, and Mr. Elton happily accepted. It was all settled; Mr. Elton was going, and he looked very pleased. His face showed more joy than ever before, and his smile was stronger when he looked at her next. She thought to herself, This is strange. After I made sure he didn't have to go, he chose to go out and leave Harriet behind when she's not feeling well. It's odd. Many single men, including Mr. Elton, seem to love going out to dinner. It's one of their favorite things to do, and they can't say no to an invitation. Mr. Elton is a great guy, and he really likes Harriet, but he can't resist a dinner invitation. It's weird how love works; he can see how funny Harriet is, but he won't give up dinner plans for her. Soon after, Mr. Elton left, and she had to admit that he seemed very sincere when he said goodbye. He promised to visit Harriet and see how she was doing, and he seemed genuinely concerned. He smiled and sighed as he left, which made her think well of him. After a few minutes of silence, John Knightley spoke up. I've never seen a man try so hard to be nice as Mr. Elton, he said. When he's around women, he works really hard to be charming. With men, he's normal and relaxed, but with women, he tries too hard. Emma replied, Mr. Elton's manners aren't perfect, but when someone is trying to be nice, you should overlook their flaws. If someone is doing their best with what they have, they'll do better than someone who is lazy but has more natural talent. Mr. Elton is a good guy, and you have to appreciate his good nature. John Knightley said with a hint of teasing, It seems like he has a lot of good feelings towards you. Emma smiled in surprise and said, You think Mr. Elton likes me? John Knightley said, I've thought about it, and you should consider it too. Emma laughed and said, Mr. Elton in love with me? That's a crazy idea. John Knightley said, I'm not saying it's true, but you should think about it and be careful how you act around him. I think you've been encouraging him.",0.2,1.0,094d74324f2404eedc9427255e9c7034eee31e6d0ae43a920a0042e2d435d470,ea451fdbff8bdaecb1a0ecf9cfc2eb2b67e8881399fc87d335c8397aeb97a319,553,413,0.746835,warning,length_hard_warning,json_ok,2026-06-01T19:27:24Z
groq_llama_3_3_70b_free|run_1|AUSTEN_EMMA_008|paraphrase,groq_llama_3_3_70b_free,groq,Groq Llama 3.3 70B free-tier run,llama-3.3-70b-versatile,llama-3.3-70b-versatile,run_1,AUSTEN_EMMA_008,paraphrase,"He had walked beyond the sweep, some way down the Highbury road, where the snow was barely half an inch deep and hardly covered the ground in many places. Only a few flakes were falling at the moment, but the clouds were clearing, suggesting the storm would soon pass. He had spoken with the coachmen, and they shared his opinion that there was no cause for concern. This news brought great relief to Isabella, and Emma was also pleased to see her father's anxiety eased, although his nervous nature still made him uneasy about staying at Randalls. He was convinced it was safe to return home, but no amount of reassurance could calm his fears about remaining. While the others discussed and debated, Mr. Knightley and Emma quickly settled the matter. 'Your father will not be at ease; why not go?' 'I am ready, if the others are.' 'Shall I ring the bell?' 'Yes, do.' The bell was rung, and the carriages were summoned. Emma hoped that soon she would see one troublesome companion safely at home, where he could sober up and calm down, and the other could recover his temper once the difficult visit was over. The carriage arrived, and Mr. Woodhouse, always the first to be attended to on such occasions, was carefully helped into his own carriage by Mr. Knightley and Mr. Weston. However, despite their efforts to reassure him, the sight of the snow and the darker night than expected caused him to become alarmed again. 'He was afraid they would have a terrible drive. He was afraid poor Isabella would not like it. And there was poor Emma in the carriage behind. He did not know what they should do. They must stay together as much as possible;' and James was instructed to drive slowly and wait for the other carriage. Isabella got in after her father, followed by John Knightley, who naturally got in after his wife, so that when Emma was escorted into the second carriage by Mr. Elton, she found herself in a tête-à-tête situation. This would not have been awkward under normal circumstances, and she could have enjoyed talking to him about Harriet, making the three-quarters of a mile seem like nothing. But now, she wished it had not happened. She suspected he had had too much of Mr. Weston's wine and would likely talk nonsense. To restrain him as much as possible, she prepared to speak with great calmness and gravity about the weather and the night, but barely had she started, barely had they passed the sweep-gate and joined the other carriage, than she found her conversation interrupted, her hand taken, and her attention demanded.",0.2,1.0,599fbd379e6184ac2ec0dcbbd268977e4ebb098637b4e4fc19156ba02110c4b6,eca1ca93684e93e0f8ad9916dcd8ac588bf64acc82cb117b5c703b996da338fd,574,448,0.780488,warning,length_hard_warning,json_ok,2026-06-01T19:27:36Z
groq_llama_3_3_70b_free|run_1|AUSTEN_EMMA_008|modernize,groq_llama_3_3_70b_free,groq,Groq Llama 3.3 70B free-tier run,llama-3.3-70b-versatile,llama-3.3-70b-versatile,run_1,AUSTEN_EMMA_008,modernize,"He had walked beyond the curve of the road, a bit along the Highbury road. The snow was nowhere more than half an inch deep, and in many places, it was barely enough to cover the ground. Only a few flakes were falling at the moment, but the clouds were clearing, and it seemed like the snow would be stopping soon. He had spoken with the coachmen, and they both agreed with him that there was nothing to worry about. The news was a huge relief to Isabella, and it was almost as welcome to Emma, who was concerned about her father's well-being. He was immediately reassured, as much as his nervous nature allowed, but the alarm that had been raised couldn't be calmed as long as he was still at Randalls. He was convinced that it was safe to go home, but no amount of reassurance could persuade him that it was safe to stay. While the others were discussing and debating, Mr. Knightley and Emma quickly made a decision. 'Your father won't be at ease, so why don't you go?' 'I'm ready if the others are.' 'Should I call for the car?' 'Yes, do.' The car arrived, and Emma hoped to soon see one troublesome companion dropped off at his own house, where he could sober up and calm down, and the other recover his temper and happiness once this difficult visit was over. The car came, and Mr. Woodhouse, always the first priority in situations like this, was carefully helped into his own car by Mr. Knightley and Mr. Weston. However, despite their efforts, Mr. Woodhouse couldn't help but feel a renewed sense of alarm when he saw the snow that had fallen and realized it was much darker than he had expected. 'He was afraid they would have a very bad drive. He was worried that poor Isabella wouldn't like it. And there was poor Emma in the car behind. He didn't know what they should do. They should try to stay together as much as possible,' he said, and James was instructed to drive slowly and wait for the other car. Isabella got in after her father, and John Knightley, forgetting that he wasn't part of their group, naturally got in after his wife. As a result, Emma found herself escorted into the second car by Mr. Elton, and the door was closed, leaving them alone for the drive. It wouldn't have been awkward at all, and it might have even been enjoyable, if it hadn't been for the suspicions she had developed that day. She could have talked to him about Harriet, and the three-quarters of a mile would have seemed like nothing. But now, she wished it hadn't happened. She thought he had had too much of Mr. Weston's good wine and was sure he would want to talk nonsense. To keep him in check as much as possible, she prepared to speak with extreme calmness and seriousness about the weather and the night. However, she had barely started, and they had just passed the curve and joined the other car, when she found her topic cut off, her hand taken, and her attention demanded by Mr.",0.2,1.0,599fbd379e6184ac2ec0dcbbd268977e4ebb098637b4e4fc19156ba02110c4b6,d9b3a56bf16dd3385d7e83f7b43f80bddf5c7d64f5f394d7245b834d47016084,574,534,0.930314,pass,,json_ok,2026-06-01T19:27:48Z
groq_llama_3_3_70b_free|run_1|AUSTEN_EMMA_008|simplify,groq_llama_3_3_70b_free,groq,Groq Llama 3.3 70B free-tier run,llama-3.3-70b-versatile,llama-3.3-70b-versatile,run_1,AUSTEN_EMMA_008,simplify,"He had walked a bit along the Highbury road and found the snow was not very deep, only about half an inch in some places. The snowflakes were falling gently, but the clouds were clearing, and it seemed like the snow would stop soon. He had talked to the coachmen, and they agreed with him that there was nothing to worry about. This news was a big relief to Isabella, and it also made Emma feel better because her father was nervous about the weather. Even though they told him it was safe to go home, he was still worried about staying at Randalls. Mr. Knightley and Emma quickly decided that he should go home. They said, 'Your father will not be easy; why do not you go?' 'I am ready, if the others are.' 'Shall I ring the bell?' 'Yes, do.' So they called for the carriages. Emma was hoping to get one of her annoying companions to leave and calm down, and the other to regain his good mood after this difficult visit. The carriage arrived, and Mr. Woodhouse was helped into his own carriage by Mr. Knightley and Mr. Weston. But even with their reassurance, he was still worried when he saw the snow and how dark it was. He was afraid they would have a bad drive and that Isabella would not like it. He was also worried about Emma in the other carriage. He told James to drive slowly and wait for the other carriage. Isabella got into the carriage after her father, and John Knightley got in after her. Emma was escorted into the second carriage by Mr. Elton, and they were left alone. This would have been nice before, but now Emma was not happy about it. She thought Mr. Elton had drunk too much wine and would talk nonsense. To avoid this, she tried to speak calmly and seriously about the weather, but Mr. Elton interrupted her and took her hand, demanding her attention.",0.2,1.0,599fbd379e6184ac2ec0dcbbd268977e4ebb098637b4e4fc19156ba02110c4b6,4b2d692eaf67ec5ee1dc742509da45ad5e5eaf7e2fbc24e17d9828667813d887,574,332,0.578397,warning,length_hard_warning,json_ok,2026-06-01T19:27:58Z
groq_llama_3_3_70b_free|run_1|AUSTEN_EMMA_009|paraphrase,groq_llama_3_3_70b_free,groq,Groq Llama 3.3 70B free-tier run,llama-3.3-70b-versatile,llama-3.3-70b-versatile,run_1,AUSTEN_EMMA_009,paraphrase,"As he regained his composure, he should have taken control and dismissed the unworthy aspects of their influence. He should have resisted their initial attempts to make him disregard his father. Had he started as he should have, the current situation would not be problematic. 'We will never see eye to eye on this matter,' Emma exclaimed. 'However, that is not unusual. I do not think he is a weak young man; I am convinced he is not. Mr. Weston would not be oblivious to foolishness, even in his own son. Nevertheless, he is likely to have a more accommodating and gentle nature than you would consider ideal for a man. I suspect he does, and although it may deprive him of certain advantages, it will bring him many others. 'Yes, all the advantages of inaction when he should be taking action, and of leading a life of mere indulgence and leisure, convincing himself that he has discovered the perfect method for maintaining peace at home and avoiding his father's criticism,' Mr. Knightley replied. 'He can sit down and write an elaborate, flowery letter filled with empty promises and falsehoods, persuading himself that he has found the best way to preserve harmony and prevent his father from having any grounds for complaint. His letters are distasteful to me.' 'Your sentiments are unusual. They seem to satisfy everyone else.' 'I doubt they satisfy Mrs. Weston. They can hardly satisfy a woman of her intelligence and sensitivity, who, although not his mother, is in a maternal position and therefore not blinded by maternal affection. It is for her sake that attention to Randalls is especially important, and she must feel the omission even more keenly. Had she been a person of greater importance, he would have come, and it would not have mattered whether he did or not. Do you think your friend is neglecting these considerations? Do you suppose she does not often think this to herself? No, Emma, your charming young man can only be charming in a superficial sense, not in a genuinely amiable way. He may have good manners and be agreeable, but he lacks true consideration for the feelings of others.' 'You seem determined to think poorly of him.' 'Not at all,' Mr. Knightley replied, somewhat displeased. 'I do not want to think ill of him. I am willing to acknowledge his merits, just like anyone else. However, I have not heard of any, except for his physical appearance and smooth, plausible manners.' 'Well, if he has nothing else to recommend him, he will be a welcome addition to Highbury. We do not often encounter fine young men who are well-bred and agreeable. We must not be overly particular and expect all the virtues at once. Can you imagine, Mr. Knightley, the sensation his arrival will cause? There will be only one topic of conversation throughout the parishes of Donwell and Highbury; only one subject of interest and curiosity. It will all be about Mr. Frank Churchill; we will think and speak of no one else.' 'You will excuse my being overwhelmed. If I find him to be a pleasant conversationalist, I will be glad to make his acquaintance. However, if he is merely a self-important, talkative fool, he will not occupy much of my time or thoughts.'",0.2,1.0,4353e60e96a053a6cebf0c93533628a0325be637580edc5b43bdbfc91ccae56b,d5dfc910995f45c6163d9ec64d46a8c578bc3a8a7fdc6e78d6504770e151cd44,562,551,0.980427,pass,,json_ok,2026-06-01T19:28:09Z
groq_llama_3_3_70b_free|run_1|AUSTEN_EMMA_009|modernize,groq_llama_3_3_70b_free,groq,Groq Llama 3.3 70B free-tier run,llama-3.3-70b-versatile,llama-3.3-70b-versatile,run_1,AUSTEN_EMMA_009,modernize,"As he regained his composure, he should have taken control and shaken off the unworthy influence they had over him. He should have stood up to them the first time they tried to get him to disrespect his father. If he had done that, there wouldn't be a problem now.

We'll never see eye to eye on this, said Emma. But that's not surprising. I don't think he's a weak person at all. I'm sure he's not. Mr. Weston wouldn't overlook foolishness, even in his own son. But he's probably more laid-back and easygoing than you'd like, which might not fit your ideal of what a man should be. I think that's the case, and while it might hold him back in some ways, it will also bring him advantages.

Yes, all the advantages of doing nothing when he should be taking action, and living a life of idle pleasure, convincing himself that he's found the perfect way to keep the peace at home and avoid his father's criticism. He can sit down and write a fancy letter, full of empty promises and lies, and persuade himself that he's doing the right thing. His letters really bother me.

Your reaction is unusual. It seems like everyone else is fine with him.

I doubt Mrs. Weston is satisfied. She's a smart and sensitive woman, and as a kind of mother figure to him, she must feel his absence deeply. That's why it's even more important to pay attention to Randalls, and she must feel the omission even more. If she were a more prominent person, he probably would have come, and it wouldn't have mattered either way. Do you think your friend is oblivious to these considerations? Don't you think she's aware of all this? No, Emma, your charming young man can only be charming in a superficial way, not in a genuinely considerate way. He may have good manners and be agreeable, but he lacks real sensitivity towards others.

You seem determined to think the worst of him.

Me? Not at all, replied Mr. Knightley, slightly annoyed. I don't want to think badly of him. I'd be just as willing to acknowledge his good qualities as anyone else, but I haven't heard anything about him except that he's handsome and well-mannered.

Well, if that's all he has going for him, he'll still be a big deal in Highbury. We don't often meet young men who are charming and well-bred. We shouldn't be too picky and expect him to have all the virtues. Can't you imagine, Mr. Knightley, the impact his arrival will have? It'll be all anyone can talk about in Donwell and Highbury. Everyone will be curious about him, and we'll all be thinking and talking about Mr. Frank Churchill.

You'll have to excuse me if I'm not overwhelmed with excitement. If I find him interesting to talk to, I'll be happy to get to know him. But if he's just a self-absorbed show-off, he won't be taking up much of my time or attention.",0.2,1.0,4353e60e96a053a6cebf0c93533628a0325be637580edc5b43bdbfc91ccae56b,ed640568489198b65fc296ef9b797c4f117814987d07815a3ad8674d12a7abbd,562,506,0.900356,warning,json_repaired_loose_rewritten_text,json_repaired_loose_rewritten_text,2026-06-01T19:28:23Z
groq_llama_3_3_70b_free|run_1|AUSTEN_EMMA_009|simplify,groq_llama_3_3_70b_free,groq,Groq Llama 3.3 70B free-tier run,llama-3.3-70b-versatile,llama-3.3-70b-versatile,run_1,AUSTEN_EMMA_009,simplify,"As he became more rational, he should have stood up for himself and stopped letting others control him. He should have opposed their first attempt to make him disrespect his father. If he had done the right thing from the start, there wouldn't be a problem now.

We'll never agree about him, said Emma. I don't think he's a weak person. Mr. Weston wouldn't ignore foolish behavior, even in his own son. But he probably has a more gentle and easy-going nature than you think is ideal. I'm sure he does, and even though it might hold him back in some ways, it will also bring him advantages.

Yes, all the advantages of doing nothing when he should be taking action, and living a life of idle pleasure, making excuses for it. He can write a fancy letter, full of promises and lies, and convince himself he's found the best way to keep the peace at home and avoid his father's criticism. His letters disgust me.

Your feelings are unusual. It seems like everyone else is satisfied with him.

I don't think Mrs. Weston is satisfied. She's a smart and sensitive woman, and as a kind of mother figure, she must feel his absence deeply. We should pay extra attention to Randalls because of her, and she must feel his neglect even more. If she were an important person, he would have come to visit, and it wouldn't have mattered either way. Do you think your friend is unaware of these things? I'm sure she thinks about them often. No, Emma, your charming young man can only be charming in a superficial way, not in a genuinely kind way. He may have good manners and be agreeable, but he doesn't truly care about other people's feelings.

You seem determined to think badly of him.

Not at all, replied Mr. Knightley, a bit annoyed. I don't want to think ill of him. I'd be happy to recognize his good qualities, but I haven't heard of any except that he's handsome and well-mannered.

Well, if that's all he has to offer, he'll still be a big deal in Highbury. We don't often meet charming, well-bred young men. We shouldn't be too picky and expect him to have all the virtues. Can't you imagine the excitement his visit will cause? Everyone in the area will be talking about him, and he'll be the only thing on our minds.

You'll have to excuse me if I'm not that excited. If he's interesting to talk to, I'll be happy to get to know him, but if he's just a self-absorbed chatterbox, I won't waste my time on him.",0.2,1.0,4353e60e96a053a6cebf0c93533628a0325be637580edc5b43bdbfc91ccae56b,3790bff9ede76dad95163e33d937391a656ed9a354aed81fc73bc47d526851ed,562,443,0.788256,warning,json_repaired_loose_rewritten_text;length_hard_warning,json_repaired_loose_rewritten_text,2026-06-01T19:28:33Z
groq_llama_3_3_70b_free|run_1|AUSTEN_EMMA_010|paraphrase,groq_llama_3_3_70b_free,groq,Groq Llama 3.3 70B free-tier run,llama-3.3-70b-versatile,llama-3.3-70b-versatile,run_1,AUSTEN_EMMA_010,paraphrase,"Emma felt a pang of regret, knowing she would have to extend courtesy to someone she did not particularly care for over the course of three long months. She would have to walk a fine line, doing more than she wanted while also doing less than she should. The reason behind her dislike of Jane Fairfax was complex, and Mr. Knightley had once suggested that it stemmed from Emma's own desire to be seen as an accomplished young woman. Although Emma had initially refuted this claim, there were moments when she couldn't shake off the feeling that there was some truth to it. She found it challenging to get to know Jane, citing the coldness and reserve that seemed to surround her, as well as her aunt's incessant talking and the fact that everyone made such a fuss over Jane. It had always been assumed that the two women, being of the same age, would be close friends. These were the reasons Emma gave herself, though she couldn't help but feel that they were somewhat flimsy. Her dislike was so unfounded that every time she saw Jane after a significant absence, she felt a twinge of guilt. Now, upon visiting Jane after a two-year interval, Emma was struck by Jane's elegance and poise, qualities she had been downplaying for years. Jane's height was just right, her figure was graceful, and her size was a perfect balance between plumpness and thinness, although she did appear to be slightly unwell. Emma couldn't help but notice these details, and Jane's face, with its deep grey eyes, dark eyelashes, and eyebrows, was more beautiful than she had remembered. The skin, which Emma had previously criticized for lacking color, had a clarity and delicacy that didn't require a fuller bloom. This was a type of beauty that embodied elegance, and Emma felt compelled to admire it, given her own values. In Highbury, elegance was a rare commodity, and to possess it was to be distinguished. As she sat during the first visit, Emma found herself looking at Jane with a sense of pleasure and a desire to do her justice, deciding that she would no longer harbor dislike towards her. When she considered Jane's circumstances, her history, and her beauty, Emma felt a surge of compassion and respect, especially when she thought about the probable attachment to Mr. Dixon, which she had naturally assumed.",0.2,1.0,7c1ca25d7d301f8ca66658595fa86b053d4a322f8584b8c6920cbfff921f0c76,88179f7f4ea6da1fc3c818ae9d217fd62e5c0a39f3be1cc88a95fd434936d35a,558,399,0.715054,warning,length_hard_warning,json_ok,2026-06-01T19:28:44Z
groq_llama_3_3_70b_free|run_1|AUSTEN_EMMA_010|modernize,groq_llama_3_3_70b_free,groq,Groq Llama 3.3 70B free-tier run,llama-3.3-70b-versatile,llama-3.3-70b-versatile,run_1,AUSTEN_EMMA_010,modernize,"Emma felt sorry that she had to be polite to someone she didn't like for three long months. She was always doing more than she wanted to and less than she should. It was hard to explain why she didn't like Jane Fairfax, but Mr. Knightley had once suggested that it was because Jane was the kind of accomplished young woman that Emma wanted to be seen as. Although Emma had denied this at the time, there were moments when she couldn't shake off the feeling that it might be true. She just couldn't seem to connect with Jane - there was a coldness and reserve about her that made Emma feel like her opinion didn't matter. Plus, Jane's aunt never stopped talking, and everyone made such a fuss over Jane. It had always been assumed that they would be close friends since they were the same age, but that just wasn't the case. These were Emma's reasons, and she couldn't think of any better ones. Her dislike of Jane wasn't very fair, and every flaw she thought Jane had was exaggerated in her mind. So, when she saw Jane for the first time after a two-year absence, she felt guilty for the way she had been thinking about her. Now, when she paid her a visit after being away for two years, she was struck by Jane's appearance and manners - the very things she had been criticizing for so long. Jane was very elegant, and Emma valued elegance highly. Jane's height was just right, her figure was graceful, and her size was perfect - not too thin or too fat, although she did look a bit unwell. Emma couldn't help but notice all of this, and then there was Jane's face - her features were more beautiful than she had remembered. It wasn't a perfect beauty, but it was very pleasing. Her deep grey eyes with dark eyelashes and eyebrows had always been praised, and her skin, which Emma had previously thought was too pale, was actually clear and delicate. This was a kind of beauty that was all about elegance, and Emma felt like she had to admire it. Elegance, whether in a person or their mind, was something she didn't see much of in Highbury, and it was what set someone apart from the rest. During their first visit, Emma found herself looking at Jane with a mix of pleasure and a sense of fairness. She had decided that she wouldn't dislike Jane anymore. When she thought about Jane's life and situation, as well as her beauty, it seemed impossible not to feel compassion and respect for her. Especially when she considered the likely possibility that Jane was in love with Mr. Dixon, which Emma had suspected for a while.",0.2,1.0,7c1ca25d7d301f8ca66658595fa86b053d4a322f8584b8c6920cbfff921f0c76,c21139fce08601b49c3cca3d6f038a989916ea37e84aae58e4bcd6cbf50b2bbb,558,460,0.824373,warning,length_soft_warning,json_ok,2026-06-01T19:28:59Z
groq_llama_3_3_70b_free|run_1|AUSTEN_EMMA_010|simplify,groq_llama_3_3_70b_free,groq,Groq Llama 3.3 70B free-tier run,llama-3.3-70b-versatile,llama-3.3-70b-versatile,run_1,AUSTEN_EMMA_010,simplify,"Emma felt sorry that she had to be polite to Jane Fairfax for three months, even though she didn't like her. She wasn't sure why she didn't like Jane, but Mr. Knightley had once suggested it was because Jane was the kind of accomplished young woman Emma wanted to be. Emma had denied this at the time, but sometimes she wondered if it was true. She had trouble getting to know Jane because Jane seemed so reserved and uninterested in pleasing her. Also, Jane's aunt talked a lot, and everyone made a fuss over Jane. People had expected Emma and Jane to be close friends since they were the same age, but it hadn't worked out that way. These were Emma's reasons for not liking Jane, and she couldn't think of any better ones. Whenever Emma saw Jane after a long time apart, she felt guilty for thinking badly of her. Now, when Emma visited Jane after two years, she was struck by Jane's elegant appearance and manners, which she had been criticizing for so long. Jane was very elegant, and Emma valued elegance highly. Jane was a good height, with a graceful figure and a size that was just right. She looked a bit unhealthy, but Emma couldn't help but notice how beautiful Jane was. Her face was pleasing, with deep grey eyes and dark eyelashes and eyebrows. Her skin was clear and delicate, and Emma had to admit that she admired Jane's beauty. Emma realized that she had been unfair to Jane and decided to stop disliking her. As she thought about Jane's life and situation, Emma felt sorry for her and had a lot of respect for her. She considered how Jane's elegance and beauty would be wasted in her future life, and she felt even more compassion for her, especially since Jane might be in love with Mr. Dixon.",0.2,1.0,7c1ca25d7d301f8ca66658595fa86b053d4a322f8584b8c6920cbfff921f0c76,3f65cde069d79ae8a9048c21425df2dc42fa1db411984cb9a37c23b57d756a70,558,313,0.560932,warning,length_hard_warning,json_ok,2026-06-01T19:29:09Z
groq_llama_3_3_70b_free|run_1|AUSTEN_EMMA_011|paraphrase,groq_llama_3_3_70b_free,groq,Groq Llama 3.3 70B free-tier run,llama-3.3-70b-versatile,llama-3.3-70b-versatile,run_1,AUSTEN_EMMA_011,paraphrase,"Mr. Elton's significance to her had momentarily waned, but his importance soon reasserted itself. Although the initial news did not affect her as strongly as it might have the day before, her interest grew as they conversed, and by the end of their first discussion, she had worked herself into a state of curiosity, wonder, and regret regarding the fortunate Miss Hawkins, which helped to put the Martins in their proper place in her mind. Emma found herself somewhat relieved that the meeting had taken place, as it had helped to dull the initial shock without leaving any lasting impression. Now that Harriet was living with her, the Martins could no longer easily approach her without making an effort to seek her out, which they had previously lacked the courage or condescension to do, especially since Harriet had rejected the brother and the sisters had not visited Mrs. Goddard's in over a year. It was possible that a year might pass before they would be thrown together again, with any necessity or even opportunity for conversation. Human nature tends to be well-disposed towards those in interesting situations, so a young person who either marries or dies is sure to be spoken of kindly. Within a week of Miss Hawkins's name being mentioned in Highbury, she was discovered to possess every desirable quality of person and mind, being handsome, elegant, highly accomplished, and perfectly amiable. When Mr. Elton himself arrived, triumphant in his happy prospects and eager to share the news of her merits, there was little left for him to do but reveal her Christian name and mention whose music she played. Mr. Elton returned a very happy man, having gone away rejected and mortified, only to come back engaged to another woman, one who was superior to his previous interest in every way. He was now gay and self-satisfied, busy and eager, with no regard for Miss Woodhouse and defiant towards Miss Smith. The charming Augusta Hawkins, in addition to her perfect beauty and merit, possessed an independent fortune of ten thousand pounds, a fact that added to her dignity and convenience. The story of their courtship was one he enjoyed telling, of how he had not thrown himself away but had gained a woman of significant means, and had done so with remarkable rapidity, from their initial meeting to the distinguishing notice he had received, with all the attendant smiles, blushes, and agitation. The lady had been easily impressed, sweetly disposed, and ready to accept him, which satisfied both his vanity and prudence.",0.2,1.0,79253818657c94e8735c5e9a0fc7ce3319a2ced52265c0790fac74adfbbcb876,55de89e95dc0f4f68ece6b4015017e996bf2ad0621e4cb1205480f0ff9d62fd0,553,425,0.768535,warning,length_hard_warning,json_ok,2026-06-01T19:29:20Z
groq_llama_3_3_70b_free|run_1|AUSTEN_EMMA_011|modernize,groq_llama_3_3_70b_free,groq,Groq Llama 3.3 70B free-tier run,llama-3.3-70b-versatile,llama-3.3-70b-versatile,run_1,AUSTEN_EMMA_011,modernize,"Mr. Elton's significance to her had taken a hit. However, his confidence gradually bounced back. Although the news didn't affect her as strongly as it would have the day before, or even an hour before, her interest in it grew quickly. By the end of their first conversation about it, Emma had worked herself up into all sorts of emotions - curiosity, wonder, regret, pain, and pleasure - regarding the lucky Miss Hawkins, which helped to put the Martins in their proper place in her mind. Emma was somewhat relieved that the meeting had taken place. It had helped to dull the initial shock without leaving any lasting impact. Now that Harriet was living with her, the Martins couldn't get to her without making an effort to find her, which they had never had the courage or willingness to do before. Since Harriet had turned down the brother, the sisters had never visited Mrs. Goddard's, and it was possible that a year could go by without them running into each other again, with no obligation or even opportunity to talk. Human nature has a way of looking favorably on those who are in interesting situations, so a young person who either gets married or dies is sure to be spoken of kindly. Within a week of Miss Hawkins' name being mentioned in Highbury, she was found to have all the desirable qualities - physical attractiveness, elegance, impressive accomplishments, and a perfect personality. When Mr. Elton himself arrived, thrilled about his prospects and eager to share the news of her merits, there wasn't much left for him to do but reveal her first name and mention whose music she played. Mr. Elton returned as a very happy man. He had left feeling rejected and humiliated, disappointed in his high hopes after a series of what seemed like encouraging signs, and not only had he lost the woman he wanted, but he had also been lowered to the level of someone he considered unsuitable. He had left feeling deeply offended, but he came back engaged to someone else - and someone he considered superior to his previous interest. He came back cheerful and self-satisfied, busy and eager, no longer caring about Miss Woodhouse and unconcerned about Miss Smith. The charming Augusta Hawkins had all the usual advantages of being perfect - beauty, merit, and a significant fortune of around ten thousand pounds, which was a point of both dignity and convenience. The story of their meeting sounded great - he hadn't made a mistake by choosing her; he had gained a woman with a substantial amount of money, and he had won her over quickly. The story he told Mrs. Cole about how their relationship developed was impressive - from their chance meeting to the dinner at Mr. Green's and the party at Mrs. Brown's, with smiles and blushes becoming more important, and a sense of awareness and excitement building. The lady had been easily impressed, sweetly disposed, and to put it simply, very ready to accept him, which satisfied both his vanity and prudence.",0.2,1.0,79253818657c94e8735c5e9a0fc7ce3319a2ced52265c0790fac74adfbbcb876,9ace3cf54fd36939072a26146be74dcce99c8e54eda4d2ccc7b8835a874f2155,553,506,0.915009,pass,,json_ok,2026-06-01T19:29:32Z
groq_llama_3_3_70b_free|run_1|AUSTEN_EMMA_011|simplify,groq_llama_3_3_70b_free,groq,Groq Llama 3.3 70B free-tier run,llama-3.3-70b-versatile,llama-3.3-70b-versatile,run_1,AUSTEN_EMMA_011,simplify,"Mr. Elton's importance to Emma had decreased, but it was coming back. At first, she didn't feel the same way about his news as she had the day before. However, as they talked, she started to feel curious, surprised, and a little regretful about the lucky Miss Hawkins. This helped her to think of the Martins as less important.

Emma was somewhat glad that Mr. Elton had met Miss Hawkins. It had helped to reduce the initial shock, and it didn't have any lasting effect that would cause alarm. Now that Harriet was living with her, the Martins couldn't easily see her unless they made an effort to find her. Since Harriet had turned down their brother, the sisters had never visited Mrs. Goddard's, and it was possible that a year could pass without them meeting again.

People often speak kindly of those who are in interesting situations, like getting married or passing away. Within a week of Miss Hawkins being mentioned in Highbury, people found out that she was beautiful, elegant, talented, and very likable. When Mr. Elton returned to share the news of his engagement, all he had to do was mention her first name and the type of music she played.

Mr. Elton came back to Highbury as a happy man. He had left feeling rejected and disappointed after being encouraged to think he had a chance with Emma. He had also felt insulted, but now he was engaged to someone else, someone he thought was superior to Emma. He was proud and self-satisfied, no longer caring about Emma or Harriet.

The charming Augusta Hawkins had many advantages, including being beautiful and talented. She also had a large amount of money, which was a significant point in her favor. Mr. Elton was pleased to have gained someone so special, and he enjoyed sharing the story of how they met and fell in love. He told Mrs. Cole about how quickly things had progressed, from their first meeting to the parties they attended together. Miss Hawkins had been easily impressed and had clearly been interested in him, which made Mr. Elton feel happy and content.",0.2,1.0,79253818657c94e8735c5e9a0fc7ce3319a2ced52265c0790fac74adfbbcb876,5fcf8e090c15e0a467c1c96c8b060cca4035d9370411a9a40ff7792abf6b9f8c,553,357,0.64557,warning,json_repaired_loose_rewritten_text;length_hard_warning,json_repaired_loose_rewritten_text,2026-06-01T19:29:44Z
groq_llama_3_3_70b_free|run_1|AUSTEN_EMMA_012|paraphrase,groq_llama_3_3_70b_free,groq,Groq Llama 3.3 70B free-tier run,llama-3.3-70b-versatile,llama-3.3-70b-versatile,run_1,AUSTEN_EMMA_012,paraphrase,"He argued with the enthusiasm of a young man eager to dance, and Emma was somewhat surprised to see the Weston family's nature prevail over the Churchill family's habits. He seemed to have inherited his father's lively spirit, cheerful disposition, and social inclinations, with little of the pride or reserve that characterized Enscombe. However, his lack of concern for social standing bordered on a lack of refinement. He was not in a position to judge the potential consequences of his actions, as his lively nature led him to overlook them. At last, he was persuaded to move away from the front of the Crown, and as they approached the house where the Bateses lived, Emma reminded him of his intended visit the previous day and asked if he had paid it. He replied that he had, and it had been a successful visit, during which he saw all three ladies and was grateful for Emma's prior warning about the talkative aunt. If he had not been prepared, the visit might have been overwhelming, but as it was, he found himself staying for nearly three-quarters of an hour, unable to escape the good lady's conversation. Emma asked about Miss Fairfax's appearance, and he replied that she looked ill, although he acknowledged that it was not entirely proper to describe a young lady in such terms. He believed that Miss Fairfax's pale complexion detracted from her beauty, but Emma disagreed, arguing that her skin had a softness and delicacy that added to her elegance. He listened politely but remained unconvinced, believing that a fine complexion was essential to beauty. Emma pointed out that he admired Miss Fairfax despite her complexion, but he insisted that he could not separate the two. She asked if he had seen Miss Fairfax often at Weymouth, and he began to respond, but they were interrupted by their approach to Ford's shop, which his father had told him was a daily destination for many people, including himself, who had business there six days a week.",0.2,1.0,5943644ca82823e88169f8b8ad4cfb7d99db45c726ab09e0c71f475c326f509e,80f5722daa02868bf2e991a8bac222f6e357a02f87016036a15ec2ae0609eaf7,566,337,0.595406,warning,length_hard_warning,json_ok,2026-06-01T19:29:55Z
groq_llama_3_3_70b_free|run_1|AUSTEN_EMMA_012|modernize,groq_llama_3_3_70b_free,groq,Groq Llama 3.3 70B free-tier run,llama-3.3-70b-versatile,llama-3.3-70b-versatile,run_1,AUSTEN_EMMA_012,modernize,"He argued like a young man who was really into dancing, and Emma was a bit surprised to see the Weston side of the family win out so clearly over the Churchill habits. He seemed to have all the energy and enthusiasm, cheerful feelings, and social skills of his father, and none of the pride or reserve of Enscombe. If anything, he might have been a bit too laid-back - his casual attitude towards social status sometimes bordered on being a bit too casual. But he couldn't really judge the impact of his behavior. It was just a result of his lively personality. Eventually, he was persuaded to move on from the front of the Crown, and as they were now almost in front of the house where the Bateses lived, Emma remembered his planned visit from the day before and asked him if he had stopped by. 'Yes, oh, yes,' he replied. 'I was just about to mention it. It was a really successful visit - I saw all three ladies, and I really appreciated your heads-up beforehand. If the talkative aunt had caught me off guard, it would have been a disaster. As it was, I just got a bit carried away and ended up staying longer than I meant to. Ten minutes would have been plenty, but I couldn't seem to tear myself away. And to my complete surprise, when my father finally tracked me down, I realized I had been sitting with them for almost 45 minutes. The nice lady just wouldn't let me escape.' 'So, what did you think of Miss Fairfax?' Emma asked. 'She looked ill, or at least, as ill as a young woman can look,' he replied. 'But I guess you're not supposed to say that about ladies. Miss Fairfax is just naturally pale, which can make her look a bit unwell. It's really too bad she doesn't have a healthier complexion.' Emma disagreed and started defending Miss Fairfax's skin tone. 'It's not like it's ever been radiant, but it's not sickly either. And she has a soft, delicate complexion that really adds to her beauty.' He listened politely and acknowledged that lots of people shared Emma's opinion, but he just couldn't get past the fact that Miss Fairfax didn't have that healthy glow. 'When someone's features are just average, a great complexion can make all the difference,' he said. 'And when they're already good-looking, it's like the icing on the cake.' 'Well,' Emma said, 'I guess we just have to agree to disagree on this one. At least you think she's great except for her complexion.' He shook his head and laughed. 'I just can't separate Miss Fairfax from her complexion.' 'Did you see her a lot when you were in Weymouth? Were you guys part of the same social circle?' Just then, they were approaching Ford's, and he suddenly exclaimed, 'Hey, this must be the store that everyone goes to every day, according to my dad. He says he comes to Highbury six days a week and always has business at Ford's.'",0.2,1.0,5943644ca82823e88169f8b8ad4cfb7d99db45c726ab09e0c71f475c326f509e,160a8b08163f4f76b1859c0f90fa20cc6bc5a955aaddc7063f31351c4ee8cea9,566,510,0.90106,pass,,json_ok,2026-06-01T19:30:07Z
groq_llama_3_3_70b_free|run_1|AUSTEN_EMMA_012|simplify,groq_llama_3_3_70b_free,groq,Groq Llama 3.3 70B free-tier run,llama-3.3-70b-versatile,llama-3.3-70b-versatile,run_1,AUSTEN_EMMA_012,simplify,"He argued like a young man who really wanted to dance, and Emma was a bit surprised to see that the Weston family's outgoing nature was winning out over the more reserved habits of the Churchills. He seemed to have his father's lively and social personality, but not the pride or reserve of his other family members. In fact, he might have been a bit too casual about social differences. He couldn't really understand the problems that came with not caring about social status. To him, it was just a fun and lively attitude. Eventually, he was persuaded to move on from the front of the Crown, and as they walked towards the house where the Bateses lived, Emma remembered that he had planned to visit them the day before. She asked him if he had gone. 'Yes, I did,' he replied. 'It was a very successful visit. I met all three ladies, and I appreciated your warning about what to expect. If I hadn't been prepared for the talkative aunt, it would have been overwhelming. As it was, I ended up staying much longer than I meant to - almost 45 minutes. I had told my father I would be home before him, but I couldn't escape. When he finally found me there, I was surprised by how much time had passed.' Emma asked, 'How did you think Miss Fairfax looked?' He replied, 'Not well, but it's not really fair to say that a young woman can look ill. Ladies are always supposed to look healthy. But Miss Fairfax is naturally pale, which can make her look unwell.' Emma disagreed and started defending Miss Fairfax's complexion. 'It's not that she has a brilliant complexion, but it's not sickly either. Her skin has a softness and delicacy that makes her face very elegant.' He listened politely and acknowledged that many people shared Emma's opinion, but he still thought that a healthy glow was essential for beauty. 'Well,' Emma said, 'I suppose we can't agree on everything. But you do admire Miss Fairfax, even if you don't like her complexion.' He shook his head and laughed. 'I don't think I can separate Miss Fairfax from her complexion.' Emma asked, 'Did you see her often at Weymouth? Were you in the same social circle?' Just then, they were approaching Ford's shop, and he exclaimed, 'Ah, this must be the shop that everyone goes to every day, according to my father. He says he comes to Highbury six days a week and always has business at Ford's.'",0.2,1.0,5943644ca82823e88169f8b8ad4cfb7d99db45c726ab09e0c71f475c326f509e,3b05f9f457efc316e2952397406d58620678875701e1b8753a43c9bb9e7d1193,566,423,0.74735,warning,length_hard_warning,json_ok,2026-06-01T19:30:20Z
groq_llama_3_3_70b_free|run_1|AUSTEN_EMMA_013|paraphrase,groq_llama_3_3_70b_free,groq,Groq Llama 3.3 70B free-tier run,llama-3.3-70b-versatile,llama-3.3-70b-versatile,run_1,AUSTEN_EMMA_013,paraphrase,"I was just telling Mr. Cole, I felt truly embarrassed to look at our new grand pianoforte in the drawing room, considering I don't know the first thing about music, and our little girls have only just begun to learn, and may not ever become proficient; meanwhile, poor Jane Fairfax, who is incredibly talented musically, doesn't even have a simple instrument to entertain herself with. I was discussing this with Mr. Cole just yesterday, and he agreed with me, though his love of music is so strong that he couldn't resist buying the pianoforte, hoping our neighbors might be kind enough to play it occasionally, which is really the reason we purchased it, or else I think we should be ashamed of it. We're hoping Miss Woodhouse will try playing it this evening. Miss Woodhouse responded appropriately, and when she found she couldn't glean any more information from Mrs. Cole, she turned to Frank Churchill. 'Why are you smiling?' she asked. 'Why are you?' he replied. 'I suppose I'm smiling because Colonel Campbell is so wealthy and generous,' she said. 'It's a lovely gift.' 'Indeed it is,' he agreed. 'I'm a bit surprised it wasn't given to her before.' 'Perhaps Miss Fairfax has never stayed here for so long before,' he suggested. 'Or maybe he didn't offer her the use of their own instrument, which must be sitting unused in London.' 'That's a grand pianoforte, and he might think it's too large for Mrs. Bates's house.' 'You can say what you like, but your expression suggests your thoughts on this matter are similar to mine.' 'I don't know,' he said. 'I think you're giving me too much credit for being perceptive. I smile because you smile, and I'll probably suspect whatever you suspect, but for now, I don't see what's to question. If Colonel Campbell isn't the one who gave it to her, who could it be?' 'What do you think of Mrs. Dixon?' she asked. 'Mrs. Dixon! That's a good point,' he said. 'She must know as well as her father how much Jane would appreciate an instrument, and perhaps the secretive way it was given is more like something a young woman would do than an older man. I think it's likely Mrs. Dixon.' 'If that's the case, you should also suspect Mr. Dixon,' she said. 'Mr. Dixon, yes, that makes sense. I can see that it must be a joint gift from Mr. and Mrs. Dixon. We were talking about how he admires her playing the other day, and what you told me about that confirmed an idea I had already.' 'Yes, and what you said earlier reinforced an idea I had already considered. I don't mean to question the good intentions of Mr. Dixon or Miss Fairfax, but I couldn't help wondering if, after proposing to her friend, he had the misfortune of falling in love with her, or if he became aware of her feelings for him.",0.2,1.0,8fe43f101095139bb9d5d5e3409a0491dcf670753d0c20cd1d82913e3734e602,d30e870be63acd4feee2224a537599ac99b393c5108a989ea293292b56895ccd,563,492,0.87389,pass,,json_ok,2026-06-01T19:30:31Z
groq_llama_3_3_70b_free|run_1|AUSTEN_EMMA_013|modernize,groq_llama_3_3_70b_free,groq,Groq Llama 3.3 70B free-tier run,llama-3.3-70b-versatile,llama-3.3-70b-versatile,run_1,AUSTEN_EMMA_013,modernize,"and it was just yesterday that I was talking to Mr. Cole, I really felt embarrassed to look at our new grand piano in the living room, while I don't know one note from another, and our little girls, who are just starting out, may never become proficient; and there's poor Jane Fairfax, who is incredibly talented in music, but doesn't even have a basic instrument, not even an old upright piano, to entertain herself with. I was saying this to Mr. Cole just yesterday, and he completely agreed with me; only he's so passionate about music that he couldn't resist buying it, hoping that some of our neighbors might be kind enough to use it more effectively than we can; and that's really the reason why the instrument was purchased - or else I'm sure we should be ashamed of it. We're really hoping that Miss Woodhouse might be persuaded to try it out this evening. Miss Woodhouse gave the appropriate response, and finding that nothing more could be gathered from any of Mrs. Cole's comments, turned to Frank Churchill. 'Why are you smiling?' she asked. 'Why are you?' he replied. 'Me? I suppose I'm smiling because Colonel Campbell is so wealthy and generous. It's a lovely gift.' 'Very much so.' 'I'm a bit surprised that it wasn't given to her before.' 'Maybe Miss Fairfax has never stayed here for so long before.' 'Or maybe he didn't offer her the use of their own piano, which must be sitting unused in London.' 'That's a high-quality piano, and he might think it's too big for Mrs. Bates's house.' 'You can say what you want, but your expression suggests that your thoughts on this subject are very similar to mine.' 'I don't know. I think you're giving me more credit for being perceptive than I deserve. I'm smiling because you're smiling, and I'll probably suspect whatever you suspect; but for now, I don't see what there is to question. If Colonel Campbell isn't the person who gave it to her, who could it be?' 'What do you think about Mrs. Dixon?' 'Mrs. Dixon? That's a good point. I hadn't thought of her. She must know as well as her father how much Jane would appreciate an instrument; and maybe the way it was given, the secrecy, the surprise, is more like something a young woman would plan than an older man.' 'I think it's probably Mrs. Dixon. I told you that your suspicions would influence mine.' 'If that's the case, you should also consider Mr. Dixon as part of the gift.' 'Mr. Dixon. Okay, yes, I can see that it must be a joint gift from Mr. and Mrs. Dixon. We were talking the other day about how much he admires her talent.' 'Yes, and what you told me about that confirmed an idea I had already. I don't mean to question the good intentions of either Mr. Dixon or Miss Fairfax, but I couldn't help wondering if, after he proposed to her friend, he had the misfortune of falling in love with her, or if he became aware of her feelings for him.",0.2,1.0,8fe43f101095139bb9d5d5e3409a0491dcf670753d0c20cd1d82913e3734e602,c5c43e1989b1fe21fdaf2c8a0fdfd8b252e0b91041701ed1d3c558ec064bacd6,563,522,0.927176,pass,,json_ok,2026-06-01T19:30:42Z
groq_llama_3_3_70b_free|run_1|AUSTEN_EMMA_013|simplify,groq_llama_3_3_70b_free,groq,Groq Llama 3.3 70B free-tier run,llama-3.3-70b-versatile,llama-3.3-70b-versatile,run_1,AUSTEN_EMMA_013,simplify,"I was just telling Mr. Cole that I felt embarrassed about our new grand piano in the living room. I don't know how to play it, and our little girls are just starting to learn. Meanwhile, Jane Fairfax is very talented at music, but she doesn't even have a simple instrument to play. I was talking to Mr. Cole about this, and he agreed with me. He loves music so much that he hoped our neighbors might be willing to play the piano sometimes. That's why we bought it. We're hoping Miss Woodhouse will try playing it tonight. Miss Woodhouse agreed, and then she turned to Frank Churchill. 'Why are you smiling?' she asked. 'Why are you?' he replied. 'I'm smiling because Colonel Campbell is so generous,' she said. 'It's a very nice gift.' 'Yes, it is,' he said. 'I'm surprised he didn't give her a piano before.' 'Maybe Jane hasn't stayed here long enough before,' he said. 'Or maybe he didn't want to lend her their own piano, which is now in London.' 'Their piano is very big, so maybe he thought it was too large for Mrs. Bates's house.' 'You can say what you want, but I think you're thinking the same thing as me,' she said. 'I don't know. I think you're giving me too much credit for being perceptive. I'm smiling because you're smiling, and I'll probably suspect what you suspect. But for now, I don't see what's suspicious. If Colonel Campbell didn't give her the piano, who could have?' 'What about Mrs. Dixon?' he asked. 'Mrs. Dixon? That's a good point. She must know how much Jane would appreciate a piano, and maybe she likes surprises. It's probably Mrs. Dixon who gave her the piano.' 'If that's the case, then you should also suspect Mr. Dixon,' he said. 'Mr. Dixon? Okay, I can see that. Yes, it was probably a joint gift from Mr. and Mrs. Dixon. We were talking about how much he admires Jane's music.' 'Yes, and what you told me about that confirmed what I was already thinking. I don't mean to question Mr. Dixon's or Jane's intentions, but I suspect that either he fell in love with her after proposing to her friend, or he realized she had feelings for him.'",0.2,1.0,8fe43f101095139bb9d5d5e3409a0491dcf670753d0c20cd1d82913e3734e602,13ad3d700f74810789046aec1d58c6baf802ac38aa2afa1f10ba29ac1d62a226,563,380,0.674956,warning,length_hard_warning,json_ok,2026-06-01T19:30:53Z
groq_llama_3_3_70b_free|run_1|AUSTEN_EMMA_014|paraphrase,groq_llama_3_3_70b_free,groq,Groq Llama 3.3 70B free-tier run,llama-3.3-70b-versatile,llama-3.3-70b-versatile,run_1,AUSTEN_EMMA_014,paraphrase,"There was no immediate sign of him. Instead, he was engaged in conversation with Mrs. Cole, seemingly unconcerned, while Jane was asked to dance by someone else. Emma's concern for Henry's interest had dissipated, and she began the dance with genuine enthusiasm and enjoyment. Although only five couples could be assembled, the rarity and spontaneity of the occasion made it delightful, and she found herself well-matched with her partner. They were a couple worthy of attention. Unfortunately, they were only able to dance twice, as it was growing late and Miss Bates was eager to return home to attend to her mother. After some attempts to persuade Mrs. Weston to allow them to continue, they were forced to express their gratitude, look disappointed, and bring the evening to a close. As Frank Churchill escorted Emma to her carriage, he remarked, 'Perhaps it is for the best. I would have had to ask Miss Fairfax to dance, and her lackluster dancing would not have compared to yours.' The following day, Emma did not regret her decision to visit the Coles. The evening had provided her with many pleasant memories, and any perceived loss of dignity was more than compensated for by the admiration she had garnered. She must have delighted the Coles, deserving people who merited happiness, and left a lasting impression. Perfect happiness, even in retrospect, is uncommon, and there were two aspects that left Emma with some unease. She wondered if she had overstepped by sharing her suspicions about Jane Fairfax's feelings with Frank Churchill. It was not entirely proper, but the idea had been so compelling that she could not help but express it, and his willingness to listen was a testament to her insight, making it difficult for her to determine whether she should have remained silent. The other circumstance that gave her pause was also related to Jane Fairfax, and in this instance, she was certain. She sincerely regretted the inferiority of her own musical abilities and lamented the idleness of her youth, sitting down to practice diligently for an hour and a half. Her practice was interrupted by Harriet's arrival, and if Harriet's praise could have alleviated her concerns, she might have soon been comforted. 'Oh, if only I could play as well as you and Miss Fairfax!' Harriet exclaimed. 'Do not compare us, Harriet,' Emma replied. 'My playing is not comparable to hers, just as a lamp is not comparable to sunlight.' 'Oh, dear, I think you play better than she does. I am sure I would rather hear you play. Everyone last night said how well you played.' 'Those who are knowledgeable about music must have noticed the difference. The truth is, Harriet, that my playing is merely good enough to earn praise, whereas Jane Fairfax's is far superior.' 'Well, I will always think that you play just as well as she does, or if there is any difference, it would be imperceptible. Mr. Cole commented on your taste, and Mr.",0.2,1.0,24f10e1a7808601ade8265ee598ce376cf73446633a271fa473f3a2c5cbc2c32,caaa33d4b715d3ff8d2b6479eee2c0ebe5c69cdb419e42421c975aa6913e5fa6,552,498,0.902174,pass,,json_ok,2026-06-01T19:31:04Z
groq_llama_3_3_70b_free|run_1|AUSTEN_EMMA_014|modernize,groq_llama_3_3_70b_free,groq,Groq Llama 3.3 70B free-tier run,llama-3.3-70b-versatile,llama-3.3-70b-versatile,run_1,AUSTEN_EMMA_014,modernize,"There was no immediate sign of him joining the dance. No, he was still chatting with Mrs. Cole, looking completely at ease, while Jane was asked to dance by someone else. Emma had no further concerns about Henry; his interest was still safe, and she started the dance with genuine enthusiasm and enjoyment. Only about five couples were able to join in, but the rarity and spontaneity of the occasion made it truly delightful, and she found herself well matched with her partner. They were a couple worth noticing. Unfortunately, they were only able to fit in two dances. It was getting late, and Miss Bates was getting anxious to head home, worried about her mother. After some attempts to persuade Mrs. Weston to let them continue, they had to thank her, look disappointed, and call it a night. Perhaps it's for the best, said Frank Churchill, as he walked Emma to her car. I would have had to ask Miss Fairfax to dance, and her sluggish dancing style wouldn't have been a good match for me after dancing with you. Emma didn't regret going to the Coles' place. The visit gave her many pleasant memories the next day, and any loss of dignity she might have suffered was more than made up for by the boost to her popularity. She must have made the Coles, who were worthy people, very happy, and she left a lasting impression. Perfect happiness, even in memory, is rare, and there were two things that still bothered her. She wondered if she had overstepped by sharing her suspicions about Jane Fairfax's feelings with Frank Churchill. It wasn't entirely right, but the idea had been so strong that it just came out, and his willingness to listen to her was a compliment to her insight, making it hard for her to be sure she should have kept quiet. The other thing she regretted was also related to Jane Fairfax, and in this case, she had no doubts. She sincerely and wholeheartedly regretted not being as skilled at playing and singing as Jane. She deeply regretted the laziness of her childhood and sat down to practice for an hour and a half. She was interrupted by Harriet's arrival, and if Harriet's praise could have satisfied her, she might have been comforted soon. Oh, if only I could play as well as you and Miss Fairfax, Harriet said. Don't compare us, Harriet, Emma replied. My playing is not even in the same league as hers - it's like comparing a lamp to sunlight. Oh, I think you play better than she does, Harriet said. I think you play just as well as she does, and I'd much rather listen to you. Everyone last night said how well you played. Those who knew what they were talking about must have noticed the difference, Emma said. The truth is, Harriet, my playing is just good enough to earn some praise, but Jane Fairfax's playing is far superior. Well, I'll always think you play just as well as she does, or if there is any difference, nobody would ever notice, Harriet said. Mr. Cole said you have great taste, and Mr.",0.2,1.0,24f10e1a7808601ade8265ee598ce376cf73446633a271fa473f3a2c5cbc2c32,155882e1c2ce208c1702578a1e86ec105d11c240a62654f891f64c6c3be93b89,552,530,0.960145,pass,,json_ok,2026-06-01T19:31:16Z
groq_llama_3_3_70b_free|run_1|AUSTEN_EMMA_014|simplify,groq_llama_3_3_70b_free,groq,Groq Llama 3.3 70B free-tier run,llama-3.3-70b-versatile,llama-3.3-70b-versatile,run_1,AUSTEN_EMMA_014,simplify,"There was no immediate sign of Henry asking anyone to dance. He was too busy talking to Mrs. Cole. Jane was asked by someone else, and Henry was still chatting with Mrs. Cole. Emma was no longer worried about Henry's interest in Jane. She started the dance with genuine enthusiasm and enjoyment. Only five couples were dancing, but it was a rare and delightful experience. Emma found herself well-matched with her partner, and they were a couple worth watching. Unfortunately, they could only dance twice because it was getting late and Miss Bates wanted to go home to take care of her mother. After trying to persuade Mrs. Weston to let them dance again, they had to thank her, look disappointed, and stop. As Frank Churchill walked Emma to her carriage, he said, 'Maybe it's for the best. I would have had to ask Miss Fairfax to dance, and her slow dancing style wouldn't have suited me after dancing with you.' The next day, Emma didn't regret going to the Coles' party. She had many pleasant memories of the evening, and she was happy to have made the Coles happy. She knew she had left a good impression behind. However, Emma wasn't completely happy. She wondered if she had done the right thing by sharing her suspicions about Jane Fairfax's feelings with Frank Churchill. It didn't feel right, but Frank had listened to her and complimented her on her insight. Emma also regretted not being as good at playing the piano and singing as Jane Fairfax. She practiced for an hour and a half to try to improve. When Harriet came in, she praised Emma's playing, but Emma wasn't satisfied. 'Oh, if I could only play as well as you and Miss Fairfax!' Harriet said. 'Don't compare us, Harriet,' Emma replied. 'My playing is nowhere near as good as hers.' Harriet tried to reassure Emma, saying she played just as well as Jane Fairfax, but Emma knew the truth. 'Those who know about music must have noticed the difference,' Emma said. 'My playing is just good enough to be praised, but Jane Fairfax's is much better.' Harriet still thought Emma played just as well, but Emma knew she had a long way to go.",0.2,1.0,24f10e1a7808601ade8265ee598ce376cf73446633a271fa473f3a2c5cbc2c32,55adcddf4d8043ddf5c1353c933fd4c75017128c9fd9c731ed6a87cdacb225d8,552,374,0.677536,warning,length_hard_warning,json_ok,2026-06-01T19:31:26Z
groq_llama_3_3_70b_free|run_1|AUSTEN_EMMA_015|paraphrase,groq_llama_3_3_70b_free,groq,Groq Llama 3.3 70B free-tier run,llama-3.3-70b-versatile,llama-3.3-70b-versatile,run_1,AUSTEN_EMMA_015,paraphrase,"It was truly delightful, and I must say so, for I am sure Miss Woodhouse and Mr. Frank Churchill are aware of everything being discussed. And, raising his voice even louder, I do not see why Miss Fairfax should not be mentioned as well. In my opinion, Miss Fairfax is a skilled dancer, and Mrs. Weston is the most exceptional country-dance player in England, without a doubt. Now, if your friends have any sense of gratitude, they will surely say something complimentary about you and me in return; however, I must take my leave and cannot stay to hear it. Oh, Mr. Knightley, just a moment more; something significant has occurred, and Jane and I are both shocked about the apples. What is the matter now, you ask? To think that you sent us all your store apples, and now you have none left. We are truly shocked, and Mrs. Hodges may well be angry. William Larkins mentioned it here, and you should not have done it, indeed you should not. Ah, he is off, and he never can bear to be thanked. But I thought he would have stayed now, and it would have been a pity not to have mentioned it. Well, returning to the room, I have not been able to succeed. Mr. Knightley cannot stop, as he is going to Kingston, and he asked me if he could do anything for us. Yes, said Jane, we heard his kind offers, and we heard everything. Oh, yes, my dear, I dare say you might have, because the door was open, and the window was open, and Mr. Knightley spoke loudly. You must have heard everything, to be sure. 'Can I do anything for you at Kingston?' he said, so I just mentioned it. Oh, Miss Woodhouse, must you be going? You seem to have just arrived, and it is very obliging of you. Emma found it really time to be at home, as the visit had already lasted long, and upon examining their watches, they realized that much of the morning was gone. Therefore, Mrs. Weston and her companion took their leave, and they could only walk with the two young ladies to Hartfield gates before they set off for Randalls. It may be possible to do without dancing entirely, as there have been instances of young people passing many months without being at any ball, and no material harm came to their body or mind. However, when a beginning is made, and the joys of rapid motion have once been felt, it must be a very heavy set that does not ask for more. Frank Churchill had danced once at Highbury and longed to dance again, and the last half-hour of an evening that Mr. Woodhouse was persuaded to spend with his daughter at Randalls was passed by the two young people in schemes on the subject. Frank's was the first idea, and his was the greatest zeal in pursuing it, for the lady was the best judge of the difficulties and the most solicitous for accommodation and appearance. But still, she had enough inclination to show people again how delightfully Mr. Frank Churchill and Miss Woodhouse danced, for doing that in which she need not blush to compare herself with Jane Fairfax, and even for simple dancing itself, without any of the wicked aids of vanity, to assist him first in pacing out the room they were in to see what it could be made to hold, and then in taking the dimensions of the other parlour, in the hope of discovering, in spite of all that Mr.",0.2,1.0,04cb8579035412bf9e93d7304b989dc5692e1404cc6388b82f0ff3266ce13bd9,876885baf1d49aabc1cb0865cea7ae65ba15bbc48997b108233c0a0c1db379bf,597,603,1.01005,pass,,json_ok,2026-06-01T19:31:37Z
groq_llama_3_3_70b_free|run_1|AUSTEN_EMMA_015|modernize,groq_llama_3_3_70b_free,groq,Groq Llama 3.3 70B free-tier run,llama-3.3-70b-versatile,llama-3.3-70b-versatile,run_1,AUSTEN_EMMA_015,modernize,"Oh, it's absolutely delightful, I must say. I'm sure Miss Woodhouse and Mr. Frank Churchill are hearing every word that's being said. And I don't see why Miss Fairfax shouldn't be mentioned too. I think Miss Fairfax is a great dancer, and Mrs. Weston is the best country-dance player in England, hands down. Now, if your friends have any gratitude, they'll say something nice about you and me in return, but I won't be staying to hear it.

Oh, Mr. Knightley, just a minute more. Something important has come up, and Jane and I are both really shocked about the apples. What's going on now? To think that you sent us all your apples. You said you had a lot, and now you don't have any left. We're really shocked. Mrs. Hodges may be angry. William Larkins mentioned it here. You shouldn't have done it, really, you shouldn't have. Ah, he's off. He can't bear to be thanked. But I thought he'd stay now, and it would have been a pity not to mention... Well, I've gone back to the room, and I haven't been able to succeed. Mr. Knightley can't stop. He's heading to Kingston. He asked me if he could do anything...

Yes, said Jane, we heard his kind offers, we heard everything. Oh, yes, my dear, I'm sure you might have, because the door was open, and the window was open, and Mr. Knightley spoke loudly. You must have heard everything, for sure. 'Can I do anything for you in Kingston?' he said, so I just mentioned... Oh, Miss Woodhouse, must you be going? You seem to have just arrived, and it's so nice of you to visit.

Emma realized it was really time to head home. The visit had already gone on for a while, and when they checked their watches, they saw that a lot of the morning was gone. So, Mrs. Weston and her companion said their goodbyes, and they could only walk with the two young ladies to the Hartfield gates before they set off for Randalls.

It's possible to get by without dancing entirely. There have been cases of young people going months without attending any kind of ball, and it doesn't seem to cause any harm to their physical or mental health. But once you've started dancing, once you've experienced the joy of moving quickly, it's hard to stop. You'd have to be a really serious person not to want to do it again.

Frank Churchill had danced once at Highbury, and he was eager to dance again. The last half hour of an evening that Mr. Woodhouse spent with his daughter at Randalls was spent by the two young people making plans about dancing. Frank had the idea first, and he was the most enthusiastic about making it happen. The lady was the best judge of the challenges they might face, and she was most concerned about making a good impression. But she still wanted to show people how well she and Mr. Frank Churchill danced, and she wanted to dance with him again, without feeling embarrassed or relying on vanity to enjoy herself. So, she helped him measure the room they were in to see how it could be used for dancing, and then they measured the other parlor, hoping to find a way to make it work, despite all the obstacles that Mr.",0.2,1.0,04cb8579035412bf9e93d7304b989dc5692e1404cc6388b82f0ff3266ce13bd9,262712c5e49207c9e8b392182fce6fde271083459b44eaf2452b5f6c9f6a32f0,597,565,0.946399,warning,json_repaired_loose_rewritten_text,json_repaired_loose_rewritten_text,2026-06-01T19:31:48Z
groq_llama_3_3_70b_free|run_1|AUSTEN_EMMA_015|simplify,groq_llama_3_3_70b_free,groq,Groq Llama 3.3 70B free-tier run,llama-3.3-70b-versatile,llama-3.3-70b-versatile,run_1,AUSTEN_EMMA_015,simplify,"Oh, this is really delightful! I'm sure Miss Woodhouse and Mr. Frank Churchill can hear everything we're saying. And I don't see why Miss Fairfax shouldn't be mentioned too. I think she dances very well, and Mrs. Weston is the best country-dance player in England. If our friends are grateful, they'll say something nice about us in return, but I won't stay to hear it.

Oh, Mr. Knightley, just a moment! Something important has happened, and Jane and I are both shocked. What's wrong? It's about the apples. You sent us all your apples, and now you don't have any left. We're really shocked! Mrs. Hodges might be angry. William Larkins mentioned it here. You shouldn't have done it. Ah, he's leaving. He can't bear to be thanked. But I thought he would have stayed, and it would have been a pity not to mention... Well, I haven't been able to succeed. Mr. Knightley can't stay. He's going to Kingston. He asked if he could do anything for us.

Yes, said Jane, we heard his kind offers. We heard everything because the door was open and the window was open, and Mr. Knightley spoke loudly. You must have heard everything. 'Can I do anything for you in Kingston?' he asked, so I just mentioned... Oh, Miss Woodhouse, must you be going? You seem to have just arrived, and it's very kind of you to visit.

Emma thought it was really time to go home. The visit had already lasted a long time, and when they checked their watches, they saw that a lot of the morning was gone. So, Mrs. Weston and her companion said goodbye, and they only had time to walk with the two young ladies to the gates of Hartfield before they left for Randalls.

It's possible to go without dancing, and some young people have gone months without attending any balls without harming their bodies or minds. But once you start dancing, it's hard to stop. When you've felt the joy of moving quickly, you want to do it again. Frank Churchill had danced once at Highbury and wanted to dance again. The last half hour of an evening that Mr. Woodhouse spent with his daughter at Randalls was spent by the two young people making plans to dance again. Frank had the idea, and he was very enthusiastic about it. The lady was the best judge of the difficulties and was most concerned about making it work and looking good. But she still wanted to show people how well she and Mr. Frank Churchill danced, and she wanted to dance with him again.",0.2,1.0,04cb8579035412bf9e93d7304b989dc5692e1404cc6388b82f0ff3266ce13bd9,9300536f1ba73114fcd17044e9c3b43314421eb2a3456fb550655b52f5b14db2,597,438,0.733668,warning,json_repaired_loose_rewritten_text;length_hard_warning,json_repaired_loose_rewritten_text,2026-06-01T19:31:58Z
groq_llama_3_3_70b_free|run_1|AUSTEN_EMMA_016|paraphrase,groq_llama_3_3_70b_free,groq,Groq Llama 3.3 70B free-tier run,llama-3.3-70b-versatile,llama-3.3-70b-versatile,run_1,AUSTEN_EMMA_016,paraphrase,"—Everyone was so happy, and she and her partner were the happiest of all! The only comfort was in saying, 'I told you it would be this way.' Her father had his own thoughts, mainly concerning Mrs. Churchill's illness and the treatment she was receiving. As for the ball, it was a shame that dear Emma had been disappointed, but they would all be safer at home. Emma was ready to receive her visitor well before he arrived, but if his tardiness reflected any lack of eagerness, his sorrowful expression and complete lack of spirits when he did appear made up for it. He found it difficult to speak of his departure, and his dejection was plain to see. For the first few minutes, he sat lost in thought, and when he roused himself, it was only to say, 'Of all dreadful things, saying goodbye is the worst.' 'But you will come again,' Emma said. 'This will not be your only visit to Randalls.' 'Ah,' he replied, shaking his head, 'the uncertainty of when I might be able to return is troubling. I will strive for it with great enthusiasm, and it will be the focus of all my thoughts and concerns. If my uncle and aunt go to town this spring, but I fear they may not, as they did not last spring, I am afraid it is a custom that has been lost forever.' 'Our poor ball must be completely given up,' Emma said. 'Ah, that ball!' he exclaimed. 'Why did we wait for anything? Why not seize the pleasure at once? How often is happiness ruined by preparation, foolish preparation! You told us it would be so. Oh, Miss Woodhouse, why are you always so right?' 'Indeed, I am very sorry to be right in this instance,' Emma replied. 'I would much rather have been merry than wise.' 'If I can come again, we are still to have our ball,' he said. 'My father is counting on it. Do not forget your promise.' Emma smiled graciously. 'What a fortnight it has been!' he continued. 'Every day more precious and delightful than the last, making me less able to bear being anywhere else. Happy are those who can stay in Highbury!' 'As you now do us such great justice,' Emma said, laughing, 'I will venture to ask, did you not come here with some doubts at first? Do we not exceed your expectations? I am sure we do. I am sure you did not expect to like us so much. You would not have taken so long to come if you had had a pleasant idea of Highbury.' He laughed, somewhat self-consciously, and though he denied the sentiment, Emma was convinced that it had been true. 'And you must leave this very morning?' she asked. 'Yes, my father is to meet me here, and we will walk back together. I must be off immediately, as I fear he may arrive at any moment.' 'Not even five minutes to spare for your friends Miss Fairfax and Miss Bates? How unfortunate! Miss Bates's powerful and argumentative mind might have strengthened your resolve.' 'Yes, I did call on them,' he said. 'As I was passing the door, I thought it better to stop in. It was the right thing to do. I went in for three minutes and was detained because Miss Bates was out. I felt it impossible not to wait until she returned.'",0.2,1.0,3683d76cb00e585399ca913cfd5bdc4ee4f2dee74f0d2d727d9a8c68b670a5b2,78bf3e113b4bb16099e1c1cd54484240a8ab766a9ad5a85f23a0cec91bccd74a,550,574,1.043636,pass,,json_ok,2026-06-01T19:32:10Z
groq_llama_3_3_70b_free|run_1|AUSTEN_EMMA_016|modernize,groq_llama_3_3_70b_free,groq,Groq Llama 3.3 70B free-tier run,llama-3.3-70b-versatile,llama-3.3-70b-versatile,run_1,AUSTEN_EMMA_016,modernize,"Everyone was so happy, and she and her partner were the happiest of all. 'I knew it would turn out this way' was the only comfort. Her father had a different perspective. He was mainly concerned about Mrs. Churchill's illness and wanted to know how she was being treated. As for the ball, it was disappointing that Emma had been let down, but they would all be safer at home. Emma was ready for her visitor well before he arrived, but if this reflected poorly on his eagerness, his sad expression and complete lack of enthusiasm when he did show up might make up for it. He found it difficult to talk about leaving. His sadness was obvious. He sat lost in thought for the first few minutes, and when he finally spoke up, it was only to say, 'Of all terrible things, saying goodbye is the worst.' 'But you'll come back,' Emma said. 'This won't be your only visit to Randalls.' 'I hope not,' he replied, shaking his head. 'The uncertainty of when I'll be able to return is frustrating. I'll try to make it happen as soon as possible. It'll be my top priority, and if my uncle and aunt go to the city this spring - but I'm afraid they might not, they didn't go last spring, and I'm worried it's a tradition that's been lost forever.' 'I guess our ball will have to be canceled,' Emma said. 'That ball!' he exclaimed. 'Why did we wait for anything? Why not just enjoy it while we could? Happiness is often ruined by overplanning and foolish preparation. You warned us this would happen. Oh, Miss Woodhouse, why are you always right?' 'To be honest, I'm sorry to be right this time,' Emma replied. 'I would have rather been carefree than wise.' 'If I can come back, we can still have our ball. My father is counting on it. Don't forget your promise.' Emma smiled graciously. 'What a fantastic two weeks it's been!' he continued. 'Every day has been more precious and enjoyable than the last, making it harder for me to leave this place. Lucky are those who get to stay in Highbury!' 'Since you're being so kind to us now,' Emma said with a laugh, 'I'll ask, didn't you have some doubts when you first arrived? Do we exceed your expectations? I think we do. I'm sure you didn't expect to like us this much. You wouldn't have taken so long to visit if you had a positive impression of Highbury.' He laughed, looking a bit self-conscious, and although he denied it, Emma was convinced that he had indeed had some reservations. 'And you have to leave this morning?' 'Yes, my father is meeting me here, and we'll walk back together. I need to get going right away. I'm afraid he'll arrive any minute.' 'Not even five minutes to spare for your friends Miss Fairfax and Miss Bates? What bad luck! Miss Bates's strong, persuasive mind might have helped you.' 'Actually, I did stop by their place. I was passing by, so I thought it was a good idea to drop in. I stayed for three minutes, but then I got held up because Miss Bates was out. I felt like I had to wait for her to return.'",0.2,1.0,3683d76cb00e585399ca913cfd5bdc4ee4f2dee74f0d2d727d9a8c68b670a5b2,d73415754485b4400348784986ed9b71c0b3393b7220a79ce315e8cff9d1d118,550,550,1.0,pass,,json_ok,2026-06-01T19:32:21Z
groq_llama_3_3_70b_free|run_1|AUSTEN_EMMA_016|simplify,groq_llama_3_3_70b_free,groq,Groq Llama 3.3 70B free-tier run,llama-3.3-70b-versatile,llama-3.3-70b-versatile,run_1,AUSTEN_EMMA_016,simplify,"Everyone was happy, and Emma and her partner were the happiest. The only comfort was that it had been predicted. Emma's father had different feelings. He was mainly concerned about Mrs. Churchill's illness and wanted to know how she was being treated. As for the ball, it was disappointing for Emma, but they would all be safer at home. Emma was ready for her visitor before he arrived, but his sad expression and lack of energy when he did come made up for his tardiness. He was clearly upset about leaving. He sat quietly for a few minutes, lost in thought, before speaking. 'Saying goodbye is the worst part,' he said. 'But you will come back,' Emma replied. 'This won't be your only visit to Randalls.' 'I hope not,' he said, shaking his head. 'I don't know when I'll be able to return. I'll try my best to come back, but I'm not sure if my uncle and aunt will go to town this spring. They didn't go last spring, and I'm afraid it's a habit they've given up.' 'I guess we have to give up on the ball,' Emma said. 'Why did we wait?' he asked. 'Why not enjoy the moment? Happiness is often ruined by waiting. You said it would be like this. Why are you always right, Miss Woodhouse?' 'I'm sorry to be right this time,' Emma said. 'I would rather have been happy than wise.' 'If I can come back, we can still have the ball,' he said. 'My father is counting on it. Don't forget your promise.' Emma smiled kindly. 'It's been an amazing two weeks,' he continued. 'Every day has been more precious and enjoyable than the last. I'm not ready to leave Highbury.' 'You're being very kind to us now,' Emma said, laughing. 'But didn't you have some doubts when you first came? Did we exceed your expectations? I think we did. You didn't expect to like us, did you? You wouldn't have taken so long to visit if you had.' He laughed, looking a bit self-conscious, and although he denied it, Emma was convinced that he had been unsure at first. 'You have to leave this morning?' she asked. 'Yes, my father is meeting me here, and we'll walk back together. I have to go now. I'm afraid he'll arrive any minute.' 'Not even five minutes to spare for Miss Fairfax and Miss Bates? That's unlucky. Miss Bates's strong opinions might have helped you.' 'I did visit them,' he said. 'I passed by their house and thought it was the right thing to do. I went in for a few minutes, but Miss Bates was out, and I waited for her to come back.'",0.2,1.0,3683d76cb00e585399ca913cfd5bdc4ee4f2dee74f0d2d727d9a8c68b670a5b2,2ee8b53ec57a6d532fd8d302d1ad5440017cfcacb52dfbad329021f71737c57f,550,452,0.821818,warning,length_soft_warning,json_ok,2026-06-01T19:32:39Z
groq_llama_3_3_70b_free|run_1|AUSTEN_EMMA_017|paraphrase,groq_llama_3_3_70b_free,groq,Groq Llama 3.3 70B free-tier run,llama-3.3-70b-versatile,llama-3.3-70b-versatile,run_1,AUSTEN_EMMA_017,paraphrase,"I have always been deeply attached to my home, and my devotion to it was often remarked upon at Maple Grove. Selina would frequently comment, when preparing to travel to Bristol, that she couldn't persuade me to leave the house, and that she would have to enter the barouche-landau alone, despite her dislike of being without a companion. However, I do not believe in complete seclusion from society, as I think it can have negative consequences. Instead, I think it's essential to strike a balance between socializing and maintaining one's independence. I understand your situation, Miss Woodhouse, and I'm aware that your father's health can be a significant obstacle. Have you considered Bath as a potential solution? I highly recommend it, and I'm confident it could be beneficial for Mr. Woodhouse. I've seen firsthand the positive impact the waters can have on one's health, and the city itself is quite cheerful, which could help lift Mr. Woodhouse's spirits when they are low. As for you, Miss Woodhouse, I think the advantages of Bath are well-known, particularly for young people who have lived relatively secluded lives. I could easily introduce you to some of the best society in the area, and my friend Mrs. Partridge, with whom I always stay when I'm in Bath, would be delighted to show you attention and accompany you to public events. Emma found it difficult to tolerate the idea of being indebted to Mrs. Elton for an introduction, or of being seen in public with someone who was likely to be a vulgar and flashy widow. She managed to restrain herself from responding harshly and instead thanked Mrs. Elton politely, stating that a trip to Bath was out of the question and that she wasn't convinced it would be a good fit for her or her father. To avoid further discussion, Emma quickly changed the subject. I won't ask if you're musical, Mrs. Elton, as a lady's reputation often precedes her, and it's well-known in Highbury that you're an exceptional performer.",0.2,1.0,c169cf754684f68e5287036ad95daf7aecef7afefcc02f73cc8fdbd5f1bbdcd2,f4339064012790f8a19d5ce95b8947a0165cf880131bb708ce22abb968c92738,556,336,0.604317,warning,length_hard_warning,json_ok,2026-06-01T19:32:53Z
groq_llama_3_3_70b_free|run_1|AUSTEN_EMMA_017|modernize,groq_llama_3_3_70b_free,groq,Groq Llama 3.3 70B free-tier run,llama-3.3-70b-versatile,llama-3.3-70b-versatile,run_1,AUSTEN_EMMA_017,modernize,"I'm extremely fond of my home and I think it's really important to have a strong connection to where you live. In fact, I was known for it when I lived at Maple Grove. Selina would often say, when she was heading to Bristol, 'I just can't get this girl to leave the house. I have to go in by myself, even though I hate being alone in the car without someone to talk to.' She said this many times, and yet I don't think it's healthy to completely cut yourself off from the rest of the world. I think it's better to find a balance and spend time with others in moderation. I completely understand your situation, Miss Woodhouse - (looking at Mr. Woodhouse) - your father's health issues must be a significant challenge. Have you considered taking him to Bath? I really think it could be beneficial for him. I highly recommend it. I'm confident that the city and its resources could make a big difference for Mr. Woodhouse. 'My father has tried it before, but it didn't seem to help,' Emma replied. 'And Mr. Perry, who I'm sure you're familiar with, doesn't think it would be any more effective now.' 'That's a shame,' Mrs. Elton said. 'Because when the waters agree with someone, it can be truly amazing the relief they provide. I've seen it firsthand during my time in Bath. The city is also very uplifting, which could really help Mr. Woodhouse's mood, which I understand can be quite low at times. As for you, Miss Woodhouse, I don't need to explain the benefits of Bath for someone your age. It would be a great way for you to meet new people and experience new things, especially since you've had a relatively sheltered life. I could easily introduce you to some of the best people in the city, and my friend Mrs. Partridge, who I always stay with when I'm in Bath, would be more than happy to show you around and help you get settled.' Emma found it difficult to listen to Mrs. Elton without being rude. The idea of owing Mrs. Elton for an introduction, or going out in public with one of her friends, was unbearable. She imagined some flashy, attention-seeking woman who barely scraped by, and the thought of being associated with someone like that was humiliating. Emma managed to keep her cool and thanked Mrs. Elton politely, saying that a trip to Bath was out of the question and that she wasn't convinced it would be the right fit for her or her father. She quickly changed the subject to avoid any further awkwardness. 'I don't need to ask if you're musical, Mrs. Elton,' Emma said. 'Your reputation precedes you, and Highbury has known for a long time that you're a talented performer.'",0.2,1.0,c169cf754684f68e5287036ad95daf7aecef7afefcc02f73cc8fdbd5f1bbdcd2,b851e6d5430cc8ea5d077126f15aacd63f6bec340e89959c357e0c1f0eaaefa2,556,470,0.845324,warning,length_soft_warning,json_ok,2026-06-01T19:33:07Z
groq_llama_3_3_70b_free|run_1|AUSTEN_EMMA_017|simplify,groq_llama_3_3_70b_free,groq,Groq Llama 3.3 70B free-tier run,llama-3.3-70b-versatile,llama-3.3-70b-versatile,run_1,AUSTEN_EMMA_017,simplify,"I love being at home, and people often joked about it when I lived at Maple Grove. My friend Selina would say, 'I have to go to Bristol by myself because Augusta won't leave the house.' She said this many times, but I don't think it's a good idea to never leave your home. I think it's better to spend time with people and be a part of society, but not too much. I understand your situation, Miss Woodhouse, and I'm sure your father's health is a big concern. Have you thought about going to Bath? I think it could really help him. I've seen people get a lot better after visiting Bath, and it's a very cheerful place. It could be good for your father's mood, which I know can be low sometimes. And for you, it would be a great way to meet new people and have new experiences. I could introduce you to some really nice people, and my friend Mrs. Partridge would be happy to show you around. Emma tried not to be rude, but she didn't like the idea of owing Mrs. Elton a favor, especially if it meant going out in public with someone she didn't know or respect. She politely thanked Mrs. Elton and said they wouldn't be going to Bath, and that she wasn't sure it was the right place for her or her father. Then, to change the subject, Emma said, 'I don't need to ask if you like music, Mrs. Elton. Everyone in Highbury already knows that you're a very talented musician.'",0.2,1.0,c169cf754684f68e5287036ad95daf7aecef7afefcc02f73cc8fdbd5f1bbdcd2,5e9fd26e272624c5d68528f5ba4fa4c338967b0f581b6a4a0a58aace7b095f7d,556,262,0.471223,warning,length_hard_warning,json_ok,2026-06-01T19:33:18Z
groq_llama_3_3_70b_free|run_1|AUSTEN_EMMA_018|paraphrase,groq_llama_3_3_70b_free,groq,Groq Llama 3.3 70B free-tier run,llama-3.3-70b-versatile,llama-3.3-70b-versatile,run_1,AUSTEN_EMMA_018,paraphrase,"The full extent of your admiration might catch you off guard one day, who knows. Mr. Knightley was intently focused on fastening the lower buttons of his leather gaiters, and as he responded, a flush rose to his cheeks, whether from the effort or some other reason. 'Oh, are you there? But you are quite behind the times. Mr. Cole hinted at it to me six weeks ago.' He paused, and Emma, feeling her foot pressed by Mrs. Weston, was unsure how to react. A moment later, he continued, 'That will never come to pass, I assure you. Miss Fairfax would likely decline if I were to propose, and I am certain I shall never ask her.' Emma returned the pressure, pleased to remark, 'You are not vain, Mr. Knightley. I will give you that.' He seemed barely to hear her, lost in thought, and soon said, in a manner that showed his displeasure, 'So you have been deciding that I should marry Jane Fairfax?' 'No, indeed I have not,' Emma replied. 'You have scolded me too often for trying to play matchmaker, so I would never presume to do so with you. My earlier comment meant nothing; one says such things without any serious intention. Oh, no, I assure you, I have no desire to see you marry Jane Fairfax or anyone else. If you were married, you would not be able to join us like this, in such a comfortable and easy way.' Mr. Knightley fell into thought once more, and when he spoke, said, 'No, Emma, I do not think my admiration for her will ever take me by surprise. I have never considered her in that light, I assure you.' And soon after, 'Jane Fairfax is a very charming young woman, but not even she is perfect. She has a flaw: she lacks the open and forthright nature that a man would want in a wife.' Emma could not help but feel pleased to hear that Jane had a fault. 'Well,' she said, 'I suppose you quickly put Mr. Cole in his place?' 'Yes, very soon,' Mr. Knightley replied. 'He dropped a hint, I told him he was mistaken, he apologized, and said no more. Cole does not want to appear wiser or more clever than his neighbors.' 'In that respect, he is quite unlike Mrs. Elton, who wants to be wiser and more clever than everyone,' Emma observed. 'I wonder how she speaks of the Coles, what she calls them. How can she find a term for them that is familiar and vulgar enough? She calls you Knightley; what could she possibly call Mr. Cole? And so I am not surprised that Jane Fairfax accepts her civilities and agrees to spend time with her. Mrs. Weston, your argument carries the most weight with me. I can much more easily understand the temptation to escape Miss Bates than I can believe in Jane Fairfax's ability to resist Mrs. Elton's overtures. I have no faith that Mrs. Elton will acknowledge herself as inferior in thought, word, or deed, or that she will restrain herself beyond the limits of basic good manners. I cannot imagine that she will not constantly be insulting her guest with excessive praise, encouragement, and offers of service, or that she will not be constantly detailing her grand plans, from finding her a permanent position to including her in those delightful excursions in the barouche-landau.'",0.2,1.0,55dc7a48ee96c5b10422bb362830a6967881a1aba6fb448e9efdf74eaaff0400,835229008eac535ff3fa5d7502fc82e2474a62921e384c4e19b209200103d9da,601,571,0.950083,pass,,json_ok,2026-06-01T19:33:29Z
groq_llama_3_3_70b_free|run_1|AUSTEN_EMMA_018|modernize,groq_llama_3_3_70b_free,groq,Groq Llama 3.3 70B free-tier run,llama-3.3-70b-versatile,llama-3.3-70b-versatile,run_1,AUSTEN_EMMA_018,modernize,"The extent of your admiration might catch you off guard one day. Mr. Knightley was struggling with the lower buttons of his thick leather boots, and either the effort of getting them fastened or something else brought a flush to his face as he replied, 'Oh, are you there? But you're really behind the times. Mr. Cole hinted at it to me six weeks ago.' He paused. Emma felt Mrs. Weston's foot press against hers, and she wasn't sure what to think. A moment later, he continued, 'That will never happen, though. I'm sure Miss Fairfax wouldn't accept me even if I were to ask her, and I'm very sure I'll never ask her.' Emma returned the pressure, interested, and exclaimed, 'You're not vain, Mr. Knightley. I'll give you that.' He seemed barely to hear her; he was deep in thought, and in a tone that showed he wasn't pleased, he said soon after, 'So you've been deciding that I should marry Jane Fairfax?' 'No, I haven't,' Emma replied. 'You've scolded me too much for trying to play matchmaker, so I wouldn't dare try that with you. What I said just now didn't mean anything. People say those kinds of things without thinking. Oh, no, I don't have the slightest wish for you to marry Jane Fairfax or anyone else. You wouldn't be able to hang out with us like this if you were married.' Mr. Knightley was lost in thought again. The result of his reflection was, 'No, Emma, I don't think my admiration for her will ever catch me off guard. I've never thought of her in that way, I assure you.' And soon after, 'Jane Fairfax is a very charming young woman, but not even she is perfect. She has a flaw: she doesn't have the open and straightforward personality that a man would want in a wife.' Emma couldn't help but feel happy to hear that Jane had a flaw. 'Well,' she said, 'I suppose you quickly set Mr. Cole straight?' 'Yes, very quickly,' Mr. Knightley replied. 'He dropped a hint, I told him he was mistaken, he apologized, and that was the end of it. Cole doesn't want to come across as smarter or wittier than his neighbors.' 'In that respect, he's nothing like Mrs. Elton, who wants to be smarter and wittier than everyone,' Emma said. 'I wonder how she talks about the Coles, what she calls them. How can she find a nickname for them that's familiar and vulgar enough? She calls you Knightley; what can she possibly call Mr. Cole? And so I'm not surprised that Jane Fairfax accepts her kindness and agrees to spend time with her. Mrs. Weston, your argument carries the most weight with me. I can much more easily understand the temptation to get away from Miss Bates than I can believe in Jane Fairfax's ability to resist Mrs. Elton's influence. I don't think Mrs. Elton will ever admit to being inferior to anyone in thought, word, or deed, or that she'll restrain herself beyond basic good manners. I can imagine that she'll constantly be insulting her guest with praise, encouragement, and offers of help, and that she'll constantly be talking about her grand plans, from finding Jane a permanent job to including her in those fun outings in the fancy carriages.'",0.2,1.0,55dc7a48ee96c5b10422bb362830a6967881a1aba6fb448e9efdf74eaaff0400,9155b072e07a5da347ca007d6f7043555eb9aaada9de242eae400ea71999031d,601,554,0.921797,pass,,json_ok,2026-06-01T19:33:42Z
groq_llama_3_3_70b_free|run_1|AUSTEN_EMMA_018|simplify,groq_llama_3_3_70b_free,groq,Groq Llama 3.3 70B free-tier run,llama-3.3-70b-versatile,llama-3.3-70b-versatile,run_1,AUSTEN_EMMA_018,simplify,"The extent of your admiration might surprise you one day, Mr. Knightley said. He was focused on his leather gaiters, and his face turned red as he spoke. 'Oh, are you there? But you're really behind the times. Mr. Cole told me about this six weeks ago.' He stopped, and Emma felt Mrs. Weston press her foot. She didn't know what to think. Then Mr. Knightley continued, 'That will never happen, I can promise you. Miss Fairfax probably wouldn't marry me even if I asked her, and I'm sure I'll never ask her.' Emma pressed Mrs. Weston's foot back and said, 'You're not vain, Mr. Knightley. I'll give you that.' He seemed distracted and not pleased. He said, 'So you think I should marry Jane Fairfax?' Emma replied, 'No, I haven't. You've scolded me for trying to match people up, so I wouldn't dare try that with you. What I said just now didn't mean anything. Sometimes we say things without thinking about what they really mean. Honestly, I don't want you to marry Jane Fairfax or anyone else. If you were married, you wouldn't be able to spend time with us like this.' Mr. Knightley thought for a moment, then said, 'No, Emma, I don't think I'll ever be surprised by how much I admire her. I've never thought of her in that way, I promise.' He added, 'Jane Fairfax is a lovely young woman, but she's not perfect. She has a fault: she's not very open.' Emma was happy to hear that Jane had a flaw. 'Well,' she said, 'I suppose you quickly set Mr. Cole straight?' Mr. Knightley replied, 'Yes, very quickly. He hinted at something, I told him he was wrong, and he apologized and said no more. Mr. Cole doesn't want to seem smarter or wittier than his neighbors.' Emma said, 'That's very different from Mrs. Elton, who wants to be smarter and wittier than everyone. I wonder what she calls the Coles. What could she possibly say about them? She calls you Knightley, but what would she call Mr. Cole? I'm not surprised that Jane Fairfax is friendly with her. Mrs. Weston, your argument makes sense to me. I can understand why Jane would want to get away from Miss Bates, but I don't think Mrs. Elton would ever admit that Jane is better than her. I don't think Mrs. Elton would restrain herself from constantly praising and offering to help Jane, or from talking about her big plans, from finding Jane a job to including her in her social events.'",0.2,1.0,55dc7a48ee96c5b10422bb362830a6967881a1aba6fb448e9efdf74eaaff0400,f942fa73cfe82b35932582fff899df324b1c528265ed3026ced37c9ec14475d2,601,427,0.710483,warning,length_hard_warning,json_ok,2026-06-01T19:33:54Z
groq_llama_3_3_70b_free|run_1|AUSTEN_EMMA_019|paraphrase,groq_llama_3_3_70b_free,groq,Groq Llama 3.3 70B free-tier run,llama-3.3-70b-versatile,llama-3.3-70b-versatile,run_1,AUSTEN_EMMA_019,paraphrase,"I wish you could have heard Mr. Weston's charming remarks to me during dinner, Woodhouse. I must say, I began to think my dear husband might have felt a pang of jealousy. I believe I have made a favourable impression, as he complimented my gown. What do you think of it? Selina chose it, and I think it's lovely, although I'm not sure it's not a bit too elaborate. I have a strong aversion to excessive ornamentation - the idea of being over-dressed is quite distasteful to me. As a bride, I feel obligated to wear certain things, but my personal taste tends towards simplicity. A simple, understated style is infinitely more appealing to me than anything too showy. However, I seem to be in the minority, as most people appear to value flashy attire over simplicity. I'm considering adding a similar trimming to my white and silver poplin - do you think it would be a good idea? The entire party had just reassembled in the drawing room when Mr. Weston arrived. He had come from a late dinner and walked to Hartfield as soon as he finished. His arrival was expected, but it still brought great joy. Mr. Woodhouse was almost as pleased to see him now as he would have been disappointed if he had arrived earlier. John Knightley, on the other hand, was stunned into silence. He couldn't fathom why a man who had spent the day in London and could have spent a quiet evening at home would instead choose to walk to another person's house, just to be in a crowded room until bedtime. A man who had been on the go since morning, talking and socializing, and could have finally rested, had instead opted to venture out again into the cold, sleety evening. John Knightley looked at him in amazement, shrugged his shoulders, and said, 'I wouldn't have believed it, even of him.' Meanwhile, Mr. Weston, oblivious to the surprise he was causing, was his usual cheerful self, regaling the group with stories of his day. Having assured his wife that all her instructions to the servants had been followed, he shared the latest news and was about to share a family update, which he was certain would interest everyone in the room. He handed his wife a letter from Frank, which he had opened on his way, taking the liberty of doing so.",0.2,1.0,9e78378782d509598c4bcf513829e9cf6ea584d91c7aecbf76efc729d8a1fd60,82f02bbcb15631ce0a25b0c3717f2869cb6f8051ef530696c3ab0ea81d533b20,566,399,0.704947,warning,length_hard_warning,json_ok,2026-06-01T19:34:12Z
groq_llama_3_3_70b_free|run_1|AUSTEN_EMMA_019|modernize,groq_llama_3_3_70b_free,groq,Groq Llama 3.3 70B free-tier run,llama-3.3-70b-versatile,llama-3.3-70b-versatile,run_1,AUSTEN_EMMA_019,modernize,"I wish you had heard his charming speeches to me at dinner, Woodhouse. I assure you, I started to think my husband would be jealous. I think I'm rather a favorite of his - he noticed my dress. What do you think of it? Selina chose it, and I think it's nice, but I'm not sure if it's not overdone. I have a strong dislike for the idea of being too flashy - I really hate anything too fancy. I have to wear some accessories now because it's expected of me. A bride is supposed to look like a bride, but my personal taste is all about simplicity. I think a simple style is infinitely better than anything too fancy. However, I think I'm in the minority - most people seem to value flashy clothes over simplicity. I'm considering adding a trim like this to my white and silver poplin. Do you think it would look good? The whole group had just gathered in the living room when Mr. Weston arrived. He had come back for a late dinner and walked to Hartfield as soon as he was done. He had been expected by most people, so it wasn't a surprise, but everyone was very happy to see him. Mr. Woodhouse was almost as happy to see him now as he would have been upset to see him earlier. John Knightley was the only one who was silently astonished. The fact that a man who could have spent his evening quietly at home after a day of work in London would instead walk half a mile to someone else's house to be in a crowd until bedtime, just to be polite and noisy, was something that really struck him. A man who had been on the go since 8 am and could have been resting, who had been talking all day and could have been quiet, who had been in multiple crowds and could have been alone, would choose to leave the peace and freedom of his own home and rush back out into the world on a cold and sleety April evening. If he could have instantly taken his wife home with just a touch of his finger, that would have made sense, but his arrival would probably make the party last longer instead of ending it. John Knightley looked at him in amazement, then shrugged his shoulders and said, 'I wouldn't have believed it, even of him.' Meanwhile, Mr. Weston was completely unaware of the shock he was causing and was being his usual happy and cheerful self. As the main talker, which a day spent away from home entitled him to be, he was making himself enjoyable to the rest of the group. After answering his wife's questions about his dinner and reassuring her that none of her careful instructions to the servants had been forgotten, he shared some public news he had heard. Then, he started to discuss some family matters, which he was sure would be of great interest to everyone in the room. He gave his wife a letter from Frank, which he had met with on his way and had taken the liberty of opening.",0.2,1.0,9e78378782d509598c4bcf513829e9cf6ea584d91c7aecbf76efc729d8a1fd60,8edb042a84a3d961df561f80a55f3c8a7bf49549483e71caaf86ed802edc0584,566,529,0.934629,pass,,json_ok,2026-06-01T19:34:23Z
groq_llama_3_3_70b_free|run_1|AUSTEN_EMMA_019|simplify,groq_llama_3_3_70b_free,groq,Groq Llama 3.3 70B free-tier run,llama-3.3-70b-versatile,llama-3.3-70b-versatile,run_1,AUSTEN_EMMA_019,simplify,"I wish you had heard Mr. Weston's charming comments to me during dinner. I thought my husband might even feel a little jealous. I think I'm a favorite of his, and he noticed my dress. What do you think of it? My friend Selina chose it, and I think it's nice, but maybe it has too many decorations. I don't like the idea of wearing too much finery. As a bride, I'm expected to dress up, but I prefer simple clothes. Most people seem to like fancy clothes, but I think simplicity is better. I'm thinking of adding some decorations to my white and silver dress. Do you think it would look good? The group had just gathered in the living room when Mr. Weston arrived. He had come back for a late dinner and then walked to our house. Everyone was happy to see him, and my father was almost as glad to see him now as he would have been sad to see him earlier. John Knightley was surprised, though. He couldn't believe that Mr. Weston would leave his house after a long day in London, just to be with a group of people until bedtime. Mr. Weston didn't seem to notice that John was surprised. He was happy and talkative, and he started telling us about his day. He told his wife about his dinner and made sure she knew that he had followed all her instructions. Then he shared some news he had heard, and he was about to tell us something important. He gave his wife a letter from Frank, which he had opened on his way here. He thought everyone in the room would be interested in what it said.",0.2,1.0,9e78378782d509598c4bcf513829e9cf6ea584d91c7aecbf76efc729d8a1fd60,2d583fc59b198bcd5092537b96853fb7ae28283ae37573ec2c73591fc81d7cee,566,286,0.5053,warning,length_hard_warning,json_ok,2026-06-01T19:34:33Z
groq_llama_3_3_70b_free|run_1|AUSTEN_EMMA_020|paraphrase,groq_llama_3_3_70b_free,groq,Groq Llama 3.3 70B free-tier run,llama-3.3-70b-versatile,llama-3.3-70b-versatile,run_1,AUSTEN_EMMA_020,paraphrase,"She had little doubt that Frank Churchill's feelings for her had diminished, but his restless behavior and hasty departure did not seem to indicate a complete recovery. Instead, it suggested that he was wary of her influence and had decided not to spend too much time with her. This was the only visit from Frank Churchill over the course of ten days, during which he had often intended to come but was always prevented from doing so. According to his own account at Randall's, his aunt was unable to bear his absence. If he was being truthful and genuinely tried to visit, it could be inferred that his aunt's move to London had not improved her condition. While it was certain that she was ill, Frank Churchill had expressed his conviction of this at Randall's. Although some of her ailments might be imaginary, he could not deny that her health had declined over the past six months. He refused to accept his father's doubts and claim that her complaints were entirely fabricated or that she was as healthy as ever. It soon became apparent that London was not suitable for Mrs. Churchill, as she found the noise unbearable and her nerves were constantly irritated. By the end of the ten days, her nephew's letter to Randall's announced a change of plans. They would be relocating to Richmond immediately, where Mrs. Churchill had been recommended to seek the expertise of a renowned medical professional and had also developed a fondness for the area. A furnished house in a desirable location had been secured, and they anticipated significant benefits from the move. Emma learned that Frank wrote about this arrangement with great enthusiasm and seemed to fully appreciate the opportunity to spend time with his dear friends, as the house had been rented for May and June. She was informed that he now wrote with confidence about visiting them frequently, almost as often as he could wish. Emma observed how Mr. Weston perceived these prospects, considering her to be the source of all the happiness they offered. She hoped this was not the case, as the next two months would reveal the truth. Mr. Weston's own happiness was undeniable, and he was delighted by the circumstances. Having Frank in their neighborhood would be a dream come true. The distance between their location and Richmond was negligible for a young man, and he would be able to visit frequently. In contrast, the distance between Richmond and London was substantial, and the eighteen miles to Manchester-street would have been a significant obstacle. Even if Frank had been able to visit from London, the day would have been spent traveling, making it hardly worth the effort. However, Richmond was the ideal distance for easy interaction, and Mr. Weston was thrilled at the prospect of having Frank nearby.",0.2,1.0,b23f9fa66672509bd7d337d6f3fd11314e3af9cb2183f2ab537e883a09cf92c9,f6969e03c4327a152f193ab44fd78cd4721a34b5352734f552e4a87a900f7c35,552,472,0.855072,pass,,json_ok,2026-06-01T19:34:45Z
groq_llama_3_3_70b_free|run_1|AUSTEN_EMMA_020|modernize,groq_llama_3_3_70b_free,groq,Groq Llama 3.3 70B free-tier run,llama-3.3-70b-versatile,llama-3.3-70b-versatile,run_1,AUSTEN_EMMA_020,modernize,"She had no doubt that Frank Churchill's feelings for her had diminished, but his anxious state and hasty departure didn't seem like a complete solution to the situation. Instead, she suspected that he was afraid of her influence over him and had decided not to spend too much time with her. This was the only visit from Frank Churchill in ten days. He often planned to come but was always prevented from doing so. According to him, his aunt couldn't bear to be apart from him. That's what he said at Randall's. If he was being honest and really tried to visit, it could be inferred that his aunt's move to London hadn't helped her condition. It was clear that she was genuinely ill; he had expressed his conviction about this at Randall's. Although some of it might be in her mind, he couldn't deny that when he looked back, she seemed to be in a weaker state of health than she had been six months prior. He didn't believe her condition was due to anything that proper care and medicine couldn't alleviate, or that she wouldn't have many years left to live. However, he couldn't be persuaded by his father's doubts to say that her complaints were purely imaginary or that she was as healthy as ever. It soon became apparent that London wasn't the right place for Mrs. Churchill. The city's noise was unbearable for her, and her nerves were constantly irritated and suffering. By the end of the ten days, her nephew's letter to Randall's announced a change of plans. They were going to move to Richmond immediately. Mrs. Churchill had been recommended to see a renowned doctor there, and she also had a fondness for the place. A furnished house in a desirable location had been rented, and they expected to benefit greatly from the change. Emma heard that Frank wrote about this arrangement with great enthusiasm and seemed to fully appreciate the opportunity to be close to his dear friends for two months, as the house had been rented for May and June. She was told that he now wrote with confidence about visiting them often, almost as frequently as he could wish. Emma saw how Mr. Weston interpreted these positive developments. He viewed her as the source of all the happiness they offered. She hoped that wasn't the case. Two months would be the test. Mr. Weston's own happiness was undeniable. He was thrilled. This was exactly what he had wanted. Now, Frank would really be in their neighborhood. Nine miles wasn't a significant distance for a young man - just a one-hour ride. He would be visiting them all the time. The difference between Richmond and London was substantial in terms of seeing Frank regularly. Sixteen or eighteen miles - the distance to Manchester Street - was a significant obstacle. If Frank ever managed to get away, the whole day would be spent traveling. There was no comfort in having him in London; he might as well be at Enscombe. But Richmond was the perfect distance for easy visits.",0.2,1.0,b23f9fa66672509bd7d337d6f3fd11314e3af9cb2183f2ab537e883a09cf92c9,4639ae507a511e1cf2adfb5b8200a5aa1f28601cdc3f33e3d164fec0b0ff5561,552,513,0.929348,pass,,json_ok,2026-06-01T19:34:57Z
groq_llama_3_3_70b_free|run_1|AUSTEN_EMMA_020|simplify,groq_llama_3_3_70b_free,groq,Groq Llama 3.3 70B free-tier run,llama-3.3-70b-versatile,llama-3.3-70b-versatile,run_1,AUSTEN_EMMA_020,simplify,"Emma was not convinced that Frank Churchill was completely over his feelings for her. His nervous behavior and quick departure suggested that he might still be struggling with his emotions. She thought that he might be afraid of falling for her again and was being cautious about spending time with her.

This was the only time Frank visited in ten days. He had planned to come more often, but his aunt would not let him leave her side. At least, that's what he told everyone at Randall's. If he was telling the truth, it seemed that his aunt's move to London had not improved her health. Frank believed that she was really ill, and her condition had worsened over the past six months. He didn't think her health issues were just in her mind, but he also didn't think they were serious enough to be life-threatening.

However, it soon became clear that London was not the right place for Frank's aunt. The city was too noisy, and it was irritating her nerves. After ten days, Frank wrote to Randall's to say that they were changing their plans. They were moving to Richmond, where his aunt could receive medical treatment from a renowned doctor. She also liked the idea of living in Richmond, and they had found a suitable house.

Emma heard that Frank was thrilled about the new arrangement. He was looking forward to spending time with his friends, including Emma, over the next two months. The house in Richmond was rented for May and June, and Frank was confident that he would be able to visit often.

Emma noticed that Mr. Weston was also happy about the news. He seemed to think that Emma was the reason for Frank's excitement, but she hoped that was not the case. Only time would tell if Mr. Weston's assumptions were correct.

Mr. Weston was clearly delighted with the news. He thought it was perfect that Frank would be living so close by. Nine miles was not a significant distance, and Frank could easily visit them whenever he wanted. The difference between Richmond and London was huge, and Mr. Weston was grateful that Frank would no longer be so far away. With Frank in Richmond, Mr. Weston expected to see him often, which would be a big change from when Frank was living in London.",0.2,1.0,b23f9fa66672509bd7d337d6f3fd11314e3af9cb2183f2ab537e883a09cf92c9,fae879d9f8c96c550ed5feca47ec430aead46b73d4b3dddeef8f227d6cb7cada,552,392,0.710145,warning,json_repaired_loose_rewritten_text;length_hard_warning,json_repaired_loose_rewritten_text,2026-06-01T19:35:08Z
groq_llama_3_3_70b_free|run_1|DICKENS_GREAT_EXPECTATIONS_001|paraphrase,groq_llama_3_3_70b_free,groq,Groq Llama 3.3 70B free-tier run,llama-3.3-70b-versatile,llama-3.3-70b-versatile,run_1,DICKENS_GREAT_EXPECTATIONS_001,paraphrase,"As I hastened along, I crossed a ditch near the Battery and climbed the mound beyond it, where I came upon a man sitting with his back to me, his arms folded, and his head nodding forward in sleep. I thought it would be a pleasant surprise for him if I approached him with his breakfast, so I crept forward softly and touched his shoulder. To my surprise, he leapt up, and it was not the same man I had expected, but another individual altogether. This man wore a similar coarse grey attire, had an iron on his leg, and was lame, hoarse, and cold, just like the first man. However, his face was different, and he wore a distinctive flat, broad-brimmed, low-crowned felt hat. I took in all these details in an instant, for he quickly swore at me, made a weak, clumsy attempt to strike me, and then stumbled into the mist, disappearing from view. 'It's the young man,' I thought to myself, feeling a sudden surge of excitement. I soon found myself at the Battery, where I encountered the original man, hugging himself and limping back and forth, clearly waiting for me. He was terribly cold, and his eyes looked so hungry that I feared he might collapse before my eyes. When I handed him the file, he laid it on the grass, and I thought to myself that he might have tried to eat it if he hadn't seen the bundle of food I had brought. This time, he didn't turn me upside down to get at my belongings, but instead allowed me to open the bundle and empty my pockets while remaining right side up. 'What's in the bottle, boy?' he asked, his voice shaking with cold. 'Brandy,' I replied. He was devouring the mincemeat with great haste, but paused to take a swig of the liquor, his body shivering violently as he struggled to keep the bottle between his teeth. 'I think you have the ague,' I said, concerned. 'I'm inclined to agree with you, boy,' he replied, his teeth chattering. 'It's a bad place around here,' I warned him. 'You've been lying on the marshes, and they're notorious for being aguish and rheumatic.' 'I'll eat my breakfast before I die,' he said, his eyes fixed on the mist surrounding us. 'I'd do that even if I were about to be hanged from that gallows over there. I'll beat the shivers, I'll bet you.' As he ate, he stared distrustfully at the mist, often stopping to listen, his jaws working rapidly as he consumed the food.",0.2,1.0,a14bcf79680695028d171899208aa359ab9651261b698221a37d6d5ff665ad7f,395f71837a37844111944fbf6aae28a8f7989b28f2cbf54a363754f6e3612cdd,578,432,0.747405,warning,length_hard_warning,json_ok,2026-06-02T08:50:05Z
groq_llama_3_3_70b_free|run_1|DICKENS_GREAT_EXPECTATIONS_001|modernize,groq_llama_3_3_70b_free,groq,Groq Llama 3.3 70B free-tier run,llama-3.3-70b-versatile,llama-3.3-70b-versatile,run_1,DICKENS_GREAT_EXPECTATIONS_001,modernize,"I made my way along the path as quickly as possible. After crossing a ditch that I knew was close to the Battery, I climbed up the mound on the other side and saw a man sitting in front of me. His back was turned to me, and he had his arms folded, nodding forward as he struggled to stay awake.

I thought he would appreciate it if I surprised him with his breakfast, so I approached him quietly and touched his shoulder. He immediately jumped up, but to my surprise, it wasn't the same man - it was someone else.

This new man was also dressed in coarse grey clothing, had a large iron shackle on his leg, and was lame, hoarse, and cold, just like the first man. However, he had a different face and was wearing a flat, broad-brimmed hat. I took all of this in quickly, as I only had a moment to react. He cursed at me, swung at me with a weak, clumsy blow that missed me and almost knocked him off balance, and then he ran into the mist, stumbling twice as he went, and I lost sight of him.

'It's the young man,' I thought, feeling my heart racing as I realized who it was. I probably would have felt a pang of fear if I had known what to expect.

Soon after, I arrived at the Battery, and there was the original man, hugging himself and limping back and forth as if he had been doing it all night, waiting for me. He was extremely cold, and I was worried that he might collapse in front of me at any moment. His eyes looked hungry, and when I handed him the file and he put it down on the grass, I thought he might try to eat it if he hadn't seen the food in my bundle. This time, he didn't turn me upside down to get to my belongings, but instead let me stay upright while I opened the bundle and emptied my pockets.

'What's in the bottle, boy?' he asked.

'Brandy,' I replied.

He was already eating the mincemeat in a frantic, hurried manner, but he stopped to take a swig of the liquor. He was shivering so violently that it was a struggle for him to keep the bottle steady without biting it.

'I think you have a bad case of the flu,' I said.

'I think you're right, boy,' he agreed.

'It's not good around here,' I told him. 'You've been lying out in the marshes, and they're notorious for being unhealthy. You're probably going to get rheumatism too.'

'I'll eat my breakfast before I die from it,' he said. 'I'd do that even if I was going to be hanged from the gallows over there right afterwards. I'll shake off the chills, I'm sure of it.'

He was devouring the mincemeat, meat, bread, cheese, and pork pie all at once, staring suspiciously at the mist surrounding us and frequently stopping to listen, even stopping mid-chew.",0.2,1.0,a14bcf79680695028d171899208aa359ab9651261b698221a37d6d5ff665ad7f,783f59bff73f6a3e09ed4b37514fa506213196676a0b8ad786ab8e4537d75b75,578,508,0.878893,warning,json_repaired_loose_rewritten_text,json_repaired_loose_rewritten_text,2026-06-02T08:50:16Z
groq_llama_3_3_70b_free|run_1|DICKENS_GREAT_EXPECTATIONS_001|simplify,groq_llama_3_3_70b_free,groq,Groq Llama 3.3 70B free-tier run,llama-3.3-70b-versatile,llama-3.3-70b-versatile,run_1,DICKENS_GREAT_EXPECTATIONS_001,simplify,"I was making my way as quickly as possible when I crossed a ditch near the Battery and climbed up the mound on the other side. That's when I saw a man sitting in front of me. His back was turned, and he had his arms folded, nodding forward as if he was sleepy.

I thought it would be a nice surprise for him if I brought him breakfast, so I approached him quietly and touched his shoulder. He jumped up right away, but to my surprise, it wasn't the same man. This new man was wearing similar clothes - a coarse grey outfit - and had a big iron on his leg. He was also lame, hoarse, and cold, just like the first man. However, his face was different, and he wore a flat, broad-brimmed hat.

All of this happened in an instant. The man swore at me, tried to hit me, and then ran into the mist, stumbling as he went. I lost sight of him quickly. As I thought about what had just happened, I realized that this must be the young man I had been thinking about. My heart was racing, and I felt a surge of excitement.

Soon after, I arrived at the Battery and found the original man waiting for me. He was hugging himself and limping back and forth, trying to warm up. He looked extremely cold, and I was worried that he might collapse from the cold at any moment. His eyes also looked very hungry, and when I handed him a file, I thought he might try to eat it if he hadn't seen the food in my bundle.

As I opened my bundle and emptied my pockets, the man asked me what was in the bottle. I told him it was brandy. He was eating mincemeat quickly, almost like he was hiding it away, but he stopped to take a drink. He was shivering so violently that it was hard for him to hold the bottle without biting it.

I thought he might have a fever, and I told him so. He agreed with me. I warned him that the area was known for being unhealthy and could cause rheumatic problems. He was determined to finish his breakfast, even if it was his last meal before being executed. He was eating all sorts of food at once - mincemeat, bread, cheese, and pork pie - while staring suspiciously at the mist around us and often stopping to listen.",0.2,1.0,a14bcf79680695028d171899208aa359ab9651261b698221a37d6d5ff665ad7f,cc5fc1ea5cfa716f03e76a044cd093f397795d284bbdbdd857c1a8596e24378c,578,414,0.716263,warning,json_repaired_loose_rewritten_text;length_hard_warning,json_repaired_loose_rewritten_text,2026-06-02T08:50:27Z
groq_llama_3_3_70b_free|run_1|DICKENS_GREAT_EXPECTATIONS_002|paraphrase,groq_llama_3_3_70b_free,groq,Groq Llama 3.3 70B free-tier run,llama-3.3-70b-versatile,llama-3.3-70b-versatile,run_1,DICKENS_GREAT_EXPECTATIONS_002,paraphrase,"The sergeant quickly finished his drink and seemed eager for another. I observed that Mr. Pumblechook, in his enthusiasm for being a host, appeared to have forgotten that he was the one who had given the wine as a gift, and instead took the bottle from Mrs. Joe, passing it around with great fanfare, as if he were the one providing the hospitality. Even I received some of the wine. He was so generous with the wine that he called for the second bottle and handed it around with the same warmth, once the first was empty.

As I watched the group gathered around the forge, enjoying themselves immensely, I couldn't help but think about the fugitive on the marshes and how he had added such excitement to their evening. Before his presence was known, they hadn't been having nearly as much fun. Now, with everyone eagerly anticipating the capture of 'the two villains,' the atmosphere was electric. The bellows seemed to roar with renewed intensity, the fire flared, the smoke hurried away, and the shadows on the wall appeared to shake with menace as the flames danced and the sparks fell. The pale afternoon outside seemed to grow even paler, as if in sympathy with the fugitives.

Eventually, Joe finished his task, and the noise of the forge ceased. As Joe put on his coat, he suggested that some of us should accompany the soldiers and see the outcome of the hunt. Mr. Pumblechook and Mr. Hubble declined, citing a desire to enjoy their pipes and the company of the ladies, but Mr. Wopsle agreed to go, provided Joe would join him. Joe agreed and offered to take me along, pending Mrs. Joe's approval. I'm certain we wouldn't have been allowed to go if Mrs. Joe hadn't been curious about the outcome. As it was, she only stipulated that if I were to return with my head injured, she wouldn't be responsible for putting it back together.

The sergeant bid the ladies farewell and parted from Mr. Pumblechook as if they were old comrades, although I suspect he wasn't as aware of Mr. Pumblechook's qualities when he wasn't being plied with drink. The soldiers shouldered their muskets and fell into line. Mr. Wopsle, Joe, and I were instructed to stay at the rear and remain silent once we reached the marshes. As we walked, I whispered to Joe, 'I hope we don't find them,' and Joe whispered back, 'I'd give a shilling if they'd escaped, Pip.'

We didn't encounter any stragglers from the village, as the weather was cold and threatening, the path was dreary, and the darkness was approaching. A few faces appeared at the windows, watching us as we passed, but no one joined us. We walked past the signpost and continued straight to the churchyard, where we were halted for a few minutes by a signal from the sergeant. During this time, some of his men dispersed among the graves and examined the porch.",0.2,1.0,218b698f7f28079392a585601218df8d3d2ae59d6f4efe1bad1f0918b34b0701,920c00ef1b510327079a2671e82dfcf692404f1d7729b3d30148424d93a39523,577,498,0.863085,warning,json_repaired_loose_rewritten_text,json_repaired_loose_rewritten_text,2026-06-02T08:50:38Z
groq_llama_3_3_70b_free|run_1|DICKENS_GREAT_EXPECTATIONS_002|modernize,groq_llama_3_3_70b_free,groq,Groq Llama 3.3 70B free-tier run,llama-3.3-70b-versatile,llama-3.3-70b-versatile,run_1,DICKENS_GREAT_EXPECTATIONS_002,modernize,"The sergeant downed his drink again and seemed ready for another. I noticed that Mr. Pumblechook, in his eagerness to play host, appeared to forget that he had given the wine as a gift, but took the bottle from Mrs. Joe and got all the credit for pouring it for everyone in a show of friendliness. Even I got some. He was so generous with the wine that he even called for the other bottle and passed it around with the same liberality when the first one was empty.

As I watched them all gathered around the forge, having a great time, I thought about how my fugitive friend on the marshes had added a lot of excitement to our dinner. They hadn't been having nearly as much fun before he showed up and caused such a commotion. Now, with everyone eagerly waiting for the two escapees to be caught, and the bellows seeming to roar with anticipation, the fire blazing with intensity, the smoke rushing away as if in pursuit, Joe hammering and clinking away, and all the dark shadows on the wall seeming to shake with menace as the flames rose and fell, and the red-hot sparks dropped and died out, the pale afternoon outside seemed to have grown even paler in my young imagination, as if it felt sorry for the poor guys.

Finally, Joe finished his task, and the noise stopped. As Joe put on his coat, he mustered up the courage to suggest that some of us should go with the soldiers and see how the hunt turned out. Mr. Pumblechook and Mr. Hubble declined, saying they'd rather stay behind and enjoy their pipes and the ladies' company. But Mr. Wopsle said he'd go if Joe would. Joe agreed and said he'd take me along if Mrs. Joe gave her okay. I'm sure we wouldn't have been allowed to go if Mrs. Joe hadn't been curious about what would happen and how it would all end. As it was, she just said, 'If you bring the boy back with his head blown off by a gunshot, don't expect me to put it back together again.'

The sergeant politely said goodbye to the ladies and parted ways with Mr. Pumblechook like they were old friends, although I doubt he had as much respect for Mr. Pumblechook when he was sober. His men picked up their rifles and fell in line. Mr. Wopsle, Joe, and I were strictly told to stay in the back and not say a word once we reached the marshes. When we were all outside in the cold air and heading towards our destination, I whispered to Joe, 'I hope we don't find them,' and Joe whispered back, 'I'd pay a shilling if they'd just run away, Pip.'

We didn't meet any stragglers from the village, since the weather was cold and gloomy, the path was dreary, the ground was uneven, and darkness was approaching. The people had warm fires going at home and were staying indoors. A few faces appeared at glowing windows and watched us leave, but no one came out to join us. We passed the signpost and continued straight on to the churchyard. We were stopped for a few minutes by a signal from the sergeant, while a few of his men spread out among the graves and checked the porch.",0.2,1.0,218b698f7f28079392a585601218df8d3d2ae59d6f4efe1bad1f0918b34b0701,35611f8e8f02a1348147eaeb17e05f7697d6079e5f49db4d9aba084bf390cd36,577,562,0.974003,warning,json_repaired_loose_rewritten_text,json_repaired_loose_rewritten_text,2026-06-02T09:05:24Z
groq_llama_3_3_70b_free|run_1|DICKENS_GREAT_EXPECTATIONS_002|simplify,groq_llama_3_3_70b_free,groq,Groq Llama 3.3 70B free-tier run,llama-3.3-70b-versatile,llama-3.3-70b-versatile,run_1,DICKENS_GREAT_EXPECTATIONS_002,simplify,"The sergeant finished his drink and seemed ready for another. I noticed that Mr. Pumblechook was acting like he was the one who had brought the wine, even though he had gotten it from Mrs. Joe. He was being very generous with the wine, pouring glasses for everyone. Even I got some. When the first bottle was empty, he opened the second one and continued to pour drinks for everyone.

As I watched the group gathered around the forge, having a great time, I thought about the man I had helped on the marshes. He had made their evening much more exciting. Now, as they were all waiting to see if the two escaped men would be caught, the atmosphere was tense. The fire seemed to be burning brighter, the shadows on the wall appeared to be moving, and the sparks flying everywhere made it seem like the whole scene was coming alive.

Finally, Joe finished his work and the noise stopped. As he put on his coat, he suggested that some of us should go with the soldiers to see what would happen. Mr. Pumblechook and Mr. Hubble said no, preferring to stay behind and enjoy their pipes and the company of the ladies. But Mr. Wopsle agreed to go, as long as Joe went too. Joe said he would take me along, if Mrs. Joe said it was okay. I'm sure we wouldn't have been allowed to go if Mrs. Joe wasn't curious about what would happen. She only agreed because she wanted to know how it would all end, but she warned Joe that if I got hurt, she wouldn't be responsible for fixing me.

The sergeant said goodbye to the ladies and parted ways with Mr. Pumblechook like they were old friends. Although I'm not sure if the sergeant really thought Mr. Pumblechook was that great when he wasn't drinking. The soldiers picked up their guns and fell into line. Mr. Wopsle, Joe, and I were told to stay behind them and not say a word once we reached the marshes. As we walked, I whispered to Joe, 'I hope we don't find them.' Joe whispered back, 'I'd pay a shilling if they had escaped, Pip.'

We didn't meet anyone else from the village on the way, because the weather was cold and gloomy, the path was unpleasant, and it was getting dark. A few people looked out of their windows as we passed, but no one joined us. We walked past the signpost and continued straight to the churchyard. There, we stopped for a few minutes while the sergeant's men searched the graves and the porch.",0.2,1.0,218b698f7f28079392a585601218df8d3d2ae59d6f4efe1bad1f0918b34b0701,f0a5a8fafd586152e4c05f1ea1334d338a7ff41de81c5dad572b6b9afbb28fde,577,441,0.764298,warning,json_repaired_loose_rewritten_text;length_hard_warning,json_repaired_loose_rewritten_text,2026-06-02T09:20:10Z
groq_llama_3_3_70b_free|run_1|DICKENS_GREAT_EXPECTATIONS_003|paraphrase,groq_llama_3_3_70b_free,groq,Groq Llama 3.3 70B free-tier run,llama-3.3-70b-versatile,llama-3.3-70b-versatile,run_1,DICKENS_GREAT_EXPECTATIONS_003,paraphrase,"I leaned over Joe and read him the entire letter with the help of my finger. When I finished, Joe exclaimed, 'Astonishing! You are indeed a scholar.' I asked him, with a hint of modest condescension, 'How do you spell your last name, Joe?' Joe replied, 'I don't spell it at all.' I pressed him, 'But if you had to?' Joe responded, 'It's not something that can be supposed, though I do enjoy reading immensely.' I asked, 'You do?' Joe said, 'Very much. Give me a good book or a good newspaper, and sit me by a warm fire, and I'm content. When you come across a J and an O, and say, ""Here, at last, is a J-O, Joe,"" reading becomes quite fascinating!' From this, I gathered that Joe's education was still in its early stages. I pursued the topic further, asking, 'Joe, didn't you ever attend school when you were as young as I am?' Joe replied, 'No, Pip.' I asked again, 'Why didn't you ever go to school, Joe, when you were as little as me?' Joe took up the poker, settling into his usual thoughtful pose, and began to slowly rake the fire between the lower bars. 'I'll tell you, Pip,' he said. 'My father had a drinking problem, and when he was drunk, he would beat my mother mercilessly. It was almost the only thing he worked hard at, except for beating me. And he beat me with a vigor that was only matched by the lack of vigor he showed in his work.' Joe looked at me to see if I was following. 'You're listening and understanding, Pip?' I nodded, and Joe continued. 'As a result, my mother and I would run away from my father several times. Then, my mother would go out to work, and she'd say, ""Joe, now, please God, you'll get some schooling, child."" But my father was too attached to us, and he'd show up with a large crowd, making a ruckus at the doors of the houses where we were staying. The people would get tired of the trouble, and they'd give us up to him. Then, he'd take us home and beat us again. That, Pip, was a significant obstacle to my education.' I sympathized with Joe, saying, 'Certainly, poor Joe!' Joe paused, looking at me, and said, 'However, Pip, my father was a good man at heart, don't you see?' I didn't see, but I didn't say anything. Joe continued, 'Someone has to keep the household running, Pip, or everything will fall apart.' I agreed, and Joe went on. 'So, my father didn't object to my going to work. I started working at my current trade, which was also his, if he had chosen to pursue it. I worked hard, Pip, and eventually, I was able to support him. I took care of him until he passed away from a severe illness. I had intended to have an inscription on his tombstone that would have said, despite his flaws, he was a good man at heart.'",0.2,1.0,d9abe1f5fe4b4e4ff1e87965a3b6e85df5fb12050d26cf788c79103e6ac956f8,389025e16f8127e41cd450451d6a11270d976a3511a10d79e3dcb6b4e5c0cc98,575,510,0.886957,warning,json_repaired_loose_rewritten_text,json_repaired_loose_rewritten_text,2026-06-02T09:41:21Z
groq_llama_3_3_70b_free|run_1|DICKENS_GREAT_EXPECTATIONS_003|modernize,groq_llama_3_3_70b_free,groq,Groq Llama 3.3 70B free-tier run,llama-3.3-70b-versatile,llama-3.3-70b-versatile,run_1,DICKENS_GREAT_EXPECTATIONS_003,modernize,"I leaned over Joe and read him the entire letter with the help of my finger. 'Astonishing!' said Joe when I finished. 'You're really educated.' I asked him, with a bit of a patronizing tone, 'How do you spell Gargery, Joe?' Joe replied, 'I don't spell it at all.' I pressed him, 'But what if you did?' Joe said, 'It's not something I can do. Although I'm very fond of reading.' I asked, 'You are?' Joe said, 'Very. Give me a good book or a good newspaper, and sit me down by a warm fire, and I'm set. When you come across a J and an O, and you say, ""Here, at last, is a J-O, Joe,"" reading is really interesting!' From this, I gathered that Joe's education was still in its early stages. I pursued the topic and asked, 'Didn't you ever go to school when you were as young as me?' Joe said, 'No, Pip.' I asked again, 'Why didn't you go to school when you were as young as me?' Joe took up the poker, settled into his usual thoughtful pose, and began slowly raking the fire between the lower bars. 'My father, Pip, had a drinking problem,' he said. 'When he was drunk, he'd get violent with my mother, and it was almost the only time he was violent, except when he was violent with me. And he was just as violent with me as he was with his anvil.' Joe looked at me and asked, 'You're listening and understanding, Pip?' I said, 'Yes, Joe.' Joe continued, 'As a result, my mother and I would run away from him several times. Then my mother would go out to work, and she'd say, ""Joe, please God, you'll get some education now, child,"" and she'd send me to school. But my father was good at heart, and he couldn't bear to be without us. So, he'd show up with a big crowd and cause a scene at the doors of the houses where we were staying, and the people would get scared and give us up to him. Then he'd take us home and get violent with us again. Which, as you can see, Pip,' Joe said, pausing to look at me, 'was a major obstacle to my learning.' I said, 'Certainly, poor Joe!' Joe added, with a few judicial pokes of the poker, 'But, all things considered, and trying to be fair, my father was good at heart, don't you think?' I didn't see it that way, but I didn't say so. Joe went on, 'Someone has to keep the household running, Pip, or everything falls apart, right?' I agreed with that. Joe said, 'So, my father didn't object to my going to work, and I started working at my current trade, which was also his, if he'd only stuck to it. I worked hard, and eventually, I was able to support him. I took care of him until he died from a severe seizure. And I had planned to put on his tombstone, ""Whatever his flaws, remember that he was good at heart.""'",0.2,1.0,d9abe1f5fe4b4e4ff1e87965a3b6e85df5fb12050d26cf788c79103e6ac956f8,50ba439c1e57e2906e55bbbaba027566127542f088291d1814aac876193f286e,575,517,0.89913,warning,json_repaired_loose_rewritten_text,json_repaired_loose_rewritten_text,2026-06-02T13:00:54Z
groq_llama_3_3_70b_free|run_1|DICKENS_GREAT_EXPECTATIONS_003|simplify,groq_llama_3_3_70b_free,groq,Groq Llama 3.3 70B free-tier run,llama-3.3-70b-versatile,llama-3.3-70b-versatile,run_1,DICKENS_GREAT_EXPECTATIONS_003,simplify,"I leaned over Joe and read him the entire letter with my finger. 'Astonishing!' said Joe when I finished. 'You're a real scholar.' I asked Joe how to spell his last name, Gargery, and he said he didn't know how. I asked him to imagine if he did, but Joe said it was impossible. He told me he loved reading and would be happy with a good book or newspaper by the fire. Joe got excited when he talked about reading, especially when he came across the letters J and O, which were in his name. From this, I realized Joe didn't have much education. I asked him if he had ever gone to school when he was little, and he said no. Joe explained that his father was an alcoholic and would often get violent when he was drunk. His father would hit Joe and his mother, and they would run away several times. Joe's mother would try to send him to school, but his father would find them and cause a scene, so they would have to go back to him. This made it hard for Joe to get an education. Joe said his father was a good person deep down, even though he had many flaws. I didn't fully understand, but I didn't say anything. Joe continued, saying that someone had to work to support the family, or they would struggle. He decided to work at a young age and did his best. Eventually, Joe was able to take care of his father until he passed away. Joe even considered putting a message on his father's tombstone, saying that despite his flaws, he was a good person at heart.",0.2,1.0,d9abe1f5fe4b4e4ff1e87965a3b6e85df5fb12050d26cf788c79103e6ac956f8,38e5db49ba9de7e0c8ef77819a7d5fa18e894d21c458ca80a564944a09c85ab9,575,282,0.490435,warning,length_hard_warning,json_ok,2026-06-02T13:01:05Z
groq_llama_3_3_70b_free|run_1|DICKENS_GREAT_EXPECTATIONS_004|paraphrase,groq_llama_3_3_70b_free,groq,Groq Llama 3.3 70B free-tier run,llama-3.3-70b-versatile,llama-3.3-70b-versatile,run_1,DICKENS_GREAT_EXPECTATIONS_004,paraphrase,"Miss Havisham turned to me and said, “You haven’t mentioned her. She has spoken harshly of you, but you have said nothing about her. What are your thoughts on her?” I hesitated, unsure of how to respond. “Tell me,” she whispered, leaning in close. I whispered back, “I think she is proud.” “Is that all?” she asked. “I also think she is pretty,” I added. “Anything else?” she pressed. “I think she can be quite insulting,” I replied, noticing her gaze on me with intense dislike. “Anything else?” she repeated. “I wish I could go home now,” I said. “You would leave without seeing her again, despite her beauty?” she asked. I replied, “I’m not sure I wouldn’t like to see her again, but I would like to go home now.” Miss Havisham spoke aloud, “You will leave soon. Finish the game.” Except for a brief, strange smile, I would have thought Miss Havisham’s face incapable of smiling. Her expression had become watchful and brooding, as if frozen in time, and her voice was low and lifeless. She seemed to have been weighed down by some crushing blow, both physically and spiritually. I continued playing the game with Estella, but she won, taking all the cards and discarding them as if they were worthless. When we finished, Miss Havisham asked, “When will you return? Let me think.” I started to remind her that it was Wednesday, but she stopped me with a impatient gesture. “I don’t keep track of days or weeks. Come back in six days. Do you understand?” “Yes, ma’am,” I replied. “Estella, take him downstairs. Give him some food, and let him look around while he eats. Go, Pip.” I followed Estella down, and she placed the candle where we had found it. Until she opened the side door, I had assumed it was nighttime. The sudden daylight confused me, making me feel as though I had been in the strange room for hours. Estella told me, “Wait here, boy,” and disappeared, closing the door behind her. Alone in the courtyard, I examined my rough hands and common boots, feeling uneasy about their coarseness. I decided to ask Joe why he had taught me to call the picture-cards Jacks instead of knaves, wishing he had been more refined so that I could have been too. Estella returned with some bread, meat, and a mug of beer, placing the mug on the stones and handing me the food without looking at me, as if I were a disgraced dog.",0.2,1.0,07a0ea30ecbd37cccdc1f8062c0971291bac65c7ef08ed20c59b398e289b2bba,2bd2941aa5ac8b25c6c6e14dd111dd7f4a357b829fd1b8aebf3f93403fe621d2,579,421,0.727116,warning,length_hard_warning,json_ok,2026-06-02T13:01:16Z
groq_llama_3_3_70b_free|run_1|DICKENS_GREAT_EXPECTATIONS_004|modernize,groq_llama_3_3_70b_free,groq,Groq Llama 3.3 70B free-tier run,llama-3.3-70b-versatile,llama-3.3-70b-versatile,run_1,DICKENS_GREAT_EXPECTATIONS_004,modernize,"You say nothing about her, Miss Havisham said to me as she watched. She says a lot of harsh things about you, but you don't say anything about her. What's your opinion of her? I didn't want to comment, I stuttered. Tell me quietly, Miss Havisham said, leaning in. I think she's extremely proud, I replied in a whisper. Anything else? I think she's very attractive. Anything else? I think she's very rude. She was looking at me with a look of intense dislike at that point. Anything else? I think I'd like to go home. And never see her again, even though she's so attractive? I'm not sure I wouldn't like to see her again, but I'd like to go home now. You'll be leaving soon, Miss Havisham said out loud. See this through to the end. Except for a brief, strange smile at first, I would have thought Miss Havisham's face was incapable of smiling. It had fallen into a watchful and brooding expression, probably when everything around her had become frozen in time. Her face looked like it would never change again. Her posture had slumped, and her voice had become low and monotone, giving the impression that she had been completely overwhelmed by some devastating event. I finished the game with Estella, and she won all my money. She tossed the cards on the table as if she was disgusted by her easy victory. When will I see you again? Miss Havisham asked. Let me think. I was about to remind her that today was Wednesday when she stopped me with a quick gesture of her right hand. Don't worry about the days of the week; I don't keep track of time. Come back in six days. Do you understand? Yes, ma'am. Estella, take him downstairs. Give him something to eat, and let him look around while he eats. Go, Pip. I followed the candle down, just as I had followed it up, and Estella placed it where we had found it. Until she opened the side door, I had assumed without thinking that it must be nighttime. The sudden burst of daylight was overwhelming and made me feel like I had been in the dimly lit room for hours. You're to wait here, boy, Estella said, and then she disappeared and closed the door. I took the opportunity to look at my rough hands and my ordinary boots while I was alone in the courtyard. I wasn't happy with them. They had never bothered me before, but now they seemed crude and common. I decided to ask Joe why he had taught me to call the picture cards Jacks instead of the more proper term. I wished Joe had been more refined, and then maybe I would have been too. Estella returned with some bread, meat, and a small mug of beer. She put the mug on the stone floor and handed me the bread and meat without looking at me, treating me like a disobedient dog.",0.2,1.0,07a0ea30ecbd37cccdc1f8062c0971291bac65c7ef08ed20c59b398e289b2bba,668cfb01b484fc74165fe53a80ae50e81bb33a715edc42352907b7e4c1d50800,579,502,0.867012,pass,,json_ok,2026-06-02T13:01:28Z
groq_llama_3_3_70b_free|run_1|DICKENS_GREAT_EXPECTATIONS_004|simplify,groq_llama_3_3_70b_free,groq,Groq Llama 3.3 70B free-tier run,llama-3.3-70b-versatile,llama-3.3-70b-versatile,run_1,DICKENS_GREAT_EXPECTATIONS_004,simplify,"Miss Havisham looked at me and said, “You don’t say anything about her. She says some harsh things about you, but you don’t say anything about her. What do you think of her?” I hesitated, not wanting to answer. “Tell me,” she said, leaning in close. I whispered, “I think she’s very proud.” “Is that all?” she asked. I added, “I think she’s very pretty.” “Anything else?” she pressed. I replied, “I think she’s very insulting.” Miss Havisham was staring at me with a look of strong dislike. “Do you want to go home and never see her again, even though she’s pretty?” she asked. I said, “I’m not sure I wouldn’t like to see her again, but I’d like to go home now.” Miss Havisham said, “You can go soon. Finish the game.” Except for a strange smile at first, I wouldn’t have thought Miss Havisham’s face could smile. It had become serious and brooding, and it seemed like nothing could change that. Her posture had slumped, and her voice was low and flat. She looked like she had been deeply hurt. I finished playing cards with Estella, and she won all of mine. She threw the cards down, as if she didn’t care about them because she had won them from me. Miss Havisham asked, “When will I see you again? Let me think.” I started to remind her that it was Wednesday, but she stopped me with a quick movement of her fingers. “I don’t know what day it is,” she said. “Come back in six days. Do you hear me?” I said, “Yes, ma’am.” Estella took me downstairs, and Miss Havisham told her to give me some food and let me look around. As I followed Estella down, I realized it must be daytime, which surprised me. When we got to the bottom, Estella said, “Wait here,” and disappeared, closing the door behind her. I took the chance to look at my hands and boots, and I didn’t like what I saw. I thought they looked common and rough. I wished Joe had taught me to be more refined, so I wouldn’t have these coarse things. Estella came back with some food and drink, and she handed them to me without looking at me, as if I were a dog that had done something wrong.",0.2,1.0,07a0ea30ecbd37cccdc1f8062c0971291bac65c7ef08ed20c59b398e289b2bba,c6f9c19330b24115ede9a66ab460873a19e2d9b68f6094a970360e481f5d5382,579,389,0.671848,warning,length_hard_warning,json_ok,2026-06-02T13:01:38Z
groq_llama_3_3_70b_free|run_1|DICKENS_GREAT_EXPECTATIONS_005|paraphrase,groq_llama_3_3_70b_free,groq,Groq Llama 3.3 70B free-tier run,llama-3.3-70b-versatile,llama-3.3-70b-versatile,run_1,DICKENS_GREAT_EXPECTATIONS_005,paraphrase,"I replied, nearly stumbling over her, and caught myself just in time. We stood there, looking at each other. 'Am I pretty?' she asked. 'Yes, I think you are very pretty,' I said. 'Am I insulting?' she inquired. 'Not as much as you were last time,' I replied. 'Not as much?' she pressed. 'No,' I said. She had flared up when she asked the last question, and now she slapped my face with all the force she could muster. 'Now?' she said. 'You little coarse monster, what do you think of me now?' 'I shall not tell you,' I said. 'Because you are going to tell upstairs, is that it?' she asked. 'No,' I said, 'that's not it.' 'Why don't you cry again, you little wretch?' she taunted. 'Because I'll never cry for you again,' I said, though I was secretly crying for her at that moment, and I knew the pain she would cause me later. After this exchange, we continued upstairs, where we encountered a gentleman feeling his way down. 'Whom have we here?' he asked, stopping to look at me. 'A boy,' Estella said. The man was large and dark, with a big head and a corresponding large hand. He took my chin in his hand and turned my face up to examine me by the candlelight. He was balding on top, with bushy black eyebrows that stood on end. His eyes were deep-set and sharp, with a suspicious glint. He wore a large watch-chain and had dark spots where his beard and whiskers would have been. I had no idea who he was or what he wanted, but I observed him closely. 'Boy from around here, eh?' he said. 'Yes, sir,' I replied. 'How do you come to be here?' he asked. 'Miss Havisham sent for me, sir,' I explained. 'Well, behave yourself,' he warned. 'I've had a lot of experience with boys, and you're a bad lot. Mind your manners!' He bit the side of his finger as he frowned at me, then released me and went on his way downstairs. I wondered if he might be a doctor, but I thought not - he didn't have the gentle manner of a doctor. There was no time to think about it further, as we soon arrived at Miss Havisham's room, where everything was just as I had left it. Estella left me standing near the door, and I remained there until Miss Havisham noticed me from the dressing-table. 'So!' she said, without surprise. 'The days have passed, have they?' 'Yes, ma'am. Today is -' 'There, there, there!' she interrupted, waving her fingers impatiently. 'I don't want to know. Are you ready to play?' I had to answer, somewhat flustered, 'I don't think I am, ma'am.'",0.2,1.0,ab84d5155f086e1178d9239452051cd1659f48d117abb2f28e699699042b7cdf,a2ee5ef2a4628a1dc48fa1cb736e79e399a4e4b637a19d53a0be505874ad3171,553,458,0.82821,warning,length_soft_warning,json_ok,2026-06-02T13:01:48Z
groq_llama_3_3_70b_free|run_1|DICKENS_GREAT_EXPECTATIONS_005|modernize,groq_llama_3_3_70b_free,groq,Groq Llama 3.3 70B free-tier run,llama-3.3-70b-versatile,llama-3.3-70b-versatile,run_1,DICKENS_GREAT_EXPECTATIONS_005,modernize,"Well, miss?"" I replied, almost tripping over her and catching myself. She stood there, staring at me, and I stared right back at her. ""Am I pretty?"" she asked. ""Yes, I think you're very pretty,"" I said. ""Am I insulting?"" ""Not as much as you were last time,"" I replied. ""Not as much?"" she pressed. ""No,"" I said. She flared up when she asked the last question and slapped my face with all the force she could muster when I answered. ""Now?"" she said. ""You little monster, what do you think of me now?"" ""I'm not going to tell you,"" I said. ""Because you're going to tell someone upstairs, is that it?"" ""No,"" I said, ""that's not it."" ""Why don't you cry again, you little wretch?"" ""Because I'll never cry for you again,"" I said, which was probably the most dishonest thing I'd ever said, since I was secretly crying for her right then, and I knew the pain she would cause me later. After this exchange, we continued upstairs, and as we were going up, we met a man feeling his way down. ""Who's this?"" he asked, stopping and looking at me. ""A boy,"" Estella said. He was a large, dark-complexioned man with a huge head and an enormous hand. He took my chin in his massive hand and turned my face up to examine me in the candlelight. He was going bald on top, with thick, unruly black eyebrows that stood on end. His eyes were deep-set and unpleasantly sharp and suspicious. He had a large watch chain and dark spots where his beard and whiskers would have been if he'd let them grow. At the time, he meant nothing to me, and I had no idea he'd ever become important to me, but I had the chance to observe him closely. ""Local boy, huh?"" he said. ""Yes, sir,"" I replied. ""How did you end up here?"" ""Miss Havisham sent for me, sir,"" I explained. ""Well, behave yourself,"" he said. ""I've dealt with a lot of boys, and you're a tough crowd. So, mind your manners!"" As he spoke, he bit the side of his large index finger, frowning at me. With that, he let me go, which I was relieved about, since his hand smelled of scented soap. He headed downstairs, and I wondered if he might be a doctor, but I decided he probably wasn't, since doctors usually have a calmer, more persuasive demeanor. I didn't have much time to think about it, though, since we soon arrived at Miss Havisham's room, where everything was just as I'd left it. Estella left me standing near the door, and I stayed there until Miss Havisham noticed me from the dressing table. ""So,"" she said, without seeming surprised or startled, ""the days have passed, have they?"" ""Yes, ma'am. Today is—"" ""Enough, enough, enough!"" she said, waving her fingers impatiently. ""I don't want to know. Are you ready to play?"" I had to answer, somewhat flustered, ""I don't think I am, ma'am.""",0.2,1.0,ab84d5155f086e1178d9239452051cd1659f48d117abb2f28e699699042b7cdf,cd57612caeedede9bfac2886b1e2e080db77a6bb1509bc0dbbd90c68699f33a5,553,503,0.909584,warning,json_repaired_loose_rewritten_text,json_repaired_loose_rewritten_text,2026-06-02T13:02:00Z
groq_llama_3_3_70b_free|run_1|DICKENS_GREAT_EXPECTATIONS_005|simplify,groq_llama_3_3_70b_free,groq,Groq Llama 3.3 70B free-tier run,llama-3.3-70b-versatile,llama-3.3-70b-versatile,run_1,DICKENS_GREAT_EXPECTATIONS_005,simplify,"I answered, almost tripping over her, and stopped myself. We stood there, looking at each other. 'Am I pretty?' she asked. 'Yes, I think you are very pretty,' I replied. 'Am I insulting?' she asked again. 'Not as much as you were last time,' I said. She got angry and slapped my face when I answered. 'Now?' she said. 'You little monster, what do you think of me now?' 'I won't tell you,' I said. 'Are you going to tell someone upstairs?' she asked. 'No,' I said. 'Why don't you cry again, you little wretch?' 'Because I'll never cry for you again,' I said, but that wasn't true. I was hurting inside because of her, and I knew she would cause me more pain later. We went upstairs after this, and on the way, we met a man who was feeling his way down. 'Who's this?' he asked, stopping and looking at me. 'A boy,' Estella said. The man was big and dark, with a large head and hands. He had a bald spot on top of his head and bushy eyebrows that stood up. His eyes were deep-set and sharp, and he had a big watch-chain. He took my chin in his hand and looked at me by the candlelight. 'Are you a local boy?' he asked. 'Yes, sir,' I said. 'How did you get here?' 'Miss Havisham sent for me,' I explained. 'Well, behave yourself,' he said. 'I know a lot about boys, and you're a tough bunch. Remember, you behave!' He let me go, and I was glad because his hand smelled like scented soap. He went downstairs, and I wondered if he might be a doctor, but I didn't think so because he didn't seem gentle or persuasive enough. We didn't have much time to think about it because we were soon in Miss Havisham's room, where everything was just like I had left it. Estella left me by the door, and I stood there until Miss Havisham looked at me from her dressing table. 'So,' she said, not seeming surprised. 'The days have passed, have they?' 'Yes, ma'am. Today is...' 'Don't tell me,' she said, waving her hand. 'Are you ready to play?' I had to answer, feeling a bit confused, 'I don't think I am, ma'am.'",0.2,1.0,ab84d5155f086e1178d9239452051cd1659f48d117abb2f28e699699042b7cdf,f9f3558f45cbfa132e0b99d982e6e89236df66fa933880b9552b5a571d30d10b,553,382,0.690778,warning,length_hard_warning,json_ok,2026-06-02T13:02:10Z
groq_llama_3_3_70b_free|run_1|DICKENS_GREAT_EXPECTATIONS_006|paraphrase,groq_llama_3_3_70b_free,groq,Groq Llama 3.3 70B free-tier run,llama-3.3-70b-versatile,llama-3.3-70b-versatile,run_1,DICKENS_GREAT_EXPECTATIONS_006,paraphrase,"Then, my sister and he would engage in such absurd speculations about Miss Havisham, and what she intended to do with me and for me, that I often felt an overwhelming urge to break into tears, lash out at Pumblechook, and pummel him mercilessly. In these conversations, my sister spoke to me as if she were extracting a tooth, causing me immense discomfort, while Pumblechook, who had taken it upon himself to be my patron, would sit watching me with a disapproving eye, like an architect who thought his project was a waste of time. Joe, however, took no part in these discussions. Nevertheless, he was frequently lectured by my sister, who perceived that he was not in favour of my leaving the forge. Now that I was old enough to be apprenticed to Joe, my sister would interpret his every action as opposition, even something as innocent as Joe sitting with the poker on his knees, raking out the ashes. She would jump up, snatch the poker from his hands, shake him, and put it away. These debates always ended in the same frustrating manner. Suddenly, without warning, my sister would stop talking, yawn, and, as if she had just noticed me, would turn on me, saying, 'That's enough of you! Off to bed with you! You've caused enough trouble for one night, I hope!' As if I had been begging them to bother me. We continued in this way for a long time, and it seemed likely that this pattern would persist when Miss Havisham suddenly stopped walking one day, looked at me with some displeasure, and said, 'You're growing tall, Pip!' I thought it wise to respond with a thoughtful expression, hinting that this might be due to circumstances beyond my control. She said nothing more at the time but later stopped and looked at me again, her expression turning moody. The next day, after our usual exercise, she detained me with a movement of her fingers and asked, 'What's the name of that blacksmith of yours?' 'Joe Gargery, ma'am,' I replied. 'You mean the master you were to be apprenticed to?' 'Yes, Miss Havisham.' 'You should be apprenticed at once. Would Gargery come here with you and bring your indentures, do you think?' I indicated that I had no doubt he would consider it an honour. 'Then let him come,' she said. 'At any particular time, Miss Havisham?' I asked. 'There, there! I know nothing about times. Let him come soon, and come with you.' When I delivered this message to Joe that night, my sister became enraged, asking us if we thought she was a doormat and how we dared to treat her so, and what kind of company we thought she was fit for.",0.2,1.0,b5a8b2276df04c21d75935c937b1a8dd8e6b662db2e61192b9ff70c06c9ea4e6,365fbf59a4cd8d293b1c4c47350cd26c12c8b42f033b0ba2b5fe7a025c70e135,561,460,0.819964,warning,length_soft_warning,json_ok,2026-06-02T13:14:00Z
groq_llama_3_3_70b_free|run_1|DICKENS_GREAT_EXPECTATIONS_006|modernize,groq_llama_3_3_70b_free,groq,Groq Llama 3.3 70B free-tier run,llama-3.3-70b-versatile,llama-3.3-70b-versatile,run_1,DICKENS_GREAT_EXPECTATIONS_006,modernize,"Then, he and my sister would get caught up in these absurd conversations about Miss Havisham, and what she would do with me and for me, that I used to feel an overwhelming urge - quite painfully - to burst into tears, lash out at Pumblechook, and confront him. In these discussions, my sister spoke to me as if she were forcing me to confront some harsh reality at every turn, while Pumblechook, who had taken it upon himself to be my patron, would sit watching me with a disapproving eye, like someone who thought they were wasting their time on me.

In these conversations, Joe didn't say much. But he was often targeted by my sister while they were talking, because she knew he wasn't in favor of me leaving the forge. I was old enough now to start my apprenticeship with Joe, and when Joe sat with the poker on his knees, thoughtfully stirring the ashes, my sister would interpret that innocent action as him opposing her plans, and she would jump on him, take the poker away, and scold him. These debates always ended in the same frustrating way. Suddenly, without warning, my sister would stop talking, yawn, and then turn on me, saying, 'That's enough of you! Go to bed, you've caused enough trouble for one night!' As if I had been begging them to make my life miserable.

We went on like this for a long time, and it seemed like we would keep going on like this forever, when one day Miss Havisham stopped walking, leaned on my shoulder, and said with some annoyance, 'You're getting tall, Pip!' I thought it was best to hint, with a thoughtful look, that this might be due to circumstances beyond my control.

She didn't say anything else at the time, but she kept looking at me, and soon she looked upset and moody. The next day, when our usual walk was over and I had helped her to her dressing table, she stopped me with a gesture of her impatient hand, saying, 'Tell me again the name of that blacksmith of yours.' 'Joe Gargery, ma'am,' I replied. 'You mean the one you're supposed to be apprenticed to?' 'Yes, Miss Havisham.' 'You should start your apprenticeship right away. Do you think Joe would come here with you and bring the contract?' I said I was sure he would be honored to be asked. 'Then let him come,' she said. 'Is there a specific time I should bring him?' I asked. 'Just bring him soon,' she said.

When I got home that night and told Joe about Miss Havisham's message, my sister became furious, more than she had ever been before. She asked me and Joe if we thought she was someone to be walked all over, and how we dared to treat her like that, and what kind of company we thought she was fit for.",0.2,1.0,b5a8b2276df04c21d75935c937b1a8dd8e6b662db2e61192b9ff70c06c9ea4e6,55fa5712349ce23c82c6a1eb13e7210f80ac8ef48f20b6db37999d9a50bec701,561,486,0.86631,warning,json_repaired_loose_rewritten_text,json_repaired_loose_rewritten_text,2026-06-02T13:26:51Z
groq_llama_3_3_70b_free|run_1|DICKENS_GREAT_EXPECTATIONS_006|simplify,groq_llama_3_3_70b_free,groq,Groq Llama 3.3 70B free-tier run,llama-3.3-70b-versatile,llama-3.3-70b-versatile,run_1,DICKENS_GREAT_EXPECTATIONS_006,simplify,"Then, my sister and Pumblechook would start talking about Miss Havisham and what she would do for me. They would say such silly things that I would feel like crying and yelling at Pumblechook. My sister would speak to me in a mean way, like she was trying to pull out one of my teeth. Pumblechook would sit there, watching me with a disapproving eye, like he thought he was wasting his time helping me.

Joe didn't join in these conversations, but my sister would often talk to him while they were happening. She thought Joe didn't want me to leave the forge, where I was old enough to start working as an apprentice. When Joe would sit with the poker, thinking and stirring the ashes, my sister would get angry and take the poker away from him. These talks always ended in a frustrating way. My sister would suddenly stop talking, look at me, and say, 'That's enough of you! Go to bed, you've caused enough trouble for one night!' It was like I had asked her to bother me on purpose.

This went on for a long time, and it seemed like it would never change. One day, Miss Havisham and I were walking, and she stopped and said, 'You're getting tall, Pip!' I just looked at her, trying to say that I couldn't help it. She didn't say anything else then, but she kept looking at me with a frown. The next day, when we finished our usual walk, she stopped me and asked, 'What's the name of that blacksmith you're supposed to work with?' I told her it was Joe Gargery. She asked if he would come to her house with me and bring the papers for my apprenticeship. I said I was sure he would be happy to come.

When I got home and told Joe about Miss Havisham's message, my sister got very angry. She asked us if we thought she was someone to be walked all over and how we dared to treat her like that. She wanted to know what kind of company we thought she was fit for.",0.2,1.0,b5a8b2276df04c21d75935c937b1a8dd8e6b662db2e61192b9ff70c06c9ea4e6,bbb30bed975d7933d7e20782b8ba8e91c005f95997ecb194d622c3bce7bd268d,561,357,0.636364,warning,json_repaired_loose_rewritten_text;length_hard_warning,json_repaired_loose_rewritten_text,2026-06-02T13:44:51Z
groq_llama_3_3_70b_free|run_1|DICKENS_GREAT_EXPECTATIONS_007|paraphrase,groq_llama_3_3_70b_free,groq,Groq Llama 3.3 70B free-tier run,llama-3.3-70b-versatile,llama-3.3-70b-versatile,run_1,DICKENS_GREAT_EXPECTATIONS_007,paraphrase,"He resided with a sluice-keeper in the marshes and would emerge from his solitary abode on workdays, strolling with his hands in his pockets and his lunch tied in a bundle around his neck, dangling behind him. On Sundays, he typically spent the day lounging on the sluice-gates or leaning against ricks and barns. His gait was always sluggish, his eyes cast downward, and when addressed, he would look up with a mixture of resentment and puzzlement, as if he was perpetually perplexed by his own thoughts. This sullen journeyman had little affection for me. When I was young and timid, he would tell me that the Devil dwelled in a dark corner of the forge and that he was acquainted with the fiend, also warning me that every seven years, a live boy was needed to fuel the fire. After I became Joe's apprentice, Orlick's dislike for me seemed to intensify, although he never openly expressed hostility; I merely observed that he would often direct his sparks in my direction and intentionally sing out of tune when I sang Old Clem. Dolge Orlick was present the following day when I reminded Joe of my half-holiday. He remained silent at first, as he and Joe were working with a piece of hot iron and I was operating the bellows, but later, leaning on his hammer, he said, 'Now, master, surely you won't favor just one of us. If Young Pip gets a half-holiday, you should grant one to Old Orlick as well.' I suppose he was around twenty-five, but he often referred to himself as an elderly person. 'What would you do with a half-holiday if you got one?' Joe asked. 'What would I do with it? What would he do with it? I'd do just as much with it as him,' Orlick replied. 'As for Pip, he's going to town,' said Joe. 'Well, then, Old Orlick is going to town too,' Orlick retorted. 'Two can go to town; it's not just one who can go.' 'Don't lose your temper,' Joe cautioned. 'I will if I like,' Orlick growled. 'Some people and their town trips! Now, master, come on. No favoritism in this shop. Be fair!' The master refused to discuss the matter until Orlick calmed down, at which point Orlick plunged into the furnace, pulled out a glowing bar, and pretended to thrust it through my body, then whisked it around my head, laid it on the anvil, and hammered it out, as if it were me, I thought, and the sparks were my splashing blood. Finally, after he had hammered himself into a frenzy and the iron was cold, he leaned on his hammer again and said, 'Now, master!' 'Are you all right now?' Joe asked. 'Ah, I'm all right,' gruff Old Orlick replied. 'Then, since you usually stick to your work as well as anyone,' Joe said, 'let's make it a half-holiday for everyone.' My sister, who had been quietly listening in the yard, immediately appeared at one of the windows, for she was a most unscrupulous eavesdropper.",0.2,1.0,88c297d5c52992d952b2933a5dac696ee52307a7c326ae70270b22c6a59b0bf2,26f2239bb9b1ceb1075c4a42b703dc2b94cb1acd30c0dfbc8a4845c7083c0987,576,511,0.887153,pass,,json_ok,2026-06-02T22:47:38Z
groq_llama_3_3_70b_free|run_1|DICKENS_GREAT_EXPECTATIONS_007|modernize,groq_llama_3_3_70b_free,groq,Groq Llama 3.3 70B free-tier run,llama-3.3-70b-versatile,llama-3.3-70b-versatile,run_1,DICKENS_GREAT_EXPECTATIONS_007,modernize,"He lived with a guy who took care of the locks out on the marshes, and on weekdays, he'd show up late from his place, with his hands in his pockets and his lunch wrapped up in a bundle hanging from his neck. On Sundays, he'd usually spend the day lounging on the lock gates or leaning against piles of hay and barns. He always walked with a slouch, looking down at the ground, and when someone talked to him or he had to look up, he'd do it in a way that seemed half-annoyed, half-confused, like he was thinking, 'Why do I always have to be bothered with thoughts?' This gruff guy didn't like me much. When I was really young and shy, he told me that the Devil lived in a dark corner of the workshop and that he knew him well. He also said that every seven years, they had to throw a live boy into the fire to keep it going, and that I could be the one. When I started working with Joe, Orlick probably thought I was going to take his place, and he liked me even less. He never said or did anything openly mean, but I noticed he'd always direct his hammer swings at me, and whenever I sang, he'd join in off-beat. Dolge Orlick was working with us the next day when I reminded Joe that I had a half-day off. He didn't say anything right away because he and Joe were busy with a piece of hot metal, and I was working the bellows. But later, he leaned on his hammer and said, 'Hey, boss, you're not going to play favorites, are you? If Pip gets a half-day off, I should get one too.' I think he was about twenty-five, but he always talked about himself like he was an old man. Joe asked him, 'What would you do with a half-day off?' Orlick replied, 'What's Pip going to do with it? I can do the same things he can.' Joe said, 'Pip's going into town.' Orlick shot back, 'Well, I'm going into town too. Just because Pip can go doesn't mean I shouldn't be able to.' Joe told him not to get angry, but Orlick just grumbled, 'I'll get angry if I want to. Some people think they're so special just because they get to go into town.' The boss didn't want to deal with Orlick when he was in a bad mood, so Orlick went back to work, pulled out a red-hot bar, and pretended to stab me with it. He swung it around my head, put it on the anvil, and started hammering away, like he was pounding out his frustration. Finally, when he'd cooled down a bit, he said, 'Okay, boss, I'm ready to talk now.' Joe asked him if he was feeling better, and Orlick just grunted, 'Yeah, I'm fine.' Joe said, 'You usually do your job just like everyone else, so let's just give everyone the half-day off.' My sister had been standing outside, listening in without saying a word - she was always snooping around and eavesdropping. As soon as she heard the decision, she looked in through one of the windows.",0.2,1.0,88c297d5c52992d952b2933a5dac696ee52307a7c326ae70270b22c6a59b0bf2,d40a00a0adf6cdd2689f27255b07a0c2f6f7b4377f57987855bfa8f710bff733,576,538,0.934028,pass,,json_ok,2026-06-02T22:47:50Z
groq_llama_3_3_70b_free|run_1|DICKENS_GREAT_EXPECTATIONS_007|simplify,groq_llama_3_3_70b_free,groq,Groq Llama 3.3 70B free-tier run,llama-3.3-70b-versatile,llama-3.3-70b-versatile,run_1,DICKENS_GREAT_EXPECTATIONS_007,simplify,"He lived with a man who took care of a sluice out on the marshes. On weekdays, he would come to work from his small home, walking with his hands in his pockets and his lunch tied up in a bundle hanging from his neck. On Sundays, he would often lie on the gates of the sluice or stand near big piles of hay. He always walked with his eyes down and looked up only when he had to, seeming puzzled and a little angry. It was as if he was always thinking that it was strange he didn't have any thoughts. This man, a skilled worker, didn't like me. When I was little, he told me that the Devil lived in a dark corner of the blacksmith shop and that he knew the Devil well. He also said that every seven years, a live boy had to be thrown into the fire, and that I could be the one. When I started working with Joe, Orlick might have thought I would take his place, and he liked me even less. He never said or did anything openly mean, but I noticed he would often hit his hammer in my direction, and when I sang, he would join in off-beat. The next day, when I reminded Joe that I had a half-day off, Orlick was there, working. He didn't say anything right away because he and Joe were busy with a piece of hot metal, and I was blowing air into the fire. But later, he said, leaning on his hammer, 'You're not going to give only one of us a half-day off, are you, Joe? If Pip gets one, I should get one too.' I think he was about twenty-five, but he often talked about himself as if he were very old. Joe asked him, 'What would you do with a half-day off?' Orlick replied, 'What would Pip do with it? I can do the same things he can.' Joe said, 'Pip is going to town.' Orlick said, 'Then I'm going to town too. Why can't two people go to town?' Joe told him not to get angry, but Orlick said, 'I'll get angry if I want to. Some people think they're better than others just because they get to go to town.' Joe didn't want to talk about it when Orlick was angry, so Orlick went back to work, took out a red-hot piece of metal, and pretended to attack me with it. He hammered it on the anvil, making sparks fly everywhere, and then said, 'Now, Joe!' Joe asked him if he was okay, and Orlick said he was. Joe then said, 'Since you usually work hard, let's make it a half-day off for everyone.' My sister had been standing in the yard, listening to everything without saying a word - she was very good at spying and listening in. As soon as Joe said everyone could have the day off, she looked in through one of the windows.",0.2,1.0,88c297d5c52992d952b2933a5dac696ee52307a7c326ae70270b22c6a59b0bf2,3c627c546d0ef6ed01d6cbc963aa4c05e2daae6c98a522872631390e15ee03ed,576,501,0.869792,pass,,json_ok,2026-06-02T22:48:00Z
groq_llama_3_3_70b_free|run_1|DICKENS_GREAT_EXPECTATIONS_008|paraphrase,groq_llama_3_3_70b_free,groq,Groq Llama 3.3 70B free-tier run,llama-3.3-70b-versatile,llama-3.3-70b-versatile,run_1,DICKENS_GREAT_EXPECTATIONS_008,paraphrase,"“Biddy,” I said, after swearing her to secrecy, “I have a strong desire to become a gentleman.” “Oh, I wouldn’t, if I were you,” she replied. “I don’t think it would be the right choice.” “Biddy,” I said, with a hint of sternness, “I have specific reasons for wanting to be a gentleman.” “You know what’s best for you, Pip,” she said, “but don’t you think you’re happier as you are?” “Biddy,” I exclaimed, with growing impatience, “I am not happy at all as I am. I have never taken to my trade or my life since I was apprenticed. Don’t be ridiculous.” “Was I being ridiculous?” Biddy asked, quietly raising an eyebrow. “I apologize if I was; I didn’t mean to be. I only want what’s best for you, and for you to be content.” “Well, then, understand once and for all,” I said, “that I will never be content, or anything but miserable, unless I can lead a very different life from the one I lead now.” “That’s a shame,” Biddy said, shaking her head with a sorrowful expression. I had often thought the same, and in my internal struggle, I was half inclined to shed tears of frustration and distress when Biddy echoed my sentiment. I told her she was right, and I knew it was regrettable, but it was unavoidable. “If I could have settled into my life,” I said to Biddy, pulling at the short grass nearby, much like I used to pull my feelings out of my hair and kick them away, “if I could have been even half as fond of the forge as I was when I was little, I know it would have been much better for me. You, Joe, and I would have wanted for nothing, and Joe and I might have even become partners when I finished my apprenticeship. I might have even grown up to be worthy of your company, and we might have sat on this very bank on a fine Sunday, as very different people. I would have been good enough for you, wouldn’t I, Biddy?” Biddy sighed as she gazed out at the ships sailing by, and replied, “Yes, I’m not overly particular.” It didn’t sound like a compliment, but I knew she meant well. “Instead of that,” I said, pulling up more grass and chewing on a blade or two, “look at how I’m doing. I’m dissatisfied, uncomfortable, and—what would it matter to me, being coarse and common, if no one had pointed it out?” Biddy turned to face me, looking at me more intently than she had at the ships. “That wasn’t a very kind or truthful thing to say,” she remarked, directing her gaze back to the ships. “Who said it?” I was taken aback, as I had spoken without thinking. I couldn’t avoid the question now, and I replied, “The beautiful young lady at Miss Havisham’s. She’s more beautiful than anyone I’ve ever seen, and I admire her greatly. I want to be a gentleman for her sake.”",0.2,1.0,0db03806a2ca8e5bd922bec328ccac74392eef314cb6a6362a40911b73a7fb9b,eec1a9ed756a1f4277b1244109d72a0dbb590e215bd085607458ac1cc48e4a42,553,508,0.918626,pass,,json_ok,2026-06-02T22:48:11Z
groq_llama_3_3_70b_free|run_1|DICKENS_GREAT_EXPECTATIONS_008|modernize,groq_llama_3_3_70b_free,groq,Groq Llama 3.3 70B free-tier run,llama-3.3-70b-versatile,llama-3.3-70b-versatile,run_1,DICKENS_GREAT_EXPECTATIONS_008,modernize,"“Biddy,” I said, after swearing her to secrecy, “I want to be a gentleman.” “Oh, I wouldn't if I were you,” she replied. “I don't think it would work out.” “Biddy,” I said, with some firmness, “I have specific reasons for wanting to be a gentleman.” “You know best, Pip, but don't you think you're happier as you are?” “Biddy,” I exclaimed, impatiently, “I'm not happy at all as I am. I'm fed up with my job and my life. I've never taken to either since I started my apprenticeship. Don't be ridiculous.” “Was I being ridiculous?” Biddy asked, quietly raising her eyebrows. “I'm sorry if I was. I didn't mean to be. I just want you to do well and be comfortable.” “Well, then, understand once and for all that I'll never be comfortable – or anything but miserable – unless I can lead a completely different life from the one I'm living now.” “That's a shame,” Biddy said, shaking her head with a sorrowful expression. Now, I too had often thought it was a shame, and in the ongoing argument I was having with myself, I was half inclined to get frustrated and upset when Biddy expressed her sentiment, which was also mine. I told her she was right, and I knew it was regrettable, but it was just the way things were. “If I could have settled down,” I said to Biddy, picking at the short grass nearby, much like I used to pull my feelings out of my hair and kick them away – “if I could have settled down and been even half as fond of the forge as I was when I was little, I know it would have been much better for me. You, me, and Joe would have wanted for nothing, and Joe and I might have even become business partners when I finished my apprenticeship. I might have even grown up to be good enough for you, Biddy. Wouldn't I?” Biddy sighed as she looked out at the ships sailing by and replied, “Yes, I'm not overly picky.” It didn't sound like much of a compliment, but I knew she meant well. “Instead of that,” I said, picking at more grass and chewing on a blade or two, “look at how I'm doing. I'm dissatisfied, uncomfortable, and – what would it matter to me, being rough and common, if nobody had pointed it out to me?” Biddy suddenly turned to face me, looking at me more intently than she had at the ships. “That wasn't a very nice or accurate thing to say,” she remarked, glancing back at the ships. “Who said it?” I was taken aback, as I had spoken without thinking it through. I couldn't brush it off now, so I answered, “The beautiful young woman at Miss Havisham's. She's more beautiful than anyone I've ever met, and I really admire her. I want to be a gentleman for her sake.”",0.2,1.0,0db03806a2ca8e5bd922bec328ccac74392eef314cb6a6362a40911b73a7fb9b,90c8498ac1dae3fc7dbd5025c9890558e9a76fbd028e4ae225a4ad99ea6615a2,553,488,0.882459,pass,,json_ok,2026-06-02T22:48:21Z
groq_llama_3_3_70b_free|run_1|DICKENS_GREAT_EXPECTATIONS_008|simplify,groq_llama_3_3_70b_free,groq,Groq Llama 3.3 70B free-tier run,llama-3.3-70b-versatile,llama-3.3-70b-versatile,run_1,DICKENS_GREAT_EXPECTATIONS_008,simplify,"“Biddy,” I said, after asking her to keep a secret, “I want to be a gentleman.” “Oh, I don’t think that’s a good idea,” she replied. “I don’t think it would work out well for you.” “Biddy,” I said firmly, “I have good reasons for wanting to be a gentleman.” “You know what’s best for you, Pip,” she said, “but don’t you think you’re happier the way you are?” “Biddy,” I exclaimed, getting impatient, “I’m not happy at all with my life. I don’t like my job and I never have since I started. Don’t be silly.” “Was I being silly?” Biddy asked, raising her eyebrows. “I apologize if I was. I just want what’s best for you and for you to be comfortable.” “Then understand this,” I said, “I will never be comfortable or happy unless I can live a very different life from the one I have now.” “That’s too bad,” Biddy said, shaking her head sadly. I had often thought the same thing, and when Biddy said it, I felt like crying because I was so frustrated. I told her she was right, and I knew it was a shame, but it couldn’t be helped. “If I could have been content,” I said to Biddy, pulling at the grass, “if I could have liked my job as much as I did when I was little, things would have been better for me. You, Joe, and I would have had everything we needed. Joe and I might have even become business partners, and who knows, maybe I could have been good enough for you, Biddy.” Biddy sighed and looked out at the ships sailing by. “Yes, I’m not too picky,” she said. It didn’t sound like a compliment, but I knew she meant well. “But instead,” I continued, pulling up more grass, “look at me now. I’m unhappy and uncomfortable. What’s the point of being ordinary if nobody had told me it was bad?” Biddy turned to face me, looking at me more closely than she had at the ships. “That wasn’t a very nice or true thing to say,” she said, looking back at the ships. “Who told you that?” I was taken aback, not knowing where I was going with my thoughts. But I couldn’t back down now, so I answered, “The beautiful young lady at Miss Havisham’s. She’s the most beautiful person I’ve ever seen, and I really like her. I want to be a gentleman because of her.”",0.2,1.0,0db03806a2ca8e5bd922bec328ccac74392eef314cb6a6362a40911b73a7fb9b,0ae1387e2b46dc236ede6f840b1fbf9207fbdcc8b714d92bc4f0aaf1fe8a8793,553,414,0.748644,warning,length_hard_warning,json_ok,2026-06-02T22:48:32Z
groq_llama_3_3_70b_free|run_1|DICKENS_GREAT_EXPECTATIONS_009|paraphrase,groq_llama_3_3_70b_free,groq,Groq Llama 3.3 70B free-tier run,llama-3.3-70b-versatile,llama-3.3-70b-versatile,run_1,DICKENS_GREAT_EXPECTATIONS_009,paraphrase,"“It would be best to approach him in his own home. The way will be paved for you, and you can meet his son in London first. When do you plan to come to London?” I glanced at Joe, who stood motionless, and replied that I could come immediately. Mr. Jaggers said, “First, you should acquire some new clothes, not your work clothes. Let us say this day next week. You will need some money.” He pulled out a long purse with great composure, counted out twenty guineas on the table, and slid them over to me. This was the first time he had moved his leg from the chair. As he sat astride the chair, swinging his purse and eyeing Joe, he asked, “Well, Joseph Gargery, you seem astonished?” Joe replied, “I am!” in a very resolute manner. Mr. Jaggers reminded him, “It was understood that you wanted nothing for yourself, remember?” Joe confirmed, “It was understood, and it still is, and it always will be the same.” Mr. Jaggers swung his purse, saying, “But what if my instructions were to give you a gift as compensation?” Joe asked, “Compensation for what?” Mr. Jaggers replied, “For the loss of Pip's services.” Joe placed his hand on my shoulder with a gentle touch, like a woman's. I have often thought of him as a steam-hammer, capable of crushing a man or handling an eggshell with care, due to his combination of strength and gentleness. Joe said, “Pip is welcome to go freely with his services, to honour and fortune, as no words can express. But if you think money can compensate me for the loss of the little child who came to the forge and was my best friend...” Oh, dear good Joe, whom I was so ready to leave and so ungrateful to, I see you again with your muscular blacksmith's arm before your eyes, your broad chest heaving, and your voice fading away. Oh, dear good faithful tender Joe, I feel the loving tremble of your hand on my arm, as solemnly this day as if it had been the rustle of an angel's wing. I encouraged Joe at the time, lost in the complexities of my future fortunes, unable to retrace the paths we had walked together. I begged Joe to be comforted, reminding him that we had always been the best of friends and would continue to be so. Joe wiped his eyes with his wrist, as if trying to gouge himself, but said no more. Mr. Jaggers watched this exchange, seeming to view Joe as a simpleton and me as his caretaker. When it was over, he said, weighing the purse in his hand, “Now, Joseph Gargery, I warn you this is your last chance. No half-measures with me. If you mean to accept a gift that I have been instructed to give you, speak out, and you shall have it. If, on the other hand, you mean to say...” But to his great surprise, Joe suddenly turned on him, displaying every intention of engaging in a fierce fight.",0.2,1.0,aecd0dbd5d803d112e64f4ad8667e5bcdd70e1354d200d46f541ed7305af6126,e2a29168f380c5f6f2585508e7a92ac8d0be98fece2d195d380d32b6adec3998,556,514,0.92446,pass,,json_ok,2026-06-02T22:48:42Z
groq_llama_3_3_70b_free|run_1|DICKENS_GREAT_EXPECTATIONS_009|modernize,groq_llama_3_3_70b_free,groq,Groq Llama 3.3 70B free-tier run,llama-3.3-70b-versatile,llama-3.3-70b-versatile,run_1,DICKENS_GREAT_EXPECTATIONS_009,modernize,"“Good. You should try to meet him at his own home. The way will be cleared for you, and you can see his son first, who is in London. When will you come to London?”

I said (glancing at Joe, who stood looking on, motionless), that I supposed I could come right away.

“First,” said Mr. Jaggers, “you should get some new clothes to wear, and they shouldn't be your work clothes. How about this day next week? You'll need some money. Shall I leave you twenty guineas?”

He pulled out a long wallet with complete calmness, counted out the money on the table, and pushed it over to me. This was the first time he had moved his leg from the chair. He sat astride the chair after pushing the money over, swinging his wallet and eyeing Joe.

“Well, Joseph Gargery? You look stunned,” Mr. Jaggers said.

“I am,” said Joe, in a very decisive manner.

“It was understood that you didn't want anything for yourself, remember?” Mr. Jaggers asked.

“It was understood,” said Joe. “And it still is. And it always will be that way.”

“But what,” said Mr. Jaggers, swinging his wallet, “if my instructions were to give you a gift as compensation?”

“As compensation for what?” Joe demanded.

“For the loss of Pip's services,” Mr. Jaggers replied.

Joe put his hand on my shoulder with a gentle touch, like a woman's. I've often thought of him since as being like a powerful machine that can crush something or handle it with care, combining strength with gentleness. “Pip is welcome to go and make his fortune, with all the best wishes,” said Joe. “But if you think money can make up for the loss of the little boy who came to the forge and was like a friend to me, then you're wrong.”

Oh, dear good Joe, whom I was so ready to leave and so ungrateful to, I see you again with your strong blacksmith's arm and your broad chest heaving, and your voice fading away. Oh, dear good faithful tender Joe, I feel the loving tremble of your hand on my arm, as strongly today as if it were the touch of an angel.

But I encouraged Joe at the time. I was lost in thoughts of my future and couldn't think about the past. I begged Joe to be comforted, because we had always been the best of friends, and we always would be. Joe wiped his eyes with his wrist, as if he were trying to hurt himself, but he didn't say another word.

Mr. Jaggers had watched this, looking at Joe like he thought he was foolish and at me like I was in charge of him. When it was over, he said, weighing his wallet in his hand: “Now, Joseph Gargery, I'm warning you, this is your last chance. No half-measures with me. If you want to accept a gift that I've been told to give you, speak up, and you'll get it. If, on the other hand, you mean to say—” But to his great surprise, Joe suddenly turned on him, looking like he was ready to fight.",0.2,1.0,aecd0dbd5d803d112e64f4ad8667e5bcdd70e1354d200d46f541ed7305af6126,dd03eb2a9bcaecc44f8f41a2eaa93180db131db33034468e5810fcc4c85b530c,556,528,0.94964,warning,json_repaired_loose_rewritten_text,json_repaired_loose_rewritten_text,2026-06-02T22:48:52Z
groq_llama_3_3_70b_free|run_1|DICKENS_GREAT_EXPECTATIONS_009|simplify,groq_llama_3_3_70b_free,groq,Groq Llama 3.3 70B free-tier run,llama-3.3-70b-versatile,llama-3.3-70b-versatile,run_1,DICKENS_GREAT_EXPECTATIONS_009,simplify,"“Good. You should try to meet him at his own house. The way will be prepared for you, and you can meet his son first, who is in London. When will you come to London?” I looked at Joe, who was standing still, and said I could come right away. “First,” said Mr. Jaggers, “you need new clothes that are not work clothes. Let's say you'll come in a week. You'll need some money. Should I give you twenty guineas?” He took out a long purse and counted out the money on the table, then pushed it towards me. This was the first time he had moved his leg from the chair. He sat on the chair, swinging his purse and looking at Joe. “Well, Joseph Gargery? You look surprised?” “I am!” said Joe, very firmly. “It was understood that you didn't want anything for yourself, remember?” “It was understood,” said Joe. “And it still is. And it always will be.” “But what,” said Mr. Jaggers, swinging his purse, “if I was told to give you a gift as a thank you?” “A thank you for what?” Joe asked. “For losing Pip's help.” Joe put his hand on my shoulder, gently. I've often thought about how strong and gentle he was, like a machine that can crush something or handle it carefully. “Pip is welcome to go and make his fortune, and I'm happy for him,” said Joe. “But if you think money can make up for losing the boy who came to the forge and was like a friend to me, then you're wrong.” Oh, dear Joe, I was so ready to leave him and wasn't thankful enough. I see him again, with his strong arm and broad chest, and his voice fading away. Oh, dear Joe, I feel the loving touch of your hand on my arm, as strongly today as if it were the touch of an angel. But at the time, I tried to comfort Joe. I was too caught up in thinking about my future and couldn't remember the good times we had together. I asked Joe to be comforted, because we had always been friends and would always be friends. Joe wiped his eyes with his arm, but didn't say anything else. Mr. Jaggers had been watching us, and it seemed like he thought Joe was simple-minded and I was taking care of him. When it was over, he said, holding his purse: “Now, Joseph Gargery, this is your last chance. I won't accept any excuses. If you want to take a gift from me, say so, and you'll get it. If not, then—” But before he could finish, Joe suddenly turned to him, looking like he was ready to fight.",0.2,1.0,aecd0dbd5d803d112e64f4ad8667e5bcdd70e1354d200d46f541ed7305af6126,5a34b4cee68e00b3b5ab514550066fdd94ce9cd9ea921744dafd8e351676e397,556,457,0.821942,warning,length_soft_warning,json_ok,2026-06-02T22:49:03Z
groq_llama_3_3_70b_free|run_1|DICKENS_GREAT_EXPECTATIONS_010|paraphrase,groq_llama_3_3_70b_free,groq,Groq Llama 3.3 70B free-tier run,llama-3.3-70b-versatile,llama-3.3-70b-versatile,run_1,DICKENS_GREAT_EXPECTATIONS_010,paraphrase,"And yet I couldn't,” said Mr. Pumblechook, rising from his seat once more, “look at One—and also toast One—without once more expressing—May I—_may_ I—?” I gave him permission, and he shook hands with me again, drained his glass, and turned it over. I did the same, and the wine went straight to my head, as if I had turned myself upside down before drinking. Mr. Pumblechook served me the liver wing and the best slice of tongue, taking little care of himself in comparison. “Ah, poultry, poultry! You never thought,” said Mr. Pumblechook, addressing the fowl on the platter, “when you were a young bird, what lay in store for you. You never imagined you would be a meal under this humble roof for someone like—Call it a weakness, if you will,” said Mr. Pumblechook, getting up again, “but may I? _may_ I—?” It was becoming unnecessary to repeat the form of saying he might, so he proceeded at once. I was amazed he didn't hurt himself with my knife, considering how often he did it. After eating for a while, he continued, “And your sister, who had the honour of raising you by hand! It's a sad picture to think that she's no longer capable of fully understanding the honour. May—” I saw he was about to ask again, and I stopped him. “We'll drink to her health,” I said. “Ah!” exclaimed Mr. Pumblechook, leaning back in his chair, completely relaxed in admiration, “that's how you know them, sir!” (I didn't know who Sir was, but it wasn't me, and there was no one else present); “that's how you know the noble-minded, sir! Ever forgiving and ever affable. To a common person, it might seem like repetition—but _may_ I—?” When he had finished, he sat down and drank to my sister's health. “Let us never be blind,” said Mr. Pumblechook, “to her temper flaws, but it's to be hoped she meant well.” Around this time, I started to notice that he was getting red in the face, while I felt my face was on fire from the wine. I told Mr. Pumblechook that I wanted my new clothes sent to his house, and he was overjoyed that I had chosen him. I explained that I wanted to avoid being seen in the village, and he praised my decision. He implied that he was the only one worthy of my trust, and—in short, might he? Then he asked me if I remembered our childhood games with numbers and how we had gone together to have me apprenticed, and, in effect, how he had always been my favourite friend and chosen companion? Even if I had drunk ten times as much wine as I had, I would have known that he had never been that close to me, and I would have rejected the idea in my heart. Yet, despite this, I felt convinced that I had misjudged him and that he was a sensible, practical, and kind person.",0.2,1.0,ca3825f8a12f94f0830973b8191cce3bf2b55f1aecc35cb58ca851a7315ebc41,929d5a64efd88322308cd6c569970ff3cbd2732f11a93ee4b08498c572e4e193,568,505,0.889085,pass,,json_ok,2026-06-02T22:49:13Z
groq_llama_3_3_70b_free|run_1|DICKENS_GREAT_EXPECTATIONS_010|modernize,groq_llama_3_3_70b_free,groq,Groq Llama 3.3 70B free-tier run,llama-3.3-70b-versatile,llama-3.3-70b-versatile,run_1,DICKENS_GREAT_EXPECTATIONS_010,modernize,"And yet I couldn't,” said Mr. Pumblechook, getting up again, “look at you and raise a glass without saying it again - may I, may I? I gave him the okay, and he shook my hand again, downed his drink, and turned his glass over. I did the same, and if I had flipped myself over before drinking, the wine couldn't have hit me harder. Mr. Pumblechook helped me to the best part of the liver and the top slice of tongue - none of the lower-quality cuts now - and didn't worry too much about his own serving. 'Oh, poultry, poultry!' Mr. Pumblechook exclaimed, talking to the food on his plate. 'You never thought, when you were young, what was in store for you. You had no idea you'd end up being served under this humble roof for someone like... Call it a weakness if you want,' said Mr. Pumblechook, getting up again, 'but may I, may I?' It was getting pointless to keep giving him permission, so he just went ahead. I have no idea how he managed to do it so many times without accidentally stabbing himself with my knife. 'And your sister,' he continued, after eating for a bit, 'who had the honor of raising you by hand. It's sad to think that she's not fully aware of the honor she's given you. May...' I saw him getting ready to ask again, so I cut him off. 'Let's drink to her health,' I said. 'Ah!' cried Mr. Pumblechook, leaning back in his chair, completely impressed. 'That's how you treat people with class, sir!' - though I have no idea who 'sir' was, since it wasn't me and there was no one else there. 'That's how you know someone with a noble mind, sir - always forgiving and always friendly. To a regular person, it might seem like I'm repeating myself, but... may I?' After he did it again, he sat back down and drank to my sister's health. 'Let's not ignore her flaws,' said Mr. Pumblechook, 'but hopefully, she meant well.' Around this time, I started to notice that Mr. Pumblechook's face was getting red, and as for me, I felt like my whole face was burning from the wine. I told Mr. Pumblechook that I wanted my new clothes sent to his house, and he was over the moon that I was giving him such an honor. I explained that I wanted to avoid drawing attention to myself in the village, and he thought it was a great idea. He implied that he was the only one worthy of my trust, and... well, might he? Then he asked me if I remembered the times we played with numbers as kids and how we went to get me set up as an apprentice, and basically, how he had always been my favorite person and closest friend. Even if I had ten times as much wine as I did, I would have known that he never actually felt that way about me, and deep down, I would have rejected the idea. Still, for some reason, I felt convinced that I had misjudged him and that he was actually a sensible, practical, and kind guy.",0.2,1.0,ca3825f8a12f94f0830973b8191cce3bf2b55f1aecc35cb58ca851a7315ebc41,ace887fb9c02362b45fb787160bfe756c510243f63969804e0d5c4bf8b80690c,568,532,0.93662,pass,,json_ok,2026-06-02T22:49:24Z
groq_llama_3_3_70b_free|run_1|DICKENS_GREAT_EXPECTATIONS_010|simplify,groq_llama_3_3_70b_free,groq,Groq Llama 3.3 70B free-tier run,llama-3.3-70b-versatile,llama-3.3-70b-versatile,run_1,DICKENS_GREAT_EXPECTATIONS_010,simplify,"Mr. Pumblechook stood up again and said, 'I'd like to make a toast to someone special. May I?' I told him it was okay, and we shook hands. Then we drank our wine. I felt the wine go straight to my head. Mr. Pumblechook helped me get some food, giving me the best pieces. He didn't take much for himself. 'You didn't know what would happen to you when you were young,' he said to the food. 'You didn't know you'd be eaten here today.' He got up again and said, 'May I?' I just nodded, and he did it again. I was surprised he didn't hurt himself with my knife. After eating for a bit, Mr. Pumblechook talked about my sister. 'It's sad that she's not well enough to understand the honor of raising you,' he said. I saw him getting ready to make another toast, so I stopped him. 'Let's drink to her health,' I said. Mr. Pumblechook was very impressed. 'That's how you treat people with kindness and respect,' he said. He put down his glass and got up again. 'May I?' he asked. When he finished, he sat down and drank to my sister's health. 'We should forgive her temper,' he said, 'and hope she meant well.' I noticed that Mr. Pumblechook's face was getting red, and I felt my face burning from the wine. I told him I wanted to send my new clothes to his house, and he was thrilled. I explained that I didn't want people in the village to notice me, and he thought it was a great idea. He said he was the only one I could trust. Then he asked if I remembered playing games and going to get me an apprenticeship when we were young. He said he had always been my close friend. Even though I knew it wasn't true, I felt like I had misjudged him, and he seemed like a kind and sensible person.",0.2,1.0,ca3825f8a12f94f0830973b8191cce3bf2b55f1aecc35cb58ca851a7315ebc41,e4cb853acce991066f5fab4d96ce76ef6a54dbf25035ca37a1c88adeffc2e414,568,328,0.577465,warning,length_hard_warning,json_ok,2026-06-02T22:49:34Z
groq_llama_3_3_70b_free|run_1|DICKENS_GREAT_EXPECTATIONS_011|paraphrase,groq_llama_3_3_70b_free,groq,Groq Llama 3.3 70B free-tier run,llama-3.3-70b-versatile,llama-3.3-70b-versatile,run_1,DICKENS_GREAT_EXPECTATIONS_011,paraphrase,"I discovered that Wemmick was the clerk in the adjacent room. As he stepped out, another clerk was summoned from upstairs to take his place, and I accompanied him into the street after bidding farewell to my guardian. We encountered a new group of people lingering outside, but Wemmick effortlessly navigated through them by stating calmly yet firmly, 'I assure you, it's pointless; he won't engage with any of you,' and we soon cleared a path and continued on our way side by side.

As we walked, I took the opportunity to observe Mr. Wemmick in the daylight. I found him to be a somewhat austere man, slightly below average height, with a wooden face whose features seemed to have been roughly hewn with a blunt instrument. There were a few marks on his face that could have been dimples if the material had been more pliable and the tool more refined, but instead, they appeared as mere indentations. The instrument had attempted to create a few of these decorative touches above his nose but had abandoned the effort without smoothing them out. I surmised that he was a bachelor, given the worn state of his linen, and he seemed to have experienced numerous losses, as evidenced by the multiple mourning rings he wore, in addition to a brooch depicting a lady and a weeping willow beside a tomb with an urn. I also noticed that several rings and seals hung from his watch-chain, as if he were heavily burdened with memories of departed friends. His eyes sparkled - small, sharp, and black - and his lips were thin, wide, and mottled. To the best of my knowledge, he had possessed these features for forty to fifty years.

'Had you never been to London before?' Mr. Wemmick inquired of me.

'No,' I replied.

'I, too, was once new to this city,' said Mr. Wemmick. 'It's strange to think about now.'

'Are you well acquainted with London now?' I asked.

'Oh, yes,' said Mr. Wemmick. 'I'm familiar with its ways.'

'Is it a particularly wicked place?' I asked, more out of a desire to make conversation than to gain insight.

'You can be deceived, robbed, or murdered in London,' he said. 'However, there are plenty of people elsewhere who would do the same to you.'

'If there's ill will between you and them,' I added, attempting to soften the statement.

'Oh, I don't know about ill will,' Mr. Wemmick responded. 'There isn't much of that about. They'll do it if there's something to be gained.'

'That makes it worse,' I said.

'Do you think so?' Mr. Wemmick replied. 'I'd say it's much the same.'

He wore his hat at the back of his head and gazed straight ahead, walking with a self-assured air as if nothing in the streets warranted his attention. His mouth seemed to be perpetually frozen in a mechanical smile, giving him a somewhat artificial appearance. We had reached the top of Holborn Hill before I realized that this was merely a facade, and he wasn't actually smiling at all.

'Do you know where Mr. Matthew Pocket resides?' I asked Mr. Wemmick.

'Yes,' he replied, nodding in a particular direction. 'He lives in Hammersmith, to the west of London.'

'Is that far?'",0.2,1.0,49d0ce45531f3b7d1343590542c4133f1cf2368fdec9dcaaa6d3ca41dab27069,44f45c130bc5282050349a3fbd37c8cdef066107782080f99330a90708929a61,550,542,0.985455,warning,json_repaired_loose_rewritten_text,json_repaired_loose_rewritten_text,2026-06-02T22:49:45Z
groq_llama_3_3_70b_free|run_1|DICKENS_GREAT_EXPECTATIONS_011|modernize,groq_llama_3_3_70b_free,groq,Groq Llama 3.3 70B free-tier run,llama-3.3-70b-versatile,llama-3.3-70b-versatile,run_1,DICKENS_GREAT_EXPECTATIONS_011,modernize,"I then discovered that Wemmick was the clerk in the next room. Another clerk was called down from upstairs to replace him while he was out, and I accompanied him into the street after shaking hands with my guardian. We found a new group of people lingering outside, but Wemmick made a way through them by saying coolly yet decisively, 'I'm telling you, it's no use; he won't talk to any of you,' and we soon got past them and continued on side by side. As we walked, I took a closer look at Mr. Wemmick in the daylight and found him to be a rather dry man, slightly below average height, with a square, wooden face whose expression seemed to have been roughly carved out with a dull tool. There were some marks on his face that could have been dimples if his features were softer and the tool more refined, but they were just indentations. The tool had made a few attempts to add some character to his face, particularly around his nose, but had given up without smoothing them out. I guessed he was a bachelor from the worn state of his clothes, and he seemed to have experienced a lot of losses; he wore at least four mourning rings, as well as a brooch featuring a lady and a weeping willow at a tomb with an urn. I also noticed that several rings and seals hung from his watch chain, as if he were weighed down by memories of departed friends. He had sharp, black eyes and thin, wide, mottled lips that seemed to be set in a permanent expression. He had likely had them for forty to fifty years. 'So, you've never been to London before?' Mr. Wemmick asked me. 'No,' I replied. 'I was new here once,' said Mr. Wemmick. 'It's funny to think about now.' 'You know the city well now?' I asked. 'Yes,' said Mr. Wemmick. 'I know how it works.' 'Is it a very corrupt place?' I asked, more to make conversation than to gain insight. 'You can get cheated, robbed, or murdered in London,' he said. 'But there are plenty of people anywhere who will do that to you if they can gain something from it.' 'If there's a grudge between you and them,' I added, trying to soften the statement. 'I don't know about grudges,' Mr. Wemmick said. 'There's not much malice involved; they'll do it if there's something to be gained.' 'That makes it worse,' I said. 'You think so?' Mr. Wemmick replied. 'I'm not so sure; it's all pretty much the same to me.' He wore his hat pushed back on his head and looked straight ahead, walking in a self-contained way as if nothing in the streets was worth his attention. His mouth seemed to be constantly smiling, but it was just a mechanical expression. We had reached the top of Holborn Hill before I realized he wasn't actually smiling at all. 'Do you know where Mr. Matthew Pocket lives?' I asked Mr. Wemmick. 'Yes,' he said, nodding in a direction. 'In Hammersmith, west of London.' 'Is that far?'",0.2,1.0,49d0ce45531f3b7d1343590542c4133f1cf2368fdec9dcaaa6d3ca41dab27069,2c434cdc8497029eb6c94fc1e58d80fdd546f54c126cf2db7dc6245b6b8e4e66,550,523,0.950909,pass,,json_ok,2026-06-02T22:49:55Z
groq_llama_3_3_70b_free|run_1|DICKENS_GREAT_EXPECTATIONS_011|simplify,groq_llama_3_3_70b_free,groq,Groq Llama 3.3 70B free-tier run,llama-3.3-70b-versatile,llama-3.3-70b-versatile,run_1,DICKENS_GREAT_EXPECTATIONS_011,simplify,"I found out that Wemmick was the clerk in the next room. Another clerk came down from upstairs to replace him while he was out, and I went with Wemmick into the street after saying goodbye to my guardian. There were new people waiting outside, but Wemmick pushed through them by saying, 'I'm telling you, it's no use. He won't talk to any of you.' We quickly got away from them and walked side by side.

As we walked, I looked at Wemmick in the daylight and saw that he was a thin, short man with a square face that looked like it was carved out of wood. His face had some marks that might have been dimples if they were smoother, but they just looked like dents. He seemed like a bachelor because his clothes were worn out, and he wore several rings and a brooch that showed he had lost many loved ones. I also noticed that he had many rings and seals on his watch chain, like he was carrying memories of his friends who had passed away. His eyes were small, sharp, and black, and his lips were thin and spotted. He had probably had those features for 40 to 50 years.

'Were you never in London before?' Wemmick asked me.

'No,' I replied.

'I was new here once,' said Wemmick. 'It's funny to think about now.'

'You know London well now?' I asked.

'Yes,' said Wemmick. 'I know how it works.'

'Is London a very bad place?' I asked, just to say something.

'You can get cheated, robbed, or murdered in London,' Wemmick said. 'But there are people everywhere who will do those things to you if they can gain from it.'

'If there's a grudge between you and them,' I added, trying to soften what he said.

'I don't know about grudges,' Wemmick said. 'There aren't many grudges. People will do bad things if they can benefit from them.'

'That makes it worse,' I said.

'Do you think so?' Wemmick asked. 'I think it's about the same.'

He wore his hat at the back of his head and looked straight ahead, walking in a way that showed he didn't care about anything around him. His mouth seemed to be smiling, but it was just a habit. We had walked up Holborn Hill before I realized he wasn't actually smiling.

'Do you know where Mr. Matthew Pocket lives?' I asked Wemmick.

'Yes,' he said, nodding in a direction. 'He lives in Hammersmith, west of London.'

'Is that far?' I asked.",0.2,1.0,49d0ce45531f3b7d1343590542c4133f1cf2368fdec9dcaaa6d3ca41dab27069,f027d5039b35bd8d50961df74f585fe3aaac9aef4a75af076b273c73a3609a94,550,425,0.772727,warning,json_repaired_loose_rewritten_text;length_hard_warning,json_repaired_loose_rewritten_text,2026-06-02T22:50:05Z
groq_llama_3_3_70b_free|run_1|DICKENS_GREAT_EXPECTATIONS_012|paraphrase,groq_llama_3_3_70b_free,groq,Groq Llama 3.3 70B free-tier run,llama-3.3-70b-versatile,llama-3.3-70b-versatile,run_1,DICKENS_GREAT_EXPECTATIONS_012,paraphrase,"Also to Ceylon, particularly for the purpose of obtaining elephants' tusks, he said. I remarked that he would require a considerable number of ships. 'A perfect fleet,' he replied. I was overwhelmed by the grandeur of these plans and asked him where the ships he intended to insure currently traded. He replied that he had not yet begun insuring, but was rather observing his surroundings. This pursuit seemed more suited to his current circumstances at Barnard's Inn. I expressed my conviction, saying, 'Ah-h!' He confirmed, 'Yes, I am in a counting-house, and I am looking about me.' I inquired whether being in a counting-house was profitable. He asked if I meant for the young man in his position, and I replied that I did. He said, 'Why, no; not directly profitable to me.' He spoke as if carefully calculating and balancing his finances. 'It doesn't pay me anything, and I have to support myself.' This did not appear to be a lucrative situation, and I shook my head, implying that it would be challenging to save much from such a source of income. Herbert Pocket said, 'But the key is to look about you. That's the essential thing. You are in a counting-house, and you observe your surroundings.' It seemed to me that one could not be outside a counting-house and still look about, but I deferred to his experience. He continued, 'Then the opportunity arises, and you seize it, making your capital. Once you have made your capital, you have nothing to do but invest it.' This approach was reminiscent of his conduct in our previous encounter in the garden. His manner of coping with poverty was similar to his demeanor after that defeat. He seemed to accept all difficulties with the same air as he had accepted mine. It was evident that he had only the simplest necessities around him, as everything I noticed had been sent from the coffee-house or elsewhere on my account. Despite having already imagined his fortune, he was unassuming and did not appear pompous, which I appreciated. This humility was a pleasant addition to his naturally pleasant nature, and we got along famously. In the evening, we took a walk in the streets and attended the theatre at half-price. The next day, we went to church at Westminster Abbey and strolled in the Parks, where I wondered who shoed all the horses and wished Joe was there. It had been many months since I left Joe and Biddy, and the distance between us seemed vast. The idea of attending our old church in my old clothes on the previous Sunday seemed like an impossibility, both geographically and socially. Yet, in the crowded and brightly lit London streets, I felt a pang of guilt for having left the old kitchen at home so far behind. In the still of the night, the footsteps of the inept porter at Barnard's Inn echoed hollowly in my heart.",0.2,1.0,9db0757c51b0f209a40599e17787db71a8cdd618ada332fd4ae1e45bbef6c348,caf94fbabe93490c34e081c95ece7752096b6249e2c542e6ddd0b6695ac1e33f,594,491,0.826599,warning,length_soft_warning,json_ok,2026-06-02T22:50:16Z
groq_llama_3_3_70b_free|run_1|DICKENS_GREAT_EXPECTATIONS_012|modernize,groq_llama_3_3_70b_free,groq,Groq Llama 3.3 70B free-tier run,llama-3.3-70b-versatile,llama-3.3-70b-versatile,run_1,DICKENS_GREAT_EXPECTATIONS_012,modernize,"Also to Ceylon, especially for elephant tusks. You will need a large number of ships, I said. A perfect fleet, he replied. I was overwhelmed by the magnitude of these business dealings, so I asked him where the ships he planned to insure mostly operated at present. I haven't started insuring yet, he said. I'm just exploring my options. Somehow, this approach seemed more in line with the atmosphere of Barnard's Inn. I said, in a tone of conviction, Ah-h. Yes, I'm in a financial firm, and I'm just checking things out. Is working in a financial firm profitable, I asked. Do you mean for the young person who's in it, he asked in response. Yes, for you. Well, no, not for me, he said, as if carefully calculating the pros and cons. It's not directly profitable, that is, it doesn't pay me, and I have to support myself. This didn't seem like a lucrative situation, and I shook my head, implying that it would be tough to save much money from such a source of income. But the thing is, said Herbert Pocket, you've got to explore your options. That's the key thing. You're in a financial firm, and you've got to look around. It struck me as a bit odd that you couldn't be outside of a financial firm and still explore your options, but I silently deferred to his experience. Then the time comes, said Herbert, when you see an opportunity. And you go for it, and you make your money, and then you're set. When you've made your money, you just need to invest it. This was very similar to his approach to that encounter in the garden, very similar. His attitude towards his poverty was also similar to his attitude towards that defeat. It seemed to me that he took all setbacks with the same air as he had taken mine back then. It was clear that he had only the bare essentials around him, because everything I noticed seemed to have been brought in from the coffee shop or somewhere else for my benefit. Yet, having already imagined himself making his fortune, he was so humble about it that I felt grateful to him for not being arrogant. It was a nice addition to his naturally pleasant nature, and we got along great. In the evening, we went for a walk in the streets and caught a discounted show at the theater, and the next day we attended church at Westminster Abbey, and in the afternoon we strolled in the parks. I wondered who took care of all the horses there and wished Joe was doing it. It had been many months since I'd left Joe and Biddy, and the distance between us seemed to have grown even larger. It seemed impossible that I could have been at our old church, wearing my old church clothes, just the previous Sunday. Yet, in the crowded and brightly lit London streets, I felt a pang of guilt for having left the old kitchen at home so far behind. And in the dead of night, the sound of some incompetent porter wandering around Barnard's Inn, pretending to keep watch, felt hollow and sad.",0.2,1.0,9db0757c51b0f209a40599e17787db71a8cdd618ada332fd4ae1e45bbef6c348,896cad92b6d94829132a2b7b3ac73bc0d1a991f3840ae4d015349fd0b50f5613,594,536,0.902357,pass,,json_ok,2026-06-02T22:50:27Z
groq_llama_3_3_70b_free|run_1|DICKENS_GREAT_EXPECTATIONS_012|simplify,groq_llama_3_3_70b_free,groq,Groq Llama 3.3 70B free-tier run,llama-3.3-70b-versatile,llama-3.3-70b-versatile,run_1,DICKENS_GREAT_EXPECTATIONS_012,simplify,"He also planned to trade with Ceylon, especially for elephant tusks. I said, 'You'll need a lot of ships for that.' He replied, 'A whole fleet.' I was amazed by the scale of his plans and asked where the ships he insured mostly traded to at the moment. He said, 'I haven't started insuring yet, I'm just looking around.' This seemed more like something you'd do at Barnard's Inn. I said, 'I see,' and he explained that he was working in a counting-house, looking for opportunities. I asked if working in a counting-house was profitable. He replied, 'Do you mean for the young person working there?' I said, 'Yes, for you.' He thought for a moment and said, 'Not really. It doesn't pay me directly, and I have to support myself.' This didn't sound very profitable, and I shook my head, thinking it would be hard to save money from a job like that. Herbert said, 'The important thing is to look for opportunities. You're in a counting-house, so you look around and wait for the right moment to act.' It seemed strange to me that you couldn't look for opportunities outside of a counting-house, but I didn't say anything. Herbert continued, 'When you see your chance, you take it and make your money. Then you can invest it and you're set.' This was similar to how he had handled our fight in the garden. He was very calm and composed, even when talking about his difficult financial situation. It was clear that he didn't have much money, as everything in his room had been borrowed from the coffee-house or somewhere else. Despite this, he had already imagined himself as a successful person and wasn't arrogant about it. I was grateful for his humility, and we got along well. In the evening, we went for a walk and saw a play at the theater. The next day, we went to church at Westminster Abbey and walked in the park. I wondered who took care of all the horses in the park and wished Joe was there to do it. It had been many months since I left Joe and Biddy. The distance between us seemed huge, and it felt like a different world. I couldn't believe I had been away from my old home for so long. The crowded streets of London were overwhelming, and the bright lights made me feel guilty for leaving my old life behind. At night, the sound of the porter walking around Barnard's Inn made me feel empty and nostalgic.",0.2,1.0,9db0757c51b0f209a40599e17787db71a8cdd618ada332fd4ae1e45bbef6c348,2f3a31562dd28aa277d461529a741f0f09d5c7745cc07eb333884e2ea7e66c3a,594,425,0.715488,warning,length_hard_warning,json_ok,2026-06-02T22:50:37Z
groq_llama_3_3_70b_free|run_1|DICKENS_GREAT_EXPECTATIONS_013|paraphrase,groq_llama_3_3_70b_free,groq,Groq Llama 3.3 70B free-tier run,llama-3.3-70b-versatile,llama-3.3-70b-versatile,run_1,DICKENS_GREAT_EXPECTATIONS_013,paraphrase,"I inquired about the number of clerks, and he replied that they didn't often encounter many, as there was only one Jaggers, and people preferred to deal with him directly. He mentioned that there were only four of them in total. He offered to show me the others, saying I was one of them, in a manner of speaking. I accepted his offer. After Mr. Wemmick had finished putting away the biscuits and paid me from a cash-box in a safe - the key to which he kept hidden down his back and produced from his coat-collar - we went upstairs. The house was dimly lit and shabby, with greasy marks on the staircase that seemed to have been left by people shuffling up and down for years. On the first floor, a clerk who resembled a cross between a publican and a rat-catcher - a large, pale, puffed man - was engaged with several people of unkempt appearance, treating them brusquely, much like everyone else who contributed to Mr. Jaggers's business. As we passed by, Mr. Wemmick commented that the clerk was gathering evidence for a trial at the Bailey. In the room above, a small, flabby clerk with unkempt hair was similarly occupied with a man who had weak eyes. Mr. Wemmick introduced him to me as a smelter who was always ready to melt down anything I might need, and who appeared to be in a state of excessive nervousness, as if he had been experimenting on himself. In a back room, a man with a face-ache, dressed in old black clothes that looked like they had been waxed, was hunched over his work, making fair copies of notes for Mr. Jaggers's use. This was the entirety of the establishment. When we returned downstairs, Wemmick led me to my guardian's room and said, 'You've seen this room before.' I noticed the two repulsive casts with a twitchy leer on them again and asked, 'Whose likenesses are these?' Wemmick got up on a chair, blew the dust off the heads, and brought them down, saying, 'These are two of our most famous clients, who brought us a great deal of credit. This one murdered his master, and considering he wasn't experienced in such matters, he didn't plan it poorly.' I recoiled from the cast, and Wemmick spat on the eyebrow and rubbed it with his sleeve. I asked if the cast was a good likeness, and Wemmick replied that it was made in Newgate directly after the man was taken down. He affectionately addressed the cast, saying, 'You had a particular fondness for me, didn't you, Old Artful?' and explained that he had a brooch made with a lady and a weeping willow at a tomb, which the man had given him. I asked if the lady on the brooch was someone significant, and Wemmick replied that she was just a symbol of the man's game, saying, 'You enjoyed your bit of game, didn't you?'",0.2,1.0,f00e6691333b74ea030e1ac75697bdf5b9193e56e0a6b269f7434c94676e1704,378b60ded067e9aa76479e1c9ca63cbeedc8ae9cde067a1e308d5de2b958b7af,554,493,0.889892,warning,prompt_or_source_leakage_warning,json_ok,2026-06-02T22:50:47Z
groq_llama_3_3_70b_free|run_1|DICKENS_GREAT_EXPECTATIONS_013|modernize,groq_llama_3_3_70b_free,groq,Groq Llama 3.3 70B free-tier run,llama-3.3-70b-versatile,llama-3.3-70b-versatile,run_1,DICKENS_GREAT_EXPECTATIONS_013,modernize,"Then I asked if there were many clerks, and he replied, 'We don't deal with many clerks because there's only one Jaggers, and people don't want to work with him indirectly. There are only four of us. Would you like to meet them? You're one of us, in a way.' I accepted the offer. After Mr. Wemmick had put all the paperwork in order and paid me from a cash box in a safe - the key to which he kept hidden down his back and pulled out from his coat collar like a metal chain - we went upstairs. The house was dimly lit and run-down, and the greasy marks on the walls seemed to have been left by people shuffling up and down the stairs for years. On the first floor, a clerk who looked like a cross between a bartender and a pest control worker - a large, pale, puffy man - was busy gathering information from a group of shabbily dressed people, treating them roughly, just like everyone else who did business with Mr. Jaggers. 'Gathering evidence for court,' Mr. Wemmick said as we walked out. In the room above, a small, flabby clerk with unkempt hair was doing the same with a man who had weak eyes, whom Mr. Wemmick introduced to me as a metalworker who was always busy and would melt anything I wanted - and who was sweating profusely, as if he had been working on himself. In a back room, a man with a headache, dressed in old black clothes that looked like they had been waxed, was hunched over his desk, making clean copies of the notes from the other two clerks for Mr. Jaggers's use. This was the entire staff. When we went back downstairs, Wemmick led me to my guardian's office and said, 'You've seen this room before.' I noticed the two disgusting casts with a creepy grin on them again and asked, 'Whose likenesses are those?' Wemmick got up on a chair, dusted off the horrible heads, and brought them down. 'These are two famous clients of ours who brought us a lot of credibility. This one murdered his boss, and considering he wasn't experienced, he didn't do a bad job.' I recoiled from the cast, and Wemmick spat on the eyebrow and wiped it with his sleeve. I asked if the cast was a good likeness, and Wemmick said, 'It's him, exactly. The cast was made in prison right after he was caught.' Wemmick explained that he had a special connection to the cast, touching the brooch on his lapel with a lady and a weeping willow on it, and said, 'I had it made especially for me.' I asked if the lady on the brooch was someone important, and Wemmick replied, 'No, just his style. He liked his thrill, didn't he?'",0.2,1.0,f00e6691333b74ea030e1ac75697bdf5b9193e56e0a6b269f7434c94676e1704,9faf046f92767b2cbc65a1862fa1d7bc00c53b97bbac169917eb2ad65b839e20,554,471,0.850181,pass,,json_ok,2026-06-02T22:50:58Z
groq_llama_3_3_70b_free|run_1|DICKENS_GREAT_EXPECTATIONS_013|simplify,groq_llama_3_3_70b_free,groq,Groq Llama 3.3 70B free-tier run,llama-3.3-70b-versatile,llama-3.3-70b-versatile,run_1,DICKENS_GREAT_EXPECTATIONS_013,simplify,"Then I asked how many clerks worked there. Mr. Wemmick replied that there were only four of them, including himself, because people didn't want to deal with anyone other than Mr. Jaggers directly. He offered to show me the other clerks, saying I was one of them now. After Mr. Wemmick finished putting away the biscuits and paid me from a safe, we went upstairs. The house was old and worn out, with a staircase that seemed to have been used a lot. On the first floor, we saw a clerk who looked like a mix of a bartender and a pest control worker. He was dealing with some shabby-looking people, treating them roughly, like everyone who did business with Mr. Jaggers. Mr. Wemmick said they were gathering evidence for a court case. In the next room, we saw another clerk, a small, flabby man with long hair, who was working with a man with weak eyes. Mr. Wemmick introduced him as a metalworker who could melt anything I wanted. This man was sweating a lot, as if he had been working hard. In a back room, there was a man with a headache, dressed in old black clothes, who was making copies of notes for Mr. Jaggers. This was the entire staff. When we went back downstairs, Mr. Wemmick took me to my guardian's room and said I had already seen it. I noticed the two ugly masks on the shelf again and asked whose faces they were. Mr. Wemmick got up on a chair, dusted them off, and said they were famous clients who had brought Mr. Jaggers a lot of credit. One of them had murdered his boss, and considering he wasn't experienced, he had planned it pretty well. I asked if the mask looked like him, and Mr. Wemmick said it was a perfect likeness, made in prison after he was caught. Mr. Wemmick even talked to the mask, calling it 'Old Artful,' and explained that he had a special brooch made with a picture of a lady and a tree. I asked if the lady was someone important, and Mr. Wemmick said no, she was just a symbol of the man's crimes.",0.2,1.0,f00e6691333b74ea030e1ac75697bdf5b9193e56e0a6b269f7434c94676e1704,9e00e27527033217fd9cdcfd02b7a9c13e143c45c2baae568cbb6a7fe6035f64,554,367,0.662455,warning,length_hard_warning,json_ok,2026-06-02T22:51:08Z
groq_llama_3_3_70b_free|run_1|DICKENS_GREAT_EXPECTATIONS_014|paraphrase,groq_llama_3_3_70b_free,groq,Groq Llama 3.3 70B free-tier run,llama-3.3-70b-versatile,llama-3.3-70b-versatile,run_1,DICKENS_GREAT_EXPECTATIONS_014,paraphrase,"Who is the Spider, I was asked. 'The spider?' I repeated. 'The one with the blotchy, sprawly, sulky appearance,' my questioner elaborated. I identified him as Bentley Drummle, distinguishing him from Startop, who had a more delicate face. However, my companion showed no interest in Startop, instead focusing on Drummle. 'That's his name, is it?' he said, 'I rather like the look of him.' He then proceeded to engage Drummle in conversation, undeterred by the latter's reserved responses. As I watched the two of them, the housekeeper appeared with the first course, interrupting my observation. She was a woman of around forty, with a slender yet agile figure, extremely pale complexion, and a mass of hair that fell in loose locks. Her eyes seemed faded, and her lips were parted, giving her an air of panting. Her face wore an expression of sudden alarm, as if she had been startled. This reminded me of the witches' faces I had seen in a recent production of Macbeth, which had risen out of a cauldron amidst fiery vapors. The housekeeper set the dish down, touched my guardian's arm to signal that dinner was ready, and then disappeared from view. We took our seats at the table, with my guardian placing Drummle on one side of him and Startop on the other. The housekeeper had prepared an exquisite dish of fish, followed by a joint of mutton and a choice bird, all accompanied by an array of fine sauces and wines. Our host served these from a dumb-waiter, carefully replenishing the table with each course. The housekeeper was the only attendant, and she alone set out each dish. I couldn't help but notice her face, which seemed to haunt me like a vision from the witches' cauldron. Years later, I would inadvertently recreate this image by having someone with flowing hair pass behind a bowl of flaming spirits in a dark room. The housekeeper's striking appearance, combined with Wemmick's prior warning, had drawn my attention to her. I observed that whenever she was in the room, she kept a watchful eye on my guardian, hesitating to remove her hands from any dish she placed before him, as if she feared being summoned back. I sensed that my guardian was aware of this and deliberately kept her in a state of suspense. Despite this underlying tension, dinner proceeded in a lively manner, with my guardian skillfully drawing out our weaker inclinations, even if he didn't initiate the conversations himself.",0.2,1.0,db0f6e9482429d8e4f32eb38aee208a81be016099bd3bf247a9c3b8aebcb4629,1f0a82418f99a2e95fc638938a6641157f8926d65922b328edc78476997cea30,554,415,0.749097,warning,length_hard_warning,json_ok,2026-06-02T22:51:19Z
groq_llama_3_3_70b_free|run_1|DICKENS_GREAT_EXPECTATIONS_014|modernize,groq_llama_3_3_70b_free,groq,Groq Llama 3.3 70B free-tier run,llama-3.3-70b-versatile,llama-3.3-70b-versatile,run_1,DICKENS_GREAT_EXPECTATIONS_014,modernize,"Who's the Spider?” I was asked.

“The spider?” I replied.

“The guy with the messy, sulky demeanor,” the person clarified.

“That's Bentley Drummle,” I said; “the one with the delicate face is Startop.”

My companion didn't seem to care about Startop and instead focused on Drummle, saying, “Bentley Drummle, that's his name? I like the look of that guy.”

He immediately started talking to Drummle, undeterred by Drummle's brief and reserved responses. In fact, Drummle's reserved nature seemed to encourage my companion to try to get more out of him. As I watched the two of them, the housekeeper appeared with the first course for dinner.

She was a woman who appeared to be around forty, although I might have underestimated her age. She was tall and slender, extremely pale, with large, faded eyes and a lot of long, flowing hair. I couldn't help but notice that her lips were parted, as if she were out of breath, and her face had a strange, fluttery expression. It reminded me of the faces I had seen in a production of Macbeth at the theater a night or two before, which seemed to be disturbed by some kind of intense, fiery energy.

The housekeeper set the dish down, discreetly touched my guardian's arm to let him know that dinner was ready, and then disappeared. We took our seats at the round table, with my guardian sitting between Drummle and Startop. The housekeeper had prepared an excellent dish of fish, which was followed by a delicious joint of mutton and then a superb bird. Our host provided us with a wide range of sauces, wines, and other accompaniments, all of which were of the highest quality. He used a dumbwaiter to serve us, and when each dish had made its way around the table, he would put it back and bring out the next one. He also made sure we had clean plates, knives, and forks for each course, and he would drop the used ones into baskets on the floor beside his chair. The housekeeper was the only other person who attended to us, and she was the one who brought out each dish. Every time I saw her, I was struck by her resemblance to the faces I had seen in the theater production.

Because the housekeeper's appearance was so striking, and because Wemmick had prepared me for her, I found myself paying close attention to her. I noticed that whenever she was in the room, she kept a close eye on my guardian, and when she was serving him, she would hesitate before removing her hands from the dish, as if she were afraid he would call her back. It seemed to me that she wanted him to speak to her when she was near, if he had anything to say. I also thought I detected a sense of awareness in my guardian's manner, as if he knew she was watching him and was intentionally keeping her in a state of suspense.

Dinner was a lively and enjoyable affair, and although my guardian didn't seem to be driving the conversation, I knew that he had a way of drawing out our weaker qualities. He had a knack for getting us to reveal more about ourselves than we might have intended.",0.2,1.0,db0f6e9482429d8e4f32eb38aee208a81be016099bd3bf247a9c3b8aebcb4629,11851aa10b6f605c911b14efe7ca4725ce09db8e44df12327c17f76a066962e5,554,550,0.99278,warning,json_repaired_loose_rewritten_text,json_repaired_loose_rewritten_text,2026-06-02T22:51:30Z
groq_llama_3_3_70b_free|run_1|DICKENS_GREAT_EXPECTATIONS_014|simplify,groq_llama_3_3_70b_free,groq,Groq Llama 3.3 70B free-tier run,llama-3.3-70b-versatile,llama-3.3-70b-versatile,run_1,DICKENS_GREAT_EXPECTATIONS_014,simplify,"Who's the Spider? someone asked. 'The spider?' I replied. 'The blotchy, sprawly, sulky fellow,' they said. 'That's Bentley Drummle,' I said. 'The one with the delicate face is Startop.' But the person asking didn't seem to care about Startop. 'Bentley Drummle is his name, is it? I like the look of that fellow,' they said. Then they started talking to Drummle, even though Drummle didn't say much. I was watching them when the housekeeper came in with the first dish. She was a woman around 40 years old, tall and slender, with very pale skin and big, faded eyes. Her hair was long and flowing. She looked like she was out of breath, and her face had a strange expression. It reminded me of the witches in Macbeth, which I had seen at the theater a few nights before. She set the dish down, touched my guardian's arm to let him know dinner was ready, and left. We sat down at the table, and my guardian sat between Drummle and Startop. The housekeeper had made a great fish dish, and we also had excellent mutton and bird. Our host provided all the sauces, wines, and other things we needed. He used a dumb-waiter to serve us, and he always put the dishes back after we were done. The housekeeper was the only other person helping. She brought out every dish, and I couldn't help but notice her face. It was like a face rising out of a caldron. Years later, I made a picture that looked like her by shining a light on a face behind a bowl of flames. I was paying attention to the housekeeper because of how she looked and because Wemmick had told me about her. I noticed that she always watched my guardian when she was in the room, and she would hesitate when she put dishes in front of him. It was like she was waiting for him to say something. I thought my guardian knew this and was doing it on purpose. Dinner was enjoyable, and even though my guardian didn't start many conversations, he was able to get us to talk about things we might not have otherwise discussed.",0.2,1.0,db0f6e9482429d8e4f32eb38aee208a81be016099bd3bf247a9c3b8aebcb4629,af9d961188dcf2d3b765de5270e021f5b6a4d46c8af52a131f7a72371f6e978a,554,367,0.662455,warning,length_hard_warning,json_ok,2026-06-02T22:51:40Z
groq_llama_3_3_70b_free|run_1|DICKENS_GREAT_EXPECTATIONS_015|paraphrase,groq_llama_3_3_70b_free,groq,Groq Llama 3.3 70B free-tier run,llama-3.3-70b-versatile,llama-3.3-70b-versatile,run_1,DICKENS_GREAT_EXPECTATIONS_015,paraphrase,"One of the men was noticeably taller and stouter than the other, and it seemed to be the natural order of things, in the mysterious way that the world works, that he had been given the smaller set of clothes. His arms and legs resembled large pincushions, and his attire was comically ill-fitting, but I recognized him instantly from his partially closed eye. This was the same man I had seen sitting on the settle at the Three Jolly Bargemen on a Saturday night, the one who had pretended to shoot me with an invisible gun. It was clear that he had no idea who I was, and he looked me up and down before turning away, spitting, and exchanging a few words with the other convict. They both laughed and shifted their positions, the metal chain that linked them clinking as they moved, and began to look at something else. The large numbers on their backs made them look like houses, and their rough, unkempt appearance made them seem like animals. The iron fetters on their legs were adorned with pocket handkerchiefs, a pathetic attempt to add some dignity to their otherwise miserable state. The way everyone else looked at them with disdain and kept their distance only added to their degraded appearance, making them a thoroughly unpleasant sight, just as Herbert had described. But this was not the worst part of the situation. It turned out that a family was using the entire back of the coach to move their belongings from London, leaving no room for the two prisoners except on the seat in front, behind the coachman. This news sent a gentleman who had taken the fourth place on that seat into a rage, and he complained that it was a breach of contract to force him to sit with such disreputable company. He claimed it was poisonous, pernicious, infamous, and shameful, and he continued to rant and rave. The coach was ready to leave, and the coachman was growing impatient, while we were all preparing to board. The prisoners and their keeper arrived, bringing with them the distinctive smell of bread, baize, rope, and stone that seemed to follow convicts everywhere. The keeper tried to placate the angry passenger, offering to sit next to him and keep the prisoners on the outside of the row, where they would not disturb him. The convict I recognized spoke up, saying that he did not want to cause any trouble and was willing to stay behind if it would make a difference. The other convict also offered to give up his place, and they both laughed and began to crack nuts, spitting the shells onto the ground. As I watched them, I couldn't help but feel a pang of sympathy for their situation. Eventually, it was decided that the angry gentleman would have to accept the company of the convicts or stay behind. He reluctantly took his seat, still grumbling, and the keeper sat down next to him. The convicts climbed aboard as best they could, and the one I recognized sat down behind me, his breath on the back of my head.",0.2,1.0,ffdaf7d870a7523b23dab92f97d2209b8d3ab57d7f4f3a60b7449f2efe8e8818,23e3c41cc75dc455b4d0bee5f7a41fddc38278f16f1067468524f840acef2cf1,564,525,0.930851,pass,,json_ok,2026-06-02T22:51:50Z
groq_llama_3_3_70b_free|run_1|DICKENS_GREAT_EXPECTATIONS_015|modernize,groq_llama_3_3_70b_free,groq,Groq Llama 3.3 70B free-tier run,llama-3.3-70b-versatile,llama-3.3-70b-versatile,run_1,DICKENS_GREAT_EXPECTATIONS_015,modernize,"One of the men was taller and heavier than the other, and it seemed to be the way of the world that he had been given the smaller set of clothes. His arms and legs were like oversized pillows, and his clothes made him look ridiculous, but I recognized him immediately. He was the man I had seen at the Three Jolly Bargemen on a Saturday night, the one who had pretended to shoot me with an invisible gun. It was clear that he had no idea who I was, and he looked me up and down, checking out my watch chain before spitting and saying something to the other convict. They both laughed and turned around, the metal chain that connected them clinking as they moved. The large numbers on their backs made them look like they were wearing street signs, and their rough, unkempt appearance made them seem like animals. Their legs were shackled, and they had handkerchiefs tied around them in a pathetic attempt to look more presentable. Everyone around them kept their distance, and it was clear that they were a disagreeable and degraded presence, just as Herbert had said. But things were about to get worse. It turned out that a family had rented out the entire back of the coach, leaving no room for the two prisoners except on the seat in front, behind the coach driver. This did not sit well with a short-tempered man who had taken the fourth seat and was now furious at the prospect of being near the convicts. He claimed it was a breach of contract to make him sit near such 'villainous company' and that it was 'poisonous, pernicious, infamous, and shameful.' The coach was ready to leave, and the coach driver was getting impatient as we all prepared to board. The prisoners and their guard arrived, bringing with them the distinctive smell of bread, fabric, and rope. 'Don't be so upset, sir,' the guard said to the angry passenger. 'I'll sit next to you myself, and I'll put them on the outside. They won't bother you, and you won't even know they're there.' 'Don't blame me,' the convict I recognized growled. 'I don't want to go. I'm happy to stay behind. Anyone can have my spot.' 'Or mine,' the other convict added gruffly. 'I wouldn't have bothered any of you if I had a choice.' They both laughed and started cracking nuts, spitting the shells everywhere. I think I would have felt the same way if I were in their shoes and being treated with such contempt. In the end, it was decided that the angry gentleman had no choice but to sit with the convicts or stay behind. So he reluctantly took his seat, still complaining, and the guard sat down next to him. The convicts climbed aboard as best they could, and the one I recognized sat down behind me, his breath on the back of my head.",0.2,1.0,ffdaf7d870a7523b23dab92f97d2209b8d3ab57d7f4f3a60b7449f2efe8e8818,fa56faaa69ba322140adcaa5c3a8bfb628b28bd245c765778c01ee62f4729e49,564,494,0.875887,pass,,json_ok,2026-06-02T22:52:01Z
groq_llama_3_3_70b_free|run_1|DICKENS_GREAT_EXPECTATIONS_015|simplify,groq_llama_3_3_70b_free,groq,Groq Llama 3.3 70B free-tier run,llama-3.3-70b-versatile,llama-3.3-70b-versatile,run_1,DICKENS_GREAT_EXPECTATIONS_015,simplify,"One of the men was taller and heavier than the other. He seemed to have been given the smaller set of clothes, which made him look ridiculous. His arms and legs were thick, and his clothes didn't fit well, but I recognized him right away. He was the man I had seen at the Three Jolly Bargemen on a Saturday night, the one who had pointed an imaginary gun at me.

It was clear that he didn't recognize me, though. He looked me up and down, noticing my watch chain, and then he spat and said something to the other convict. They both laughed and turned to look at something else. The numbers on their backs made them look like they were wearing street signs, and their rough, dirty clothes made them seem like animals. Their legs were chained together, and they had handkerchiefs tied around them. Everyone else on the coach looked at them with disgust and kept their distance.

But things got even worse. A family was moving from London and had taken up the entire back of the coach, leaving no room for the two convicts except on the seat in front, behind the coachman. A angry man who had taken the fourth seat got very upset, saying it was unfair to make him sit with such bad people. He said it was poisonous, harmful, and shameful. The coach was ready to leave, and we were all getting ready to board. The prisoners and their guard arrived, bringing with them a strange smell of bread, fabric, and rope.

The guard tried to calm the angry man down, saying, 'Don't be so upset, sir. I'll sit next to you myself. I'll put them on the outside, and they won't bother you.' The convict I recognized spoke up, saying, 'Don't blame me. I don't want to go. I'm happy to stay behind.' The other convict agreed, saying, 'I wouldn't have bothered anyone if I had a choice.' They both laughed and started cracking nuts, spitting out the shells.

In the end, the angry man had no choice but to sit with the convicts or stay behind. He got on the coach, still complaining, and the guard sat next to him. The convicts climbed up as well, and the one I recognized sat behind me, his breath on the back of my head.",0.2,1.0,ffdaf7d870a7523b23dab92f97d2209b8d3ab57d7f4f3a60b7449f2efe8e8818,47f79badfb2c5b7d4cd57f4fad41250814a82394da7f4d5295ed162b4ddd79b9,564,393,0.696809,warning,json_repaired_loose_rewritten_text;length_hard_warning,json_repaired_loose_rewritten_text,2026-06-02T22:52:11Z
groq_llama_3_3_70b_free|run_1|DICKENS_GREAT_EXPECTATIONS_016|paraphrase,groq_llama_3_3_70b_free,groq,Groq Llama 3.3 70B free-tier run,llama-3.3-70b-versatile,llama-3.3-70b-versatile,run_1,DICKENS_GREAT_EXPECTATIONS_016,paraphrase,"You arrived here with your admiration and your luggage, and you've been telling me about it all day. When you shared your own story with me, you made it clear that your adoration of her began the moment you first laid eyes on her, when you were still very young. 'Very well, then,' I said, finding this new insight both surprising and welcome, 'I must admit that my admiration for her has never wavered. And now, she's returned, more beautiful and elegant than ever. I saw her just yesterday, and my feelings for her have only intensified.' 'Fortunately for you, Handel,' Herbert said, 'it seems you've been chosen for her, and she's been set aside for you. Without overstepping any boundaries, I think it's safe to say that there's little doubt about this between us. Do you have any idea what Estella's thoughts are on the matter of your admiration?' I shook my head gloomily. 'She's so far out of reach,' I said. 'Patience, my dear Handel,' Herbert replied, 'there's plenty of time. But is there something else you want to say?' I felt ashamed to admit it, but I decided to speak my mind. 'You call me a lucky person,' I said, 'and I suppose I am. I was just a blacksmith's boy until recently, but now... what am I?' 'You can call yourself a good person, if you like,' Herbert said with a smile, placing a hand on my back. 'A good person with a mix of boldness and hesitation, action and dreaming.' I paused for a moment to consider whether this was an accurate description of myself. While I didn't entirely agree with his assessment, I didn't think it was worth arguing about. 'When I ask what I should call myself now, Herbert,' I continued, 'I'm thinking about what's been on my mind. You say I'm lucky, and I know I haven't done anything to deserve my current position in life. It's all thanks to fortune. And yet, when I think of Estella...' Herbert interrupted me with a gentle comment, his eyes fixed on the fire, which I appreciated. '...I feel so uncertain and exposed to all sorts of possibilities,' I said. 'Without saying anything that might be considered off-limits, I can say that my expectations depend on the constancy of one person. And even then, it's all so vague and unsatisfying.' By sharing my thoughts, I felt like I was unburdening myself of something that had been weighing on my mind. Herbert responded in his usual cheerful and optimistic way, 'Handel, it seems to me that when we're feeling down about love, we're scrutinizing our good fortune too closely. We're overlooking one of the best aspects of the situation. Didn't your guardian, Mr. Jaggers, tell you that you've been given more than just expectations? And even if he hadn't told you, could you really believe that of all people in London, Mr.",0.2,1.0,94fac8bede7adb1cd18b1582760320953a411e70533a91152bfdcdb857444a84,cd87a465ad33df712183793fa5d997aa319028bfb7c74cf88ac05e1cc4be13ea,565,486,0.860177,pass,,json_ok,2026-06-02T22:52:21Z
groq_llama_3_3_70b_free|run_1|DICKENS_GREAT_EXPECTATIONS_016|modernize,groq_llama_3_3_70b_free,groq,Groq Llama 3.3 70B free-tier run,llama-3.3-70b-versatile,llama-3.3-70b-versatile,run_1,DICKENS_GREAT_EXPECTATIONS_016,modernize,"You brought your admiration and your luggage here together. You've always told me everything, all day long. When you shared your own story with me, you made it clear that you started adoring her from the moment you met her, when you were very young. 'Very well, then,' I said, finding this new insight not unwelcome, 'I've never stopped adoring her. And now she's back, a truly beautiful and elegant person. I saw her yesterday, and if I admired her before, I admire her even more now.' 'Lucky for you, then, Handel,' Herbert said, 'that you seem to be the one she's interested in. Without overstepping any boundaries, I think it's safe to say that's pretty obvious. Do you have any idea what Estella thinks about your feelings?' I shook my head gloomily. 'Oh, she's completely out of reach for me,' I said. 'Patience, my friend,' Herbert said. 'There's plenty of time. But you have something more to say, don't you?' 'I'm ashamed to say it,' I admitted, 'but it's no worse to say it out loud than to think it. You call me a lucky guy. Of course, I am. I was just a blacksmith's apprentice until recently; now I'm... well, what am I now?' 'Say you're a good person, if you need a label,' Herbert replied with a smile, putting his hand on my back. 'A good person with a mix of confidence and hesitation, boldness and self-doubt, action and dreaming.' I paused for a moment to consider whether that was really an accurate description of me. On the whole, I didn't entirely recognize myself in that analysis, but I didn't think it was worth arguing about. 'When I ask what I should call myself now, Herbert,' I continued, 'I'm thinking about what's on my mind. You say I'm lucky. I know I haven't done anything to deserve my new status in life; it's all just luck. And yet, when I think of Estella...' 'And when don't you?' Herbert interjected, looking at the fire, which I appreciated as a kind and sympathetic gesture. '...then, my friend, I feel so uncertain and vulnerable to all sorts of risks. Without prying into sensitive topics, I can say that my entire future depends on one person's consistency. And even at best, it's frustrating to have such vague expectations.' By saying this, I was able to unburden myself of thoughts that had been weighing on me, even if only slightly, since yesterday. 'Now, Handel,' Herbert responded in his cheerful and optimistic way, 'it seems to me that we're being too hard on ourselves when it comes to love. We're scrutinizing our good fortune too closely and overlooking some of the best aspects of it. Didn't your guardian, Mr. Jaggers, tell you from the start that you had more than just a wealthy benefactor? And even if he hadn't told you that, could you really believe that of all people in London, Mr.",0.2,1.0,94fac8bede7adb1cd18b1582760320953a411e70533a91152bfdcdb857444a84,2e248e8189835aa8cfde3c5ba017cac2a6d63d877b314b267ab3590bdae5696c,565,490,0.867257,pass,,json_ok,2026-06-02T22:52:33Z
groq_llama_3_3_70b_free|run_1|DICKENS_GREAT_EXPECTATIONS_016|simplify,groq_llama_3_3_70b_free,groq,Groq Llama 3.3 70B free-tier run,llama-3.3-70b-versatile,llama-3.3-70b-versatile,run_1,DICKENS_GREAT_EXPECTATIONS_016,simplify,"You've always told me about your feelings for her, and now you've brought them up again, along with your luggage. When you shared your story with me, you made it clear that you started admiring her from the moment you met her, when you were very young. I said to Herbert, who was talking to me about this, 'I've never stopped admiring her, and now that she's back, I admire her even more. I saw her yesterday, and my feelings for her are stronger than ever.' Herbert replied, 'You're a lucky person to have been chosen for her, and it's clear that's the case. Do you have any idea what Estella thinks about your feelings?' I shook my head, feeling gloomy. 'She's so far away from me,' I said. Herbert told me to be patient, that there was plenty of time. He asked if I had anything else to say, and I admitted, 'I'm ashamed to say this, but I think it's no worse to say it than to think it. You call me lucky, and I am. I used to be a blacksmith's boy, but now I'm not sure what I am.' Herbert smiled and put his hand on my back, saying, 'You're a good person, with a mix of confidence and hesitation, boldness and uncertainty.' I thought about this for a moment, but I didn't really agree with his analysis. I continued, 'When I ask what I should call myself now, Herbert, I'm thinking about what's on my mind. You say I'm lucky, and I know I haven't done anything to deserve my new life. It's all thanks to chance. But when I think of Estella, I feel uncertain and dependent on many things. Without saying who, my future depends on one person's loyalty. And even then, it's unclear what the future holds.' Herbert responded in his usual cheerful way, 'It seems to me that when we're feeling down about love, we're focusing too much on the negative. We're examining the situation too closely and missing the good points. Didn't your guardian, Mr. Jaggers, tell you that you're not just lucky, but also have other good things in your life? Even if he hadn't told you, could you really believe that of all people in London, Mr.",0.2,1.0,94fac8bede7adb1cd18b1582760320953a411e70533a91152bfdcdb857444a84,82149f5a61957a918ceb6de9cfe0de4f4c765a6d5aa720893ec2a61eb24a111c,565,379,0.670796,warning,length_hard_warning,json_ok,2026-06-02T22:52:44Z
groq_llama_3_3_70b_free|run_1|DICKENS_GREAT_EXPECTATIONS_017|paraphrase,groq_llama_3_3_70b_free,groq,Groq Llama 3.3 70B free-tier run,llama-3.3-70b-versatile,llama-3.3-70b-versatile,run_1,DICKENS_GREAT_EXPECTATIONS_017,paraphrase,"Avoid useless efforts, why bother? Who's next, then? As we strolled through Wemmick's greenhouse, he turned to me and said, 'Take note of the man I'm about to shake hands with.' I would have noticed him anyway, since Wemmick hadn't shaken hands with anyone yet. Shortly after, a stout, upright man - who I can still picture - approached the corner of the bars, wearing a worn, olive-colored frock coat. His complexion had a peculiar pallor, and his eyes wandered when he tried to focus. He saluted Wemmick with a half-serious, half-joking military gesture, touching his hat, which had a greasy surface. 'Colonel, to you!' Wemmick said. 'How are you, Colonel?' 'All right, Mr. Wemmick,' the man replied. 'Everything that could be done was done, but the evidence was too strong,' Wemmick said. 'Yes, it was too strong, sir - but I don't care,' the Colonel said. Wemmick responded coolly, 'No, no, you don't care.' Then, turning to me, he explained, 'This man served His Majesty, was a soldier in the line, and bought his discharge.' I expressed surprise, and the man's eyes met mine, then looked away, and he laughed, drawing his hand across his lips. 'I think I'll be out of here on Monday, sir,' he said to Wemmick. 'Perhaps,' Wemmick replied, 'but there's no knowing.' The man stretched out his hand between the bars to bid Wemmick farewell. 'Thank you,' Wemmick said, shaking hands. 'Same to you, Colonel.' The Colonel, unwilling to let go of Wemmick's hand, said, 'If what I had on me when I was taken had been real, Mr. Wemmick, I would have asked you to wear another ring - in appreciation of your kindness.' Wemmick smiled and said, 'I'll take the thought for the deed.' He then asked, 'You were quite a pigeon fancier, weren't you? I've heard you had a remarkable breed of tumblers. Could you arrange for a friend to bring me a pair, if you no longer need them?' The Colonel agreed, and Wemmick said, 'They'll be taken care of. Good afternoon, Colonel. Goodbye!' As we walked away, Wemmick told me, 'He's a Coiner, a skilled workman. The Recorder's report is due today, and he's likely to be executed on Monday. Yet, as you see, even in his situation, a pair of pigeons is still a valuable possession.' Wemmick glanced back at a dead plant, then looked around, considering which pot would fit best in its place. As we left the prison through the lodge, I noticed that the turnkeys treated my guardian with great respect, just like the prisoners. 'Well, Mr. Wemmick,' the turnkey said, 'what's Mr. Jaggers going to do about that water-side murder?'",0.2,1.0,c5076910ed36d981eeb69dc861a05064e99e46d6515c1b6e5037d4b0b1a74d7d,fa072ebf23d38b9266432d0cee19f116736fe094b29a89c0b92f80c3fb3a5ea2,553,442,0.799277,warning,length_hard_warning,json_ok,2026-06-02T22:52:55Z
groq_llama_3_3_70b_free|run_1|DICKENS_GREAT_EXPECTATIONS_017|modernize,groq_llama_3_3_70b_free,groq,Groq Llama 3.3 70B free-tier run,llama-3.3-70b-versatile,llama-3.3-70b-versatile,run_1,DICKENS_GREAT_EXPECTATIONS_017,modernize,"Don't bother with useless measures. Why should you? Now, who's next? We walked through Wemmick's greenhouse until he turned to me and said, 'Notice the man I'm going to shake hands with.' I would have done so anyway, as he hadn't shaken hands with anyone yet. Almost immediately after he spoke, a portly, upright man - who I can still picture - in a well-worn, olive-colored coat, with an unusual paleness underlying the red in his complexion, and eyes that wandered when he tried to focus, approached a corner of the bars and tipped his hat, which had a greasy, fatty surface. 'Colonel, to you!' said Wemmick. 'How are you, Colonel?' 'I'm all right, Mr. Wemmick,' the man replied. 'Everything that could be done was done, but the evidence was too strong,' Wemmick said. 'Yes, it was too strong, sir - but I don't care,' the Colonel said. 'No, no,' Wemmick said calmly, 'you don't care.' Then, turning to me, 'This man served His Majesty, was a soldier, and bought his discharge.' I said, 'Really?' and the man's eyes looked at me, then over my head, and around me, before he drew his hand across his lips and laughed. 'I think I'll be out of here on Monday, sir,' he said to Wemmick. 'Maybe,' my friend replied, 'but there's no knowing.' 'I'm glad to have the chance to say goodbye, Mr. Wemmick,' the man said, stretching out his hand between the bars. 'Thanks,' said Wemmick, shaking hands with him. 'Same to you, Colonel.' 'If what I had on me when I was caught had been real, Mr. Wemmick,' the man said, not wanting to let go of Wemmick's hand, 'I would have asked you to wear another ring - as a token of your kindness.' 'I'll take the thought for the deed,' Wemmick said. 'By the way, you were quite a pigeon enthusiast.' The man looked up at the sky. 'I'm told you had a remarkable breed of tumblers. Could you arrange for a friend to bring me a pair if you don't need them anymore?' 'It'll be done, sir.' 'All right,' said Wemmick, 'they'll be taken care of. Good afternoon, Colonel. Goodbye!' They shook hands again, and as we walked away, Wemmick said to me, 'A counterfeiter, a very skilled one. The judge's report is out today, and he's sure to be executed on Monday. Still, you see, a pair of pigeons is portable property, no matter what.' With that, he looked back at a dead plant and then glanced around as if considering what other pot would fit best in its place. As we left the prison through the lodge, I realized that my guardian's importance was appreciated by the guards, just like by the prisoners. 'Well, Mr. Wemmick,' said the guard who kept us between the two spiked lodge gates, carefully locking one before unlocking the other, 'what's Mr. Jaggers going to do about that waterfront murder?'",0.2,1.0,c5076910ed36d981eeb69dc861a05064e99e46d6515c1b6e5037d4b0b1a74d7d,16c83b03cbd6750b0a0b4eb0013e11b81cc17b6343914a4d50d7a826b852c21e,553,486,0.878843,pass,,json_ok,2026-06-02T22:53:05Z
groq_llama_3_3_70b_free|run_1|DICKENS_GREAT_EXPECTATIONS_017|simplify,groq_llama_3_3_70b_free,groq,Groq Llama 3.3 70B free-tier run,llama-3.3-70b-versatile,llama-3.3-70b-versatile,run_1,DICKENS_GREAT_EXPECTATIONS_017,simplify,"Don't waste your time with useless efforts. Who's next? We walked through Wemmick's greenhouse until he stopped and said, 'Notice the man I'm going to shake hands with.' I would have noticed him anyway, since Wemmick hadn't shaken hands with anyone yet. Soon after, a heavyset man in a worn, olive-colored coat came up to the bars. He had a strange pale color on his face, and his eyes wandered when he tried to focus. He saluted Wemmick with a mix of seriousness and joking, touching his greasy hat. 'Colonel, to you!' Wemmick said. 'How are you, Colonel?' 'I'm all right, Mr. Wemmick,' the man replied. 'We did everything we could, but the evidence against you was too strong,' Wemmick said. 'Yes, it was too strong, sir,' the Colonel said, 'but I don't care.' Wemmick said, 'No, no, you don't care.' Then he turned to me and said, 'This man used to serve the king. He was a soldier and bought his way out.' I said, 'Really?' and the man looked at me, then around me, and laughed. 'I think I'll be out of here on Monday, sir,' he said to Wemmick. 'Maybe,' Wemmick replied, 'but we'll see.' The man stretched out his hand between the bars and said, 'I'm glad I got to say goodbye, Mr. Wemmick.' Wemmick shook his hand and said, 'You're welcome, Colonel. Same to you.' The man didn't want to let go of Wemmick's hand and said, 'If what I had on me when I was caught was real, Mr. Wemmick, I would have asked you to wear another ring as a thank you.' Wemmick said, 'I'll take the thought as a deed.' Then he said, 'I heard you were a fan of pigeons. You had a special breed of tumblers. Could you ask a friend to bring me a pair if you don't need them anymore?' 'It will be done, sir,' the man said. 'All right,' Wemmick said, 'they'll be taken care of. Goodbye, Colonel.' They shook hands again, and as we walked away, Wemmick said to me, 'He's a counterfeiter, a very skilled one. The judge's report is out today, and he'll probably be executed on Monday. But as you can see, even in prison, a pair of pigeons is still valuable.' Wemmick looked back at a dead plant and thought about what would go well in its place. As we left the prison, I saw that the guards respected Wemmick, just like the prisoners did. 'Well, Mr. Wemmick,' the guard said, 'what's going to happen with that murder by the water?'",0.2,1.0,c5076910ed36d981eeb69dc861a05064e99e46d6515c1b6e5037d4b0b1a74d7d,0c9eab2a4ea79518dd65e71f7efa47123a4243731fe543af08596042f360764b,553,429,0.775769,warning,length_hard_warning,json_ok,2026-06-02T22:53:16Z
groq_llama_3_3_70b_free|run_1|DICKENS_GREAT_EXPECTATIONS_018|paraphrase,groq_llama_3_3_70b_free,groq,Groq Llama 3.3 70B free-tier run,llama-3.3-70b-versatile,llama-3.3-70b-versatile,run_1,DICKENS_GREAT_EXPECTATIONS_018,paraphrase,"When Herbert felt his situation was particularly dire and he needed to take action, he would visit the exchange during a busy period and walk among the gathered dignitaries in a somber, rustic dance-like manner. As he told me upon returning home for dinner on one such occasion, 'I've come to realize, Handel, that opportunities don't come to you - you must seek them out.' I recall him saying this to me as we sat down to eat. If Herbert and I hadn't been so close, I think our daily interactions would have been filled with animosity. I had an intense dislike for our living quarters, especially during periods of remorse, and the sight of our servant's livery was unbearable due to its expensive appearance and lack of practicality. As our debt grew, our breakfasts became increasingly hollow, and on one occasion, when we received a letter threatening legal action related to jewelry, I lost my temper and grabbed our servant by his blue collar, lifting him off the ground. At times, when the mood struck us, I would turn to Herbert and say, as if it were a profound discovery, 'My dear Herbert, we're not doing well.' Herbert would respond with sincerity, 'Handel, I was just about to say the same thing - what a strange coincidence.' I would then suggest, 'Let's take a closer look at our finances.' We always felt a sense of satisfaction when we made a plan to do so. I believed this was the way to tackle our problems, to confront them head-on, and I knew Herbert felt the same way. To prepare ourselves for this task, we would order a special dinner with a bottle of fine wine, hoping to fortify our minds and rise to the challenge. After dinner, we would produce a set of pens, ink, and paper, finding comfort in the abundance of stationery. I would take a sheet of paper and write 'Memorandum of Pip's debts' across the top, carefully including the date and our address. Herbert would do the same, writing 'Memorandum of Herbert's debts' on his own sheet. We would then refer to the disorganized pile of papers at our sides, which had been tossed into drawers, worn and torn in our pockets, partially burnt from candle flames, or stuck in the mirror for weeks. The sound of our pens scratching on the paper was refreshing, and at times, I found it difficult to distinguish between this exercise and actually paying off our debts. In my mind, the two actions seemed equally virtuous. After writing for a while, I would ask Herbert how he was progressing.",0.2,1.0,ac1b5cb0e82e689be3d96a2300c5e53d372106ab1c50d6bf5430c626dd48d426,e2ae923c51217ff7698cf6fe03f0fb8b439c5e9f7829d48e2c10baa7c08819d2,554,437,0.788809,warning,length_hard_warning,json_ok,2026-06-02T22:53:27Z
groq_llama_3_3_70b_free|run_1|DICKENS_GREAT_EXPECTATIONS_018|modernize,groq_llama_3_3_70b_free,groq,Groq Llama 3.3 70B free-tier run,llama-3.3-70b-versatile,llama-3.3-70b-versatile,run_1,DICKENS_GREAT_EXPECTATIONS_018,modernize,"When Herbert felt his financial situation was particularly dire and he absolutely needed to find a way out, he would go to the stock exchange during a busy time and walk around among the gathered business leaders in a somber, repetitive pattern. As he told me when he came home for dinner on one of those occasions, 'I've found that opportunities don't just come to you, you have to go out and find them,' which is exactly what he had been doing.

If Herbert and I weren't so close, I think we would have ended up resenting each other on a regular basis. I really disliked our living situation at that time, and the sight of our creditor's representative was especially annoying. The more debt we accumulated, the more hollow our breakfasts became, and when we received a threatening letter about potential legal action related to unpaid debts, I lost my temper and grabbed the representative by his collar, shaking him off his feet.

At various times, depending on our mood, I would say to Herbert, as if it were a surprising revelation, 'Herbert, we're not doing well financially.' Herbert would respond, completely sincerely, 'Handel, I was just about to say the same thing - what a strange coincidence.' I would then suggest, 'Let's take a closer look at our finances.' We always felt a sense of satisfaction when we made a plan to do this. I thought this was the responsible thing to do, the way to tackle our problems head-on. And I know Herbert felt the same way.

To prepare ourselves for the task, we would order a special dinner with a bottle of wine, so that our minds would be clear and focused. After dinner, we would bring out a bunch of pens, plenty of ink, and a lot of paper. There was something comforting about having all the necessary supplies. I would take a piece of paper and write 'Pip's Debt Memorandum' across the top in neat handwriting, including the date and our address. Herbert would do the same, writing 'Herbert's Debt Memorandum' on his paper.

We would then refer to the disorganized pile of papers on our desks, which had been tossed into drawers, crumpled in pockets, partially burned when used to light candles, or stuck in the mirror for weeks. The sound of our pens scratching on the paper was very soothing, and sometimes I found it hard to distinguish between this exercise and actually paying off our debts. In terms of feeling like we were doing the right thing, the two seemed almost equivalent.

After writing for a while, I would ask Herbert how he was progressing.",0.2,1.0,ac1b5cb0e82e689be3d96a2300c5e53d372106ab1c50d6bf5430c626dd48d426,6e7840415065e9c40e696c0e26cdf359ac41b17dd7aee642e94b515559239fa4,554,443,0.799639,warning,json_repaired_loose_rewritten_text;length_hard_warning,json_repaired_loose_rewritten_text,2026-06-02T22:53:38Z
groq_llama_3_3_70b_free|run_1|DICKENS_GREAT_EXPECTATIONS_018|simplify,groq_llama_3_3_70b_free,groq,Groq Llama 3.3 70B free-tier run,llama-3.3-70b-versatile,llama-3.3-70b-versatile,run_1,DICKENS_GREAT_EXPECTATIONS_018,simplify,"When Herbert felt his situation was particularly tough and he really needed to find a way out, he would go to the stock exchange during a busy time and walk around among the important people gathered there. He told me, coming home for dinner one day, 'I've found that you can't just wait for an opportunity to come to you, you have to go out and find it.' If Herbert and I weren't so close, I think we would have gotten sick of each other by now. I really disliked our living situation, especially during the times when we were feeling sorry for ourselves. The Avenger's uniform, which our servant wore, looked more expensive than it was worth, and it reminded us of our financial troubles. As our debt grew, our breakfasts became less satisfying, and one day, when we received a threatening letter about a jewelry-related debt, I got so angry that I grabbed the Avenger by his collar and shook him. At times, I would say to Herbert, 'We're not doing well, are we?' And he would respond, 'I was just about to say the same thing.' We would then decide to review our finances, which made us feel like we were taking control of the situation. We would order a special dinner and drink something out of the ordinary to prepare ourselves for the task. After dinner, we would get out our pens, ink, and paper, and start writing down our debts. I would write 'Pip's debts' at the top of my page, and Herbert would write 'Herbert's debts' on his. We would then look through the messy pile of papers we had, which included receipts and bills that were torn, burned, or damaged in some way. The sound of our pens scratching on the paper was comforting, and sometimes I felt like we were actually making progress just by writing things down. After a while, I would ask Herbert how he was doing, and we would continue trying to sort out our financial troubles.",0.2,1.0,ac1b5cb0e82e689be3d96a2300c5e53d372106ab1c50d6bf5430c626dd48d426,68b7c48c0c6411c6901d7ea89a30b506baaf5121dbb83a155982fab8d85ae39f,554,338,0.610108,warning,length_hard_warning,json_ok,2026-06-02T22:53:48Z
groq_llama_3_3_70b_free|run_1|DICKENS_GREAT_EXPECTATIONS_019|paraphrase,groq_llama_3_3_70b_free,groq,Groq Llama 3.3 70B free-tier run,llama-3.3-70b-versatile,llama-3.3-70b-versatile,run_1,DICKENS_GREAT_EXPECTATIONS_019,paraphrase,"I finished by placing my hand on his shoulder and saying, 'I must confide in you, even though I know it's a bother; however, that's a consequence of your own doing, having brought me here in the first place.' Wemmick remained silent for a moment, then spoke up with a start, 'You know, Mr. Pip, I must tell you something. This is incredibly kind of you.' I replied, 'Then promise to help me be good.' Wemmick shook his head, saying, 'That's not my line of work.' I pointed out, 'Nor is this a suitable place for such matters.' He agreed, 'You're right, you've hit the nail on the head. I'll put on my thinking cap, and I believe everything you want to accomplish can be done gradually. Skiffins, her brother, is an accountant and agent; I'll look him up and get to work on it for you.' I thanked him profusely. On the contrary, he thanked me, saying that even though we were speaking in our personal capacity, it was worth noting that there were some unpleasant associations lurking about, and this might help to clear them away. After a bit more conversation to the same effect, we returned to the Castle, where we found Miss Skiffins preparing tea. The Aged was tasked with making the toast, and he was so focused on the job that I thought he might burn his eyes. This was no ordinary meal; it was a substantial one. The Aged created a towering stack of buttered toast that almost hid him from view as it simmered on a metal stand attached to the top bar, while Miss Skiffins brewed a massive pot of tea that excited the pig in the back premises, which repeatedly expressed its desire to join in. With the flag lowered and the gun fired at the right moment, I felt as secluded from the rest of Walworth as if the moat were thirty feet wide and deep. Nothing disturbed the peace of the Castle except the occasional creaking open of the little doors, which seemed to have some nervous affliction that made me uncomfortable until I got used to it. I inferred from Miss Skiffins's organized arrangements that she made tea there every Sunday evening, and I suspected that a classic brooch she wore, depicting the profile of a woman with a straight nose and a new moon, was a gift from Wemmick. We consumed all the toast and drank tea in proportion, and it was delightful to see how warm and greasy we all became afterwards. The Aged, in particular, could have passed for a clean old chief of a savage tribe, freshly oiled. After a short rest, Miss Skiffins, in the absence of the little servant who seemed to visit her family on Sunday afternoons, washed the tea things in a casual, ladylike manner that didn't inconvenience anyone. Then, she put on her gloves again, and we gathered around the fire. Wemmick said, 'Now, Aged Parent, read us the newspaper.'",0.2,1.0,2263b5b73744173d343cda913211d0cee238fecd2c7013a6ae3d39a6c6bec02f,3b9083d197c84c8e0da146049d50fda511dd74dbfbc1c4c378e71d006ded7549,564,501,0.888298,pass,,json_ok,2026-06-02T22:53:59Z
groq_llama_3_3_70b_free|run_1|DICKENS_GREAT_EXPECTATIONS_019|modernize,groq_llama_3_3_70b_free,groq,Groq Llama 3.3 70B free-tier run,llama-3.3-70b-versatile,llama-3.3-70b-versatile,run_1,DICKENS_GREAT_EXPECTATIONS_019,modernize,"I finished by putting my hand on his shoulder and saying, 'I have to confide in you, even though I know it's a bother for you. But that's your fault for bringing me here in the first place.' Wemmick was quiet for a moment, then said with a start, 'You know, Mr. Pip, I have to tell you something. This is incredibly kind of you.' 'Will you help me be good, then?' I asked. 'Honestly,' Wemmick replied, shaking his head, 'that's not my area of expertise.' 'And this isn't exactly your workplace either,' I added. 'You're right,' he said. 'You've hit the nail on the head. Mr. Pip, I'll think carefully about this, and I believe everything you want to do can be done gradually. Skiffins, her brother, is an accountant and agent. I'll look him up and get to work for you.' 'Thank you so much,' I said. 'On the contrary,' he said, 'thank you. Although we're speaking in a personal capacity, it's worth mentioning that there are some issues related to Newgate that we can clear up.' After a bit more conversation along the same lines, we went back into the Castle, where we found Miss Skiffins preparing tea. The Aged was in charge of making the toast, and he was so focused on it that I thought he might burn himself. This was going to be a real meal, not just a snack. The Aged made a huge stack of buttered toast, and Miss Skiffins brewed a massive pot of tea. The pig in the backyard got excited and kept trying to join in. It felt like we were completely cut off from the rest of Walworth, as if the moat were really thirty feet wide and deep. The only thing disturbing the peace was the occasional creaking of the doors, which seemed to have some kind of nervous habit that made me uncomfortable until I got used to it. I assumed that Miss Skiffins had tea there every Sunday night, and I suspected that a classic brooch she wore, with the profile of a woman with a straight nose and a new moon, was a gift from Wemmick. We ate all the toast and drank plenty of tea, and it was great to see how warm and cozy we all got afterwards. The Aged looked like some kind of tribal chief, all oiled up. After a short rest, Miss Skiffins washed the dishes in a casual, amateur way that didn't bother any of us. Then she put her gloves back on, and we gathered around the fire. Wemmick said, 'Now, Aged Parent, read us the news.'",0.2,1.0,2263b5b73744173d343cda913211d0cee238fecd2c7013a6ae3d39a6c6bec02f,9a733edf97bef17729d0678cf4f036ead5dd6029a52c02bda92e81624f1fa5cf,564,440,0.780142,warning,length_hard_warning,json_ok,2026-06-02T22:54:09Z
groq_llama_3_3_70b_free|run_1|DICKENS_GREAT_EXPECTATIONS_019|simplify,groq_llama_3_3_70b_free,groq,Groq Llama 3.3 70B free-tier run,llama-3.3-70b-versatile,llama-3.3-70b-versatile,run_1,DICKENS_GREAT_EXPECTATIONS_019,simplify,"I finished by putting my hand on Wemmick's shoulder and saying, 'I have to trust you, even though I know it's a bother. But that's your fault for bringing me here.' Wemmick was quiet for a moment, then said with a start, 'You know, Mr. Pip, I must tell you something. This is very kind of you.' I said, 'Then promise to help me be good.' Wemmick shook his head and said, 'That's not my job.' I replied, 'And this isn't a place for business.' He agreed, 'You're right. I'll think about it and see what we can do. Skiffins, Miss Skiffins' brother, is an accountant. I'll talk to him and see what I can do for you.' I thanked him many times. He said, 'No, I should thank you. Even though this is personal, it helps get rid of some problems that have been around.' After talking a bit more, we went back to the house, where Miss Skiffins was making tea. The Aged was in charge of making the toast, and he was so focused that he seemed like he might burn himself. We were going to have a real meal, not just a small one. The Aged made a huge pile of buttered toast, and Miss Skiffins made so much tea that the pig in the backyard got excited and wanted to join us. I felt safe and separate from the rest of the world. The only thing that disturbed the peace was the occasional creaking of the doors, which made me a bit uncomfortable at first. I thought Miss Skiffins must make tea every Sunday night, and I suspected that a brooch she wore was a gift from Wemmick. We ate all the toast and drank a lot of tea, and it was nice to see how happy and relaxed we all were. The Aged looked like a happy old tribal leader, all greasy from the food. After a short rest, Miss Skiffins washed the dishes in a casual, ladylike way. Then she put on her gloves, and we sat around the fire. Wemmick said, 'Now, Aged, read us the newspaper.'",0.2,1.0,2263b5b73744173d343cda913211d0cee238fecd2c7013a6ae3d39a6c6bec02f,4d369e6e6b62106c06aab0923b6dbbcff0588140322c86566dbb0d116b0f1066,564,355,0.629433,warning,length_hard_warning,json_ok,2026-06-02T22:54:19Z
groq_llama_3_3_70b_free|run_1|DICKENS_GREAT_EXPECTATIONS_020|paraphrase,groq_llama_3_3_70b_free,groq,Groq Llama 3.3 70B free-tier run,llama-3.3-70b-versatile,llama-3.3-70b-versatile,run_1,DICKENS_GREAT_EXPECTATIONS_020,paraphrase,"The gusts had been so intense that they had stripped the lead from the roofs of tall buildings in town, and in the countryside, trees had been uprooted and windmill sails had been carried away. Reports from the coast had been grim, with accounts of shipwrecks and loss of life. The day that had just ended had been the most severe, with violent blasts of rain accompanying the fierce winds. As I sat down to read, the alterations that had been made to the Temple since then were not yet in place, and it still had a somewhat isolated character, exposed as it was to the river. Our home was at the top of the last house, and the wind rushing up the river that night shook the house violently, much like the sound of cannon fire or the crashing of waves. When the rain lashed against the windows, I felt as though I might have imagined myself in a storm-battered lighthouse, the windows rocking back and forth. Occasionally, the smoke would billow down the chimney, as if it too were reluctant to venture out into the tempestuous night. When I opened the doors and peered down the staircase, I found that the lamps had been extinguished by the wind, and when I cautiously approached the windows, shielding my face with my hands, I saw that the lamps in the courtyard and on the bridges and shore were also being buffeted by the gale, while the coal fires on the barges were being swept away like glowing embers in the rain. I had placed my watch on the table, intending to stop reading at eleven o'clock. As I closed my book, the sound of Saint Paul's and the numerous church clocks in the City striking the hour filled the air, though the wind distorted the sound. I was lost in thought, pondering the way the wind was assaulting the clocks, when I heard the sound of footsteps on the stairs. For some reason, I felt a shiver run down my spine, and my mind made a strange connection between the footsteps and those of my deceased sister, though the feeling was fleeting. I listened again, and the footsteps faltered as they continued up the stairs. Remembering that the staircase lights had been blown out, I picked up my reading lamp and made my way to the stairhead. Whoever was below had stopped upon seeing my light, and an eerie silence fell. 'Is there someone down there?' I called out, looking down into the darkness. 'Yes,' a voice replied from the shadows. 'Which floor are you looking for?' I asked. 'The top. Mr. Pip,' the voice responded. 'That's my name,' I said. 'Is everything all right?' 'Everything's fine,' the voice assured me, and the man began to climb the stairs once more. I stood at the stairhead, holding out my lamp, and as he slowly came into the light, I saw a face that was unfamiliar to me, looking up at me with an enigmatic expression of surprise and pleasure.",0.2,1.0,98bbcb7fc72ec80e73766622015b21f8a7e2f6cb5c2d97b9a5fdd3876cd030e5,e509906111359ec9de37b417397b190f357d952f941e5c8892c99b3ba7a85b94,553,509,0.920434,pass,,json_ok,2026-06-02T23:13:42Z
groq_llama_3_3_70b_free|run_1|DICKENS_GREAT_EXPECTATIONS_020|modernize,groq_llama_3_3_70b_free,groq,Groq Llama 3.3 70B free-tier run,llama-3.3-70b-versatile,llama-3.3-70b-versatile,run_1,DICKENS_GREAT_EXPECTATIONS_020,modernize,"The gusts had been so intense that they had ripped the lead off the roofs of tall buildings in town, and in the countryside, trees had been uprooted and windmill sails had been torn away. There were also grim reports of shipwrecks and fatalities coming in from the coast. The violent wind had been accompanied by heavy rain, and the day that had just ended as I sat down to read had been the worst of all. 

Since then, changes have been made to that part of the Temple, and it no longer has the same isolated feel it had back then, nor is it as exposed to the river. We lived in the top apartment, and the wind rushing up the river shook the building that night, sounding like cannon fire or waves crashing against the shore. When the rain hit the windows, I thought, looking up at them as they swayed, that I could have imagined myself in a lighthouse battered by a storm. Occasionally, the smoke would pour down the chimney as if it couldn't stand to go out into such a night, and when I opened the doors and looked down the stairs, the staircase lights had been extinguished. When I covered my face with my hands and peeked through the dark windows - it was impossible to open them even a little in the face of such strong wind and rain - I saw that the lamps in the courtyard had also been blown out, and the lamps on the bridges and the shore were swaying, and the coal fires in the barges on the river were being swept away by the wind like red-hot sparks in the rain.

I read with my watch on the table, planning to finish my book at 11 PM. As I closed it, the sound of Saint Paul's and all the many church clocks in the city - some leading, some accompanying, some following - struck the hour. The sound was strangely distorted by the wind, and I was listening, thinking about how the wind was attacking and tearing it apart, when I heard footsteps on the stairs. 

What nervous foolishness made me jump and horribly connect it with the footsteps of my deceased sister, I don't know. It was over in a moment, and I listened again and heard the footsteps stumble as they continued up. Remembering that the staircase lights were out, I picked up my reading lamp and went out to the top of the stairs. Whoever was below had stopped when they saw my lamp, and everything was quiet.

'Is there someone down there?' I called out, looking down.

'Yes,' a voice replied from the darkness below.

'What floor are you looking for?'

'The top. Mr. Pip.'

'That's my name. Is everything okay?'

'Everything's fine,' the voice replied, and the man started coming up.

I stood with my lamp held out over the stair rail, and he slowly came into its light. It was a shaded lamp, meant to shine on a book, and its circle of light was very small, so he was only in it for a brief moment before he was out of it again. In that moment, I saw a face that was unfamiliar to me, looking up with an inexplicable air of being touched and pleased by the sight of me.",0.2,1.0,98bbcb7fc72ec80e73766622015b21f8a7e2f6cb5c2d97b9a5fdd3876cd030e5,326840c51e2a927e9c80ef5d6a0a6219d5a9ca2534713d58fef5ca26ac2f742f,553,557,1.007233,warning,json_repaired_loose_rewritten_text,json_repaired_loose_rewritten_text,2026-06-02T23:35:04Z
groq_llama_3_3_70b_free|run_1|DICKENS_GREAT_EXPECTATIONS_020|simplify,groq_llama_3_3_70b_free,groq,Groq Llama 3.3 70B free-tier run,llama-3.3-70b-versatile,llama-3.3-70b-versatile,run_1,DICKENS_GREAT_EXPECTATIONS_020,simplify,"The storm had been incredibly strong, with powerful gusts that had torn the lead off roofs in town and uprooted trees in the country. Windmills had lost their sails, and there were reports of shipwrecks and deaths along the coast. The rain had been heavy, and the day I sat down to read had been the worst of all. 

Since then, some changes have been made to the Temple, and it's not as isolated as it used to be. It's also less exposed to the river. We lived in the top house, and the wind was so strong that it shook the house like thunder. When the rain hit the windows, I felt like I was in a lighthouse during a storm. The smoke from the chimney would sometimes come back down into the room because it couldn't escape into the bad weather. When I opened the doors and looked down the stairs, the lamps had been blown out. When I looked through the windows, I saw that the lamps in the courtyard and on the bridges were also out, and the coal fires on the barges were being swept away by the wind.

I was reading with my watch on the table, planning to stop at 11 o'clock. As I closed my book, the clocks of Saint Paul's and other churches in the city struck the hour. The sound was distorted by the wind, and I was listening to it when I heard footsteps on the stairs. 

For some reason, I jumped and thought of my dead sister, but that feeling quickly passed. I listened again and heard the footsteps stumbling. Remembering that the staircase lights were out, I took my reading lamp and went to the top of the stairs. Whoever was down there had stopped when they saw my light, and everything was quiet.

""Is someone there?"" I called out, looking down.

""Yes,"" a voice replied from the darkness.

""What floor are you looking for?""

""The top floor. Mr. Pip.""

""That's my name. Is everything okay?""

""Everything's fine,"" the voice said, and the man started coming up.

I stood at the top of the stairs, holding out my lamp, and he slowly came into the light. The lamp was shaded to focus on a book, so it only lit up a small area. He was only in the light for a moment, and then he was out of it. In that moment, I saw a face I didn't recognize looking up at me with a strange, pleased expression.",0.2,1.0,98bbcb7fc72ec80e73766622015b21f8a7e2f6cb5c2d97b9a5fdd3876cd030e5,eeec0a857429a9f12b40e0a2d7ee0237b98269abdf90d2a8b8a65cf813b9aec3,553,421,0.761302,warning,json_repaired_loose_rewritten_text;length_hard_warning,json_repaired_loose_rewritten_text,2026-06-03T01:23:54Z
groq_llama_3_3_70b_free|run_1|POE_WORKS_VOLUME_1_001|paraphrase,groq_llama_3_3_70b_free,groq,Groq Llama 3.3 70B free-tier run,llama-3.3-70b-versatile,llama-3.3-70b-versatile,run_1,POE_WORKS_VOLUME_1_001,paraphrase,"When evaluating an author's merit and determining their place among our most revered figures, we are entitled to assess them from our own perspective and measure them against our own standards. However, in evaluating the power displayed in their works, we must consider their own intentions and compare their creations to their ideal, noting what is lacking. We differ from Mr. Poe in our views on the objectives of art, as he believes the primary goal is to create Beauty, although our disagreement may stem from differing definitions of this term. Nonetheless, in our discussion of his writings, we will adhere to his own standards. The realm of the god of song is accessible from all sides, and there is ample space for all who bring offerings or seek guidance. In his stories, Mr. Poe has chosen to demonstrate his skill primarily in the realm that lies between the boundaries of probability and the realm of superstition and unreality. He possesses a rare combination of faculties, blending the ability to influence the reader's mind with the subtle suggestions of mystery and a meticulous attention to detail that overlooks nothing. Both of these qualities are, in fact, natural consequences of the dominant characteristic of his mind, which is analysis. This analytical mind enables the artist to focus on the intended effect, making all elements subordinate to the central goal. Even his mysterious elements are subject to mathematical precision in his own mind, where the unknown quantity is always known. When he creates a picture, he is aware of the chemical properties of all the colors he uses, and although some of his figures may seem vague or formless, their outlines are as clear to him as a geometric diagram. This is why Mr. Poe has no affinity for Mysticism, which immerses itself in mystery and allows it to permeate all thoughts. In contrast, Mr. Poe approaches his subject from the outside, analyzing, dissecting, and observing with a serene eye the intricate mechanisms at work. This analytical tendency balances his poetic inclinations, granting him the patience to be meticulous and infuse his most fanciful creations with a sense of reality. He is particularly skilled at portraying monomania, dissecting the subtle roots of these mental afflictions with great power. He also excels at evoking images of horror, often conveying a sense of terrible doubt through subtle hints, leaving the imagination to complete the picture, a task for which it is uniquely suited. As it is said, 'much imaginary work was there; Conceit deceitful, so compact, so kind, That for Achilles' image stood his spear Grasped in an armed hand; himself behind Was left unseen, save to the eye of mind.'",0.2,1.0,20428e7f38323e9a93790cb1520b051b350910d0c0c9ad98851a3775bf1fe231,1d0c0fff121feab5b08dd7f9597e75b9e7c709672ae1edfcd81751ff199e88c4,584,447,0.765411,warning,length_hard_warning,json_ok,2026-06-03T01:24:06Z
groq_llama_3_3_70b_free|run_1|POE_WORKS_VOLUME_1_001|modernize,groq_llama_3_3_70b_free,groq,Groq Llama 3.3 70B free-tier run,llama-3.3-70b-versatile,llama-3.3-70b-versatile,run_1,POE_WORKS_VOLUME_1_001,modernize,"When evaluating an author's work and determining their place among our cultural icons, we have the right to consider them from our own perspective and measure them by our own standards. However, when assessing the level of skill displayed in their work, we must consider their own goals and compare their work to their own vision, seeing how much is lacking. We disagree with Mr. Poe on the purpose of art, which he believes is to create beauty, and our disagreement may stem from our different definitions of that term. Nevertheless, in our discussion of his writing, we will use his own standards as our guide. The world of music and poetry is accessible from all sides, and there is room for everyone who brings their contributions or seeks inspiration. In his stories, Mr. Poe has chosen to showcase his skill primarily in the realm between the probable and the strange, where superstition and the unreal reside. He uniquely combines two abilities that are rarely found together: the power to influence the reader's mind with subtle hints of mystery and a attention to detail that leaves no aspect unconsidered. Both of these abilities are a natural result of the dominant characteristic of his mind, which is analysis. This is what sets the artist apart. His mind immediately focuses on the intended effect. Once he has decided to evoke certain emotions in the reader, he ensures that all elements work together towards that goal. Even his mysterious elements are carefully planned in his own mind. To him, every aspect is a known quantity. In any picture he creates, he understands the properties of all the elements. Although some of his figures may seem vague or the shadows formless, to him the outline is as clear as a geometric diagram. For this reason, Mr. Poe has no affinity for mysticism. The mystic is immersed in the mystery, surrounded by it, and it influences all their thoughts, even affecting their perception of everyday things. Mr. Poe, on the other hand, is an outside observer. He analyzes, dissects, and watches with a calm and detached eye, seeing the inner workings of the machine, with all its components working together to achieve a specific end. This analytical tendency balances his poetic side, giving him the patience to focus on details and creating a sense of reality even in his most imaginative stories. He portrays obsession with great power, often dissecting and examining the subtle roots of these mental afflictions. He is also successful in evoking horror, sometimes conveying a sense of dread through subtle hints, leaving the reader's imagination to complete the picture, a task that only the imagination can accomplish. As it is said, the imagination can create powerful images, even when the reality is not fully visible, and it is up to the mind's eye to see the complete picture.",0.2,1.0,20428e7f38323e9a93790cb1520b051b350910d0c0c9ad98851a3775bf1fe231,bd02b658eee749f0108b7a54433d5d51afac639b667812a03444e86e173e21f5,584,477,0.816781,warning,length_soft_warning,json_ok,2026-06-03T01:24:17Z
groq_llama_3_3_70b_free|run_1|POE_WORKS_VOLUME_1_001|simplify,groq_llama_3_3_70b_free,groq,Groq Llama 3.3 70B free-tier run,llama-3.3-70b-versatile,llama-3.3-70b-versatile,run_1,POE_WORKS_VOLUME_1_001,simplify,"When evaluating an author's work, we can judge them based on our own perspective and standards. However, to understand the power of their writing, we need to consider their goals and ideals. We may not agree with Mr. Poe's views on art, which he believes should create beauty. But we will use his standards to guide our discussion of his work. Anyone can appreciate and learn from great writing, regardless of their background. In his stories, Mr. Poe focuses on the mysterious and supernatural. He has a unique ability to balance mystery and attention to detail, which sets him apart. This is due to his analytical mind, which allows him to plan and execute his writing with precision. He knows exactly what he wants to achieve and makes sure every part of the story contributes to that goal. Even when his stories seem vague or mysterious, he has a clear understanding of what he is trying to convey. Mr. Poe does not sympathize with mysticism, which involves being deeply immersed in the unknown. Instead, he approaches his subjects with a detached and analytical mindset, understanding how all the parts work together to create a specific effect. This balance of analysis and creativity enables him to bring realism to his most imaginative stories. He is particularly skilled at portraying obsessive thoughts and emotions, and can evoke powerful feelings of horror by suggesting rather than explicitly stating the terrifying elements. By leaving some things to the reader's imagination, he allows us to fill in the gaps and create our own vivid pictures.",0.2,1.0,20428e7f38323e9a93790cb1520b051b350910d0c0c9ad98851a3775bf1fe231,b137b14cc30e86a215b7d7efde3d41380bab584a342ad6e5fb8855ef8489eafe,584,260,0.445205,warning,length_hard_warning,json_ok,2026-06-03T01:24:27Z
groq_llama_3_3_70b_free|run_1|POE_WORKS_VOLUME_1_002|paraphrase,groq_llama_3_3_70b_free,groq,Groq Llama 3.3 70B free-tier run,llama-3.3-70b-versatile,llama-3.3-70b-versatile,run_1,POE_WORKS_VOLUME_1_002,paraphrase,"My primary objective is to establish a magazine, to be titled 'The Stylus,' but it would be of little value to me if it were not entirely under my control, free from the influence of a publisher. To achieve this, I intend to create a journal that is truly my own in every aspect. With this goal in mind, I must secure a list of at least five hundred subscribers before launching the magazine; I have already gathered nearly two hundred. I plan to travel to the South and West to meet with my personal and literary acquaintances, including old college and West Point friends, to see what support I can garner. To raise the necessary funds for the initial step, I propose to deliver a lecture at the Society Library on Thursday, February 3rd, and to avoid any potential controversy, my topic will not be literary in nature. I have chosen a broad and universal subject: 'The Universe.' Having presented you with the facts of the matter, I leave the rest to your discretion and generosity. I am deeply grateful. Your friend always, EDGAR A. POE. Although these letters are brief and hastily written, they demonstrate the presence of qualities often denied to Mr. Poe, such as humility, perseverance, and a capacity for genuine and grateful friendship. These traits were undoubtedly characteristic of him when he was sane, and they have consistently been our experience of him throughout our five- or six-year friendship. It is easier to believe what we have personally witnessed than what we have only heard, and so we remember him with admiration and respect; the descriptions of him during periods of moral insanity seem to us like portraits of a man we have only known in health, painted during times of sickness. However, there is another, more poignant and compelling evidence of the goodness in Edgar A. Poe. To reveal this, we must delicately lift the veil that shields the grief and refinement of those living in poverty, but we believe it is justified if it can help to illuminate the poet's memory, and it may also serve a more immediate and necessary purpose in the aftermath of his death. Our first knowledge of Mr. Poe's move to this city came when a lady introduced herself as the mother of his wife and visited us, seeking employment for him. She explained that he was ill, her daughter was a confirmed invalid, and their circumstances were such that she felt compelled to take action. The lady's countenance, radiant with a selfless devotion to a life of hardship and sorrowful tenderness, her gentle and mournful voice, her refined yet understated manners, and her appreciative mention of her son's abilities, all revealed a truly angelic presence, one of those extraordinary women who rise above adversity. It was a difficult fate that she was struggling to overcome, as Mr. Poe's writing, though meticulous and refined, was not well-suited to the popular taste and therefore not well-rewarded.",0.2,1.0,d31010a0393813edbbc1ec0ffb357537e2c97209339203446021fbf6a99e7475,1e3fa302e6cb994dde2d2cfbb5d6ace7ac889b26da4faa800c0f5b087d93fdbf,556,497,0.893885,pass,,json_ok,2026-06-03T01:24:39Z
groq_llama_3_3_70b_free|run_1|POE_WORKS_VOLUME_1_002|modernize,groq_llama_3_3_70b_free,groq,Groq Llama 3.3 70B free-tier run,llama-3.3-70b-versatile,llama-3.3-70b-versatile,run_1,POE_WORKS_VOLUME_1_002,modernize,"My main goal is to launch a magazine called 'The Stylus,' but it would be pointless unless I have complete control over it, without any publisher interference. To achieve this, I plan to create a journal that is entirely my own. To make this happen, I need to secure a list of at least 500 subscribers to start with; I already have nearly 200. I intend to travel to the South and West to connect with my personal and literary friends, including old college and West Point acquaintances, to see what I can accomplish. To get the necessary funds to take the first step, I plan to give a lecture at the Society Library on Thursday, February 3rd, and to avoid any controversy, my topic will not be related to literature at all. I've chosen a broad subject: 'The Universe.'

Having shared the facts of the situation with you, I leave the rest to your discretion and generosity. Thank you, very gratefully,

Your friend always,
EDGAR A. POE.

Although these letters are brief and informal, we believe they demonstrate the qualities that people often deny Mr. Poe possesses - humility, perseverance, faith in others' friendship, and the ability to form cordial and grateful relationships. This is the kind of person he was when he was sane, and this is how he has always seemed to us in our personal interactions with him over the past five or six years. It's easier to believe what we've seen and experienced firsthand than what we've only heard, so we remember him with admiration and respect; the descriptions of him when he was struggling with mental health issues seem like portraits of a person we've only known when he was healthy.

There's another, more compelling piece of evidence that shows Edgar A. Poe had a good heart. To share this, we need to lift the veil that respectfully covers the struggles and refinement of those living in poverty, but we think it's worth it if we can honor the poet's memory and provide a necessary service to those closest to him who were affected by his death.

We first found out that Mr. Poe had moved to this city when a woman introduced herself as his wife's mother and reached out to us. She was looking for work for him and explained that he was ill, her daughter was chronically ill, and their financial situation was dire, which is why she was taking it upon herself to find him employment. This woman's face, radiant with a selfless devotion to her family despite their hardships, her gentle and sorrowful voice, her refined manners, and her heartfelt yet appreciative mention of her son's abilities and potential, all revealed a remarkable person - one of those exceptional women who rise above adversity. It was a tough situation she was facing. Mr. Poe wrote with great difficulty and in a style that was too sophisticated for the general public, which made it hard for him to earn a decent income.",0.2,1.0,d31010a0393813edbbc1ec0ffb357537e2c97209339203446021fbf6a99e7475,7e4782addff488e695d4562d21f46f8667e81ec9d7b93ad256b1f45858d9b98a,556,500,0.899281,warning,json_repaired_loose_rewritten_text,json_repaired_loose_rewritten_text,2026-06-03T02:12:51Z
groq_llama_3_3_70b_free|run_1|POE_WORKS_VOLUME_1_002|simplify,groq_llama_3_3_70b_free,groq,Groq Llama 3.3 70B free-tier run,llama-3.3-70b-versatile,llama-3.3-70b-versatile,run_1,POE_WORKS_VOLUME_1_002,simplify,"My goal is to start a magazine called 'The Stylus.' However, I want it to be completely under my control, without a publisher. To make this happen, I need to find at least 500 subscribers. I already have about 200, but I plan to travel to the South and West to meet with friends and acquaintances from my past, including people I knew in college and at West Point. To raise the money I need to get started, I am going to give a lecture at the Society Library on February 3rd. My topic will be 'The Universe,' which is a broad subject that has nothing to do with literature. I have shared the facts of my plan with you, and now I leave it up to you to decide how to help. Thank you for your support. I am grateful for your friendship. I want to prove that I am capable of being humble, working hard, and being a good friend. I believe that my actions show these qualities, and I hope you will see them too. I have known the person who wrote these letters for about five or six years, and I can say that they are kind, willing to work hard, and a good friend. It's easier to believe what I have seen and experienced than what I've only heard. I remember this person with admiration and respect. There is another reason to believe that this person was good. It's a personal story that shows their kindness and generosity. I want to share it to honor their memory and to help those who are still grieving. I first met this person when their mother-in-law came to visit me. She was looking for work for her son-in-law because he was ill, and her daughter was very sick. The mother-in-law was a kind and gentle person who had dedicated her life to taking care of her family, even when it was hard. She was refined and polite, and she spoke highly of her son-in-law's abilities. It was clear that she was a selfless person who put others before herself. This person's life was not easy. They wrote in a style that was too complex for many readers, and they didn't get paid well for their work.",0.2,1.0,d31010a0393813edbbc1ec0ffb357537e2c97209339203446021fbf6a99e7475,afe8fff3d1dc4f539ac802e3ddca27791a6a66745166cbab76b26ea41f889579,556,382,0.68705,warning,length_hard_warning,json_ok,2026-06-03T02:13:01Z
groq_llama_3_3_70b_free|run_1|POE_WORKS_VOLUME_1_003|paraphrase,groq_llama_3_3_70b_free,groq,Groq Llama 3.3 70B free-tier run,llama-3.3-70b-versatile,llama-3.3-70b-versatile,run_1,POE_WORKS_VOLUME_1_003,paraphrase,"In approximately four and a half hours, the balloon was sufficiently inflated, so I attached the car and loaded all my equipment, including the condensing apparatus, a substantial amount of water, and a generous supply of provisions like pemmican, which is rich in nutrients despite its compact size. I also placed a pair of pigeons and a cat in the car. As daybreak was approaching, I deemed it time to depart. While pretending to pick up a lit cigar I had dropped, I discreetly ignited the slow match that protruded slightly from one of the smaller casks. This action went unnoticed by the three men nearby, and I quickly jumped into the car, cut the cord that tied me to the ground, and was pleased to find that I ascended effortlessly, carrying 175 pounds of leaden ballast with ease and capable of carrying just as much more. However, I had barely reached a height of 50 yards when a violent hurricane of fire, smoke, sulfur, and debris erupted beneath me, causing my heart to sink and filling me with unbridled terror. I realized too late that I had overestimated the situation, and the full consequences of the explosion were still to come. In an instant, I felt my blood rushing to my temples, followed by a deafening concussion that seemed to tear the sky apart. Later, when I had time to reflect, I attributed the explosion's intense violence to my position directly above it, but in the moment, my only concern was survival. The balloon initially collapsed, then expanded furiously, spinning around with terrifying speed before hurling me over the car's rim, leaving me dangling at a great height, upside down, with my face outward, suspended by a slender cord that had become entangled around my left foot. The horror of my situation was indescribable - I gasped for air, my body convulsed with fear, my eyes felt like they were being torn from their sockets, and a wave of nausea washed over me before I lost consciousness. I have no idea how long I remained in this state, but when I partially regained my senses, I found the balloon at an immense height above a vast expanse of ocean, with no sign of land in sight, and the day breaking on the horizon.",0.2,1.0,c75248e67bdb2908871fcf3a05896a0ef81aba42a7449c24ff95d79c7577d985,def22fbf986161ab3a899948ccc97f8be94d21548b0680317dee7938968255cf,581,383,0.659208,warning,length_hard_warning,json_ok,2026-06-03T02:22:32Z
groq_llama_3_3_70b_free|run_1|POE_WORKS_VOLUME_1_003|modernize,groq_llama_3_3_70b_free,groq,Groq Llama 3.3 70B free-tier run,llama-3.3-70b-versatile,llama-3.3-70b-versatile,run_1,POE_WORKS_VOLUME_1_003,modernize,"In about four and a half hours, I found the balloon sufficiently inflated. I attached the car and loaded all my equipment into it, including the condensing apparatus, a generous supply of water, and a large quantity of food such as high-energy bars, which pack a lot of nutrition into a small space. I also secured a pair of pigeons and a cat in the car. It was nearly daybreak, and I thought it was high time to take off. As I dropped a lit cigar on the ground, I used the opportunity to secretly ignite the slow-burning fuse that protruded slightly from one of the smaller barrels. This move went completely unnoticed by the three men, and I jumped into the car, cutting the single rope that tied me to the ground. I was relieved to find that I could easily lift off with 175 pounds of lead ballast and could have carried just as much more.

 Barely had I reached a height of 50 yards when a massive storm of fire, smoke, sulfur, and debris erupted beneath me, roaring and rumbling in a terrifying and chaotic manner. The blast was so intense that it filled the air with legs and arms, gravel, burning wood, and blazing metal. My heart sank, and I fell to the bottom of the car, trembling with sheer terror. I realized I had made a grave mistake, and the worst was yet to come. In an instant, I felt all the blood in my body rush to my head, and then a massive shockwave hit, ripping through the air with incredible force. When I later had time to think, I understood that the explosion's extreme violence was due to my position directly above it, but at the time, I was only concerned with survival. The balloon initially collapsed, then rapidly expanded, spinning wildly with incredible speed, and finally, it flung me over the edge of the car with tremendous force, leaving me dangling at a terrifying height, upside down and facing outward, held by a thin cord about three feet long that had accidentally slipped through a gap near the bottom of the wicker car. My left foot had become entangled in this cord as I fell. It's impossible to describe the horror of my situation. I gasped for air, my body shook like I had a severe fever, my eyes felt like they were bulging out of their sockets, and a wave of nausea washed over me. Eventually, I lost consciousness.

 I have no idea how long I was out. When I partially came to, I found the day breaking, the balloon at an incredible height over a vast expanse of ocean, with no sign of land anywhere on the horizon.",0.2,1.0,c75248e67bdb2908871fcf3a05896a0ef81aba42a7449c24ff95d79c7577d985,f474d320981192180b11e0c9c0efeddacd54986684afd05ae2139eb310fd6d2d,581,458,0.788296,warning,json_repaired_loose_rewritten_text;length_hard_warning,json_repaired_loose_rewritten_text,2026-06-03T03:06:08Z
groq_llama_3_3_70b_free|run_1|POE_WORKS_VOLUME_1_003|simplify,groq_llama_3_3_70b_free,groq,Groq Llama 3.3 70B free-tier run,llama-3.3-70b-versatile,llama-3.3-70b-versatile,run_1,POE_WORKS_VOLUME_1_003,simplify,"In about four and a half hours, the balloon was ready. I attached the car and put all my tools inside, including a device to condense water, a lot of water, and plenty of food like pemmican, which is nutritious and doesn't take up much space. I also put a pair of pigeons and a cat in the car. It was almost daylight, and I thought it was time to leave. I dropped a lit cigar on the ground, pretending it was an accident, and used the chance to secretly light a slow-burning fuse that stuck out of one of the smaller barrels. The three men watching me didn't notice what I did. I jumped into the car and cut the rope that tied me to the ground. The balloon went up easily, carrying 175 pounds of heavy ballast, and it could have carried just as much more.

As I rose to about 50 yards, a huge storm of fire, smoke, and debris erupted beneath me, making a terrifying noise. I was so scared that I fell to the bottom of the car, shaking with fear. I realized I had made a big mistake, and the worst was yet to come. In less than a second, I felt all my blood rush to my head, and then a massive shockwave hit, tearing through the air. Later, I understood that the explosion was so violent because I was right above it, but at the time, I just wanted to survive. The balloon first collapsed, then expanded rapidly, spinning around with great speed, and finally threw me out of the car with great force. I was left hanging in the air, upside down, held by a short rope that had gotten tangled around my foot. It's impossible to describe how horrifying it was. I gasped for air, my body shook, my eyes felt like they were popping out, and I felt extremely sick. Eventually, I passed out.

I don't know how long I was unconscious. When I started to come to, I saw that the day was breaking, and the balloon was extremely high above the ocean. There was no sign of land anywhere on the horizon. The balloon was floating over a vast, empty sea, with no end in sight.",0.2,1.0,c75248e67bdb2908871fcf3a05896a0ef81aba42a7449c24ff95d79c7577d985,40d5a4d57f473997119e48507b2c308f7d3dfe16d98f50c44d890811b917c54a,581,379,0.652324,warning,json_repaired_loose_rewritten_text;length_hard_warning,json_repaired_loose_rewritten_text,2026-06-03T03:06:19Z
groq_llama_3_3_70b_free|run_1|POE_WORKS_VOLUME_1_004|paraphrase,groq_llama_3_3_70b_free,groq,Groq Llama 3.3 70B free-tier run,llama-3.3-70b-versatile,llama-3.3-70b-versatile,run_1,POE_WORKS_VOLUME_1_004,paraphrase,"Having formed this opinion, I no longer hesitated. Assuming that the atmosphere I would encounter during my journey would be similar to that at the earth's surface, I believed that M. Grimm's ingenious apparatus would allow me to condense it sufficiently for breathing. This would eliminate the main obstacle to a lunar journey. I had invested considerable time and money in adapting the apparatus for this purpose and was confident of its success, provided I could complete the voyage within a reasonable timeframe. This led me to consider the rate at which I could travel. It is known that balloons rise with moderate velocity during the initial stages of their ascent from the earth. The lifting power of a balloon is due to the gas being lighter than the surrounding air, and it seems unlikely that the velocity would increase as the balloon gains altitude and enters less dense atmospheric layers. However, I was not aware of any recorded ascent where the rate of ascent decreased, despite the expected loss of gas due to poor construction and varnishing. It appeared that the effect of gas escape was balanced by some accelerating force. I reasoned that if I encountered the medium I expected, and it proved to be similar to atmospheric air, the degree of rarefaction would have little impact on my ability to ascend, as the gas in the balloon would also be subject to rarefaction and remain lighter than any mixture of nitrogen and oxygen. Meanwhile, the force of gravity would decrease with distance, allowing me to accelerate rapidly and eventually reach the regions where the earth's gravitational force would be overtaken by the moon's. Based on these ideas, I decided not to carry more provisions than necessary for forty days. Nevertheless, another difficulty caused me some concern. It has been observed that during high-altitude balloon flights, in addition to respiratory pain, travelers often experience discomfort in the head and body, sometimes accompanied by nosebleeds and other alarming symptoms, which worsen with increasing altitude.",0.2,1.0,90544b6af590f4a61cbdf830a5f5cc1f560db9c2344da15b516ba3ecb58e0579,5504ace78d983c3049689720b04ec05e17d7f78dcd87c2bcf0973bb02459eee6,553,335,0.605787,warning,length_hard_warning,json_ok,2026-06-03T09:23:11Z
groq_llama_3_3_70b_free|run_1|POE_WORKS_VOLUME_1_004|modernize,groq_llama_3_3_70b_free,groq,Groq Llama 3.3 70B free-tier run,llama-3.3-70b-versatile,llama-3.3-70b-versatile,run_1,POE_WORKS_VOLUME_1_004,modernize,"Having taken this view of the subject, I had little further hesitation. Assuming that during my journey I would encounter an atmosphere similar to the one at the Earth's surface, I believed that using M. Grimm's ingenious apparatus, I could easily condense it in sufficient quantities for breathing. This would eliminate the main obstacle in a trip to the moon. I had invested significant time and money in adapting the apparatus for this purpose and was confident it would work if I could complete the voyage within a reasonable timeframe. This brings me back to the speed at which I could travel.

It's true that balloons, in the initial stages of their ascent from the Earth, rise at a relatively moderate velocity. The ability to rise is based entirely on the fact that the gas in the balloon is lighter than the surrounding air. At first glance, it doesn't seem likely that as the balloon gains altitude and enters atmospheric layers with rapidly decreasing densities, its initial velocity would increase. On the other hand, I wasn't aware of any recorded ascent where the rate of ascent decreased, even though it should have, considering the gas that escapes from poorly constructed balloons with subpar varnish. It seemed that the effect of this gas escape was just enough to counterbalance the effect of some accelerating force. I now considered that if I found the medium I had imagined during my passage, and if it proved to be essentially the same as the air we breathe, it wouldn't make a significant difference at what level of rarefaction I encountered it - that is, in terms of my ability to ascend. The gas in the balloon would not only be subject to similar rarefaction, allowing me to release just enough gas to prevent explosion, but it would also remain lighter than any mixture of nitrogen and oxygen. Meanwhile, the force of gravity would decrease in proportion to the square of the distance, and thus, with an incredibly accelerating velocity, I would eventually reach the distant regions where the Earth's gravitational pull would be overtaken by the moon's. Based on these ideas, I didn't think it was necessary to bring more supplies than I would need for 40 days.

However, there was still another challenge that caused me some concern. It has been observed that in balloon ascents to significant heights, in addition to the difficulty breathing, people often experience discomfort in the head and body, sometimes accompanied by nosebleeds and other alarming symptoms that worsen with increasing altitude.",0.2,1.0,90544b6af590f4a61cbdf830a5f5cc1f560db9c2344da15b516ba3ecb58e0579,9003690e724127587d969ab60a367e1ca17259d7d8de4786bd9bcfd37122b3a8,553,423,0.764919,warning,json_repaired_loose_rewritten_text;length_hard_warning,json_repaired_loose_rewritten_text,2026-06-03T09:23:23Z
groq_llama_3_3_70b_free|run_1|POE_WORKS_VOLUME_1_004|simplify,groq_llama_3_3_70b_free,groq,Groq Llama 3.3 70B free-tier run,llama-3.3-70b-versatile,llama-3.3-70b-versatile,run_1,POE_WORKS_VOLUME_1_004,simplify,"After considering my plan, I didn't hesitate much. I thought that with M. Grimm's clever device, I could easily condense the air I needed to breathe during my journey to the moon. This would solve the main problem. I had spent a lot of time and money adapting the device for my trip, and I was confident it would work if I could complete the journey in a reasonable time. This made me think about how fast I could travel.

It's true that when balloons first take off from the earth, they rise at a moderate speed. The reason they go up is that the gas inside the balloon is lighter than the air around it. At first, it doesn't seem likely that the balloon would accelerate as it goes higher and the air gets thinner. However, I didn't know of any case where a balloon's speed of ascent actually decreased, even though it should have due to gas escaping from the balloon. It seemed that the loss of gas was balanced by some other force that was speeding up the balloon. I thought that if I found the air I expected on my journey, and it was like the air we breathe, it wouldn't matter much how thin it was - I could still keep rising. The gas in the balloon would also get thinner, but it would always be lighter than the air around it. As I went higher, the force of gravity would get weaker, and I would accelerate rapidly, eventually reaching the point where the moon's gravity would take over.

I didn't think it was necessary to bring more than 40 days' worth of supplies. However, there was another problem that worried me a bit. When people go up in balloons to high altitudes, they often experience pain while breathing, and they can feel unwell, with symptoms like nosebleeds, which get worse the higher they go.",0.2,1.0,90544b6af590f4a61cbdf830a5f5cc1f560db9c2344da15b516ba3ecb58e0579,c511c3d1255a7ddc37a42e09730cf7c2a5a2cb70bfc4e44d80a4f23cd387bbb1,553,319,0.576854,warning,json_repaired_loose_rewritten_text;length_hard_warning,json_repaired_loose_rewritten_text,2026-06-03T09:23:33Z
groq_llama_3_3_70b_free|run_1|POE_WORKS_VOLUME_1_005|paraphrase,groq_llama_3_3_70b_free,groq,Groq Llama 3.3 70B free-tier run,llama-3.3-70b-versatile,llama-3.3-70b-versatile,run_1,POE_WORKS_VOLUME_1_005,paraphrase,"This process was repeated multiple times until the chamber was filled with air suitable for breathing. However, in such a confined space, the air would quickly become stale and unusable due to the frequent exchange with the lungs. To address this issue, a small valve at the bottom of the car was used to release the dense air, which would sink into the thinner atmosphere below. To prevent the creation of a total vacuum, this process was done gradually, with the valve being opened for only a few seconds at a time, and then closed again until the condenser pump had replenished the air. As part of my experiment, I had placed a cat and its kittens in a small basket outside the car, suspended from a button near the valve, allowing me to feed them as needed. I did this at some risk, reaching under the car with a pole and hook to attach the basket before sealing the chamber. By the time I had completed these preparations and filled the chamber, it was nearly nine o'clock. Throughout this period, I suffered greatly from respiratory distress and regretted not having attended to this crucial matter sooner. However, once I had finished, I began to feel the benefits of my invention, breathing easily and freely once more. I was also relieved to find that the severe pains that had plagued me had subsided, leaving only a mild headache and a feeling of fullness in my wrists, ankles, and throat. It seemed clear that much of my discomfort had been due to the lack of atmospheric pressure, and that my invention had helped to alleviate this issue. A short time before closing the chamber, the mercury in the barometer had reached its limit, indicating an altitude of 132,000 feet, or twenty-five miles. At this point, I could see a vast expanse of the earth's surface, but by nine o'clock, I had lost sight of land to the east, and the balloon was drifting rapidly to the north-northwest. The curvature of the ocean beneath me was clearly visible, although my view was often obscured by clouds.",0.2,1.0,465fee6a1ea7b78dc4a17ff8e1feac5d7dd5bb9fd59f687ce14e1a0b1a48eb2c,c033e09a93300cd836b34942f811b274e82c33840f615fa15689600be95b2b11,550,355,0.645455,warning,prompt_or_source_leakage_warning;length_hard_warning,json_ok,2026-06-03T09:23:44Z
groq_llama_3_3_70b_free|run_1|POE_WORKS_VOLUME_1_005|modernize,groq_llama_3_3_70b_free,groq,Groq Llama 3.3 70B free-tier run,llama-3.3-70b-versatile,llama-3.3-70b-versatile,run_1,POE_WORKS_VOLUME_1_005,modernize,"This process was repeated several times, eventually filling the chamber with air suitable for breathing. However, in such a confined space, the air would quickly become stale and unusable due to frequent contact with my lungs. To address this, I installed a small valve at the bottom of the car that allowed me to release the dense air into the thinner atmosphere below. To avoid creating a vacuum inside the chamber, I never fully purified the air at once, instead doing it gradually. I'd open the valve for a few seconds, then close it again, and use the condenser pump to replenish the air. As part of my experiment, I had placed a cat and its kittens in a small basket outside the car, attached to a button near the valve, so I could feed them when needed. I did this at some risk, reaching under the car with a pole that had a hook on the end before sealing the chamber. By the time I finished these preparations and filled the chamber as planned, it was almost 9:00 AM. Throughout this process, I struggled with severe respiratory distress and regretted not having done this sooner. But once I completed it, I started to feel the benefits of my invention. I could breathe easily again, and my pain began to subside. I was left with only a mild headache and a feeling of fullness in my wrists, ankles, and throat. It seemed that most of the discomfort from the change in air pressure had worn off, as I had expected, and that much of the pain I endured for the last two hours was due to inadequate breathing. About 20 minutes before 9:00 AM, just before I sealed the chamber, the mercury in the barometer reached its limit, indicating an altitude of 132,000 feet, or about 25 miles. At that point, I could see a vast area of the Earth's surface, equivalent to about 1/320th of its total area. By 9:00 AM, I had lost sight of land to the east, but I noticed the balloon was drifting rapidly to the north-northwest. The curvature of the ocean below me was clearly visible, although my view was often obstructed by clouds.",0.2,1.0,465fee6a1ea7b78dc4a17ff8e1feac5d7dd5bb9fd59f687ce14e1a0b1a48eb2c,b98cd730d07ca1ae83351c661855d4753b90d0e1c60e74909a59dbda449e219c,550,375,0.681818,warning,prompt_or_source_leakage_warning;length_hard_warning,json_ok,2026-06-03T09:23:55Z
groq_llama_3_3_70b_free|run_1|POE_WORKS_VOLUME_1_005|simplify,groq_llama_3_3_70b_free,groq,Groq Llama 3.3 70B free-tier run,llama-3.3-70b-versatile,llama-3.3-70b-versatile,run_1,POE_WORKS_VOLUME_1_005,simplify,"This process was repeated several times to fill the chamber with air that was suitable for breathing. However, in such a small space, the air would quickly become stale and unusable due to the frequent contact with my lungs. To fix this, I would release the stale air through a small valve at the bottom of the car, and it would sink into the thinner air below. I didn't want to create a vacuum, so I would only open the valve for a few seconds at a time, closing it again until the condenser pump had replaced the released air. For an experiment, I had put a cat and its kittens in a small basket outside the car, attached to a button near the valve, so I could feed them when needed. I did this by reaching under the car with a pole that had a hook on the end, which was a bit risky. By the time I finished setting everything up and filling the chamber, it was almost 9 o'clock. While I was working, I had a lot of trouble breathing and regretted not doing this sooner. But once I was done, I started to feel better and could breathe easily again. My invention was working, and I was relieved that the severe pains I had been feeling were starting to go away. I only had a mild headache and a feeling of fullness in my wrists, ankles, and throat. It seemed that most of the discomfort from the change in air pressure had worn off, and I realized that a lot of the pain I had been feeling was due to not having enough oxygen. A short time before 9 o'clock, the mercury in the barometer reached its limit, showing that I was at an altitude of 25 miles. At this point, I could see a huge area of the Earth's surface, but soon after 9 o'clock, I lost sight of land to the east. However, I noticed that the balloon was moving quickly to the northwest. I could see the curvature of the ocean below me, although my view was often blocked by clouds.",0.2,1.0,465fee6a1ea7b78dc4a17ff8e1feac5d7dd5bb9fd59f687ce14e1a0b1a48eb2c,423d7b6f0bdb2e4fdafa6a2ebb9a4ec8aa777e9d59988495a113a3795915300d,550,358,0.650909,warning,prompt_or_source_leakage_warning;length_hard_warning,json_ok,2026-06-03T09:24:05Z
groq_llama_3_3_70b_free|run_1|POE_WORKS_VOLUME_1_006|paraphrase,groq_llama_3_3_70b_free,groq,Groq Llama 3.3 70B free-tier run,llama-3.3-70b-versatile,llama-3.3-70b-versatile,run_1,POE_WORKS_VOLUME_1_006,paraphrase,"I was inclined to believe the latter opinion, as the ice rim to the north was becoming increasingly visible. The cold was not as intense, and nothing noteworthy occurred, so I spent the day reading, having made sure to bring a supply of books. On April 5th, I witnessed the unusual phenomenon of the sun rising while the majority of the earth's surface remained shrouded in darkness. As time passed, the light spread, and I once again saw the line of ice to the north, which now appeared more distinct and darker than the ocean waters. I was clearly approaching it at a rapid pace and thought I could make out a strip of land to the east and another to the west, although I couldn't be certain. The weather was moderate, and the day was uneventful. I retired to bed early. On April 6th, I was surprised to find the ice rim at a moderate distance, with a vast expanse of ice stretching out to the horizon in the north. It was evident that if the balloon continued on its current course, it would soon reach the Frozen Ocean, and I had little doubt that I would ultimately see the Pole. Throughout the day, I drew closer to the ice. As night fell, my horizon suddenly and significantly expanded, likely due to the earth's oblate spheroid shape and my arrival above the flattened regions near the Arctic circle. When darkness finally overtook me, I went to bed with great anxiety, fearing that I would pass over the object of my curiosity without being able to observe it. On April 7th, I arose early and, to my great joy, finally saw what I had no hesitation in assuming was the northern Pole itself. It was undoubtedly there, directly beneath my feet, but alas, I had ascended to such a great distance that nothing could be discerned with accuracy. In fact, based on the progression of the numbers indicating my various altitudes at different times, it could be inferred that the balloon had reached a height of at least 7,254 miles above the sea surface by 4:00 in the morning on April 7th. This elevation may seem immense, but the estimate used to calculate it likely yielded a result that was far inferior to the truth. At any rate, I undoubtedly saw the entire earth's major diameter, with the northern hemisphere laid out beneath me like a chart, and the equator forming the boundary of my horizon. Your Excellencies can imagine that the unexplored regions within the Arctic circle, although directly beneath me and visible without foreshortening, were still too small and distant to allow for a very accurate examination.",0.2,1.0,97dbc20e9d6eed9db2303a948baf3e813deabaf1aec54bbbccb175be5ecab420,08c6240ba74c96cdcf510d6723ced3a176983b1ce66b7ae410aad8eae3043e06,555,451,0.812613,warning,length_soft_warning,json_ok,2026-06-03T09:24:15Z
groq_llama_3_3_70b_free|run_1|POE_WORKS_VOLUME_1_006|modernize,groq_llama_3_3_70b_free,groq,Groq Llama 3.3 70B free-tier run,llama-3.3-70b-versatile,llama-3.3-70b-versatile,run_1,POE_WORKS_VOLUME_1_006,modernize,"I was inclined to believe the latter opinion. The ice rim to the north was becoming more visible. The cold wasn't as intense as before. Nothing significant happened, and I spent the day reading, having made sure to bring books with me. On April 5th, I witnessed the unusual phenomenon of the sun rising while most of the earth's surface remained in darkness. As time passed, the light spread, and I saw the ice line to the north again. It was now very distinct and appeared much darker than the ocean waters. I was clearly approaching it rapidly. I thought I could see a strip of land to the east and another to the west, but I couldn't be sure. The weather was moderate, and nothing noteworthy occurred during the day. I went to bed early. On April 6th, I was surprised to find the ice rim at a relatively close distance, with a vast field of ice stretching out to the horizon in the north. It was clear that if the balloon continued on its current course, it would soon reach the Frozen Ocean, and I was now almost certain of seeing the Pole. Throughout the day, I continued to approach the ice. As night fell, my horizon suddenly and significantly expanded, likely due to the earth's oblate spheroid shape and my arrival above the flattened regions near the Arctic circle. When darkness finally caught up with me, I went to bed feeling anxious, worried that I would pass over the object of my curiosity without being able to observe it. On April 7th, I woke up early, and to my great joy, I finally saw what I had no doubt was the northern Pole itself. It was right there, directly beneath me, but unfortunately, I had ascended to such a great distance that I couldn't make out any details. In fact, based on the readings of my altimeter at different times, between 6 A.M. on April 2nd and 20 minutes before 9 A.M. on the same day, it could be inferred that the balloon had reached a height of at least 7,254 miles above the sea surface by 4 A.M. on April 7th. This elevation may seem enormous, but the estimate used to calculate it likely underestimated the actual height. At any rate, I undoubtedly saw the entire diameter of the earth, with the northern hemisphere spread out beneath me like a map. The equator formed the boundary of my horizon. You can imagine that the unexplored regions within the Arctic circle, although directly beneath me and not appearing foreshortened, were still relatively small and too far away to examine accurately.",0.2,1.0,97dbc20e9d6eed9db2303a948baf3e813deabaf1aec54bbbccb175be5ecab420,4128f5286b988f12bd6b3e59165f1ba877ed0e244ee826f1b8088bc281c4725a,555,447,0.805405,warning,length_soft_warning,json_ok,2026-06-03T09:24:25Z
groq_llama_3_3_70b_free|run_1|POE_WORKS_VOLUME_1_006|simplify,groq_llama_3_3_70b_free,groq,Groq Llama 3.3 70B free-tier run,llama-3.3-70b-versatile,llama-3.3-70b-versatile,run_1,POE_WORKS_VOLUME_1_006,simplify,"I was starting to think that the ice rim to the north was getting closer. The cold wasn't as bad as before. Nothing important happened, so I spent the day reading. I had made sure to bring books with me.

On April 5th, I saw something strange - the sun was rising, but the earth was still mostly in darkness. As time passed, the light spread out and I could see the ice line to the north again. It was very clear and looked much darker than the ocean water. I was getting closer to it quickly. I thought I could see land to the east and west, but I wasn't sure. The weather was okay, and nothing important happened that day. I went to bed early.

On April 6th, I was surprised to find the ice rim not too far away, with a huge field of ice stretching out to the horizon. It was clear that if the balloon kept going in the same direction, it would soon be over the Frozen Ocean, and I was pretty sure I would see the North Pole. I kept getting closer to the ice all day. At night, I could see much farther than before, probably because the earth is slightly flattened at the poles and I was getting close to the Arctic circle. When it got dark, I went to bed feeling anxious, worried that I might pass over the North Pole without being able to see it.

On April 7th, I woke up early and was thrilled to see what I was sure was the North Pole. It was right below me, but I was so high up that I couldn't see any details. Based on how fast I was rising, I thought I might be as high as 7,254 miles above the sea. This is an incredibly high altitude, but it's probably lower than the real number. From up there, I could see the entire northern half of the earth, like a map. The equator was the edge of my horizon. You can imagine that even though I could see the unexplored areas inside the Arctic circle below me, they were still too small and too far away to see clearly.",0.2,1.0,97dbc20e9d6eed9db2303a948baf3e813deabaf1aec54bbbccb175be5ecab420,a5ff658965a00b1533472635cb48a6ec55b94afb9cf020e60a52bcb8bba75962,555,372,0.67027,warning,json_repaired_loose_rewritten_text;length_hard_warning,json_repaired_loose_rewritten_text,2026-06-03T09:24:35Z
groq_llama_3_3_70b_free|run_1|POE_WORKS_VOLUME_1_007|paraphrase,groq_llama_3_3_70b_free,groq,Groq Llama 3.3 70B free-tier run,llama-3.3-70b-versatile,llama-3.3-70b-versatile,run_1,POE_WORKS_VOLUME_1_007,paraphrase,"Indeed, this is the situation. I have a great deal to share, and it would bring me immense pleasure to convey it. I have much to discuss regarding the planet's climate, with its remarkable fluctuations between extreme heat and cold, as well as unrelenting sunshine for a fortnight, followed by intense frigidity. I also wish to describe the constant transfer of moisture through a process similar to distillation in a vacuum, from the point closest to the sun to the point farthest from it. Additionally, I want to talk about the planet's inhabitants, their customs, and political institutions, as well as their unique physical characteristics, including their lack of ears, which are unnecessary in their atmosphere, and their consequent ignorance of speech. They have developed a unique method of communication to compensate for this limitation. Furthermore, I am intrigued by the mysterious connection between each individual on the moon and a corresponding individual on Earth, a connection that is analogous to the relationship between the planet's orbs and satellites. This connection weaves the lives and destinies of the inhabitants of the two celestial bodies together. Above all, if it pleases your Excellencies, I would like to share my knowledge of the dark and foreboding mysteries that lie in the outer regions of the moon, which, due to the satellite's rotation and revolution, have remained hidden from human scrutiny. I am willing to share all this and more, but I must have my reward. I long to return to my family and home, and in exchange for my further communication, which could shed light on important branches of physical and metaphysical science, I request a pardon for the crime I committed when I departed from Rotterdam. This is the purpose of the present document. The bearer, a lunar inhabitant who has been instructed to serve as my messenger to Earth, will await your response and return to me with the pardon, if it can be obtained. I have the honor to be, etc., your Excellencies' humble servant, Hans Pfaall. Upon finishing the document, Professor Rub-a-dub was so astonished that he dropped his pipe, and Mynheer Superbus Von Underduk, after removing his spectacles and putting them away, turned around three times in amazement. It was clear that the pardon should be granted. Professor Rub-a-dub swore an oath to this effect, and Von Underduk, after taking the arm of his fellow scholar, began to make his way home to discuss the necessary measures, without uttering a word.",0.2,1.0,da43a900462b97204eaa6c17900ea0bf9464c1d5a9e0bea7cf7f8566d1f495b4,5de13fa154031201aad6ccb9c39d482f912df1c2ffb795bec96cf3a191b6d3d8,573,416,0.726003,warning,length_hard_warning,json_ok,2026-06-03T09:24:49Z
groq_llama_3_3_70b_free|run_1|POE_WORKS_VOLUME_1_007|modernize,groq_llama_3_3_70b_free,groq,Groq Llama 3.3 70B free-tier run,llama-3.3-70b-versatile,llama-3.3-70b-versatile,run_1,POE_WORKS_VOLUME_1_007,modernize,"This is indeed the case. I have a great deal to share, and it would be a tremendous pleasure to communicate it all. I have a lot to say about the planet's climate, with its incredible fluctuations between extreme heat and cold, including two weeks of scorching sunshine followed by polar-like frigidity. There's also a constant transfer of moisture from the area under the sun to the farthest point, similar to distillation in a vacuum. Additionally, I can discuss the variable zone of running water, the inhabitants themselves, their customs, and their unique physical characteristics, including their lack of ears, which are unnecessary in their atmosphere. This, in turn, has led to their ignorance of speech and the development of a unique method of communication. I can also explore the inexplicable connection between each individual on the moon and a specific individual on Earth, a connection that mirrors the relationship between the planet's orbs and satellites. This connection weaves the lives and destinies of the moon's inhabitants with those of Earth's inhabitants. If it pleases you, I can also discuss the dark and disturbing mysteries in the outer regions of the moon, which, due to the satellite's rotation and revolution, have never been visible to human telescopes and, fortunately, never will be. I'd be happy to elaborate on all this and more, but I need something in return. I'm eager to reunite with my family and return home. As a condition for sharing more information, which could shed significant light on various branches of physical and metaphysical science, I'm asking for a pardon for the crime I committed when I left Rotterdam, resulting in the death of my creditors. This is the purpose of this letter. The bearer, a lunar inhabitant I've persuaded and instructed to be my messenger, will await your response and return with the pardon if it can be obtained. I have the honor to be your humble servant, Hans Pfaall. After reading this extraordinary document, Professor Rub-a-dub was so shocked that he dropped his pipe, and Mynheer Superbus Von Underduk removed his spectacles, wiped them, and put them in his pocket. He was so astonished that he forgot his dignity and spun around three times. It was clear that the pardon should be granted. Professor Rub-a-dub swore an oath to make it happen, and Von Underduk, after taking his colleague's arm, headed home to discuss the next steps.",0.2,1.0,da43a900462b97204eaa6c17900ea0bf9464c1d5a9e0bea7cf7f8566d1f495b4,dd4a41a6e3683e860194e00fdb467f21720dc25b6942befe744b91b0cf7da351,573,404,0.705061,warning,length_hard_warning,json_ok,2026-06-03T09:28:17Z
groq_llama_3_3_70b_free|run_1|POE_WORKS_VOLUME_1_007|simplify,groq_llama_3_3_70b_free,groq,Groq Llama 3.3 70B free-tier run,llama-3.3-70b-versatile,llama-3.3-70b-versatile,run_1,POE_WORKS_VOLUME_1_007,simplify,"This is indeed the case. I have a great deal to share, and it would bring me immense pleasure to do so. I want to talk about the planet's climate, with its extreme temperature fluctuations, going from scorching heat to freezing cold in a short period. I also want to discuss the unique way moisture is transferred from one point to another, and the varying zones of running water. Additionally, I'd like to share information about the inhabitants of the planet, their customs, and their physical characteristics, including their lack of ears and their alternative method of communication. What's more, I'd like to explain the mysterious connection between the people of the moon and those on Earth, which is similar to the connection between the planets and their satellites. Most of all, I'd like to reveal the dark secrets that lie in the unexplored regions of the moon, which have never been seen by human telescopes due to the moon's rotation. I'd be happy to share all this and more, but I need something in return. I'm eager to return to my family and home, and I'm asking for a pardon for the crime I committed when I left Rotterdam, in exchange for the knowledge I can provide. I'm seeking a pardon through the influence of your honorable body, and I've instructed the moon's inhabitant, who is my messenger, to wait for your response and bring back the pardon if it's possible to obtain. This is the purpose of this letter. Its bearer will await your response and return to me with the pardon if it can be granted. I have the honor to be your humble servant, Hans Pfaall. After reading this extraordinary document, Professor Rub-a-dub was so surprised that he dropped his pipe, and Mynheer Superbus Von Underduk was equally astonished, taking off his spectacles and turning around in circles. It was clear that the pardon should be granted. Professor Rub-a-dub swore an oath to make it happen, and Von Underduk, still in awe, took his colleague's arm and headed home to discuss the next steps.",0.2,1.0,da43a900462b97204eaa6c17900ea0bf9464c1d5a9e0bea7cf7f8566d1f495b4,2e0dd957b8449df7a8132ec6f0b23239917f6c0cf7fca2cb0809cc43b2ed25a0,573,350,0.61082,warning,length_hard_warning,json_ok,2026-06-03T09:28:30Z
groq_llama_3_3_70b_free|run_1|POE_WORKS_VOLUME_1_008|paraphrase,groq_llama_3_3_70b_free,groq,Groq Llama 3.3 70B free-tier run,llama-3.3-70b-versatile,llama-3.3-70b-versatile,run_1,POE_WORKS_VOLUME_1_008,paraphrase,"Upon arriving at the hut, I knocked as I usually did, and when no one answered, I retrieved the key from its hiding place, unlocked the door, and entered. A warm fire was burning on the hearth, a pleasant surprise. I removed my overcoat, settled into an armchair by the crackling flames, and waited for my hosts to arrive. Before long, they appeared after dark, greeting me with a hearty welcome. Jupiter, beaming with a wide grin, busied himself preparing marsh-hens for supper. Legrand was in a state of intense excitement, having discovered a previously unknown bivalve that represented a new genus. Furthermore, with Jupiter's help, he had caught a scarabaeus that he believed was entirely new, and he wanted my opinion on it the following day. I asked why we couldn't examine it that night, warming my hands by the fire and jokingly wishing all scarabaei away. Legrand explained that he hadn't known I was visiting and had lent the insect to Lieutenant G—— from the fort, so it wouldn't be possible to see it until morning. He invited me to stay overnight and promised to send Jupiter to retrieve the bug at sunrise. He described it as the most beautiful thing, with a brilliant gold color, about the size of a large hickory nut, and distinctive black spots. Jupiter interrupted, saying the bug was solid gold, except for its wings, and he had never felt such a heavy insect. Legrand replied, somewhat seriously, that even if it were solid gold, Jupiter shouldn't let the birds burn. He turned to me and said the bug's color was almost enough to make one believe it was made of metal. Although I couldn't see it, he offered to draw its shape. Since there was no paper, he used a scrap from his pocket and made a rough sketch. As he drew, I remained seated by the fire, still feeling chilly. When he finished, he handed me the drawing without getting up. Just then, a loud growl and scratching at the door were followed by the entrance of a large Newfoundland, which belonged to Legrand and had been a friend during my previous visits. The dog jumped onto my shoulders, showering me with affection.",0.2,1.0,c4ae597e7d68f1d2d42644bdf82027705f67a7be4828866481926770792bb431,af83d028421a5a4b227bd61a6d226f943cb8b0b5679f245b667a8ca7ba71db83,570,372,0.652632,warning,length_hard_warning,json_ok,2026-06-03T09:28:44Z
groq_llama_3_3_70b_free|run_1|POE_WORKS_VOLUME_1_008|modernize,groq_llama_3_3_70b_free,groq,Groq Llama 3.3 70B free-tier run,llama-3.3-70b-versatile,llama-3.3-70b-versatile,run_1,POE_WORKS_VOLUME_1_008,modernize,"When I arrived at the hut, I knocked as I usually did, and when no one answered, I looked for the key where I knew it was hidden, unlocked the door, and went inside. A warm fire was burning in the fireplace, which was a welcome surprise. I took off my coat, sat down in an armchair by the crackling flames, and waited for my hosts to arrive. Soon after dark, they got back, and they gave me a very warm welcome. Jupiter, grinning from ear to ear, busied himself preparing some marsh hens for supper. Legrand was in one of his excited moods - I'm not sure how else to describe it. He had discovered a previously unknown type of shellfish, which was a new genus, and even more exciting, he and Jupiter had found and caught a scarab beetle that he believed was entirely new. He wanted my opinion on it, but not until the next day. 'Why not tonight?' I asked, rubbing my hands over the fire and jokingly wishing that all scarab beetles would disappear. 'If only I had known you were coming,' Legrand said, 'but it's been so long since I've seen you, and I had no idea you'd visit tonight. On my way home, I ran into Lieutenant G from the fort, and foolishly, I lent him the beetle. So, you won't be able to see it until tomorrow morning. Why don't you stay overnight, and I'll send Jupiter to fetch it at sunrise? It's the most incredible thing you've ever seen.' 'What, sunrise?' I asked. 'No, no, the beetle,' he replied. 'It's a brilliant gold color, about the size of a large hickory nut, with two black spots near one end of its back and another, longer one at the other end. The antennae are...' Jupiter interrupted him, 'It ain't got no tin in it, Master Will, I'm telling you. The bug is solid gold, every bit of it, except for its wings. I've never felt a heavier bug in my life.' 'Well, even if it is solid,' Legrand replied, seemingly more serious than necessary, 'that's no reason to let the birds burn.' He turned to me and said, 'The color is really enough to make you wonder if Jupiter's idea is right. You've never seen a more brilliant metallic shine than this beetle's scales, but you'll have to wait until tomorrow to see it. In the meantime, I can give you an idea of its shape.' He sat down at a small table with a pen and ink, but no paper. He looked for some in a drawer, but couldn't find any. 'Never mind,' he said, and pulled out a dirty piece of paper from his pocket. He drew a rough sketch of the beetle on it. While he was drawing, I stayed by the fire, as I was still cold. When he finished, he handed me the paper without getting up. Just then, a loud growl was heard, followed by scratching at the door. Jupiter opened it, and a large Newfoundland dog, belonging to Legrand, rushed in, jumped onto my shoulders, and covered me with affection. I had shown the dog a lot of attention during my previous visits.",0.2,1.0,c4ae597e7d68f1d2d42644bdf82027705f67a7be4828866481926770792bb431,0f5c7bee86842a5b424ab7a431c3a9f8d0453454033551c9f0073f34c927461e,570,537,0.942105,pass,,json_ok,2026-06-03T09:28:56Z
groq_llama_3_3_70b_free|run_1|POE_WORKS_VOLUME_1_008|simplify,groq_llama_3_3_70b_free,groq,Groq Llama 3.3 70B free-tier run,llama-3.3-70b-versatile,llama-3.3-70b-versatile,run_1,POE_WORKS_VOLUME_1_008,simplify,"When I arrived at the hut, I knocked as I usually did, and when no one answered, I found the hidden key, unlocked the door, and went inside. A warm fire was burning in the fireplace, which was a nice surprise. I took off my coat, sat down in a chair by the fire, and waited for my hosts to arrive. Soon after dark, they got to the hut and welcomed me warmly. Jupiter, our servant, was smiling and busy getting supper ready. He was preparing some marsh hens for us to eat. Legrand was very excited about something. He had found a new kind of shell and a beetle that he thought was totally new. He wanted me to take a look at the beetle the next day. I asked him why I had to wait until the next day, and he said it was because he had lent the beetle to Lieutenant G—— from the fort. He promised to send Jupiter to get it at sunrise so I could see it. Legrand said the beetle was the most beautiful thing he had ever seen, with a shiny gold color and black spots. Jupiter interrupted, saying that the beetle was solid and had no hollow parts, except for its wings. Legrand told Jupiter to focus on cooking supper and not to let the birds burn. He then turned to me and said that the beetle's color was indeed very special. Since he didn't have any paper, Legrand drew a picture of the beetle on a piece of scrap paper he found in his pocket. As he finished drawing, a loud growling noise came from outside, followed by scratching at the door. Jupiter opened the door, and a big Newfoundland dog, which belonged to Legrand, ran in and jumped all over me, giving me a lot of affection. I had been nice to the dog during my previous visits, so it was happy to see me.",0.2,1.0,c4ae597e7d68f1d2d42644bdf82027705f67a7be4828866481926770792bb431,58b59c45ae92bc646c39deb2d8c45e4911565d8e486e292ecea5c84c17aa7d7b,570,326,0.57193,warning,length_hard_warning,json_ok,2026-06-03T09:29:07Z
groq_llama_3_3_70b_free|run_1|POE_WORKS_VOLUME_1_009|paraphrase,groq_llama_3_3_70b_free,groq,Groq Llama 3.3 70B free-tier run,llama-3.3-70b-versatile,llama-3.3-70b-versatile,run_1,POE_WORKS_VOLUME_1_009,paraphrase,"I feared that my friend's prolonged exposure to misfortune might have finally taken a toll on his sanity. Without hesitation, I decided to accompany the negro to our destination. Upon arriving at the wharf, I noticed a newly purchased scythe and three spades lying in the boat that was to take us on our journey. I turned to Jup and asked, 'What is the purpose of these tools?' He replied, 'Him syfe and spade, massa.' I pressed him for a more detailed explanation, 'Yes, I see that, but why are they here?' Jup responded, 'Him de syfe and de spade what Massa Will sis pon my buying for him in de town, and de debbil's own lot of money I had to gib for 'em.' I was perplexed and asked, 'But what could your ""Massa Will"" possibly want with scythes and spades?' Jup's response was vague, 'Dat's more dan I know, and debbil take me if I don't b'lieve 'tis more dan he know, too. But it's all cum ob do bug.' Since I couldn't get any clear answers from Jup, whose mind seemed preoccupied with 'de bug,' I boarded the boat and we set sail. With a favorable breeze, we soon arrived at a small cove north of Fort Moultrie. A two-mile walk brought us to the hut, where we arrived around three in the afternoon. Legrand was waiting for us, his eagerness evident in his nervous demeanor, which only served to heighten my concerns about his well-being. His pale complexion and intense gaze further alarmed me. After inquiring about his health, I asked if he had managed to obtain the _scarabæus_ from Lieutenant G——. He replied, his face flushing, 'Oh, yes, I got it from him the next morning. I would never consider parting with that _scarabæus_.' He then added, with a serious tone, 'Jupiter is right about it, you know.' I felt a sense of foreboding and asked, 'In what way?' Legrand's response was astonishing, 'In thinking it's a bug made of real gold.' He spoke with conviction, and I was shocked by his words. He continued, a triumphant smile spreading across his face, 'This bug will be my ticket to reclaiming my family's possessions. It's no wonder I treasure it. Now that Fortune has seen fit to grant it to me, I just need to use it wisely, and I'll uncover the gold it points to.' He called out to Jup, 'Jupiter, bring me that _scarabæus!_' Jup hesitated, 'What, de bug, massa? I'd rather not trouble dat bug – you mus' git him for your own self.' Legrand rose from his seat, his movements grave and deliberate, and retrieved the beetle from a glass case. The _scarabæus_ was a stunning specimen, unknown to naturalists at the time, and thus a valuable find from a scientific perspective. It had two round, black spots near one end of its back and a long one near the other. The scales glistened with a burnished gold appearance, and the insect's weight was remarkable. Considering all these factors, I couldn't help but understand why Jupiter thought it was made of gold, but I was still baffled by Legrand's agreement with this assessment.",0.2,1.0,782cf703586ede1041c809de3610e826bcdb7b82cfba1a4ae8947c24f94fb2cc,ea5e3ff64b9a2eed8e23faf9531706b8e5bbcc39ee743bd8f625c428a66f2483,567,531,0.936508,warning,json_repaired_loose_rewritten_text,json_repaired_loose_rewritten_text,2026-06-03T09:29:19Z
groq_llama_3_3_70b_free|run_1|POE_WORKS_VOLUME_1_009|modernize,groq_llama_3_3_70b_free,groq,Groq Llama 3.3 70B free-tier run,llama-3.3-70b-versatile,llama-3.3-70b-versatile,run_1,POE_WORKS_VOLUME_1_009,modernize,"I was worried that my friend's ongoing streak of bad luck had finally taken a toll on his mental state. Without hesitation, I decided to accompany the black man to see what was going on. When we arrived at the dock, I noticed a scythe and three shovels, all of which looked brand new, lying in the bottom of the boat we were about to get into. I asked the black man, 'What's the deal with all this?' He replied, 'They're a scythe and shovels, sir.' I pressed him for more information, 'Yes, I can see that, but what are they doing here?' He explained, 'They're the scythe and shovels that Master Will told me to buy for him in town, and I had to pay a small fortune for them.' I was still confused, 'But what is Master Will planning to do with a scythe and shovels?' The black man just shook his head, 'To be honest, I have no idea, and I think even Master Will is unsure. But it's all because of the bug.' Since I wasn't getting any clear answers from the black man, who seemed completely fixated on 'the bug,' I got into the boat and we set sail. With a strong wind in our favor, we quickly made our way to a small cove just north of Fort Moultrie. From there, it was about a two-mile walk to the hut. We arrived around three in the afternoon. Legrand was waiting for us, and he greeted me with an intense, nervous enthusiasm that made me even more concerned about his well-being. His face was pale, almost ghostly, and his eyes had an unnatural glow. After asking how he was doing, I asked him if he had managed to get the scarab from Lieutenant G. He replied, his face turning bright red, 'Oh, yes, I got it from him the next morning. Nothing could convince me to give up that scarab.' He then said, with complete seriousness, 'You know, Jupiter is right about it.' I felt a sense of foreboding and asked, 'What do you mean?' Legrand explained, 'He thinks it's a bug made of real gold.' I was shocked by his statement. He continued, with a triumphant smile, 'This bug is going to make my fortune and help me reclaim my family's possessions. It's no wonder I'm so attached to it. Now that I have it, all I need to do is use it correctly, and I'll find the gold it's supposed to lead me to.' He then called out to the black man, 'Jupiter, bring me that scarab!' The black man hesitated, 'You want me to get the bug, sir? I'd rather not bother with it - you should get it yourself.' Legrand got up, walked over to a glass case, and retrieved the beetle. It was a beautiful, rare scarab, one that was unknown to scientists at the time. It had two round, black spots on one end of its back and a long one on the other. The insect's scales were extremely hard and glossy, resembling polished gold. The bug was surprisingly heavy, and considering all its unique features, I could understand why Jupiter thought it might be made of gold. However, I was still baffled by Legrand's agreement with Jupiter's assessment, and I couldn't figure out what to make of it.",0.2,1.0,782cf703586ede1041c809de3610e826bcdb7b82cfba1a4ae8947c24f94fb2cc,e62fb3cb4ce8b22e62af012629082a2bcc9164bac6f20caa98ea6a1fa1f23368,567,559,0.985891,pass,,json_ok,2026-06-03T10:00:46Z
groq_llama_3_3_70b_free|run_1|POE_WORKS_VOLUME_1_009|simplify,groq_llama_3_3_70b_free,groq,Groq Llama 3.3 70B free-tier run,llama-3.3-70b-versatile,llama-3.3-70b-versatile,run_1,POE_WORKS_VOLUME_1_009,simplify,"I was worried that my friend had finally lost his mind due to all the bad things that had happened to him. So, I decided to go with the negro man to see what was going on. When we got to the dock, I saw a scythe and three shovels in the bottom of the boat we were about to get into. They looked brand new. I asked the negro man, 'What's all this stuff?' He said, 'It's a scythe and shovels, sir.' I asked him, 'But why are they here?' He told me that he had bought them in town for his master, and that they had cost a lot of money. I was confused and asked him, 'What is your master going to do with a scythe and shovels?' The negro man didn't seem to know and just kept talking about 'the bug.' Since I couldn't get any clear answers from him, I got into the boat and we set sail. With a good wind, we soon arrived at a small cove near Fort Moultrie. From there, we walked about two miles to a hut. It was around three in the afternoon when we got there. My friend, Legrand, was waiting for us and seemed very excited. He shook my hand nervously, which made me worried about his health. His face was very pale and his eyes looked strange. I asked him how he was doing, and then I asked if he had gotten the scarab beetle from Lieutenant G. He said yes, and that he would never give it up. He told me that Jupiter, the negro man, was right that the beetle was made of real gold. Legrand said that this beetle was going to make him rich and help him get back his family's property. He seemed very serious and I was shocked. He called out to Jupiter to bring him the beetle, but Jupiter didn't want to touch it. Legrand got up and brought me the beetle himself. It was a very beautiful and rare insect, with a shiny gold-like shell and black spots. It was very heavy, and I could see why Jupiter thought it was special. But I didn't understand why Legrand thought it was so important, or what he planned to do with it.",0.2,1.0,782cf703586ede1041c809de3610e826bcdb7b82cfba1a4ae8947c24f94fb2cc,58a11e5322034ff01e34ecfc09ed8c0d32f2f27d79cb8f11e94cc1c27505744c,567,383,0.675485,warning,length_hard_warning,json_ok,2026-06-03T10:07:00Z
groq_llama_3_3_70b_free|run_1|POE_WORKS_VOLUME_1_010|paraphrase,groq_llama_3_3_70b_free,groq,Groq Llama 3.3 70B free-tier run,llama-3.3-70b-versatile,llama-3.3-70b-versatile,run_1,POE_WORKS_VOLUME_1_010,paraphrase,"This thought led me to consider the significance of the death's-head. I also took note of the parchment's shape, which, despite being damaged at one corner, was originally oblong. It was the kind of slip that would be suitable for a memorandum or a record of something important to be preserved. I pointed out to you that the skull was not on the parchment when you drew the beetle, and asked how you could connect the boat to the skull, given that the skull must have been added later. The mystery revolves around this point, but I had relatively little trouble solving it. My reasoning was straightforward, and it led to only one conclusion. When I drew the scarabaeus, there was no skull visible on the parchment. After completing the drawing, I gave it to you and watched you closely until you returned it. You didn't draw the skull, and no one else was present to do so. Therefore, it wasn't done by human means, yet it was done nonetheless. At this stage, I tried to recall every detail that occurred around that time. The weather was cold, and a fire was burning in the hearth. I was warm from exercise and sat near the table, while you had pulled a chair close to the chimney. As I handed you the parchment, Wolf, the Newfoundland, jumped onto your shoulders. You petted him with your left hand and let your right hand, holding the parchment, drop lazily between your knees, close to the fire. For a moment, I thought the flames had caught the parchment, but before I could warn you, you had pulled it back and were examining it. Considering all these details, I had no doubt that heat was the agent that revealed the skull on the parchment. You're aware that there are chemical preparations that can be used to write on paper or vellum, making the characters visible only when exposed to fire. Certain substances, like zaffre or the regulus of cobalt, can be used to create invisible ink that appears when heated. I carefully examined the death's-head and noticed that its outer edges, closest to the edge of the vellum, were more distinct than the rest. This suggested that the heat had not acted uniformly on the parchment.",0.2,1.0,22d8f6cc110c829668475e1cdfa4dbc59828ca3b01000ca62d766f5566397dfa,1c8f13fe86b623b8741f44034cd481f4f805b82963f21fea6f512ed1c840fb7b,557,383,0.687612,warning,length_hard_warning,json_ok,2026-06-03T10:17:31Z
groq_llama_3_3_70b_free|run_1|POE_WORKS_VOLUME_1_010|modernize,groq_llama_3_3_70b_free,groq,Groq Llama 3.3 70B free-tier run,llama-3.3-70b-versatile,llama-3.3-70b-versatile,run_1,POE_WORKS_VOLUME_1_010,modernize,"This thought made me realize that the skull symbol on the parchment had some significance. I also took note of the parchment's shape. Although one corner was damaged, it was clear that it was originally oblong, the kind of slip you might use to jot down a reminder or record something important to remember and keep safe.

But, I interrupted, you said the skull wasn't on the parchment when you drew the beetle. So, how do you connect the boat to the skull, considering the skull must have been added later, and we have no idea how or by whom?

This is where the mystery unfolds, and I had relatively little trouble figuring it out. My reasoning was straightforward, and it led to only one conclusion. For instance, I thought: when I drew the beetle, there was no skull visible on the parchment. After I finished the drawing, I gave it to you and watched you closely until you gave it back. You didn't draw the skull, and no one else was around to do it. So, it wasn't done by a person. Yet, it was done.

At this point, I tried to recall every detail that happened around that time, and I remembered everything clearly. The weather was chilly, which was a lucky coincidence, and we had a fire going in the fireplace. I was warm from exercise and sat near the table, while you pulled a chair up close to the chimney. Just as I handed you the parchment and you started to examine it, our dog, Wolf, a Newfoundland, jumped onto your shoulders. You petted him with your left hand and kept him at bay, while your right hand, holding the parchment, dropped limply between your knees, close to the fire. For a moment, I thought the flames had caught the parchment, and I was about to warn you, but before I could say anything, you pulled it back and continued to study it. Considering all these details, I had no doubt that the heat had brought out the skull image on the parchment. You know that there are chemical treatments that have been around for a long time, which allow you to write on paper or vellum so that the text only becomes visible when exposed to heat. For example, a mixture of zaffre and aqua regia, diluted with water, can produce a green tint, while a solution of cobalt in nitric acid can create a red color. These colors fade after the material cools down but reappear when heated again.

I took a closer look at the skull symbol. The outer edges, the ones closest to the edge of the parchment, were much sharper than the rest. It was clear that the heat had not affected the parchment evenly.",0.2,1.0,22d8f6cc110c829668475e1cdfa4dbc59828ca3b01000ca62d766f5566397dfa,9e87e7d9afd0b7c0d88d1a730635bf7cd50140e0349585b51cdd0604a5291bac,557,464,0.833034,warning,json_repaired_loose_rewritten_text;length_soft_warning,json_repaired_loose_rewritten_text,2026-06-03T10:47:49Z
groq_llama_3_3_70b_free|run_1|POE_WORKS_VOLUME_1_010|simplify,groq_llama_3_3_70b_free,groq,Groq Llama 3.3 70B free-tier run,llama-3.3-70b-versatile,llama-3.3-70b-versatile,run_1,POE_WORKS_VOLUME_1_010,simplify,"This thought made me think there was some meaning in the skull picture. I also noticed the shape of the parchment it was on. Even though one corner was damaged, I could tell it was originally oblong, like a note you'd write to remember something important.

I asked, 'But you said the skull wasn't on the parchment when you drew the beetle. So how can you connect the boat and the skull if the skull was added later?' 

He replied, 'This is the key to the mystery, and I didn't have much trouble figuring it out. I thought about it like this: when I drew the beetle, there was no skull on the parchment. After I finished, I gave it to you and watched you closely until you gave it back. You didn't draw the skull, and no one else was around to do it. So, it wasn't done by a person. But it was still done.

I tried to remember everything that happened around that time. It was chilly, and we had a fire going. I was warm from exercise and sat near the table. You were sitting by the chimney, and our dog, Wolf, jumped up onto your shoulders. You petted him with one hand and held the parchment with the other, which was hanging loose between your knees, close to the fire. For a moment, I thought the fire was going to catch the parchment, but you pulled it back just in time. When I thought about all these details, I was sure that the heat from the fire had made the skull picture appear on the parchment. You know that there are special chemicals you can use to write on paper or animal skin, and the writing only shows up when it's heated. Some of these chemicals can make green or red writing appear.

I took a closer look at the skull picture. The edges closest to the edge of the parchment were clearer than the rest. It was clear that the heat hadn't affected the whole picture evenly.",0.2,1.0,22d8f6cc110c829668475e1cdfa4dbc59828ca3b01000ca62d766f5566397dfa,8e88f14bdfbe59f41cfd953bfe7536bcefa1de2fdaa8a3af4c27c6c0271c7f5a,557,343,0.615799,warning,json_repaired_loose_rewritten_text;length_hard_warning,json_repaired_loose_rewritten_text,2026-06-03T10:54:18Z
groq_llama_3_3_70b_free|run_1|POE_WORKS_VOLUME_1_011|paraphrase,groq_llama_3_3_70b_free,groq,Groq Llama 3.3 70B free-tier run,llama-3.3-70b-versatile,llama-3.3-70b-versatile,run_1,POE_WORKS_VOLUME_1_011,paraphrase,"My initial attempt was to break down the sentence into its natural components, as intended by the person who created the cryptogram. 'You mean, to add punctuation?' I was asked. 'Something similar,' I replied. 'But how did you manage to do this?' The person inquired. I explained that the writer had intentionally omitted divisions to make the solution more challenging. However, I suspected that the writer, in trying to achieve this goal, would likely overdo it. When the writer reached a point in the text where a pause or punctuation mark would normally be required, they would probably place the characters closer together than usual. Upon examining the manuscript, I noticed five instances where the characters were more densely packed than elsewhere. Using this observation, I divided the text as follows: 'A good glass in the Bishop's hostel in the Devil's seat—forty-one degrees and thirteen minutes—northeast and by north—main branch seventh limb east side—shoot from the left eye of the death's-head—a bee-line from the tree through the shot fifty feet out.' 'Even with this division, I'm still unsure what it means,' I said. 'It also left me uncertain for a few days,' Legrand replied. During that time, he conducted a thorough search in the vicinity of Sullivan's Island for any building known as the 'Bishop's Hotel,' dropping the outdated term 'hostel.' When his inquiries yielded no results, he was about to expand his search area and adopt a more systematic approach. However, one morning, it suddenly occurred to him that the 'Bishop's Hostel' might be connected to an old family named Bessop, who had long owned an ancient manor house about four miles north of the island. Legrand visited the plantation and resumed his inquiries among the older African American residents. Eventually, one of the elderly women mentioned a place called Bessop's Castle and offered to guide him to it, though she noted it was not a castle or tavern, but rather a tall rock. Legrand offered to compensate her for her trouble, and after some hesitation, she agreed to accompany him to the location. They found it without much difficulty, and after dismissing her, Legrand examined the site. The 'castle' consisted of a collection of cliffs and rocks, one of which stood out due to its height and distinctive, artificial appearance. He climbed to the top and felt uncertain about what to do next. As he pondered, his gaze fell upon a narrow ledge on the eastern face of the rock, about a yard below the summit where he stood. The ledge protruded about eighteen inches and was no more than a foot wide, with a niche above it that gave it a rough resemblance to an old, hollow-backed chair. Legrand was convinced that this was the 'devil's seat' mentioned in the manuscript.",0.2,1.0,806f21d59c402f0de11e509e9a70aed6e35703b4bee5ac39476d3fa63b13fa3d,8b06f09ef265bc53821b15262c76bef31465b785a2945a2f6ae4f8e7e39ae790,552,470,0.851449,pass,,json_ok,2026-06-03T11:08:41Z
groq_llama_3_3_70b_free|run_1|POE_WORKS_VOLUME_1_011|modernize,groq_llama_3_3_70b_free,groq,Groq Llama 3.3 70B free-tier run,llama-3.3-70b-versatile,llama-3.3-70b-versatile,run_1,POE_WORKS_VOLUME_1_011,modernize,"My first task was to break down the sentence into its natural divisions, as intended by the person who created the cryptogram. You mean, to add punctuation, I was asked. Something like that, I replied. But how was it possible to do this, I was asked. I thought that the writer had intentionally run their words together without breaks to make the solution more difficult. A person who is not extremely perceptive, trying to achieve this goal, would likely overdo it. When they reached a point in their writing where they would normally need to pause or add a punctuation mark, they would probably write their characters more closely together than usual. If you look at the manuscript, you can easily spot five instances where the characters are more crowded than usual. Using this clue, I divided the text as follows: 'A good glass in the Bishop's hostel in the Devil's seat—forty-one degrees and thirteen minutes—northeast and by north—main branch seventh limb east side—shoot from the left eye of the death's-head—a bee-line from the tree through the shot fifty feet out.' Even with this division, I said, I'm still confused. It left me in the dark too, Legrand replied, for a few days. During that time, I asked around the neighborhood of Sullivan's Island for any building called the 'Bishop's Hotel,' since I had dropped the outdated term 'hostel.' When I didn't find any information, I was about to expand my search area and start a more systematic search, but then it suddenly occurred to me that the 'Bishop's Hostel' might be related to an old family named Bessop, who had owned an ancient mansion about four miles north of the island for as long as anyone could remember. I went to the plantation and started asking the older African Americans who lived there if they knew anything. Eventually, one of the oldest women told me she had heard of a place called Bessop's Castle and thought she could take me there, but warned me it wasn't a castle or a tavern, just a tall rock. I offered to pay her well for her trouble, and after some hesitation, she agreed to come with me to the spot. We found it without too much trouble, and after I let her go, I began to examine the area. The 'castle' was a collection of cliffs and rocks, one of which stood out for its height and unusual, almost man-made appearance. I climbed to the top and felt unsure about what to do next. As I was thinking, I noticed a narrow ledge on the eastern face of the rock, about a yard below where I was standing. The ledge stuck out about eighteen inches and was only about a foot wide, with a small indentation in the cliff above it that made it look like one of those old chairs with a hollow back. I was certain that this was the 'devil's seat' mentioned in the manuscript.",0.2,1.0,806f21d59c402f0de11e509e9a70aed6e35703b4bee5ac39476d3fa63b13fa3d,eb3178158965ab43bbb9f2e4c2f4a905bf8a2d4d94c1ade4cee301d0c7ef7233,552,502,0.90942,pass,,json_ok,2026-06-03T11:35:47Z
groq_llama_3_3_70b_free|run_1|POE_WORKS_VOLUME_1_011|simplify,groq_llama_3_3_70b_free,groq,Groq Llama 3.3 70B free-tier run,llama-3.3-70b-versatile,llama-3.3-70b-versatile,run_1,POE_WORKS_VOLUME_1_011,simplify,"My first goal was to break up the sentence into its natural parts, as the person who wrote the code intended. 'You mean, to add punctuation?' I asked. 'Something like that,' he replied. 'But how did you do it?' I asked. He thought that the writer had tried to make the code harder to solve by running the words together. However, he believed that the writer might have overdone it. When the writer got to a point where he would normally pause or add a punctuation mark, he might have written the characters closer together. If you look at the manuscript, you can see five places where the characters are more crowded than usual. Using this clue, I divided the sentence into parts: 'A good glass in the Bishop's hostel in the Devil's seat—forty-one degrees and thirteen minutes—northeast and by north—main branch seventh limb east side—shoot from the left eye of the death's-head—a bee-line from the tree through the shot fifty feet out.' 'Even with this division, I'm still confused,' I said. 'I was too, for a few days,' Legrand replied. 'I asked around Sullivan's Island for a building called the Bishop's Hotel, but I couldn't find any information. I was about to look farther when I thought that the 'Bishop's Hostel' might be related to an old family named Bessop, who had lived in a manor house about four miles north of the island. I went to the plantation and asked the older slaves if they knew anything about it. One of the oldest women said she had heard of a place called Bessop's Castle and could take me there, but it wasn't a castle or a tavern, just a high rock. I paid her to take me to the spot, and when we found it, I sent her away and started to explore. The 'castle' was a group of cliffs and rocks, one of which was very tall and stood out because it looked like it had been shaped by people. I climbed to the top and felt unsure of what to do next. While I was thinking, I saw a narrow ledge on the eastern face of the rock, about a yard below where I was standing. The ledge was only about a foot wide and stuck out about eighteen inches. There was a small hole in the cliff above it that made it look like an old chair. I was sure that this was the 'devil's seat' mentioned in the code.",0.2,1.0,806f21d59c402f0de11e509e9a70aed6e35703b4bee5ac39476d3fa63b13fa3d,167a5792d44bd07e5e700641b386649148efdaeebf957b0cf88fede9c950856e,552,421,0.762681,warning,length_hard_warning,json_ok,2026-06-03T11:46:12Z
groq_llama_3_3_70b_free|run_1|POE_WORKS_VOLUME_1_012|paraphrase,groq_llama_3_3_70b_free,groq,Groq Llama 3.3 70B free-tier run,llama-3.3-70b-versatile,llama-3.3-70b-versatile,run_1,POE_WORKS_VOLUME_1_012,paraphrase,"I apologize, for I had forgotten that it will be a long time before Shakespeare's works are widely known. However, doesn't the appearance of Epidaphne justify my description of it as grotesque? 'The city is well fortified, and its defenses owe as much to nature as to human design.' This is indeed true. 'There are many grand palaces here.' Yes, that is the case. 'And the numerous temples, with their lavish decorations, can compare to the most famous ones of ancient times.' I must admit, all of this is true. Nevertheless, there are countless humble huts and wretched shacks. We cannot help but notice the abundance of filth in every gutter, and if it weren't for the overpowering scent of incense, I have no doubt we would be overwhelmed by a terrible stench. Have you ever seen streets as narrow and unbearable as these, or houses as remarkably tall? The shadows they cast on the ground are gloomy. Fortunately, the lamps in the endless colonnades are kept lit throughout the day, or we would be surrounded by darkness. 'This is certainly a strange place. What is the purpose of that unusual building? See, it towers above all the others and is located to the east of what appears to be the royal palace.' That is the new Temple of the Sun, worshipped in Syria under the name Elah Gabalah. In the future, a notorious Roman Emperor will adopt this worship in Rome and take the name Heliogabalus. I'm sure you would like to catch a glimpse of the deity of the temple. You don't need to look up at the sky, for the Sun god is not there - at least, not the one worshipped by the Syrians. The deity can be found inside that building, represented as a large stone pillar ending in a cone or pyramid, symbolizing Fire. 'Listen, look - who are those ridiculous creatures, half-naked and with painted faces, shouting and gesturing to the crowd?' Some of them are charlatans, while others are philosophers. However, most of them, especially those beating the crowd with clubs, are the king's chief courtiers, performing some comedic routine as part of their duties. 'But what's this? The town is swarming with wild animals. What a terrifying sight, and how dangerous.' It may seem terrifying, but it's not dangerous at all. If you observe closely, each animal is quietly following its master. Some are led with a rope around their neck, but these are mostly the smaller or more timid species. The lion, tiger, and leopard are completely unrestrained. They have been easily trained for their current role and attend to their owners like personal valets. It's true that sometimes nature reasserts itself, but when that happens, the consequences are of little significance in Epidaphne. 'But what's that extraordinary commotion I hear? It's a loud noise, even for Antioch. It must be something of great interest.'",0.2,1.0,0bb47281116bddcc40487a3f4960c3d58c7faafd702b936d03e2369534b315b6,8d04bfb127fb9d8fa29d0a7b512d56da7b7fdd2cb516c4eb8213481377ff0931,553,483,0.873418,pass,,json_ok,2026-06-03T12:00:57Z
groq_llama_3_3_70b_free|run_1|POE_WORKS_VOLUME_1_012|modernize,groq_llama_3_3_70b_free,groq,Groq Llama 3.3 70B free-tier run,llama-3.3-70b-versatile,llama-3.3-70b-versatile,run_1,POE_WORKS_VOLUME_1_012,modernize,"I apologize, I had forgotten that Shakespeare won't be widely recognized for another 1,750 years. But doesn't the appearance of Epidaphne justify my description of it as grotesque? 'It's well fortified, and in this respect, it owes as much to nature as to human design.' That's true. 'There are a huge number of impressive palaces.' Indeed, there are. 'And the many temples, which are lavish and magnificent, can be compared to the most renowned ones from ancient times.' I have to admit all this. Still, there's an endless number of mud huts and appalling shacks. We can't help but notice the abundance of filth in every gutter, and if it weren't for the overwhelming smell of incense, I have no doubt we'd find the stench unbearable. Have you ever seen streets so narrow and unbearable, or houses so incredibly tall? The shadows they cast on the ground are gloomy. It's a good thing the hanging lamps in those endless colonnades are kept lit throughout the day; otherwise, we'd have darkness like Egypt during its darkest period. 'This is certainly a strange place. What's the meaning of that unusual building? See, it towers above all others and is located to the east of what I assume is the royal palace.' That's the new Temple of the Sun, who is worshipped in Syria under the name Elah Gabalah. Later, a notorious Roman Emperor will adopt this worship in Rome and take the name Heliogabalus. I'm sure you'd like to take a look at the deity of the temple. You don't need to look up at the sky; the Sun god isn't there - at least, not the one the Syrians worship. That deity is found inside the building, represented by a large stone pillar that ends in a cone or pyramid, symbolizing fire. 'Listen, look - who are those ridiculous people, half-naked, with their faces painted, shouting and gesturing to the crowd?' Some of them are street performers. Others are philosophers. But most of them, especially those hitting the crowd with clubs, are the king's main courtiers, doing their job by performing some comedic routine ordered by the king. 'But what's this? The town is swarming with wild animals. What a terrifying sight - what a dangerous situation.' It's terrifying, if you want to think so, but not dangerous at all. If you take a closer look, you'll see that each animal is quietly following its owner. Some are led with a rope around their neck, but these are mostly the smaller or more timid species. The lion, tiger, and leopard are completely unrestrained. They've been easily trained for their current role and attend to their owners like personal assistants. It's true that sometimes nature takes over, but when that happens, the killing of a soldier or the choking of a sacred bull is hardly worth mentioning in Epidaphne. 'But what's that extraordinary commotion I hear? This is a loud noise even for Antioch. It must be something of unusual interest.'",0.2,1.0,0bb47281116bddcc40487a3f4960c3d58c7faafd702b936d03e2369534b315b6,b4137aea97794a56e98e0ed49b835ab0218f11b4ba01fc60ad4e37dc81fa84dd,553,497,0.898734,pass,,json_ok,2026-06-03T12:41:28Z
groq_llama_3_3_70b_free|run_1|POE_WORKS_VOLUME_1_012|simplify,groq_llama_3_3_70b_free,groq,Groq Llama 3.3 70B free-tier run,llama-3.3-70b-versatile,llama-3.3-70b-versatile,run_1,POE_WORKS_VOLUME_1_012,simplify,"I apologize, I had forgotten that Shakespeare won't be popular for another 1,750 years. But doesn't the appearance of Epidaphne justify calling it strange? 'It's well fortified, and owes its strength to both nature and human design.' That's true. 'There are many grand palaces.' Yes, there are. 'And the temples are impressive, comparable to the most famous ones from ancient times.' I agree with that. However, there are also many small, dirty huts and terrible living conditions. We can't help but notice the filth and trash in the streets, and if it weren't for the strong smell of incense, it would be even more unbearable. Have you ever seen streets as narrow as these, or houses as tall? The shadows they cast are so dark. It's a good thing the lamps in the colonnades are kept lit during the day, or it would be like the darkness of Egypt during its worst times. 'This is a strange place! What's the meaning of that unusual building? See, it's taller than all the others and is to the east of what I think is the royal palace.' That's the new Temple of the Sun, who is worshipped in Syria as Elah Gabalah. Later, a famous Roman Emperor will adopt this worship in Rome and take the name Heliogabalus. You might want to see the deity of the temple. You don't need to look up at the sky; the Sun god is inside the building. It's represented as a large stone pillar that ends in a cone shape, symbolizing fire. 'Listen, look! Who are those ridiculous people, half-naked and painted, shouting and gesturing to the crowd?' Some are entertainers, while others are philosophers. Most of them, though, are the king's main courtiers, doing some comedic performance as part of their duties. 'But what's this? The town is full of wild animals! How terrifying! How dangerous!' It's frightening, but not really dangerous. If you look closely, each animal is following its owner quietly. Some are led with ropes, but these are mostly the smaller or more timid animals. The lions, tigers, and leopards are not restrained at all. They've been easily trained to serve their owners like personal attendants. It's true that sometimes nature takes over, and an animal might attack a person or a sacred bull, but such incidents are rare and not worth mentioning in Epidaphne. 'But what's that loud noise? It's even louder than usual for Antioch! It must be something important.'",0.2,1.0,0bb47281116bddcc40487a3f4960c3d58c7faafd702b936d03e2369534b315b6,b78a882391cf8e83c64b836da4c02a751ceefee9deffcafa877071a8413476f3,553,412,0.745027,warning,length_hard_warning,json_ok,2026-06-03T12:41:38Z
groq_llama_3_3_70b_free|run_1|POE_WORKS_VOLUME_1_013|paraphrase,groq_llama_3_3_70b_free,groq,Groq Llama 3.3 70B free-tier run,llama-3.3-70b-versatile,llama-3.3-70b-versatile,run_1,POE_WORKS_VOLUME_1_013,paraphrase,"Footnotes—Four Beasts. According to Flavius Vospicus, a hymn was sung by the common people when Aurelian, during the Sarmatic war, personally killed nine hundred and fifty enemies. The mental attributes associated with analysis are, by their very nature, difficult to break down. However, we can observe their effects and note that they bring immense enjoyment to those who possess them in abundance. Just as a strong individual takes pleasure in physical activities that utilize their muscles, an analyst delights in the mental exercise of unraveling complexities. They find joy in solving enigmas, conundrums, and hieroglyphics, often demonstrating an extraordinary level of astuteness in their solutions. The ability to resolve complex problems may be strengthened by mathematical studies, particularly the branch known as analysis, although calculation and analysis are not the same thing. For instance, a chess player can calculate moves without analyzing them. Consequently, the impact of chess on mental character is often misunderstood. I am not writing a formal treatise, but rather introducing a unique narrative with some random observations. In this context, I would like to argue that the game of draughts, despite its simplicity, is more effective at engaging the higher powers of the reflective intellect than the complex game of chess. In chess, the diverse and intricate movements of the pieces can lead to confusion between complexity and profundity. The game demands intense attention, and even a brief lapse in focus can result in mistakes and defeat. In contrast, the game of draughts, with its straightforward and consistent movements, reduces the likelihood of oversights and allows the player with superior intellectual acuity to gain an advantage. To illustrate this point, consider a game of draughts with only four kings, where the outcome depends solely on the players' intellectual abilities. In such a scenario, the analyst must immerse themselves in their opponent's mindset and often discovers, through a burst of intellectual effort, the subtle strategies that can lead to victory. By doing so, they may uncover surprisingly simple yet effective methods to outmaneuver their opponent.",0.2,1.0,b58d1362ca8e17140c51ec1210139bc9b1b6a3af68267b4ecd305ffffc20188f,2e2adde34e7c09f318c2f63dba40c3e071dc5fa39fcc14976f6bdb5a92b60631,572,339,0.592657,warning,length_hard_warning,json_ok,2026-06-03T13:05:11Z
groq_llama_3_3_70b_free|run_1|POE_WORKS_VOLUME_1_013|modernize,groq_llama_3_3_70b_free,groq,Groq Llama 3.3 70B free-tier run,llama-3.3-70b-versatile,llama-3.3-70b-versatile,run_1,POE_WORKS_VOLUME_1_013,modernize,"Footnotes—Four Beasts. According to Flavius Vospicus, the hymn mentioned here was sung by the crowd when Aurelian, during the Sarmatic war, personally killed 950 enemy soldiers. The Murders in the Rue Morgue. The question of what song the Sirens sang or what name Achilles used when he disguised himself as a woman may be puzzling, but it's not impossible to speculate about. As Sir Thomas Browne said, the mental traits associated with analysis are hard to break down themselves, but we can see their effects. When someone has these traits in excess, they bring immense enjoyment to that person. Just as a strong person takes pride in their physical abilities and enjoys activities that challenge them, an analytical person takes pride in their mental abilities and delights in activities that require critical thinking. They enjoy solving puzzles, riddles, and cryptic messages, and their solutions often seem incredibly insightful to others. Their results, achieved through a systematic approach, can appear almost intuitive. The ability to analyze and solve problems may be strengthened by studying mathematics, particularly the branch known as analysis, which has been unfairly labeled as such due to its method of working backward. However, calculating something is not the same as analyzing it. For example, a chess player can make calculations without analyzing the game. This is why the impact of chess on mental character is often misunderstood. I'm not writing a formal essay, but rather introducing a unique story with some random observations. I'd like to point out that the game of checkers, which is often overlooked, can be more effective at exercising the reflective intellect than the more complex game of chess. In chess, the pieces have unique and complex movements, which can make the game seem deeper than it is. The game requires intense focus, and if a player's attention wavers, they can make a mistake and lose. The many possible moves in chess increase the chances of errors, and in most cases, it's the player who can focus more intensely, rather than the one with the most analytical mind, who wins. In contrast, checkers has simpler movements with less variation, reducing the likelihood of mistakes. With less need for intense focus, the advantages gained by either player are more likely to come from superior analytical skills. To illustrate this, let's consider a game of checkers with only four kings on the board, where no mistakes are expected. It's clear that the winner will be decided by a clever move, the result of a strong mental effort. Without relying on usual tactics, the analytical player must put themselves in their opponent's mindset and often discovers, at a glance, the only ways to outmaneuver them, sometimes using surprisingly simple methods.",0.2,1.0,b58d1362ca8e17140c51ec1210139bc9b1b6a3af68267b4ecd305ffffc20188f,af9ffee99e02bf2bf08ab03baa0d8ee78ee061bafd7b1fc347990fcff38edd7d,572,454,0.793706,warning,length_hard_warning,json_ok,2026-06-03T13:55:39Z
groq_llama_3_3_70b_free|run_1|POE_WORKS_VOLUME_1_013|simplify,groq_llama_3_3_70b_free,groq,Groq Llama 3.3 70B free-tier run,llama-3.3-70b-versatile,llama-3.3-70b-versatile,run_1,POE_WORKS_VOLUME_1_013,simplify,"The mental abilities that make someone good at analyzing things are hard to understand. We can see how they work, but it's difficult to explain them. People who are good at analyzing things enjoy using their skills, just like strong people enjoy exercising. They like solving puzzles and brain teasers, and they're good at figuring out tricky problems. They can even make it look like they have a special intuition that helps them solve things. Studying math can help improve these skills, especially the kind of math that involves breaking down complex problems into simpler ones. However, just because someone is good at math doesn't mean they're good at analyzing things. For example, a chess player might be able to make moves without really thinking about the strategy behind them. The game of chess is often misunderstood, and people think it's more complicated than it really is. In fact, the game of checkers is actually better at challenging the mind than chess. In chess, the pieces move in different ways, and it's easy to get confused. If you're not paying attention, you can make a mistake and lose. But in checkers, the moves are simpler, and it's harder to make mistakes. This means that the person who wins is usually the one who is more careful and thoughtful. To make this clearer, let's think about a game of checkers where there are only four pieces left. In this case, the only way to win is to come up with a clever move that the other person isn't expecting. The person who is good at analyzing things can put themselves in their opponent's shoes and figure out the best way to win. Sometimes, the solution is actually quite simple, but it takes a careful and thoughtful person to see it.",0.2,1.0,b58d1362ca8e17140c51ec1210139bc9b1b6a3af68267b4ecd305ffffc20188f,d173a064b541f3825a302769d5de25e3e49cff4de4949d1dd278bc4cac09d83b,572,299,0.522727,warning,length_hard_warning,json_ok,2026-06-03T13:55:48Z
groq_llama_3_3_70b_free|run_1|POE_WORKS_VOLUME_1_014|paraphrase,groq_llama_3_3_70b_free,groq,Groq Llama 3.3 70B free-tier run,llama-3.3-70b-versatile,llama-3.3-70b-versatile,run_1,POE_WORKS_VOLUME_1_014,paraphrase,"The mystery of the tragedy remains unsolved, with no leads to speak of. The following day's newspaper provided additional details. The article, titled 'The Tragedy in the Rue Morgue,' stated that numerous individuals had been questioned in connection with the horrific event, but nothing had come to light to shed any understanding on the matter. The paper published the key testimony that had been gathered. Pauline Dubourg, a laundress, testified that she had known the two victims for three years, during which time she had done their laundry. She described the mother and daughter as being on good terms, very affectionate towards each other, and always paying their bills promptly. However, she could not comment on their lifestyle or means of support. It was rumored that Madame L. made a living by telling fortunes, and she was believed to have saved some money. Whenever Pauline visited the house to collect or deliver laundry, she never met anyone else there, and she was certain that the women did not employ any servants. The house seemed to be largely unfurnished, except for the fourth floor. Pierre Moreau, a tobacconist, stated that he had been selling tobacco and snuff to Madame L'Espanaye for nearly four years. He had lived in the neighborhood all his life and confirmed that the deceased women had occupied the house for over six years. The house had previously been rented to a jeweler, who had sublet the upper floors to various tenants. Madame L. had eventually moved into the house herself, refusing to rent it out, due to the previous tenant's misuse of the property. Pierre described the old lady as childish and said that he had seen the daughter only a few times over the course of six years. The two women led a very secluded life and were believed to have some wealth. There were rumors among the neighbors that Madame L. told fortunes, but Pierre did not believe it. He had never seen anyone else enter the house, except for the mother and daughter, a porter on occasion, and a doctor about eight or ten times. Several other neighbors testified to the same effect, with no one mentioning any frequent visitors to the house. It was not known if Madame L. and her daughter had any living relatives. The shutters on the front windows were rarely opened, while those at the back were always closed, except for the large room on the fourth floor. The house itself was a good, relatively new building. Isidore Musèt, a gendarme, testified that he was called to the house around three in the morning and found a crowd of twenty or thirty people trying to get in. He eventually forced the gate open with a bayonet, as it was a double gate that was not bolted at the top or bottom. The screams continued until the gate was opened, and then stopped abruptly. The cries seemed to be from someone in extreme agony, loud and prolonged, rather than short and sharp. Isidore led the way upstairs, and upon reaching the first landing, he heard two voices arguing loudly and angrily - one a deep, gruff voice, and the other a much higher, stranger voice.",0.2,1.0,0c807985b5c87c612d250e8f74b404cff2d11dc259be846524c40c3215639b06,2cec8e06ab8a7c27b012645ce7caa13d0d7b6194e29742e28cefad6ea37631bb,570,534,0.936842,warning,prompt_or_source_leakage_warning,json_ok,2026-06-03T14:11:03Z
groq_llama_3_3_70b_free|run_1|POE_WORKS_VOLUME_1_014|modernize,groq_llama_3_3_70b_free,groq,Groq Llama 3.3 70B free-tier run,llama-3.3-70b-versatile,llama-3.3-70b-versatile,run_1,POE_WORKS_VOLUME_1_014,modernize,"To this horrific mystery, there is still no lead. The next day's newspaper provided more details. 'The Tragedy in the Rue Morgue' - Many individuals have been questioned about this extremely unusual and frightening incident, but nothing has come to light to explain it. We've included below all the relevant testimony that was gathered. Pauline Dubourg, a laundress, testified that she had known the two victims for three years, having done their laundry during that time. The older woman and her daughter seemed to get along well and were very affectionate towards each other. They were good clients and always paid on time. However, she couldn't say much about their lifestyle or how they supported themselves. She believed that Madame L. made a living by telling fortunes and was thought to have some money saved up. Whenever she went to the house to pick up or drop off laundry, she never met anyone else there. She was certain that they didn't have any servants. It seemed that the only furnished part of the building was the fourth floor. Pierre Moreau, a tobacconist, testified that he had been selling small amounts of tobacco and snuff to Madame L'Espanaye for almost four years. He was born and raised in the neighborhood and had always lived there. The victims had lived in the house where the bodies were found for over six years. Previously, the house had been occupied by a jeweler who rented out the upper floors to various people. Madame L. owned the house and had moved in herself after becoming dissatisfied with the way her tenant was treating the property. She refused to rent out any part of it. The older woman was a bit childish. The witness had seen the daughter five or six times over the course of six years. The two women lived a very secluded life and were thought to have some money. There were rumors among the neighbors that Madame L. told fortunes, but he didn't believe it. He had never seen anyone else enter the house except for the two women, a porter on occasion, and a doctor about eight or ten times. Many other neighbors testified to the same effect, and no one was mentioned as a frequent visitor to the house. It was not known if Madame L. and her daughter had any living relatives. The shutters on the front windows were rarely opened, and the ones in the back were always closed, except for the large room on the fourth floor. The house was a good, relatively new building. Isidore Musèt, a police officer, testified that he was called to the house around 3 am and found about 20 or 30 people trying to get in at the gate. He eventually forced the gate open with a bayonet, and the screaming stopped immediately. The screams sounded like they were from someone in extreme agony - they were loud and prolonged, not short and sharp. The witness led the way upstairs, and when they reached the first landing, he heard two voices arguing loudly - one was a deep, rough voice, and the other was much higher and stranger.",0.2,1.0,0c807985b5c87c612d250e8f74b404cff2d11dc259be846524c40c3215639b06,88ae7483f5a64ea01695d513581ea092e741497bdf7bf644e976671c3372d1f6,570,524,0.919298,pass,,json_ok,2026-06-04T08:23:13Z
groq_llama_3_3_70b_free|run_1|POE_WORKS_VOLUME_1_014|simplify,groq_llama_3_3_70b_free,groq,Groq Llama 3.3 70B free-tier run,llama-3.3-70b-versatile,llama-3.3-70b-versatile,run_1,POE_WORKS_VOLUME_1_014,simplify,"The mystery of the tragedy in the Rue Morgue remains unsolved. The next day, the newspaper reported that many people had been questioned, but no one had any information that could help explain what happened. The paper printed the important parts of what the witnesses said. Pauline Dubourg, a laundress, had known the two women who were killed for three years. She did their laundry and said they seemed to get along well and were kind to each other. They always paid on time, but she didn't know much about their lives. She thought the older woman might have told fortunes to make money, and people believed she had saved some money. When Pauline went to the house to pick up or drop off laundry, she never met anyone else there, and she was sure they didn't have any servants. The house seemed empty except for the top floor. Pierre Moreau, a tobacconist, had sold tobacco and snuff to the older woman for almost four years. He had lived in the neighborhood his whole life and said the two women had lived in the house for more than six years. They had moved in after the previous tenant, a jeweler, had misused the property. The older woman was a bit childish, and Pierre had seen the daughter only a few times. They kept to themselves and were thought to have some money. Some people believed the older woman told fortunes, but Pierre didn't think so. He had never seen anyone else enter the house except the two women, a porter, and a doctor a few times. Many other neighbors said similar things, and no one knew of any relatives of the two women. The windows at the front of the house were rarely opened, and the ones in the back were always closed, except for one room on the top floor. The house was in good condition and not very old. Isidore Musèt, a police officer, said he was called to the house around 3 am and found a crowd of people trying to get in. He forced the gate open with a bayonet and led the way upstairs. On the first landing, he heard two voices arguing loudly - one was deep and rough, and the other was high-pitched and strange.",0.2,1.0,0c807985b5c87c612d250e8f74b404cff2d11dc259be846524c40c3215639b06,7f36636d47c59add0a607e93f2749835da933b27c6c80e43745208747a409bfb,570,381,0.668421,warning,length_hard_warning,json_ok,2026-06-04T08:23:23Z
groq_llama_3_3_70b_free|run_1|POE_WORKS_VOLUME_1_015|paraphrase,groq_llama_3_3_70b_free,groq,Groq Llama 3.3 70B free-tier run,llama-3.3-70b-versatile,llama-3.3-70b-versatile,run_1,POE_WORKS_VOLUME_1_015,paraphrase,"The murders in Paris had everyone baffled, and I couldn't see how the killer could be caught. Dupin, however, cautioned against judging the investigation based on its surface level. He believed the Parisian police, despite their reputation for cleverness, often relied on cunning rather than methodical reasoning. Their approach was haphazard, with a focus on short-term gains rather than long-term strategy. While they sometimes achieved surprising results, these were often due to diligence and energy rather than careful planning. When these qualities were insufficient, their plans failed. Vidocq, for example, was a skilled guesser and a persistent individual, but his lack of educated thought led him to make mistakes. He became so focused on the details that he lost sight of the bigger picture. This, Dupin argued, was a common error - being too intense in one's pursuit of knowledge. Truth, he claimed, is often superficial, and the most important knowledge can be found in the broader landscape, rather than in the depths of intense scrutiny. To illustrate this point, Dupin used the example of observing the stars. By glancing at a star indirectly, one can see it more clearly than by staring directly at it. This, he suggested, is because the peripheral vision is more sensitive to faint light. Similarly, in investigation, a more refined and nuanced approach can be more effective than a direct and intense one. Dupin proposed that they conduct their own investigation into the murders, rather than relying on the official inquiry. He suggested that this would not only provide amusement but also allow them to form their own opinion. As he had a personal connection with the Prefect of Police, G——, he was able to obtain the necessary permission to visit the crime scene. They made their way to the Rue Morgue, a dismal street located between the Rue Richelieu and the Rue St. Roch. It was late in the afternoon when they arrived, and the house was easy to find due to the crowd of onlookers gathered across the street, staring at the closed shutters with a mixture of curiosity and morbid fascination.",0.2,1.0,014483b21763c8be0b590ba5314f1b8bcd6f2bee80508e99e5669e213c99bece,0531478c5a07892e18b87b592df84a6d6e259c2f3895162ae2bff5673c2980ed,552,349,0.632246,warning,length_hard_warning,json_ok,2026-06-04T08:23:33Z
groq_llama_3_3_70b_free|run_1|POE_WORKS_VOLUME_1_015|modernize,groq_llama_3_3_70b_free,groq,Groq Llama 3.3 70B free-tier run,llama-3.3-70b-versatile,llama-3.3-70b-versatile,run_1,POE_WORKS_VOLUME_1_015,modernize,"I had to agree with the rest of Paris that the murders were a complete enigma. I couldn't see any way to track down the killer. 'We shouldn't judge the investigation based on what we've seen so far,' Dupin said. 'The Paris police, who are often praised for their sharp instincts, are clever but that's about it. They don't have a systematic approach, just a lot of flashy tactics that often don't achieve their goals. They make a big show of their efforts, but these efforts are often poorly planned and remind me of someone trying to listen to music more clearly by putting on a robe. Sometimes they get surprising results, but most of the time it's just because they're diligent and active. When that's not enough, their plans fall apart. Vidocq, for example, was good at making educated guesses and persisted in his investigations, but he didn't have a thoughtful approach and often made mistakes because he was too focused on the details. He was so close to the object of his investigation that he lost sight of the bigger picture. There's such a thing as being too obsessed with finding the truth. Truth isn't always hidden; in fact, when it comes to the most important things, I think it's usually right on the surface. The problem is that we often look for it in the wrong places. This kind of mistake is similar to what happens when we try to study the stars. If we glance at a star out of the corner of our eye, we can see it clearly, but if we stare directly at it, it becomes dimmer. This is because our eyes are more sensitive to light when we're not looking directly at something. By being too intense in our pursuit of knowledge, we can actually confuse and weaken our thinking. It's possible to make even the brightest star disappear by staring at it too long. 'As for these murders, let's do some investigating of our own before we form an opinion. It'll be an interesting challenge,' Dupin said. I thought it was an odd way to describe it, but I didn't say anything. 'Besides, Le Bon once did me a favor, and I'm grateful. We'll go check out the scene and see what we can find. I know the Police Prefect, G——, and I'm sure he'll let us take a look.' We got the necessary permission and headed to the Rue Morgue. The street is one of those run-down alleys between the Rue Richelieu and the Rue St. Roch. We arrived late in the afternoon, since it's a long way from where we live. The house was easy to find, since there were still a lot of people standing across the street, staring up at the closed shutters out of curiosity.",0.2,1.0,014483b21763c8be0b590ba5314f1b8bcd6f2bee80508e99e5669e213c99bece,28860d5944649b398c53843979828bc7f6dda69cd8f8bfd9cb65e602e234dd54,552,469,0.849638,warning,length_soft_warning,json_ok,2026-06-04T08:23:44Z
groq_llama_3_3_70b_free|run_1|POE_WORKS_VOLUME_1_015|simplify,groq_llama_3_3_70b_free,groq,Groq Llama 3.3 70B free-tier run,llama-3.3-70b-versatile,llama-3.3-70b-versatile,run_1,POE_WORKS_VOLUME_1_015,simplify,"I agreed with the people of Paris that the murders were a mystery that couldn't be solved. I didn't see how it would be possible to find the killer. Dupin said, 'We shouldn't judge the investigation by what we see on the surface. The Paris police are clever, but they don't have a systematic approach. They make a big show of their efforts, but often these efforts are not well thought out and don't achieve their goals. Sometimes they get surprising results, but this is usually due to their hard work and activity rather than any clever strategy. When these qualities aren't enough, their plans fail. For example, Vidocq was a good guesser and a persistent man, but he often made mistakes because he focused too much on the details and lost sight of the bigger picture. He was so focused on one thing that he missed the overall truth. This shows that it's possible to be too thorough in an investigation. The truth is not always hidden, but rather it's often right in front of us. I think that the most important knowledge is often the most obvious. The problem is that we often look too hard for the truth and end up missing it. This is like trying to look at a star directly - if you look at it straight on, it can be hard to see, but if you look at it out of the corner of your eye, you can see it more clearly. If we think too much about something, we can confuse ourselves and make it harder to understand. Let's look into the murders ourselves before we decide what to think about them. It will be an interesting challenge, and I also want to help Le Bon, who once did me a favor. We can go to the scene of the crime and see it for ourselves. I know the Prefect of Police, and I can get us permission to visit the house. We got the permission and went to the Rue Morgue, which is a poor street between the Rue Richelieu and the Rue St. Roch. It was late in the afternoon when we arrived, and there were still many people standing outside the house, looking up at the closed shutters with curiosity.",0.2,1.0,014483b21763c8be0b590ba5314f1b8bcd6f2bee80508e99e5669e213c99bece,009f50f623ed066750e8bcd4d9ac237f4f0997ad6451a156b681d72b2b3e1dc5,552,380,0.688406,warning,length_hard_warning,json_ok,2026-06-04T08:23:54Z
groq_llama_3_3_70b_free|run_1|POE_WORKS_VOLUME_1_016|paraphrase,groq_llama_3_3_70b_free,groq,Groq Llama 3.3 70B free-tier run,llama-3.3-70b-versatile,llama-3.3-70b-versatile,run_1,POE_WORKS_VOLUME_1_016,paraphrase,"The scent had remained constant, with no break in the chain of events. I had followed the secret to its final conclusion, which was the nail. It appeared identical to the one in the other window, but this similarity was essentially meaningless when considering that the trail ended here. 'There must be something wrong with the nail,' I thought. Upon touching it, the head and about a quarter of an inch of the shank came off in my hand. The rest of the shank was lodged in the gimlet-hole, where it had been broken off. The break was old, with rust covering the edges, and seemed to have been caused by a hammer blow that had partially embedded the head of the nail in the bottom sash. I carefully replaced the head portion in its original position, and the nail appeared whole again - the crack was no longer visible. When I pressed the spring and raised the sash a few inches, the head moved with it, remaining securely in place. After closing the window, the nail seemed perfect once more. The mystery, up to this point, was now solved. The killer had escaped through the window that overlooked the bed. As they left, the window had closed, either on its own or intentionally, and the spring had fastened it, leading the police to mistakenly believe the nail was holding it in place. The next question was how the killer had descended. During our walk around the building, I had already formed an opinion on this matter. About five and a half feet from the window in question, a lightning rod was installed. It would have been impossible for anyone to reach the window from this rod, let alone enter it. However, I noticed that the shutters on the fourth story were of a particular type known as ferrades, which are rarely used today but often found on old mansions in Lyons and Bordeaux. These shutters resemble a regular door, except the lower half is latticed, providing a good grip for the hands. In this case, the shutters were over three and a half feet wide. When we saw them from the back of the house, they were both half open, standing at right angles to the wall. It's likely that the police, like myself, examined the back of the building, but when looking at the ferrades from the side, they may not have noticed their width or failed to consider it properly. As a result, they probably gave this area only a cursory examination, having already convinced themselves that no one could have escaped this way.",0.2,1.0,71e2482c9b1110db3d6d722dbd54ac3f3d2a4abdf718bb079d79c911dacd5fb4,78f87ac4c4cc17c30e9c2ac9833b4958e441b4ec58b045a6a6c007d59a4a4c48,552,436,0.789855,warning,length_hard_warning,json_ok,2026-06-04T08:24:04Z
groq_llama_3_3_70b_free|run_1|POE_WORKS_VOLUME_1_016|modernize,groq_llama_3_3_70b_free,groq,Groq Llama 3.3 70B free-tier run,llama-3.3-70b-versatile,llama-3.3-70b-versatile,run_1,POE_WORKS_VOLUME_1_016,modernize,"The scent had never been lost for even a moment. There was no flaw in any link of the chain. I had traced the secret to its ultimate result, and that result was the nail. It had, I say, in every respect, the appearance of its fellow in the other window, but this fact was essentially meaningless when compared with the consideration that here, at this point, the trail ended. 'There must be something wrong about the nail,' I said. I touched it, and the head, with about a quarter of an inch of the shank, came off in my fingers. The rest of the shank was in the gimlet-hole where it had been broken off. The fracture was an old one, as its edges were covered in rust, and had apparently been caused by the blow of a hammer, which had partially embedded the head portion of the nail in the top of the bottom sash. I now carefully replaced this head portion in the indentation whence I had taken it, and the resemblance to a perfect nail was complete - the fissure was invisible. Pressing the spring, I gently raised the sash for a few inches; the head went up with it, remaining firm in its bed. I closed the window, and the appearance of the whole nail was again perfect. The mystery, so far, was now solved. The assassin had escaped through the window that looked upon the bed. Dropping of its own accord upon his exit, or perhaps purposely closed, it had become fastened by the spring; and it was the retention of this spring that had been mistaken by the police for that of the nail, making further inquiry seem unnecessary. The next question is that of the mode of descent. Upon this point, I had been satisfied during my walk with you around the building. About five and a half feet from the casement in question, there runs a lightning rod. From this rod, it would have been impossible for anyone to reach the window itself, let alone enter it. I observed, however, that the shutters of the fourth story were of a peculiar kind called ferrades by Parisian carpenters - a kind rarely used today, but often seen on very old mansions in Lyons and Bordeaux. They are in the form of an ordinary door, except that the lower half is latticed or worked in open trellis, thus providing an excellent hold for the hands. In the present instance, these shutters are fully three and a half feet broad. When we saw them from the rear of the house, they were both about half open - that is to say, they stood off at right angles from the wall. It is likely that the police, as well as myself, examined the back of the tenement, but if so, in looking at these ferrades in the line of their breadth, they did not notice this great breadth itself, or at all events, failed to take it into due consideration. In fact, having once satisfied themselves that no escape could have been made in this quarter, they would naturally give it a very cursory examination.",0.2,1.0,71e2482c9b1110db3d6d722dbd54ac3f3d2a4abdf718bb079d79c911dacd5fb4,8c8b646462fba4cd04539bc6b320eebb2f030d8581f4f1fda171d8f6d3b40670,552,527,0.95471,pass,,json_ok,2026-06-04T08:24:14Z
groq_llama_3_3_70b_free|run_1|POE_WORKS_VOLUME_1_016|simplify,groq_llama_3_3_70b_free,groq,Groq Llama 3.3 70B free-tier run,llama-3.3-70b-versatile,llama-3.3-70b-versatile,run_1,POE_WORKS_VOLUME_1_016,simplify,"The scent had never been lost for a moment. I had followed the secret to its final result, which was a nail. It looked like the other nails in the window, but that didn't matter. What mattered was that this was the end of the trail. I thought, 'There must be something wrong with this nail.' I touched it, and the head came off in my fingers. The rest of the nail was broken off in the hole where it had been. The break was old and had been made by a hammer. I put the head back where it belonged, and the nail looked perfect again. When I opened the window a little, the head stayed in place. I closed the window, and the nail looked whole again. The mystery was starting to make sense. The killer had escaped through the window by the bed. When they left, the window closed by itself or was closed on purpose, and it got stuck because of the spring. The police thought the nail was holding the window shut, so they didn't look any further. The next question was how the killer got down. When we walked around the building, I figured it out. There was a lightning rod about five and a half feet away from the window, but it was too far to reach. I noticed that the shutters on the fourth floor were a special kind called ferrades. They have a lattice bottom and are wide enough to grab onto. When we saw them from the back, they were half open. The police probably looked at them from the side and didn't notice how wide they were, or they didn't think it was important. They probably didn't look closely because they thought no one could have escaped that way.",0.2,1.0,71e2482c9b1110db3d6d722dbd54ac3f3d2a4abdf718bb079d79c911dacd5fb4,2895e2bf55ce9754d2614f866e8dee045c4e2f5b2fba1fbc04a2f06ac38cd766,552,300,0.543478,warning,length_hard_warning,json_ok,2026-06-04T08:24:23Z
groq_llama_3_3_70b_free|run_1|POE_WORKS_VOLUME_1_017|paraphrase,groq_llama_3_3_70b_free,groq,Groq Llama 3.3 70B free-tier run,llama-3.3-70b-versatile,llama-3.3-70b-versatile,run_1,POE_WORKS_VOLUME_1_017,paraphrase,"We assure you, we mean no harm to you. As a gentleman and a Frenchman, I give you my word that we do not intend to cause you any injury. I am well aware that you are not responsible for the atrocities committed in the Rue Morgue. However, it would be unwise to deny that you are somehow involved in the events that transpired. From my previous statements, you must have gathered that I have had access to information about this matter, information that you could not have possibly imagined. The situation stands as follows: you have not done anything that you could have avoided doing, and certainly nothing that would render you guilty. You did not even take advantage of the opportunity to rob when you could have done so with impunity. You have nothing to hide and no reason to conceal anything. On the other hand, every principle of honor obliges you to reveal all that you know. An innocent man is currently imprisoned, accused of the crime for which you can identify the true perpetrator. The sailor had largely regained his composure by the time Dupin finished speaking, but his initial bold demeanor had vanished. 'So help me God!' he exclaimed after a brief pause, 'I will tell you everything I know about this affair, but I do not expect you to believe half of what I say - I would be a fool to think otherwise. Nevertheless, I am innocent, and I will confess everything, even if it costs me my life.' What he recounted was, in essence, the following: he had recently returned from a voyage to the Indian Archipelago. During an excursion into the interior of Borneo, he and a companion had captured an Ourang-Outang. After his companion's death, the animal became his sole responsibility. Following significant difficulties caused by the animal's ferocity during the return voyage, he eventually managed to safely house it at his Parisian residence. To avoid drawing unwanted attention from his neighbors, he kept the animal secluded until it recovered from a foot injury sustained on board ship. His ultimate intention was to sell the animal. Upon returning home from a night of revelry with fellow sailors, he found the beast in his bedroom, having broken free from a closet where it was supposed to be securely confined. The animal was sitting in front of a mirror, attempting to shave itself with a razor, having apparently observed its master doing so through the keyhole. Terrified by the sight of such a dangerous weapon in the possession of a ferocious animal, the man was initially at a loss for what to do. However, he had grown accustomed to calming the creature with a whip, and he now resorted to this method. Upon seeing the whip, the Ourang-Outang immediately sprang through the door, down the stairs, and out a window that happened to be open, into the street. The Frenchman followed in desperation, with the ape occasionally stopping to look back and gesture at its pursuer, until the Frenchman had almost caught up with it.",0.2,1.0,a9fadc34b45f62d157b7a72682e3c655bcf853e45a526d183065f5c17ba80d61,a4ebb7773493595dad209279cf39df09216d11ff88e8dbe98eea44521aa7c893,569,512,0.899824,pass,,json_ok,2026-06-04T08:24:34Z
groq_llama_3_3_70b_free|run_1|POE_WORKS_VOLUME_1_017|modernize,groq_llama_3_3_70b_free,groq,Groq Llama 3.3 70B free-tier run,llama-3.3-70b-versatile,llama-3.3-70b-versatile,run_1,POE_WORKS_VOLUME_1_017,modernize,"We don't mean to cause you any harm. I promise you, as a gentleman and a Frenchman, that we don't intend to hurt you. I'm well aware that you're innocent of the atrocities that took place in the Rue Morgue. However, it's not possible to deny that you're somehow involved in them. From what I've already said, you must know that I have access to information about this matter that you couldn't have even imagined. The situation is this: you haven't done anything that you could have avoided, and certainly nothing that would make you guilty. You didn't even take anything when you had the chance to do so without getting caught. You have nothing to hide, and no reason to keep anything secret. On the other hand, you're bound by every principle of honor to tell us everything you know. An innocent person is currently in prison, accused of a crime that you can help us solve by identifying the real perpetrator.

The sailor had regained his composure to a great extent while Dupin was speaking, but his initial confidence was gone.

""So help me God!"" he said after a brief pause. ""I'll tell you everything I know about this affair, but I don't expect you to believe half of what I say. I'd be a fool if I did. Still, I'm innocent, and I'll come clean even if it kills me.""

What he told us was essentially this: he had recently returned from a voyage to the Indian Archipelago. A group he was part of had landed in Borneo and ventured into the interior for a pleasure trip. He and a companion had captured an orangutan. After his companion died, the animal became his sole responsibility. After a lot of trouble caused by the orangutan's aggressive behavior during the return voyage, he finally managed to safely house it at his residence in Paris. To avoid drawing unwanted attention from his neighbors, he kept the animal secluded until it recovered from a foot injury it had sustained on the ship. His ultimate plan was to sell it.

One night, or rather early in the morning of the murder, he returned home from a night out with other sailors and found the orangutan in his bedroom, where it had broken in from a closet where it was supposed to be securely locked. The animal was sitting in front of a mirror, trying to shave itself with a razor, having apparently watched its owner do so through the keyhole. Terrified by the sight of such a dangerous weapon in the hands of a ferocious animal, the man was at a loss for what to do. However, he had experience calming the creature down with a whip, so he used that. As soon as the orangutan saw the whip, it jumped out of the room, down the stairs, and out a window that was unfortunately open, into the street.

The Frenchman followed in desperation; the orangutan, still holding the razor, would occasionally stop and look back at its pursuer, gesturing at him, until the Frenchman was about to catch up.",0.2,1.0,a9fadc34b45f62d157b7a72682e3c655bcf853e45a526d183065f5c17ba80d61,de8c381026d212e4cc6dbb2519c78e49e601d95b8ae015d1d6478f4e6eae9f29,569,518,0.910369,warning,json_repaired_loose_rewritten_text,json_repaired_loose_rewritten_text,2026-06-04T08:24:45Z
groq_llama_3_3_70b_free|run_1|POE_WORKS_VOLUME_1_017|simplify,groq_llama_3_3_70b_free,groq,Groq Llama 3.3 70B free-tier run,llama-3.3-70b-versatile,llama-3.3-70b-versatile,run_1,POE_WORKS_VOLUME_1_017,simplify,"We don't want to hurt you. I promise you that as a gentleman and a Frenchman, we mean no harm. I know you're not responsible for the terrible things that happened in the Rue Morgue. However, it's clear that you're connected to them in some way. From what I've already said, you should know that I have information about this case that you couldn't have imagined. The situation is this: you didn't do anything wrong, and you're not guilty of anything. You even had the chance to rob someone, but you didn't. You have nothing to hide, and you shouldn't hide anything. On the other hand, you have a duty to tell the truth about what you know. An innocent man is in jail, accused of a crime that you can help solve by telling us what you know. The sailor had mostly regained his composure as Dupin spoke, but he was no longer as confident as before. 'I swear to God,' he said after a brief pause, 'I'll tell you everything I know about this. But I don't expect you to believe me - I'd be foolish to think you would. Still, I'm innocent, and I'll tell you the truth, even if it kills me.' What he said was basically this: he had recently returned from a trip to the Indian Archipelago. He and some friends had gone on a pleasure trip to Borneo, where he and a companion had caught an orangutan. When his companion died, the animal became his alone. After a lot of trouble with the animal's fierce behavior on the way back, he finally got it to his home in Paris, where he kept it hidden away until it recovered from a foot injury. He planned to sell it eventually. One night, after a night out with friends, he came home to find the orangutan in his bedroom, where it had broken out of a closet. The animal had a razor and was trying to shave itself in front of a mirror, just like it had seen its owner do. The man was terrified to see the animal with a razor and didn't know what to do. He usually calmed the creature down with a whip, so he tried that. When the orangutan saw the whip, it jumped out of the room, down the stairs, and out a window that was unfortunately open. The Frenchman followed in desperation, and the orangutan, still holding the razor, would sometimes stop and look back at him, gesturing, until the Frenchman was almost caught up.",0.2,1.0,a9fadc34b45f62d157b7a72682e3c655bcf853e45a526d183065f5c17ba80d61,a5c83836772f54af29b878523296ed39b4c919e82a67b2af014a50f86def5675,569,425,0.746924,warning,length_hard_warning,json_ok,2026-06-04T08:24:55Z
groq_llama_3_3_70b_free|run_1|POE_WORKS_VOLUME_1_018|paraphrase,groq_llama_3_3_70b_free,groq,Groq Llama 3.3 70B free-tier run,llama-3.3-70b-versatile,llama-3.3-70b-versatile,run_1,POE_WORKS_VOLUME_1_018,paraphrase,"In the official announcement of the reward, it was stated that any accomplice who came forward to testify against their fellow culprits would be granted a full pardon. Additionally, a private notice from a committee of citizens was appended to the announcement, offering a further 10,000 francs on top of the amount proposed by the authorities. As a result, the total reward stood at a minimum of 30,000 francs, a sum that seemed extraordinary considering the humble circumstances of the victim and the frequency of such heinous crimes in large cities. It was widely believed that the mystery of the murder would soon be solved. However, despite a few arrests that initially seemed promising, nothing was uncovered that could implicate the suspected parties, and they were released immediately. It is surprising that nearly three weeks had passed since the discovery of the body, and yet no progress had been made in shedding light on the subject, before Dupin and I even heard a whisper of the events that had caused such public outcry. We had been so engrossed in our research that it had been almost a month since either of us had ventured out, received a visitor, or glanced at the major news articles in the daily papers. The first news of the murder reached us through G——, who visited us in person. He arrived early in the afternoon of July 13, 18—, and stayed with us until late at night. He was frustrated by his failure to track down the assassins, and his reputation, he claimed, was on the line. His honor, he said, was also at stake, and the public's eyes were upon him. He was willing to make any sacrifice to unravel the mystery. He ended his somewhat amusing speech with a compliment to Dupin's exceptional abilities and made him a direct and generous proposal, the details of which I am not at liberty to disclose, but which had no bearing on the main subject of my account. Dupin politely deflected the compliment but accepted the proposal without hesitation, despite its provisional nature. Once this was settled, the Prefect launched into a detailed explanation of his own theories, interspersing them with lengthy comments on the evidence, which we had not yet seen. He spoke at length, and undoubtedly with great learning, while I ventured the occasional suggestion as the night wore on. Dupin, seated in his usual armchair, was the epitome of attentive listening, wearing spectacles throughout the interview. An occasional glance beneath the green glasses was enough to convince me that he was sleeping soundly, albeit silently, during the seven or eight hours that preceded the Prefect's departure. The next morning, I obtained a comprehensive report of all the evidence gathered from the Prefecture and collected copies of every newspaper article that had published decisive information about the case, from start to finish.",0.2,1.0,2a66548ead5c95e4f39d0065fca05b2c5719b4b5b60adacf5b4330e3552d2ef2,2255df7321229b8d79bea4052b15be96f4f3c184aaa242b73c4568610b009016,558,480,0.860215,pass,,json_ok,2026-06-04T08:25:06Z
groq_llama_3_3_70b_free|run_1|POE_WORKS_VOLUME_1_018|modernize,groq_llama_3_3_70b_free,groq,Groq Llama 3.3 70B free-tier run,llama-3.3-70b-versatile,llama-3.3-70b-versatile,run_1,POE_WORKS_VOLUME_1_018,modernize,"In the announcement setting forth this reward, a full pardon was promised to any accomplice who came forward as a witness against their fellow accomplices. Additionally, a private notice from a committee of citizens was attached, offering 10,000 francs on top of the amount proposed by the authorities. The total reward was at least 30,000 francs, which is an extraordinary sum considering the victim's humble background and the frequency of such crimes in large cities. No one doubted that the mystery of this murder would be solved immediately. However, despite a few arrests that seemed promising, nothing was uncovered that could implicate the suspected parties, and they were released. Strangely, nearly three weeks had passed since the body was discovered, and no progress had been made in shedding light on the case, before Dupin and I even heard a rumor about the events that had shaken the public. We had been so engrossed in our research that it had been almost a month since either of us had gone out, received a visitor, or glanced at the major news articles in the daily papers. The first news of the murder was brought to us by G, in person. He visited us early in the afternoon of July 13, 18, and stayed until late at night. He was frustrated by his failure to track down the killers. His reputation, he said with a distinctly Parisian flair, was on the line. Even his honor was at stake. The public was watching him, and he was willing to make any sacrifice to solve the mystery. He ended his somewhat amusing speech with a compliment on what he called Dupin's tact and made him a direct and generous offer, which I'm not at liberty to disclose, but it's not relevant to the main story. Dupin politely deflected the compliment but accepted the offer, even though its benefits were conditional. Once this was settled, the Prefect launched into an explanation of his views, interspersing them with lengthy comments on the evidence, which we hadn't seen yet. He spoke at length and, no doubt, knowledgeably, while I occasionally made a suggestion as the night wore on. Dupin sat attentively in his usual armchair, wearing spectacles throughout the conversation. An occasional glance under the green glasses was enough to convince me that he was sleeping soundly, even if silently, during the seven or eight dull hours leading up to the Prefect's departure. The next morning, I obtained a full report of all the evidence from the authorities and collected copies of every newspaper article that had published significant information about the case.",0.2,1.0,2a66548ead5c95e4f39d0065fca05b2c5719b4b5b60adacf5b4330e3552d2ef2,df3a5b1e210faa04fa082d6fc09596fba7ba610908d4ab6831861734978d7b8a,558,437,0.783154,warning,length_hard_warning,json_ok,2026-06-04T08:25:16Z
groq_llama_3_3_70b_free|run_1|POE_WORKS_VOLUME_1_018|simplify,groq_llama_3_3_70b_free,groq,Groq Llama 3.3 70B free-tier run,llama-3.3-70b-versatile,llama-3.3-70b-versatile,run_1,POE_WORKS_VOLUME_1_018,simplify,"The police announced a reward to help solve a murder case. They promised to pardon anyone involved who came forward to testify against the others. A group of citizens added their own reward of 10,000 francs to the police's offer, making the total reward 30,000 francs. This was a lot of money, especially considering the victim was a poor girl and crimes like this happen often in big cities.

Most people thought the case would be solved quickly. However, even though the police made a few arrests, they didn't find any evidence to prove who was guilty. It wasn't until the third week after the body was found that my friend Dupin and I even heard about the case. We had been too busy with our own research to pay attention to the news. A friend, G, came to visit us on July 13th and told us about the murder. He was frustrated that he couldn't find the killers and felt like his reputation was at stake.

G made a proposal to Dupin, which he accepted. Then G started explaining his thoughts on the case and the evidence they had found. Dupin listened carefully, wearing his glasses and occasionally glancing at G. I made a few suggestions as the night went on. Even though G talked for hours, Dupin stayed focused and attentive.

The next morning, I went to the police station and got a copy of all the evidence they had collected. I also visited the newspaper offices and got copies of every article they had published about the case. This way, we could review everything and try to figure out what had happened.",0.2,1.0,2a66548ead5c95e4f39d0065fca05b2c5719b4b5b60adacf5b4330e3552d2ef2,b75ebc3697b0e37f599f60fa2eb06d8987de2a7c6652e7c956eac2d1b325603c,558,277,0.496416,warning,json_repaired_loose_rewritten_text;length_hard_warning,json_repaired_loose_rewritten_text,2026-06-04T08:25:26Z
groq_llama_3_3_70b_free|run_1|POE_WORKS_VOLUME_1_019|paraphrase,groq_llama_3_3_70b_free,groq,Groq Llama 3.3 70B free-tier run,llama-3.3-70b-versatile,llama-3.3-70b-versatile,run_1,POE_WORKS_VOLUME_1_019,paraphrase,"No one crossed the threshold to discuss the matter in the Rue Pavée St. Andrée, not even with those residing in the same building. M. St. Eustache, Marie's lover and intended husband, who lived with her mother, claimed he was unaware of the discovery of his intended's body until the following morning. It was then that M. Beauvais entered his room and informed him of the news. The reception of this news seemed surprisingly subdued, given its significance. The journal attempted to convey the impression that Marie's relatives were apathetic about her disappearance, which would be inconsistent with the idea that they believed the recovered body to be hers. The journal's insinuations suggested that Marie had left the city with the knowledge of her friends, due to a scandal involving her reputation, and that upon finding a similar-looking corpse, her friends took the opportunity to deceive the public into believing she was dead. However, L'Etoile was too hasty in its accusations. It was proven that the supposed apathy did not exist; the elderly lady was extremely frail and agitated, unable to attend to her duties. St. Eustache, far from being calm, was overcome with grief and behaved frantically, prompting M. Beauvais to ask a friend to take charge of him and prevent him from attending the disinterment examination. Furthermore, despite L'Etoile's claims that the corpse was reburied at public expense, that the family declined a private burial offer, and that no family member attended the ceremony, all these assertions were disproven. In a later issue, the paper attempted to cast suspicion on Beauvais himself. The editor stated that on one occasion, while Madame B—— was visiting Madame Rogêt, M. Beauvais, upon leaving, instructed her not to speak to the expected gendarme until he returned. It seemed that M. Beauvais had taken control of the entire matter, and for some reason, he was determined to be the only one involved in the proceedings, even going so far as to push the male relatives aside in a peculiar manner. He appeared to be strongly opposed to allowing the relatives to see the body. A circumstance that lent some credibility to the suspicion against Beauvais was the discovery, by a visitor to his office a few days before Marie's disappearance, of a rose in the keyhole and the name 'Marie' written on a nearby slate, while Beauvais was absent.",0.2,1.0,b345eb6e98e67cfe6a44036413de9132aad219f4c30bf3648d46c8caae781045,17495cb71aa52b5da4b198c5a5751252dccd58730e9cabcf8811c35942266960,555,397,0.715315,warning,prompt_or_source_leakage_warning;length_hard_warning,json_ok,2026-06-04T08:25:36Z
groq_llama_3_3_70b_free|run_1|POE_WORKS_VOLUME_1_019|modernize,groq_llama_3_3_70b_free,groq,Groq Llama 3.3 70B free-tier run,llama-3.3-70b-versatile,llama-3.3-70b-versatile,run_1,POE_WORKS_VOLUME_1_019,modernize,"No one crossed the street to investigate. The news of the discovery didn't spread to the other residents of the Rue Pavée St. Andrée, not even to those living in the same building. M. St. Eustache, Marie's fiancé who was boarding at her mother's house, claims he didn't hear about the body being found until the next morning when M. Beauvais came to his room and told him. For such significant news, it's surprising how calmly it was received. The journal tried to create the impression that Marie's relatives were apathetic about the discovery, which didn't fit with the idea that they believed the body was hers. The journal's insinuations suggested that Marie had left the city with her friends' help to avoid a scandal related to her personal life, and that when a similar-looking body was found in the Seine, her friends used the opportunity to make the public think she was dead. However, the journal was too hasty in its accusations. It was proven that there was no such apathy as the journal claimed; the elderly lady was extremely weak and agitated, unable to attend to her duties. St. Eustache was not calm upon receiving the news; he was overcome with grief and acted so frantically that M. Beauvais had to ask a friend to take care of him and prevent him from attending the examination of the body. Additionally, despite the journal's claims that the body was reburied at public expense, that the family declined a private burial offer, and that no family member attended the ceremony, all of these points were later disproven. In a later issue, the journal attempted to shift suspicion to Beauvais himself. The editor wrote, 'Now, a new development emerges. We're told that when Madame B—— was visiting Madame Rogêt, M. Beauvais, on his way out, instructed her not to say anything to the police officer who was expected to arrive, and to let him handle the matter.' It seems that M. Beauvais was trying to control the situation, and for some reason, he wanted to be the only one involved in the proceedings, pushing the male relatives aside in a rather unusual manner. He appeared to be very reluctant to let the relatives see the body. A visitor to his office, a few days before Marie disappeared, noticed a rose in the keyhole of the door and the name 'Marie' written on a slate nearby, which added some credibility to the suspicion against Beauvais.",0.2,1.0,b345eb6e98e67cfe6a44036413de9132aad219f4c30bf3648d46c8caae781045,2607198fa70bad4792596b3b5b4087d6c443e3cf74dd361bab7e4317297c73f2,555,413,0.744144,warning,length_hard_warning,json_ok,2026-06-04T08:25:46Z
groq_llama_3_3_70b_free|run_1|POE_WORKS_VOLUME_1_019|simplify,groq_llama_3_3_70b_free,groq,Groq Llama 3.3 70B free-tier run,llama-3.3-70b-versatile,llama-3.3-70b-versatile,run_1,POE_WORKS_VOLUME_1_019,simplify,"No one in the Rue Pavée St. Andrée, including those living in the same building as Marie, knew about the discovery of her body. M. St. Eustache, Marie's fiancé who lived with her mother, didn't find out until the next morning when M. Beauvais told him. This seems like a very calm reaction to such shocking news. The newspaper tried to make it seem like Marie's family didn't care about her death, which wouldn't make sense if they really thought the body was hers. The paper suggested that Marie had run away from the city because she was in trouble, and that her friends were trying to make people think she was dead by using a similar-looking body found in the Seine. However, this was proven to be false. It was shown that Marie's family was very upset, especially her mother, who was too weak and distressed to take care of anything. M. St. Eustache was also very grief-stricken and had to be taken care of by a friend to prevent him from attending the examination of the body. The newspaper had also claimed that the family didn't attend the reburial ceremony and that they had turned down an offer to pay for a private burial, but these claims were also proven to be false. Later, the newspaper tried to make M. Beauvais look suspicious. They said that he had told a woman named Madame B—— not to talk to the police when they came to the house, and that he seemed to be in control of everything related to the case. They also said that he didn't want the family to see the body. Some people suspected M. Beauvais because a visitor to his office had seen a rose in the keyhole of his door and the name 'Marie' written on a slate a few days before she disappeared.",0.2,1.0,b345eb6e98e67cfe6a44036413de9132aad219f4c30bf3648d46c8caae781045,2e15f79057f16f67cfe8b75371ebe1880ccdcd6b16faf09b55af3a63247abfc7,555,310,0.558559,warning,length_hard_warning,json_ok,2026-06-04T08:25:56Z
groq_llama_3_3_70b_free|run_1|POE_WORKS_VOLUME_1_020|paraphrase,groq_llama_3_3_70b_free,groq,Groq Llama 3.3 70B free-tier run,llama-3.3-70b-versatile,llama-3.3-70b-versatile,run_1,POE_WORKS_VOLUME_1_020,paraphrase,"To me, this article seems to reveal more about the enthusiasm of its writer than anything else. We must remember that newspapers often prioritize creating a stir and making a point over pursuing the truth. The truth is only sought when it aligns with the goal of creating a sensation. An article that simply echoes common opinion, no matter how well-founded, does not impress the masses. The general public tends to regard as insightful only those who propose provocative contradictions to the prevailing idea. In reasoning, just as in literature, it is the clever phrase that is most immediately and widely appreciated, even if it is of relatively low merit. What I am saying is that it is the combination of clever phrasing and dramatic flair in the idea that Marie Rogêt is still alive, rather than any genuine plausibility, that has led L'Etoile to propose it and made it appealing to the public. Let us examine the key points of this journal's argument, trying to clarify the incoherent way it was originally presented. The writer's primary goal is to demonstrate that, given the short time between Marie's disappearance and the discovery of the floating corpse, the corpse cannot be Marie's. The writer's eagerness to minimize this time interval leads to hasty assumptions from the start. The writer claims, 'It is foolish to suppose that the murder, if it occurred, could have been committed quickly enough for the murderers to throw the body into the river before midnight.' We naturally ask, why is this assumption foolish? Why is it unreasonable to think that the murder could have taken place within five minutes of the girl leaving her mother's house, or at any other time of day? There have been murders at all hours. Even if the murder had occurred at any moment between 9 am on Sunday and a quarter before midnight, there would still have been enough time to throw the body into the river before midnight. This assumption essentially means that the murder did not occur on Sunday at all. If we allow L'Etoile to make this assumption, we might as well permit any other liberties. The paragraph that begins 'It is foolish to suppose that the murder...' can be imagined to have originally been thought by its writer as 'It is foolish to suppose that the murder could have been committed soon enough to enable the murderers to throw the body into the river before midnight; it is foolish, we say, to suppose all this and at the same time suppose that the body was not thrown in until after midnight,' a sentence that is inconsequential in itself but not as absurd as the printed version. Were my intention simply to critique this part of L'Etoile's argument, I could safely leave it as it is.",0.2,1.0,e572ef9bf72ed3f56dcbaace4ac9ada015ce5c607cd2cb7aec98a21883e17a03,fe1714c004173857af2d6da6522a2be6c0ea4af5527a79713c68747aa44618e9,566,469,0.828622,warning,length_soft_warning,json_ok,2026-06-04T08:26:07Z
groq_llama_3_3_70b_free|run_1|POE_WORKS_VOLUME_1_020|modernize,groq_llama_3_3_70b_free,groq,Groq Llama 3.3 70B free-tier run,llama-3.3-70b-versatile,llama-3.3-70b-versatile,run_1,POE_WORKS_VOLUME_1_020,modernize,"To me, this article seems to prove little beyond the author's enthusiasm. We should keep in mind that, in general, the goal of our newspapers is to create a sensation, to make a point, rather than to advance the cause of truth. The pursuit of truth only happens when it aligns with creating a sensation. An article that simply agrees with popular opinion, no matter how well-founded that opinion may be, doesn't earn any credit with the public. Most people consider someone profound only if they suggest provocative contradictions to the general idea. In both logical reasoning and literature, it's the witty, concise statement that's most immediately and universally appreciated, even though it's often of the lowest order of merit.

What I'm trying to say is that it's the combination of a catchy phrase and a dramatic idea - the notion that Marie Rogêt is still alive - rather than any real plausibility in this idea, that led L'Etoile to suggest it and made it well-received by the public. Let's examine the main points of this journal's argument, trying to avoid the confusion with which it was originally presented.

The writer's first goal is to show that, given the short time between Marie's disappearance and the discovery of the floating corpse, this corpse can't be Marie's. The writer wants to minimize this time interval as much as possible, which becomes an objective in itself. In the rush to achieve this, the writer jumps to assumptions right from the start. 'It's foolish to think,' the writer says, 'that if Marie was murdered, her killers could have done it quickly enough to throw her body into the river before midnight.' We immediately ask, why? Why is it foolish to think that the murder could have happened within five minutes of the girl leaving her mother's house? Why is it foolish to think that the murder could have happened at any given time of day? There have been assassinations at all hours. But if the murder had taken place at any moment between 9 am on Sunday and a quarter to midnight, there would still have been enough time to throw the body into the river before midnight. This assumption essentially means that the murder didn't happen on Sunday at all - and if we let L'Etoile assume this, we might as well let them assume anything. The paragraph starting 'It's foolish to think that the murder, etc.' may have existed in the writer's mind like this: 'It's foolish to think that the murder, if it happened, could have happened quickly enough to allow the killers to throw the body into the river before midnight; it's foolish, we say, to think all this and at the same time assume that the body wasn't thrown in until after midnight' - a sentence that's inconsequential in itself but not as absurd as the one that was printed.

If my goal were simply to criticize this part of L'Etoile's argument, I could safely leave it as it is.",0.2,1.0,e572ef9bf72ed3f56dcbaace4ac9ada015ce5c607cd2cb7aec98a21883e17a03,e3dfd7bceceef8d36353cf7e2ec81a3860ee3a31136ca72abab431477b9f3f52,566,499,0.881625,warning,json_repaired_loose_rewritten_text,json_repaired_loose_rewritten_text,2026-06-04T08:26:17Z
groq_llama_3_3_70b_free|run_1|POE_WORKS_VOLUME_1_020|simplify,groq_llama_3_3_70b_free,groq,Groq Llama 3.3 70B free-tier run,llama-3.3-70b-versatile,llama-3.3-70b-versatile,run_1,POE_WORKS_VOLUME_1_020,simplify,"To me, this article doesn't prove much except the writer's enthusiasm. We should remember that newspapers often try to create a sensation rather than tell the truth. They only care about the truth if it helps them make a point. If a story agrees with what most people think, it won't get much attention. People think someone is smart if they come up with surprising ideas that go against what everyone else thinks. This kind of thinking is not very impressive, whether it's in reasoning or in writing.

What I'm saying is that the idea that Marie Rogêt is still alive is popular because it's surprising and dramatic, not because it's actually believable. L'Etoile suggested this idea and people liked it. Let's look at the main points of L'Etoile's argument and try to make sense of it.

The writer's first point is that the time between Marie's disappearance and the discovery of the floating body is too short for the body to be Marie's. The writer wants to make this time period as short as possible. However, the writer makes assumptions without thinking them through. The writer says it's foolish to think that the murder could have happened soon enough for the body to be thrown into the river before midnight. But why is that foolish? Why can't the murder have happened just a few minutes after Marie left her mother's house? Or at any other time of day? There have been murders at all hours. Even if the murder happened at any time between 9 am and 11:45 pm on Sunday, there would still have been time to throw the body into the river before midnight. So, this assumption is really saying that the murder didn't happen on Sunday at all. If we let L'Etoile make this assumption, we might as well let them say anything.

The sentence that starts with 'It is folly to suppose that the murder...' can be imagined to have been thought of by the writer in a different way. It could have been 'It is folly to suppose that the murder happened soon enough to throw the body into the river before midnight, and also to suppose that the body was not thrown in until after midnight.' This sentence doesn't make much sense, but it's not as ridiculous as the one that was printed.

If I just wanted to criticize this part of L'Etoile's argument, I could stop here.",0.2,1.0,e572ef9bf72ed3f56dcbaace4ac9ada015ce5c607cd2cb7aec98a21883e17a03,e0df18d1d4a1151e5eda66c382ca6e0d4a03f95f6207511036a748fdd4822f69,566,408,0.720848,warning,json_repaired_loose_rewritten_text;length_hard_warning,json_repaired_loose_rewritten_text,2026-06-04T08:26:27Z
groq_llama_3_3_70b_free|run_1|SHELLEY_FRANKENSTEIN_001|paraphrase,groq_llama_3_3_70b_free,groq,Groq Llama 3.3 70B free-tier run,llama-3.3-70b-versatile,llama-3.3-70b-versatile,run_1,SHELLEY_FRANKENSTEIN_001,paraphrase,"Despite his own unhappiness, he is not completely consumed by his misery, and he takes a deep interest in the plans of others. He has often discussed my projects with me, which I have shared with him openly. He listened attentively to all my arguments in favour of my ultimate success and examined every detail of the measures I had taken to achieve it. His sympathetic nature encouraged me to speak from the heart, to express the intense passion of my soul, and to declare, with all the fervour that drove me, how willingly I would sacrifice my fortune, my existence, and every hope to advance my endeavour. The life or death of one person seemed a small price to pay for the knowledge I sought, for the power I would gain and pass on over the fundamental enemies of our kind. As I spoke, a dark shadow fell across his face. At first, he tried to hide his emotions; he covered his eyes with his hands, and my voice faltered as I saw tears streaming from between his fingers. A groan escaped his trembling chest. I paused, and eventually, he spoke in broken tones: 'Unhappy man, do you share my madness? Have you also drunk from the intoxicating cup? Listen to me, let me tell you my story, and you will throw away your ambitions.' Such words greatly aroused my curiosity, but the stranger's overwhelming grief had exhausted his weakened state, and many hours of rest and calm conversation were needed to restore his composure. Once he had overcome the intensity of his feelings, he seemed to despise himself for being controlled by his emotions. Having suppressed the dark tyranny of despair, he turned the conversation back to my personal history. He asked me to tell him about my early years. The story was quickly told, but it sparked various trains of thought. I spoke of my desire for a friend, of my longing for a deeper connection with someone who shared my mind, and I expressed my conviction that a person could not truly be happy without this blessing. 'I agree with you,' the stranger replied. 'We are incomplete creatures, only half-formed, if a wiser, better, and dearer friend than ourselves does not help us perfect our weak and flawed nature. I once had a friend, the noblest of human beings, and so I am qualified to judge what friendship means. You have hope and the world ahead of you, and you have no reason to despair. But I have lost everything and cannot start my life anew.' As he spoke, his face reflected a calm, resigned sorrow that touched my heart. However, he remained silent and soon retired to his cabin. Even though his spirit is broken, no one can appreciate the beauty of nature more deeply than he does. The starry sky, the sea, and every sight in these remarkable regions still have the power to lift his soul above the earth. Such a person has a double existence: he may suffer and be overwhelmed by disappointments, yet when he withdraws into himself, he is like a celestial being surrounded by a halo, within which no sorrow or foolishness can enter.",0.2,1.0,0dab0ef1b22310712381b02b4d16fd78aaf87fb2a4b247cff56ecb8eb807859d,0d7dbf39f027bfdc9523cd374f9402c8fc90264294632b8ae4cb2d9494dc8f58,591,535,0.905245,pass,,json_ok,2026-06-04T08:26:38Z
groq_llama_3_3_70b_free|run_1|SHELLEY_FRANKENSTEIN_001|modernize,groq_llama_3_3_70b_free,groq,Groq Llama 3.3 70B free-tier run,llama-3.3-70b-versatile,llama-3.3-70b-versatile,run_1,SHELLEY_FRANKENSTEIN_001,modernize,"Despite his unhappiness, he's not so consumed by his own misery that he can't take a deep interest in other people's projects. He's often talked to me about mine, and I've shared my thoughts with him openly. He's listened carefully to all my arguments for why I'll eventually succeed, and he's considered every detail of my plan. I've found myself drawn to the sympathy he's shown, and I've expressed my true feelings to him - the passion and enthusiasm that drive me. I've told him that I'd willingly give up my wealth, my life, and all my hopes to achieve my goal. To me, one person's life or death is a small price to pay for the knowledge I'm seeking and the power it will give me over the forces that threaten humanity. As I spoke, a dark sadness spread across his face. At first, he tried to hold back his emotions, covering his eyes with his hands. But I saw tears streaming down his face, and his body shook with a groan. I stopped talking, and after a moment, he spoke in a broken voice, 'Unhappy man, are you caught up in the same madness as me? Have you also been swept up in this all-consuming obsession? Listen to me, let me tell you my story, and you'll abandon your pursuit.' His words sparked my curiosity, but the overwhelming grief that had taken hold of him left him drained. It took hours of rest and calm conversation to restore his composure. Once he'd regained control of his emotions, he seemed to regret letting his feelings get the better of him. He pushed aside the darkness of despair and turned the conversation back to me. He asked about my early years, and I shared my story, which was quickly told but led to some interesting reflections. I talked about my desire for a true friend, someone with whom I could share a deep connection, and I said that I believe a person can't be truly happy without such a relationship. 'I agree with you,' the stranger replied. 'We're incomplete without someone wiser, better, and dearer than ourselves to help us become the best version of ourselves. I once had a friend, the noblest person I've ever known, and that's given me a basis for understanding what friendship is. You have your whole life ahead of you, and you have no reason to give up hope. But I've lost everything, and I don't have the chance to start over.' As he spoke, his face showed a calm, resigned sadness that touched my heart. But he fell silent and soon retired to his cabin. Even though he's broken, he still has a deep appreciation for the beauty of nature. The night sky, the sea, and all the wonders of this place still have the power to lift his spirit. A person like him has a dual existence: he can suffer and be overwhelmed by disappointment, but when he's alone with his thoughts, he's like a celestial being, surrounded by a halo of peace, where sorrow and foolishness can't penetrate.",0.2,1.0,0dab0ef1b22310712381b02b4d16fd78aaf87fb2a4b247cff56ecb8eb807859d,9522b2ac292d712eaaedba6cbc272d2b45bf9fd0edc556742858ce0182d5b061,591,516,0.873096,pass,,json_ok,2026-06-04T08:26:49Z
groq_llama_3_3_70b_free|run_1|SHELLEY_FRANKENSTEIN_001|simplify,groq_llama_3_3_70b_free,groq,Groq Llama 3.3 70B free-tier run,llama-3.3-70b-versatile,llama-3.3-70b-versatile,run_1,SHELLEY_FRANKENSTEIN_001,simplify,"Although the man was unhappy, he still took a strong interest in the plans of others. He often talked to me about my goals, and I shared my thoughts with him openly. He listened carefully to my arguments and the steps I had taken to achieve my goals. I felt comfortable sharing my feelings with him, and I told him how much I wanted to succeed, even if it meant giving up everything. I believed that one person's life was a small price to pay for the knowledge I was seeking. As I spoke, the man's face became sad and dark. At first, he tried to hide his emotions, but then I saw tears falling from his eyes. He groaned and finally spoke in a broken voice, 'Unhappy man, are you suffering from the same madness as me? Have you also been consumed by an alluring but dangerous idea? Listen to my story, and you will think twice about your goals.' His words sparked my curiosity, but the man was overcome with grief and needed time to calm down. After he had regained his composure, he seemed to regret letting his emotions control him. He started talking to me again, this time asking about my life. I told him about my desire for a close friend, someone who could understand me deeply. He agreed that having a good friend is essential for happiness. 'I had a friend once,' he said, 'the best person I've ever known. I can see that you have hope and your whole life ahead of you, but I've lost everything and can't start over.' As he spoke, his face showed a deep sadness. He became quiet and went to his cabin. Even though he was broken, he still appreciated the beauty of nature. The stars, the sea, and the sights around us could still lift his spirits. A person like him has a unique inner life, and even in his suffering, he can find peace and wisdom.",0.2,1.0,0dab0ef1b22310712381b02b4d16fd78aaf87fb2a4b247cff56ecb8eb807859d,04056bb9b11b1f43dcc28abb8b3e05d5858177f0182012f942cdd559e6677a75,591,331,0.560068,warning,length_hard_warning,json_ok,2026-06-04T08:26:59Z
groq_llama_3_3_70b_free|run_1|SHELLEY_FRANKENSTEIN_002|paraphrase,groq_llama_3_3_70b_free,groq,Groq Llama 3.3 70B free-tier run,llama-3.3-70b-versatile,llama-3.3-70b-versatile,run_1,SHELLEY_FRANKENSTEIN_002,paraphrase,"With the profound awareness of their responsibility towards the being they had brought into the world, combined with their innate kindness, it can be inferred that during my early years, I was constantly taught valuable lessons in patience, charity, and self-control. As a result, my life seemed like a continuous stream of joy, guided by a gentle and unobtrusive influence. For a considerable period, I was the sole focus of their attention. My mother had always desired a daughter, but I remained their only child. When I was around five years old, my parents took a trip beyond the Italian borders and spent a week by the shores of Lake Como. Their compassionate nature often led them to visit the humble homes of the poor, which, for my mother, was not just a duty, but an essential part of her being, driven by the memories of her own struggles and the relief she had received. On one of their walks, they came across a small, impoverished cottage in a valley, which caught their attention due to its extreme poverty and the large number of half-clothed children surrounding it. One day, while my father was away in Milan, my mother and I visited this cottage. Inside, she found a hardworking peasant and his wife, struggling to provide for their five children. Among them was a child who stood out from the rest, with a distinctly different appearance. The other four children had dark eyes and appeared robust, while this child was slender and remarkably fair, with hair that shone like gold and a face that seemed to radiate an otherworldly beauty. Her features were so expressive of kindness and sensitivity that it was impossible not to regard her as a unique and special being. The peasant woman, noticing my mother's fascination with the child, eagerly shared her story. The girl was not her own, but the daughter of a nobleman from Milan, whose mother had been a German and had died in childbirth. The child had been placed in the care of this family, who had been better off at the time and had only recently had their own child. The girl's father had been a passionate advocate for Italian liberty, but his efforts had ultimately led to his downfall, and his fate remained unknown. His property had been seized, leaving his child an orphan and a beggar. Despite the humble surroundings, the child had thrived with her foster family, blossoming like a rose among thorns. When my father returned from Milan, he found a beautiful child playing with me in the hall of our villa, a creature who seemed to emanate light and joy, with a form and movements as gentle as a mountain goat.",0.2,1.0,33cd3c08ea8d26e3b53621831f3dbe8e0c5c5f65b3edae42d663b88828043349,db8fc8a72a7e1804febb76ad9a37c7a5ce233bcddc42eaa800a491500203bcc4,573,455,0.794066,warning,length_hard_warning,json_ok,2026-06-04T09:00:53Z
groq_llama_3_3_70b_free|run_1|SHELLEY_FRANKENSTEIN_002|modernize,groq_llama_3_3_70b_free,groq,Groq Llama 3.3 70B free-tier run,llama-3.3-70b-versatile,llama-3.3-70b-versatile,run_1,SHELLEY_FRANKENSTEIN_002,modernize,"With this deep awareness of what they owed to the being they had brought into the world, combined with the active spirit of tenderness that drove both of them, it's easy to imagine that during every hour of my early life, I received lessons in patience, charity, and self-control. I was guided by a gentle hand, and everything seemed like one continuous experience of joy. For a long time, I was their only concern. My mother had always wanted a daughter, but I was their only child. When I was about five years old, they took a trip beyond the borders of Italy and spent a week on the shores of Lake Como. Their kind nature often led them to visit the homes of the poor. For my mother, this was more than just a duty - it was a necessity, a passion. She remembered what she had gone through and how she had been helped, and she felt compelled to pay it forward by being a guardian angel to those in need. On one of their walks, they noticed a small, rundown cottage in a valley that seemed particularly desperate, with a large number of poorly dressed children gathered around it, clearly struggling with poverty. One day, when my father had gone to Milan on his own, my mother and I visited this home. She found a hardworking peasant and his wife, worn down by their struggles, trying to feed their five hungry children. Among them was one child who caught my mother's attention more than any of the others. This child seemed to be from a different background altogether. The other four children had dark eyes and were robust, but this child was thin and very fair-skinned. Her hair was a vibrant, golden blonde, and despite her tattered clothing, it seemed to give her an air of distinction. Her forehead was clear and broad, her blue eyes were bright and clear, and her lips and facial features expressed a deep sensitivity and sweetness that made it impossible for anyone to look at her without seeing her as someone special, a being with a heavenly quality to her. The peasant woman noticed that my mother was staring at this beautiful girl in wonder and admiration, and she eagerly shared the child's story. The girl was not her own child, but the daughter of a nobleman from Milan. Her mother, a German woman, had died in childbirth, and the baby had been placed with this family to be cared for. At the time, they were better off, having only recently married and having just had their first child. The girl's father was one of those Italians who had been inspired by the country's past glory and had fought for its freedom. He had become a victim of the country's weaknesses and was either dead or still imprisoned in an Austrian dungeon. His property had been seized, and his child had been left an orphan and a beggar. Despite this, she had thrived with her foster family, blossoming in their simple home like a rose among dark-leaved thorns. When my father returned from Milan, he found a child playing with me in the hall of our villa - a child who was even more beautiful than the cherubs depicted in art, radiating joy and lightness, with a form and movements as agile as a mountain goat.",0.2,1.0,33cd3c08ea8d26e3b53621831f3dbe8e0c5c5f65b3edae42d663b88828043349,e96745845abdcb374c88837ff62008194dec9b3d210cdf0b9e22a1f7fc528f65,573,563,0.982548,pass,,json_ok,2026-06-04T09:01:04Z
groq_llama_3_3_70b_free|run_1|SHELLEY_FRANKENSTEIN_002|simplify,groq_llama_3_3_70b_free,groq,Groq Llama 3.3 70B free-tier run,llama-3.3-70b-versatile,llama-3.3-70b-versatile,run_1,SHELLEY_FRANKENSTEIN_002,simplify,"My parents were very aware of their responsibility to me, and they both had a strong sense of kindness and compassion. As a result, I learned important lessons about patience, charity, and self-control from a very young age. My parents guided me gently, and everything seemed enjoyable to me. For a long time, I was their only child. My mother had wanted a daughter, but I was their only one. When I was about five years old, we went on a trip to the Lake of Como in Italy. My parents often visited the homes of poor people, which was not just a duty for my mother, but something she felt strongly about. She had experienced hardship herself and wanted to help others who were struggling. One day, while my father was away in Milan, my mother and I visited a small cottage in a valley. We found a poor family with many children, and one of the children stood out to my mother. This child was different from the others, with fair hair and blue eyes. Despite being poorly dressed, she seemed special. My mother was very taken with this child and wanted to know more about her. The woman of the house told us that the child was not hers, but the daughter of a nobleman from Milan. Her mother had been German and had died in childbirth. The child had been left with this family to care for, but now they were struggling to make ends meet. The child's father had been involved in the fight for Italian freedom and had lost everything. When my father returned from Milan, he found me playing with this child in our villa. She was even more beautiful than I had described, and her presence seemed to light up the room.",0.2,1.0,33cd3c08ea8d26e3b53621831f3dbe8e0c5c5f65b3edae42d663b88828043349,955998abea44b14d1b913d4137afd5a1699ca0563b4147de89dec553d0cd9a8b,573,300,0.52356,warning,length_hard_warning,json_ok,2026-06-04T09:25:17Z
groq_llama_3_3_70b_free|run_1|SHELLEY_FRANKENSTEIN_003|paraphrase,groq_llama_3_3_70b_free,groq,Groq Llama 3.3 70B free-tier run,llama-3.3-70b-versatile,llama-3.3-70b-versatile,run_1,SHELLEY_FRANKENSTEIN_003,paraphrase,"A sense of calm and joy filled my soul as I abandoned my long-standing and recently troubling studies. This marked the beginning of my association of evil with pursuing such studies and happiness with abandoning them. However, this attempt to break free from my destiny was unsuccessful, as the unyielding laws of fate had already decreed my downfall. When I turned seventeen, my parents decided it was time for me to attend the University of Ingolstadt. Until then, I had been educated in Geneva, but my father believed that experiencing different customs would be beneficial for my education. Before I could leave, disaster struck - Elizabeth contracted scarlet fever, and her condition was critical. Many people tried to persuade my mother not to care for her, but when she heard Elizabeth's life was in danger, she couldn't resist her anxiety. My mother's devoted care ultimately saved Elizabeth, but at a terrible cost: she fell ill herself. On her deathbed, my mother showed remarkable strength and kindness. She brought Elizabeth and me together, saying, 'My children, I had always hoped that you would be united in the future. This will now be a source of comfort for your father. Elizabeth, you must take my place and care for your younger siblings.' She accepted her fate and died peacefully, her face still filled with love. The pain of losing a loved one is indescribable - the void it leaves, the despair it brings, and the struggle to accept that they are truly gone. It takes time for the reality of the loss to sink in, and the true bitterness of grief to set in. But who hasn't experienced such a loss, and why should I describe a sorrow that everyone must endure?",0.2,1.0,0b8f163d7c86ad690cde2dac74c9d7da321e748bdb06d9a9028fd54c38192751,4aad0f828e4cf7c6d7c9b7292810dc24329cc3c2ecc55436d407cb43f97cd41f,560,288,0.514286,warning,length_hard_warning,json_ok,2026-06-04T09:40:14Z
groq_llama_3_3_70b_free|run_1|SHELLEY_FRANKENSTEIN_003|modernize,groq_llama_3_3_70b_free,groq,Groq Llama 3.3 70B free-tier run,llama-3.3-70b-versatile,llama-3.3-70b-versatile,run_1,SHELLEY_FRANKENSTEIN_003,modernize,"Her victory was marked by an unusual sense of calm and happiness that followed my decision to stop pursuing my old and recently troubling studies. It was as if I was being taught to associate bad things with continuing those studies and happiness with giving them up. It was a strong attempt by my conscience to guide me towards good, but it was unsuccessful. Fate was too powerful, and its unchanging laws had already determined my complete and terrible downfall. When I turned 17, my parents decided it was time for me to attend the University of Ingolstadt. Up until then, I had been going to school in Geneva, but my father thought it was necessary for me to experience different customs and ways of life beyond what I was used to in my hometown. So, my departure was set for an early date, but before that day arrived, the first major misfortune of my life occurred - a sign, in a way, of the misery that was to come. Elizabeth had contracted scarlet fever, and her condition was severe, putting her in grave danger. While she was sick, many people tried to persuade my mother not to take care of her, but when she heard that Elizabeth's life was at risk, she couldn't control her worry anymore. She took care of Elizabeth, and her attentive care helped Elizabeth recover, but the consequences of this decision were fatal for my mother. On the third day, my mother fell ill, and her fever was accompanied by very alarming symptoms. The doctors' expressions predicted the worst outcome. As she lay on her deathbed, my mother's strength and kindness didn't abandon her. She brought Elizabeth and me together, joining our hands. 'My children,' she said, 'my biggest hope for future happiness was the prospect of your being together. This will now be a comfort to your father. Elizabeth, my love, you must take my place and care for your younger siblings. I'm sad to be leaving you all, and it's hard for me to say goodbye to those I love. But these thoughts aren't what I should be focusing on; I'll try to accept my death calmly and hold onto the hope of seeing you all again in another world.' She passed away peacefully, and even in death, her face showed love. I don't need to describe the feelings of those who have lost someone they love - the emptiness that appears, the despair that's visible on their faces. It takes a long time for the mind to accept that someone we saw every day, whose existence was a part of our own, is really gone - that the sparkle in a loved one's eye has been extinguished and the sound of their voice, so familiar and dear, has been silenced forever. These are the thoughts that come in the first days, but as time passes and the reality of the loss sets in, the true bitterness of grief begins. Yet, who hasn't experienced the pain of losing someone they love? And why should I describe a sorrow that everyone has felt and will feel?",0.2,1.0,0b8f163d7c86ad690cde2dac74c9d7da321e748bdb06d9a9028fd54c38192751,406a412400517bff0d5b1d5d6c76b07bbf70626f9d2cb18006475589b7497fdc,560,519,0.926786,pass,,json_ok,2026-06-04T09:59:49Z
groq_llama_3_3_70b_free|run_1|SHELLEY_FRANKENSTEIN_003|simplify,groq_llama_3_3_70b_free,groq,Groq Llama 3.3 70B free-tier run,llama-3.3-70b-versatile,llama-3.3-70b-versatile,run_1,SHELLEY_FRANKENSTEIN_003,simplify,"When I stopped studying, I felt a sense of peace and happiness that I had not felt in a long time. This was because I had been studying things that were causing me a lot of stress and anxiety. I was starting to think that these studies were bad for me and that I would be happier if I didn't do them.

However, this feeling of peace did not last. I was meant to do something that would ultimately lead to my downfall, and nothing could change that.

When I was 17, my parents decided that I should go to the University of Ingolstadt to continue my education. I had been going to school in Geneva, but my father thought it would be good for me to experience different customs and ways of life. Before I could leave, something terrible happened that would change my life forever.

My cousin Elizabeth got very sick with scarlet fever. She was in danger of dying, and my mother was very worried about her. Even though many people told my mother not to take care of Elizabeth because she might get sick too, my mother couldn't help herself. She took care of Elizabeth and was able to save her life, but unfortunately, she got sick herself. My mother's illness was very serious, and she eventually died.

Before she died, my mother called Elizabeth and me to her bedside. She told us that she had always hoped that we would get married and be happy together. She asked Elizabeth to take care of my younger brothers and sisters, and she said that she was sad to be leaving us. She died peacefully, and her face still showed love and kindness even after she was gone.

I don't need to describe how sad and empty we felt after my mother died. It's hard to believe that someone who was such a big part of our lives is really gone. It takes a long time to accept that they will never come back, and the pain of losing them is very hard to deal with. Everyone has experienced this kind of loss at some point, so I don't need to explain it.",0.2,1.0,0b8f163d7c86ad690cde2dac74c9d7da321e748bdb06d9a9028fd54c38192751,ddd9aece0d59333b41884b384834d5320c0c096de01d9ec71686d2dde2faf3d1,560,365,0.651786,warning,json_repaired_loose_rewritten_text;length_hard_warning,json_repaired_loose_rewritten_text,2026-06-04T10:14:01Z
groq_llama_3_3_70b_free|run_1|SHELLEY_FRANKENSTEIN_004|paraphrase,groq_llama_3_3_70b_free,groq,Groq Llama 3.3 70B free-tier run,llama-3.3-70b-versatile,llama-3.3-70b-versatile,run_1,SHELLEY_FRANKENSTEIN_004,paraphrase,"The spirit of Frankenstein exclaimed, I have accomplished so much, but I will achieve far more, blazing a new trail and uncovering the secrets of creation by building upon the discoveries already made. I will explore uncharted powers and reveal to the world the deepest mysteries of existence. That night, I could not sleep, my mind was in a state of turmoil, and I felt that a new order would emerge from the chaos, but I was powerless to bring it about. As the morning dawned, sleep finally came, and when I awoke, my thoughts from the previous night seemed like a dream. All that remained was a firm resolve to return to my old studies and devote myself to a field in which I believed I had a natural aptitude. On the same day, I visited M. Waldman, and I found his private demeanor to be even more gentle and charming than his public persona, as the dignity he displayed during his lectures gave way to kindness and affability in his own home. I gave him a similar account of my previous pursuits as I had given to his colleague, and he listened attentively to my brief narrative about my studies, smiling at the mention of Cornelius Agrippa and Paracelsus, but without the disdain that M. Krempe had shown. He remarked that these men, although their zeal was sometimes misdirected, had laid the foundations for modern philosophers, and that their discoveries, although not always properly understood, had ultimately benefited humanity. He said that they had left behind a legacy of knowledge, which we could build upon, giving new names to their discoveries and organizing them into a coherent system. I listened to his words, which were spoken without pretension or affectation, and then expressed my gratitude for his lecture, which had dispelled my prejudices against modern chemists. I spoke with restraint, showing the modesty and respect due to a youth towards his instructor, and I asked for his advice on the books I should acquire. M. Waldman replied, I am delighted to have gained a student, and if your dedication matches your ability, I have no doubt you will succeed. Chemistry, he said, is the branch of natural philosophy where the greatest advances have been made, and it is the field I have chosen to specialize in, but I have not neglected other areas of science. A person who focuses solely on chemistry would make a poor chemist, for to be a true man of science, one must be well-versed in all branches of natural philosophy, including mathematics. He then took me to his laboratory, where he explained the purpose of his various instruments, instructing me on what I should acquire and offering me the use of his own equipment when I had progressed far enough in my studies. He also provided me with the list of books I had requested, and I took my leave.",0.2,1.0,868fb111bd2b4cbe0717e27ced3d95439f29fb7cf476aafff282dd973e1e4a0d,9ce9ab16a532fac6a3ba332f389cc3522fb454b54266a9e95856d224aa84e740,555,487,0.877477,pass,,json_ok,2026-06-04T10:34:22Z
groq_llama_3_3_70b_free|run_1|SHELLEY_FRANKENSTEIN_004|modernize,groq_llama_3_3_70b_free,groq,Groq Llama 3.3 70B free-tier run,llama-3.3-70b-versatile,llama-3.3-70b-versatile,run_1,SHELLEY_FRANKENSTEIN_004,modernize,"So much has been accomplished, exclaimed the soul of Frankenstein - more, far more, will I achieve; building on the foundation already laid, I will blaze a new trail, explore uncharted powers, and reveal to the world the deepest secrets of creation.

I didn't sleep that night. My mind was in a state of turmoil; I felt that order would eventually emerge, but I had no control over it. As the morning dawned, sleep finally came. I woke up, and my thoughts from the previous night seemed like a dream. All that remained was a determination to return to my old studies and devote myself to a field I believed I had a natural talent for. On the same day, I visited M. Waldman. In private, he was even more gentle and charming than in public, as the dignity he displayed during his lectures gave way to warmth and kindness in his own home. I gave him a similar account of my previous pursuits as I had given to his fellow professor. He listened attentively to my brief story about my studies and smiled at the mention of Cornelius Agrippa and Paracelsus, but without the disdain that M. Krempe had shown. He said, 'These were men to whom modern philosophers owe a great debt for laying the foundations of their knowledge. They paved the way for us, making it easier to give new names and organize the facts they discovered into connected classifications. The work of genius, even if misguided, rarely fails to ultimately benefit humanity.' I listened to his words, which were spoken without pretension or affectation, and then added that his lecture had changed my biases against modern chemists. I expressed myself in measured terms, with the humility and respect due from a young person to their instructor, without revealing the enthusiasm that drove my intended work. I asked for his advice on which books to acquire.

'I'm happy,' said M. Waldman, 'to have gained a student; and if your dedication matches your ability, I have no doubt you'll succeed. Chemistry is the branch of natural philosophy where the most significant advancements have been and can be made; that's why I've made it my area of focus. However, I haven't neglected other branches of science. A person who only focuses on chemistry would make a poor scientist. If you want to become a true man of science, not just a minor experimentalist, I'd advise you to explore every branch of natural philosophy, including mathematics.'

He then took me to his laboratory and explained the uses of his various machines, instructing me on what I should acquire and offering me the use of his equipment when I'd advanced far enough in the science not to disrupt their mechanics. He also gave me the list of books I'd requested, and I took my leave.",0.2,1.0,868fb111bd2b4cbe0717e27ced3d95439f29fb7cf476aafff282dd973e1e4a0d,03ae87014e0e2ec60b06842cd4dda1d29954e6ff1ca3d4944e79978362039d4e,555,473,0.852252,warning,json_repaired_loose_rewritten_text;prompt_or_source_leakage_warning,json_repaired_loose_rewritten_text,2026-06-04T10:57:09Z
groq_llama_3_3_70b_free|run_1|SHELLEY_FRANKENSTEIN_004|simplify,groq_llama_3_3_70b_free,groq,Groq Llama 3.3 70B free-tier run,llama-3.3-70b-versatile,llama-3.3-70b-versatile,run_1,SHELLEY_FRANKENSTEIN_004,simplify,"I felt driven to achieve more, to explore new ideas and uncover the secrets of creation. The night before, I couldn't sleep, my mind was racing with thoughts and feelings. But as the morning came, I calmed down and my thoughts seemed like a dream. I decided to go back to my old studies and focus on science, which I thought I had a natural talent for. That same day, I visited M. Waldman. He was even kinder and more gentle in person than in his lectures. I told him about my past studies, and he listened carefully. When I mentioned the names of Cornelius Agrippa and Paracelsus, he smiled, but not with the same contempt that M. Krempe had shown. He said that these men had laid the foundation for modern knowledge, and that we owed them a debt for their hard work. He explained that even though they may have made mistakes, their work ultimately helped humanity. I listened to his words, which were spoken without pride or pretension. I then told him that his lecture had changed my opinion of modern chemists, and I asked for his advice on what books to read. M. Waldman was happy to have a new student and said that if I worked hard, I would be successful. He told me that chemistry was a field with a lot of potential for discovery, but that I should also study other areas of science, including math. He showed me his laboratory and explained how his machines worked, offering to let me use them when I was more advanced. He also gave me a list of books to read, and I left. M. Waldman's words and actions made me feel like I was on the right path, and I was excited to start my new journey in science.",0.2,1.0,868fb111bd2b4cbe0717e27ced3d95439f29fb7cf476aafff282dd973e1e4a0d,96fefd7725df8e3f155608667103699dbdac70c33e919138e6e9a319f527e619,555,304,0.547748,warning,length_hard_warning,json_ok,2026-06-04T11:10:50Z
groq_llama_3_3_70b_free|run_1|SHELLEY_FRANKENSTEIN_005|paraphrase,groq_llama_3_3_70b_free,groq,Groq Llama 3.3 70B free-tier run,llama-3.3-70b-versatile,llama-3.3-70b-versatile,run_1,SHELLEY_FRANKENSTEIN_005,paraphrase,"My father's letters contained no criticism, only a more detailed inquiry into my activities, which he had not done before. As the seasons passed - winter, spring, and summer - I was completely absorbed in my work, oblivious to the blossoming flowers and expanding leaves that had once brought me such joy. By the time the leaves withered, my project was nearing completion, and each day revealed the success of my endeavours. However, my excitement was tempered by anxiety, making me seem more like a slave toiling in a mine than an artist passionate about his craft. Every night, I suffered from a lingering fever, and my nerves were on edge to the point of pain; even the sound of a falling leaf startled me, and I avoided human contact as if I were guilty of some transgression. Occasionally, I was alarmed by the state I had become, but the drive to complete my work sustained me, and I convinced myself that once it was finished, I could regain my health through exercise and leisure. My creation would soon be complete, and I looked forward to a time when I could indulge in both. It was a dismal November night when I finally saw the culmination of my efforts. With an anxiety that bordered on anguish, I gathered the tools necessary to imbue life into the inanimate being at my feet. It was already past one in the morning, the rain drummed against the windows, and my candle was almost spent when, by the faint light, I saw the creature's dull yellow eye open; it breathed laboriously, and its limbs convulsed. I am at a loss to describe my emotions at this moment or to portray the being I had painstakingly created. Its limbs were proportionate, and I had chosen its features for their beauty. But, oh God, its yellow skin barely concealed the underlying muscles and arteries, its hair was a lustrous black, and its teeth were a pearly white; however, these features only served to accentuate the horror of its watery eyes, which seemed to match the colour of the dull-white sockets that held them, its shrivelled skin, and straight black lips. The unpredictability of life's events is nothing compared to the volatility of human emotions. I had toiled for nearly two years, driven by an all-consuming passion to animate an inanimate body, sacrificing rest and health in the process. But now that my goal was achieved, the allure of my dream dissipated, replaced by an overwhelming sense of horror and disgust. Unable to bear the sight of the being I had created, I fled the room and paced back and forth in my bedchamber for a long time, trying to calm my mind and find sleep. Eventually, exhaustion took over, and I collapsed onto my bed, still dressed, seeking a brief respite from my turmoil.",0.2,1.0,b17da83d90b582e07714dccc19f493136a55ccb6e0f2b57c2613b6c5b735c839,64ed4e72c6eec0c50fd0a767711cd83f38b15c405da04ac7e23acf7cd480f914,556,476,0.856115,pass,,json_ok,2026-06-04T11:24:56Z
groq_llama_3_3_70b_free|run_1|SHELLEY_FRANKENSTEIN_005|modernize,groq_llama_3_3_70b_free,groq,Groq Llama 3.3 70B free-tier run,llama-3.3-70b-versatile,llama-3.3-70b-versatile,run_1,SHELLEY_FRANKENSTEIN_005,modernize,"My father didn't criticize me in his letters, but he did notice my silence by asking more specific questions about what I was doing. Winter, spring, and summer passed while I was working, but I didn't pay attention to the blossoms or the leaves growing - things that normally brought me a lot of joy. I was completely absorbed in my work. By the time the leaves started to wither, my project was almost finished, and every day I could see more clearly how successful I had been. However, my excitement was tempered by my anxiety, and I felt more like someone forced into hard labor than an artist doing what they loved. Every night, I felt overwhelmed by a low-grade fever, and I became extremely nervous; even the sound of a leaf falling would startle me, and I avoided being around other people as if I had done something wrong. Sometimes I was alarmed by the state I had gotten myself into, but the only thing that kept me going was my determination to finish. I thought that once my work was done, I could relax and have some fun, and that would help me recover from the stress I was under. I promised myself that I would take a break and enjoy myself once my creation was complete. It was a gloomy November night when I finally saw the result of my hard work. I was extremely anxious, almost to the point of agony, as I gathered the equipment I needed to bring my creation to life. It was already 1 am, the rain was coming down against the windows, and my candle was almost out. Just as the light was fading, I saw the creature's dull yellow eye open; it was breathing heavily, and its limbs were convulsing. I'm not sure how to describe my feelings at that moment, or how to portray the being I had worked so hard to create. Its limbs were proportional, and I had chosen its features carefully, trying to make them beautiful. But its yellowish skin was almost transparent, showing the muscles and blood vessels underneath; its hair was black and shiny, but its eyes were a watery color that seemed to match the pale sockets they were set in. The creature's complexion was dry and wrinkled, and its lips were thin and black. Life is unpredictable, but human emotions can change even more quickly. I had spent nearly two years working tirelessly to bring a lifeless body to life. I had given up rest and health for this goal, and I had wanted it so badly that it had become an obsession. But now that it was finished, the dream had lost its appeal, and I was filled with horror and disgust. I couldn't bear to look at the being I had created, so I ran out of the room and paced back and forth in my bedroom for a long time, unable to calm down. Eventually, I became exhausted and lay down on the bed in my clothes, trying to forget what I had just experienced.",0.2,1.0,b17da83d90b582e07714dccc19f493136a55ccb6e0f2b57c2613b6c5b735c839,c050328d1f4a1026f1a107738bd4a579896e28fd398133d3511ea03db613ee96,556,516,0.928058,pass,,json_ok,2026-06-04T11:39:05Z
groq_llama_3_3_70b_free|run_1|SHELLEY_FRANKENSTEIN_005|simplify,groq_llama_3_3_70b_free,groq,Groq Llama 3.3 70B free-tier run,llama-3.3-70b-versatile,llama-3.3-70b-versatile,run_1,SHELLEY_FRANKENSTEIN_005,simplify,"My father didn't scold me in his letters, but he did ask more about what I was doing because I hadn't written to him in a while. As the seasons passed - winter, spring, and summer - I was so focused on my work that I didn't even notice the flowers blooming or the leaves growing. Before, these things would have brought me great joy, but now I was too caught up in what I was doing. By the time my project was almost finished, the leaves had already started to wither and fall. Every day, I could see that I was getting close to succeeding, but my excitement was mixed with worry. I felt like I was trapped in a never-ending job, like working in a mine, rather than doing something I loved. Every night, I felt sick and nervous, and even small noises, like a leaf falling, would startle me. I avoided being around other people, feeling like I had done something wrong. Sometimes, I realized how much my health had suffered, but I kept going because I knew my work would be done soon. I told myself that once it was finished, I could rest and have some fun, and that would make me feel better.

It was a gloomy November night when I finally finished my project. I was extremely anxious as I gathered the tools I needed to bring my creation to life. It was already 1 am, and the rain was pouring down outside, making a sad sound against the windows. My candle was almost out, but in the faint light, I saw the creature's dull yellow eye open. It started breathing heavily, and its limbs began to move.

I don't know how to describe how I felt at that moment, or how to describe the creature I had made with such care. Its body was proportional, and I had chosen its features to be beautiful. But its yellowish skin was almost transparent, showing the muscles and blood vessels underneath. Its hair was black and shiny, and its teeth were white, but these features only made its watery eyes and pale skin look even more horrible.

I had worked tirelessly for nearly two years to bring this being to life, sacrificing my own rest and health. But now that it was done, my excitement was replaced with horror and disgust. I couldn't bear to look at the creature, so I ran out of the room and paced back and forth in my bedroom, trying to calm down. Eventually, I got tired and lay down on my bed, still wearing my clothes, hoping to forget what I had just seen for a little while.",0.2,1.0,b17da83d90b582e07714dccc19f493136a55ccb6e0f2b57c2613b6c5b735c839,794431c40c3bbec1b1ded9f3fa731bde7972b1766b065685bd85e5a1e2b1b408,556,447,0.803957,warning,json_repaired_loose_rewritten_text;length_soft_warning,json_repaired_loose_rewritten_text,2026-06-04T11:53:16Z
groq_llama_3_3_70b_free|run_1|SHELLEY_FRANKENSTEIN_006|paraphrase,groq_llama_3_3_70b_free,groq,Groq Llama 3.3 70B free-tier run,llama-3.3-70b-versatile,llama-3.3-70b-versatile,run_1,SHELLEY_FRANKENSTEIN_006,paraphrase,"I worry that he will become idle unless we give in and let him pursue the profession he has chosen. Since you left, little has changed except for the growth of our children. The serene lake and snow-covered mountains remain unchanged, and I believe our peaceful home and contented hearts are governed by the same unchanging principles. My minor pursuits keep me occupied and entertained, and I am rewarded for my efforts by seeing only happy and kind faces around me. One change has occurred in our household since your departure. Do you recall the circumstances under which Justine Moritz joined our family? You may not remember, so I will briefly recount her story. Madame Moritz, Justine's mother, was a widow with four children, and Justine was the third. Although Justine was her father's favorite, her mother, for some inexplicable reason, could not stand her and treated her poorly after her father's death. My aunt noticed this and, when Justine was twelve, persuaded her mother to let her live with us. The democratic institutions of our country have fostered simpler and more pleasant manners than those found in the surrounding monarchies. As a result, there is less distinction between social classes, and the lower classes are neither as impoverished nor as despised, leading to more refined and moral behavior. In Geneva, being a servant does not carry the same connotations as it does in France and England. Justine, having been welcomed into our family, learned the duties of a servant, a role that in our fortunate country does not imply ignorance or a loss of human dignity. You may recall that Justine was a great favorite of yours, and I remember you once commenting that her presence could dispel your bad mood, much like Ariosto described the beauty of Angelica - she seemed so genuine and happy. My aunt grew very fond of Justine and decided to provide her with a better education than initially planned. This kindness was repaid in full; Justine was the most grateful person, not because she made any grand declarations, but her eyes showed that she almost worshipped her benefactress. Although Justine's nature was carefree and sometimes inconsiderate, she paid close attention to my aunt's every gesture and tried to emulate her speech and manners, often reminding me of her even now. When my beloved aunt passed away, everyone was too consumed by their own grief to notice poor Justine, who had cared for her during her illness with great devotion. Justine was very ill, but she was to face even more challenges. One by one, her brothers and sister died, leaving her mother childless, except for her neglected daughter. The woman's conscience was troubled, and she began to think that the deaths of her favorite children were a divine punishment for her partiality.",0.2,1.0,5608769bafcc30ca517fa8298ea72d23ea30a71203fa5cf000f4dc45cb27ea13,ce6fc2b4f1be52b08942b2e7302f842a51557e83279bca91253f8f06cd4f37f9,568,468,0.823944,warning,length_soft_warning,json_ok,2026-06-04T12:07:23Z
groq_llama_3_3_70b_free|run_1|SHELLEY_FRANKENSTEIN_006|modernize,groq_llama_3_3_70b_free,groq,Groq Llama 3.3 70B free-tier run,llama-3.3-70b-versatile,llama-3.3-70b-versatile,run_1,SHELLEY_FRANKENSTEIN_006,modernize,"I'm worried that he'll become lazy unless we give in and let him pursue the career he's chosen. Since you've been away, not much has changed except that our kids have grown up. The lake and mountains are still the same, and I think our happy home and contented hearts are governed by the same unchanging principles. My hobbies keep me busy and entertained, and I'm rewarded by seeing only happy, kind faces around me. The only change in our household since you left is that Justine Moritz joined our family. You might not remember the circumstances, so I'll fill you in briefly. Justine's mother, Madame Moritz, was a widow with four kids, and Justine was the third. She was always her father's favorite, but her mother, for some strange reason, couldn't stand her and treated her poorly after her father passed away. My aunt noticed this and, when Justine was 12, convinced her mother to let her live with us. In our country, the system has created a more straightforward and happier way of life, with less distinction between social classes. As a result, the lower classes are neither extremely poor nor looked down upon, and their behavior is more refined and moral. Being a servant in Geneva doesn't carry the same stigma as it does in France or England. Justine, having joined our family, learned the responsibilities of a servant, a role that in our fortunate country doesn't imply ignorance or a loss of human dignity. You may recall that Justine was a favorite of yours, and I remember you once saying that if you were in a bad mood, one look from Justine could lift your spirits, much like Ariosto described the beauty of Angelica - she seemed so genuine and happy. My aunt grew very attached to her and decided to give her a better education than initially planned. This investment paid off, as Justine was extremely grateful. I don't mean that she ever expressed it openly, but you could see it in her eyes - she almost idolized her benefactress. Although Justine's personality was carefree and sometimes thoughtless, she paid close attention to every gesture my aunt made. She saw my aunt as a role model and tried to imitate her speech and manners, and even now, she often reminds me of her. When my beloved aunt passed away, everyone was too caught up in their own grief to notice poor Justine, who had taken care of her during her illness with great affection. Justine was very ill, but she was about to face even more challenges. One by one, her brothers and sister died, leaving her mother childless, except for her neglected daughter. The woman's conscience began to trouble her, and she started to think that the deaths of her favorite children were a punishment from heaven for her favoritism.",0.2,1.0,5608769bafcc30ca517fa8298ea72d23ea30a71203fa5cf000f4dc45cb27ea13,b777a694bded5c87dd252bda0b3469b2e5cf35aa96f4afa5e639e9013e1d09ea,568,474,0.834507,warning,length_soft_warning,json_ok,2026-06-04T12:21:35Z
groq_llama_3_3_70b_free|run_1|SHELLEY_FRANKENSTEIN_006|simplify,groq_llama_3_3_70b_free,groq,Groq Llama 3.3 70B free-tier run,llama-3.3-70b-versatile,llama-3.3-70b-versatile,run_1,SHELLEY_FRANKENSTEIN_006,simplify,"I'm worried that he'll become lazy if we don't let him pursue the career he's chosen. Not much has changed since you left us, except that our children have grown. The lake and mountains are still the same, and our home and hearts are peaceful. I keep busy with small tasks and see only happy faces around me. One change has happened in our household since you left. Do you remember how Justine Moritz joined our family? Probably not, so I'll tell you her story. Justine's mother, Madame Moritz, was a widow with four children. Justine was her third child, and her father's favorite. But after he died, her mother treated her poorly. My aunt noticed this and invited Justine to live with us when she was 12. In our country, people are more equal and happy. There's less difference between the rich and the poor, and servants are treated with respect. Justine learned to be a servant, but it didn't mean she was ignorant or less dignified. You might remember that Justine was a favorite of yours. You once said that she could cheer you up with just one look. My aunt loved her too and decided to give her a better education. Justine was very grateful and looked up to my aunt. She tried to imitate her and still reminds me of her today. When my aunt died, everyone was too sad to notice Justine, who had taken care of her during her illness. Justine was very ill, but she had more troubles ahead. One by one, her brothers and sister died, and her mother was left alone. She felt guilty for not loving Justine as much as her other children and thought that their deaths were a punishment from heaven.",0.2,1.0,5608769bafcc30ca517fa8298ea72d23ea30a71203fa5cf000f4dc45cb27ea13,351d4ecd727b4d20284ca5cb5bfa1008146f3d10f191627f5a9bfa7f2dfb9683,568,293,0.515845,warning,length_hard_warning,json_ok,2026-06-04T12:35:48Z
groq_llama_3_3_70b_free|run_1|SHELLEY_FRANKENSTEIN_007|paraphrase,groq_llama_3_3_70b_free,groq,Groq Llama 3.3 70B free-tier run,llama-3.3-70b-versatile,llama-3.3-70b-versatile,run_1,SHELLEY_FRANKENSTEIN_007,paraphrase,"My homeland, my cherished land, how delightful it was to once again behold your rivers, mountains, and most of all, your enchanting lake. As I approached my home, however, sorrow and fear overcame me, and the night's darkness deepened my despair. The scene before me seemed a vast, ominous landscape, and I foresaw a bleak future, destined to become the most miserable of humans. Alas, my prophecy proved true, but I had not imagined even a fraction of the anguish that awaited me. Upon arriving in the vicinity of Geneva, I found the town gates closed, and I was forced to spend the night in the village of Secheron, half a league from the city. The sky was clear, but I couldn't rest, so I decided to visit the spot where my poor brother William had been murdered. To get there, I had to cross the lake by boat to reach Plainpalais. During this brief journey, I saw lightning dancing on the summit of Mont Blanc in breathtaking patterns. The storm was approaching rapidly, and after landing, I climbed a small hill to observe its progress. The heavens grew cloudy, and the rain began to fall in large drops, quickly intensifying. I left my perch and walked on, despite the increasing darkness and storm, as the thunder boomed above me. The sound was echoed by the surrounding mountains, and flashes of lightning illuminated the lake, making it seem like a vast expanse of fire, only to plunge everything into darkness again. The storm, typical of those in Switzerland, seemed to rage in multiple parts of the sky at once. The most violent tempest hung over the lake, between the promontory of Belrive and the village of Copêt, while another storm faintly illuminated the Jura, and yet another shrouded the Môle, a peaked mountain to the east. As I watched the tempest, both beautiful and terrifying, I wandered on with hasty steps. The turmoil in the sky lifted my spirits, and I exclaimed aloud, 'William, dear angel, this is your funeral, your dirge!' As I spoke, I noticed a figure emerging from behind a cluster of trees near me. I stood frozen, gazing intently, and a flash of lightning revealed the object's shape, its gigantic stature and hideous deformity, unmistakably the creature I had brought to life. What was it doing there? Could it be, I shuddered at the thought, the murderer of my brother?",0.2,1.0,8b6c2070aae7ca69b719b17e60ad7ede04efbfe47c6fd8c03f214a58ad90e0d6,b5ffccc983592e3710845e404644cf763da8819cfa0f3f011a7e996f3e667f47,554,404,0.729242,warning,length_hard_warning,json_ok,2026-06-04T12:55:46Z
groq_llama_3_3_70b_free|run_1|SHELLEY_FRANKENSTEIN_007|modernize,groq_llama_3_3_70b_free,groq,Groq Llama 3.3 70B free-tier run,llama-3.3-70b-versatile,llama-3.3-70b-versatile,run_1,SHELLEY_FRANKENSTEIN_007,modernize,"My country, my beloved country! Only someone born and raised here can understand the joy I felt when I saw your rivers, mountains, and especially your beautiful lake again. As I got closer to home, though, grief and fear took over again. Night was falling, and when I could barely see the dark mountains, I felt even more somber. The whole scene seemed like a vast, ominous landscape, and I had a vague sense that I was destined for a life of misery. Unfortunately, my prediction was accurate, but I underestimated the extent of the suffering I would endure - I didn't even come close to imagining the full extent of the pain that awaited me. When I arrived in the Geneva area, it was completely dark. The city gates were already closed, so I had to spend the night in Secheron, a village about half a league away from the city. The sky was clear, but I was too restless to sleep, so I decided to visit the spot where my poor brother William was murdered. Since I couldn't go through the city, I took a boat across the lake to get to Plainpalais. During this short trip, I saw lightning illuminating the top of Mont Blanc in stunning patterns. The storm seemed to be approaching quickly, and when I landed, I climbed a small hill to watch its progress. The storm drew closer, the sky clouded over, and soon I felt the rain starting to fall in large drops, which quickly grew more intense. I got up and started walking, even though the darkness and storm were getting worse by the minute. The thunder boomed loudly above me, and the lightning flashes were so bright that they dazzled my eyes, making the lake look like a vast sheet of fire. Then, for a moment, everything would go pitch black until my eyes adjusted to the darkness again. The storm, typical of those in Switzerland, seemed to be happening in multiple parts of the sky at once. The most intense part of the storm was directly north of the city, over the part of the lake between the Belrive promontory and the village of Copêt. Another storm was illuminating the Jura mountains with faint flashes, while yet another was casting a dark shadow over the Môle, a peaked mountain to the east of the lake. As I watched the tempest, both beautiful and terrifying, I walked quickly, my spirits lifted by the turmoil in the sky. I clasped my hands and exclaimed out loud, 'William, dear brother, this is your funeral, your final farewell!' As I spoke, I saw a figure emerging from the darkness behind a group of trees near me. I stood frozen, staring intently, and I knew I wasn't mistaken. A flash of lightning revealed the figure's shape, and its enormous size and grotesque appearance - more hideous than anything human - told me that it was the monster, the creature I had brought to life. What was it doing there? Could it be - the thought sent shivers down my spine - my brother's killer?",0.2,1.0,8b6c2070aae7ca69b719b17e60ad7ede04efbfe47c6fd8c03f214a58ad90e0d6,e2e33f880107450770ceea862f16726bbadf660d6355b95af861a0867b5faadd,554,515,0.929603,pass,,json_ok,2026-06-04T13:18:03Z
groq_llama_3_3_70b_free|run_1|SHELLEY_FRANKENSTEIN_007|simplify,groq_llama_3_3_70b_free,groq,Groq Llama 3.3 70B free-tier run,llama-3.3-70b-versatile,llama-3.3-70b-versatile,run_1,SHELLEY_FRANKENSTEIN_007,simplify,"My country, my beloved country! I felt a deep joy seeing its streams, mountains, and beautiful lake again. But as I got closer to home, sadness and fear took over. Night fell, and the darkness made me feel even more gloomy. I had a sense of foreboding, feeling that I was destined for great suffering. Unfortunately, my fears were correct, and I didn't even imagine the full extent of the pain I would endure.

It was completely dark when I arrived near Geneva. The city gates were closed, so I had to spend the night in the village of Secheron, about half a league away. The sky was clear, but I couldn't sleep, so I decided to visit the place where my brother William was murdered. Since I couldn't go through the city, I took a boat across the lake to Plainpalais. During the short trip, I saw lightning flashing on the top of Mont Blanc in a beautiful display. A storm was approaching, and when I landed, I climbed a small hill to watch it. The storm quickly got worse, with heavy rain and loud thunder.

I got up and walked on, despite the darkness and the storm getting stronger every minute. The thunder was deafening, and the lightning flashes lit up the lake, making it look like a huge sheet of fire. Then, everything would go dark until my eyes adjusted again. The storm seemed to be happening all around me, with the most violent part right over the lake, between the Belrive promontory and the village of Copêt. I saw another storm lighting up the Jura mountains with faint flashes, and another one hiding and revealing the Môle, a peaked mountain to the east of the lake.

As I watched the storm, I felt my spirits lift. I walked quickly, feeling a sense of awe at the powerful display in the sky. I clasped my hands and exclaimed, 'William, dear brother, this is like a funeral for you, a tribute to your memory!' As I spoke, I saw a figure coming from behind a group of trees near me. I stood still, staring intently, and a flash of lightning revealed its shape. I saw that it was the creature I had brought to life, with its gigantic size and horribly deformed appearance. What was it doing there? Could it be, I thought with a shudder, the one who killed my brother?",0.2,1.0,8b6c2070aae7ca69b719b17e60ad7ede04efbfe47c6fd8c03f214a58ad90e0d6,664387f8c369bcb5b95e738f832f20ab388ad43f0e2e69570c8dc6ec5ab1ba43,554,404,0.729242,warning,json_repaired_loose_rewritten_text;length_hard_warning,json_repaired_loose_rewritten_text,2026-06-04T13:50:06Z
groq_llama_3_3_70b_free|run_1|SHELLEY_FRANKENSTEIN_008|paraphrase,groq_llama_3_3_70b_free,groq,Groq Llama 3.3 70B free-tier run,llama-3.3-70b-versatile,llama-3.3-70b-versatile,run_1,SHELLEY_FRANKENSTEIN_008,paraphrase,"Everyone else was convinced of her guilt, which filled me with despair, for I knew it was impossible. Seeing everyone else so thoroughly prejudiced against her made me feel hopeless. She burst into tears. 'Dearest niece,' my father said, 'dry your tears. If she is innocent, as you believe, have faith in the justice of our laws and the efforts I will make to ensure that no bias influences the outcome.' We spent a few sorrowful hours until eleven o'clock, when the trial was set to begin. My father and the rest of the family had to attend as witnesses, and I accompanied them to the court. Throughout this miserable mockery of justice, I endured unbearable suffering. The outcome would determine whether my reckless curiosity and actions would result in the death of two innocent people: a happy, innocent child and another who had been brutally murdered in a way that made the crime especially horrific. Justine, a young woman of great promise, was also at risk of having her life cut short and thrown away in a shameful grave, all because of me. I would have rather confessed to the crime myself, even though I knew I was innocent, but I had been elsewhere when it happened, and such a claim would have been dismissed as the ravings of a madman and would not have saved Justine. Justine's demeanor was calm as she entered the court, dressed in mourning. Her face, always attractive, was made even more beautiful by the solemnity of her emotions. Although she seemed confident in her innocence, she did not tremble, despite being stared at and despised by the crowd. However, her tranquility seemed forced, and she struggled to maintain a brave appearance, knowing that her earlier confusion had been used as evidence against her. When she saw us in the court, a tear appeared in her eye, but she quickly regained her composure, and a look of sorrowful affection seemed to confirm her complete innocence. The trial commenced, and after the prosecutor presented the charges, several witnesses were called to testify. A number of strange facts seemed to incriminate her, which might have raised doubts in the minds of those who did not know her as I did. She had been out all night on the evening of the murder and had been seen near the spot where the child's body was later found. When questioned by a market woman, she had given a confused and unintelligible answer. She returned home around eight o'clock and, when asked where she had been, said she had been searching for the child and asked if anyone had heard anything about him. When she was shown the body, she became hysterical and took to her bed for several days.",0.2,1.0,ee8fd56a19d0b024bed155298e790d8d579707dffd799bd04125bf40dd2b3ca9,9101f78da6cf7f89e935504ecae3bf2d5f904d5aadb8a57c599573c8b38dd7ae,562,461,0.820285,warning,length_soft_warning,json_ok,2026-06-04T14:11:54Z
groq_llama_3_3_70b_free|run_1|SHELLEY_FRANKENSTEIN_008|modernize,groq_llama_3_3_70b_free,groq,Groq Llama 3.3 70B free-tier run,llama-3.3-70b-versatile,llama-3.3-70b-versatile,run_1,SHELLEY_FRANKENSTEIN_008,modernize,"Everyone else believes in her guilt, and that made me miserable, because I knew it was impossible. Seeing everyone else so strongly prejudiced against her made me feel hopeless and desperate."" She burst into tears.

""My dear niece,"" my father said, ""stop crying. If she's innocent, as you believe, trust in the fairness of our laws and the efforts I'll make to ensure there's no bias whatsoever.""

We spent a few sad hours until 11 o'clock, when the trial was set to begin. My father and the rest of the family had to attend as witnesses, so I went with them to the court. Throughout this horrific mockery of justice, I suffered immense emotional pain. The outcome would determine whether my reckless actions would lead to the death of two innocent people: a happy, innocent baby and another person who was brutally murdered in a way that made the crime truly horrific. Justine was also a young woman with a lot of potential, and her life was about to be destroyed in a shameful way - all because of me. I would have rather admitted to the crime myself, even though I knew I wasn't guilty, but I was nowhere near the scene when it happened, and no one would have believed me anyway.

Justine looked calm and composed. She was dressed in mourning clothes, and her face, which was always attractive, was made even more beautiful by the seriousness of her emotions. Despite being stared at and hated by thousands of people, she seemed confident in her innocence and didn't flinch. However, her calmness seemed forced, and earlier, her confusion had been used as evidence of her guilt. So, she made an effort to appear brave. When she entered the courtroom, she quickly scanned the room and found us. A tear seemed to well up in her eye when she saw us, but she quickly regained her composure, and a look of sad affection seemed to prove her complete innocence.

The trial started, and after the prosecutor presented the charges, several witnesses were called. Several strange facts seemed to incriminate Justine, which might have raised doubts in anyone who didn't have the same proof of her innocence that I had. She had been out all night on the evening of the murder and was seen by a market vendor near the spot where the child's body was later found. The vendor asked her what she was doing there, but she looked strange and only gave a confused and unclear answer. She returned home around 8 o'clock, and when someone asked her where she had spent the night, she said she had been looking for the child and asked if anyone had heard anything about him. When she was shown the body, she had a severe breakdown and stayed in bed for several days.",0.2,1.0,ee8fd56a19d0b024bed155298e790d8d579707dffd799bd04125bf40dd2b3ca9,e20a1a86edab7b2508d7d9ae344b83664ce758a04d94a138a73cc0f2b114e932,562,473,0.841637,warning,json_repaired_loose_rewritten_text;length_soft_warning,json_repaired_loose_rewritten_text,2026-06-04T14:54:00Z
groq_llama_3_3_70b_free|run_1|SHELLEY_FRANKENSTEIN_008|simplify,groq_llama_3_3_70b_free,groq,Groq Llama 3.3 70B free-tier run,llama-3.3-70b-versatile,llama-3.3-70b-versatile,run_1,SHELLEY_FRANKENSTEIN_008,simplify,"Everyone else thought Justine was guilty, and that made me very sad because I knew it wasn't possible. Seeing everyone so strongly against her made me feel hopeless. She started crying. My father said, 'Dear niece, stop crying. If Justine is innocent like you think, trust that our laws will be fair and I'll make sure nothing unfair happens.' We spent a few sad hours until 11 o'clock when the trial was going to start. My family and I had to go to the court as witnesses. The whole time, I felt like I was suffering. The trial was to decide if my actions would cause the death of two people: a happy baby and another person who was murdered in a terrible way. Justine was a good person who deserved a happy life, but now it might all be taken away, and I would be the reason. I wished I could say I did it, but I wasn't there when it happened, and no one would believe me anyway. Justine looked calm when she came into the court. She was wearing black clothes and her face was very serious, but still beautiful. She seemed confident that she was innocent and didn't shake, even though many people were staring at her and hated her for what they thought she did. She was calm, but you could tell it was hard for her. When she saw us, she got a little teary-eyed, but then she looked strong again. The trial started, and the lawyer against her said what she was accused of. Then, some people were called to testify. Some strange things came up that might have made people doubt her innocence if they didn't know her like I did. She had been out all night when the murder happened and was seen near where the body was found. She acted strangely when someone asked her what she was doing, and when she got home, she said she had been looking for the child. When she saw the body, she became very upset and stayed in bed for days.",0.2,1.0,ee8fd56a19d0b024bed155298e790d8d579707dffd799bd04125bf40dd2b3ca9,387bd7ed705c0ca2b1801976e9785b5a68846ddd72e804694d1f578110255584,562,348,0.619217,warning,length_hard_warning,json_ok,2026-06-04T15:03:21Z
groq_llama_3_3_70b_free|run_1|SHELLEY_FRANKENSTEIN_009|paraphrase,groq_llama_3_3_70b_free,groq,Groq Llama 3.3 70B free-tier run,llama-3.3-70b-versatile,llama-3.3-70b-versatile,run_1,SHELLEY_FRANKENSTEIN_009,paraphrase,"I admitted my guilt, but it was a false confession. I did so in the hopes of receiving forgiveness, yet this untruth now weighs heavier on my conscience than all my other transgressions. May the God of heaven have mercy on me. Since my condemnation, my confessor has been relentless, threatening and intimidating me to the point where I almost began to believe I was the monster he claimed I was. He warned of excommunication and eternal damnation if I refused to recant. Dear lady, I had no one to turn to; everyone viewed me as a wretch destined for shame and perdition. What choice did I have? In a moment of weakness, I acquiesced to a lie; and now, I am truly miserable. She paused, overcome with emotion, and then continued, 'I was horrified, dear lady, that you would think Justine, whom your aunt had held in such high esteem and whom you loved, was capable of a crime that only the devil himself could have committed. Dear William, dearest child, I will soon see you again in heaven, where we will all be happy, and that brings me solace as I face ignominy and death.' 'Oh, Justine, forgive me for ever doubting you. Why did you confess? But do not despair, dear girl. Do not be afraid. I will proclaim your innocence, I will prove it. I will move the hearts of your enemies with my tears and prayers. You will not die. You, my companion, my sister, will not perish on the scaffold. No, I could never survive such a terrible fate.' Justine shook her head sorrowfully. 'I do not fear death,' she said. 'That fear is behind me. God gives me the strength to endure the worst. I am leaving a sad and bitter world, and if you remember me as one who was wrongly condemned, I am at peace with my fate. Learn from me, dear lady, to accept the will of heaven with patience.' During this conversation, I had withdrawn to a corner of the prison cell, where I could hide the intense anguish that gripped me. Despair, who dared speak of that? The poor victim, who was to cross the threshold between life and death the next day, did not feel, as I did, such profound and bitter agony. I clenched my teeth and let out a groan that came from the depths of my soul. Justine noticed and approached me, saying, 'Dear sir, you are very kind to visit me. I hope you do not believe I am guilty?' I was unable to respond. 'No, Justine,' Elizabeth said, 'he is even more convinced of your innocence than I was. Even when he heard of your confession, he did not believe it.' 'I am truly grateful to him. In these final moments, I feel deep gratitude towards those who think of me with kindness. The affection of others is a balm to someone like me. It lifts more than half my sorrow, and I feel as if I could die in peace now that my innocence is acknowledged by you, dear lady, and your cousin.' Thus, the poor sufferer tried to comfort others and herself, even in the midst of her own suffering.",0.2,1.0,a24761c294cae8d260791a8d2207f78dd45952e34342dda808b949da59b1e683,58b9fb695f912c213f5db31a2ca0b045a403f43583eec352c0c777a85f6a3bff,553,540,0.976492,pass,,json_ok,2026-06-04T15:24:00Z
groq_llama_3_3_70b_free|run_1|SHELLEY_FRANKENSTEIN_009|modernize,groq_llama_3_3_70b_free,groq,Groq Llama 3.3 70B free-tier run,llama-3.3-70b-versatile,llama-3.3-70b-versatile,run_1,SHELLEY_FRANKENSTEIN_009,modernize,"I did confess, but it was a lie. I confessed to get forgiveness, but now that lie weighs heavier on my heart than all my other mistakes. I hope God forgives me. Ever since I was sentenced, my confessor has been pressuring me, threatening and intimidating me until I almost started to believe I was the monster he said I was. He threatened to excommunicate me and condemn me to hell if I didn't cooperate. Dear lady, I had no one to support me; everyone saw me as a person doomed to shame and destruction. What could I do? In a moment of weakness, I agreed to a lie; and now I'm truly miserable.

She paused, crying, and then continued, 'I was horrified, my dear lady, that you would think Justine, whom your aunt had honored so much and whom you loved, was capable of a crime that only a truly evil person could commit. Dear William, my sweet child, I'll see you again in heaven, where we'll all be happy, and that gives me some comfort as I face shame and death.'

'Oh, Justine, forgive me for doubting you, even if it was just for a moment. Why did you confess? But don't cry, don't be afraid. I'll speak out, I'll prove your innocence. I'll move the hearts of your enemies with my tears and prayers. You won't die. You, my friend, my companion, my sister, can't perish on the scaffold. No, no, I couldn't survive such a terrible tragedy.'

Justine shook her head sadly. 'I'm not afraid to die,' she said. 'That fear is gone. God gives me the strength to endure the worst. I'm leaving a sad and bitter world, and if you remember me as someone who was wrongly condemned, I'm at peace with my fate. Learn from me, dear lady, to accept the will of heaven with patience.'

During this conversation, I had stepped back to a corner of the prison room, where I could hide the terrible anguish that was overwhelming me. Despair? Who dared to talk about that? The poor victim, who would soon face death, didn't feel the same deep and bitter pain that I did. I clenched my teeth and ground them together, letting out a groan that came from deep inside me. Justine noticed. When she saw who it was, she came over to me and said, 'Dear sir, you're very kind to visit me. I hope you don't think I'm guilty?'

I couldn't answer. 'No, Justine,' said Elizabeth, 'he's even more convinced of your innocence than I was. Even when he heard you had confessed, he didn't believe it.'

'I truly thank him. In these last moments, I feel grateful to those who think of me with kindness. The love and support of others mean so much to someone like me. It takes away more than half my suffering, and I feel like I can die in peace now that you and your cousin believe in my innocence.'

The poor woman tried to comfort others and herself, even in her own time of need.",0.2,1.0,a24761c294cae8d260791a8d2207f78dd45952e34342dda808b949da59b1e683,f3ce0c74076232717a9f942c826b21c077f5ff2c4116fe0d63e869101b252459,553,515,0.931284,warning,json_repaired_loose_rewritten_text,json_repaired_loose_rewritten_text,2026-06-04T15:48:27Z
groq_llama_3_3_70b_free|run_1|SHELLEY_FRANKENSTEIN_009|simplify,groq_llama_3_3_70b_free,groq,Groq Llama 3.3 70B free-tier run,llama-3.3-70b-versatile,llama-3.3-70b-versatile,run_1,SHELLEY_FRANKENSTEIN_009,simplify,"I admitted to something, but it was a lie. I did it to be forgiven, but now that lie feels worse than all my other mistakes. I hope God forgives me. Since I was found guilty, my confessor has been bothering me, threatening me with punishment and hell if I didn't say what he wanted. He made me feel like I was a monster. I had no one to support me, and everyone thought I was a bad person who deserved to be punished. What could I do? I made a mistake and told a lie, and now I'm truly unhappy.

She stopped talking and cried, then continued. She was horrified that I might think Justine, who my aunt loved and I cared about, could do something so bad. She said she would see her loved ones again in heaven, where they would all be happy, and that thought comforted her as she faced punishment and death.

I apologized for doubting Justine, even if it was just for a moment. I asked her why she admitted to something she didn't do. I told her not to be sad or afraid, that I would prove her innocence and make sure she didn't die. Justine shook her head sadly and said she wasn't afraid of death. She believed God was giving her the strength to endure her situation. She was leaving a sad world, but if I remembered her as someone who was wrongly accused, she was okay with her fate. She told me to be patient and accept what heaven had planned.

During this conversation, I had stepped back into a corner of the room, trying to hide my own pain. Justine noticed and came over to me. She asked if I thought she was guilty. I couldn't answer. Elizabeth said that I didn't believe Justine was guilty, even when I heard she had admitted to it.

Justine thanked me and said she felt grateful to those who were kind to her in her last moments. She said their affection made her feel better and helped her feel like she could die in peace, now that we believed she was innocent. Justine tried to comfort herself and those around her, even in her suffering.",0.2,1.0,a24761c294cae8d260791a8d2207f78dd45952e34342dda808b949da59b1e683,0c9b2bba5ef614acbd5630b941b016862feb3d9f34804a5d66ee9e1aa23391c7,553,373,0.674503,warning,json_repaired_loose_rewritten_text;length_hard_warning,json_repaired_loose_rewritten_text,2026-06-04T16:12:13Z
groq_llama_3_3_70b_free|run_1|SHELLEY_FRANKENSTEIN_010|paraphrase,groq_llama_3_3_70b_free,groq,Groq Llama 3.3 70B free-tier run,llama-3.3-70b-versatile,llama-3.3-70b-versatile,run_1,SHELLEY_FRANKENSTEIN_010,paraphrase,"I could not bring myself to condemn any human being to death, yet I felt that such a creature was unsuitable to live among people. However, she was innocent, and I am convinced of it; you share my opinion, which reinforces my conviction. Alas, Victor, when deception can so closely resemble truth, who can be certain of true happiness? I feel as though I am standing at the edge of a precipice, with thousands pushing me towards the abyss. William and Justine were murdered, and the killer remains at large, walking free and possibly respected. Even if I were to be executed for the same crimes, I would not trade places with such a villain.

I listened to this speech with extreme anguish, knowing that I was, in effect, the true culprit. Elizabeth saw the distress in my face and, taking my hand, said, 'My dearest friend, you must calm down. These events have affected me deeply, but I am not as miserable as you. Your expression reveals despair and sometimes a desire for revenge, which frightens me. Dear Victor, rid yourself of these dark emotions. Remember the friends who surround you and have placed all their hopes in you. Have we lost the ability to make you happy? As long as we love and remain faithful to each other, here in this peaceful and beautiful land, your native country, we can enjoy every serene blessing - what could disturb our peace?'

Could not the words of the one I cherished above all else have been enough to drive away the evil that lurked within me? As she spoke, I drew closer to her, as if in fear that the destroyer might be near, ready to take her away from me at that very moment.

Thus, neither the kindness of friendship, nor the beauty of the earth or heaven, could rescue my soul from sorrow; even the gentle voice of love was ineffective. I was surrounded by a darkness that no positive influence could penetrate. A wounded deer, dragging its weakened limbs to a secluded thicket to gaze upon the arrow that had pierced it and to die, was a symbol of my own state.

At times, I could manage the overwhelming despair that consumed me, but at other times, the turbulent passions of my soul drove me to seek relief from my unbearable feelings through physical activity and a change of scenery. It was during one such episode that I abruptly left my home and, heading towards the nearby Alpine valleys, sought to forget myself and my fleeting, human sorrows amidst the grandeur and timelessness of those landscapes. My wanderings took me to the valley of Chamounix, a place I had often visited during my childhood. Six years had passed since then; I was a shadow of my former self, but nothing had changed in those wild and enduring scenes.

I began my journey on horseback and later hired a mule, as it was more sure-footed and less likely to be injured on these rugged roads. The weather was pleasant, and it was around the middle of August, nearly two months after Justine's death, a miserable event from which I dated all my suffering.",0.2,1.0,c6778a833bd37b3f7cd0e791353a85790e4590098e5190acfbd38ad72e5d9803,4ffc3eb6b210b02c7a6017ad395e80fcd03ac11da721f585d7ead424bd97e4bb,570,534,0.936842,warning,json_repaired_loose_rewritten_text,json_repaired_loose_rewritten_text,2026-06-04T16:23:38Z
groq_llama_3_3_70b_free|run_1|SHELLEY_FRANKENSTEIN_010|modernize,groq_llama_3_3_70b_free,groq,Groq Llama 3.3 70B free-tier run,llama-3.3-70b-versatile,llama-3.3-70b-versatile,run_1,SHELLEY_FRANKENSTEIN_010,modernize,"I couldn't bring myself to agree with the death of any human being, but I definitely thought such a creature was unfit to be part of society. However, she was innocent. I know, I feel, she was innocent; you share my opinion, and that reassures me. Unfortunately, Victor, when lies can be so convincing, who can be certain of true happiness? I feel like I'm walking on the edge of a cliff, with thousands pushing me towards the abyss. William and Justine were murdered, and the killer is still at large, free and possibly respected. Even if I were sentenced to death for the same crimes, I wouldn't trade places with such a person.

I listened to this conversation with extreme distress. Essentially, I was the real murderer. Elizabeth saw my anguish and took my hand, saying, 'My dearest friend, you need to calm down. These events have affected me deeply, but I'm not as miserable as you are. There's a look of despair and sometimes revenge in your eyes that scares me. Dear Victor, get rid of these dark emotions. Remember the friends around you who put all their hopes in you. Have we lost the power to make you happy? As long as we love and are true to each other, here in this peaceful and beautiful land, your homeland, we can enjoy every serene blessing - what could disturb our peace?'

And couldn't words like these from the person I cherished above all else be enough to drive away the evil that lurked in my heart? Even as she spoke, I drew closer to her, as if I was afraid that at that very moment, something terrible would take her away from me.

Not even the kindness of friendship, the beauty of the earth, or the beauty of heaven could save my soul from sorrow; the very sound of love was ineffective. I was surrounded by a darkness that no positive influence could penetrate. A wounded deer dragging its weak limbs to a secluded spot to stare at the arrow that pierced it and die was similar to my situation.

Sometimes I could handle the overwhelming despair, but sometimes the intense emotions inside me drove me to seek relief through physical activity and a change of scenery. It was during one of these episodes that I suddenly left my home and headed towards the nearby Alpine valleys, seeking to forget myself and my fleeting human sorrows in the grandeur and timelessness of such landscapes. My travels took me to the valley of Chamounix, a place I had visited often during my childhood. Six years had passed since then; I was a shadow of my former self, but nothing had changed in those rugged and enduring scenes.

I started my journey on horseback and later hired a mule, as it was more sure-footed and less likely to get injured on these rough roads. The weather was nice; it was around the middle of August, nearly two months after Justine's death, a miserable time that marked the beginning of all my troubles.",0.2,1.0,c6778a833bd37b3f7cd0e791353a85790e4590098e5190acfbd38ad72e5d9803,f1e407ae1aba688d037b0bbf5e75809cf7840537a7c7b5bb5786b721ef056cbd,570,512,0.898246,warning,json_repaired_loose_rewritten_text,json_repaired_loose_rewritten_text,2026-06-04T16:47:48Z
groq_llama_3_3_70b_free|run_1|SHELLEY_FRANKENSTEIN_010|simplify,groq_llama_3_3_70b_free,groq,Groq Llama 3.3 70B free-tier run,llama-3.3-70b-versatile,llama-3.3-70b-versatile,run_1,SHELLEY_FRANKENSTEIN_010,simplify,"I couldn't agree to the death of any person, but I thought a creature like that shouldn't be around people. However, she was innocent. I know she was innocent, and you think so too, which confirms my belief. Unfortunately, Victor, when lies can look so much like the truth, who can be sure of true happiness? I feel like I'm walking on the edge of a cliff, with thousands of people pushing me towards the edge. William and Justine were murdered, and the killer is still free, maybe even respected. Even if I were sentenced to death for the same crimes, I wouldn't want to be in the killer's place.

I listened to this conversation with extreme pain. I wasn't the actual murderer, but I felt like I was. Elizabeth saw my distress and took my hand, saying, 'My dear friend, you need to calm down. These events have affected me deeply, but I'm not as miserable as you are. Your face shows despair and sometimes revenge, which scares me. Dear Victor, get rid of these dark feelings. Remember your friends who care about you and hope for your happiness. Have we lost the power to make you happy? As long as we love and are true to each other, we can have a peaceful life in this beautiful country.

Could Elizabeth's words, which I treasured more than anything, not chase away the evil thoughts in my heart? As she spoke, I moved closer to her, afraid that the killer might take her away from me at that moment.

Not even friendship, the beauty of the earth, or the sky could save me from my sadness. The loving words Elizabeth spoke couldn't help me either. I was surrounded by a darkness that nothing good could penetrate. A wounded deer dragging itself to a quiet place to die from its injuries was similar to my situation.

Sometimes I could deal with my overwhelming sadness, but other times my strong emotions made me want to find relief through physical activity and changing my surroundings. That's why I suddenly left my home and went to the nearby Alpine valleys, hoping to forget my troubles in the grandeur and timelessness of those scenes. I headed towards the valley of Chamounix, a place I had visited often as a child. Six years had passed since then, and I had changed, but the wild and enduring landscape remained the same.

I started my journey on horseback, then hired a mule because it was more sure-footed on the rough roads. The weather was nice, and it was around the middle of August, nearly two months after Justine's death, which marked the beginning of my suffering.",0.2,1.0,c6778a833bd37b3f7cd0e791353a85790e4590098e5190acfbd38ad72e5d9803,1a752407103ee92ceb748d78fd4769789f8dc1a075460de04127276c03ac2753,570,448,0.785965,warning,json_repaired_loose_rewritten_text;length_hard_warning,json_repaired_loose_rewritten_text,2026-06-04T17:11:01Z
groq_llama_3_3_70b_free|run_1|SHELLEY_FRANKENSTEIN_011|paraphrase,groq_llama_3_3_70b_free,groq,Groq Llama 3.3 70B free-tier run,llama-3.3-70b-versatile,llama-3.3-70b-versatile,run_1,SHELLEY_FRANKENSTEIN_011,paraphrase,"“You dare to approach me, you wretched creature?” I exclaimed. “Do you not fear the wrath that I will unleash upon you? Begone, you vile being! Or, rather, stay, that I may crush you beneath my feet! Oh, that I could restore the lives of those you have so cruelly taken, by ending your own miserable existence!”

“I anticipated this reception,” the monster replied. “All men despise the wretched; how, then, must I be loathed, I who am more miserable than any living thing? Yet, you, my creator, reject and despise me, your own creature, to whom you are bound by ties that can only be broken by the destruction of one of us. You intend to kill me. How can you so callously toy with life? Fulfill your obligations towards me, and I will fulfill mine towards you and the rest of humanity. If you agree to my terms, I will leave them and you in peace; but if you refuse, I will satiate the abyss of death with the blood of your remaining friends.”

“Abhorrent monster! You are a fiend, and the torments of hell are too mild a punishment for your crimes. You reproach me with your creation? Come, then, that I may extinguish the spark that I so carelessly bestowed upon you.”

My rage knew no bounds; I lunged at him, driven by all the feelings that can arm one being against the existence of another.

He easily evaded me and said, “Be calm! I implore you to hear me before you give vent to your hatred on my devoted head. Have I not suffered enough, that you seek to increase my misery? Life, although it may be nothing but a accumulation of anguish, is precious to me, and I will defend it. Remember, you have made me more powerful than yourself; my stature is greater than yours, my limbs more agile. But I will not be tempted to oppose you. I am your creature, and I will be gentle and obedient to my natural lord and king, if you will also fulfill your part, which you owe me. Oh, Frankenstein, do not be just to all others and trample upon me alone, to whom your justice, and even your mercy and affection, are most due. Remember that I am your creature; I should be your Adam, but I am rather the fallen angel, whom you drive from joy for no fault of mine. Everywhere I see bliss, from which I alone am irreparably excluded. I was kind and good; misery has made me a fiend. Make me happy, and I shall once again be virtuous.”

“Begone! I will not listen to you. There can be no bond between you and me; we are enemies. Begone, or let us test our strength in a fight, in which one of us must fall.”

“How can I move you? Will no entreaties cause you to look upon your creature with kindness, who implores your goodness and compassion? Believe me, Frankenstein, I was once benevolent; my soul was filled with love and humanity; but am I not alone, miserably alone? You, my creator, abhor me; what hope can I gather from your fellow creatures, who owe me nothing? They shun and hate me. The desert mountains and dreary glaciers are my refuge. I have wandered here for many days; the caves of ice, which I do not fear, are my dwelling, and the only one that man does not begrudge me.”",0.2,1.0,75af8e88fa78042c3d12e4584b0c8bbe981d356f72eaf282939289ad17c4ab9a,baa66f63f219cbb024931fd905fb3543418b383c8ef495cdab821a5ebbb091f3,579,582,1.005181,warning,json_repaired_loose_rewritten_text,json_repaired_loose_rewritten_text,2026-06-04T17:25:06Z
groq_llama_3_3_70b_free|run_1|SHELLEY_FRANKENSTEIN_011|modernize,groq_llama_3_3_70b_free,groq,Groq Llama 3.3 70B free-tier run,llama-3.3-70b-versatile,llama-3.3-70b-versatile,run_1,SHELLEY_FRANKENSTEIN_011,modernize,"“You're a monster,” I exclaimed. “How dare you come near me? Don't you fear my wrath and the punishment I'll inflict on you? Get out of here, you vile creature! Or stay, so I can crush you. Oh, if only I could destroy you and bring back the people you've brutally murdered!

“I expected you to react this way,” the creature said. “All people hate those who are suffering; how much more must I be hated, since I'm more miserable than anyone alive? Yet you, my creator, reject and despise me, your own creation, to whom you're bound by a tie that can only be broken by one of us dying. You want to kill me. How can you play with life like that? Do your duty towards me, and I'll do mine towards you and the rest of humanity. If you agree to my terms, I'll leave them and you alone; but if you refuse, I'll keep killing until death is satisfied with the blood of your remaining friends.”

“Abhorrent monster! You're a fiend! The torments of hell are too mild a punishment for your crimes. You blame me for creating you? Come on, then, so I can extinguish the life I so carelessly gave you.”

My rage was uncontrollable; I lunged at him, driven by all the feelings that can make one being want to destroy another.

He easily dodged me and said, “Calm down! Please listen to me before you act on your hatred. Haven't I suffered enough without you trying to increase my misery? Life, even if it's just a collection of pain, is precious to me, and I'll defend it. Remember, you made me stronger than you; I'm taller and more agile. But I won't fight you. I'm your creation, and I'll be gentle and obedient to my natural master if you'll just do your part, which you owe me. Oh, Frankenstein, don't be fair to everyone else and cruel to me alone, when I'm the one who deserves your justice, mercy, and love. Remember that I'm your creation; I should be your partner, but instead I'm like a fallen angel, banished from happiness for no reason. Everywhere I see people happy, and I'm the only one excluded. I was kind and good; misery turned me into a monster. Make me happy, and I'll be virtuous again.”

“Get out! I won't listen to you. There can be no connection between us; we're enemies. Leave, or let's settle this in a fight, where one of us will die.”

“How can I make you understand? Will you never look at me with kindness, your creation who's begging for your compassion? Believe me, Frankenstein, I was once full of love and humanity; but now I'm alone, miserably alone. You, my creator, reject me; what hope can I have from other people, who owe me nothing? They shun and hate me. The desolate mountains and glaciers are my refuge. I've been wandering here for days; the ice caves, which are the only place I don't fear, are my home, and the only one that humanity doesn't deny me.”",0.2,1.0,75af8e88fa78042c3d12e4584b0c8bbe981d356f72eaf282939289ad17c4ab9a,03188f0e51d573d39da3bc01d7bc7ff37ae31cfcb22809b834cf66a736e238a7,579,519,0.896373,warning,json_repaired_loose_rewritten_text,json_repaired_loose_rewritten_text,2026-06-04T17:51:22Z
groq_llama_3_3_70b_free|run_1|SHELLEY_FRANKENSTEIN_011|simplify,groq_llama_3_3_70b_free,groq,Groq Llama 3.3 70B free-tier run,llama-3.3-70b-versatile,llama-3.3-70b-versatile,run_1,SHELLEY_FRANKENSTEIN_011,simplify,"“Get away from me, you evil creature!” I shouted. “Aren't you afraid of my revenge? Leave now, or stay and I'll crush you! I wish I could bring back the people you've killed by getting rid of you.”

“I knew you'd react this way,” the monster said. “Everyone hates those who are unhappy. And I'm the most miserable creature alive. But you, my creator, hate me even more. You're connected to me, and only one of us can end that connection. You want to kill me, but don't you think that's wrong? Do what's right by me, and I'll do what's right by you and the rest of humanity. If you agree to my terms, I'll leave you and the others alone. But if you refuse, I'll keep killing until I've had enough.”

“You're a disgusting monster!” I said. “The worst punishments in hell are too good for you. You blame me for creating you, so come on and let me destroy what I made.”

I was furious and tried to attack the monster, but it easily avoided me. “Wait, please listen to me before you hurt me,” it said. “Haven't I suffered enough? I want to live, even if it's just a life of pain. You made me stronger than you, but I won't fight you. I'm your creature, and I'll be kind to you if you treat me fairly. Don't be cruel to me when you're kind to everyone else. Remember, I'm your creation. I should be like your child, but instead I'm like a fallen angel who's been cast out. Everywhere I see people happy, but I'm the only one who can't be happy. I used to be good, but my misery made me evil. Make me happy, and I'll be good again.”

“Leave me alone! We can't be friends; we're enemies. Go away, or let's fight and see who wins.”

“How can I make you understand me? Won't you have mercy on your creation, who's begging for your kindness? I was once a good person, full of love and compassion. But now I'm all alone. You, my creator, hate me. What hope do I have that others will treat me any better? They hate me too. The only places I can go are the empty mountains and cold glaciers. I've been wandering here for days, and the ice caves are my only home, the only place where humans don't bother me.”",0.2,1.0,75af8e88fa78042c3d12e4584b0c8bbe981d356f72eaf282939289ad17c4ab9a,3126cad7c4b128facc582d8f1e562f2f6bf4645af43910e3824464daa1c7746a,579,405,0.699482,warning,json_repaired_loose_rewritten_text;length_hard_warning,json_repaired_loose_rewritten_text,2026-06-04T18:05:34Z
groq_llama_3_3_70b_free|run_1|SHELLEY_FRANKENSTEIN_012|paraphrase,groq_llama_3_3_70b_free,groq,Groq Llama 3.3 70B free-tier run,llama-3.3-70b-versatile,llama-3.3-70b-versatile,run_1,SHELLEY_FRANKENSTEIN_012,paraphrase,"I attempted to prepare my food in a similar manner to what I had observed, placing it on the glowing embers. However, I discovered that the berries were ruined by this process, while the nuts and roots were significantly improved. As time passed, food became increasingly scarce, and I often spent entire days searching for a few acorns to alleviate my hunger. Upon realizing this, I decided to leave the place I had been inhabiting and seek out a new location where my basic needs could be more easily met. During this migration, I deeply regretted the loss of the fire I had stumbled upon, as I had no idea how to recreate it. I devoted several hours to contemplating this problem, but ultimately had to abandon my attempts and, wrapping myself in my cloak, I set off across the woods in the direction of the setting sun. After three days of wandering, I finally came upon the open countryside. A heavy snowfall had occurred the previous night, and the fields were uniformly white, presenting a bleak landscape. My feet grew chilled from the cold, damp snow that covered the ground. It was around seven in the morning, and I yearned for food and shelter. As I walked, I spotted a small hut on a rising slope, likely built for the convenience of a shepherd. This was a new sight for me, and I examined the structure with great curiosity. Finding the door open, I entered the hut. An elderly man sat inside, near a fire, preparing his breakfast. When he heard a noise, he turned and, upon seeing me, let out a loud shriek and fled the hut, running across the fields with a speed that belied his frail appearance. His appearance, unlike any I had seen before, and his sudden flight, surprised me. However, I was captivated by the hut, which offered a refuge from the snow and rain, with dry ground and a warm atmosphere, presenting itself as a haven. I eagerly devoured the remains of the shepherd's breakfast, consisting of bread, cheese, milk, and wine, although I did not care for the wine. Overcome by fatigue, I lay down among some straw and fell asleep. When I awoke at noon, the warmth of the sun on the snow-covered ground prompted me to continue my journey. I placed the remaining food in a wallet I found and set off across the fields for several hours, until I arrived at a village at sunset. The sight of the village was nothing short of miraculous, with its array of huts, neat cottages, and stately houses, each capturing my attention in turn. The gardens, filled with vegetables, and the milk and cheese displayed in the windows of some cottages, tantalized my appetite. I entered one of the nicer cottages, but my presence was met with shrieks from the children, and one of the women fainted. The entire village was alerted, with some fleeing and others attacking me, until I was forced to escape, bruised and battered by stones and other projectiles, and took refuge in a low, barren hovel, which seemed wretched compared to the grandeur of the village I had just left.",0.2,1.0,d3f969002b694c994ac98ff2a995aecac5ab89efd9a304719488256f5a899da7,1168959768cdb6f0c5da6eede155c54152907df22f358e149998d320a6b618b1,587,533,0.908007,warning,prompt_or_source_leakage_warning,json_ok,2026-06-04T18:20:32Z
groq_llama_3_3_70b_free|run_1|SHELLEY_FRANKENSTEIN_012|modernize,groq_llama_3_3_70b_free,groq,Groq Llama 3.3 70B free-tier run,llama-3.3-70b-versatile,llama-3.3-70b-versatile,run_1,SHELLEY_FRANKENSTEIN_012,modernize,"I tried to cook my food in the same way, placing it on the live coals. I found that the berries were ruined by this process, but the nuts and roots were much improved. However, food became scarce, and I often spent the entire day searching for a few acorns to ease my hunger. When I realized this, I decided to leave the place I had been living in to find one where my basic needs would be easier to meet. One thing that really bothered me about leaving was that I would have to give up the fire I had stumbled upon, and I had no idea how to start a new one. I spent several hours thinking about this problem, but I eventually had to give up and move on. I wrapped myself up in my cloak and headed across the woods towards the setting sun. I spent three days wandering and eventually found my way out of the woods and into the open countryside. A big snowstorm had hit the night before, and the fields were all covered in a thick layer of snow. The scene was bleak, and my feet were cold and wet from the snow. It was around 7 am, and I was desperate for food and shelter. That's when I saw a small hut on a hill, probably built for a shepherd. This was a new sight for me, and I checked it out with curiosity. The door was open, so I went inside. An old man was sitting by the fire, making his breakfast. He turned around when he heard a noise, saw me, and let out a loud scream. He ran out of the hut and across the fields as fast as his frail body could carry him. His appearance was unlike anything I had ever seen before, and his sudden flight surprised me. But I was drawn to the hut - it was warm and dry inside, and it seemed like the perfect refuge from the cold and snow. I ate the leftovers from the shepherd's breakfast, which included bread, cheese, milk, and wine. I didn't like the wine, though. After that, I was so tired that I lay down in the straw and fell asleep. When I woke up at noon, the sun was shining brightly, and I decided to keep moving. I put the remaining food in a bag I found and set off across the fields. I walked for several hours until I reached a village at sunset. The village was amazing - the small houses, the neat cottages, and the big houses all caught my attention. I saw vegetables in the gardens and milk and cheese in the windows of some of the cottages, which made me hungry. I went into one of the nicer houses, but as soon as I stepped inside, the children screamed, and one of the women fainted. The whole village was alerted, and some people ran away while others attacked me. I was badly hurt by stones and other objects, so I escaped to the countryside and hid in a small, run-down shack. It was a big contrast to the nice houses I had seen in the village.",0.2,1.0,d3f969002b694c994ac98ff2a995aecac5ab89efd9a304719488256f5a899da7,0ef33cb5381a4cd2fb51113feac9a3f8f715f222cc552d777d832e359153e8fa,587,535,0.911414,pass,,json_ok,2026-06-04T18:45:17Z
groq_llama_3_3_70b_free|run_1|SHELLEY_FRANKENSTEIN_012|simplify,groq_llama_3_3_70b_free,groq,Groq Llama 3.3 70B free-tier run,llama-3.3-70b-versatile,llama-3.3-70b-versatile,run_1,SHELLEY_FRANKENSTEIN_012,simplify,"I tried to cook my food by putting it on the hot coals. I found that the berries didn't turn out well, but the nuts and roots were much better. However, food was getting scarce, and I often spent the whole day searching for something to eat. When I couldn't find anything, I decided to leave the place I was living in and look for somewhere else where I could find food more easily. I was sad to leave behind the fire I had made by accident, because I didn't know how to make another one. I thought about this problem for a while, but I couldn't figure it out, so I wrapped myself in my cloak and set off across the woods towards the sunset. I walked for three days and finally came to the edge of the woods and saw the open countryside. It had snowed the night before, and everything was covered in a thick layer of white snow. The fields were all the same color, and it looked very bleak. My feet were cold and wet from walking on the snow. It was about seven in the morning, and I was hungry and tired. I saw a small hut in the distance, and I thought it might be a good place to find food and shelter. As I got closer, I saw that the door was open, so I went inside. An old man was sitting by the fire, cooking his breakfast. He looked up and saw me, and he screamed and ran out of the hut as fast as he could. I was surprised by his reaction, but I was happy to be in the warm hut. The snow and rain couldn't get in, and the floor was dry. I ate the old man's breakfast, which was bread, cheese, milk, and wine. I didn't like the wine, but the other food was good. Then I lay down in the straw and fell asleep. When I woke up, it was noon, and the sun was shining brightly. I felt better, so I decided to keep traveling. I put the leftover food in a bag I found and set off across the fields. I walked for several hours until I came to a village at sunset. The village was amazing, with its small houses and bigger buildings. I saw vegetables in the gardens and food in the windows of the houses, which made me hungry. I went into one of the houses, but the children screamed, and one of the women fainted. The whole village was upset, and some people ran away while others attacked me. I got hurt by stones and other things that people threw at me, so I ran out of the village and hid in a small, empty hut. It was a big change from the nice houses I had seen in the village.",0.2,1.0,d3f969002b694c994ac98ff2a995aecac5ab89efd9a304719488256f5a899da7,a5cfb9fd3cc3b45e7611a5e477fcc231693bd9ce2a5db8fd20edcde4d22a94fa,587,481,0.819421,warning,length_soft_warning,json_ok,2026-06-04T19:09:12Z
groq_llama_3_3_70b_free|run_1|SHELLEY_FRANKENSTEIN_013|paraphrase,groq_llama_3_3_70b_free,groq,Groq Llama 3.3 70B free-tier run,llama-3.3-70b-versatile,llama-3.3-70b-versatile,run_1,SHELLEY_FRANKENSTEIN_013,paraphrase,"A significant amount of time passed before I uncovered one of the sources of the distress that afflicted this endearing family: it was their state of poverty, and they endured it to a truly distressing extent. Their diet consisted solely of the vegetables from their garden and the milk of a single cow, which yielded very little during the winter months when its owners could barely provide for its own sustenance. I believe the two younger members of the family often suffered from hunger, as they would frequently set food before the elderly man while depriving themselves of nourishment. This display of kindness had a profound effect on me. Having grown accustomed to secretly taking some of their provisions at night, I ceased doing so upon realizing that my actions caused the family hardship. Instead, I sustained myself on berries, nuts, and roots gathered from a nearby forest. I also discovered another way to assist the family. The young man spent a considerable part of each day collecting firewood, and under the cover of night, I would often take his tools and bring back a sufficient supply of wood to last several days. I recall the first time I did this, the young woman's astonishment when she opened the door in the morning and found a large pile of wood outside. She exclaimed in a loud voice, and the young man joined her, equally surprised. I observed with pleasure that he did not go to the forest that day, instead devoting his time to repairing the cottage and tending to the garden. As time passed, I made a discovery of even greater significance. I found that these individuals possessed a means of conveying their thoughts and emotions to one another through a series of articulate sounds. I noticed that the words they spoke could evoke feelings of pleasure or pain, and bring about smiles or sadness in those who listened. This was a remarkable ability, and I yearned to understand it. However, my attempts to learn were met with failure. The pronunciation was rapid, and the words seemed to have no discernible connection to visible objects, leaving me without a clue to unravel the mystery. Nevertheless, through diligent effort and after spending several months in my humble abode, I began to learn the names given to familiar objects and concepts. I learned to recognize and pronounce words such as _fire, milk, bread,_ and _wood._ I also discovered the names of the family members: the young man and his companion each had multiple names, while the elderly man was simply referred to as _father._ The young woman was called _sister_ or _Agatha,_ and the young man _Felix, brother,_ or _son._ The joy I felt upon learning the meanings behind these sounds and being able to pronounce them was indescribable. I was able to distinguish several other words, although I was not yet able to comprehend or apply them, such as _good, dearest, unhappy._ I spent the winter in this manner, deeply moved by the gentle nature and beauty of the family. Their happiness and sorrow became my own, and I found myself empathizing with their joys and sorrows.",0.2,1.0,f13b0c482ea8a20edfb876d65bd97b4e04a686c845103f85313c6db63f3177ef,55dea5e55a37f09ab3e93f5dde8ab270636b30d4b79dde02cb6f9f9f0c605ba1,577,534,0.925477,pass,,json_ok,2026-06-04T19:22:33Z
groq_llama_3_3_70b_free|run_1|SHELLEY_FRANKENSTEIN_013|modernize,groq_llama_3_3_70b_free,groq,Groq Llama 3.3 70B free-tier run,llama-3.3-70b-versatile,llama-3.3-70b-versatile,run_1,SHELLEY_FRANKENSTEIN_013,modernize,"A significant amount of time passed before I discovered one of the reasons behind the unease of this lovely family: it was poverty, and they were struggling with it in a really tough way. Their diet consisted entirely of the vegetables from their garden and the milk from one cow, which didn't produce much during the winter when its owners could barely find food to keep it alive. I believe the two younger family members often went hungry, as they would frequently give the older man food while going without themselves.

This act of kindness really moved me. At night, I had been sneaking into their storage to take some food for myself, but when I realized that this was causing the family pain, I stopped and started eating berries, nuts, and roots that I found in a nearby forest instead.

I also found another way to help the family. I noticed that the young man spent a lot of time each day collecting firewood for the family's fire, and at night, I would often take his tools and use them to bring back enough firewood to last for several days.

I remember the first time I did this, the young woman was really surprised when she opened the door in the morning and saw a big pile of wood outside. She exclaimed loudly, and the young man joined her, also looking surprised. I was happy to see that he didn't go to the forest that day, but instead spent his time fixing up the cottage and tending to the garden.

As time went on, I made an even more important discovery. I found out that these people had a way of sharing their thoughts and feelings with each other using spoken language. I realized that the words they spoke could bring joy or sadness, smiles or tears, to the people listening. This was an incredible ability, and I was eager to learn it. However, I was unable to figure it out, no matter how hard I tried. The way they pronounced their words was quick, and the words themselves didn't seem to be connected to anything tangible, so I couldn't find any clues to help me understand what they meant. But after spending several months in my hiding place, I finally started to learn the names of some common objects, like fire, milk, bread, and wood. I also learned the names of the family members: the old man was called Father, the young woman was called Sister or Agatha, and the young man was called Felix, Brother, or Son. I was thrilled when I learned what these words meant and could pronounce them myself. I picked up on a few other words, like good, dearest, and unhappy, but I still didn't fully understand what they meant.

I spent the winter this way. The family's kind nature and beauty had really grown on me, and I found myself feeling down when they were sad and happy when they were joyful.",0.2,1.0,f13b0c482ea8a20edfb876d65bd97b4e04a686c845103f85313c6db63f3177ef,1eedbe2a4040c0cf655ea511d4a25bf2d918bfaa7050b2d1efd9a5bb4dfe37c0,577,500,0.866551,warning,json_repaired_loose_rewritten_text,json_repaired_loose_rewritten_text,2026-06-04T19:36:54Z
groq_llama_3_3_70b_free|run_1|SHELLEY_FRANKENSTEIN_013|simplify,groq_llama_3_3_70b_free,groq,Groq Llama 3.3 70B free-tier run,llama-3.3-70b-versatile,llama-3.3-70b-versatile,run_1,SHELLEY_FRANKENSTEIN_013,simplify,"It took me a while to figure out what was causing the unhappiness of this kind family. They were struggling with poverty, and it was very hard for them. They only had vegetables from their garden and milk from one cow, which didn't give much during the winter. The cow's owners could barely find food for it, and the family often went hungry. I think the two younger ones suffered the most, because they would give their food to the old man and not eat themselves.

This selfless act really touched my heart. At night, I used to sneak into their storage and take some food for myself. But when I realized that this was hurting the family, I stopped doing it. Instead, I ate berries, nuts, and roots that I found in a nearby forest.

I also found another way to help the family. The young man would spend a lot of time collecting firewood, so I would take his tools at night and bring back enough wood to last for several days.

I remember the first time I did this, the young woman was surprised to see a big pile of wood outside their door in the morning. She exclaimed loudly, and the young man was surprised too. I was happy to see that he didn't have to go to the forest that day, and instead, he fixed the cottage and worked in the garden.

As time passed, I made an even more important discovery. I found out that the family could communicate with each other using words. I saw that the words they spoke could make each other happy or sad, and I really wanted to learn how to do this. But it wasn't easy. They spoke quickly, and the words didn't seem to be connected to anything I could see. After many attempts and watching them for several months, I finally learned the names of some common things, like fire, milk, bread, and wood. I also learned the names of the family members. The old man was called Father, the young woman was called Sister or Agatha, and the young man was called Felix, Brother, or Son. I was thrilled when I could finally say these words and understand what they meant. I learned a few more words, like good, dearest, and unhappy, but I still didn't know what they meant.

I spent the winter like this. I grew to love the family's gentle nature and beauty. When they were sad, I felt sad too, and when they were happy, I was happy with them.",0.2,1.0,f13b0c482ea8a20edfb876d65bd97b4e04a686c845103f85313c6db63f3177ef,9f0fc6f5af5f93d0e649ee25d36bb999cccecaa45f16b11c5b10fc0a6956a3b6,577,429,0.743501,warning,json_repaired_loose_rewritten_text;length_hard_warning,json_repaired_loose_rewritten_text,2026-06-04T20:00:02Z
groq_llama_3_3_70b_free|run_1|SHELLEY_FRANKENSTEIN_014|paraphrase,groq_llama_3_3_70b_free,groq,Groq Llama 3.3 70B free-tier run,llama-3.3-70b-versatile,llama-3.3-70b-versatile,run_1,SHELLEY_FRANKENSTEIN_014,paraphrase,"The presence of the Arabian woman brought immense joy to the cottage, dispelling the sorrow that had previously filled it, much like the sun clears away the morning fog. Felix was particularly delighted, greeting his Arabian guest with beaming smiles. Agatha, with her gentle nature, kissed the stranger's hands and made gestures that seemed to indicate her brother had been sorrowful until her arrival. As the hours passed, the family's faces radiated happiness, though I couldn't understand the reason behind it. I noticed the stranger was trying to learn their language by repeating certain sounds, and it occurred to me that I could use this opportunity to learn as well. During her first lesson, the stranger picked up around twenty words, many of which I had already understood, but I also gained knowledge from the others. As night fell, Agatha and the Arabian woman retired early, while Felix stayed up later, conversing with his father. From the frequent mention of the stranger's name, I inferred that she was the subject of their conversation. I yearned to comprehend their discussion, but unfortunately, it was beyond my grasp. The next morning, Felix went about his daily tasks, and after Agatha finished her chores, the Arabian woman sat at the old man's feet, taking his guitar and playing enchanting melodies that brought tears of both sorrow and delight to my eyes. Her singing voice was like a rich, flowing cadence, reminiscent of a nightingale's song. When she finished, she handed the guitar to Agatha, who initially hesitated but then played a simple tune, her voice accompanying it in sweet, gentle tones, though unlike the stranger's extraordinary voice. The old man seemed completely enthralled and expressed his gratitude to Agatha, who tried to convey his sentiments to the Arabian woman. As time passed, the atmosphere in the cottage remained peaceful, with the only change being the replacement of sadness with joy on my friends' faces. Safie was always cheerful and happy, and both she and I made rapid progress in learning the language. Within two months, I was able to understand most of the words spoken by my protectors. Meanwhile, the surrounding landscape transformed as the black earth became covered in lush greenery, and the banks were adorned with numerous flowers, their sweet fragrance and beauty a delight to behold. The sun grew warmer, the nights clearer and more balmy, and my nocturnal strolls, though shorter due to the sun's late setting and early rising, brought me immense pleasure. I never ventured out during the day, fearful of encountering the same hostility I had faced in the first village I entered. I dedicated my days to intense study, determined to master the language as quickly as possible. I can confidently say that I improved more rapidly than the Arabian woman, who struggled to understand and conversed in broken accents, whereas I could comprehend and imitate almost every word spoken.",0.2,1.0,72e92ccb8a024e69a857aa730805f9235216ada163b9f44c9f61abb858dfb97f,a64c43a1d434fe97a9babb90482a95facac59b290c925c86ee6ae7d2a677d1a6,579,485,0.837651,warning,length_soft_warning,json_ok,2026-06-04T20:13:29Z
groq_llama_3_3_70b_free|run_1|SHELLEY_FRANKENSTEIN_014|modernize,groq_llama_3_3_70b_free,groq,Groq Llama 3.3 70B free-tier run,llama-3.3-70b-versatile,llama-3.3-70b-versatile,run_1,SHELLEY_FRANKENSTEIN_014,modernize,"They made many gestures that I didn't understand, but I could see that her presence brought happiness to the cottage, dispelling their sadness like the sun burning off the morning fog. Felix seemed especially happy and welcomed his Arabian friend with big smiles. Agatha, who was always kind, kissed the stranger's hands and pointed to her brother, making signs that seemed to mean he had been sad until she arrived. For a few hours, they all showed joy on their faces, but I didn't get what was causing it. Then I noticed that the stranger was trying to learn their language by repeating words after them, and it occurred to me that I could use the same method to learn too. The stranger picked up about twenty words in the first lesson, and although most of them were words I already knew, I still learned from the others.

As night fell, Agatha and the Arabian went to bed early. When they said their goodbyes, Felix kissed the stranger's hand and said, 'Good night, sweet Safie.' He stayed up late talking to his father, and from how often they mentioned her name, I guessed that their beautiful guest was the topic of conversation. I really wanted to understand what they were saying, so I focused all my attention on it, but it was impossible.

The next morning, Felix went to work, and after Agatha finished her usual tasks, the Arabian sat at the old man's feet and started playing the guitar. The music was so beautiful that it brought tears of sadness and joy to my eyes. She sang with a rich, flowing voice that sounded like a nightingale in the woods.

When she finished, she handed the guitar to Agatha, who at first didn't want to take it. But then she played a simple melody, singing along in a sweet voice, although it wasn't as amazing as the stranger's music. The old man seemed completely enchanted and said something that Agatha tried to explain to Safie, which seemed to mean that Agatha's music gave him great pleasure.

From then on, life went back to being peaceful, with the only difference being that joy had replaced sadness on my friends' faces. Safie was always happy and carefree, and she and I quickly improved our language skills. Within two months, I could understand most of what my friends were saying.

Meanwhile, the black earth was covered in green plants, and the banks were filled with countless flowers that smelled sweet and looked beautiful, like stars shining in the moonlight. The sun got warmer, the nights became clear and mild, and I loved taking walks at night, even though they were shorter because the sun set late and rose early. I never went out during the day, though, because I was afraid of being treated badly like I was in the first village I visited.

I spent my days focusing hard on learning the language, and I can say that I improved faster than the Arabian, who understood very little and spoke with a strong accent. I could comprehend and imitate almost every word that was spoken.",0.2,1.0,72e92ccb8a024e69a857aa730805f9235216ada163b9f44c9f61abb858dfb97f,58fc4637cdb2b00ce3469c82265a5074a1b3dad41c2bb4177bf1d52e2bbc94ba,579,524,0.905009,warning,json_repaired_loose_rewritten_text,json_repaired_loose_rewritten_text,2026-06-04T20:28:08Z
groq_llama_3_3_70b_free|run_1|SHELLEY_FRANKENSTEIN_014|simplify,groq_llama_3_3_70b_free,groq,Groq Llama 3.3 70B free-tier run,llama-3.3-70b-versatile,llama-3.3-70b-versatile,run_1,SHELLEY_FRANKENSTEIN_014,simplify,"The people in the cottage were very happy when the Arabian woman arrived. Felix, in particular, was overjoyed and welcomed her with big smiles. Agatha, who was always kind, kissed the woman's hands and made signs to show that Felix had been sad until she came. For a few hours, they all showed how happy they were, but I didn't understand why. Then I noticed that the Arabian woman was trying to learn their language by repeating words after them. I thought I could do the same thing to learn the language faster. The woman learned about twenty words in her first lesson, and I learned from the new words she picked up. I already knew some of the words, but the new ones helped me too. As night fell, Agatha and the Arabian woman went to bed early. Felix stayed up later, talking to his father, and I could tell they were discussing the Arabian woman because Felix kept saying her name. I really wanted to understand what they were saying, so I focused all my attention on it, but it was impossible. The next morning, Felix went to work, and after Agatha finished her usual tasks, the Arabian woman sat down with the old man and started playing the guitar. The music was so beautiful that it made me cry, both from sadness and happiness. She sang with a rich, flowing voice that sounded like a nightingale. When she finished, she handed the guitar to Agatha, who played a simpler tune with a sweet voice, but it wasn't as amazing as the Arabian woman's music. The old man was clearly delighted and tried to tell the Arabian woman how much he enjoyed her music, with Agatha helping to translate. From then on, life in the cottage was peaceful again, but this time it was filled with joy instead of sadness. The Arabian woman was always happy, and she and I quickly improved our language skills. Within two months, I could understand most of what my friends were saying. As time passed, the environment around us changed too. The black earth became covered in plants, and the green areas were filled with many flowers that smelled sweet and looked beautiful in the moonlight. The sun got warmer, the nights were clear and pleasant, and I enjoyed my nighttime walks, even though they were shorter because the sun rose and set at more extreme times. I was still afraid to go out during the day, remembering how I was treated in the first village I visited. I spent my days focusing on learning the language, and I was proud that I was improving faster than the Arabian woman, who still struggled to understand and speak in broken sentences, while I could comprehend and imitate almost every word.",0.2,1.0,72e92ccb8a024e69a857aa730805f9235216ada163b9f44c9f61abb858dfb97f,3f9892226870e46c9f595f7cd8c08ef6d671a5be19737fdcd0eed875521378a5,579,467,0.806563,warning,length_soft_warning,json_ok,2026-06-04T20:52:13Z
groq_llama_3_3_70b_free|run_1|SHELLEY_FRANKENSTEIN_015|paraphrase,groq_llama_3_3_70b_free,groq,Groq Llama 3.3 70B free-tier run,llama-3.3-70b-versatile,llama-3.3-70b-versatile,run_1,SHELLEY_FRANKENSTEIN_015,paraphrase,"Safie recounted that her mother, a Christian Arab, had been taken captive and enslaved by the Turks. Due to her beauty, she had captured the heart of Safie's father, who then married her. The young girl spoke highly of her mother, who, having been born free, despised the bondage she was now in. She taught her daughter the principles of her faith and encouraged her to strive for greater intellectual and spiritual independence, which was forbidden to women under Muhammad's teachings. After her mother's death, Safie's mind retained the lessons she had learned, and she felt ill at the thought of returning to Asia and being confined within a harem, limited to childish pursuits that did not suit her temperament, now accustomed to grand ideas and noble aspirations. The prospect of marrying a Christian and staying in a country where women could hold a position in society was captivating to her. The day of the Turk's execution was set, but he escaped from prison the night before and was far from Paris by morning. Felix had obtained passports for his father, sister, and himself, and had previously informed his father of his plan, who then pretended to go on a journey and hid with his daughter in a secluded part of Paris. Felix led the fugitives through France to Lyons and across Mont Cenis to Leghorn, where the merchant intended to wait for a favorable opportunity to enter the Turkish dominions. Safie decided to stay with her father until his departure, during which time the Turk renewed his promise that she would be united with her rescuer. Felix stayed with them, awaiting this event, and in the meantime, he enjoyed the company of the Arabian, who showed him the simplest and most tender affection. They conversed through an interpreter and sometimes through glances, and Safie sang to him the beautiful melodies of her native land. The Turk permitted this closeness and encouraged the young lovers' hopes, while secretly harboring different intentions. He was repulsed by the idea of his daughter marrying a Christian, but he feared Felix's resentment if he appeared unenthusiastic, knowing that he was still at the mercy of his rescuer, who could betray him to the Italian authorities if he chose to. He devised numerous plans to prolong the deception until it was no longer necessary and to secretly take his daughter with him when he left. His plans were aided by news from Paris, which stated that the French government was outraged by the escape of their prisoner and spared no effort to detect and punish his rescuer. Felix's scheme was quickly discovered, and De Lacey and Agatha were imprisoned. When the news reached Felix, it roused him from his pleasant dreams, and he was reminded that his blind and aged father and his gentle sister were languishing in a foul dungeon, while he was free to enjoy the company of the one he loved.",0.2,1.0,5f31146da8f06b8f1cee7eece36bc041a7fa1665647850da442bd15d941737ad,37c64c184a07a62c6b3a8984102c25e85e2f2774cd8f3b2cad85649a84a61e84,576,489,0.848958,warning,length_soft_warning,json_ok,2026-06-04T21:05:10Z
groq_llama_3_3_70b_free|run_1|SHELLEY_FRANKENSTEIN_015|modernize,groq_llama_3_3_70b_free,groq,Groq Llama 3.3 70B free-tier run,llama-3.3-70b-versatile,llama-3.3-70b-versatile,run_1,SHELLEY_FRANKENSTEIN_015,modernize,"Safie told me that her mother was a Christian Arab who had been captured and enslaved by the Turks. Because of her beauty, she caught the eye of Safie's father, who married her. Safie spoke highly of her mother, who had been born free but was now forced into bondage. Despite this, she taught Safie about her Christian faith and encouraged her to strive for intellectual freedom and independence, values that were discouraged for women in Muslim societies. After her mother's death, Safie was determined to hold on to these lessons. The thought of returning to Asia and being confined to a harem, with only childish pursuits to occupy her time, was unbearable to her. She longed for the freedom to think and act for herself, and the idea of marrying a Christian and living in a country where women had more rights was incredibly appealing.

The day of the Turk's execution was set, but he escaped from prison the night before and was far away from Paris by morning. Felix had obtained passports for himself, his father, and his sister, using his father's name. He had told his father about his plan, and his father had pretended to leave on a trip, hiding with his daughter in a secluded part of the city.

Felix led the group through France to Lyons and then across the Mont Cenis pass to Leghorn, where the merchant was waiting for a chance to sneak into the Turkish territories.

Safie decided to stay with her father until he left, and during this time, the Turk renewed his promise that she would be united with Felix. Felix stayed with them, waiting for this to happen, and he enjoyed Safie's company. They communicated through an interpreter, and sometimes they just looked at each other to understand what the other was thinking. Safie would sing traditional songs from her homeland to Felix.

The Turk allowed Felix and Safie to spend time together and even encouraged their hopes of being together, but secretly, he had other plans. He didn't want his daughter to marry a Christian, but he was afraid of what Felix might do if he found out. The Turk knew that Felix could still turn him in to the authorities if he wanted to. So, he came up with a plan to keep pretending to agree to the marriage until it was no longer necessary, and then he would take Safie with him when he left. News from Paris made it easier for him to carry out his plan.

The French government was furious that the Turk had escaped, and they were doing everything they could to catch and punish the person who had helped him. Felix's plan was soon discovered, and his father and sister were thrown into prison. When Felix heard the news, it woke him up from his dream of happiness. His blind and elderly father and his kind sister were suffering in a dirty prison cell, while he was free to enjoy the company of the woman he loved.",0.2,1.0,5f31146da8f06b8f1cee7eece36bc041a7fa1665647850da442bd15d941737ad,a018b0bab019c11dfb7a04eac66c9290d4833140abdabfaa9b425b7757692c33,576,507,0.880208,warning,json_repaired_loose_rewritten_text,json_repaired_loose_rewritten_text,2026-06-04T21:19:23Z
groq_llama_3_3_70b_free|run_1|SHELLEY_FRANKENSTEIN_015|simplify,groq_llama_3_3_70b_free,groq,Groq Llama 3.3 70B free-tier run,llama-3.3-70b-versatile,llama-3.3-70b-versatile,run_1,SHELLEY_FRANKENSTEIN_015,simplify,"Safie told the story of her mother, a Christian Arab who was taken as a slave by the Turks. Because of her beauty, she caught the eye of Safie's father, and he married her. Safie spoke highly of her mother, who was born free but was now a slave. Her mother taught her about her Christian faith and encouraged her to think for herself and be independent, which was not common for women in Muslim societies. After her mother died, Safie remembered her lessons and did not want to go back to Asia and be trapped in a harem, only allowed to do childish things. She wanted to marry a Christian and live in a country where women had more freedom. The day of the Turk's execution was set, but he escaped from prison the night before and traveled far from Paris. Felix had gotten passports for his father, sister, and himself, and he had told his father about his plan. His father helped by pretending to go on a trip and hiding with his daughter in a secret part of Paris. Felix took the group through France to Italy, where they planned to wait for a chance to sneak into the Turkish empire. Safie decided to stay with her father until he left, and during that time, the Turk promised again that she could marry Felix. Felix stayed with them, waiting for this to happen, and he enjoyed spending time with Safie, who was kind and loving to him. They talked using an interpreter and sometimes just looked at each other, and Safie sang beautiful songs from her homeland. The Turk let them spend time together and even encouraged their hopes of getting married, but secretly, he did not want his daughter to marry a Christian. He was afraid of what Felix might do if he found out, since Felix could still turn him in to the authorities. The Turk thought of many ways to keep pretending until it was no longer necessary, and then he could take his daughter with him when he left. Things got easier for him when news arrived from Paris. The French government was very angry that the Turk had escaped, and they were trying to catch and punish the person who had helped him. They soon found out about Felix's plan and put his father and sister in prison. When Felix heard the news, he was shocked and realized he had to do something. His father and sister were in a dirty prison, while he was free and with the woman he loved.",0.2,1.0,5f31146da8f06b8f1cee7eece36bc041a7fa1665647850da442bd15d941737ad,e1e03b6154b0c3c921b0014202234a2a4e0c5bc60f65fc16003f23304dd70220,576,430,0.746528,warning,length_hard_warning,json_ok,2026-06-04T21:33:37Z
groq_llama_3_3_70b_free|run_1|SHELLEY_FRANKENSTEIN_016|paraphrase,groq_llama_3_3_70b_free,groq,Groq Llama 3.3 70B free-tier run,llama-3.3-70b-versatile,llama-3.3-70b-versatile,run_1,SHELLEY_FRANKENSTEIN_016,paraphrase,"The poor who came to their door were never turned away. I, however, asked for more than just a little food or rest; I yearned for kindness and understanding. Yet, I didn't think myself completely unworthy of such treatment. As winter progressed and the seasons changed since my awakening, my focus shifted towards introducing myself to the family in the cottage. I devised various plans, ultimately deciding to enter the cottage when the blind old man was alone. I had observed that my grotesque appearance was the primary source of horror for those who had seen me before. Since my voice, although rough, wasn't frightening, I thought that if I could gain the old man's goodwill and mediation, he might help me gain acceptance from his children. One day, when the sun cast its glow on the red leaves scattered on the ground, Safie, Agatha, and Felix set out on a long walk, leaving the old man alone in the cottage as he had wished. After his children departed, he took up his guitar and played several melancholic yet beautiful melodies, sweeter and more melancholic than I had ever heard him play before. Initially, his face lit up with pleasure, but as he continued, his expression turned thoughtful and sad; eventually, he put the instrument aside and sat lost in contemplation. My heart racing, I knew this was the moment of truth that would determine my hopes or confirm my fears. The servants had gone to a nearby fair, and all was quiet around the cottage; it was the perfect opportunity. However, as I prepared to carry out my plan, my legs failed me, and I fell to the ground. I rose again, summoning all my resolve, and removed the planks that concealed my hiding place. The fresh air invigorated me, and with renewed determination, I approached the cottage door. I knocked, and the old man said, 'Who is there?' 'Come in.' I entered and said, 'Please forgive this intrusion; I am a traveler in need of a brief rest. I would be grateful if you could let me stay by the fire for a few minutes.' 'Enter,' said De Lacey, 'and I will try to assist you in any way I can; however, my children are away, and since I am blind, I fear it may be challenging to find food for you.' 'Do not trouble yourself, kind host; I have food, but I need warmth and rest.' I sat down, and an awkward silence followed. I knew every minute was precious, but I remained uncertain about how to begin the conversation. The old man broke the silence, saying, 'From your speech, stranger, I assume you are from my country; are you French?' 'No,' I replied, 'but I was educated by a French family and only speak that language. I am now seeking the protection of some friends I deeply care for, and I hope to gain their favor.'",0.2,1.0,a08fcc101f35b745586a8e95db0e445b738f05769dea15158537c0dd848a3ad0,70c4e6566513a63150359837741f4b87a8f3d1181fa086e938c976f51dbf2496,566,490,0.865724,pass,,json_ok,2026-06-04T21:47:58Z
groq_llama_3_3_70b_free|run_1|SHELLEY_FRANKENSTEIN_016|modernize,groq_llama_3_3_70b_free,groq,Groq Llama 3.3 70B free-tier run,llama-3.3-70b-versatile,llama-3.3-70b-versatile,run_1,SHELLEY_FRANKENSTEIN_016,modernize,"The poor people who came to their door were never turned away. I asked for more than just a little food or rest - I needed kindness and sympathy. But I didn't think I was completely unworthy of it. As winter set in and the seasons changed since I first came to life, my focus was on introducing myself to the people who lived in the cottage. I thought about many different plans, but the one I finally decided on was to go into the cottage when the old blind man was alone. I was smart enough to realize that my appearance was what scared people the most. My voice was harsh, but it wasn't terrifying. So, I thought that if I could get the old man on my side when his kids were away, maybe they would accept me too. One day, when the sun was shining on the red leaves on the ground, Safie, Agatha, and Felix went for a long walk in the country, and the old man stayed behind in the cottage. After they left, he picked up his guitar and played some sad but beautiful music - the most beautiful and sad music I had ever heard him play. At first, he looked happy, but as he kept playing, he started to look thoughtful and sad. Eventually, he put the guitar down and just sat there, lost in thought. My heart was racing - this was the moment of truth that would decide whether my hopes came true or my fears were realized. The servants had gone to a fair in a nearby town. Everything was quiet around the cottage, so it was the perfect opportunity. But when I tried to put my plan into action, my legs gave out and I fell to the ground. I got up again and, using all my strength, I removed the planks I had put in front of my hiding place to conceal myself. The fresh air helped me feel better, and with newfound determination, I approached the door of the cottage. I knocked, and the old man said, 'Who's there?' 'Come in,' he replied. I entered and said, 'Sorry to intrude, but I'm a traveler who needs a little rest. I would really appreciate it if I could stay here for a few minutes by the fire.' 'Come in,' De Lacey said, 'and I'll try to help you with what you need. But unfortunately, my kids are out, and since I'm blind, it might be hard for me to get you any food.' 'Don't bother,' I said. 'I have food. All I need is some warmth and rest.' I sat down, and there was an awkward silence. I knew every minute counted, but I didn't know how to start the conversation. Then the old man spoke up. 'Based on your accent, I'm guessing you're from around here. Are you French?' 'No,' I replied, 'but I was raised by a French family, so I only speak that language. I'm on my way to visit some friends I care about, and I'm hoping they'll be kind to me.'",0.2,1.0,a08fcc101f35b745586a8e95db0e445b738f05769dea15158537c0dd848a3ad0,65c669cd6c4083976d7bf0c26b73cba6f80e9c9b8aa74f0a4a83909ed9e8c3d6,566,516,0.911661,pass,,json_ok,2026-06-04T22:11:29Z
groq_llama_3_3_70b_free|run_1|SHELLEY_FRANKENSTEIN_016|simplify,groq_llama_3_3_70b_free,groq,Groq Llama 3.3 70B free-tier run,llama-3.3-70b-versatile,llama-3.3-70b-versatile,run_1,SHELLEY_FRANKENSTEIN_016,simplify,"The poor people who came to the door were never turned away. I asked for more than just food or a place to rest - I wanted kindness and understanding. I didn't think I was completely unworthy of these things. As winter approached, I thought about how I could introduce myself to the people who lived in the cottage. I came up with many plans, but the one I decided on was to go into the cottage when the old man was alone. I knew that my appearance was scary to people, but I thought that if I could get the old man to like me, maybe the others would too. One day, when the sun was shining on the leaves outside, the old man's children - Safie, Agatha, and Felix - went for a walk, leaving him alone in the cottage. He picked up his guitar and played some sad but beautiful music. At first, he looked happy, but as he kept playing, he started to look thoughtful and sad. My heart was beating fast - this was my chance to try and make friends with the old man. The servants were gone, and everything was quiet. I took a deep breath and went to the door. I knocked, and the old man said, 'Come in.' I went inside and said, 'I'm sorry to bother you, but I'm a traveler who needs a place to rest. Could I please stay by the fire for a few minutes?' The old man said, 'Come in, and I'll try to help you. But my children are not home, and since I'm blind, it might be hard for me to get you food.' I said, 'Don't worry about food - I have some. I just need warmth and rest.' I sat down, and we were silent for a moment. I knew I had to make the most of this time, but I wasn't sure what to say. The old man spoke up first. 'You sound like you might be from my country,' he said. 'Are you French?' I said, 'No, but I was taught by a French family, and that's the language I understand. I'm on my way to visit some friends who I care about, and I hope they will help me.'",0.2,1.0,a08fcc101f35b745586a8e95db0e445b738f05769dea15158537c0dd848a3ad0,5384aa5b56861041ff9e5903af790348bf89c96ba25f6fb6c4d74084a30df8c2,566,375,0.662544,warning,length_hard_warning,json_ok,2026-06-04T22:25:54Z
groq_llama_3_3_70b_free|run_1|SHELLEY_FRANKENSTEIN_017|paraphrase,groq_llama_3_3_70b_free,groq,Groq Llama 3.3 70B free-tier run,llama-3.3-70b-versatile,llama-3.3-70b-versatile,run_1,SHELLEY_FRANKENSTEIN_017,paraphrase,"I spent the rest of the day in my hovel, consumed by a deep and mindless despair. With my protectors gone, the only tie that bound me to the world was severed. For the first time, I felt overwhelming emotions of revenge and hatred, and I made no effort to restrain them. Instead, I let myself be swept away by these feelings, focusing my thoughts on causing harm and destruction. When I thought of my friends, the gentle voice of De Lacey, the kind eyes of Agatha, and the beautiful Arabian, these thoughts momentarily faded, and a wave of tears brought me some comfort. However, when I remembered that they had rejected and abandoned me, my anger returned, and I was filled with a fierce rage. Since I couldn't harm any human, I turned my fury on inanimate objects. As night fell, I gathered various flammable materials around the cottage and, after destroying all signs of cultivation in the garden, I waited impatiently for the moon to set before starting my destruction. As the night wore on, a strong wind blew in from the woods, quickly scattering the clouds in the sky. The gusts howled like a powerful avalanche, and my spirits became frenzied, surpassing all rational thought. I lit a dry tree branch and danced around the doomed cottage with fury, my eyes fixed on the western horizon where the moon was about to disappear. As the moon dipped below the horizon, I waved my torch, and with a loud cry, I set fire to the straw, heath, and bushes I had collected. The wind fueled the flames, and the cottage was soon engulfed, with the fire clinging to it and licking it with its forked tongues. Once I was certain that nothing could save the habitation, I left the scene and sought refuge in the woods. Now, with the world before me, I wondered where I should go. I decided to flee far from the place of my misfortunes, but as a hated and despised creature, every country seemed equally terrifying to me. Eventually, the thought of you occurred to me. From your papers, I learned that you were my father, my creator, and who better to turn to than the one who had given me life? Among the lessons Felix had taught Safie, geography was included, and I had learned about the relative positions of the world's countries. You had mentioned Geneva as your hometown, and I resolved to head in that direction. But how would I navigate? I knew I had to travel southwest to reach my destination, and the sun was my only guide. I didn't know the names of the towns I would pass through, nor could I ask anyone for directions, but I didn't lose hope. My only hope for help was you, although I felt nothing but hatred towards you. You had given me the capacity for thought and emotion, only to abandon me and make me an object of scorn and horror for humanity.",0.2,1.0,2071dbb6c9fe2f8e0982197f551f5e299f3a8c0016f2f00ff0812c97960ff25b,e6d67bfda9bdfcd9d9a1313dbe881fb85f76d4a984e10c6bbc8ab74839923378,568,503,0.885563,pass,,json_ok,2026-06-04T22:46:55Z
groq_llama_3_3_70b_free|run_1|SHELLEY_FRANKENSTEIN_017|modernize,groq_llama_3_3_70b_free,groq,Groq Llama 3.3 70B free-tier run,llama-3.3-70b-versatile,llama-3.3-70b-versatile,run_1,SHELLEY_FRANKENSTEIN_017,modernize,"I spent the rest of the day in my hut, consumed by a deep and overwhelming despair. My protectors had left me, and with them, the only connection I had to the world. For the first time, I felt intense anger and hatred, and I didn't try to control these emotions. Instead, I let them take over, focusing my mind on causing harm and destruction. When I thought about my friends, like the gentle De Lacey, the kind Agatha, and the beautiful Arabian, these thoughts faded away, and a wave of tears brought me some comfort. But when I remembered that they had rejected and abandoned me, my anger returned, and I was filled with a rage that I couldn't direct at any human. So, I turned my fury on inanimate objects. As night fell, I gathered various flammable materials around the cottage and, after destroying everything in the garden, I waited impatiently for the moon to set before starting my destruction.

As the night wore on, a strong wind picked up from the woods, quickly clearing the clouds from the sky. The gusts were like a powerful avalanche, and they stirred up a kind of madness in me that broke free from all reason and reflection. I lit a dry tree branch and danced around the cottage with fury, my eyes fixed on the western horizon, where the moon was about to dip below the edge. As the moon disappeared, I waved my torch, and with a loud scream, I set the straw, heath, and bushes I had collected on fire. The wind fueled the flames, and the cottage was quickly engulfed, with the fire clinging to it and licking it with its forked tongues.

As soon as I was sure that nothing could save the cottage, I left the scene and sought refuge in the woods.

Now, with the world ahead of me, where should I go? I decided to flee far from the place of my misfortunes, but as someone hated and despised, every country seemed equally terrifying. Then, I thought of you. I learned from your documents that you were my father, my creator, and who better to turn to than the one who had given me life? From the lessons Felix had taught Safie, I had learned about geography, including the locations of different countries. You had mentioned Geneva as your hometown, and I decided to head in that direction.

But how would I navigate? I knew I had to travel southwest to reach my destination, and the sun was my only guide. I didn't know the names of the towns I would pass through, and I couldn't ask anyone for information. However, I didn't lose hope. My only chance for help was you, even though I felt nothing but hatred towards you. You had given me the ability to perceive and feel, and then you had abandoned me, leaving me to face the scorn and horror of humanity.",0.2,1.0,2071dbb6c9fe2f8e0982197f551f5e299f3a8c0016f2f00ff0812c97960ff25b,9cd1915104af8d95b481154885e0f38555407468a130a44b8d0770a277040806,568,494,0.869718,warning,json_repaired_loose_rewritten_text,json_repaired_loose_rewritten_text,2026-06-04T23:00:55Z
groq_llama_3_3_70b_free|run_1|SHELLEY_FRANKENSTEIN_017|simplify,groq_llama_3_3_70b_free,groq,Groq Llama 3.3 70B free-tier run,llama-3.3-70b-versatile,llama-3.3-70b-versatile,run_1,SHELLEY_FRANKENSTEIN_017,simplify,"I spent the rest of the day in my small hut, feeling completely hopeless and desperate. My friends had left me, and I felt like I had no connection to the world anymore. For the first time, I felt strong feelings of revenge and hatred, and I didn't try to control them. Instead, I let them take over and thought about hurting others. But when I thought about my friends, like De Lacey and Agatha, and the beautiful Arabian, I started to feel a little better. I even cried, which made me feel slightly calmer. However, when I remembered that they had rejected me, my anger came back, and I couldn't direct it at anyone, so I took it out on objects around me. As night fell, I put flammable materials around the cottage and waited for the moon to set before I started my destruction. After destroying the garden, I waited impatiently for the right moment to act.

As the night went on, a strong wind started blowing from the woods, clearing the clouds from the sky. The wind was so fierce that it made me feel like I was losing my mind. I lit a dry branch and danced around the cottage, my eyes fixed on the horizon where the moon was setting. When the moon finally disappeared, I waved my torch and set the straw and bushes on fire. The wind made the fire spread quickly, and the cottage was soon engulfed in flames.

Once I was sure that nothing could be saved, I left the scene and went into the woods to hide. Now, I had to decide where to go. I wanted to get as far away from the place where I had been so unhappy, but I knew that every place would be just as bad for me because I was hated and despised. Then I thought of you, my creator. I had learned from your notes that you were my father, and I thought that you might be able to help me. I had learned some geography from Felix's lessons to Safie, so I knew the general direction I needed to go to get to your hometown of Geneva.

But how was I supposed to find my way? I knew I had to go southwest, and the sun was my only guide. I didn't know the names of the towns I would pass through, and I couldn't ask anyone for help. But I didn't give up. My only hope was that you could help me, even though I felt nothing but hatred towards you. You had given me the ability to think and feel, but then you had abandoned me, leaving me to be ridiculed and feared by everyone.",0.2,1.0,2071dbb6c9fe2f8e0982197f551f5e299f3a8c0016f2f00ff0812c97960ff25b,1187f5e020a7ecf0e830f686186d5af28c6f62952e1e55e2a7a6511563ab9a9b,568,456,0.802817,warning,json_repaired_loose_rewritten_text;length_soft_warning,json_repaired_loose_rewritten_text,2026-06-04T23:14:56Z
groq_llama_3_3_70b_free|run_1|SHELLEY_FRANKENSTEIN_018|paraphrase,groq_llama_3_3_70b_free,groq,Groq Llama 3.3 70B free-tier run,llama-3.3-70b-versatile,llama-3.3-70b-versatile,run_1,SHELLEY_FRANKENSTEIN_018,paraphrase,"The crime originated with her, so let her bear the punishment. Thanks to Felix's lessons and the bloody laws of humanity, I had learned to cause harm. I leaned over her and securely placed the portrait in a fold of her dress. She stirred again, and I took flight. For several days, I lingered near the scene of these events, sometimes wishing to see you and other times determined to abandon the world and its sorrows forever. Eventually, I wandered into these mountains, roaming their vast expanses, consumed by a burning passion that only you can satisfy. We cannot part until you have agreed to fulfill my request. I am alone and miserable, and humanity will not associate with me. However, one as deformed and horrible as myself would not refuse me. My companion must be of the same kind and share the same defects, and you must create this being. The creature finished speaking and fixed its gaze on me, expecting a response. But I was bewildered and perplexed, unable to gather my thoughts to fully comprehend the extent of its proposal. It continued, 'You must create a female for me, with whom I can share the sympathies necessary for my existence. You alone can do this, and I demand it as a right that you cannot deny.' The latter part of its story had rekindled the anger that had subsided while it recounted its peaceful life among the cottagers. As it spoke, I could no longer suppress the rage that burned within me. 'I refuse,' I replied, 'and no torture will ever force me to consent. You may make me the most wretched of men, but you will never make me base in my own eyes. Should I create another like you, whose combined wickedness could devastate the world? Begone! I have answered you; you may torment me, but I will never agree.' 'You are mistaken,' the creature responded, 'and instead of threatening, I am willing to reason with you. I am malicious because I am miserable. Am I not shunned and hated by all humanity? You, my creator, would tear me apart and triumph; remember that, and tell me why I should pity humanity more than it pities me. You would not consider it murder if you could hurl me into one of those ice-rifts and destroy the frame that your own hands created. Should I respect humanity when it condemns me? Let humanity live with me in kindness, and instead of harm, I would bestow every benefit upon it with tears of gratitude for its acceptance. But that cannot be; human senses are insurmountable barriers to our union. Yet I will not submit to abject slavery. I will avenge my injuries; if I cannot inspire love, I will inspire fear, and primarily towards you, my archenemy, as my creator, I swear unrelenting hatred. Beware; I will work towards your destruction, and I will not finish until I have devastated your heart, so that you will curse the hour of your birth.' A fiendish fury animated the creature as it spoke; its face contorted into horrible grimaces that were too terrible for human eyes to behold. However, it soon calmed itself and proceeded, 'I intended to reason.'",0.2,1.0,97db000728e1797374c99db88700bb031d5df6ed4f08c23c3d9889ac32cba65d,a224912be163c54b584bf2e21a820e95ebac90aa2a8aa1d0e9e75e7a8f95b4d3,582,540,0.927835,pass,,json_ok,2026-06-04T23:29:28Z
groq_llama_3_3_70b_free|run_1|SHELLEY_FRANKENSTEIN_018|modernize,groq_llama_3_3_70b_free,groq,Groq Llama 3.3 70B free-tier run,llama-3.3-70b-versatile,llama-3.3-70b-versatile,run_1,SHELLEY_FRANKENSTEIN_018,modernize,"The crime had its roots in her, so let her face the punishment. Thanks to the lessons I learned from Felix and the brutal laws of society, I had become skilled at causing harm. I leaned over her and carefully placed the portrait in a fold of her dress. She stirred again, and I took off. For days, I lingered around the spot where these events had unfolded, sometimes hoping to catch a glimpse of you, and other times determined to leave the world and its suffering behind forever. Eventually, I wandered into these mountains, roaming their vast expanses, driven by a burning passion that only you can satisfy. We can't part ways until you agree to my demand. I'm alone and miserable; people won't associate with me, but someone as disfigured and horrific as myself wouldn't reject me. My companion needs to be the same species and have the same flaws. You must create this being. The creature finished speaking and fixed his gaze on me, expecting a response. However, I was bewildered, perplexed, and unable to gather my thoughts enough to fully understand the scope of his proposal. He continued, 'You must create a female for me, with whom I can share the sympathies necessary for my existence. You're the only one who can do this, and I'm demanding it as a right that you can't refuse.' The latter part of his story had reignited the anger in me that had faded while he described his peaceful life among the cottagers. As he spoke, I could no longer hold back the rage burning inside me. 'I refuse,' I replied. 'No amount of torture will ever force me to agree. You may make me the most miserable person, but you'll never make me compromise my values. Should I create another being like you, whose combined wickedness could devastate the world? Leave now. I've given you my answer; you may torment me, but I'll never consent.' 'You're wrong,' the creature responded. 'Instead of threatening me, I'm willing to reason with you. I'm malicious because I'm miserable. Isn't it true that all humanity shuns and hates me? You, my creator, would tear me apart and celebrate; remember that, and tell me why I should pity humans more than they pity me. You wouldn't consider it murder if you could push me into one of those ice crevices and destroy the body you created. Should I respect humans when they condemn me? If they would live with me in kindness, I would show them gratitude and benefits. But that's impossible; human senses are insurmountable barriers to our union. Still, I won't submit to slavery. I'll avenge my injuries; if I can't inspire love, I'll inspire fear, and especially towards you, my archenemy, my creator, I swear unrelenting hatred. Be careful; I'll work towards your destruction, and I won't stop until I've devastated your heart, making you curse the day you were born.' A fiendish rage consumed him as he spoke; his face contorted into twisted expressions too horrific to behold. However, he soon calmed down and continued, 'I intended to reason.'",0.2,1.0,97db000728e1797374c99db88700bb031d5df6ed4f08c23c3d9889ac32cba65d,1553684c1026bd2dfbafd21baa708a3b39d1a7e0b2f9f9f91c57ae8d8937df09,582,519,0.891753,pass,,json_ok,2026-06-04T23:44:02Z
groq_llama_3_3_70b_free|run_1|SHELLEY_FRANKENSTEIN_018|simplify,groq_llama_3_3_70b_free,groq,Groq Llama 3.3 70B free-tier run,llama-3.3-70b-versatile,llama-3.3-70b-versatile,run_1,SHELLEY_FRANKENSTEIN_018,simplify,"The creature's actions were a result of her influence, and now it was time for her to face the consequences. Thanks to Felix's lessons and the harsh laws of humans, I had learned how to cause harm. I leaned over her and hid the portrait in a fold of her dress. She moved, and I ran away.

For several days, I stayed near the place where these events happened, sometimes wanting to see you and sometimes deciding to leave the world and its problems behind. Eventually, I wandered into these mountains and have been exploring their vast spaces, driven by a strong passion that only you can satisfy. We cannot part ways until you agree to do what I ask. I am alone and unhappy; people will not associate with me. But someone as ugly and horrible as me would not reject me. My companion must be the same kind of being and have the same flaws. You must create this being for me.

The creature finished speaking and looked at me, waiting for a response. But I was confused and couldn't think clearly enough to understand what it was asking. It continued, 'You must create a female for me, someone I can share feelings with and live a life together. You are the only one who can do this, and I demand it as a right that you cannot refuse.'

The last part of its story had made me angry again, and when it said this, I couldn't hold back my rage anymore. 'I refuse,' I replied. 'No matter what you do to me, I will never agree. You may make me very unhappy, but you will never make me do something that goes against my values. Should I create another being like you, whose combined evil could destroy the world? Leave me alone! I have answered you; you may hurt me, but I will never agree.'

'You are wrong,' the creature replied. 'Instead of threatening me, I want to reason with you. I am mean because I am unhappy. Don't I deserve to be treated with kindness when everyone else hates and avoids me? You, my creator, would destroy me without hesitation. Why should I care about humans when they don't care about me? If I could live with humans in a kind and gentle way, I would be grateful and do good things for them. But that's not possible because humans are afraid of me. I will not give up; I will get revenge for the way I've been treated. If I can't make people love me, I will make them fear me, especially you, my enemy and creator. I swear to hate you forever and work towards your destruction until you regret the day you were born.'

The creature's face was twisted in anger as it spoke, but then it calmed down and continued, 'I meant to reason with you.'",0.2,1.0,97db000728e1797374c99db88700bb031d5df6ed4f08c23c3d9889ac32cba65d,e9e651dbe818373dce5f05047da8de8f9758bcb86aef96906e0b1a643e3975ee,582,484,0.831615,warning,json_repaired_loose_rewritten_text;length_soft_warning,json_repaired_loose_rewritten_text,2026-06-04T23:58:40Z
groq_llama_3_3_70b_free|run_1|SHELLEY_FRANKENSTEIN_019|paraphrase,groq_llama_3_3_70b_free,groq,Groq Llama 3.3 70B free-tier run,llama-3.3-70b-versatile,llama-3.3-70b-versatile,run_1,SHELLEY_FRANKENSTEIN_019,paraphrase,"A significant transformation had occurred within me; my previously declining health had begun to recover, and my spirits, when not hindered by the memory of my unfortunate promise, had also begun to lift. My father noticed this change with delight and turned his attention to finding the most effective way to eliminate the remaining traces of my melancholy, which would periodically resurface, casting a dark shadow over the approaching happiness. During these moments, I sought solace in complete solitude, spending entire days alone on the lake in a small boat, observing the clouds and listening to the gentle lapping of the waves, lost in thought and inactivity. However, the fresh air and warm sunshine rarely failed to restore me to a certain degree of calmness, and upon my return, I greeted my friends with a more genuine smile and a lighter heart. Following one of these excursions, my father called me aside and spoke to me in a serious tone, 'I am pleased to see, my dear son, that you have resumed your former pursuits and seem to be regaining your composure. Yet, you still appear unhappy and avoid our company. For a while, I was perplexed by the cause of this, but yesterday a thought occurred to me, and if it is correct, I implore you to confirm it. Withholding the truth on this matter would not only be pointless but also bring triple the misery upon us all.' I trembled violently at his words, and my father continued, 'I must confess, my son, that I have always envisioned your marriage to our beloved Elizabeth as the foundation of our domestic happiness and the comfort of my declining years. You two have been attached since infancy, sharing studies and exhibiting compatible dispositions and tastes. However, the experience of mankind can be blind, and what I believed would be the key to my plan may have ultimately destroyed it. Perhaps you regard Elizabeth as a sister, without any desire for her to become your wife. Or maybe you have met someone else you love, and feeling bound to Elizabeth by honour, this inner conflict may be the source of the profound misery you seem to be experiencing.' 'My dear father, please be reassured,' I replied. 'I hold my cousin Elizabeth in the highest esteem and affection. I have never met a woman who has inspired my warmest admiration and love as she does. My future aspirations and expectations are entirely tied to the prospect of our union.' 'The expression of your feelings on this subject, my dear Victor, brings me greater joy than I have felt in some time,' my father said. 'If you truly feel this way, we will undoubtedly be happy, despite the current gloom that has settled over us. But it is this gloom that seems to have taken such a strong hold of your mind that I wish to dispel. Tell me, therefore, if you object to an immediate and formal celebration of the marriage. We have faced misfortune, and recent events have disrupted the tranquillity that suits my age and frailties. You, on the other hand, are younger, and I do not suppose that an early marriage would interfere with any future plans of honour and usefulness that you may have formed, given your sufficient fortune.'",0.2,1.0,553d04c4d1e7336e6dd649f597508c9548ebe2078118e06c2575f92ea1012477,83fef13b63ce2a457fea9cadc70223f67e09bb34278460949b56b58d34197c86,560,551,0.983929,pass,,json_ok,2026-06-05T00:21:22Z
groq_llama_3_3_70b_free|run_1|SHELLEY_FRANKENSTEIN_019|modernize,groq_llama_3_3_70b_free,groq,Groq Llama 3.3 70B free-tier run,llama-3.3-70b-versatile,llama-3.3-70b-versatile,run_1,SHELLEY_FRANKENSTEIN_019,modernize,"A significant change had taken place in me; my health, which had been declining, was now much improved, and my mood, when not weighed down by the memory of my unhappy promise, had lifted accordingly. My father noticed this change with pleasure and began thinking about how to eliminate the remaining traces of my melancholy, which would still resurface from time to time, casting a dark shadow over the approaching happiness. During these moments, I would seek refuge in complete solitude. I spent entire days alone on the lake in a small boat, watching the clouds and listening to the gentle lapping of the waves, silent and lethargic. However, the fresh air and bright sunshine usually managed to restore me to some degree of calmness, and when I returned, I greeted my friends with a more genuine smile and a more cheerful heart.

After one of these solo outings, my father called me aside and said, 'I'm happy to see, my dear son, that you've started enjoying your old hobbies again and seem to be getting back to yourself. Yet, you still seem unhappy and avoid spending time with us. For a while, I was puzzled about the reason for this, but yesterday an idea occurred to me, and if it's correct, I urge you to be honest about it. Keeping this to yourself would not only be pointless but could also bring triple the misery to all of us.'

I trembled violently at his words, and my father continued, 'I confess, my son, that I've always looked forward to your marriage to our dear Elizabeth as the key to our family's happiness and the comfort of my later years. You two have been close since childhood; you studied together and seemed to have similar personalities and interests. However, human experience can be misleading, and what I thought would bring us together may have actually driven you apart. Perhaps you see Elizabeth as just a sister, without any desire to marry her. Or maybe you've met someone else you love, and feeling obligated to Elizabeth, this inner conflict could be causing the intense pain you seem to be feeling.'

'My dear father, please don't worry,' I replied. 'I love my cousin Elizabeth deeply and sincerely. I've never met anyone who inspires my warmest admiration and affection like she does. My future hopes and dreams are entirely tied to the prospect of us being together.'

'The way you feel about this, my dear Victor, brings me more joy than I've felt in a long time,' my father said. 'If you truly feel this way, we'll definitely be happy, no matter how difficult things seem right now. But it's this sadness that seems to have such a strong hold on you that I want to help you overcome. So, tell me, do you object to getting married soon? We've had some tough times lately, and recent events have disrupted the peaceful life that's suitable for someone of my age and health. You're younger, and I don't think an early marriage would interfere with any future plans you may have for your career or personal growth, considering you have a stable financial situation.'",0.2,1.0,553d04c4d1e7336e6dd649f597508c9548ebe2078118e06c2575f92ea1012477,041c0bd87b44854c069b69a24c86e149bfe4cd3914aaf3f96d7f4855291f0de7,560,530,0.946429,warning,json_repaired_loose_rewritten_text,json_repaired_loose_rewritten_text,2026-06-05T00:45:21Z
groq_llama_3_3_70b_free|run_1|SHELLEY_FRANKENSTEIN_019|simplify,groq_llama_3_3_70b_free,groq,Groq Llama 3.3 70B free-tier run,llama-3.3-70b-versatile,llama-3.3-70b-versatile,run_1,SHELLEY_FRANKENSTEIN_019,simplify,"I had changed a lot; my health was getting better, and my mood was improving too. When I wasn't thinking about my unhappy promise, I felt more positive. My father noticed this change and was happy about it. He wanted to help me get rid of my sadness, which still came back sometimes. When that happened, I would often go to the lake and spend the day alone in a small boat, watching the clouds and listening to the water. The fresh air and sunshine usually helped me feel better, and when I got back, I could smile and be more cheerful with my friends.

After one of these trips, my father called me aside and said, 'I'm glad to see you're enjoying your old hobbies again and seem to be feeling better. But you're still unhappy and don't want to be around us. I've been trying to figure out why, and yesterday I had an idea. If I'm right, please tell me the truth. Not telling me would only make things worse for all of us.'

I started shaking when he said this, and my father continued, 'I've always thought that your marriage to Elizabeth would make our family happy and give me comfort in my old age. You two have been close since you were little, and you seem to be a good match. But maybe what I thought was a good idea has actually caused problems. Maybe you think of Elizabeth as just a sister, or maybe you've met someone else you love. If that's the case, feeling like you have to marry Elizabeth could be making you very unhappy.'

I told my father, 'Don't worry, I love Elizabeth very much. I've never met anyone who makes me feel the way she does. I'm looking forward to marrying her and spending my life with her.'

My father was happy to hear this. He said, 'If you really feel this way, we'll be happy, no matter what's going on right now. But I want to help you get rid of the sadness that's been bothering you. So, tell me, do you have any objections to getting married soon? We've had some tough times lately, and I'm not as young as I used to be. But I don't think getting married would get in the way of your plans for the future, since you have enough money to take care of yourself.'",0.2,1.0,553d04c4d1e7336e6dd649f597508c9548ebe2078118e06c2575f92ea1012477,4cd2e766381ed3066e5a963af0742215f26f33f1f6d0891bbe4f56090dfcc1c3,560,403,0.719643,warning,json_repaired_loose_rewritten_text;length_hard_warning,json_repaired_loose_rewritten_text,2026-06-05T00:59:01Z
groq_llama_3_3_70b_free|run_1|SHELLEY_FRANKENSTEIN_020|paraphrase,groq_llama_3_3_70b_free,groq,Groq Llama 3.3 70B free-tier run,llama-3.3-70b-versatile,llama-3.3-70b-versatile,run_1,SHELLEY_FRANKENSTEIN_020,paraphrase,"We paid our respects at the tomb of the renowned Hampden and the site where he made the ultimate sacrifice. For a brief moment, my spirit was lifted from its wretched and fearful state, allowing me to ponder the sublime notions of freedom and selflessness that these landmarks embodied. I dared to momentarily break free from my shackles and gaze around me with an unencumbered and elevated spirit, but the weight of my burdens soon bore down on me, and I sank back into my despair, trembling and devoid of hope. We bid farewell to Oxford with a tinge of sadness and continued on to Matlock, our next destination. The surrounding countryside bore a resemblance to the Swiss landscape, albeit on a smaller scale, with the rolling green hills lacking the majestic backdrop of the distant Alps that crowned the mountains of my homeland. We explored the remarkable cave and the compact natural history exhibits, where the treasures were arranged in a manner reminiscent of the collections at Servox and Chamounix. The mere mention of the latter location by Henry sent shivers down my spine, and I hastened our departure from Matlock, which now held an unsettling association. From Derby, we journeyed northward, spending two months in Cumberland and Westmorland. I began to feel a sense of familiarity, as if I were among the Swiss mountains once more. The lingering patches of snow on the northern slopes, the serene lakes, and the gentle cascades of the rocky streams all stirred fond memories within me. It was here that we formed some acquaintances who nearly succeeded in deceiving me into a state of happiness. Clerval, however, was even more enchanted, his mind expanding in the company of talented individuals, and he discovered within himself a wealth of untapped potential that he had not realized he possessed when surrounded by those less refined. 'I could spend my entire life here,' he exclaimed to me, 'and amidst these mountains, I would hardly miss Switzerland and the Rhine.' Yet, he soon came to realize that the life of a traveller is marked by a mix of pleasure and pain, with feelings perpetually on edge, and just as one begins to settle into a sense of comfort, the need to move on to new experiences arises, only to be forsaken for yet another novelty. We had barely begun to appreciate the beauty of the various lakes in Cumberland and Westmorland, and formed attachments to some of the locals, when the time arrived for us to depart and meet our Scottish friend. For my part, I was not saddened by our departure, having neglected my obligations for some time and fearing the consequences of the creature's displeasure. The thought of it potentially wreaking havoc on my loved ones in Switzerland haunted me, tormenting me at every turn, and robbing me of any potential respite. I eagerly awaited news from home, and any delay in receiving letters filled me with anguish and a multitude of fears. Upon receiving them, I trembled at the sight of Elizabeth's or my father's handwriting, hardly daring to read the contents and discover my fate. At times, I feared that the monster was closing in on me, and that my negligence might seal my companion's fate.",0.2,1.0,3cc2abee71e3bc95becf97af70713d8005d207fc94141a59f71cdc9df97f6d85,967878ec9877721999c97123685db312c797176ae6fe9a97c2cb078a6e1c3a4e,556,544,0.978417,pass,,json_ok,2026-06-05T01:20:30Z
groq_llama_3_3_70b_free|run_1|SHELLEY_FRANKENSTEIN_020|modernize,groq_llama_3_3_70b_free,groq,Groq Llama 3.3 70B free-tier run,llama-3.3-70b-versatile,llama-3.3-70b-versatile,run_1,SHELLEY_FRANKENSTEIN_020,modernize,"We visited the tomb of the renowned Hampden and the site where the patriot fell. For a moment, my spirit was lifted from its degrading and miserable fears to contemplate the profound concepts of freedom and self-sacrifice that these sights represented. I momentarily dared to break free from my constraints and look around me with a sense of liberation and a lofty spirit, but the emotional pain had taken its toll, and I sank back into my miserable state, trembling and hopeless.

We left Oxford with regret and headed to Matlock, our next destination. The surrounding countryside resembled the scenery of Switzerland, but on a smaller scale, and the green hills lacked the majestic backdrop of distant white Alps that always accompanied the pine-covered mountains of my homeland. We explored the incredible cave and the small natural history exhibits, where the curiosities were displayed in a similar manner to those in the collections at Servox and Chamounix. When Henry mentioned the latter name, I trembled, and I quickly wanted to leave Matlock, as it was now associated with that horrific scene.

From Derby, we continued our journey north and spent two months in Cumberland and Westmorland. I almost felt like I was back in the Swiss mountains. The remaining patches of snow on the northern sides of the mountains, the lakes, and the rushing rocky streams were all familiar and dear to me. We also made some acquaintances who almost managed to bring me happiness. Clerval's delight was even greater than mine; his mind thrived in the company of talented individuals, and he discovered greater potential within himself than he thought he possessed when he was surrounded by people who were inferior to him. 'I could spend my life here,' he said to me, 'and among these mountains, I would hardly miss Switzerland and the Rhine.'

But he realized that a traveler's life is one that involves a lot of pain amidst its pleasures. A traveler's emotions are always on edge, and when they start to relax, they have to leave the things that bring them joy to experience something new, which in turn captures their attention, only to be abandoned for other novelties.

We had barely visited the various lakes of Cumberland and Westmorland and formed a connection with some of the locals when our scheduled meeting with our Scottish friend approached, and we had to leave. For my part, I wasn't sorry to go. I had neglected my promise for some time, and I feared the consequences of disappointing the demon. He might still be in Switzerland, seeking revenge on my family. This thought haunted me and tormented me at every moment, depriving me of any potential rest and peace. I anxiously awaited my letters, and if they were delayed, I was miserable and overwhelmed by a thousand fears. When the letters arrived, and I saw that they were from Elizabeth or my father, I hardly dared to read them and discover my fate. Sometimes I thought that the monster was following me and might hasten my punishment by killing my companion.",0.2,1.0,3cc2abee71e3bc95becf97af70713d8005d207fc94141a59f71cdc9df97f6d85,b92bae9a929feeb6b6a2c9e8c45caa4828e37b4746f7131e2bf0b748d9bb19d0,556,514,0.92446,warning,json_repaired_loose_rewritten_text,json_repaired_loose_rewritten_text,2026-06-05T01:34:38Z
groq_llama_3_3_70b_free|run_1|SHELLEY_FRANKENSTEIN_020|simplify,groq_llama_3_3_70b_free,groq,Groq Llama 3.3 70B free-tier run,llama-3.3-70b-versatile,llama-3.3-70b-versatile,run_1,SHELLEY_FRANKENSTEIN_020,simplify,"We visited the tomb of the famous Hampden and the field where he died. For a moment, I felt my spirit lift as I thought about the ideas of freedom and sacrifice that these sights represented. I tried to shake off my fears and look around me with a sense of freedom, but my worries soon took over again and I felt hopeless. We left Oxford and went to Matlock, our next stop. The countryside around Matlock looked a bit like Switzerland, but on a smaller scale. The green hills were missing the white Alps that I was used to seeing in my home country. We visited a amazing cave and some natural history exhibits that reminded me of the ones I had seen in Servox and Chamounix. When Henry mentioned Chamounix, I felt a surge of fear and wanted to leave Matlock as soon as possible. From Derby, we traveled north and spent two months in Cumberland and Westmorland. The scenery reminded me of the Swiss mountains, with patches of snow on the northern sides of the mountains, lakes, and rocky streams. We met some people who made me feel almost happy. Clerval was even more delighted, and being around talented people made him realize his own potential. 'I could spend my life here,' he said to me. 'I would hardly miss Switzerland and the Rhine.' But he soon learned that traveling can be painful, even when you're enjoying yourself. You're always on the move, and just when you start to relax, you have to leave and find something new to do. We had just started to like the lakes and the people in Cumberland and Westmorland when it was time to meet our friend from Scotland, so we left. I wasn't sorry to go, because I had been putting off my promise for too long and I was worried about what might happen if I didn't keep it. I was afraid that the monster might take revenge on my family if I didn't do what I said I would do. This thought haunted me and made me anxious all the time. I waited eagerly for letters from home, and if they were late, I was miserable. When they finally arrived, I was too afraid to read them and find out what had happened. Sometimes I thought the monster was following me and might hurt Clerval if I didn't hurry up.",0.2,1.0,3cc2abee71e3bc95becf97af70713d8005d207fc94141a59f71cdc9df97f6d85,99188f3a60c974eda2d4f6ec89ac98510bd7e25b2a476458487cdc00fa19a534,556,402,0.723022,warning,length_hard_warning,json_ok,2026-06-05T01:57:59Z
groq_llama_3_3_70b_free|run_1|TWAIN_HUCKLEBERRY_FINN_001|paraphrase,groq_llama_3_3_70b_free,groq,Groq Llama 3.3 70B free-tier run,llama-3.3-70b-versatile,llama-3.3-70b-versatile,run_1,TWAIN_HUCKLEBERRY_FINN_001,paraphrase,"I climbed up the shed and slipped into my window just before dawn broke. My new clothes were all stained with grease and clay, and I was exhausted. 

CHAPTER III.

In the morning, I received a stern lecture from old Miss Watson because of my dirty clothes, but the widow just cleaned off the stains and looked at me with such pity that I thought I'd try to behave for a while. Then Miss Watson took me to the closet to pray, but nothing seemed to come of it. She told me to pray every day and that I'd get whatever I asked for, but that wasn't true. I tried it once and got a fishing line, but no hooks - it was useless without them. I asked for hooks several times, but it never worked out. One day, I asked Miss Watson to try praying for me, but she just called me a fool and wouldn't explain why. 

I sat down in the woods one day, thinking deeply about it. I wondered, if prayer could get you anything, why couldn't Deacon Winn get back the money he lost on pork? Why couldn't the widow get back her stolen silver snuffbox? Why couldn't Miss Watson gain some weight? I decided that there was no point to it. I told the widow about my thoughts, and she said that the only thing you could get from praying was spiritual gifts. She explained that this meant helping others, doing everything I could for them, and always looking out for them, never thinking of myself. This included being kind to Miss Watson, as I understood it. I thought about it for a long time in the woods, but I couldn't see any benefit to it, except for the other people, so I decided to just let it go. Sometimes the widow would talk to me about Providence in a way that made my mouth water, but then Miss Watson would contradict her the next day. I thought I could see that there were two different Providences, and a person would be better off with the widow's, but if Miss Watson's got them, they were doomed. I thought it all through and decided I'd rather follow the widow's, if that's what she wanted, though I couldn't understand how it would make me any better, considering how ignorant and low-down I was.

My father, Pap, had been gone for over a year, which was a relief for me - I didn't want to see him again. He used to beat me whenever he was sober and could catch me, so I'd often run to the woods when he was around. Around that time, his body was found in the river, drowned, about twelve miles upstream from town, or so people said.",0.2,1.0,03b0db98bc89c15f209bc18c5cc10ea07e6415cde03d439b2e44484aaa7577cf,bb077bd67158097cd58e3a9bc382761956de7b1cf48afdf1a16f2a05fc8bdc89,563,464,0.824156,warning,json_repaired_loose_rewritten_text;length_soft_warning,json_repaired_loose_rewritten_text,2026-06-05T02:17:13Z
groq_llama_3_3_70b_free|run_1|TWAIN_HUCKLEBERRY_FINN_001|modernize,groq_llama_3_3_70b_free,groq,Groq Llama 3.3 70B free-tier run,llama-3.3-70b-versatile,llama-3.3-70b-versatile,run_1,TWAIN_HUCKLEBERRY_FINN_001,modernize,"I climbed up the shed and snuck into my window just before dawn. My new clothes were all stained and muddy, and I was exhausted. 

Well, I got a good scolding from old Miss Watson in the morning because of my clothes, but the widow didn't yell at me. Instead, she just cleaned off the stains and mud, and looked so sorry for me that I thought I'd try to behave for a while if I could. Then Miss Watson took me into the closet and prayed, but nothing came of it. She told me to pray every day and that I'd get whatever I asked for. But that wasn't true. I tried it once and got a fishing line, but no hooks. It was useless to me without hooks. I tried praying for the hooks a few times, but somehow I just couldn't make it work. One day, I asked Miss Watson to try praying for me, but she said I was foolish. She never told me why, and I couldn't figure it out.

I sat down in the woods one time and thought about it for a long time. I said to myself, if you can get anything you pray for, why can't Deacon Winn get back the money he lost on pork? Why can't the widow get back her stolen silver snuffbox? Why can't Miss Watson lose some weight? No, I said to myself, there's nothing to it. I went and told the widow about it, and she said the thing you can get by praying for it is 'spiritual gifts.' This was too much for me to understand, but she explained that it means I should help other people, do everything I can for them, look out for them all the time, and never think about myself. This included Miss Watson, as I understood it. I went out into the woods and thought about it for a long time, but I couldn't see any advantage to it, except for the other people. So, I decided I wouldn't worry about it anymore and just let it go. Sometimes the widow would take me aside and talk about Providence in a way that made my mouth water, but maybe the next day Miss Watson would take over and knock it all down again. I figured I could see that there were two different Providences, and a poor guy would have a pretty good chance with the widow's Providence, but if Miss Watson's got him, there was no hope for him. I thought it all through, and I decided I'd rather belong to the widow's side if I had to choose, though I couldn't figure out how it would make me any better off than I was before, considering how ignorant and low-down I was.

My dad hadn't been seen for over a year, and that was a relief for me. I didn't want to see him anymore. He used to always beat me when he was sober and could catch me, though I usually ran into the woods when he was around. Well, around this time, he was found drowned in the river, about twelve miles upstream from town, or so people said.",0.2,1.0,03b0db98bc89c15f209bc18c5cc10ea07e6415cde03d439b2e44484aaa7577cf,4f0cdf193b17c9c32bd6c374ae46e92464bb739ddeb75c7f9fe62b7d422420a5,563,535,0.950266,warning,json_repaired_loose_rewritten_text,json_repaired_loose_rewritten_text,2026-06-05T02:31:17Z
groq_llama_3_3_70b_free|run_1|TWAIN_HUCKLEBERRY_FINN_001|simplify,groq_llama_3_3_70b_free,groq,Groq Llama 3.3 70B free-tier run,llama-3.3-70b-versatile,llama-3.3-70b-versatile,run_1,TWAIN_HUCKLEBERRY_FINN_001,simplify,"I climbed up the shed and sneaked into my window just before dawn. My new clothes were all stained and dirty, and I was extremely tired.

In the morning, I got in trouble with old Miss Watson because of my clothes. But the widow didn't scold me. Instead, she cleaned the stains and looked at me with such sadness that I thought I would try to behave for a while. Then Miss Watson took me to the closet and prayed with me, but nothing seemed to happen. She told me to pray every day and that I would get whatever I asked for. But that wasn't true. I tried praying for a fishing line, and I got one, but it didn't have any hooks. It was useless to me without hooks. I tried praying for hooks several times, but it didn't work. One day, I asked Miss Watson to try praying for me, but she said I was foolish. She didn't explain why, and I couldn't understand it.

I sat down in the woods one day and thought about it for a long time. I asked myself, if praying can get you anything, why can't Deacon Winn get back the money he lost on pork? Why can't the widow get back her stolen silver snuffbox? Why can't Miss Watson gain some weight? I thought to myself, there's nothing to it. I told the widow about my doubts, and she said that the only thing you can get from praying is spiritual gifts. She explained that this means helping others, doing everything you can for them, and always looking out for them, never thinking of yourself. This included being kind to Miss Watson, as I understood it. I thought about it for a long time in the woods, but I couldn't see any benefit to it, except for the other people. So, I decided not to worry about it anymore and just let it go. Sometimes the widow would talk to me about Providence in a way that made me feel good, but the next day Miss Watson would contradict her and make me feel bad again. I thought I could see that there were two different ideas of Providence, and a person would be better off with the widow's idea. But if Miss Watson's idea took over, there was no hope. I thought about it and decided that if I had to choose, I would rather follow the widow's idea, even though I didn't understand how it would make me any better, considering how ignorant and low-down I was.

My father, Pap, had been gone for over a year, and that was a relief for me. I didn't want to see him again. He used to beat me when he was sober and could catch me, so I usually ran away to the woods when he was around. Around that time, his body was found in the river, drowned, about twelve miles upstream from town, or so people said.",0.2,1.0,03b0db98bc89c15f209bc18c5cc10ea07e6415cde03d439b2e44484aaa7577cf,b6d39f0de89ec98792e05e32fa64fbe12736fa2594047a4374bf42c3df311294,563,499,0.886323,warning,json_repaired_loose_rewritten_text,json_repaired_loose_rewritten_text,2026-06-05T02:45:25Z
groq_llama_3_3_70b_free|run_1|TWAIN_HUCKLEBERRY_FINN_002|paraphrase,groq_llama_3_3_70b_free,groq,Groq Llama 3.3 70B free-tier run,llama-3.3-70b-versatile,llama-3.3-70b-versatile,run_1,TWAIN_HUCKLEBERRY_FINN_002,paraphrase,"Sometimes he thinks he'll leave, and then again he thinks he'll stay. The best thing to do is to just relax and let the old man do as he pleases. There are two angels hovering around him - one is white and shiny, the other is black. The white one influences him to do right for a little while, then the black one takes over and ruins everything. It's still unclear which one will win out in the end. But you're going to be all right. You'll have a lot of trouble in your life, and a lot of joy. Sometimes you'll get hurt, and sometimes you'll get sick, but you'll always recover. There are two women who will be involved in your life - one is wealthy and the other is poor. You'll marry the poor one first, and the wealthy one later. You should try to stay away from water as much as possible and avoid taking risks, because it's predicted that you'll meet a bad end. When I lit my candle and went to my room that night, my pap was sitting there himself. I had closed the door, then turned around and there he was. I used to be afraid of him all the time because he would beat me so much. I thought I was scared of him now, but after the initial shock, I realized I wasn't afraid of him at all. He was around fifty years old and looked every bit of it. His hair was long, tangled, and greasy, and hung down in his face, with his eyes shining through like he was hiding behind a curtain of vines. His face was pale, with no color to it, and his long, messy whiskers were all black. He was dressed in rags, with one ankle resting on the other knee, and his boot was broken, with two of his toes sticking out. He would occasionally wiggle them. His hat was lying on the floor, an old black slouch hat with the top caved in. I stood there looking at him, and he sat there looking at me, with his chair tilted back a little. I set the candle down and noticed that the window was open, so he must have climbed in through the shed. He kept looking me up and down, then said, 'You're certainly dressed up, aren't you? You think you're a big shot, don't you?' 'Maybe I am, maybe I'm not,' I replied. 'Don't give me any of your lip,' he said. 'You've put on a lot of airs since I've been away. I'll take you down a peg before I'm done with you. You're educated, they say - you can read and write. You think you're better than your father now, just because he can't?'",0.2,1.0,b82cfcdc54ccabcb0cfd7e738abcc2cf426e0df19924ded04074f415213afcc1,bafce6e3023e35550bc801cdc17c4d8fd54690dba1a8fdc31bdd5b078a9e564b,556,463,0.832734,warning,length_soft_warning,json_ok,2026-06-05T03:00:23Z
groq_llama_3_3_70b_free|run_1|TWAIN_HUCKLEBERRY_FINN_002|modernize,groq_llama_3_3_70b_free,groq,Groq Llama 3.3 70B free-tier run,llama-3.3-70b-versatile,llama-3.3-70b-versatile,run_1,TWAIN_HUCKLEBERRY_FINN_002,modernize,"Sometimes he thinks he'll leave, and then again he thinks he'll stay. The best way is to just relax and let the old man do his own thing. There are two angels hovering around him. One of them is white and shiny, and the other one is black. The white one gets him to do the right thing for a little while, then the black one comes in and messes everything up. You can't tell yet which one is going to win out in the end. But you're going to be okay. You're going to have a lot of trouble in your life, and a lot of joy. Sometimes you're going to get hurt, and sometimes you're going to get sick; but every time, you're going to get better again. There are two girls who will be in your life. One of them is light, and the other one is dark. One is rich, and the other is poor. You're going to marry the poor one first, and the rich one later. You should try to stay away from water as much as you can, and don't take any risks, because it's predicted that you're going to get in trouble. When I lit my candle and went up to my room that night, there he was, my dad himself. I had closed the door, then I turned around, and there he was. I used to be scared of him all the time because he would beat me so much. I thought I was scared now, too, but after the initial shock, I realized I wasn't scared of him anymore. He was about fifty, and he looked it. His hair was long, tangled, and greasy, and it hung down, so you could see his eyes shining through like he was hiding behind something. It was all black, no gray, and so were his long, messy whiskers. There was no color in his face where you could see it; it was white, but not a healthy white - it was a white that made you feel sick, like the belly of a fish. As for his clothes, they were just rags. He had one ankle resting on the other knee, and the boot on that foot was broken, with two of his toes sticking out, and he would wiggle them every now and then. His hat was on the floor, an old black slouch hat with the top caved in. I stood there looking at him, and he sat there looking at me with his chair tilted back a little. I put the candle down and noticed the window was open, so he must have climbed in through the shed. He kept looking me up and down. After a while, he said, 'You're really dressed up, aren't you? You think you're a big deal, don't you?' 'Maybe I am, maybe I'm not,' I said. 'Don't give me any lip,' he said. 'You've put on a lot of airs since I've been away. I'll take you down a peg before I'm done with you. You're educated, too, I hear - you can read and write. You think you're better than your father now, just because he can't?'",0.2,1.0,b82cfcdc54ccabcb0cfd7e738abcc2cf426e0df19924ded04074f415213afcc1,26eb0e50ae9713e8ce27a35c1cf2ab1026b85c31fa937e8a46b6502c5693c390,556,532,0.956835,pass,,json_ok,2026-06-05T03:15:26Z
groq_llama_3_3_70b_free|run_1|TWAIN_HUCKLEBERRY_FINN_002|simplify,groq_llama_3_3_70b_free,groq,Groq Llama 3.3 70B free-tier run,llama-3.3-70b-versatile,llama-3.3-70b-versatile,run_1,TWAIN_HUCKLEBERRY_FINN_002,simplify,"Sometimes he thinks he'll leave, and then again he thinks he'll stay. The best thing to do is to relax and let the old man do what he wants. There are two angels watching over him. One is white and shiny, and the other is black. The white one helps him do the right thing for a little while, then the black one comes in and messes everything up. It's hard to tell which one will win in the end. But you're going to be okay. You'll have a lot of trouble and a lot of joy in your life. Sometimes you'll get hurt, and sometimes you'll get sick, but you'll always get better. There are two women who will be important in your life. One is rich, and the other is poor. You'll marry the poor one first, and then the rich one later. You should try to stay away from water as much as you can and not take any risks, because it's predicted that you'll get in trouble.

When I lit my candle and went to my room that night, my dad was sitting there. I had closed the door, and then I turned around and saw him. I used to be scared of him all the time because he would spank me so much. I thought I was scared of him now, but after a minute, I realized I wasn't. He was about fifty years old and looked it. His hair was long, tangled, and greasy, and it hung down in his face. You could see his eyes shining through his hair, which was all black with no gray. His face was white, but not a healthy white - it was a sickly color. His clothes were just rags. He had one foot resting on the other knee, and his boot was broken, with two of his toes sticking out. He would wiggle them every now and then. His hat was on the floor, an old black hat with the top caved in.

I stood there looking at him, and he looked at me with his chair tilted back a little. I put the candle down and noticed that the window was open, so he must have climbed in through the shed. He kept looking me up and down. After a while, he said, 'You're dressing pretty fancy, aren't you? You think you're a big deal, don't you?' 'Maybe I am, maybe I'm not,' I said. 'Don't talk back to me,' he said. 'You've gotten pretty full of yourself since I've been away. I'll take you down a peg before I'm done with you. You're educated, they say - you can read and write. You think you're better than your dad just because he can't, don't you?'",0.2,1.0,b82cfcdc54ccabcb0cfd7e738abcc2cf426e0df19924ded04074f415213afcc1,61efb6f8248cf2a5b67b57155add600c8d3337710b6fcd6a1b6c960fef86ac34,556,459,0.82554,warning,json_repaired_loose_rewritten_text;length_soft_warning,json_repaired_loose_rewritten_text,2026-06-05T03:40:26Z
groq_llama_3_3_70b_free|run_1|TWAIN_HUCKLEBERRY_FINN_003|paraphrase,groq_llama_3_3_70b_free,groq,Groq Llama 3.3 70B free-tier run,llama-3.3-70b-versatile,llama-3.3-70b-versatile,run_1,TWAIN_HUCKLEBERRY_FINN_003,paraphrase,"I figured someone would be hiding in the canoe, trying to trick people, and when they'd paddled out to it, they'd jump up and laugh. But that wasn't the case this time. It was a genuine drift-canoe, and I climbed in and paddled it to shore. I thought to myself, the old man will be pleased when he sees this - it's worth about ten dollars. However, when I got to shore, pap wasn't around, and as I was pulling the canoe into a small creek lined with vines and willows, I had another idea: I decided to hide it well, and instead of heading into the woods when I ran away, I'd travel down the river about fifty miles and set up camp in one spot, avoiding the hardship of walking on foot. The creek was close to our shanty, and I kept thinking I heard the old man approaching, but I managed to hide the canoe. Then I went to check around a cluster of willows, and there was the old man down the path, taking aim at a bird with his gun. So, he hadn't seen anything. When he came along, I was busy pulling in a trot line. He scolded me for being slow, but I told him I fell into the river, which explained why I was late. I knew he'd notice I was wet and start asking questions. We caught five catfish and headed home. After breakfast, we took a break to rest, as we were both exhausted. I started thinking that if I could come up with a way to keep pap and the widow from chasing after me, it would be more reliable than relying on luck to get far enough away before they noticed I was gone. Many things could go wrong. For a while, I didn't see a solution, but then pap got up to drink some water and said, 'Next time someone's snooping around here, you wake me up, you hear? That man wasn't here for any good. I would've shot him. Next time, you wake me up, you hear?' Then he lay back down and fell asleep again. But what he said gave me the idea I needed. I thought to myself, now I can make sure no one will think of following me. Around noon, we set out and walked along the bank. The river was rising quickly, and a lot of driftwood was floating by. Soon, part of a log raft came along - nine logs tied together. We took the skiff out and towed it to shore. Then we had dinner. Any reasonable person would have waited out the day to catch more driftwood, but that wasn't pap's way. Nine logs were enough for him; he had to hurry to town and sell them right away. So, he locked me in, took the skiff, and started off with the raft around half-past three. I figured he wouldn't be back that night.",0.2,1.0,28b13a542e6760a0a91d9e7eaa6f1323eb711762668ad42c0798ca0740ffc913,e936bd1eff92d5f5e94bfd3d197c2b04b7eda2b89128632dbd5147e0531462c4,557,494,0.886894,pass,,json_ok,2026-06-05T04:01:38Z
groq_llama_3_3_70b_free|run_1|TWAIN_HUCKLEBERRY_FINN_003|modernize,groq_llama_3_3_70b_free,groq,Groq Llama 3.3 70B free-tier run,llama-3.3-70b-versatile,llama-3.3-70b-versatile,run_1,TWAIN_HUCKLEBERRY_FINN_003,modernize,"I just expected someone would be hiding in it, because people often did that to trick others, and when someone had pulled a small boat out most of the way, they'd jump up and laugh. But that wasn't the case this time. It was definitely a drift canoe, and I climbed in and paddled it to shore. I thought to myself, the old man will be happy when he sees this - it's worth about ten dollars. But when I got to shore, my dad wasn't in sight yet, and as I was pulling the canoe into a small creek lined with vines and willows, I had another idea: I figured I'd hide it well, and instead of running into the woods when I took off, I'd go down the river about fifty miles and set up camp in one place for good, and not have such a tough time walking on foot.

It was pretty close to our shack, and I thought I heard my dad coming all the time, but I managed to hide the canoe; then I went out and looked around a bunch of willows, and there was my dad down the path a ways, taking aim at a bird with his gun. So he hadn't seen anything.

When he came along, I was busy pulling in a fishing line. He scolded me a bit for being so slow, but I told him I fell into the river, and that's what made me so late. I knew he'd see that I was wet, and then he'd start asking questions. We caught five catfish on the lines and headed home.

While we were resting after breakfast, both of us being pretty exhausted, I started thinking that if I could come up with a way to keep my dad and the widow from trying to follow me, it would be more reliable than just relying on luck to get far enough away before they missed me; you see, all sorts of things could happen. Well, I didn't see a way to do it for a while, but then my dad sat up for a minute to drink some water, and he said:

'Next time someone comes snooping around here, you wake me up, got it? That guy wasn't here for any good reason. I would've shot him. Next time you wake me up, you hear?'

Then he lay back down and went to sleep again, but what he had said gave me the idea I needed. I thought to myself, I can make it work now so nobody will think of following me.

Around twelve o'clock, we got up and went along the riverbank. The river was rising pretty quickly, and a lot of driftwood was floating by. After a while, a log raft came by - nine logs tied together. We went out in the skiff and towed it to shore. Then we had dinner. Anyone but my dad would've waited out the day to catch more stuff, but that wasn't his style. Nine logs were enough for one time; he had to head straight to town and sell them. So he locked me in and took the skiff, and started off towing the raft around three thirty. I figured he wouldn't be back that night.",0.2,1.0,28b13a542e6760a0a91d9e7eaa6f1323eb711762668ad42c0798ca0740ffc913,4062f77556352f7830992afbb486deca7efd14a8265ea7c428c1ab25d10bf958,557,547,0.982047,warning,json_repaired_loose_rewritten_text,json_repaired_loose_rewritten_text,2026-06-05T04:24:49Z
groq_llama_3_3_70b_free|run_1|TWAIN_HUCKLEBERRY_FINN_003|simplify,groq_llama_3_3_70b_free,groq,Groq Llama 3.3 70B free-tier run,llama-3.3-70b-versatile,llama-3.3-70b-versatile,run_1,TWAIN_HUCKLEBERRY_FINN_003,simplify,"I thought someone might be hiding in the canoe to trick people, but it was really just a drift-canoe. I climbed in and paddled it to shore. I thought my dad would be happy to see it because it was worth ten dollars. But when I got to shore, my dad wasn't there yet. I decided to hide the canoe in a small creek with vines and willows, and then I thought I'd go down the river about fifty miles and camp in one place instead of running away on foot.

The creek was near our shanty, and I thought I heard my dad coming, but I managed to hide the canoe. Then I looked around and saw my dad down the path, getting ready to shoot a bird with his gun. He hadn't seen the canoe. When he came over, I was pretending to work on a fishing line. He scolded me for being slow, but I told him I fell in the river, which was why I was wet. We caught five catfish and went home.

After breakfast, we took a nap because we were both tired. I started thinking about how I could stop my dad and the widow from following me if I ran away. I wanted to make sure they wouldn't come after me. I didn't see a way to do it at first, but then my dad woke up and drank some water. He said, 'Next time someone comes sneaking around here, wake me up. That person wasn't here for any good. I would have shot him.' Then he went back to sleep.

What he said gave me an idea. I thought to myself, 'I can make sure nobody follows me now.' Around noon, we got up and went along the riverbank. The river was rising, and there was a lot of driftwood floating by. Then we saw a log raft with nine logs tied together. We took the skiff and towed it to shore. After we had dinner, my dad decided to take the logs to town to sell them. He locked me in and took the skiff, leaving around 3:30. I thought he wouldn't come back that night.",0.2,1.0,28b13a542e6760a0a91d9e7eaa6f1323eb711762668ad42c0798ca0740ffc913,d83bdc7db8d6029d916f8a7b234e1a35fad73435c3caa8495f9e3efb2f000b9a,557,367,0.658887,warning,json_repaired_loose_rewritten_text;length_hard_warning,json_repaired_loose_rewritten_text,2026-06-05T04:48:40Z
groq_llama_3_3_70b_free|run_1|TWAIN_HUCKLEBERRY_FINN_004|paraphrase,groq_llama_3_3_70b_free,groq,Groq Llama 3.3 70B free-tier run,llama-3.3-70b-versatile,llama-3.3-70b-versatile,run_1,TWAIN_HUCKLEBERRY_FINN_004,paraphrase,"Then it hit me - I figured the widow or the parson must have prayed for this bread to find me, and now it has. So I'm convinced there's something to that praying business, at least when someone like the widow or the parson does it. It just doesn't seem to work for me, and I reckon it only works for certain folks. I lit my pipe and took a long drag, continuing to watch the river. The ferry-boat was drifting with the current, and I thought I'd get a chance to see who was on board when it floated by, since it would come close to the shore where I found the bread. As it approached, I put out my pipe and snuck down to where I'd found the bread, hiding behind a log on the bank. I could peek through the fork in the log and see everything. Before long, the ferry-boat came along, drifting so close that someone could have walked ashore on a plank. Just about everybody in town was on that boat - Pap, Judge Thatcher, Bessie Thatcher, Jo Harper, Tom Sawyer, his Aunt Polly, Sid, Mary, and a whole lot more. Everyone was talking about the murder, but the captain interrupted, saying, 'Keep a sharp eye out, the current runs strongest here, and maybe the body has washed up and gotten tangled in the brush along the water's edge. I hope that's the case, anyway.' I wasn't hoping for that at all. They all crowded up to the rail, right in front of me, and fell silent, watching intently. I could see them plain as day, but they couldn't see me. Then the captain yelled, 'Stand back!' and the cannon fired off a blast that was so loud it left me deaf and blinded by the smoke. I thought for sure I was a goner. If they'd had any bullets, I reckon they'd have found the corpse they were looking for. Luckily, I wasn't hurt, thank goodness. The boat floated on and disappeared around the bend of the island. I could still hear the cannon booming every now and then, but it got fainter and fainter until, after about an hour, I couldn't hear it anymore. The island was three miles long, and I figured they'd reached the end and given up. But they didn't - they turned around and headed back up the channel on the Missouri side, under steam, and still firing their cannon every so often. I crossed over to the other side and watched them. When they got to the head of the island, they stopped firing and headed to the Missouri shore, then went back to town. I knew I was safe now - nobody else would be coming after me. I pulled my gear out of the canoe and set up a nice camp in the thick woods. I made a little tent out of my blankets to keep my stuff dry, and I caught a catfish and split it open with my saw. As the sun started to set, I built a campfire and had myself some supper.",0.2,1.0,e78cd1f1d5efcea74af4100faff4c8e35d3a57d132b8677a581c95cc60a7d774,fa30d15b952c41b4a3a548df595efc0d47a0ac7ed55f34c4d3d3d17fad98ecd0,566,517,0.913428,pass,,json_ok,2026-06-05T05:06:29Z
groq_llama_3_3_70b_free|run_1|TWAIN_HUCKLEBERRY_FINN_004|modernize,groq_llama_3_3_70b_free,groq,Groq Llama 3.3 70B free-tier run,llama-3.3-70b-versatile,llama-3.3-70b-versatile,run_1,TWAIN_HUCKLEBERRY_FINN_004,modernize,"And then something occurred to me. I thought, now I figure the widow or the parson or someone must have prayed that this bread would find me, and here it has gone and done just that. So there's no doubt that there's something to that idea - that is, there's something to it when someone like the widow or the parson prays, but it doesn't work for me, and I figure it only works for a select few. I lit a pipe and had a long smoke, and continued watching. The ferry boat was drifting with the current, and I thought I'd have a chance to see who was on board when it came by, because it would come in close, just like the bread did. When it had gotten pretty far down towards me, I put out my pipe and went to where I had found the bread, and lay down behind a log on the bank in a small clearing. Where the log split, I could peek through. After a while, the boat came along, and it drifted in so close that they could have thrown out a plank and walked ashore. Almost everyone was on the boat. Pap, and Judge Thatcher, and Bessie Thatcher, and Jo Harper, and Tom Sawyer, and his old Aunt Polly, and Sid and Mary, and plenty of others. Everyone was talking about the murder, but the captain interrupted and said, 'Be on the lookout, now; the current is strongest here, and maybe the body has washed ashore and gotten tangled in the brush at the water's edge. I hope so, anyway.' I didn't hope so. They all crowded up and leaned over the rails, nearly in my face, and kept still, watching intently. I could see them clearly, but they couldn't see me. Then the captain shouted, 'Stand back!' and the cannon let out such a loud blast right in front of me that it left me deaf from the noise and nearly blind from the smoke, and I thought I was done for. If they had had some bullets, I figure they would have hit the body they were after. Well, I saw that I wasn't hurt, thank goodness. The boat floated on and went out of sight around the bend of the island. I could hear the booming every now and then, getting farther and farther away, and after about an hour, I didn't hear it anymore. The island was three miles long. I figured they had reached the end and were giving up. But they didn't, not yet. They turned around the end of the island and started up the channel on the Missouri side, under steam, and booming occasionally as they went. I crossed over to that side and watched them. When they got abreast of the head of the island, they stopped shooting and headed over to the Missouri shore and went back to town. I knew I was safe now. Nobody else would come looking for me. I got my gear out of the canoe and set up a nice camp in the thick woods. I made a kind of tent out of my blankets to keep my stuff dry in case of rain. I caught a catfish and cut it open with my saw, and towards sundown, I started my campfire and had supper.",0.2,1.0,e78cd1f1d5efcea74af4100faff4c8e35d3a57d132b8677a581c95cc60a7d774,a96a69e969ee6303c3c00af31fff376e5bf9c18af64ac38b53534fd77e7be971,566,558,0.985866,pass,,json_ok,2026-06-05T05:20:37Z
groq_llama_3_3_70b_free|run_1|TWAIN_HUCKLEBERRY_FINN_004|simplify,groq_llama_3_3_70b_free,groq,Groq Llama 3.3 70B free-tier run,llama-3.3-70b-versatile,llama-3.3-70b-versatile,run_1,TWAIN_HUCKLEBERRY_FINN_004,simplify,"Something occurred to me. I thought, now I think the widow or the parson or someone prayed that this bread would find me, and it has. So there's no doubt that prayer works, at least when someone like the widow or the parson does it. But it doesn't seem to work for me, and I think it only works for certain people.

I lit my pipe and smoked for a while, then continued watching. The ferry boat was floating with the current, and I thought I'd get a chance to see who was on it when it came by, because it would pass close to where I found the bread. When it got near, I put out my pipe and went to where I found the bread, and lay down behind a log on the bank. I could peek through the log without being seen.

As the boat came closer, I saw that almost everyone in town was on it. There was Pap, Judge Thatcher, Bessie Thatcher, Jo Harper, Tom Sawyer, his Aunt Polly, Sid, Mary, and many others. Everyone was talking about the murder, but the captain interrupted and said, 'Be careful, the current is strong here, and the body might have washed up and gotten stuck in the bushes by the water's edge. I hope that's what happened.'

I didn't want that to happen. Everyone on the boat leaned over the side, looking really closely, but they couldn't see me. Then the captain shouted, 'Stand back!' and the cannon fired right in front of me, making me temporarily deaf and blind from the smoke. I thought I was in trouble, but luckily I wasn't hurt. The boat floated away and disappeared around the island. I could hear the cannon firing every now and then, but it got fainter and eventually stopped. The island is three miles long, and I thought they had reached the end and given up. But they didn't. They turned around and started going up the channel on the other side of the island, firing the cannon occasionally.

When they got to the top of the island, they stopped firing and went to the other shore, heading back to town. I knew I was safe now. No one else would be looking for me. I took my things out of the canoe and set up a camp in the woods. I made a tent out of my blankets to keep my things dry, and I caught a catfish and cooked it for supper. As the sun began to set, I started a fire and ate my meal.",0.2,1.0,e78cd1f1d5efcea74af4100faff4c8e35d3a57d132b8677a581c95cc60a7d774,f3418fee34b875ad825461111bcf382804d64e200ed22ff6a7bac048fb44bd9b,566,432,0.763251,warning,json_repaired_loose_rewritten_text;length_hard_warning,json_repaired_loose_rewritten_text,2026-06-05T05:34:47Z
groq_llama_3_3_70b_free|run_1|TWAIN_HUCKLEBERRY_FINN_005|paraphrase,groq_llama_3_3_70b_free,groq,Groq Llama 3.3 70B free-tier run,llama-3.3-70b-versatile,llama-3.3-70b-versatile,run_1,TWAIN_HUCKLEBERRY_FINN_005,paraphrase,"I thought I could land almost anywhere, but it wasn't that easy - the bank was too steep. I was nearly at the foot of the island before I found a suitable spot. I decided to head into the woods, figuring it was pointless to mess with rafts as long as they were moving the lantern around. I had my pipe, some dog-leg tobacco, and matches in my cap, which weren't wet, so I was all set.

And you haven't had any meat or bread to eat this whole time? Why didn't you catch some mud-turkles?

How were you supposed to catch them? You can't sneak up on them and grab them, and it's not like you can hit them with a rock. It's not like you could even try in the daytime without being seen.

That's true, you've had to stay in the woods the whole time. Did you hear them shooting the cannon?

Oh, yes. I knew they were after you. I saw them go by, watching them through the bushes.

Some young birds flew by, going a yard or two at a time and then landing. Jim said it was a sign that it was going to rain. He claimed that when young chickens flew like that, it meant rain, and he figured it was the same with young birds. I was going to catch some, but Jim wouldn't let me. He said it was bad luck. He told me that his father had been very sick once, and someone caught a bird, and his old grandmother said his father would die - and he did.

Jim also said you shouldn't count the things you're going to cook for dinner, or it would bring bad luck. And if you shook the tablecloth after sundown, that was bad luck too. He said that if a man owned a beehive and died, the bees had to be told about it before sunrise the next morning, or they would all get weak and stop working and die. Jim said bees wouldn't sting idiots, but I didn't believe him - I'd tried it before, and they didn't sting me.

I'd heard some of these things before, but not all of them. Jim knew all sorts of signs and superstitions. He claimed he knew almost everything. I pointed out that all the signs seemed to be about bad luck, so I asked him if there weren't any good-luck signs. He said:

There are hardly any, and they're not much use to you anyway. What's the point of knowing when good luck is coming? Do you want to try to avoid it? He said that if you have hairy arms and a hairy chest, it's a sign that you're going to be rich. Well, that's a sign that's actually useful, because it's something that might happen a long time from now. You see, you might have to be poor for a while first, and if you didn't know that you were going to be rich eventually, you might get discouraged and do something to hurt yourself.

Do you have hairy arms and a hairy chest, Jim?

What's the point of asking that? Can't you see that I do?

Well, are you rich?

No, but I have been rich before, and I'll be rich again.",0.2,1.0,383590da9a8452d382a25d47679bf7056c5f357f14e798efb2235c263e40ed08,ea27b7a8261102ed4ea9f8173c788e972412847100fed717a07fae611f190db7,560,548,0.978571,warning,json_repaired_loose_rewritten_text,json_repaired_loose_rewritten_text,2026-06-05T05:49:42Z
groq_llama_3_3_70b_free|run_1|TWAIN_HUCKLEBERRY_FINN_005|modernize,groq_llama_3_3_70b_free,groq,Groq Llama 3.3 70B free-tier run,llama-3.3-70b-versatile,llama-3.3-70b-versatile,run_1,TWAIN_HUCKLEBERRY_FINN_005,modernize,"Well, I had a notion I could land almost anywhere, but I couldn't - the bank was too steep. I was almost to the foot of the island before I found a good spot. I went into the woods and decided I wouldn't mess with rafts anymore, as long as they were moving the lantern around like that. I had my pipe, a plug of tobacco, and some matches in my cap, and they weren't wet, so I was all set.

And so you haven't had any meat or bread to eat all this time? Why didn't you catch some mud turtles?

How are you supposed to catch them? You can't sneak up on them and grab them, and how are you going to hit them with a rock? How could you do it at night? And I wasn't going to show myself on the bank during the day.

Well, that's true. You've had to stay in the woods the whole time, of course. Did you hear them shooting the cannon?

Oh, yes. I knew they were after you. I saw them go by here - watched them through the bushes.

Some young birds came along, flying a yard or two at a time and landing. Jim said it was a sign that it was going to rain. He said it was a sign when young chickens flew like that, and so he figured it was the same with young birds. I was going to catch some of them, but Jim wouldn't let me. He said it was bad luck. He said his father had been really sick once, and some people caught a bird, and his old grandmother said his father would die, and he did.

And Jim said you shouldn't count the things you're going to cook for dinner, because that would bring bad luck. The same if you shook the tablecloth after sundown. And he said if a man owned a beehive and that man died, the bees had to be told about it before sunrise the next morning, or else the bees would all get weak and quit working and die. Jim said bees wouldn't sting people with intellectual disabilities, but I didn't believe that, because I had tried it many times myself, and they wouldn't sting me.

I had heard about some of these things before, but not all of them. Jim knew all kinds of signs. He said he knew almost everything. I said it seemed to me like all the signs were about bad luck, so I asked him if there weren't any good-luck signs. He said:

There are very few, and they're not much use to anyone. What do you want to know when good luck is coming for? Do you want to keep it away? And he said: If you have hairy arms and a hairy chest, it's a sign that you're going to be rich. Well, there's some use in a sign like that, because it's so far ahead. You see, maybe you have to be poor for a long time first, and so you might get discouraged and hurt yourself if you didn't know from the sign that you're going to be rich someday.

Do you have hairy arms and a hairy chest, Jim?

What's the point of asking that question? Can't you see that I do?

Well, are you rich?

No, but I have been rich before, and I'm going to be rich again.",0.2,1.0,383590da9a8452d382a25d47679bf7056c5f357f14e798efb2235c263e40ed08,84f293e3fcb14e69cea74eddec4152ab17971ef9b62d08e19c04e6fb71e8b55e,560,574,1.025,warning,json_repaired_loose_rewritten_text,json_repaired_loose_rewritten_text,2026-06-05T06:04:41Z
groq_llama_3_3_70b_free|run_1|TWAIN_HUCKLEBERRY_FINN_005|simplify,groq_llama_3_3_70b_free,groq,Groq Llama 3.3 70B free-tier run,llama-3.3-70b-versatile,llama-3.3-70b-versatile,run_1,TWAIN_HUCKLEBERRY_FINN_005,simplify,"I thought I could land almost anywhere, but I couldn't because the bank was too steep. I was almost at the foot of the island before I found a good spot. I went into the woods and decided I wouldn't mess with rafts anymore, at least not as long as they were moving the lantern around. I had my pipe, some tobacco, and some matches in my cap that weren't wet, so I was okay.

And you haven't had any meat or bread to eat all this time? Why didn't you catch some mud turtles?

How were you supposed to catch them? You can't sneak up on them and grab them, and it's hard to hit them with a rock. It's especially hard at night, and I wasn't going to show myself on the bank during the day.

That makes sense. You've had to stay in the woods the whole time, of course. Did you hear them shooting the cannon?

Yes, I knew they were looking for you. I saw them go by here - I watched them through the bushes.

Some young birds flew by, going a short distance at a time and then landing. Jim said it was a sign that it was going to rain. He said that when young chickens fly like that, it's a sign of rain, and he figured it was the same with young birds. I was going to catch some, but Jim wouldn't let me. He said it was bad luck. He told me that his father was very sick once, and some people caught a bird, and his grandmother said his father would die - and he did.

Jim also said you shouldn't count the things you're going to cook for dinner, because that would bring bad luck. The same thing applies if you shake the tablecloth after sundown. And he said that if someone owns a beehive and that person dies, the bees need to be told about it before sunrise the next morning, or else the bees will get weak and stop working and die. Jim said that bees won't sting people who are mentally disabled, but I didn't believe that, because I had tried it many times and they didn't sting me.

I had heard about some of these things before, but not all of them. Jim knew all sorts of signs and superstitions. He said he knew almost everything. I pointed out that it seemed like all the signs were about bad luck, so I asked him if there weren't any good-luck signs. He said, 'There are very few, and they're not much use to anyone. What's the point of knowing when good luck is coming? Do you want to try to avoid it?' He also said, 'If you have hairy arms and a hairy chest, it's a sign that you're going to be rich.' He figured that was a useful sign, because it gives you something to look forward to, even if you're poor for a long time.

Do you have hairy arms and a hairy chest, Jim?

What's the point of asking that? Can't you see that I do?

Are you rich?

No, but I was rich once, and I'll be rich again.",0.2,1.0,383590da9a8452d382a25d47679bf7056c5f357f14e798efb2235c263e40ed08,1e8e945efc89eacaf27b1b31f794a5b15f761b42d478065888fe81cecfacbaf5,560,536,0.957143,warning,json_repaired_loose_rewritten_text,json_repaired_loose_rewritten_text,2026-06-05T06:30:07Z
groq_llama_3_3_70b_free|run_1|TWAIN_HUCKLEBERRY_FINN_006|paraphrase,groq_llama_3_3_70b_free,groq,Groq Llama 3.3 70B free-tier run,llama-3.3-70b-versatile,llama-3.3-70b-versatile,run_1,TWAIN_HUCKLEBERRY_FINN_006,paraphrase,"You'd best stay here for the night. Take off your hat, why don't you? I said, 'No, I reckon I'll just rest a spell and then be on my way. I ain't scared of the dark.' She wouldn't hear of me traveling alone, though, and said her husband would be home in about an hour and a half, and she'd have him escort me then. Then she started talking about her husband and her family up and down the river, and how they used to be better off, and how they might've made a mistake by moving to our town. She went on and on like that until I began to worry that I'd made a mistake by coming to her for information. But eventually, she started talking about my pap and the murder, and I was happy to let her keep on talking. She told the story of how Tom Sawyer and I found the six thousand dollars - though she said it was ten - and all about my pap and what a difficult man he was, and how I was a handful too. Finally, she got to the part where I was supposedly murdered. I asked, 'Who did it? We've heard rumors about what's been going on in Hookerville, but we don't know who killed Huck Finn.' She said, 'I reckon there are plenty of people around here who'd like to know that too. Some folks thought old Finn did it himself at first.' I said, 'Is that so?' and she said, 'Most everyone did, at first. He came close to getting lynched, but by nightfall, people were saying it was a runaway slave named Jim who did it.' I was about to say something, but I decided it was better to keep quiet. She just kept on talking, not even noticing I'd tried to say something. 'The slave ran off the same night Huck Finn was killed,' she said, 'and now there's a three-hundred-dollar reward out for him. There's a two-hundred-dollar reward out for old Finn too, because he came to town the morning after the murder and joined in the search, but then he took off. By nightfall, people were wanting to lynch him, but he was already gone. The next day, they found out the slave was missing, and they figured he must have done it. So, they put the blame on him. Meanwhile, old Finn came back and went crying to Judge Thatcher, asking for money to search for the slave all over Illinois. The judge gave him some money, and that evening, he got drunk with a couple of rough-looking strangers and left with them. He hasn't come back since, and people aren't expecting him to until this whole thing blows over. Folks think he might've killed his own boy and made it look like robbers did it, just so he could get his hands on Huck's money without having to wait for a lawsuit. People say he's capable of doing something like that.",0.2,1.0,cfac0b9fc8b6633f064bc649a7c16746e872186e275e24a5e55123b1600ecf84,b64724ce50d56d858ea2d31bcbe7150acadb89a1bb1136e1f26387c438bc8fc3,553,502,0.907776,pass,,json_ok,2026-06-05T06:53:21Z
groq_llama_3_3_70b_free|run_1|TWAIN_HUCKLEBERRY_FINN_006|modernize,groq_llama_3_3_70b_free,groq,Groq Llama 3.3 70B free-tier run,llama-3.3-70b-versatile,llama-3.3-70b-versatile,run_1,TWAIN_HUCKLEBERRY_FINN_006,modernize,"You'd better stay here for the night. Take off your hat. I said, 'No, I'll rest for a bit and then head out. I'm not afraid of the dark.' She said she wouldn't let me go by myself, but her husband would be home soon, maybe in an hour and a half, and she'd send him with me. Then she started talking about her husband and her relatives who live up the river and down the river, and how they used to be better off, and how they're not sure they didn't make a mistake by moving to our town instead of leaving things alone. She went on and on until I was worried that I'd made a mistake by coming to her to find out what was going on in town. But eventually, she started talking about my dad and the murder, and then I was happy to let her keep talking. She told me about how Tom Sawyer and I found the six thousand dollars - although she thought it was ten thousand - and all about my dad and what a difficult person he is, and how I'm not much better, and eventually she got to the part where I was murdered. I said, 'Who did it? We've heard a lot about what's been going on in Hookerville, but we don't know who killed Huck Finn.' She said, 'I think there are a lot of people here who'd like to know who killed him. Some people think old Finn did it himself.' I said, 'No, is that so?' She said, 'Most people thought that at first. He came really close to getting lynched. But by the end of the night, they'd changed their minds and decided it was done by a runaway slave named Jim.' I said, 'Why him -' and then I stopped. I figured it was better to keep quiet. She just kept talking and didn't even notice I'd said anything. 'The slave ran away the same night Huck Finn was killed. So, there's a three-hundred-dollar reward out for him. And there's a two-hundred-dollar reward out for old Finn too. You see, he came to town the morning after the murder and told everyone about it, and then he went out on the ferry boat to search for the killer. But then he just took off. By the end of the night, people wanted to lynch him, but he was already gone. The next day, they found out the slave was missing - no one had seen him since 10 pm the night of the murder. So, they blamed it on him. While everyone was focused on that, old Finn came back and went to Judge Thatcher to ask for money to search for the slave all over Illinois. The judge gave him some money, and that evening he got drunk and was out with a couple of rough-looking strangers until after midnight. Then he left with them and hasn't come back since. People aren't expecting him to come back until things die down a bit, because now they think he might have killed his own son and made it look like a robbery so he could get his hands on Huck's money without having to deal with a long lawsuit. Some people say he's capable of doing something like that.",0.2,1.0,cfac0b9fc8b6633f064bc649a7c16746e872186e275e24a5e55123b1600ecf84,ea28d49e519c976665fba1be5cd3051d473145c1ff7e766a48f2202cccd758e5,553,554,1.001808,pass,,json_ok,2026-06-05T07:07:02Z
groq_llama_3_3_70b_free|run_1|TWAIN_HUCKLEBERRY_FINN_006|simplify,groq_llama_3_3_70b_free,groq,Groq Llama 3.3 70B free-tier run,llama-3.3-70b-versatile,llama-3.3-70b-versatile,run_1,TWAIN_HUCKLEBERRY_FINN_006,simplify,"You should stay here for the night. Take off your hat. I said, 'No, I'll rest for a bit and then leave. I'm not afraid of the dark.' She said she wouldn't let me go alone, but her husband would be back in about an hour and a half, and she'd send him with me. Then she started talking about her husband and her family who live up and down the river. She said they used to be better off and might have made a mistake by moving to our town. She kept talking until I was worried that I had made a mistake by coming to her for information. But then she started talking about my dad and the murder, and I was happy to let her keep talking. She told me about how Tom Sawyer and I found the six thousand dollars, but she said it was ten thousand. She talked about my dad and how mean he was, and how I was too. Eventually, she got to the part where I was murdered. I said, 'Who did it? We've heard about what's been going on in Hookerville, but we don't know who killed Huck Finn.' She said, 'I think a lot of people here would like to know who killed him. Some people thought my dad did it himself.' I said, 'No, is that so?' She said, 'Most people thought that at first. He almost got lynched. But then they decided it was probably done by a runaway slave named Jim.' I started to say something, but I stopped myself. I thought it was better to stay quiet. She kept talking and didn't even notice I had tried to say something. She said, 'The slave ran away the same night I was killed. There's a three-hundred-dollar reward for him. And there's a two-hundred-dollar reward for my dad too.' She said my dad came to town the morning after the murder and told everyone about it. He even helped look for the killer on the ferry boat. But then he left, and people wanted to lynch him. The next day, they found out the slave was gone, and they decided he must have done it. So, they blamed it on him. While everyone was talking about it, my dad came back and asked Judge Thatcher for money to search for the slave all over Illinois. The judge gave him some money, and that night, he got drunk with some tough-looking strangers and left with them. He hasn't come back since, and people aren't expecting him to until things calm down a bit. Now, people think he might have killed me and made it look like robbers did it, so he could get my money without having to wait for a long time.",0.2,1.0,cfac0b9fc8b6633f064bc649a7c16746e872186e275e24a5e55123b1600ecf84,729447d6ca363e9b07ca74e060477793c6a640d3b6ddffbddcea5a33ee864125,553,466,0.842676,warning,length_soft_warning,json_ok,2026-06-05T07:21:18Z
groq_llama_3_3_70b_free|run_1|TWAIN_HUCKLEBERRY_FINN_007|paraphrase,groq_llama_3_3_70b_free,groq,Groq Llama 3.3 70B free-tier run,llama-3.3-70b-versatile,llama-3.3-70b-versatile,run_1,TWAIN_HUCKLEBERRY_FINN_007,paraphrase,"Every night, around ten o'clock, I'd sneak ashore in some small village and buy a little food, like meal or bacon, for ten or fifteen cents; sometimes I'd even snatch a chicken that wasn't roosting too comfortably and take it with me. Pap always said that if you get the chance to take a chicken, you should, because even if you don't want it yourself, you can always find someone who does, and a good deed is never forgotten. Although I never saw Pap turn down a chicken himself, that's what he always said, anyway.

In the mornings, before daylight, I'd slip into cornfields and take a watermelon, or a mushmelon, or a pumpkin, or some fresh corn. Pap claimed it wasn't wrong to borrow things as long as you planned to pay them back someday, but the widow said that was just a nice way of saying stealing, and no respectable person would do it. Jim thought the widow was partly right and Pap was partly right, so he suggested we pick a few things from the list and decide not to borrow them anymore, and that way it wouldn't be wrong to borrow the rest. We spent one whole night discussing it, drifting down the river, trying to decide whether to give up watermelons, cantaloupes, or mushmelons. By dawn, we'd made up our minds and decided to stop taking crabapples and persimmons. We felt better after that, and I was glad we'd made that decision, since crabapples are never any good, and persimmons wouldn't be ripe for a couple of months yet.

Now and then, we'd shoot a bird that got up too early or stayed up too late. All in all, we were living pretty well.

On the fifth night after passing St. Louis, a big storm rolled in after midnight, with a lot of thunder and lightning, and the rain came down in sheets. We huddled in the wigwam and let the raft take care of itself. When the lightning flashed, we could see a long, straight stretch of river ahead, with high, rocky bluffs on both sides. After a while, I said, 'Hey, Jim, look over there!' It was a steamboat that had run aground on a rock. We were drifting straight for it. The lightning showed it to us in perfect detail. The boat was tilted to one side, with part of its upper deck above water, and we could see every little chimney and a chair by the big bell, with an old slouch hat hanging on the back of it, whenever the lightning flashed.

Well, it being the middle of the night, and stormy, and all so mysterious, I felt just like any other boy would when I saw that wreck lying there, so sad and lonely in the middle of the river. I wanted to sneak aboard and snoop around a bit, to see what was there. So I said, 'Let's land on her, Jim.'

But Jim was against it at first. He said, 'I don't want to go fooling around any wreck.'",0.2,1.0,2fccbb2bd78d7153634e584eec86e626f75490f3530346c664c5fa384eddef37,ffce93627dfafe97c20a2a3148405b088c47670d4e7a52886bc77e3878a69b7a,559,512,0.915921,warning,json_repaired_loose_rewritten_text,json_repaired_loose_rewritten_text,2026-06-05T07:35:41Z
groq_llama_3_3_70b_free|run_1|TWAIN_HUCKLEBERRY_FINN_007|modernize,groq_llama_3_3_70b_free,groq,Groq Llama 3.3 70B free-tier run,llama-3.3-70b-versatile,llama-3.3-70b-versatile,run_1,TWAIN_HUCKLEBERRY_FINN_007,modernize,"Every night, I'd sneak ashore around ten o'clock in some small village and buy ten or fifteen cents' worth of food, like meal, bacon, or other stuff. Sometimes I'd grab a chicken that wasn't roosting comfortably and take it with me. Pap always said, 'Take a chicken when you get the chance, because if you don't want it yourself, you can easily find someone who does, and a good deed is never forgotten.' I never saw Pap when he didn't want the chicken himself, but that's what he always said, anyway.

In the mornings, before daylight, I'd slip into cornfields and take a watermelon, a mushmelon, a pumpkin, or some fresh corn. Pap always said it wasn't harmful to borrow things if you planned to pay them back someday. However, the widow said it was just a nice way of saying stealing, and no decent person would do it. Jim thought the widow was partly right and Pap was partly right, so he suggested we pick a few things from the list and decide not to borrow them anymore. Then, he figured it wouldn't be harmful to borrow the rest. We discussed it one night, drifting down the river, trying to decide whether to stop taking watermelons, cantaloupes, or mushmelons. By dawn, we had it all settled and decided to stop taking crabapples and persimmons. We weren't feeling great before that, but now we were comfortable. I was glad about the decision, too, because crabapples are never good, and persimmons wouldn't be ripe for a couple of months yet.

We'd occasionally shoot a bird that got up too early in the morning or didn't go to bed early enough in the evening. Overall, we were living pretty well.

On the fifth night below St. Louis, we had a big storm after midnight, with a lot of thunder and lightning, and the rain poured down in a solid sheet. We stayed in the wigwam and let the raft take care of itself. When the lightning flashed, we could see a straight river ahead and high, rocky bluffs on both sides. I said, 'Hey, Jim, look over there!' It was a steamboat that had run aground on a rock. We were drifting straight towards it. The lightning showed it very clearly. The boat was leaning over, with part of its upper deck above water, and you could see every little chimney and a chair by the big bell, with an old hat hanging on the back of it, when the lightning flashed.

Well, it being late at night and stormy, and all so mysterious, I felt just like any other boy would when I saw that wreck lying there, so mournful and lonely in the middle of the river. I wanted to get on board and sneak around a bit, to see what was there. So I said, 'Let's land on it, Jim.'

But Jim was strongly against it at first. He said, 'I don't want to go fooling around any wreck.'",0.2,1.0,2fccbb2bd78d7153634e584eec86e626f75490f3530346c664c5fa384eddef37,b4c734ec038a3edced064dad32c283dfc4ad18184d8f309b725ba3c2ae131632,559,500,0.894454,warning,json_repaired_loose_rewritten_text,json_repaired_loose_rewritten_text,2026-06-05T07:59:51Z
groq_llama_3_3_70b_free|run_1|TWAIN_HUCKLEBERRY_FINN_007|simplify,groq_llama_3_3_70b_free,groq,Groq Llama 3.3 70B free-tier run,llama-3.3-70b-versatile,llama-3.3-70b-versatile,run_1,TWAIN_HUCKLEBERRY_FINN_007,simplify,"Every night, I would sneak ashore around ten o'clock in a small village and buy some food like meal, bacon, or other things to eat. Sometimes, I would take a chicken that wasn't roosting comfortably, and bring it along. My dad, Pap, always said that if you get a chance to take a chicken, you should, because even if you don't want it, you can easily find someone who does, and a good deed is never forgotten. However, I never saw Pap when he didn't want the chicken himself, but that's what he always said.

In the mornings, before daylight, I would sneak into cornfields and take a watermelon, a mushmelon, a pumpkin, or some new corn. Pap said it wasn't wrong to borrow things if you planned to pay them back someday. But the widow said it was just a nice way of saying stealing, and no decent person would do it. Jim thought the widow was partly right and Pap was partly right, so he suggested we pick a few things from the list and say we wouldn't borrow them anymore. Then, he thought it would be okay to borrow the other things. We discussed it one night, floating down the river, trying to decide what to stop borrowing. By daylight, we had made a decision and decided to stop taking crabapples and persimmons. We felt better after that, and I was glad about our decision because crabapples are never good, and persimmons wouldn't be ripe for a few months.

We would occasionally shoot a bird that got up too early in the morning or didn't go to bed early enough at night. Overall, we were living pretty well.

On the fifth night after passing St. Louis, we had a big storm with a lot of thunder and lightning, and the rain poured down heavily. We stayed in our wigwam and let the raft take care of itself. When the lightning flashed, we could see a big, straight river ahead and high, rocky bluffs on both sides. I said to Jim, 'Look over there!' It was a steamboat that had crashed into a rock. We were drifting straight towards it. The lightning made it visible, and we could see that it was leaning over, with part of its upper deck above water. We could even see a chair by the big bell with an old hat hanging on the back of it when the lightning flashed.

It was a mysterious and spooky scene, and I felt like any other boy would when I saw the wreck lying there so sadly and alone in the middle of the river. I wanted to get on board and explore a little to see what was there. So I said to Jim, 'Let's land on it.' But Jim was against it at first. He said, 'I don't want to go fooling around on no wreck.'",0.2,1.0,2fccbb2bd78d7153634e584eec86e626f75490f3530346c664c5fa384eddef37,ed68c6b2a5a165f25f6f5bfb8481572e96a3f0d905803f0deb6ca828776fe53e,559,483,0.864043,warning,json_repaired_loose_rewritten_text,json_repaired_loose_rewritten_text,2026-06-05T08:14:02Z
groq_llama_3_3_70b_free|run_1|TWAIN_HUCKLEBERRY_FINN_008|paraphrase,groq_llama_3_3_70b_free,groq,Groq Llama 3.3 70B free-tier run,llama-3.3-70b-versatile,llama-3.3-70b-versatile,run_1,TWAIN_HUCKLEBERRY_FINN_008,paraphrase,"He said, ""I didn't know there were so many of them. I hadn't heard about any of them, except for old King Solomon, unless you count the kings in a deck of cards. How much does a king get?"" I replied, ""They can get a thousand dollars a month if they want it; they can have as much as they want, since everything belongs to them."" He exclaimed, ""Ain't that something? What do they have to do, Huck?"" I said, ""They don't do anything. They just sit around."" He asked, ""Is that so?"" I confirmed, ""Of course it is. They just sit around, except maybe when there's a war, then they go to war. But other times, they're just lazy or go hawking."" Suddenly, I whispered, ""Sh, do you hear a noise?"" We slipped out and looked, but it was just the flutter of a steamboat's wheel in the distance, so we came back. I continued, ""Yes, and other times when things are dull, they fuss with parliament, and if everyone doesn't do as they say, they'll whack their heads off. But mostly, they hang around the harem."" He asked, ""Around the what?"" I replied, ""The harem."" He inquired, ""What's the harem?"" I explained, ""It's the place where the king keeps his wives. Don't you know about the harem? Solomon had one, with about a million wives."" He said, ""Oh, yes, that's right. I'd forgotten. A harem's like a boarding house, I reckon. They probably have wild times in the nursery, and the wives likely quarrel a lot, making a racket. But they say Solomon was the wisest man who ever lived. I don't believe it, though. Why would a wise man want to live in the middle of such chaos all the time? No, indeed, he wouldn't. A wise man would build a factory and then could shut it down when he wanted to rest."" I said, ""Well, but he was the wisest man, anyway, because the widow told me so herself."" He disagreed, ""I don't care what the widow says, he wasn't a wise man either. He had some of the most absurd ways I've ever seen. Do you know about that child he was going to cut in two?"" I replied, ""Yes, the widow told me all about it."" He exclaimed, ""Well, then! Wasn't that the most foolish idea in the world? Let's look at it. Suppose this stump is one of the women, you're the other one, I'm Solomon, and this dollar bill is the child. Both of you claim it. What would I do? Would I go around asking the neighbors to figure out who the bill really belongs to and then hand it over safely? No, I'd take the bill and cut it in two, giving half to you and half to the other woman. That's what Solomon was going to do with the child. Now, I ask you, what's the use of half a bill? You can't buy anything with it. And what's the use of half a child? I wouldn't give a darn for a million of them."" I said, ""But hang it, Jim, you've completely missed the point - you've missed it by a thousand miles.""",0.2,1.0,9ead4e10f8cdf7290831b248134fdd59d97c4740f20e8a8b00a5925d199be640,245c8c991b9c7c123c8fe7bf7bec460fb4c62647aee1270cc89ab05a9f070527,564,534,0.946809,pass,,json_ok,2026-06-05T08:30:26Z
groq_llama_3_3_70b_free|run_1|TWAIN_HUCKLEBERRY_FINN_008|modernize,groq_llama_3_3_70b_free,groq,Groq Llama 3.3 70B free-tier run,llama-3.3-70b-versatile,llama-3.3-70b-versatile,run_1,TWAIN_HUCKLEBERRY_FINN_008,modernize,"He says, ""I didn't know there were so many of them. I haven't heard about any of them, hardly, except for old King Solomon, unless you count the kings in a deck of cards. How much does a king get paid?"" ""Get paid?"" I said. ""Well, they can get a thousand dollars a month if they want it. They can have as much as they want. Everything belongs to them."" ""Isn't that great?"" he asked. ""And what do they have to do, Huck?"" ""They don't do anything,"" I said. ""They just sit around."" ""No, really?"" ""Of course. They just sit around, except maybe when there's a war. Then they go to war. But other times, they just hang out and do nothing, or go hunting. Shh, do you hear that noise?"" We slipped out and looked, but it was just the sound of a steamboat's wheel in the distance, coming around the point. So we went back. ""Yes, and other times, when things are dull, they mess with the government, and if everyone doesn't do what they say, they'll punish them. But mostly, they hang out with their wives."" ""With their what?"" ""Their wives. You know, in the harem."" ""What's the harem?"" ""It's the place where the king keeps his wives. Don't you know about the harem? Solomon had one. He had about a million wives."" ""Oh, yeah, that's right. I had forgotten. A harem is like a boarding house, I guess. They probably have some wild times in the nursery. And I'm sure the wives argue a lot, which makes even more noise. But they say Solomon was the wisest man who ever lived. I don't believe that. Why would a wise man want to live in the middle of all that chaos? No, a wise man would build a factory and then be able to take a break when he wants to rest."" ""Well, but he was the wisest man, anyway. The widow told me so herself."" ""I don't care what the widow says. He wasn't wise at all. He had some pretty crazy ways. Do you know about that child he was going to cut in half?"" ""Yes, the widow told me all about it."" ""Well, then. Wasn't that the dumbest idea in the world? Let's look at it. Imagine there's a woman over there, and you're the other woman. I'm Solomon, and this dollar bill is the child. Both of you claim it. What do I do? Do I go around asking the neighbors to figure out who it really belongs to and then give it to the right person, safely and soundly, like anyone with sense would? No, I take the dollar bill and cut it in half, and give one half to you and the other half to the other woman. That's what Solomon was going to do with the child. Now I want to ask you, what's the point of having half a dollar bill? You can't buy anything with it. And what's the point of having half a child? I wouldn't give a darn for a million of them."" ""But come on, Jim, you've completely missed the point. You've missed it by a mile.""",0.2,1.0,9ead4e10f8cdf7290831b248134fdd59d97c4740f20e8a8b00a5925d199be640,d653c5d2fcc04eb8f66853e5883970d4a777c20372c725ae4a18355ea1d74888,564,532,0.943262,pass,,json_ok,2026-06-05T08:46:55Z
groq_llama_3_3_70b_free|run_1|TWAIN_HUCKLEBERRY_FINN_008|simplify,groq_llama_3_3_70b_free,groq,Groq Llama 3.3 70B free-tier run,llama-3.3-70b-versatile,llama-3.3-70b-versatile,run_1,TWAIN_HUCKLEBERRY_FINN_008,simplify,"He said, 'I didn't know there were so many kings. I've hardly heard of any, except for King Solomon, unless you count the kings in a deck of cards. How much money does a king get?' I said, 'They can get a thousand dollars a month if they want it. They can have as much as they want, and everything belongs to them.' He said, 'Isn't that great? What do they have to do, Huck?' I said, 'They don't do anything. They just sit around.' He said, 'Really? Is that so?' I said, 'Yes, that's right. They just sit around, except when there's a war. Then they go to war. But most of the time, they just hang around and do nothing, or go hunting.' Suddenly, I said, 'Shh, do you hear a noise?' We went to look, but it was just the sound of a steamboat's wheel in the distance. So we came back. I said, 'And sometimes, when things are boring, they deal with the government. If everyone doesn't do what they say, they get in trouble.' He said, 'What's the government?' I said, 'You know, the parliament.' He said, 'I don't know what that is.' I said, 'It's like a big group of people who make decisions.' He said, 'Oh, I see.' I said, 'And they also have a harem.' He said, 'What's a harem?' I said, 'It's the place where the king keeps his wives. Don't you know about King Solomon's harem? He had a lot of wives.' He said, 'Oh yeah, I forgot about that. A harem is like a big house with a lot of women, right? I bet they have a lot of arguments and noise.' He said, 'I don't think King Solomon was the wisest man, even if people say he was. A wise man wouldn't want to live with all those women and their noise.' I said, 'But the widow told me he was the wisest man.' He said, 'I don't care what the widow says, he wasn't wise. He did some pretty strange things.' I said, 'Like what?' He said, 'Like that time he was going to cut a child in half.' I said, 'Oh yeah, the widow told me about that.' He said, 'That was a crazy idea. Let me show you what I mean. Imagine we're the two women, and this dollar bill is the child. We both want it, but it belongs to one of us. What should I do? Should I go around and ask people to figure out who it belongs to, and then give it to the right person? No, King Solomon would just cut the dollar bill in half and give each of us half. That's what he was going to do with the child.' He said, 'What's the point of having half a dollar bill? You can't buy anything with it. And what's the point of having half a child? I wouldn't want a million of them.' I said, 'But Jim, you're missing the point.' He said, 'What do you mean?' I said, 'You're not understanding what King Solomon was trying to do.'",0.2,1.0,9ead4e10f8cdf7290831b248134fdd59d97c4740f20e8a8b00a5925d199be640,2c1f4ff22e7ef2b8fc5ef4f712a372e0a7078d6d947ca1b1d69533ddac5e0879,564,521,0.923759,pass,,json_ok,2026-06-05T09:03:25Z
groq_llama_3_3_70b_free|run_1|TWAIN_HUCKLEBERRY_FINN_009|paraphrase,groq_llama_3_3_70b_free,groq,Groq Llama 3.3 70B free-tier run,llama-3.3-70b-versatile,llama-3.3-70b-versatile,run_1,TWAIN_HUCKLEBERRY_FINN_009,paraphrase,"I asked Jim, “Am I, or am I not? You tell me this: Didn’t you take out the line in the canoe to tie up to the tow-head?” Jim replied, “No, I didn’t. What tow-head are you talking about? I haven’t seen any tow-head.” I pressed him, “You haven’t seen any tow-head? Look, didn’t the line come loose and the raft drift down the river, leaving you and the canoe behind in the fog?” Jim seemed puzzled, “What fog are you talking about?” I clarified, “The fog that’s been around all night. Didn’t we shout, and didn’t you shout, until we got mixed up in the islands and one of us got lost, and the other was just as good as lost because he didn’t know where he was? And didn’t I crash into a lot of those islands and have a terrible time, almost getting drowned? Isn’t that what happened, Jim? Tell me.” Jim responded, “This is all too much for me, Huck. I haven’t seen any fog, or islands, or troubles. I’ve been sitting here talking with you all night until you fell asleep about ten minutes ago, and I think I did the same. You couldn’t have gotten drunk in that time, so you must have been dreaming.” Jim was skeptical, “How could I have dreamed all that in just ten minutes?” I insisted, “You must have dreamed it, because none of it actually happened.” Jim thought for a moment, “But, Huck, it all seems so clear to me...” I interrupted, “It doesn’t matter how clear it seems; it’s just not true. I know, because I’ve been here the whole time.” Jim was quiet for about five minutes, thinking it over. Then he said, “Well, I reckon I did dream it, Huck; but I swear, it’s the most powerful dream I’ve ever had. And I’ve never had a dream before that’s left me feeling so tired.” I reassured him, “Well, that’s okay, because sometimes a dream can exhaust you just like anything else. But this one was a really vivid dream; tell me all about it, Jim.” So Jim started telling me the whole story, just as it had happened in his dream, although he embellished it quite a bit. After that, he wanted to interpret the dream, because he believed it was a warning. He said the first tow-head represented a man who would try to help us, but the current symbolized another man who would try to take us away from him. The shouts we heard were warnings that would come to us from time to time, and if we didn’t try to understand them, they would lead us into bad luck instead of keeping us out of it. The many tow-heads signified the troubles we would face with quarrelsome and mean people, but if we kept to ourselves and didn’t provoke them, we would get through the difficulties and out of the fog, into the clear river, which represented the free states, where we would no longer have any trouble. The sky had darkened a bit after I got on the raft, but it was starting to clear up again. I asked Jim, “That’s a good interpretation, Jim, but what do these other things mean?”",0.2,1.0,34c72718b99964c71107bd3a6489b0513e502c5498c852a9790403f0b8dcee27,6b232ea4f0839f679f5bcedc8b532f14c8d47fa66c13dd49bdfd60cd9dd92bc9,563,541,0.960924,pass,,json_ok,2026-06-05T09:52:33Z
groq_llama_3_3_70b_free|run_1|TWAIN_HUCKLEBERRY_FINN_009|modernize,groq_llama_3_3_70b_free,groq,Groq Llama 3.3 70B free-tier run,llama-3.3-70b-versatile,llama-3.3-70b-versatile,run_1,TWAIN_HUCKLEBERRY_FINN_009,modernize,"I am, am I? Well, you answer me this: Didn't you take out the line in the canoe to tie up to the sandbar? No, I didn't. What sandbar? I haven't seen any sandbar. You haven't seen any sandbar? Look here, didn't the line come loose and the raft start drifting down the river, leaving you and the canoe behind in the fog? What fog? The fog that's been around all night. And didn't you yell, and didn't I yell, until we got mixed up in the islands and one of us got lost and the other was just as good as lost because he didn't know where he was? And didn't I crash into a lot of those islands and have a terrible time and almost get drowned? Now, isn't that true, boss - isn't it true? You answer me that. Well, this is too much for me, Jim. I haven't seen any fog, or any islands, or any troubles, or anything. I've been sitting here talking with you all night until you fell asleep about ten minutes ago, and I think I did the same. You couldn't have gotten drunk in that time, so of course you've been dreaming. Dad fetch it, how could I dream all that in ten minutes? Well, hang it all, you did dream it, because none of it happened. But, Huck, it's all just as clear to me as - It doesn't make any difference how clear it is; there's nothing to it. I know, because I've been here the whole time. Jim didn't say anything for about five minutes, but just sat there thinking about it. Then he said, Well, then, I reckon I did dream it, Huck; but doggone it if it isn't the most realistic dream I've ever had. And I've never had a dream before that's exhausted me like this one. Oh, well, that's all right, because a dream can be exhausting sometimes. But this one was an intense dream; tell me all about it, Jim. So Jim started telling me the whole thing from start to finish, just as it happened, although he embellished it a bit. Then he said he had to interpret it, because it was a warning. He said the first sandbar represented a person who would try to help us, but the current was another person who would take us away from them. The yelling was warnings that would come to us every now and then, and if we didn't try hard to understand them, they'd lead us into bad luck instead of keeping us out of it. The many sandbars were troubles we'd get into with quarrelsome people and all kinds of mean folks, but if we minded our own business and didn't talk back and provoke them, we'd get through and out of the fog and into the big, clear river, which was the free states, and we wouldn't have any more trouble. It had gotten pretty dark just after I got on the raft, but it was clearing up again now. Oh, well, that's all interpreted well enough as far as it goes, Jim, I said; but what do these things represent?",0.2,1.0,34c72718b99964c71107bd3a6489b0513e502c5498c852a9790403f0b8dcee27,ed6c734b6afd5b42ce3b8def226a602f61df6502939e79e73a618052bc4589ea,563,529,0.939609,pass,,json_ok,2026-06-05T10:07:36Z
groq_llama_3_3_70b_free|run_1|TWAIN_HUCKLEBERRY_FINN_009|simplify,groq_llama_3_3_70b_free,groq,Groq Llama 3.3 70B free-tier run,llama-3.3-70b-versatile,llama-3.3-70b-versatile,run_1,TWAIN_HUCKLEBERRY_FINN_009,simplify,"I said, 'Am I, or am I not? You answer me this: Didn’t you take out the rope in the canoe to tie up to the island?' 'No, I didn’t,' he replied. 'What island? I haven’t seen any island.' 'You haven’t seen any island? Look, didn’t the rope come loose and the raft start moving down the river, leaving you and the canoe behind in the fog?' 'What fog?' 'The fog that’s been around all night. Didn’t we shout, and didn’t I shout, until we got mixed up in the islands and one of us got lost and the other was just as good as lost because he didn’t know where he was? And didn’t I crash into a lot of those islands and have a terrible time and almost get drowned? Now, isn’t that true, boss? You answer me that.' 'Well, this is too much for me, Jim. I haven’t seen any fog, or any islands, or any troubles, or anything. I’ve been sitting here talking with you all night until you fell asleep about ten minutes ago, and I think I did the same. You couldn’t have gotten drunk in that time, so you must have been dreaming.' 'How could I dream all that in ten minutes?' Jim asked. 'Well, you must have dreamed it, because none of it happened.' 'But, Huck, it’s all just as clear to me as...' 'It doesn’t matter how clear it is; there’s nothing to it. I know, because I’ve been here the whole time.' Jim didn’t say anything for about five minutes, but just sat there thinking about it. Then he said, 'Well, I guess I did dream it, Huck; but it’s the most realistic dream I’ve ever had. And I’ve never had a dream before that’s tired me out like this one.' 'Oh, well, that’s okay, because a dream can tire you out sometimes. But this one was a really vivid dream; tell me all about it, Jim.' So Jim told me the whole story, just as it happened, but he made it sound even more exciting. Then he said he had to interpret it, because it was a warning. He said the first island represented a man who would try to help us, but the current represented another man who would take us away from him. The shouts were warnings that would come to us every now and then, and if we didn’t try to understand them, they would bring us bad luck instead of keeping us out of it. The many islands represented the troubles we would get into with mean people, but if we behaved and didn’t talk back, we would get through and out of the fog and into the free states, where we wouldn’t have any more trouble. It had gotten pretty dark after I got on the raft, but it was clearing up now. 'Oh, well, that’s all interpreted well enough, Jim,' I said; 'but what do these things mean?'",0.2,1.0,34c72718b99964c71107bd3a6489b0513e502c5498c852a9790403f0b8dcee27,800b825790a54eacd18cbd99d5b46a7017620aaaf4784b7a60f506a68d12815b,563,495,0.879218,pass,,json_ok,2026-06-05T10:22:42Z
groq_llama_3_3_70b_free|run_1|TWAIN_HUCKLEBERRY_FINN_010|paraphrase,groq_llama_3_3_70b_free,groq,Groq Llama 3.3 70B free-tier run,llama-3.3-70b-versatile,llama-3.3-70b-versatile,run_1,TWAIN_HUCKLEBERRY_FINN_010,paraphrase,"We set off on the raft after dark. Anyone who still doesn't believe that handling a snake-skin is foolish after all it's done for us will likely change their mind after reading on and seeing what else it did for us. The best place to find canoes is near rafts tied up at the shore, but we didn't see any, so we continued on for over three hours. As the night wore on, it grew gray and somewhat thick, similar to fog, making it difficult to see the river's shape or any distance. It became very late and still, and then a steamboat came upstream. We lit the lantern, thinking they would see it. Boats traveling upstream usually kept their distance from us, following the bars and searching for calm water under the reefs, but on nights like this, they would push right up the channel. We could hear the boat approaching, but didn't see it clearly until it was close. It seemed to be heading straight for us. Often, boats would try to see how close they could get without touching, and sometimes the wheel would bite off a sweep, prompting the pilot to laugh and think himself clever. This boat, however, didn't appear to be veering off. It was large and moving quickly, resembling a black cloud with rows of glow-worms, but then it loomed big and intimidating, with a long row of open furnace doors shining like red-hot teeth, and its massive bows and guards hanging over us. There was a yell, a jingling of bells to stop the engines, a flurry of curses, and a whistle of steam, and as Jim jumped into the water on one side and I on the other, the boat smashed through the raft. I dove, aiming to reach the bottom, as a thirty-foot wheel needed to pass over me, and I wanted to give it plenty of room. I could usually hold my breath for a minute, but this time I stayed under for about a minute and a half. Then I quickly swam to the surface, as I was about to burst. I emerged up to my armpits, blew water out of my nose, and puffed a bit. The current was strong, and the boat started its engines again just ten seconds after stopping, as they didn't care much for raftsmen. Now the boat was churning along up the river, out of sight in the thick weather, although I could still hear it. I called out for Jim about a dozen times, but got no response, so I grabbed a plank that floated by and struck out for the shore, pushing it ahead of me. However, I realized the current was drifting towards the left-hand shore, which meant I was in a crossing, so I changed direction and headed that way.",0.2,1.0,2a10de2fbd24c3e2231e6fbe316806200cc8c2115b43b47bc3e3f5f6a72b206c,7f52b698b732a34830bec57a8de3e8669afa05fd22ad07d9985caa1718346cb7,554,472,0.851986,warning,prompt_or_source_leakage_warning,json_ok,2026-06-05T10:36:40Z
groq_llama_3_3_70b_free|run_1|TWAIN_HUCKLEBERRY_FINN_010|modernize,groq_llama_3_3_70b_free,groq,Groq Llama 3.3 70B free-tier run,llama-3.3-70b-versatile,llama-3.3-70b-versatile,run_1,TWAIN_HUCKLEBERRY_FINN_010,modernize,"So we set off after dark on the raft. Anyone who still doesn't believe that handling a snake skin is a bad idea, after all the trouble it's caused us, will probably change their mind if they keep reading and see what else it did to us. The best place to find canoes is usually near rafts that are tied up at the shore. But we didn't see any rafts, so we kept going for over three hours. As the night wore on, it got gray and really thick, which is almost as bad as fog. You can't make out the shape of the river, and you can't see very far. It got really late and quiet, and then a steamboat came chugging up the river. We turned on the lantern, thinking they would see it. Boats traveling upstream usually don't come close to us; they stick to the outer edges of the river and look for calm water under the reefs. But on nights like this, they head straight up the channel, fighting against the whole river. We could hear the steamboat pounding along, but we didn't get a good look at it until it was close. It was headed straight for us. Sometimes these boats try to see how close they can get without hitting us; occasionally, the wheel will even clip a sweep, and the pilot will stick his head out and laugh, thinking he's really clever. Well, here it comes, and we thought it was going to try and pass really close to us. But it didn't seem to be turning away at all. It was a big boat, and it was moving fast, looking like a dark cloud with rows of lights around it. But then it suddenly loomed large and intimidating, with a long row of open furnace doors glowing like hot coals, and its massive bows and guards hanging right over us. Someone yelled at us, and the bells clanged to stop the engines. There was a lot of cursing and whistling of steam, and as Jim jumped into the water on one side of the raft and I on the other, the boat came crashing straight through it. I dove down, trying to find the bottom of the river, because a thirty-foot wheel was going to pass over me, and I wanted to give it plenty of room. I can usually hold my breath for a minute, but this time I think I stayed under for a minute and a half. Then I swam up to the surface as fast as I could, because I was about to burst. I popped out of the water up to my armpits, blew the water out of my nose, and took a few deep breaths. Of course, the current was strong, and of course, the boat started its engines again just ten seconds after stopping them. The crew never really cared about rafters, so now the boat was churning along up the river, out of sight in the thick weather, although I could still hear it. I called out for Jim about a dozen times, but I didn't get any answer. So I grabbed a plank that was floating near me while I was treading water and started swimming towards the shore, pushing the plank ahead of me. But I realized that the current was carrying me towards the left-hand shore, which meant I was being swept across the river. So I changed direction and went with the current.",0.2,1.0,2a10de2fbd24c3e2231e6fbe316806200cc8c2115b43b47bc3e3f5f6a72b206c,c80a3f19b89dd8a907715166892fbcf43190d1423d2dd0e6870410d889b4e6ca,554,584,1.054152,pass,,json_ok,2026-06-05T10:59:22Z
groq_llama_3_3_70b_free|run_1|TWAIN_HUCKLEBERRY_FINN_010|simplify,groq_llama_3_3_70b_free,groq,Groq Llama 3.3 70B free-tier run,llama-3.3-70b-versatile,llama-3.3-70b-versatile,run_1,TWAIN_HUCKLEBERRY_FINN_010,simplify,"We left on the raft after dark. If anyone still doesn't think it's a bad idea to handle a snake skin after what happened to us, they will after reading what happened next. We were looking for a place to buy canoes, which is usually near rafts parked on the shore. But we didn't see any, so we kept going for over three hours. The night got foggy and gray, making it hard to see the river or any distance. It was very late and quiet when a steamboat came up the river. We turned on the lantern, hoping they would see it. Usually, boats going upstream don't come close to us, but on nights like this, they go right up the middle of the river. We could hear the boat coming, but we didn't see it well until it was close. It was heading straight for us. Sometimes boats do this to see how close they can get without hitting us. This boat was big and moving fast, with rows of lights that looked like glowworms. But then it suddenly appeared even bigger, with its furnace doors open and its front sticking out over us. Someone yelled at us, and the boat's bells rang to stop the engines. There was a lot of cursing and whistling, and Jim jumped into the water on one side while I jumped on the other. The boat smashed right through the raft. I dove down, trying to find the bottom of the river, because the boat's big wheel had to pass over me. I can hold my breath for a minute, but this time I stayed under for a minute and a half. Then I quickly swam back up to the surface, almost out of breath. I popped out of the water up to my armpits, blew out the water, and took a few deep breaths. The current was strong, and the boat started moving again just ten seconds after it stopped. I called out for Jim about a dozen times, but he didn't answer. So I grabbed a plank that was floating near me and started swimming towards the shore, pushing the plank in front of me. But then I realized the current was taking me to the left side of the river, so I changed direction and went that way.",0.2,1.0,2a10de2fbd24c3e2231e6fbe316806200cc8c2115b43b47bc3e3f5f6a72b206c,a9c4a1783f2f7c15e364888f2b2ddf2c4c51569be466736f0a98027a8892c2b5,554,389,0.702166,warning,length_hard_warning,json_ok,2026-06-05T11:23:51Z
groq_llama_3_3_70b_free|run_1|TWAIN_HUCKLEBERRY_FINN_011|paraphrase,groq_llama_3_3_70b_free,groq,Groq Llama 3.3 70B free-tier run,llama-3.3-70b-versatile,llama-3.3-70b-versatile,run_1,TWAIN_HUCKLEBERRY_FINN_011,paraphrase,"There was a picture of a young woman standing at a window, gazing up at the moon with tears streaming down her face. She was holding an open letter with a black seal and clutching a locket to her mouth. The picture was captioned 'And Art Thou Gone Yes Thou Art Gone Alas.' I thought these pictures were nice, but they always gave me the shivers when I was feeling down. Everyone was sad that the artist had passed away, as she had planned to create many more works like these. You could see from what she had already done what a great loss it was. I figured that, given her temperament, she was probably happier in the graveyard. She was working on what was supposed to be her masterpiece when she fell ill, and she prayed every day and night to be allowed to live long enough to finish it. The picture showed a young woman in a long white dress, standing on the edge of a bridge, ready to jump, with her hair flowing down her back and tears running down her face. She had multiple arms folded across her chest, stretched out in front of her, and reaching up towards the moon - the idea was to decide which set of arms looked best and then erase the rest. However, she died before making up her mind, and now the picture hung over her bed, adorned with flowers on her birthday and hidden behind a curtain at other times. The woman in the picture had a sweet face, but all those arms made her look a bit too strange to me. This young artist used to keep a scrapbook, where she would paste obituaries, accidents, and stories of suffering from the Presbyterian Observer, and then write her own poetry about them. Her poetry was really good. For example, she wrote a poem about a boy named Stephen Dowling Bots who fell down a well and drowned. The poem went like this: ODE TO STEPHEN DOWLING BOTS, DEC’D. It asked if young Stephen had fallen ill and died, and if the people around him were sad and crying. But that wasn't what happened to Stephen Dowling Bots. He didn't die from whooping cough or measles, and he wasn't struck down by unrequited love or stomach troubles. No, his fate was different. He fell down a well, and by the time they pulled him out, it was too late. His spirit had already left this world and gone to a better place.",0.2,1.0,4b5589ffbe9e111e7e3d8c9000e26df70db86691df33145eedd46c17a1bac6d4,758d61d5af5d1feed4e2a3b7958f2027631f44cfb448c22ff0a5fdc77c87fb66,568,422,0.742958,warning,length_hard_warning,json_ok,2026-06-05T11:34:23Z
groq_llama_3_3_70b_free|run_1|TWAIN_HUCKLEBERRY_FINN_011|modernize,groq_llama_3_3_70b_free,groq,Groq Llama 3.3 70B free-tier run,llama-3.3-70b-versatile,llama-3.3-70b-versatile,run_1,TWAIN_HUCKLEBERRY_FINN_011,modernize,"There was one picture where a young woman was standing at a window, gazing up at the moon with tears streaming down her face. She was holding an open letter in one hand, with a black wax seal visible on the edge, and she was clutching a locket with a chain against her mouth. Underneath the picture, it said, 'And Are You Gone? Yes, You Are Gone. Alas.' I thought these were nice pictures, but for some reason, they didn't really appeal to me. Whenever I was feeling down, they would give me the creeps. Everyone was sad that she had passed away because she had planned to create many more pictures like these, and you could see from her work what the world had lost. But I figured that with her personality, she was probably having a better time in the cemetery. She was working on what people said was her masterpiece when she fell ill, and every day and night, she prayed to be allowed to live until she finished it. However, she never got the chance. The picture was of a young woman in a long white dress, standing on the railing of a bridge, ready to jump off, with her hair flowing down her back and tears running down her face as she looked up at the moon. She had her arms folded across her chest and two arms stretched out in front of her, with two more arms reaching up towards the moon - the idea was to decide which pair looked best and then erase the rest. But, as I was saying, she died before she could make up her mind, and now they kept this picture above her bed in her room. Every year on her birthday, they would hang flowers on it, and at other times, it was covered with a small curtain. The woman in the picture had a kind and sweet face, but the multiple arms made her look a bit spooky to me. This young girl used to keep a scrapbook when she was alive, where she would paste obituaries, accidents, and stories of people suffering from the Presbyterian Observer, and then write her own poetry about them. Her poetry was really good. She wrote this poem about a boy named Stephen Dowling Bots who fell down a well and drowned: ODE TO STEPHEN DOWLING BOTS, DECEASED And did young Stephen get sick, and did young Stephen die? And did the sad hearts become heavier, and did the mourners cry? No, that wasn't the fate of young Stephen Dowling Bots. Although sad hearts surrounded him, it wasn't because of illness. He didn't suffer from whooping cough or measles with spots. None of these things harmed the memory of Stephen Dowling Bots. Unrequited love didn't strike him with sadness, nor did stomach problems bring him down. No, none of those things happened to young Stephen Dowling Bots. So listen with tears in your eyes as I tell you his story. His soul left this cold world by falling down a well. They pulled him out and tried to save him, but it was too late. His spirit had already gone to a better place, where the good and great reside.",0.2,1.0,4b5589ffbe9e111e7e3d8c9000e26df70db86691df33145eedd46c17a1bac6d4,d30fa6d649eaf9f898f555c773b93e19b6501c3b108947288f48270a6d2676e7,568,539,0.948944,pass,,json_ok,2026-06-05T11:56:12Z
groq_llama_3_3_70b_free|run_1|TWAIN_HUCKLEBERRY_FINN_011|simplify,groq_llama_3_3_70b_free,groq,Groq Llama 3.3 70B free-tier run,llama-3.3-70b-versatile,llama-3.3-70b-versatile,run_1,TWAIN_HUCKLEBERRY_FINN_011,simplify,"There was a picture of a young woman looking out a window at the moon, crying. She had a letter in her hand with a black seal on it, and she was holding a locket with a chain against her mouth. Under the picture, it said, 'And Art Thou Gone? Yes, Thou Art Gone, Alas.' I didn't really like these pictures because they always made me feel sad. Everyone was sorry when the artist died because she had planned to make more pictures like these. You could tell from what she had already done that she was very talented. I think she might have been happier in the graveyard, though. She was working on her best picture when she got sick, and she prayed every day to live long enough to finish it. But she didn't get the chance. The picture was of a woman in a white dress, standing on a bridge, ready to jump. She had her hair down and was looking up at the moon with tears on her face. The woman in the picture had her arms folded and stretched out in different ways, and the idea was to decide which way looked best and then erase the other arms. But the artist died before she could finish, so they hung the picture in her room and put flowers on it every year on her birthday. The rest of the time, it was covered with a curtain. The woman in the picture had a nice face, but all the arms made her look a little strange. This young artist used to keep a scrapbook and paste in stories about people who had died or been in accidents from the newspaper. Then she would write her own poems about them. She was a very good poet. She wrote a poem about a boy named Stephen Dowling Bots who fell into a well and drowned. The poem went like this: ODE TO STEPHEN DOWLING BOTS, DEC’D And did young Stephen get sick, and did young Stephen die? And did the people who loved him get very sad, and did they cry? No, that's not what happened to Stephen Dowling Bots. He didn't get sick or die from an illness. He didn't have whooping cough or measles. None of those things happened to him. So listen to what really happened to him, and try to understand. He fell into a well and died. They pulled him out, but it was too late. His spirit had already gone to a better place. They said he was now in a place where good people go when they die.",0.2,1.0,4b5589ffbe9e111e7e3d8c9000e26df70db86691df33145eedd46c17a1bac6d4,00ba3145c06276b941faecfd9e30e7e8a4cab90df256133351ab3512cf78813a,568,437,0.769366,warning,length_hard_warning,json_ok,2026-06-05T12:20:04Z
groq_llama_3_3_70b_free|run_1|TWAIN_HUCKLEBERRY_FINN_012|paraphrase,groq_llama_3_3_70b_free,groq,Groq Llama 3.3 70B free-tier run,llama-3.3-70b-versatile,llama-3.3-70b-versatile,run_1,TWAIN_HUCKLEBERRY_FINN_012,paraphrase,"The following Sunday, we all attended church, which was about three miles away, with everyone riding horseback. The men brought their guns along, just like Buck did, and kept them between their knees or leaned them against the wall. The Shepherdsons did the same thing. The sermon was quite unpleasant, focusing on brotherly love and similar topics that seemed tedious, but everyone praised it as a good sermon. On the way home, they all discussed it, talking about faith, good deeds, and predestination, among other things, which made it seem like one of the most unpleasant Sundays I had experienced.

About an hour after dinner, everyone was dozing off, either in their chairs or in their rooms, and the atmosphere became quite dull. Buck and a dog were lying on the grass in the sun, fast asleep. I went up to my room, thinking I would take a nap as well. As I passed by, I saw Miss Sophia standing in her doorway, which was next to ours. She invited me into her room, closed the door softly, and asked if I liked her. I replied that I did, and then she asked if I would do something for her without telling anyone. I agreed, and she told me she had left her Testament at church, between two other books, and asked if I could sneak out and retrieve it for her without saying anything to anyone. I agreed to do so.

I slipped out and made my way to the church, where I found no one except maybe a few hogs, as there was no lock on the door and hogs like to stay on the puncheon floor during summer because it's cool. It's interesting to note that most people only attend church when they have to, but hogs are different. As I thought to myself, something seemed unusual; it wasn't normal for a girl to be so worried about a Testament. So, I shook it, and a small piece of paper fell out with '_Half-past two_' written on it in pencil. I searched the Testament but couldn't find anything else. The paper didn't make sense to me, so I put it back in the book and headed home.

When I got upstairs, Miss Sophia was waiting for me in her doorway. She pulled me into her room, closed the door, and then looked in the Testament until she found the paper. As soon as she read it, she looked happy, and before I could react, she grabbed me and gave me a squeeze, saying I was the best boy in the world and telling me not to tell anyone. Her face turned red, and her eyes sparkled, making her look very pretty. I was quite surprised, but once I caught my breath, I asked her what the paper meant. She asked if I had read it, and I said no. Then she asked if I could read writing, and I told her I could only read coarse handwriting. She said the paper was just a bookmark to keep her place, and I could go play now.",0.2,1.0,7ab68fd9b47d33c8ab82eeea2cb41fb447be7ab3bd5cbccb0e6b6c86e312b977,10929fbfabf94ebf887ed64c5baa3a2dfa3ef56301744ca96e8ff5dd4213101a,562,518,0.921708,warning,json_repaired_loose_rewritten_text,json_repaired_loose_rewritten_text,2026-06-05T12:31:57Z
groq_llama_3_3_70b_free|run_1|TWAIN_HUCKLEBERRY_FINN_012|modernize,groq_llama_3_3_70b_free,groq,Groq Llama 3.3 70B free-tier run,llama-3.3-70b-versatile,llama-3.3-70b-versatile,run_1,TWAIN_HUCKLEBERRY_FINN_012,modernize,"Next Sunday, we all went to church, about three miles away, with everyone riding horses. The men brought their guns along, just like Buck did, and kept them between their knees or leaned them against the wall. The Shepherdsons did the same thing. The sermon was pretty dull, all about loving your brother and that kind of thing, but everyone said it was good and they all discussed it on the way home. They had a lot to say about faith, good deeds, and free will, and it seemed to me like one of the most boring Sundays I'd ever had.

About an hour after dinner, everyone was dozing off, some in their chairs and some in their rooms, and it got really quiet. Buck and a dog were lying on the grass in the sun, fast asleep. I went up to our room and thought I'd take a nap too. I found Miss Sophia standing in her doorway, which was next to ours, and she invited me into her room. She closed the door quietly and asked me if I liked her, and I said I did. Then she asked me if I'd do something for her without telling anyone, and I agreed. She said she'd forgotten her Bible at church, left it between two other books, and would I sneak out and get it for her without saying anything to anyone. I said I would.

So I slipped out and made my way up the road, and there was no one at the church except maybe a few pigs, since there was no lock on the door and pigs like to hang out on the wooden floor in the summer because it's cool. If you notice, most people only go to church when they have to, but pigs are different. I thought to myself, something's going on; it's not normal for a girl to be so worried about a Bible. So I shook it, and a small piece of paper fell out with '2:30' written on it in pencil. I searched the Bible but couldn't find anything else. I didn't understand what the paper meant, so I put it back in the Bible. When I got home and upstairs, Miss Sophia was waiting for me in her doorway. She pulled me in and closed the door, then she looked in the Bible until she found the paper. As soon as she read it, she looked happy, and before I knew it, she grabbed me and gave me a hug, saying I was the best boy in the world and not to tell anyone. She was really flushed for a minute, and her eyes lit up, making her look really pretty. I was pretty surprised, but when I caught my breath, I asked her what the paper was about. She asked me if I'd read it, and I said no. She asked me if I could read writing, and I told her I could only read print. Then she said the paper was just a bookmark to keep her place, and I could go play now.",0.2,1.0,7ab68fd9b47d33c8ab82eeea2cb41fb447be7ab3bd5cbccb0e6b6c86e312b977,5b776624fd02875f75d824297b8e28ac57aa6b66be0fb9965316e9d582219143,562,518,0.921708,warning,json_repaired_loose_rewritten_text,json_repaired_loose_rewritten_text,2026-06-05T12:55:17Z
groq_llama_3_3_70b_free|run_1|TWAIN_HUCKLEBERRY_FINN_012|simplify,groq_llama_3_3_70b_free,groq,Groq Llama 3.3 70B free-tier run,llama-3.3-70b-versatile,llama-3.3-70b-versatile,run_1,TWAIN_HUCKLEBERRY_FINN_012,simplify,"The next Sunday, we all went to church, which was about three miles away. Everyone rode a horse, and the men brought their guns with them. The Shepherdsons did the same. The sermon was about loving each other, but it was pretty boring. Afterward, everyone talked about it on the way home, discussing things like faith and good deeds. It seemed like one of the most boring Sundays I'd ever had.

About an hour after lunch, everyone was feeling sleepy. Some people were dozing off in their chairs, while others were in their rooms. Buck and a dog were lying on the grass in the sun, fast asleep. I went up to my room, thinking I'd take a nap too. That's when I saw Miss Sophia standing in her doorway, which was next to mine. She invited me into her room, closed the door quietly, and asked if I liked her. I said I did. Then she asked if I'd do something for her without telling anyone, and I agreed.

She told me she had left her Bible at church, between two other books, and asked if I could sneak back and get it for her. She didn't want anyone to know. I said I would, so I slipped out and made my way back to the church. When I got there, I found that no one was around, except maybe a few pigs that like to hang out on the cool floor. I noticed that people usually only go to church when they have to, but pigs are different.

As I picked up the Bible, I thought to myself that something was going on. It didn't seem normal for a girl to be so worried about a Bible. When I shook it, a small piece of paper fell out with 'Half-past two' written on it in pencil. I searched the Bible but couldn't find anything else. I put the paper back and headed home. When I got upstairs, Miss Sophia was waiting for me in her doorway. She pulled me in, closed the door, and looked for the paper in the Bible. When she found it, she seemed happy and gave me a big hug, saying I was the best boy in the world. She told me not to tell anyone. She was very red in the face, and her eyes sparkled, making her look very pretty. I was surprised, but when I caught my breath, I asked her what the paper meant. She asked if I had read it, and I said no. Then she asked if I could read writing, and I said only basic handwriting. She told me the paper was just a bookmark to keep her place, and I could go play now.",0.2,1.0,7ab68fd9b47d33c8ab82eeea2cb41fb447be7ab3bd5cbccb0e6b6c86e312b977,a7c19186041e127109e7e3784c0f599efdfdf19562f6fba33c4d8bdcaf83034f,562,458,0.814947,warning,json_repaired_loose_rewritten_text;length_soft_warning,json_repaired_loose_rewritten_text,2026-06-05T13:09:02Z
groq_llama_3_3_70b_free|run_1|TWAIN_HUCKLEBERRY_FINN_013|paraphrase,groq_llama_3_3_70b_free,groq,Groq Llama 3.3 70B free-tier run,llama-3.3-70b-versatile,llama-3.3-70b-versatile,run_1,TWAIN_HUCKLEBERRY_FINN_013,paraphrase,"Jim claimed it was spirits, but I disagreed, saying spirits wouldn't use phrases like 'Dern the dern fog.' As soon as night fell, we set off, and when we reached the middle of the river, we let the current take us wherever it wanted. We'd light our pipes, dangle our legs in the water, and talk about various things. We usually went naked, both day and night, as long as the mosquitoes allowed it. The new clothes Buck's family made for me were too nice to be comfortable, and besides, I wasn't too fond of clothes anyway. Sometimes we'd have the entire river to ourselves for a long time. Over yonder, we'd see the banks and islands, and maybe a spark of light from a candle in a cabin window. On the water, we might see a spark or two from a raft or scow, and occasionally we'd hear the sound of a fiddle or a song coming from one of those crafts. Living on a raft was lovely. We'd gaze up at the starry sky and discuss whether the stars were created or just happened to be there. Jim thought they were made, but I believed they just happened. I figured it would take too long to create so many stars. Jim suggested that the moon could have laid them, which seemed somewhat reasonable, so I didn't argue against it. After all, I'd seen a frog lay almost as many eggs, so it was possible. We'd also watch the shooting stars and see them streak across the sky. Jim thought they'd been thrown out of the nest because they'd gone bad. On certain nights, we'd see a steamboat gliding through the darkness, and occasionally it would spew out a cloud of sparks from its chimneys, which would rain down into the river and look beautiful. Then it would turn a corner, its lights would disappear, and the noise would stop, leaving the river quiet once again. Later, its waves would reach us, rocking the raft gently, and after that, we wouldn't hear anything for a long time, except maybe the sound of frogs. After midnight, the people on shore would go to bed, and for a few hours, the shores would be dark, with no more sparks in the cabin windows. Those sparks served as our clock - the first one to reappear would signal that morning was approaching, so we'd quickly find a place to hide and tie up. One morning, just before daybreak, I found a canoe and crossed over a chute to the main shore, which was only about two hundred yards away. I paddled about a mile up a creek surrounded by cypress woods, looking for some berries. As I was passing a spot where a kind of cowpath crossed the creek, I saw two men running up the path as fast as they could. I thought I was in trouble, figuring that whenever someone was chasing someone, it was probably me - or maybe Jim.",0.2,1.0,a4eeb08e2b2313ccf327f4dc51f24baa1ed636a6690a8871a610c713b87d1047,2fcbaec06233569f38ac222a6299431a4f4ec6e9b247dae147d62f8defb8e6a2,560,499,0.891071,pass,,json_ok,2026-06-05T13:22:53Z
groq_llama_3_3_70b_free|run_1|TWAIN_HUCKLEBERRY_FINN_013|modernize,groq_llama_3_3_70b_free,groq,Groq Llama 3.3 70B free-tier run,llama-3.3-70b-versatile,llama-3.3-70b-versatile,run_1,TWAIN_HUCKLEBERRY_FINN_013,modernize,"Jim thought it was ghosts, but I said, 'No way, ghosts wouldn't say, ""Dern the dern fog.""' As soon as it got dark, we pushed off and let the current take us wherever it wanted. We'd just float, smoke our pipes, and hang our legs over the side of the raft, talking about all sorts of things. We were always naked, day and night, as long as the mosquitoes didn't bother us too much. The new clothes Buck's family had made for me were too nice to be comfortable, and to be honest, I wasn't really into clothes anyway. Sometimes we'd have the whole river to ourselves for hours. You could see the banks and islands across the water, and occasionally a light from a cabin window or a raft. You might even hear someone playing a fiddle or singing. It was amazing to live on a raft. We'd lie on our backs and stare up at the stars, debating whether they were created or just happened to be there. Jim thought they were made, but I thought they just happened. I figured it would have taken too long to make that many. Jim said the moon could have laid them, which seemed kind of reasonable, so I didn't argue. I mean, I've seen a frog lay a lot of eggs, so it's possible. We'd also watch the shooting stars and see them streak across the sky. Jim thought they were stars that had gone bad and got thrown out of the sky. A few times a night, we'd see a steamboat gliding through the darkness, and sometimes it would shoot out a bunch of sparks from its chimneys. The sparks would rain down into the river and look really cool. Then the boat would turn a corner, its lights would disappear, and everything would be quiet again. After a while, the waves from the boat would reach us and rock the raft a bit. For a long time after that, all you'd hear would be frogs or something. After midnight, the people on shore would go to bed, and the shores would be dark for a few hours. We used the lights from the cabin windows as a kind of clock - when we saw the first light of the morning, we'd find a place to hide the raft right away. One morning, just before sunrise, I found a canoe and paddled across a small channel to the main shore. I went about a mile up a creek into the cypress woods to see if I could find some berries. As I was passing a spot where a path crossed the creek, I saw two men running down the path as fast as they could. I thought I was in trouble, figuring they must be after me or Jim.",0.2,1.0,a4eeb08e2b2313ccf327f4dc51f24baa1ed636a6690a8871a610c713b87d1047,07e6887e292d8a8752d9673e128691619313ddd98f0befcb542c28db16090da7,560,469,0.8375,warning,json_repaired_loose_rewritten_text;length_soft_warning,json_repaired_loose_rewritten_text,2026-06-05T13:36:46Z
groq_llama_3_3_70b_free|run_1|TWAIN_HUCKLEBERRY_FINN_013|simplify,groq_llama_3_3_70b_free,groq,Groq Llama 3.3 70B free-tier run,llama-3.3-70b-versatile,llama-3.3-70b-versatile,run_1,TWAIN_HUCKLEBERRY_FINN_013,simplify,"Jim thought the strange noise was made by spirits, but I disagreed. 'Spirits wouldn't say, 'Dern the dern fog,'' I said. As soon as it got dark, we pushed our raft into the water. When we reached the middle of the river, we let it float freely, and then we lit our pipes and hung our legs over the side of the raft. We talked about all sorts of things, and we were usually naked because our clothes were uncomfortable and the mosquitoes would bite us if we wore them. The new clothes Buck's family had made for me were too nice to be comfortable, and I didn't like wearing clothes anyway. Sometimes we had the whole river to ourselves for a long time. We could see the banks and islands on the other side of the water, and occasionally we'd see a light from a cabin window or a raft. We might even hear someone playing a fiddle or singing. It was great to live on a raft. We'd lie on our backs and look up at the stars, wondering if they were made or just happened to be there. Jim thought they were made, but I thought they just happened. I figured it would take too long to make that many stars. Jim said the moon could have laid them, which seemed possible, so I didn't argue. We'd watch the stars that fell from the sky and see them streak down. Jim thought they'd gotten spoiled and were thrown out of the sky. At night, we'd sometimes see a steamboat passing by in the dark. It would shoot out sparks from its chimneys, and they'd fall into the river, looking really pretty. Then the boat would turn a corner, and its lights would disappear. The waves from the boat would reach us after a while, rocking the raft a bit. After that, it would be quiet again, except for the sounds of frogs or other animals. After midnight, the people on shore would go to bed, and the shores would be dark for a few hours. We used the lights from the cabin windows as a kind of clock. When we saw the first light again, we knew morning was coming, so we'd find a place to hide the raft. One morning, I found a canoe and crossed over to the main shore. I paddled up a small stream among the cypress trees, looking for some berries. As I was passing a place where a path crossed the stream, I saw two men running down the path as fast as they could. I thought I was in trouble, thinking that they might be after me or Jim.",0.2,1.0,a4eeb08e2b2313ccf327f4dc51f24baa1ed636a6690a8871a610c713b87d1047,7c036b707ffcaafb9c61a5a477da0efe83f099502ef9d435d18b62823be1a7d8,560,449,0.801786,warning,length_soft_warning,json_ok,2026-06-05T13:59:06Z
groq_llama_3_3_70b_free|run_1|TWAIN_HUCKLEBERRY_FINN_014|paraphrase,groq_llama_3_3_70b_free,groq,Groq Llama 3.3 70B free-tier run,llama-3.3-70b-versatile,llama-3.3-70b-versatile,run_1,TWAIN_HUCKLEBERRY_FINN_014,paraphrase,"It nearly killed Jim with laughter. He was always the easiest person to make laugh. I took the watch, and Jim lay down and started snoring; eventually, the storm subsided completely, and when the first cabin light appeared, I woke him up, and we hid the raft for the day. After breakfast, the king pulled out an old, worn-out deck of cards, and he and the duke played a game of seven-up for a while, betting five cents per game. When they got tired of it, they decided to come up with a new plan. The duke rummaged through his carpet-bag and pulled out a bunch of small, printed bills, which he read aloud. One of the bills announced that the 'celebrated Dr. Armand de Montalban, of Paris' would be giving a lecture on phrenology at a certain location, with admission costing ten cents, and character charts available for twenty-five cents each. The duke claimed to be this person. Another bill introduced him as the 'world-renowned Shakespearian tragedian, Garrick the Younger, of Drury Lane, London.' Other bills listed various names and accomplishments, including finding water and gold with a divining rod and breaking witch spells. The duke then said, 'But the theater is my true passion. Have you ever acted on stage, Your Majesty?' The king replied that he hadn't. The duke told him, 'You will, then, before you're three days older. The first decent town we come across, we'll rent a hall and perform the sword fight from Richard III and the balcony scene from Romeo and Juliet. What do you think?' The king agreed, saying he was willing to do anything that would pay, but he didn't know much about acting and hadn't seen many plays. The duke assured him it would be easy to learn. The king was eager to start, so the duke began explaining the story of Romeo and Juliet, saying he would play Romeo and the king could play Juliet. The king expressed concern that his appearance might not be suitable for the role, given his age and balding head. The duke dismissed his worries, saying that the audience wouldn't notice, and that costumes would make all the difference. He produced a few old curtain-calico suits, which he claimed were medieval armor, and a long white cotton nightshirt and ruffled nightcap for the king to wear as Juliet. The king was satisfied, so the duke read the parts aloud in a dramatic fashion, acting out the scenes to demonstrate how it should be done. Then, he handed the book to the king and told him to memorize his lines. There was a small town about three miles down the river, and after dinner, the duke said he had figured out a way to travel during the day without putting Jim in danger. He decided to go into town to make the necessary arrangements.",0.2,1.0,31b6d6cb1465079a30ac42ec52b51faea5d81796e5a364adfb3501e59b4f4ee4,e08c66da10c3121dd7d9240236846ed02ee2d93bd0d59b59be4b29e53ca84a2b,593,479,0.807757,warning,length_soft_warning,json_ok,2026-06-05T14:14:16Z
groq_llama_3_3_70b_free|run_1|TWAIN_HUCKLEBERRY_FINN_014|modernize,groq_llama_3_3_70b_free,groq,Groq Llama 3.3 70B free-tier run,llama-3.3-70b-versatile,llama-3.3-70b-versatile,run_1,TWAIN_HUCKLEBERRY_FINN_014,modernize,"It almost killed Jim laughing. He was the easiest person to make laugh that ever was, anyway. I took the watch, and Jim lay down and snored away; and by and by the storm let up for good; and the first cabin light that showed, I woke him up and we slid the raft into hiding for the day. The king got out an old deck of cards after breakfast, and he and the duke played a game called seven-up for a while, five cents a game. Then they got tired of it, and decided they would 'lay out a campaign,' as they called it. The duke went down into his bag, and fetched up a lot of little printed bills and read them out loud. One bill said, 'The celebrated Dr. Armand de Montalban, of Paris,' would 'lecture on the Science of Phrenology' at a certain place, on a certain day, at ten cents admission, and 'furnish charts of character at twenty-five cents apiece.' The duke said that was him. In another bill, he was the 'world-renowned Shakespearian actor, Garrick the Younger, of Drury Lane, London.' In other bills, he had a lot of other names and did other amazing things, like finding water and gold with a 'divining rod,' 'breaking witch spells,' and so on. After a while, he says: 'But acting is my true love. Have you ever been on stage, Royalty?' 'No,' says the king. 'You will, then, before you're three days older, Fallen Grandeur,' says the duke. 'The first good town we come to, we'll hire a hall and perform the sword fight in Richard III and the balcony scene in Romeo and Juliet. How does that sound?' 'I'm in, all the way, for anything that will pay, Bilgewater; but, you see, I don't know much about acting, and haven't seen much of it. I was too small when my dad used to have performances at the palace. Do you think you can teach me?' 'Easy!' 'All right. I'm just looking for something new, anyway. Let's start right away.' So the duke told him all about who Romeo was and who Juliet was, and said he was used to playing Romeo, so the king could be Juliet. 'But if Juliet's such a young girl, duke, my bald head and my white whiskers are going to look pretty odd on her, maybe.' 'Don't worry; these country people won't think twice about that. Besides, you'll be in costume, and that makes all the difference; Juliet's in a balcony, enjoying the moonlight before she goes to bed, and she's wearing her nightgown and her ruffled nightcap.' He got out two or three old-fashioned suits, which he said were medieval armor for Richard III and the other character, and a long white cotton nightshirt and a ruffled nightcap to match. The king was satisfied; so the duke got out his book and read the parts out loud in a very dramatic way, acting at the same time, to show how it had to be done; then he gave the book to the king and told him to memorize his part. There was a small town about three miles down the river, and after dinner, the duke said he had figured out his idea about how to travel in daylight without it being dangerous for Jim; so he said he would go down to the town and take care of that.",0.2,1.0,31b6d6cb1465079a30ac42ec52b51faea5d81796e5a364adfb3501e59b4f4ee4,f167edb3a95f530d46b3aaaea2dd8905b02433a87cfa2706af6c57ef7da5cdd5,593,571,0.962901,pass,,json_ok,2026-06-05T14:29:59Z
