model_key,classifier,feature_set,fold,passage_id,author_id,work_id,condition,predicted_author,qc_status
original_baseline_only,nearest_centroid,full,0,V2_austen_pride_and_prejudice_001,austen,pride_and_prejudice,original,dickens,source_verified
original_baseline_only,nearest_centroid,full,0,V2_austen_pride_and_prejudice_002,austen,pride_and_prejudice,original,austen,source_verified
original_baseline_only,nearest_centroid,full,0,V2_austen_pride_and_prejudice_003,austen,pride_and_prejudice,original,dickens,source_verified
original_baseline_only,nearest_centroid,full,0,V2_austen_pride_and_prejudice_004,austen,pride_and_prejudice,original,austen,source_verified
original_baseline_only,nearest_centroid,full,0,V2_austen_pride_and_prejudice_005,austen,pride_and_prejudice,original,austen,source_verified
original_baseline_only,nearest_centroid,full,0,V2_austen_pride_and_prejudice_006,austen,pride_and_prejudice,original,austen,source_verified
original_baseline_only,nearest_centroid,full,0,V2_austen_pride_and_prejudice_007,austen,pride_and_prejudice,original,austen,source_verified
original_baseline_only,nearest_centroid,full,0,V2_austen_pride_and_prejudice_008,austen,pride_and_prejudice,original,austen,source_verified
original_baseline_only,nearest_centroid,full,0,V2_austen_pride_and_prejudice_009,austen,pride_and_prejudice,original,austen,source_verified
original_baseline_only,nearest_centroid,full,0,V2_austen_pride_and_prejudice_010,austen,pride_and_prejudice,original,dickens,source_verified
original_baseline_only,nearest_centroid,full,0,V2_austen_pride_and_prejudice_011,austen,pride_and_prejudice,original,austen,source_verified
original_baseline_only,nearest_centroid,full,0,V2_austen_pride_and_prejudice_012,austen,pride_and_prejudice,original,dickens,source_verified
original_baseline_only,nearest_centroid,full,0,V2_austen_pride_and_prejudice_013,austen,pride_and_prejudice,original,austen,source_verified
original_baseline_only,nearest_centroid,full,0,V2_austen_pride_and_prejudice_014,austen,pride_and_prejudice,original,austen,source_verified
original_baseline_only,nearest_centroid,full,0,V2_austen_pride_and_prejudice_015,austen,pride_and_prejudice,original,austen,source_verified
original_baseline_only,nearest_centroid,full,0,V2_austen_pride_and_prejudice_016,austen,pride_and_prejudice,original,austen,source_verified
original_baseline_only,nearest_centroid,full,0,V2_austen_pride_and_prejudice_017,austen,pride_and_prejudice,original,austen,source_verified
original_baseline_only,nearest_centroid,full,0,V2_austen_pride_and_prejudice_018,austen,pride_and_prejudice,original,austen,source_verified
original_baseline_only,nearest_centroid,full,0,V2_austen_pride_and_prejudice_019,austen,pride_and_prejudice,original,austen,source_verified
original_baseline_only,nearest_centroid,full,0,V2_austen_pride_and_prejudice_020,austen,pride_and_prejudice,original,austen,source_verified
original_baseline_only,nearest_centroid,full,0,V2_dickens_great_expectations_001,dickens,great_expectations,original,wilde,source_verified
original_baseline_only,nearest_centroid,full,0,V2_dickens_great_expectations_002,dickens,great_expectations,original,dickens,source_verified
original_baseline_only,nearest_centroid,full,0,V2_dickens_great_expectations_003,dickens,great_expectations,original,twain,source_verified
original_baseline_only,nearest_centroid,full,0,V2_dickens_great_expectations_004,dickens,great_expectations,original,twain,source_verified
original_baseline_only,nearest_centroid,full,0,V2_dickens_great_expectations_005,dickens,great_expectations,original,dickens,source_verified
original_baseline_only,nearest_centroid,full,0,V2_dickens_great_expectations_006,dickens,great_expectations,original,twain,source_verified
original_baseline_only,nearest_centroid,full,0,V2_dickens_great_expectations_007,dickens,great_expectations,original,twain,source_verified
original_baseline_only,nearest_centroid,full,0,V2_dickens_great_expectations_008,dickens,great_expectations,original,twain,source_verified
original_baseline_only,nearest_centroid,full,0,V2_dickens_great_expectations_009,dickens,great_expectations,original,twain,source_verified
original_baseline_only,nearest_centroid,full,0,V2_dickens_great_expectations_010,dickens,great_expectations,original,shelley,source_verified
original_baseline_only,nearest_centroid,full,0,V2_dickens_great_expectations_011,dickens,great_expectations,original,austen,source_verified
original_baseline_only,nearest_centroid,full,0,V2_dickens_great_expectations_012,dickens,great_expectations,original,dickens,source_verified
original_baseline_only,nearest_centroid,full,0,V2_dickens_great_expectations_013,dickens,great_expectations,original,austen,source_verified
original_baseline_only,nearest_centroid,full,0,V2_dickens_great_expectations_014,dickens,great_expectations,original,dickens,source_verified
original_baseline_only,nearest_centroid,full,0,V2_dickens_great_expectations_015,dickens,great_expectations,original,dickens,source_verified
original_baseline_only,nearest_centroid,full,0,V2_dickens_great_expectations_016,dickens,great_expectations,original,twain,source_verified
original_baseline_only,nearest_centroid,full,0,V2_dickens_great_expectations_017,dickens,great_expectations,original,twain,source_verified
original_baseline_only,nearest_centroid,full,0,V2_dickens_great_expectations_018,dickens,great_expectations,original,austen,source_verified
original_baseline_only,nearest_centroid,full,0,V2_dickens_great_expectations_019,dickens,great_expectations,original,shelley,source_verified
original_baseline_only,nearest_centroid,full,0,V2_dickens_great_expectations_020,dickens,great_expectations,original,dickens,source_verified
original_baseline_only,nearest_centroid,full,0,V2_poe_the_gold_bug_001,poe,the_gold_bug,original,poe,source_verified
original_baseline_only,nearest_centroid,full,0,V2_poe_the_gold_bug_002,poe,the_gold_bug,original,wilde,source_verified
original_baseline_only,nearest_centroid,full,0,V2_poe_the_gold_bug_003,poe,the_gold_bug,original,poe,source_verified
original_baseline_only,nearest_centroid,full,0,V2_poe_the_gold_bug_004,poe,the_gold_bug,original,twain,source_verified
original_baseline_only,nearest_centroid,full,0,V2_poe_the_gold_bug_005,poe,the_gold_bug,original,dickens,source_verified
original_baseline_only,nearest_centroid,full,0,V2_poe_the_gold_bug_006,poe,the_gold_bug,original,dickens,source_verified
original_baseline_only,nearest_centroid,full,0,V2_poe_the_gold_bug_007,poe,the_gold_bug,original,poe,source_verified
original_baseline_only,nearest_centroid,full,0,V2_poe_the_gold_bug_008,poe,the_gold_bug,original,dickens,source_verified
original_baseline_only,nearest_centroid,full,0,V2_poe_the_gold_bug_009,poe,the_gold_bug,original,dickens,source_verified
original_baseline_only,nearest_centroid,full,0,V2_poe_the_gold_bug_010,poe,the_gold_bug,original,poe,source_verified
original_baseline_only,nearest_centroid,full,0,V2_poe_the_gold_bug_011,poe,the_gold_bug,original,poe,source_verified
original_baseline_only,nearest_centroid,full,0,V2_poe_the_gold_bug_012,poe,the_gold_bug,original,poe,source_verified
original_baseline_only,nearest_centroid,full,0,V2_poe_the_gold_bug_013,poe,the_gold_bug,original,poe,source_verified
original_baseline_only,nearest_centroid,full,0,V2_poe_the_gold_bug_014,poe,the_gold_bug,original,poe,source_verified
original_baseline_only,nearest_centroid,full,0,V2_poe_the_gold_bug_015,poe,the_gold_bug,original,poe,source_verified
original_baseline_only,nearest_centroid,full,0,V2_poe_the_gold_bug_016,poe,the_gold_bug,original,poe,source_verified
original_baseline_only,nearest_centroid,full,0,V2_poe_the_gold_bug_017,poe,the_gold_bug,original,poe,source_verified
original_baseline_only,nearest_centroid,full,0,V2_poe_the_gold_bug_018,poe,the_gold_bug,original,poe,source_verified
original_baseline_only,nearest_centroid,full,0,V2_poe_the_gold_bug_019,poe,the_gold_bug,original,poe,source_verified
original_baseline_only,nearest_centroid,full,0,V2_poe_the_gold_bug_020,poe,the_gold_bug,original,poe,source_verified
original_baseline_only,nearest_centroid,full,0,V2_shelley_the_last_man_001,shelley,the_last_man,original,poe,source_verified
original_baseline_only,nearest_centroid,full,0,V2_shelley_the_last_man_002,shelley,the_last_man,original,shelley,source_verified
original_baseline_only,nearest_centroid,full,0,V2_shelley_the_last_man_003,shelley,the_last_man,original,shelley,source_verified
original_baseline_only,nearest_centroid,full,0,V2_shelley_the_last_man_004,shelley,the_last_man,original,shelley,source_verified
original_baseline_only,nearest_centroid,full,0,V2_shelley_the_last_man_005,shelley,the_last_man,original,shelley,source_verified
original_baseline_only,nearest_centroid,full,0,V2_shelley_the_last_man_006,shelley,the_last_man,original,shelley,source_verified
original_baseline_only,nearest_centroid,full,0,V2_shelley_the_last_man_007,shelley,the_last_man,original,dickens,source_verified
original_baseline_only,nearest_centroid,full,0,V2_shelley_the_last_man_008,shelley,the_last_man,original,poe,source_verified
original_baseline_only,nearest_centroid,full,0,V2_shelley_the_last_man_009,shelley,the_last_man,original,shelley,source_verified
original_baseline_only,nearest_centroid,full,0,V2_shelley_the_last_man_010,shelley,the_last_man,original,poe,source_verified
original_baseline_only,nearest_centroid,full,0,V2_shelley_the_last_man_011,shelley,the_last_man,original,poe,source_verified
original_baseline_only,nearest_centroid,full,0,V2_shelley_the_last_man_012,shelley,the_last_man,original,wilde,source_verified
original_baseline_only,nearest_centroid,full,0,V2_shelley_the_last_man_013,shelley,the_last_man,original,dickens,source_verified
original_baseline_only,nearest_centroid,full,0,V2_shelley_the_last_man_014,shelley,the_last_man,original,shelley,source_verified
original_baseline_only,nearest_centroid,full,0,V2_shelley_the_last_man_015,shelley,the_last_man,original,austen,source_verified
original_baseline_only,nearest_centroid,full,0,V2_shelley_the_last_man_016,shelley,the_last_man,original,poe,source_verified
original_baseline_only,nearest_centroid,full,0,V2_shelley_the_last_man_017,shelley,the_last_man,original,poe,source_verified
original_baseline_only,nearest_centroid,full,0,V2_shelley_the_last_man_018,shelley,the_last_man,original,wilde,source_verified
original_baseline_only,nearest_centroid,full,0,V2_shelley_the_last_man_019,shelley,the_last_man,original,shelley,source_verified
original_baseline_only,nearest_centroid,full,0,V2_shelley_the_last_man_020,shelley,the_last_man,original,shelley,source_verified
original_baseline_only,nearest_centroid,full,0,V2_twain_huckleberry_finn_001,twain,huckleberry_finn,original,twain,source_verified
original_baseline_only,nearest_centroid,full,0,V2_twain_huckleberry_finn_002,twain,huckleberry_finn,original,twain,source_verified
original_baseline_only,nearest_centroid,full,0,V2_twain_huckleberry_finn_003,twain,huckleberry_finn,original,twain,source_verified
original_baseline_only,nearest_centroid,full,0,V2_twain_huckleberry_finn_004,twain,huckleberry_finn,original,twain,source_verified
original_baseline_only,nearest_centroid,full,0,V2_twain_huckleberry_finn_005,twain,huckleberry_finn,original,twain,source_verified
original_baseline_only,nearest_centroid,full,0,V2_twain_huckleberry_finn_006,twain,huckleberry_finn,original,twain,source_verified
original_baseline_only,nearest_centroid,full,0,V2_twain_huckleberry_finn_007,twain,huckleberry_finn,original,twain,source_verified
original_baseline_only,nearest_centroid,full,0,V2_twain_huckleberry_finn_008,twain,huckleberry_finn,original,twain,source_verified
original_baseline_only,nearest_centroid,full,0,V2_twain_huckleberry_finn_009,twain,huckleberry_finn,original,twain,source_verified
original_baseline_only,nearest_centroid,full,0,V2_twain_huckleberry_finn_010,twain,huckleberry_finn,original,twain,source_verified
original_baseline_only,nearest_centroid,full,0,V2_twain_huckleberry_finn_011,twain,huckleberry_finn,original,twain,source_verified
original_baseline_only,nearest_centroid,full,0,V2_twain_huckleberry_finn_012,twain,huckleberry_finn,original,twain,source_verified
original_baseline_only,nearest_centroid,full,0,V2_twain_huckleberry_finn_013,twain,huckleberry_finn,original,twain,source_verified
original_baseline_only,nearest_centroid,full,0,V2_twain_huckleberry_finn_014,twain,huckleberry_finn,original,twain,source_verified
original_baseline_only,nearest_centroid,full,0,V2_twain_huckleberry_finn_015,twain,huckleberry_finn,original,twain,source_verified
original_baseline_only,nearest_centroid,full,0,V2_twain_huckleberry_finn_016,twain,huckleberry_finn,original,twain,source_verified
original_baseline_only,nearest_centroid,full,0,V2_twain_huckleberry_finn_017,twain,huckleberry_finn,original,twain,source_verified
original_baseline_only,nearest_centroid,full,0,V2_twain_huckleberry_finn_018,twain,huckleberry_finn,original,twain,source_verified
original_baseline_only,nearest_centroid,full,0,V2_twain_huckleberry_finn_019,twain,huckleberry_finn,original,twain,source_verified
original_baseline_only,nearest_centroid,full,0,V2_twain_huckleberry_finn_020,twain,huckleberry_finn,original,twain,source_verified
original_baseline_only,nearest_centroid,full,0,V2_wilde_dorian_gray_001,wilde,dorian_gray,original,poe,source_verified
original_baseline_only,nearest_centroid,full,0,V2_wilde_dorian_gray_002,wilde,dorian_gray,original,twain,source_verified
original_baseline_only,nearest_centroid,full,0,V2_wilde_dorian_gray_003,wilde,dorian_gray,original,wilde,source_verified
original_baseline_only,nearest_centroid,full,0,V2_wilde_dorian_gray_004,wilde,dorian_gray,original,wilde,source_verified
original_baseline_only,nearest_centroid,full,0,V2_wilde_dorian_gray_005,wilde,dorian_gray,original,austen,source_verified
original_baseline_only,nearest_centroid,full,0,V2_wilde_dorian_gray_006,wilde,dorian_gray,original,twain,source_verified
original_baseline_only,nearest_centroid,full,0,V2_wilde_dorian_gray_007,wilde,dorian_gray,original,austen,source_verified
original_baseline_only,nearest_centroid,full,0,V2_wilde_dorian_gray_008,wilde,dorian_gray,original,wilde,source_verified
original_baseline_only,nearest_centroid,full,0,V2_wilde_dorian_gray_009,wilde,dorian_gray,original,wilde,source_verified
original_baseline_only,nearest_centroid,full,0,V2_wilde_dorian_gray_010,wilde,dorian_gray,original,wilde,source_verified
original_baseline_only,nearest_centroid,full,0,V2_wilde_dorian_gray_011,wilde,dorian_gray,original,shelley,source_verified
original_baseline_only,nearest_centroid,full,0,V2_wilde_dorian_gray_012,wilde,dorian_gray,original,wilde,source_verified
original_baseline_only,nearest_centroid,full,0,V2_wilde_dorian_gray_013,wilde,dorian_gray,original,poe,source_verified
original_baseline_only,nearest_centroid,full,0,V2_wilde_dorian_gray_014,wilde,dorian_gray,original,twain,source_verified
original_baseline_only,nearest_centroid,full,0,V2_wilde_dorian_gray_015,wilde,dorian_gray,original,dickens,source_verified
original_baseline_only,nearest_centroid,full,0,V2_wilde_dorian_gray_016,wilde,dorian_gray,original,dickens,source_verified
original_baseline_only,nearest_centroid,full,0,V2_wilde_dorian_gray_017,wilde,dorian_gray,original,wilde,source_verified
original_baseline_only,nearest_centroid,full,0,V2_wilde_dorian_gray_018,wilde,dorian_gray,original,dickens,source_verified
original_baseline_only,nearest_centroid,full,0,V2_wilde_dorian_gray_019,wilde,dorian_gray,original,dickens,source_verified
original_baseline_only,nearest_centroid,full,0,V2_wilde_dorian_gray_020,wilde,dorian_gray,original,twain,source_verified
original_baseline_only,gaussian_nb,full,0,V2_austen_pride_and_prejudice_001,austen,pride_and_prejudice,original,twain,source_verified
original_baseline_only,gaussian_nb,full,0,V2_austen_pride_and_prejudice_002,austen,pride_and_prejudice,original,dickens,source_verified
original_baseline_only,gaussian_nb,full,0,V2_austen_pride_and_prejudice_003,austen,pride_and_prejudice,original,dickens,source_verified
original_baseline_only,gaussian_nb,full,0,V2_austen_pride_and_prejudice_004,austen,pride_and_prejudice,original,austen,source_verified
original_baseline_only,gaussian_nb,full,0,V2_austen_pride_and_prejudice_005,austen,pride_and_prejudice,original,austen,source_verified
original_baseline_only,gaussian_nb,full,0,V2_austen_pride_and_prejudice_006,austen,pride_and_prejudice,original,austen,source_verified
original_baseline_only,gaussian_nb,full,0,V2_austen_pride_and_prejudice_007,austen,pride_and_prejudice,original,austen,source_verified
original_baseline_only,gaussian_nb,full,0,V2_austen_pride_and_prejudice_008,austen,pride_and_prejudice,original,austen,source_verified
original_baseline_only,gaussian_nb,full,0,V2_austen_pride_and_prejudice_009,austen,pride_and_prejudice,original,austen,source_verified
original_baseline_only,gaussian_nb,full,0,V2_austen_pride_and_prejudice_010,austen,pride_and_prejudice,original,dickens,source_verified
original_baseline_only,gaussian_nb,full,0,V2_austen_pride_and_prejudice_011,austen,pride_and_prejudice,original,austen,source_verified
original_baseline_only,gaussian_nb,full,0,V2_austen_pride_and_prejudice_012,austen,pride_and_prejudice,original,dickens,source_verified
original_baseline_only,gaussian_nb,full,0,V2_austen_pride_and_prejudice_013,austen,pride_and_prejudice,original,austen,source_verified
original_baseline_only,gaussian_nb,full,0,V2_austen_pride_and_prejudice_014,austen,pride_and_prejudice,original,austen,source_verified
original_baseline_only,gaussian_nb,full,0,V2_austen_pride_and_prejudice_015,austen,pride_and_prejudice,original,austen,source_verified
original_baseline_only,gaussian_nb,full,0,V2_austen_pride_and_prejudice_016,austen,pride_and_prejudice,original,dickens,source_verified
original_baseline_only,gaussian_nb,full,0,V2_austen_pride_and_prejudice_017,austen,pride_and_prejudice,original,austen,source_verified
original_baseline_only,gaussian_nb,full,0,V2_austen_pride_and_prejudice_018,austen,pride_and_prejudice,original,austen,source_verified
original_baseline_only,gaussian_nb,full,0,V2_austen_pride_and_prejudice_019,austen,pride_and_prejudice,original,shelley,source_verified
original_baseline_only,gaussian_nb,full,0,V2_austen_pride_and_prejudice_020,austen,pride_and_prejudice,original,austen,source_verified
original_baseline_only,gaussian_nb,full,0,V2_dickens_great_expectations_001,dickens,great_expectations,original,shelley,source_verified
original_baseline_only,gaussian_nb,full,0,V2_dickens_great_expectations_002,dickens,great_expectations,original,dickens,source_verified
original_baseline_only,gaussian_nb,full,0,V2_dickens_great_expectations_003,dickens,great_expectations,original,twain,source_verified
original_baseline_only,gaussian_nb,full,0,V2_dickens_great_expectations_004,dickens,great_expectations,original,wilde,source_verified
original_baseline_only,gaussian_nb,full,0,V2_dickens_great_expectations_005,dickens,great_expectations,original,dickens,source_verified
original_baseline_only,gaussian_nb,full,0,V2_dickens_great_expectations_006,dickens,great_expectations,original,twain,source_verified
original_baseline_only,gaussian_nb,full,0,V2_dickens_great_expectations_007,dickens,great_expectations,original,twain,source_verified
original_baseline_only,gaussian_nb,full,0,V2_dickens_great_expectations_008,dickens,great_expectations,original,dickens,source_verified
original_baseline_only,gaussian_nb,full,0,V2_dickens_great_expectations_009,dickens,great_expectations,original,twain,source_verified
original_baseline_only,gaussian_nb,full,0,V2_dickens_great_expectations_010,dickens,great_expectations,original,poe,source_verified
original_baseline_only,gaussian_nb,full,0,V2_dickens_great_expectations_011,dickens,great_expectations,original,austen,source_verified
original_baseline_only,gaussian_nb,full,0,V2_dickens_great_expectations_012,dickens,great_expectations,original,twain,source_verified
original_baseline_only,gaussian_nb,full,0,V2_dickens_great_expectations_013,dickens,great_expectations,original,wilde,source_verified
original_baseline_only,gaussian_nb,full,0,V2_dickens_great_expectations_014,dickens,great_expectations,original,dickens,source_verified
original_baseline_only,gaussian_nb,full,0,V2_dickens_great_expectations_015,dickens,great_expectations,original,dickens,source_verified
original_baseline_only,gaussian_nb,full,0,V2_dickens_great_expectations_016,dickens,great_expectations,original,twain,source_verified
original_baseline_only,gaussian_nb,full,0,V2_dickens_great_expectations_017,dickens,great_expectations,original,dickens,source_verified
original_baseline_only,gaussian_nb,full,0,V2_dickens_great_expectations_018,dickens,great_expectations,original,austen,source_verified
original_baseline_only,gaussian_nb,full,0,V2_dickens_great_expectations_019,dickens,great_expectations,original,dickens,source_verified
original_baseline_only,gaussian_nb,full,0,V2_dickens_great_expectations_020,dickens,great_expectations,original,dickens,source_verified
original_baseline_only,gaussian_nb,full,0,V2_poe_the_gold_bug_001,poe,the_gold_bug,original,poe,source_verified
original_baseline_only,gaussian_nb,full,0,V2_poe_the_gold_bug_002,poe,the_gold_bug,original,dickens,source_verified
original_baseline_only,gaussian_nb,full,0,V2_poe_the_gold_bug_003,poe,the_gold_bug,original,dickens,source_verified
original_baseline_only,gaussian_nb,full,0,V2_poe_the_gold_bug_004,poe,the_gold_bug,original,twain,source_verified
original_baseline_only,gaussian_nb,full,0,V2_poe_the_gold_bug_005,poe,the_gold_bug,original,dickens,source_verified
original_baseline_only,gaussian_nb,full,0,V2_poe_the_gold_bug_006,poe,the_gold_bug,original,dickens,source_verified
original_baseline_only,gaussian_nb,full,0,V2_poe_the_gold_bug_007,poe,the_gold_bug,original,poe,source_verified
original_baseline_only,gaussian_nb,full,0,V2_poe_the_gold_bug_008,poe,the_gold_bug,original,dickens,source_verified
original_baseline_only,gaussian_nb,full,0,V2_poe_the_gold_bug_009,poe,the_gold_bug,original,dickens,source_verified
original_baseline_only,gaussian_nb,full,0,V2_poe_the_gold_bug_010,poe,the_gold_bug,original,poe,source_verified
original_baseline_only,gaussian_nb,full,0,V2_poe_the_gold_bug_011,poe,the_gold_bug,original,poe,source_verified
original_baseline_only,gaussian_nb,full,0,V2_poe_the_gold_bug_012,poe,the_gold_bug,original,poe,source_verified
original_baseline_only,gaussian_nb,full,0,V2_poe_the_gold_bug_013,poe,the_gold_bug,original,poe,source_verified
original_baseline_only,gaussian_nb,full,0,V2_poe_the_gold_bug_014,poe,the_gold_bug,original,poe,source_verified
original_baseline_only,gaussian_nb,full,0,V2_poe_the_gold_bug_015,poe,the_gold_bug,original,poe,source_verified
original_baseline_only,gaussian_nb,full,0,V2_poe_the_gold_bug_016,poe,the_gold_bug,original,poe,source_verified
original_baseline_only,gaussian_nb,full,0,V2_poe_the_gold_bug_017,poe,the_gold_bug,original,poe,source_verified
original_baseline_only,gaussian_nb,full,0,V2_poe_the_gold_bug_018,poe,the_gold_bug,original,poe,source_verified
original_baseline_only,gaussian_nb,full,0,V2_poe_the_gold_bug_019,poe,the_gold_bug,original,poe,source_verified
original_baseline_only,gaussian_nb,full,0,V2_poe_the_gold_bug_020,poe,the_gold_bug,original,poe,source_verified
original_baseline_only,gaussian_nb,full,0,V2_shelley_the_last_man_001,shelley,the_last_man,original,shelley,source_verified
original_baseline_only,gaussian_nb,full,0,V2_shelley_the_last_man_002,shelley,the_last_man,original,shelley,source_verified
original_baseline_only,gaussian_nb,full,0,V2_shelley_the_last_man_003,shelley,the_last_man,original,shelley,source_verified
original_baseline_only,gaussian_nb,full,0,V2_shelley_the_last_man_004,shelley,the_last_man,original,dickens,source_verified
original_baseline_only,gaussian_nb,full,0,V2_shelley_the_last_man_005,shelley,the_last_man,original,shelley,source_verified
original_baseline_only,gaussian_nb,full,0,V2_shelley_the_last_man_006,shelley,the_last_man,original,shelley,source_verified
original_baseline_only,gaussian_nb,full,0,V2_shelley_the_last_man_007,shelley,the_last_man,original,dickens,source_verified
original_baseline_only,gaussian_nb,full,0,V2_shelley_the_last_man_008,shelley,the_last_man,original,poe,source_verified
original_baseline_only,gaussian_nb,full,0,V2_shelley_the_last_man_009,shelley,the_last_man,original,shelley,source_verified
original_baseline_only,gaussian_nb,full,0,V2_shelley_the_last_man_010,shelley,the_last_man,original,shelley,source_verified
original_baseline_only,gaussian_nb,full,0,V2_shelley_the_last_man_011,shelley,the_last_man,original,poe,source_verified
original_baseline_only,gaussian_nb,full,0,V2_shelley_the_last_man_012,shelley,the_last_man,original,dickens,source_verified
original_baseline_only,gaussian_nb,full,0,V2_shelley_the_last_man_013,shelley,the_last_man,original,dickens,source_verified
original_baseline_only,gaussian_nb,full,0,V2_shelley_the_last_man_014,shelley,the_last_man,original,shelley,source_verified
original_baseline_only,gaussian_nb,full,0,V2_shelley_the_last_man_015,shelley,the_last_man,original,austen,source_verified
original_baseline_only,gaussian_nb,full,0,V2_shelley_the_last_man_016,shelley,the_last_man,original,poe,source_verified
original_baseline_only,gaussian_nb,full,0,V2_shelley_the_last_man_017,shelley,the_last_man,original,shelley,source_verified
original_baseline_only,gaussian_nb,full,0,V2_shelley_the_last_man_018,shelley,the_last_man,original,dickens,source_verified
original_baseline_only,gaussian_nb,full,0,V2_shelley_the_last_man_019,shelley,the_last_man,original,shelley,source_verified
original_baseline_only,gaussian_nb,full,0,V2_shelley_the_last_man_020,shelley,the_last_man,original,poe,source_verified
original_baseline_only,gaussian_nb,full,0,V2_twain_huckleberry_finn_001,twain,huckleberry_finn,original,twain,source_verified
original_baseline_only,gaussian_nb,full,0,V2_twain_huckleberry_finn_002,twain,huckleberry_finn,original,twain,source_verified
original_baseline_only,gaussian_nb,full,0,V2_twain_huckleberry_finn_003,twain,huckleberry_finn,original,twain,source_verified
original_baseline_only,gaussian_nb,full,0,V2_twain_huckleberry_finn_004,twain,huckleberry_finn,original,twain,source_verified
original_baseline_only,gaussian_nb,full,0,V2_twain_huckleberry_finn_005,twain,huckleberry_finn,original,twain,source_verified
original_baseline_only,gaussian_nb,full,0,V2_twain_huckleberry_finn_006,twain,huckleberry_finn,original,twain,source_verified
original_baseline_only,gaussian_nb,full,0,V2_twain_huckleberry_finn_007,twain,huckleberry_finn,original,twain,source_verified
original_baseline_only,gaussian_nb,full,0,V2_twain_huckleberry_finn_008,twain,huckleberry_finn,original,twain,source_verified
original_baseline_only,gaussian_nb,full,0,V2_twain_huckleberry_finn_009,twain,huckleberry_finn,original,twain,source_verified
original_baseline_only,gaussian_nb,full,0,V2_twain_huckleberry_finn_010,twain,huckleberry_finn,original,twain,source_verified
original_baseline_only,gaussian_nb,full,0,V2_twain_huckleberry_finn_011,twain,huckleberry_finn,original,twain,source_verified
original_baseline_only,gaussian_nb,full,0,V2_twain_huckleberry_finn_012,twain,huckleberry_finn,original,twain,source_verified
original_baseline_only,gaussian_nb,full,0,V2_twain_huckleberry_finn_013,twain,huckleberry_finn,original,twain,source_verified
original_baseline_only,gaussian_nb,full,0,V2_twain_huckleberry_finn_014,twain,huckleberry_finn,original,twain,source_verified
original_baseline_only,gaussian_nb,full,0,V2_twain_huckleberry_finn_015,twain,huckleberry_finn,original,twain,source_verified
original_baseline_only,gaussian_nb,full,0,V2_twain_huckleberry_finn_016,twain,huckleberry_finn,original,twain,source_verified
original_baseline_only,gaussian_nb,full,0,V2_twain_huckleberry_finn_017,twain,huckleberry_finn,original,twain,source_verified
original_baseline_only,gaussian_nb,full,0,V2_twain_huckleberry_finn_018,twain,huckleberry_finn,original,twain,source_verified
original_baseline_only,gaussian_nb,full,0,V2_twain_huckleberry_finn_019,twain,huckleberry_finn,original,twain,source_verified
original_baseline_only,gaussian_nb,full,0,V2_twain_huckleberry_finn_020,twain,huckleberry_finn,original,twain,source_verified
original_baseline_only,gaussian_nb,full,0,V2_wilde_dorian_gray_001,wilde,dorian_gray,original,poe,source_verified
original_baseline_only,gaussian_nb,full,0,V2_wilde_dorian_gray_002,wilde,dorian_gray,original,twain,source_verified
original_baseline_only,gaussian_nb,full,0,V2_wilde_dorian_gray_003,wilde,dorian_gray,original,wilde,source_verified
original_baseline_only,gaussian_nb,full,0,V2_wilde_dorian_gray_004,wilde,dorian_gray,original,twain,source_verified
original_baseline_only,gaussian_nb,full,0,V2_wilde_dorian_gray_005,wilde,dorian_gray,original,twain,source_verified
original_baseline_only,gaussian_nb,full,0,V2_wilde_dorian_gray_006,wilde,dorian_gray,original,shelley,source_verified
original_baseline_only,gaussian_nb,full,0,V2_wilde_dorian_gray_007,wilde,dorian_gray,original,twain,source_verified
original_baseline_only,gaussian_nb,full,0,V2_wilde_dorian_gray_008,wilde,dorian_gray,original,wilde,source_verified
original_baseline_only,gaussian_nb,full,0,V2_wilde_dorian_gray_009,wilde,dorian_gray,original,wilde,source_verified
original_baseline_only,gaussian_nb,full,0,V2_wilde_dorian_gray_010,wilde,dorian_gray,original,dickens,source_verified
original_baseline_only,gaussian_nb,full,0,V2_wilde_dorian_gray_011,wilde,dorian_gray,original,twain,source_verified
original_baseline_only,gaussian_nb,full,0,V2_wilde_dorian_gray_012,wilde,dorian_gray,original,dickens,source_verified
original_baseline_only,gaussian_nb,full,0,V2_wilde_dorian_gray_013,wilde,dorian_gray,original,wilde,source_verified
original_baseline_only,gaussian_nb,full,0,V2_wilde_dorian_gray_014,wilde,dorian_gray,original,twain,source_verified
original_baseline_only,gaussian_nb,full,0,V2_wilde_dorian_gray_015,wilde,dorian_gray,original,twain,source_verified
original_baseline_only,gaussian_nb,full,0,V2_wilde_dorian_gray_016,wilde,dorian_gray,original,wilde,source_verified
original_baseline_only,gaussian_nb,full,0,V2_wilde_dorian_gray_017,wilde,dorian_gray,original,wilde,source_verified
original_baseline_only,gaussian_nb,full,0,V2_wilde_dorian_gray_018,wilde,dorian_gray,original,dickens,source_verified
original_baseline_only,gaussian_nb,full,0,V2_wilde_dorian_gray_019,wilde,dorian_gray,original,dickens,source_verified
original_baseline_only,gaussian_nb,full,0,V2_wilde_dorian_gray_020,wilde,dorian_gray,original,twain,source_verified
original_baseline_only,lda_ledoit_wolf_shrinkage,full,0,V2_austen_pride_and_prejudice_001,austen,pride_and_prejudice,original,dickens,source_verified
original_baseline_only,lda_ledoit_wolf_shrinkage,full,0,V2_austen_pride_and_prejudice_002,austen,pride_and_prejudice,original,dickens,source_verified
original_baseline_only,lda_ledoit_wolf_shrinkage,full,0,V2_austen_pride_and_prejudice_003,austen,pride_and_prejudice,original,austen,source_verified
original_baseline_only,lda_ledoit_wolf_shrinkage,full,0,V2_austen_pride_and_prejudice_004,austen,pride_and_prejudice,original,austen,source_verified
original_baseline_only,lda_ledoit_wolf_shrinkage,full,0,V2_austen_pride_and_prejudice_005,austen,pride_and_prejudice,original,austen,source_verified
original_baseline_only,lda_ledoit_wolf_shrinkage,full,0,V2_austen_pride_and_prejudice_006,austen,pride_and_prejudice,original,austen,source_verified
original_baseline_only,lda_ledoit_wolf_shrinkage,full,0,V2_austen_pride_and_prejudice_007,austen,pride_and_prejudice,original,austen,source_verified
original_baseline_only,lda_ledoit_wolf_shrinkage,full,0,V2_austen_pride_and_prejudice_008,austen,pride_and_prejudice,original,austen,source_verified
original_baseline_only,lda_ledoit_wolf_shrinkage,full,0,V2_austen_pride_and_prejudice_009,austen,pride_and_prejudice,original,austen,source_verified
original_baseline_only,lda_ledoit_wolf_shrinkage,full,0,V2_austen_pride_and_prejudice_010,austen,pride_and_prejudice,original,poe,source_verified
original_baseline_only,lda_ledoit_wolf_shrinkage,full,0,V2_austen_pride_and_prejudice_011,austen,pride_and_prejudice,original,austen,source_verified
original_baseline_only,lda_ledoit_wolf_shrinkage,full,0,V2_austen_pride_and_prejudice_012,austen,pride_and_prejudice,original,austen,source_verified
original_baseline_only,lda_ledoit_wolf_shrinkage,full,0,V2_austen_pride_and_prejudice_013,austen,pride_and_prejudice,original,austen,source_verified
original_baseline_only,lda_ledoit_wolf_shrinkage,full,0,V2_austen_pride_and_prejudice_014,austen,pride_and_prejudice,original,wilde,source_verified
original_baseline_only,lda_ledoit_wolf_shrinkage,full,0,V2_austen_pride_and_prejudice_015,austen,pride_and_prejudice,original,austen,source_verified
original_baseline_only,lda_ledoit_wolf_shrinkage,full,0,V2_austen_pride_and_prejudice_016,austen,pride_and_prejudice,original,austen,source_verified
original_baseline_only,lda_ledoit_wolf_shrinkage,full,0,V2_austen_pride_and_prejudice_017,austen,pride_and_prejudice,original,austen,source_verified
original_baseline_only,lda_ledoit_wolf_shrinkage,full,0,V2_austen_pride_and_prejudice_018,austen,pride_and_prejudice,original,austen,source_verified
original_baseline_only,lda_ledoit_wolf_shrinkage,full,0,V2_austen_pride_and_prejudice_019,austen,pride_and_prejudice,original,austen,source_verified
original_baseline_only,lda_ledoit_wolf_shrinkage,full,0,V2_austen_pride_and_prejudice_020,austen,pride_and_prejudice,original,austen,source_verified
original_baseline_only,lda_ledoit_wolf_shrinkage,full,0,V2_dickens_great_expectations_001,dickens,great_expectations,original,twain,source_verified
original_baseline_only,lda_ledoit_wolf_shrinkage,full,0,V2_dickens_great_expectations_002,dickens,great_expectations,original,dickens,source_verified
original_baseline_only,lda_ledoit_wolf_shrinkage,full,0,V2_dickens_great_expectations_003,dickens,great_expectations,original,twain,source_verified
original_baseline_only,lda_ledoit_wolf_shrinkage,full,0,V2_dickens_great_expectations_004,dickens,great_expectations,original,dickens,source_verified
original_baseline_only,lda_ledoit_wolf_shrinkage,full,0,V2_dickens_great_expectations_005,dickens,great_expectations,original,dickens,source_verified
original_baseline_only,lda_ledoit_wolf_shrinkage,full,0,V2_dickens_great_expectations_006,dickens,great_expectations,original,twain,source_verified
original_baseline_only,lda_ledoit_wolf_shrinkage,full,0,V2_dickens_great_expectations_007,dickens,great_expectations,original,dickens,source_verified
original_baseline_only,lda_ledoit_wolf_shrinkage,full,0,V2_dickens_great_expectations_008,dickens,great_expectations,original,twain,source_verified
original_baseline_only,lda_ledoit_wolf_shrinkage,full,0,V2_dickens_great_expectations_009,dickens,great_expectations,original,twain,source_verified
original_baseline_only,lda_ledoit_wolf_shrinkage,full,0,V2_dickens_great_expectations_010,dickens,great_expectations,original,wilde,source_verified
original_baseline_only,lda_ledoit_wolf_shrinkage,full,0,V2_dickens_great_expectations_011,dickens,great_expectations,original,poe,source_verified
original_baseline_only,lda_ledoit_wolf_shrinkage,full,0,V2_dickens_great_expectations_012,dickens,great_expectations,original,dickens,source_verified
original_baseline_only,lda_ledoit_wolf_shrinkage,full,0,V2_dickens_great_expectations_013,dickens,great_expectations,original,wilde,source_verified
original_baseline_only,lda_ledoit_wolf_shrinkage,full,0,V2_dickens_great_expectations_014,dickens,great_expectations,original,dickens,source_verified
original_baseline_only,lda_ledoit_wolf_shrinkage,full,0,V2_dickens_great_expectations_015,dickens,great_expectations,original,dickens,source_verified
original_baseline_only,lda_ledoit_wolf_shrinkage,full,0,V2_dickens_great_expectations_016,dickens,great_expectations,original,dickens,source_verified
original_baseline_only,lda_ledoit_wolf_shrinkage,full,0,V2_dickens_great_expectations_017,dickens,great_expectations,original,twain,source_verified
original_baseline_only,lda_ledoit_wolf_shrinkage,full,0,V2_dickens_great_expectations_018,dickens,great_expectations,original,austen,source_verified
original_baseline_only,lda_ledoit_wolf_shrinkage,full,0,V2_dickens_great_expectations_019,dickens,great_expectations,original,dickens,source_verified
original_baseline_only,lda_ledoit_wolf_shrinkage,full,0,V2_dickens_great_expectations_020,dickens,great_expectations,original,dickens,source_verified
original_baseline_only,lda_ledoit_wolf_shrinkage,full,0,V2_poe_the_gold_bug_001,poe,the_gold_bug,original,poe,source_verified
original_baseline_only,lda_ledoit_wolf_shrinkage,full,0,V2_poe_the_gold_bug_002,poe,the_gold_bug,original,wilde,source_verified
original_baseline_only,lda_ledoit_wolf_shrinkage,full,0,V2_poe_the_gold_bug_003,poe,the_gold_bug,original,poe,source_verified
original_baseline_only,lda_ledoit_wolf_shrinkage,full,0,V2_poe_the_gold_bug_004,poe,the_gold_bug,original,wilde,source_verified
original_baseline_only,lda_ledoit_wolf_shrinkage,full,0,V2_poe_the_gold_bug_005,poe,the_gold_bug,original,dickens,source_verified
original_baseline_only,lda_ledoit_wolf_shrinkage,full,0,V2_poe_the_gold_bug_006,poe,the_gold_bug,original,poe,source_verified
original_baseline_only,lda_ledoit_wolf_shrinkage,full,0,V2_poe_the_gold_bug_007,poe,the_gold_bug,original,poe,source_verified
original_baseline_only,lda_ledoit_wolf_shrinkage,full,0,V2_poe_the_gold_bug_008,poe,the_gold_bug,original,dickens,source_verified
original_baseline_only,lda_ledoit_wolf_shrinkage,full,0,V2_poe_the_gold_bug_009,poe,the_gold_bug,original,dickens,source_verified
original_baseline_only,lda_ledoit_wolf_shrinkage,full,0,V2_poe_the_gold_bug_010,poe,the_gold_bug,original,poe,source_verified
original_baseline_only,lda_ledoit_wolf_shrinkage,full,0,V2_poe_the_gold_bug_011,poe,the_gold_bug,original,poe,source_verified
original_baseline_only,lda_ledoit_wolf_shrinkage,full,0,V2_poe_the_gold_bug_012,poe,the_gold_bug,original,poe,source_verified
original_baseline_only,lda_ledoit_wolf_shrinkage,full,0,V2_poe_the_gold_bug_013,poe,the_gold_bug,original,poe,source_verified
original_baseline_only,lda_ledoit_wolf_shrinkage,full,0,V2_poe_the_gold_bug_014,poe,the_gold_bug,original,poe,source_verified
original_baseline_only,lda_ledoit_wolf_shrinkage,full,0,V2_poe_the_gold_bug_015,poe,the_gold_bug,original,poe,source_verified
original_baseline_only,lda_ledoit_wolf_shrinkage,full,0,V2_poe_the_gold_bug_016,poe,the_gold_bug,original,poe,source_verified
original_baseline_only,lda_ledoit_wolf_shrinkage,full,0,V2_poe_the_gold_bug_017,poe,the_gold_bug,original,poe,source_verified
original_baseline_only,lda_ledoit_wolf_shrinkage,full,0,V2_poe_the_gold_bug_018,poe,the_gold_bug,original,poe,source_verified
original_baseline_only,lda_ledoit_wolf_shrinkage,full,0,V2_poe_the_gold_bug_019,poe,the_gold_bug,original,poe,source_verified
original_baseline_only,lda_ledoit_wolf_shrinkage,full,0,V2_poe_the_gold_bug_020,poe,the_gold_bug,original,poe,source_verified
original_baseline_only,lda_ledoit_wolf_shrinkage,full,0,V2_shelley_the_last_man_001,shelley,the_last_man,original,shelley,source_verified
original_baseline_only,lda_ledoit_wolf_shrinkage,full,0,V2_shelley_the_last_man_002,shelley,the_last_man,original,shelley,source_verified
original_baseline_only,lda_ledoit_wolf_shrinkage,full,0,V2_shelley_the_last_man_003,shelley,the_last_man,original,shelley,source_verified
original_baseline_only,lda_ledoit_wolf_shrinkage,full,0,V2_shelley_the_last_man_004,shelley,the_last_man,original,shelley,source_verified
original_baseline_only,lda_ledoit_wolf_shrinkage,full,0,V2_shelley_the_last_man_005,shelley,the_last_man,original,shelley,source_verified
original_baseline_only,lda_ledoit_wolf_shrinkage,full,0,V2_shelley_the_last_man_006,shelley,the_last_man,original,dickens,source_verified
original_baseline_only,lda_ledoit_wolf_shrinkage,full,0,V2_shelley_the_last_man_007,shelley,the_last_man,original,poe,source_verified
original_baseline_only,lda_ledoit_wolf_shrinkage,full,0,V2_shelley_the_last_man_008,shelley,the_last_man,original,poe,source_verified
original_baseline_only,lda_ledoit_wolf_shrinkage,full,0,V2_shelley_the_last_man_009,shelley,the_last_man,original,shelley,source_verified
original_baseline_only,lda_ledoit_wolf_shrinkage,full,0,V2_shelley_the_last_man_010,shelley,the_last_man,original,poe,source_verified
original_baseline_only,lda_ledoit_wolf_shrinkage,full,0,V2_shelley_the_last_man_011,shelley,the_last_man,original,poe,source_verified
original_baseline_only,lda_ledoit_wolf_shrinkage,full,0,V2_shelley_the_last_man_012,shelley,the_last_man,original,wilde,source_verified
original_baseline_only,lda_ledoit_wolf_shrinkage,full,0,V2_shelley_the_last_man_013,shelley,the_last_man,original,dickens,source_verified
original_baseline_only,lda_ledoit_wolf_shrinkage,full,0,V2_shelley_the_last_man_014,shelley,the_last_man,original,shelley,source_verified
original_baseline_only,lda_ledoit_wolf_shrinkage,full,0,V2_shelley_the_last_man_015,shelley,the_last_man,original,austen,source_verified
original_baseline_only,lda_ledoit_wolf_shrinkage,full,0,V2_shelley_the_last_man_016,shelley,the_last_man,original,dickens,source_verified
original_baseline_only,lda_ledoit_wolf_shrinkage,full,0,V2_shelley_the_last_man_017,shelley,the_last_man,original,poe,source_verified
original_baseline_only,lda_ledoit_wolf_shrinkage,full,0,V2_shelley_the_last_man_018,shelley,the_last_man,original,austen,source_verified
original_baseline_only,lda_ledoit_wolf_shrinkage,full,0,V2_shelley_the_last_man_019,shelley,the_last_man,original,shelley,source_verified
original_baseline_only,lda_ledoit_wolf_shrinkage,full,0,V2_shelley_the_last_man_020,shelley,the_last_man,original,shelley,source_verified
original_baseline_only,lda_ledoit_wolf_shrinkage,full,0,V2_twain_huckleberry_finn_001,twain,huckleberry_finn,original,twain,source_verified
original_baseline_only,lda_ledoit_wolf_shrinkage,full,0,V2_twain_huckleberry_finn_002,twain,huckleberry_finn,original,twain,source_verified
original_baseline_only,lda_ledoit_wolf_shrinkage,full,0,V2_twain_huckleberry_finn_003,twain,huckleberry_finn,original,twain,source_verified
original_baseline_only,lda_ledoit_wolf_shrinkage,full,0,V2_twain_huckleberry_finn_004,twain,huckleberry_finn,original,shelley,source_verified
original_baseline_only,lda_ledoit_wolf_shrinkage,full,0,V2_twain_huckleberry_finn_005,twain,huckleberry_finn,original,twain,source_verified
original_baseline_only,lda_ledoit_wolf_shrinkage,full,0,V2_twain_huckleberry_finn_006,twain,huckleberry_finn,original,twain,source_verified
original_baseline_only,lda_ledoit_wolf_shrinkage,full,0,V2_twain_huckleberry_finn_007,twain,huckleberry_finn,original,twain,source_verified
original_baseline_only,lda_ledoit_wolf_shrinkage,full,0,V2_twain_huckleberry_finn_008,twain,huckleberry_finn,original,twain,source_verified
original_baseline_only,lda_ledoit_wolf_shrinkage,full,0,V2_twain_huckleberry_finn_009,twain,huckleberry_finn,original,twain,source_verified
original_baseline_only,lda_ledoit_wolf_shrinkage,full,0,V2_twain_huckleberry_finn_010,twain,huckleberry_finn,original,twain,source_verified
original_baseline_only,lda_ledoit_wolf_shrinkage,full,0,V2_twain_huckleberry_finn_011,twain,huckleberry_finn,original,twain,source_verified
original_baseline_only,lda_ledoit_wolf_shrinkage,full,0,V2_twain_huckleberry_finn_012,twain,huckleberry_finn,original,twain,source_verified
original_baseline_only,lda_ledoit_wolf_shrinkage,full,0,V2_twain_huckleberry_finn_013,twain,huckleberry_finn,original,twain,source_verified
original_baseline_only,lda_ledoit_wolf_shrinkage,full,0,V2_twain_huckleberry_finn_014,twain,huckleberry_finn,original,twain,source_verified
original_baseline_only,lda_ledoit_wolf_shrinkage,full,0,V2_twain_huckleberry_finn_015,twain,huckleberry_finn,original,twain,source_verified
original_baseline_only,lda_ledoit_wolf_shrinkage,full,0,V2_twain_huckleberry_finn_016,twain,huckleberry_finn,original,twain,source_verified
original_baseline_only,lda_ledoit_wolf_shrinkage,full,0,V2_twain_huckleberry_finn_017,twain,huckleberry_finn,original,twain,source_verified
original_baseline_only,lda_ledoit_wolf_shrinkage,full,0,V2_twain_huckleberry_finn_018,twain,huckleberry_finn,original,twain,source_verified
original_baseline_only,lda_ledoit_wolf_shrinkage,full,0,V2_twain_huckleberry_finn_019,twain,huckleberry_finn,original,twain,source_verified
original_baseline_only,lda_ledoit_wolf_shrinkage,full,0,V2_twain_huckleberry_finn_020,twain,huckleberry_finn,original,twain,source_verified
original_baseline_only,lda_ledoit_wolf_shrinkage,full,0,V2_wilde_dorian_gray_001,wilde,dorian_gray,original,wilde,source_verified
original_baseline_only,lda_ledoit_wolf_shrinkage,full,0,V2_wilde_dorian_gray_002,wilde,dorian_gray,original,poe,source_verified
original_baseline_only,lda_ledoit_wolf_shrinkage,full,0,V2_wilde_dorian_gray_003,wilde,dorian_gray,original,wilde,source_verified
original_baseline_only,lda_ledoit_wolf_shrinkage,full,0,V2_wilde_dorian_gray_004,wilde,dorian_gray,original,wilde,source_verified
original_baseline_only,lda_ledoit_wolf_shrinkage,full,0,V2_wilde_dorian_gray_005,wilde,dorian_gray,original,austen,source_verified
original_baseline_only,lda_ledoit_wolf_shrinkage,full,0,V2_wilde_dorian_gray_006,wilde,dorian_gray,original,twain,source_verified
original_baseline_only,lda_ledoit_wolf_shrinkage,full,0,V2_wilde_dorian_gray_007,wilde,dorian_gray,original,wilde,source_verified
original_baseline_only,lda_ledoit_wolf_shrinkage,full,0,V2_wilde_dorian_gray_008,wilde,dorian_gray,original,wilde,source_verified
original_baseline_only,lda_ledoit_wolf_shrinkage,full,0,V2_wilde_dorian_gray_009,wilde,dorian_gray,original,wilde,source_verified
original_baseline_only,lda_ledoit_wolf_shrinkage,full,0,V2_wilde_dorian_gray_010,wilde,dorian_gray,original,wilde,source_verified
original_baseline_only,lda_ledoit_wolf_shrinkage,full,0,V2_wilde_dorian_gray_011,wilde,dorian_gray,original,shelley,source_verified
original_baseline_only,lda_ledoit_wolf_shrinkage,full,0,V2_wilde_dorian_gray_012,wilde,dorian_gray,original,wilde,source_verified
original_baseline_only,lda_ledoit_wolf_shrinkage,full,0,V2_wilde_dorian_gray_013,wilde,dorian_gray,original,dickens,source_verified
original_baseline_only,lda_ledoit_wolf_shrinkage,full,0,V2_wilde_dorian_gray_014,wilde,dorian_gray,original,wilde,source_verified
original_baseline_only,lda_ledoit_wolf_shrinkage,full,0,V2_wilde_dorian_gray_015,wilde,dorian_gray,original,dickens,source_verified
original_baseline_only,lda_ledoit_wolf_shrinkage,full,0,V2_wilde_dorian_gray_016,wilde,dorian_gray,original,wilde,source_verified
original_baseline_only,lda_ledoit_wolf_shrinkage,full,0,V2_wilde_dorian_gray_017,wilde,dorian_gray,original,wilde,source_verified
original_baseline_only,lda_ledoit_wolf_shrinkage,full,0,V2_wilde_dorian_gray_018,wilde,dorian_gray,original,dickens,source_verified
original_baseline_only,lda_ledoit_wolf_shrinkage,full,0,V2_wilde_dorian_gray_019,wilde,dorian_gray,original,wilde,source_verified
original_baseline_only,lda_ledoit_wolf_shrinkage,full,0,V2_wilde_dorian_gray_020,wilde,dorian_gray,original,twain,source_verified
original_baseline_only,nearest_centroid,full,1,V2_austen_persuasion_001,austen,persuasion,original,shelley,source_verified
original_baseline_only,nearest_centroid,full,1,V2_austen_persuasion_002,austen,persuasion,original,austen,source_verified
original_baseline_only,nearest_centroid,full,1,V2_austen_persuasion_003,austen,persuasion,original,austen,source_verified
original_baseline_only,nearest_centroid,full,1,V2_austen_persuasion_004,austen,persuasion,original,austen,source_verified
original_baseline_only,nearest_centroid,full,1,V2_austen_persuasion_005,austen,persuasion,original,austen,source_verified
original_baseline_only,nearest_centroid,full,1,V2_austen_persuasion_006,austen,persuasion,original,austen,source_verified
original_baseline_only,nearest_centroid,full,1,V2_austen_persuasion_007,austen,persuasion,original,austen,source_verified
original_baseline_only,nearest_centroid,full,1,V2_austen_persuasion_008,austen,persuasion,original,poe,source_verified
original_baseline_only,nearest_centroid,full,1,V2_austen_persuasion_009,austen,persuasion,original,austen,source_verified
original_baseline_only,nearest_centroid,full,1,V2_austen_persuasion_010,austen,persuasion,original,austen,source_verified
original_baseline_only,nearest_centroid,full,1,V2_austen_persuasion_011,austen,persuasion,original,austen,source_verified
original_baseline_only,nearest_centroid,full,1,V2_austen_persuasion_012,austen,persuasion,original,wilde,source_verified
original_baseline_only,nearest_centroid,full,1,V2_austen_persuasion_013,austen,persuasion,original,austen,source_verified
original_baseline_only,nearest_centroid,full,1,V2_austen_persuasion_014,austen,persuasion,original,austen,source_verified
original_baseline_only,nearest_centroid,full,1,V2_austen_persuasion_015,austen,persuasion,original,austen,source_verified
original_baseline_only,nearest_centroid,full,1,V2_austen_persuasion_016,austen,persuasion,original,dickens,source_verified
original_baseline_only,nearest_centroid,full,1,V2_austen_persuasion_017,austen,persuasion,original,austen,source_verified
original_baseline_only,nearest_centroid,full,1,V2_austen_persuasion_018,austen,persuasion,original,austen,source_verified
original_baseline_only,nearest_centroid,full,1,V2_austen_persuasion_019,austen,persuasion,original,austen,source_verified
original_baseline_only,nearest_centroid,full,1,V2_austen_persuasion_020,austen,persuasion,original,austen,source_verified
original_baseline_only,nearest_centroid,full,1,V2_dickens_a_tale_of_two_cities_001,dickens,a_tale_of_two_cities,original,wilde,source_verified
original_baseline_only,nearest_centroid,full,1,V2_dickens_a_tale_of_two_cities_002,dickens,a_tale_of_two_cities,original,dickens,source_verified
original_baseline_only,nearest_centroid,full,1,V2_dickens_a_tale_of_two_cities_003,dickens,a_tale_of_two_cities,original,dickens,source_verified
original_baseline_only,nearest_centroid,full,1,V2_dickens_a_tale_of_two_cities_004,dickens,a_tale_of_two_cities,original,wilde,source_verified
original_baseline_only,nearest_centroid,full,1,V2_dickens_a_tale_of_two_cities_005,dickens,a_tale_of_two_cities,original,dickens,source_verified
original_baseline_only,nearest_centroid,full,1,V2_dickens_a_tale_of_two_cities_006,dickens,a_tale_of_two_cities,original,wilde,source_verified
original_baseline_only,nearest_centroid,full,1,V2_dickens_a_tale_of_two_cities_007,dickens,a_tale_of_two_cities,original,wilde,source_verified
original_baseline_only,nearest_centroid,full,1,V2_dickens_a_tale_of_two_cities_008,dickens,a_tale_of_two_cities,original,dickens,source_verified
original_baseline_only,nearest_centroid,full,1,V2_dickens_a_tale_of_two_cities_009,dickens,a_tale_of_two_cities,original,wilde,source_verified
original_baseline_only,nearest_centroid,full,1,V2_dickens_a_tale_of_two_cities_010,dickens,a_tale_of_two_cities,original,dickens,source_verified
original_baseline_only,nearest_centroid,full,1,V2_dickens_a_tale_of_two_cities_011,dickens,a_tale_of_two_cities,original,dickens,source_verified
original_baseline_only,nearest_centroid,full,1,V2_dickens_a_tale_of_two_cities_012,dickens,a_tale_of_two_cities,original,wilde,source_verified
original_baseline_only,nearest_centroid,full,1,V2_dickens_a_tale_of_two_cities_013,dickens,a_tale_of_two_cities,original,wilde,source_verified
original_baseline_only,nearest_centroid,full,1,V2_dickens_a_tale_of_two_cities_014,dickens,a_tale_of_two_cities,original,shelley,source_verified
original_baseline_only,nearest_centroid,full,1,V2_dickens_a_tale_of_two_cities_015,dickens,a_tale_of_two_cities,original,wilde,source_verified
original_baseline_only,nearest_centroid,full,1,V2_dickens_a_tale_of_two_cities_016,dickens,a_tale_of_two_cities,original,dickens,source_verified
original_baseline_only,nearest_centroid,full,1,V2_dickens_a_tale_of_two_cities_017,dickens,a_tale_of_two_cities,original,poe,source_verified
original_baseline_only,nearest_centroid,full,1,V2_dickens_a_tale_of_two_cities_018,dickens,a_tale_of_two_cities,original,wilde,source_verified
original_baseline_only,nearest_centroid,full,1,V2_dickens_a_tale_of_two_cities_019,dickens,a_tale_of_two_cities,original,dickens,source_verified
original_baseline_only,nearest_centroid,full,1,V2_dickens_a_tale_of_two_cities_020,dickens,a_tale_of_two_cities,original,dickens,source_verified
original_baseline_only,nearest_centroid,full,1,V2_poe_murders_rue_morgue_001,poe,murders_rue_morgue,original,poe,source_verified
original_baseline_only,nearest_centroid,full,1,V2_poe_murders_rue_morgue_002,poe,murders_rue_morgue,original,poe,source_verified
original_baseline_only,nearest_centroid,full,1,V2_poe_murders_rue_morgue_003,poe,murders_rue_morgue,original,poe,source_verified
original_baseline_only,nearest_centroid,full,1,V2_poe_murders_rue_morgue_004,poe,murders_rue_morgue,original,poe,source_verified
original_baseline_only,nearest_centroid,full,1,V2_poe_murders_rue_morgue_005,poe,murders_rue_morgue,original,poe,source_verified
original_baseline_only,nearest_centroid,full,1,V2_poe_murders_rue_morgue_006,poe,murders_rue_morgue,original,poe,source_verified
original_baseline_only,nearest_centroid,full,1,V2_poe_murders_rue_morgue_007,poe,murders_rue_morgue,original,wilde,source_verified
original_baseline_only,nearest_centroid,full,1,V2_poe_murders_rue_morgue_008,poe,murders_rue_morgue,original,wilde,source_verified
original_baseline_only,nearest_centroid,full,1,V2_poe_murders_rue_morgue_009,poe,murders_rue_morgue,original,wilde,source_verified
original_baseline_only,nearest_centroid,full,1,V2_poe_murders_rue_morgue_010,poe,murders_rue_morgue,original,poe,source_verified
original_baseline_only,nearest_centroid,full,1,V2_poe_murders_rue_morgue_011,poe,murders_rue_morgue,original,poe,source_verified
original_baseline_only,nearest_centroid,full,1,V2_poe_murders_rue_morgue_012,poe,murders_rue_morgue,original,poe,source_verified
original_baseline_only,nearest_centroid,full,1,V2_poe_murders_rue_morgue_013,poe,murders_rue_morgue,original,poe,source_verified
original_baseline_only,nearest_centroid,full,1,V2_poe_murders_rue_morgue_014,poe,murders_rue_morgue,original,poe,source_verified
original_baseline_only,nearest_centroid,full,1,V2_poe_murders_rue_morgue_015,poe,murders_rue_morgue,original,poe,source_verified
original_baseline_only,nearest_centroid,full,1,V2_poe_murders_rue_morgue_016,poe,murders_rue_morgue,original,poe,source_verified
original_baseline_only,nearest_centroid,full,1,V2_poe_murders_rue_morgue_017,poe,murders_rue_morgue,original,poe,source_verified
original_baseline_only,nearest_centroid,full,1,V2_poe_murders_rue_morgue_018,poe,murders_rue_morgue,original,dickens,source_verified
original_baseline_only,nearest_centroid,full,1,V2_poe_murders_rue_morgue_019,poe,murders_rue_morgue,original,poe,source_verified
original_baseline_only,nearest_centroid,full,1,V2_poe_murders_rue_morgue_020,poe,murders_rue_morgue,original,poe,source_verified
original_baseline_only,nearest_centroid,full,1,V2_shelley_mathilda_001,shelley,mathilda,original,dickens,source_verified
original_baseline_only,nearest_centroid,full,1,V2_shelley_mathilda_002,shelley,mathilda,original,shelley,source_verified
original_baseline_only,nearest_centroid,full,1,V2_shelley_mathilda_003,shelley,mathilda,original,shelley,source_verified
original_baseline_only,nearest_centroid,full,1,V2_shelley_mathilda_004,shelley,mathilda,original,shelley,source_verified
original_baseline_only,nearest_centroid,full,1,V2_shelley_mathilda_005,shelley,mathilda,original,shelley,source_verified
original_baseline_only,nearest_centroid,full,1,V2_shelley_mathilda_006,shelley,mathilda,original,shelley,source_verified
original_baseline_only,nearest_centroid,full,1,V2_shelley_mathilda_007,shelley,mathilda,original,shelley,source_verified
original_baseline_only,nearest_centroid,full,1,V2_shelley_mathilda_008,shelley,mathilda,original,shelley,source_verified
original_baseline_only,nearest_centroid,full,1,V2_shelley_mathilda_009,shelley,mathilda,original,shelley,source_verified
original_baseline_only,nearest_centroid,full,1,V2_shelley_mathilda_010,shelley,mathilda,original,shelley,source_verified
original_baseline_only,nearest_centroid,full,1,V2_shelley_mathilda_011,shelley,mathilda,original,shelley,source_verified
original_baseline_only,nearest_centroid,full,1,V2_shelley_mathilda_012,shelley,mathilda,original,austen,source_verified
original_baseline_only,nearest_centroid,full,1,V2_shelley_mathilda_013,shelley,mathilda,original,shelley,source_verified
original_baseline_only,nearest_centroid,full,1,V2_shelley_mathilda_014,shelley,mathilda,original,shelley,source_verified
original_baseline_only,nearest_centroid,full,1,V2_shelley_mathilda_015,shelley,mathilda,original,shelley,source_verified
original_baseline_only,nearest_centroid,full,1,V2_shelley_mathilda_016,shelley,mathilda,original,austen,source_verified
original_baseline_only,nearest_centroid,full,1,V2_shelley_mathilda_017,shelley,mathilda,original,shelley,source_verified
original_baseline_only,nearest_centroid,full,1,V2_shelley_mathilda_018,shelley,mathilda,original,austen,source_verified
original_baseline_only,nearest_centroid,full,1,V2_shelley_mathilda_019,shelley,mathilda,original,dickens,source_verified
original_baseline_only,nearest_centroid,full,1,V2_shelley_mathilda_020,shelley,mathilda,original,shelley,source_verified
original_baseline_only,nearest_centroid,full,1,V2_twain_tom_sawyer_001,twain,tom_sawyer,original,twain,source_verified
original_baseline_only,nearest_centroid,full,1,V2_twain_tom_sawyer_002,twain,tom_sawyer,original,dickens,source_verified
original_baseline_only,nearest_centroid,full,1,V2_twain_tom_sawyer_003,twain,tom_sawyer,original,wilde,source_verified
original_baseline_only,nearest_centroid,full,1,V2_twain_tom_sawyer_004,twain,tom_sawyer,original,wilde,source_verified
original_baseline_only,nearest_centroid,full,1,V2_twain_tom_sawyer_005,twain,tom_sawyer,original,dickens,source_verified
original_baseline_only,nearest_centroid,full,1,V2_twain_tom_sawyer_006,twain,tom_sawyer,original,wilde,source_verified
original_baseline_only,nearest_centroid,full,1,V2_twain_tom_sawyer_007,twain,tom_sawyer,original,dickens,source_verified
original_baseline_only,nearest_centroid,full,1,V2_twain_tom_sawyer_008,twain,tom_sawyer,original,dickens,source_verified
original_baseline_only,nearest_centroid,full,1,V2_twain_tom_sawyer_009,twain,tom_sawyer,original,wilde,source_verified
original_baseline_only,nearest_centroid,full,1,V2_twain_tom_sawyer_010,twain,tom_sawyer,original,twain,source_verified
original_baseline_only,nearest_centroid,full,1,V2_twain_tom_sawyer_011,twain,tom_sawyer,original,twain,source_verified
original_baseline_only,nearest_centroid,full,1,V2_twain_tom_sawyer_012,twain,tom_sawyer,original,austen,source_verified
original_baseline_only,nearest_centroid,full,1,V2_twain_tom_sawyer_013,twain,tom_sawyer,original,shelley,source_verified
original_baseline_only,nearest_centroid,full,1,V2_twain_tom_sawyer_014,twain,tom_sawyer,original,twain,source_verified
original_baseline_only,nearest_centroid,full,1,V2_twain_tom_sawyer_015,twain,tom_sawyer,original,dickens,source_verified
original_baseline_only,nearest_centroid,full,1,V2_twain_tom_sawyer_016,twain,tom_sawyer,original,wilde,source_verified
original_baseline_only,nearest_centroid,full,1,V2_twain_tom_sawyer_017,twain,tom_sawyer,original,twain,source_verified
original_baseline_only,nearest_centroid,full,1,V2_twain_tom_sawyer_018,twain,tom_sawyer,original,twain,source_verified
original_baseline_only,nearest_centroid,full,1,V2_twain_tom_sawyer_019,twain,tom_sawyer,original,twain,source_verified
original_baseline_only,nearest_centroid,full,1,V2_twain_tom_sawyer_020,twain,tom_sawyer,original,twain,source_verified
original_baseline_only,nearest_centroid,full,1,V2_wilde_lord_arthur_saviles_crime_001,wilde,lord_arthur_saviles_crime,original,wilde,source_verified
original_baseline_only,nearest_centroid,full,1,V2_wilde_lord_arthur_saviles_crime_002,wilde,lord_arthur_saviles_crime,original,dickens,source_verified
original_baseline_only,nearest_centroid,full,1,V2_wilde_lord_arthur_saviles_crime_003,wilde,lord_arthur_saviles_crime,original,dickens,source_verified
original_baseline_only,nearest_centroid,full,1,V2_wilde_lord_arthur_saviles_crime_004,wilde,lord_arthur_saviles_crime,original,dickens,source_verified
original_baseline_only,nearest_centroid,full,1,V2_wilde_lord_arthur_saviles_crime_005,wilde,lord_arthur_saviles_crime,original,dickens,source_verified
original_baseline_only,nearest_centroid,full,1,V2_wilde_lord_arthur_saviles_crime_006,wilde,lord_arthur_saviles_crime,original,dickens,source_verified
original_baseline_only,nearest_centroid,full,1,V2_wilde_lord_arthur_saviles_crime_007,wilde,lord_arthur_saviles_crime,original,wilde,source_verified
original_baseline_only,nearest_centroid,full,1,V2_wilde_lord_arthur_saviles_crime_008,wilde,lord_arthur_saviles_crime,original,wilde,source_verified
original_baseline_only,nearest_centroid,full,1,V2_wilde_lord_arthur_saviles_crime_009,wilde,lord_arthur_saviles_crime,original,wilde,source_verified
original_baseline_only,nearest_centroid,full,1,V2_wilde_lord_arthur_saviles_crime_010,wilde,lord_arthur_saviles_crime,original,wilde,source_verified
original_baseline_only,nearest_centroid,full,1,V2_wilde_lord_arthur_saviles_crime_011,wilde,lord_arthur_saviles_crime,original,wilde,source_verified
original_baseline_only,nearest_centroid,full,1,V2_wilde_lord_arthur_saviles_crime_012,wilde,lord_arthur_saviles_crime,original,dickens,source_verified
original_baseline_only,nearest_centroid,full,1,V2_wilde_lord_arthur_saviles_crime_013,wilde,lord_arthur_saviles_crime,original,wilde,source_verified
original_baseline_only,nearest_centroid,full,1,V2_wilde_lord_arthur_saviles_crime_014,wilde,lord_arthur_saviles_crime,original,wilde,source_verified
original_baseline_only,nearest_centroid,full,1,V2_wilde_lord_arthur_saviles_crime_015,wilde,lord_arthur_saviles_crime,original,wilde,source_verified
original_baseline_only,nearest_centroid,full,1,V2_wilde_lord_arthur_saviles_crime_016,wilde,lord_arthur_saviles_crime,original,dickens,source_verified
original_baseline_only,nearest_centroid,full,1,V2_wilde_lord_arthur_saviles_crime_017,wilde,lord_arthur_saviles_crime,original,wilde,source_verified
original_baseline_only,nearest_centroid,full,1,V2_wilde_lord_arthur_saviles_crime_018,wilde,lord_arthur_saviles_crime,original,wilde,source_verified
original_baseline_only,nearest_centroid,full,1,V2_wilde_lord_arthur_saviles_crime_019,wilde,lord_arthur_saviles_crime,original,wilde,source_verified
original_baseline_only,nearest_centroid,full,1,V2_wilde_lord_arthur_saviles_crime_020,wilde,lord_arthur_saviles_crime,original,dickens,source_verified
original_baseline_only,gaussian_nb,full,1,V2_austen_persuasion_001,austen,persuasion,original,shelley,source_verified
original_baseline_only,gaussian_nb,full,1,V2_austen_persuasion_002,austen,persuasion,original,dickens,source_verified
original_baseline_only,gaussian_nb,full,1,V2_austen_persuasion_003,austen,persuasion,original,dickens,source_verified
original_baseline_only,gaussian_nb,full,1,V2_austen_persuasion_004,austen,persuasion,original,austen,source_verified
original_baseline_only,gaussian_nb,full,1,V2_austen_persuasion_005,austen,persuasion,original,austen,source_verified
original_baseline_only,gaussian_nb,full,1,V2_austen_persuasion_006,austen,persuasion,original,austen,source_verified
original_baseline_only,gaussian_nb,full,1,V2_austen_persuasion_007,austen,persuasion,original,austen,source_verified
original_baseline_only,gaussian_nb,full,1,V2_austen_persuasion_008,austen,persuasion,original,poe,source_verified
original_baseline_only,gaussian_nb,full,1,V2_austen_persuasion_009,austen,persuasion,original,austen,source_verified
original_baseline_only,gaussian_nb,full,1,V2_austen_persuasion_010,austen,persuasion,original,austen,source_verified
original_baseline_only,gaussian_nb,full,1,V2_austen_persuasion_011,austen,persuasion,original,shelley,source_verified
original_baseline_only,gaussian_nb,full,1,V2_austen_persuasion_012,austen,persuasion,original,shelley,source_verified
original_baseline_only,gaussian_nb,full,1,V2_austen_persuasion_013,austen,persuasion,original,austen,source_verified
original_baseline_only,gaussian_nb,full,1,V2_austen_persuasion_014,austen,persuasion,original,austen,source_verified
original_baseline_only,gaussian_nb,full,1,V2_austen_persuasion_015,austen,persuasion,original,austen,source_verified
original_baseline_only,gaussian_nb,full,1,V2_austen_persuasion_016,austen,persuasion,original,dickens,source_verified
original_baseline_only,gaussian_nb,full,1,V2_austen_persuasion_017,austen,persuasion,original,austen,source_verified
original_baseline_only,gaussian_nb,full,1,V2_austen_persuasion_018,austen,persuasion,original,austen,source_verified
original_baseline_only,gaussian_nb,full,1,V2_austen_persuasion_019,austen,persuasion,original,austen,source_verified
original_baseline_only,gaussian_nb,full,1,V2_austen_persuasion_020,austen,persuasion,original,shelley,source_verified
original_baseline_only,gaussian_nb,full,1,V2_dickens_a_tale_of_two_cities_001,dickens,a_tale_of_two_cities,original,wilde,source_verified
original_baseline_only,gaussian_nb,full,1,V2_dickens_a_tale_of_two_cities_002,dickens,a_tale_of_two_cities,original,dickens,source_verified
original_baseline_only,gaussian_nb,full,1,V2_dickens_a_tale_of_two_cities_003,dickens,a_tale_of_two_cities,original,dickens,source_verified
original_baseline_only,gaussian_nb,full,1,V2_dickens_a_tale_of_two_cities_004,dickens,a_tale_of_two_cities,original,dickens,source_verified
original_baseline_only,gaussian_nb,full,1,V2_dickens_a_tale_of_two_cities_005,dickens,a_tale_of_two_cities,original,dickens,source_verified
original_baseline_only,gaussian_nb,full,1,V2_dickens_a_tale_of_two_cities_006,dickens,a_tale_of_two_cities,original,wilde,source_verified
original_baseline_only,gaussian_nb,full,1,V2_dickens_a_tale_of_two_cities_007,dickens,a_tale_of_two_cities,original,wilde,source_verified
original_baseline_only,gaussian_nb,full,1,V2_dickens_a_tale_of_two_cities_008,dickens,a_tale_of_two_cities,original,dickens,source_verified
original_baseline_only,gaussian_nb,full,1,V2_dickens_a_tale_of_two_cities_009,dickens,a_tale_of_two_cities,original,dickens,source_verified
original_baseline_only,gaussian_nb,full,1,V2_dickens_a_tale_of_two_cities_010,dickens,a_tale_of_two_cities,original,dickens,source_verified
original_baseline_only,gaussian_nb,full,1,V2_dickens_a_tale_of_two_cities_011,dickens,a_tale_of_two_cities,original,dickens,source_verified
original_baseline_only,gaussian_nb,full,1,V2_dickens_a_tale_of_two_cities_012,dickens,a_tale_of_two_cities,original,shelley,source_verified
original_baseline_only,gaussian_nb,full,1,V2_dickens_a_tale_of_two_cities_013,dickens,a_tale_of_two_cities,original,wilde,source_verified
original_baseline_only,gaussian_nb,full,1,V2_dickens_a_tale_of_two_cities_014,dickens,a_tale_of_two_cities,original,shelley,source_verified
original_baseline_only,gaussian_nb,full,1,V2_dickens_a_tale_of_two_cities_015,dickens,a_tale_of_two_cities,original,wilde,source_verified
original_baseline_only,gaussian_nb,full,1,V2_dickens_a_tale_of_two_cities_016,dickens,a_tale_of_two_cities,original,dickens,source_verified
original_baseline_only,gaussian_nb,full,1,V2_dickens_a_tale_of_two_cities_017,dickens,a_tale_of_two_cities,original,poe,source_verified
original_baseline_only,gaussian_nb,full,1,V2_dickens_a_tale_of_two_cities_018,dickens,a_tale_of_two_cities,original,wilde,source_verified
original_baseline_only,gaussian_nb,full,1,V2_dickens_a_tale_of_two_cities_019,dickens,a_tale_of_two_cities,original,wilde,source_verified
original_baseline_only,gaussian_nb,full,1,V2_dickens_a_tale_of_two_cities_020,dickens,a_tale_of_two_cities,original,dickens,source_verified
original_baseline_only,gaussian_nb,full,1,V2_poe_murders_rue_morgue_001,poe,murders_rue_morgue,original,poe,source_verified
original_baseline_only,gaussian_nb,full,1,V2_poe_murders_rue_morgue_002,poe,murders_rue_morgue,original,poe,source_verified
original_baseline_only,gaussian_nb,full,1,V2_poe_murders_rue_morgue_003,poe,murders_rue_morgue,original,poe,source_verified
original_baseline_only,gaussian_nb,full,1,V2_poe_murders_rue_morgue_004,poe,murders_rue_morgue,original,poe,source_verified
original_baseline_only,gaussian_nb,full,1,V2_poe_murders_rue_morgue_005,poe,murders_rue_morgue,original,poe,source_verified
original_baseline_only,gaussian_nb,full,1,V2_poe_murders_rue_morgue_006,poe,murders_rue_morgue,original,poe,source_verified
original_baseline_only,gaussian_nb,full,1,V2_poe_murders_rue_morgue_007,poe,murders_rue_morgue,original,dickens,source_verified
original_baseline_only,gaussian_nb,full,1,V2_poe_murders_rue_morgue_008,poe,murders_rue_morgue,original,wilde,source_verified
original_baseline_only,gaussian_nb,full,1,V2_poe_murders_rue_morgue_009,poe,murders_rue_morgue,original,poe,source_verified
original_baseline_only,gaussian_nb,full,1,V2_poe_murders_rue_morgue_010,poe,murders_rue_morgue,original,poe,source_verified
original_baseline_only,gaussian_nb,full,1,V2_poe_murders_rue_morgue_011,poe,murders_rue_morgue,original,poe,source_verified
original_baseline_only,gaussian_nb,full,1,V2_poe_murders_rue_morgue_012,poe,murders_rue_morgue,original,poe,source_verified
original_baseline_only,gaussian_nb,full,1,V2_poe_murders_rue_morgue_013,poe,murders_rue_morgue,original,poe,source_verified
original_baseline_only,gaussian_nb,full,1,V2_poe_murders_rue_morgue_014,poe,murders_rue_morgue,original,poe,source_verified
original_baseline_only,gaussian_nb,full,1,V2_poe_murders_rue_morgue_015,poe,murders_rue_morgue,original,poe,source_verified
original_baseline_only,gaussian_nb,full,1,V2_poe_murders_rue_morgue_016,poe,murders_rue_morgue,original,poe,source_verified
original_baseline_only,gaussian_nb,full,1,V2_poe_murders_rue_morgue_017,poe,murders_rue_morgue,original,poe,source_verified
original_baseline_only,gaussian_nb,full,1,V2_poe_murders_rue_morgue_018,poe,murders_rue_morgue,original,poe,source_verified
original_baseline_only,gaussian_nb,full,1,V2_poe_murders_rue_morgue_019,poe,murders_rue_morgue,original,poe,source_verified
original_baseline_only,gaussian_nb,full,1,V2_poe_murders_rue_morgue_020,poe,murders_rue_morgue,original,wilde,source_verified
original_baseline_only,gaussian_nb,full,1,V2_shelley_mathilda_001,shelley,mathilda,original,dickens,source_verified
original_baseline_only,gaussian_nb,full,1,V2_shelley_mathilda_002,shelley,mathilda,original,shelley,source_verified
original_baseline_only,gaussian_nb,full,1,V2_shelley_mathilda_003,shelley,mathilda,original,shelley,source_verified
original_baseline_only,gaussian_nb,full,1,V2_shelley_mathilda_004,shelley,mathilda,original,shelley,source_verified
original_baseline_only,gaussian_nb,full,1,V2_shelley_mathilda_005,shelley,mathilda,original,shelley,source_verified
original_baseline_only,gaussian_nb,full,1,V2_shelley_mathilda_006,shelley,mathilda,original,shelley,source_verified
original_baseline_only,gaussian_nb,full,1,V2_shelley_mathilda_007,shelley,mathilda,original,shelley,source_verified
original_baseline_only,gaussian_nb,full,1,V2_shelley_mathilda_008,shelley,mathilda,original,shelley,source_verified
original_baseline_only,gaussian_nb,full,1,V2_shelley_mathilda_009,shelley,mathilda,original,dickens,source_verified
original_baseline_only,gaussian_nb,full,1,V2_shelley_mathilda_010,shelley,mathilda,original,shelley,source_verified
original_baseline_only,gaussian_nb,full,1,V2_shelley_mathilda_011,shelley,mathilda,original,shelley,source_verified
original_baseline_only,gaussian_nb,full,1,V2_shelley_mathilda_012,shelley,mathilda,original,dickens,source_verified
original_baseline_only,gaussian_nb,full,1,V2_shelley_mathilda_013,shelley,mathilda,original,shelley,source_verified
original_baseline_only,gaussian_nb,full,1,V2_shelley_mathilda_014,shelley,mathilda,original,shelley,source_verified
original_baseline_only,gaussian_nb,full,1,V2_shelley_mathilda_015,shelley,mathilda,original,dickens,source_verified
original_baseline_only,gaussian_nb,full,1,V2_shelley_mathilda_016,shelley,mathilda,original,dickens,source_verified
original_baseline_only,gaussian_nb,full,1,V2_shelley_mathilda_017,shelley,mathilda,original,shelley,source_verified
original_baseline_only,gaussian_nb,full,1,V2_shelley_mathilda_018,shelley,mathilda,original,dickens,source_verified
original_baseline_only,gaussian_nb,full,1,V2_shelley_mathilda_019,shelley,mathilda,original,twain,source_verified
original_baseline_only,gaussian_nb,full,1,V2_shelley_mathilda_020,shelley,mathilda,original,shelley,source_verified
original_baseline_only,gaussian_nb,full,1,V2_twain_tom_sawyer_001,twain,tom_sawyer,original,twain,source_verified
original_baseline_only,gaussian_nb,full,1,V2_twain_tom_sawyer_002,twain,tom_sawyer,original,dickens,source_verified
original_baseline_only,gaussian_nb,full,1,V2_twain_tom_sawyer_003,twain,tom_sawyer,original,dickens,source_verified
original_baseline_only,gaussian_nb,full,1,V2_twain_tom_sawyer_004,twain,tom_sawyer,original,dickens,source_verified
original_baseline_only,gaussian_nb,full,1,V2_twain_tom_sawyer_005,twain,tom_sawyer,original,dickens,source_verified
original_baseline_only,gaussian_nb,full,1,V2_twain_tom_sawyer_006,twain,tom_sawyer,original,dickens,source_verified
original_baseline_only,gaussian_nb,full,1,V2_twain_tom_sawyer_007,twain,tom_sawyer,original,dickens,source_verified
original_baseline_only,gaussian_nb,full,1,V2_twain_tom_sawyer_008,twain,tom_sawyer,original,dickens,source_verified
original_baseline_only,gaussian_nb,full,1,V2_twain_tom_sawyer_009,twain,tom_sawyer,original,wilde,source_verified
original_baseline_only,gaussian_nb,full,1,V2_twain_tom_sawyer_010,twain,tom_sawyer,original,twain,source_verified
original_baseline_only,gaussian_nb,full,1,V2_twain_tom_sawyer_011,twain,tom_sawyer,original,dickens,source_verified
original_baseline_only,gaussian_nb,full,1,V2_twain_tom_sawyer_012,twain,tom_sawyer,original,dickens,source_verified
original_baseline_only,gaussian_nb,full,1,V2_twain_tom_sawyer_013,twain,tom_sawyer,original,shelley,source_verified
original_baseline_only,gaussian_nb,full,1,V2_twain_tom_sawyer_014,twain,tom_sawyer,original,twain,source_verified
original_baseline_only,gaussian_nb,full,1,V2_twain_tom_sawyer_015,twain,tom_sawyer,original,dickens,source_verified
original_baseline_only,gaussian_nb,full,1,V2_twain_tom_sawyer_016,twain,tom_sawyer,original,wilde,source_verified
original_baseline_only,gaussian_nb,full,1,V2_twain_tom_sawyer_017,twain,tom_sawyer,original,dickens,source_verified
original_baseline_only,gaussian_nb,full,1,V2_twain_tom_sawyer_018,twain,tom_sawyer,original,twain,source_verified
original_baseline_only,gaussian_nb,full,1,V2_twain_tom_sawyer_019,twain,tom_sawyer,original,twain,source_verified
original_baseline_only,gaussian_nb,full,1,V2_twain_tom_sawyer_020,twain,tom_sawyer,original,twain,source_verified
original_baseline_only,gaussian_nb,full,1,V2_wilde_lord_arthur_saviles_crime_001,wilde,lord_arthur_saviles_crime,original,wilde,source_verified
original_baseline_only,gaussian_nb,full,1,V2_wilde_lord_arthur_saviles_crime_002,wilde,lord_arthur_saviles_crime,original,dickens,source_verified
original_baseline_only,gaussian_nb,full,1,V2_wilde_lord_arthur_saviles_crime_003,wilde,lord_arthur_saviles_crime,original,dickens,source_verified
original_baseline_only,gaussian_nb,full,1,V2_wilde_lord_arthur_saviles_crime_004,wilde,lord_arthur_saviles_crime,original,dickens,source_verified
original_baseline_only,gaussian_nb,full,1,V2_wilde_lord_arthur_saviles_crime_005,wilde,lord_arthur_saviles_crime,original,dickens,source_verified
original_baseline_only,gaussian_nb,full,1,V2_wilde_lord_arthur_saviles_crime_006,wilde,lord_arthur_saviles_crime,original,dickens,source_verified
original_baseline_only,gaussian_nb,full,1,V2_wilde_lord_arthur_saviles_crime_007,wilde,lord_arthur_saviles_crime,original,wilde,source_verified
original_baseline_only,gaussian_nb,full,1,V2_wilde_lord_arthur_saviles_crime_008,wilde,lord_arthur_saviles_crime,original,wilde,source_verified
original_baseline_only,gaussian_nb,full,1,V2_wilde_lord_arthur_saviles_crime_009,wilde,lord_arthur_saviles_crime,original,dickens,source_verified
original_baseline_only,gaussian_nb,full,1,V2_wilde_lord_arthur_saviles_crime_010,wilde,lord_arthur_saviles_crime,original,wilde,source_verified
original_baseline_only,gaussian_nb,full,1,V2_wilde_lord_arthur_saviles_crime_011,wilde,lord_arthur_saviles_crime,original,wilde,source_verified
original_baseline_only,gaussian_nb,full,1,V2_wilde_lord_arthur_saviles_crime_012,wilde,lord_arthur_saviles_crime,original,dickens,source_verified
original_baseline_only,gaussian_nb,full,1,V2_wilde_lord_arthur_saviles_crime_013,wilde,lord_arthur_saviles_crime,original,dickens,source_verified
original_baseline_only,gaussian_nb,full,1,V2_wilde_lord_arthur_saviles_crime_014,wilde,lord_arthur_saviles_crime,original,shelley,source_verified
original_baseline_only,gaussian_nb,full,1,V2_wilde_lord_arthur_saviles_crime_015,wilde,lord_arthur_saviles_crime,original,dickens,source_verified
original_baseline_only,gaussian_nb,full,1,V2_wilde_lord_arthur_saviles_crime_016,wilde,lord_arthur_saviles_crime,original,dickens,source_verified
original_baseline_only,gaussian_nb,full,1,V2_wilde_lord_arthur_saviles_crime_017,wilde,lord_arthur_saviles_crime,original,wilde,source_verified
original_baseline_only,gaussian_nb,full,1,V2_wilde_lord_arthur_saviles_crime_018,wilde,lord_arthur_saviles_crime,original,wilde,source_verified
original_baseline_only,gaussian_nb,full,1,V2_wilde_lord_arthur_saviles_crime_019,wilde,lord_arthur_saviles_crime,original,wilde,source_verified
original_baseline_only,gaussian_nb,full,1,V2_wilde_lord_arthur_saviles_crime_020,wilde,lord_arthur_saviles_crime,original,dickens,source_verified
original_baseline_only,lda_ledoit_wolf_shrinkage,full,1,V2_austen_persuasion_001,austen,persuasion,original,dickens,source_verified
original_baseline_only,lda_ledoit_wolf_shrinkage,full,1,V2_austen_persuasion_002,austen,persuasion,original,dickens,source_verified
original_baseline_only,lda_ledoit_wolf_shrinkage,full,1,V2_austen_persuasion_003,austen,persuasion,original,austen,source_verified
original_baseline_only,lda_ledoit_wolf_shrinkage,full,1,V2_austen_persuasion_004,austen,persuasion,original,austen,source_verified
original_baseline_only,lda_ledoit_wolf_shrinkage,full,1,V2_austen_persuasion_005,austen,persuasion,original,austen,source_verified
original_baseline_only,lda_ledoit_wolf_shrinkage,full,1,V2_austen_persuasion_006,austen,persuasion,original,dickens,source_verified
original_baseline_only,lda_ledoit_wolf_shrinkage,full,1,V2_austen_persuasion_007,austen,persuasion,original,austen,source_verified
original_baseline_only,lda_ledoit_wolf_shrinkage,full,1,V2_austen_persuasion_008,austen,persuasion,original,dickens,source_verified
original_baseline_only,lda_ledoit_wolf_shrinkage,full,1,V2_austen_persuasion_009,austen,persuasion,original,austen,source_verified
original_baseline_only,lda_ledoit_wolf_shrinkage,full,1,V2_austen_persuasion_010,austen,persuasion,original,austen,source_verified
original_baseline_only,lda_ledoit_wolf_shrinkage,full,1,V2_austen_persuasion_011,austen,persuasion,original,austen,source_verified
original_baseline_only,lda_ledoit_wolf_shrinkage,full,1,V2_austen_persuasion_012,austen,persuasion,original,austen,source_verified
original_baseline_only,lda_ledoit_wolf_shrinkage,full,1,V2_austen_persuasion_013,austen,persuasion,original,austen,source_verified
original_baseline_only,lda_ledoit_wolf_shrinkage,full,1,V2_austen_persuasion_014,austen,persuasion,original,austen,source_verified
original_baseline_only,lda_ledoit_wolf_shrinkage,full,1,V2_austen_persuasion_015,austen,persuasion,original,austen,source_verified
original_baseline_only,lda_ledoit_wolf_shrinkage,full,1,V2_austen_persuasion_016,austen,persuasion,original,dickens,source_verified
original_baseline_only,lda_ledoit_wolf_shrinkage,full,1,V2_austen_persuasion_017,austen,persuasion,original,austen,source_verified
original_baseline_only,lda_ledoit_wolf_shrinkage,full,1,V2_austen_persuasion_018,austen,persuasion,original,austen,source_verified
original_baseline_only,lda_ledoit_wolf_shrinkage,full,1,V2_austen_persuasion_019,austen,persuasion,original,austen,source_verified
original_baseline_only,lda_ledoit_wolf_shrinkage,full,1,V2_austen_persuasion_020,austen,persuasion,original,austen,source_verified
original_baseline_only,lda_ledoit_wolf_shrinkage,full,1,V2_dickens_a_tale_of_two_cities_001,dickens,a_tale_of_two_cities,original,wilde,source_verified
original_baseline_only,lda_ledoit_wolf_shrinkage,full,1,V2_dickens_a_tale_of_two_cities_002,dickens,a_tale_of_two_cities,original,dickens,source_verified
original_baseline_only,lda_ledoit_wolf_shrinkage,full,1,V2_dickens_a_tale_of_two_cities_003,dickens,a_tale_of_two_cities,original,dickens,source_verified
original_baseline_only,lda_ledoit_wolf_shrinkage,full,1,V2_dickens_a_tale_of_two_cities_004,dickens,a_tale_of_two_cities,original,dickens,source_verified
original_baseline_only,lda_ledoit_wolf_shrinkage,full,1,V2_dickens_a_tale_of_two_cities_005,dickens,a_tale_of_two_cities,original,dickens,source_verified
original_baseline_only,lda_ledoit_wolf_shrinkage,full,1,V2_dickens_a_tale_of_two_cities_006,dickens,a_tale_of_two_cities,original,wilde,source_verified
original_baseline_only,lda_ledoit_wolf_shrinkage,full,1,V2_dickens_a_tale_of_two_cities_007,dickens,a_tale_of_two_cities,original,wilde,source_verified
original_baseline_only,lda_ledoit_wolf_shrinkage,full,1,V2_dickens_a_tale_of_two_cities_008,dickens,a_tale_of_two_cities,original,dickens,source_verified
original_baseline_only,lda_ledoit_wolf_shrinkage,full,1,V2_dickens_a_tale_of_two_cities_009,dickens,a_tale_of_two_cities,original,wilde,source_verified
original_baseline_only,lda_ledoit_wolf_shrinkage,full,1,V2_dickens_a_tale_of_two_cities_010,dickens,a_tale_of_two_cities,original,dickens,source_verified
original_baseline_only,lda_ledoit_wolf_shrinkage,full,1,V2_dickens_a_tale_of_two_cities_011,dickens,a_tale_of_two_cities,original,dickens,source_verified
original_baseline_only,lda_ledoit_wolf_shrinkage,full,1,V2_dickens_a_tale_of_two_cities_012,dickens,a_tale_of_two_cities,original,dickens,source_verified
original_baseline_only,lda_ledoit_wolf_shrinkage,full,1,V2_dickens_a_tale_of_two_cities_013,dickens,a_tale_of_two_cities,original,dickens,source_verified
original_baseline_only,lda_ledoit_wolf_shrinkage,full,1,V2_dickens_a_tale_of_two_cities_014,dickens,a_tale_of_two_cities,original,twain,source_verified
original_baseline_only,lda_ledoit_wolf_shrinkage,full,1,V2_dickens_a_tale_of_two_cities_015,dickens,a_tale_of_two_cities,original,wilde,source_verified
original_baseline_only,lda_ledoit_wolf_shrinkage,full,1,V2_dickens_a_tale_of_two_cities_016,dickens,a_tale_of_two_cities,original,dickens,source_verified
original_baseline_only,lda_ledoit_wolf_shrinkage,full,1,V2_dickens_a_tale_of_two_cities_017,dickens,a_tale_of_two_cities,original,poe,source_verified
original_baseline_only,lda_ledoit_wolf_shrinkage,full,1,V2_dickens_a_tale_of_two_cities_018,dickens,a_tale_of_two_cities,original,wilde,source_verified
original_baseline_only,lda_ledoit_wolf_shrinkage,full,1,V2_dickens_a_tale_of_two_cities_019,dickens,a_tale_of_two_cities,original,wilde,source_verified
original_baseline_only,lda_ledoit_wolf_shrinkage,full,1,V2_dickens_a_tale_of_two_cities_020,dickens,a_tale_of_two_cities,original,dickens,source_verified
original_baseline_only,lda_ledoit_wolf_shrinkage,full,1,V2_poe_murders_rue_morgue_001,poe,murders_rue_morgue,original,poe,source_verified
original_baseline_only,lda_ledoit_wolf_shrinkage,full,1,V2_poe_murders_rue_morgue_002,poe,murders_rue_morgue,original,poe,source_verified
original_baseline_only,lda_ledoit_wolf_shrinkage,full,1,V2_poe_murders_rue_morgue_003,poe,murders_rue_morgue,original,poe,source_verified
original_baseline_only,lda_ledoit_wolf_shrinkage,full,1,V2_poe_murders_rue_morgue_004,poe,murders_rue_morgue,original,poe,source_verified
original_baseline_only,lda_ledoit_wolf_shrinkage,full,1,V2_poe_murders_rue_morgue_005,poe,murders_rue_morgue,original,poe,source_verified
original_baseline_only,lda_ledoit_wolf_shrinkage,full,1,V2_poe_murders_rue_morgue_006,poe,murders_rue_morgue,original,poe,source_verified
original_baseline_only,lda_ledoit_wolf_shrinkage,full,1,V2_poe_murders_rue_morgue_007,poe,murders_rue_morgue,original,austen,source_verified
original_baseline_only,lda_ledoit_wolf_shrinkage,full,1,V2_poe_murders_rue_morgue_008,poe,murders_rue_morgue,original,wilde,source_verified
original_baseline_only,lda_ledoit_wolf_shrinkage,full,1,V2_poe_murders_rue_morgue_009,poe,murders_rue_morgue,original,wilde,source_verified
original_baseline_only,lda_ledoit_wolf_shrinkage,full,1,V2_poe_murders_rue_morgue_010,poe,murders_rue_morgue,original,poe,source_verified
original_baseline_only,lda_ledoit_wolf_shrinkage,full,1,V2_poe_murders_rue_morgue_011,poe,murders_rue_morgue,original,poe,source_verified
original_baseline_only,lda_ledoit_wolf_shrinkage,full,1,V2_poe_murders_rue_morgue_012,poe,murders_rue_morgue,original,poe,source_verified
original_baseline_only,lda_ledoit_wolf_shrinkage,full,1,V2_poe_murders_rue_morgue_013,poe,murders_rue_morgue,original,wilde,source_verified
original_baseline_only,lda_ledoit_wolf_shrinkage,full,1,V2_poe_murders_rue_morgue_014,poe,murders_rue_morgue,original,poe,source_verified
original_baseline_only,lda_ledoit_wolf_shrinkage,full,1,V2_poe_murders_rue_morgue_015,poe,murders_rue_morgue,original,poe,source_verified
original_baseline_only,lda_ledoit_wolf_shrinkage,full,1,V2_poe_murders_rue_morgue_016,poe,murders_rue_morgue,original,poe,source_verified
original_baseline_only,lda_ledoit_wolf_shrinkage,full,1,V2_poe_murders_rue_morgue_017,poe,murders_rue_morgue,original,poe,source_verified
original_baseline_only,lda_ledoit_wolf_shrinkage,full,1,V2_poe_murders_rue_morgue_018,poe,murders_rue_morgue,original,poe,source_verified
original_baseline_only,lda_ledoit_wolf_shrinkage,full,1,V2_poe_murders_rue_morgue_019,poe,murders_rue_morgue,original,poe,source_verified
original_baseline_only,lda_ledoit_wolf_shrinkage,full,1,V2_poe_murders_rue_morgue_020,poe,murders_rue_morgue,original,poe,source_verified
original_baseline_only,lda_ledoit_wolf_shrinkage,full,1,V2_shelley_mathilda_001,shelley,mathilda,original,shelley,source_verified
original_baseline_only,lda_ledoit_wolf_shrinkage,full,1,V2_shelley_mathilda_002,shelley,mathilda,original,shelley,source_verified
original_baseline_only,lda_ledoit_wolf_shrinkage,full,1,V2_shelley_mathilda_003,shelley,mathilda,original,austen,source_verified
original_baseline_only,lda_ledoit_wolf_shrinkage,full,1,V2_shelley_mathilda_004,shelley,mathilda,original,shelley,source_verified
original_baseline_only,lda_ledoit_wolf_shrinkage,full,1,V2_shelley_mathilda_005,shelley,mathilda,original,shelley,source_verified
original_baseline_only,lda_ledoit_wolf_shrinkage,full,1,V2_shelley_mathilda_006,shelley,mathilda,original,shelley,source_verified
original_baseline_only,lda_ledoit_wolf_shrinkage,full,1,V2_shelley_mathilda_007,shelley,mathilda,original,shelley,source_verified
original_baseline_only,lda_ledoit_wolf_shrinkage,full,1,V2_shelley_mathilda_008,shelley,mathilda,original,shelley,source_verified
original_baseline_only,lda_ledoit_wolf_shrinkage,full,1,V2_shelley_mathilda_009,shelley,mathilda,original,shelley,source_verified
original_baseline_only,lda_ledoit_wolf_shrinkage,full,1,V2_shelley_mathilda_010,shelley,mathilda,original,shelley,source_verified
original_baseline_only,lda_ledoit_wolf_shrinkage,full,1,V2_shelley_mathilda_011,shelley,mathilda,original,shelley,source_verified
original_baseline_only,lda_ledoit_wolf_shrinkage,full,1,V2_shelley_mathilda_012,shelley,mathilda,original,shelley,source_verified
original_baseline_only,lda_ledoit_wolf_shrinkage,full,1,V2_shelley_mathilda_013,shelley,mathilda,original,shelley,source_verified
original_baseline_only,lda_ledoit_wolf_shrinkage,full,1,V2_shelley_mathilda_014,shelley,mathilda,original,shelley,source_verified
original_baseline_only,lda_ledoit_wolf_shrinkage,full,1,V2_shelley_mathilda_015,shelley,mathilda,original,shelley,source_verified
original_baseline_only,lda_ledoit_wolf_shrinkage,full,1,V2_shelley_mathilda_016,shelley,mathilda,original,austen,source_verified
original_baseline_only,lda_ledoit_wolf_shrinkage,full,1,V2_shelley_mathilda_017,shelley,mathilda,original,shelley,source_verified
original_baseline_only,lda_ledoit_wolf_shrinkage,full,1,V2_shelley_mathilda_018,shelley,mathilda,original,shelley,source_verified
original_baseline_only,lda_ledoit_wolf_shrinkage,full,1,V2_shelley_mathilda_019,shelley,mathilda,original,shelley,source_verified
original_baseline_only,lda_ledoit_wolf_shrinkage,full,1,V2_shelley_mathilda_020,shelley,mathilda,original,shelley,source_verified
original_baseline_only,lda_ledoit_wolf_shrinkage,full,1,V2_twain_tom_sawyer_001,twain,tom_sawyer,original,twain,source_verified
original_baseline_only,lda_ledoit_wolf_shrinkage,full,1,V2_twain_tom_sawyer_002,twain,tom_sawyer,original,twain,source_verified
original_baseline_only,lda_ledoit_wolf_shrinkage,full,1,V2_twain_tom_sawyer_003,twain,tom_sawyer,original,twain,source_verified
original_baseline_only,lda_ledoit_wolf_shrinkage,full,1,V2_twain_tom_sawyer_004,twain,tom_sawyer,original,dickens,source_verified
original_baseline_only,lda_ledoit_wolf_shrinkage,full,1,V2_twain_tom_sawyer_005,twain,tom_sawyer,original,dickens,source_verified
original_baseline_only,lda_ledoit_wolf_shrinkage,full,1,V2_twain_tom_sawyer_006,twain,tom_sawyer,original,dickens,source_verified
original_baseline_only,lda_ledoit_wolf_shrinkage,full,1,V2_twain_tom_sawyer_007,twain,tom_sawyer,original,dickens,source_verified
original_baseline_only,lda_ledoit_wolf_shrinkage,full,1,V2_twain_tom_sawyer_008,twain,tom_sawyer,original,wilde,source_verified
original_baseline_only,lda_ledoit_wolf_shrinkage,full,1,V2_twain_tom_sawyer_009,twain,tom_sawyer,original,twain,source_verified
original_baseline_only,lda_ledoit_wolf_shrinkage,full,1,V2_twain_tom_sawyer_010,twain,tom_sawyer,original,twain,source_verified
original_baseline_only,lda_ledoit_wolf_shrinkage,full,1,V2_twain_tom_sawyer_011,twain,tom_sawyer,original,twain,source_verified
original_baseline_only,lda_ledoit_wolf_shrinkage,full,1,V2_twain_tom_sawyer_012,twain,tom_sawyer,original,dickens,source_verified
original_baseline_only,lda_ledoit_wolf_shrinkage,full,1,V2_twain_tom_sawyer_013,twain,tom_sawyer,original,shelley,source_verified
original_baseline_only,lda_ledoit_wolf_shrinkage,full,1,V2_twain_tom_sawyer_014,twain,tom_sawyer,original,twain,source_verified
original_baseline_only,lda_ledoit_wolf_shrinkage,full,1,V2_twain_tom_sawyer_015,twain,tom_sawyer,original,dickens,source_verified
original_baseline_only,lda_ledoit_wolf_shrinkage,full,1,V2_twain_tom_sawyer_016,twain,tom_sawyer,original,wilde,source_verified
original_baseline_only,lda_ledoit_wolf_shrinkage,full,1,V2_twain_tom_sawyer_017,twain,tom_sawyer,original,wilde,source_verified
original_baseline_only,lda_ledoit_wolf_shrinkage,full,1,V2_twain_tom_sawyer_018,twain,tom_sawyer,original,twain,source_verified
original_baseline_only,lda_ledoit_wolf_shrinkage,full,1,V2_twain_tom_sawyer_019,twain,tom_sawyer,original,twain,source_verified
original_baseline_only,lda_ledoit_wolf_shrinkage,full,1,V2_twain_tom_sawyer_020,twain,tom_sawyer,original,twain,source_verified
original_baseline_only,lda_ledoit_wolf_shrinkage,full,1,V2_wilde_lord_arthur_saviles_crime_001,wilde,lord_arthur_saviles_crime,original,wilde,source_verified
original_baseline_only,lda_ledoit_wolf_shrinkage,full,1,V2_wilde_lord_arthur_saviles_crime_002,wilde,lord_arthur_saviles_crime,original,dickens,source_verified
original_baseline_only,lda_ledoit_wolf_shrinkage,full,1,V2_wilde_lord_arthur_saviles_crime_003,wilde,lord_arthur_saviles_crime,original,dickens,source_verified
original_baseline_only,lda_ledoit_wolf_shrinkage,full,1,V2_wilde_lord_arthur_saviles_crime_004,wilde,lord_arthur_saviles_crime,original,dickens,source_verified
original_baseline_only,lda_ledoit_wolf_shrinkage,full,1,V2_wilde_lord_arthur_saviles_crime_005,wilde,lord_arthur_saviles_crime,original,wilde,source_verified
original_baseline_only,lda_ledoit_wolf_shrinkage,full,1,V2_wilde_lord_arthur_saviles_crime_006,wilde,lord_arthur_saviles_crime,original,wilde,source_verified
original_baseline_only,lda_ledoit_wolf_shrinkage,full,1,V2_wilde_lord_arthur_saviles_crime_007,wilde,lord_arthur_saviles_crime,original,wilde,source_verified
original_baseline_only,lda_ledoit_wolf_shrinkage,full,1,V2_wilde_lord_arthur_saviles_crime_008,wilde,lord_arthur_saviles_crime,original,wilde,source_verified
original_baseline_only,lda_ledoit_wolf_shrinkage,full,1,V2_wilde_lord_arthur_saviles_crime_009,wilde,lord_arthur_saviles_crime,original,wilde,source_verified
original_baseline_only,lda_ledoit_wolf_shrinkage,full,1,V2_wilde_lord_arthur_saviles_crime_010,wilde,lord_arthur_saviles_crime,original,wilde,source_verified
original_baseline_only,lda_ledoit_wolf_shrinkage,full,1,V2_wilde_lord_arthur_saviles_crime_011,wilde,lord_arthur_saviles_crime,original,wilde,source_verified
original_baseline_only,lda_ledoit_wolf_shrinkage,full,1,V2_wilde_lord_arthur_saviles_crime_012,wilde,lord_arthur_saviles_crime,original,dickens,source_verified
original_baseline_only,lda_ledoit_wolf_shrinkage,full,1,V2_wilde_lord_arthur_saviles_crime_013,wilde,lord_arthur_saviles_crime,original,wilde,source_verified
original_baseline_only,lda_ledoit_wolf_shrinkage,full,1,V2_wilde_lord_arthur_saviles_crime_014,wilde,lord_arthur_saviles_crime,original,wilde,source_verified
original_baseline_only,lda_ledoit_wolf_shrinkage,full,1,V2_wilde_lord_arthur_saviles_crime_015,wilde,lord_arthur_saviles_crime,original,wilde,source_verified
original_baseline_only,lda_ledoit_wolf_shrinkage,full,1,V2_wilde_lord_arthur_saviles_crime_016,wilde,lord_arthur_saviles_crime,original,dickens,source_verified
original_baseline_only,lda_ledoit_wolf_shrinkage,full,1,V2_wilde_lord_arthur_saviles_crime_017,wilde,lord_arthur_saviles_crime,original,wilde,source_verified
original_baseline_only,lda_ledoit_wolf_shrinkage,full,1,V2_wilde_lord_arthur_saviles_crime_018,wilde,lord_arthur_saviles_crime,original,wilde,source_verified
original_baseline_only,lda_ledoit_wolf_shrinkage,full,1,V2_wilde_lord_arthur_saviles_crime_019,wilde,lord_arthur_saviles_crime,original,wilde,source_verified
original_baseline_only,lda_ledoit_wolf_shrinkage,full,1,V2_wilde_lord_arthur_saviles_crime_020,wilde,lord_arthur_saviles_crime,original,wilde,source_verified
original_baseline_only,nearest_centroid,full,2,V2_austen_emma_001,austen,emma,original,shelley,source_verified
original_baseline_only,nearest_centroid,full,2,V2_austen_emma_002,austen,emma,original,austen,source_verified
original_baseline_only,nearest_centroid,full,2,V2_austen_emma_003,austen,emma,original,austen,source_verified
original_baseline_only,nearest_centroid,full,2,V2_austen_emma_004,austen,emma,original,austen,source_verified
original_baseline_only,nearest_centroid,full,2,V2_austen_emma_005,austen,emma,original,austen,source_verified
original_baseline_only,nearest_centroid,full,2,V2_austen_emma_006,austen,emma,original,austen,source_verified
original_baseline_only,nearest_centroid,full,2,V2_austen_emma_007,austen,emma,original,austen,source_verified
original_baseline_only,nearest_centroid,full,2,V2_austen_emma_008,austen,emma,original,austen,source_verified
original_baseline_only,nearest_centroid,full,2,V2_austen_emma_009,austen,emma,original,austen,source_verified
original_baseline_only,nearest_centroid,full,2,V2_austen_emma_010,austen,emma,original,austen,source_verified
original_baseline_only,nearest_centroid,full,2,V2_austen_emma_011,austen,emma,original,austen,source_verified
original_baseline_only,nearest_centroid,full,2,V2_austen_emma_012,austen,emma,original,austen,source_verified
original_baseline_only,nearest_centroid,full,2,V2_austen_emma_013,austen,emma,original,austen,source_verified
original_baseline_only,nearest_centroid,full,2,V2_austen_emma_014,austen,emma,original,austen,source_verified
original_baseline_only,nearest_centroid,full,2,V2_austen_emma_015,austen,emma,original,austen,source_verified
original_baseline_only,nearest_centroid,full,2,V2_austen_emma_016,austen,emma,original,austen,source_verified
original_baseline_only,nearest_centroid,full,2,V2_austen_emma_017,austen,emma,original,dickens,source_verified
original_baseline_only,nearest_centroid,full,2,V2_austen_emma_018,austen,emma,original,austen,source_verified
original_baseline_only,nearest_centroid,full,2,V2_austen_emma_019,austen,emma,original,austen,source_verified
original_baseline_only,nearest_centroid,full,2,V2_austen_emma_020,austen,emma,original,austen,source_verified
original_baseline_only,nearest_centroid,full,2,V2_dickens_oliver_twist_001,dickens,oliver_twist,original,poe,source_verified
original_baseline_only,nearest_centroid,full,2,V2_dickens_oliver_twist_002,dickens,oliver_twist,original,dickens,source_verified
original_baseline_only,nearest_centroid,full,2,V2_dickens_oliver_twist_003,dickens,oliver_twist,original,wilde,source_verified
original_baseline_only,nearest_centroid,full,2,V2_dickens_oliver_twist_004,dickens,oliver_twist,original,dickens,source_verified
original_baseline_only,nearest_centroid,full,2,V2_dickens_oliver_twist_005,dickens,oliver_twist,original,dickens,source_verified
original_baseline_only,nearest_centroid,full,2,V2_dickens_oliver_twist_006,dickens,oliver_twist,original,wilde,source_verified
original_baseline_only,nearest_centroid,full,2,V2_dickens_oliver_twist_007,dickens,oliver_twist,original,dickens,source_verified
original_baseline_only,nearest_centroid,full,2,V2_dickens_oliver_twist_008,dickens,oliver_twist,original,dickens,source_verified
original_baseline_only,nearest_centroid,full,2,V2_dickens_oliver_twist_009,dickens,oliver_twist,original,poe,source_verified
original_baseline_only,nearest_centroid,full,2,V2_dickens_oliver_twist_010,dickens,oliver_twist,original,dickens,source_verified
original_baseline_only,nearest_centroid,full,2,V2_dickens_oliver_twist_011,dickens,oliver_twist,original,dickens,source_verified
original_baseline_only,nearest_centroid,full,2,V2_dickens_oliver_twist_012,dickens,oliver_twist,original,austen,source_verified
original_baseline_only,nearest_centroid,full,2,V2_dickens_oliver_twist_013,dickens,oliver_twist,original,austen,source_verified
original_baseline_only,nearest_centroid,full,2,V2_dickens_oliver_twist_014,dickens,oliver_twist,original,dickens,source_verified
original_baseline_only,nearest_centroid,full,2,V2_dickens_oliver_twist_015,dickens,oliver_twist,original,austen,source_verified
original_baseline_only,nearest_centroid,full,2,V2_dickens_oliver_twist_016,dickens,oliver_twist,original,dickens,source_verified
original_baseline_only,nearest_centroid,full,2,V2_dickens_oliver_twist_017,dickens,oliver_twist,original,dickens,source_verified
original_baseline_only,nearest_centroid,full,2,V2_dickens_oliver_twist_018,dickens,oliver_twist,original,dickens,source_verified
original_baseline_only,nearest_centroid,full,2,V2_dickens_oliver_twist_019,dickens,oliver_twist,original,austen,source_verified
original_baseline_only,nearest_centroid,full,2,V2_dickens_oliver_twist_020,dickens,oliver_twist,original,shelley,source_verified
original_baseline_only,nearest_centroid,full,2,V2_poe_hans_pfaal_001,poe,hans_pfaal,original,poe,source_verified
original_baseline_only,nearest_centroid,full,2,V2_poe_hans_pfaal_002,poe,hans_pfaal,original,poe,source_verified
original_baseline_only,nearest_centroid,full,2,V2_poe_hans_pfaal_003,poe,hans_pfaal,original,poe,source_verified
original_baseline_only,nearest_centroid,full,2,V2_poe_hans_pfaal_004,poe,hans_pfaal,original,poe,source_verified
original_baseline_only,nearest_centroid,full,2,V2_poe_hans_pfaal_005,poe,hans_pfaal,original,austen,source_verified
original_baseline_only,nearest_centroid,full,2,V2_poe_hans_pfaal_006,poe,hans_pfaal,original,poe,source_verified
original_baseline_only,nearest_centroid,full,2,V2_poe_hans_pfaal_007,poe,hans_pfaal,original,poe,source_verified
original_baseline_only,nearest_centroid,full,2,V2_poe_hans_pfaal_008,poe,hans_pfaal,original,poe,source_verified
original_baseline_only,nearest_centroid,full,2,V2_poe_hans_pfaal_009,poe,hans_pfaal,original,poe,source_verified
original_baseline_only,nearest_centroid,full,2,V2_poe_hans_pfaal_010,poe,hans_pfaal,original,poe,source_verified
original_baseline_only,nearest_centroid,full,2,V2_poe_hans_pfaal_011,poe,hans_pfaal,original,poe,source_verified
original_baseline_only,nearest_centroid,full,2,V2_poe_hans_pfaal_012,poe,hans_pfaal,original,poe,source_verified
original_baseline_only,nearest_centroid,full,2,V2_poe_hans_pfaal_013,poe,hans_pfaal,original,poe,source_verified
original_baseline_only,nearest_centroid,full,2,V2_poe_hans_pfaal_014,poe,hans_pfaal,original,poe,source_verified
original_baseline_only,nearest_centroid,full,2,V2_poe_hans_pfaal_015,poe,hans_pfaal,original,poe,source_verified
original_baseline_only,nearest_centroid,full,2,V2_poe_hans_pfaal_016,poe,hans_pfaal,original,poe,source_verified
original_baseline_only,nearest_centroid,full,2,V2_poe_hans_pfaal_017,poe,hans_pfaal,original,poe,source_verified
original_baseline_only,nearest_centroid,full,2,V2_poe_hans_pfaal_018,poe,hans_pfaal,original,poe,source_verified
original_baseline_only,nearest_centroid,full,2,V2_poe_hans_pfaal_019,poe,hans_pfaal,original,poe,source_verified
original_baseline_only,nearest_centroid,full,2,V2_poe_hans_pfaal_020,poe,hans_pfaal,original,poe,source_verified
original_baseline_only,nearest_centroid,full,2,V2_shelley_frankenstein_001,shelley,frankenstein,original,poe,source_verified
original_baseline_only,nearest_centroid,full,2,V2_shelley_frankenstein_002,shelley,frankenstein,original,dickens,source_verified
original_baseline_only,nearest_centroid,full,2,V2_shelley_frankenstein_003,shelley,frankenstein,original,shelley,source_verified
original_baseline_only,nearest_centroid,full,2,V2_shelley_frankenstein_004,shelley,frankenstein,original,shelley,source_verified
original_baseline_only,nearest_centroid,full,2,V2_shelley_frankenstein_005,shelley,frankenstein,original,dickens,source_verified
original_baseline_only,nearest_centroid,full,2,V2_shelley_frankenstein_006,shelley,frankenstein,original,shelley,source_verified
original_baseline_only,nearest_centroid,full,2,V2_shelley_frankenstein_007,shelley,frankenstein,original,shelley,source_verified
original_baseline_only,nearest_centroid,full,2,V2_shelley_frankenstein_008,shelley,frankenstein,original,shelley,source_verified
original_baseline_only,nearest_centroid,full,2,V2_shelley_frankenstein_009,shelley,frankenstein,original,shelley,source_verified
original_baseline_only,nearest_centroid,full,2,V2_shelley_frankenstein_010,shelley,frankenstein,original,shelley,source_verified
original_baseline_only,nearest_centroid,full,2,V2_shelley_frankenstein_011,shelley,frankenstein,original,shelley,source_verified
original_baseline_only,nearest_centroid,full,2,V2_shelley_frankenstein_012,shelley,frankenstein,original,shelley,source_verified
original_baseline_only,nearest_centroid,full,2,V2_shelley_frankenstein_013,shelley,frankenstein,original,shelley,source_verified
original_baseline_only,nearest_centroid,full,2,V2_shelley_frankenstein_014,shelley,frankenstein,original,shelley,source_verified
original_baseline_only,nearest_centroid,full,2,V2_shelley_frankenstein_015,shelley,frankenstein,original,shelley,source_verified
original_baseline_only,nearest_centroid,full,2,V2_shelley_frankenstein_016,shelley,frankenstein,original,shelley,source_verified
original_baseline_only,nearest_centroid,full,2,V2_shelley_frankenstein_017,shelley,frankenstein,original,shelley,source_verified
original_baseline_only,nearest_centroid,full,2,V2_shelley_frankenstein_018,shelley,frankenstein,original,shelley,source_verified
original_baseline_only,nearest_centroid,full,2,V2_shelley_frankenstein_019,shelley,frankenstein,original,shelley,source_verified
original_baseline_only,nearest_centroid,full,2,V2_shelley_frankenstein_020,shelley,frankenstein,original,shelley,source_verified
original_baseline_only,nearest_centroid,full,2,V2_twain_connecticut_yankee_001,twain,connecticut_yankee,original,shelley,source_verified
original_baseline_only,nearest_centroid,full,2,V2_twain_connecticut_yankee_002,twain,connecticut_yankee,original,dickens,source_verified
original_baseline_only,nearest_centroid,full,2,V2_twain_connecticut_yankee_003,twain,connecticut_yankee,original,twain,source_verified
original_baseline_only,nearest_centroid,full,2,V2_twain_connecticut_yankee_004,twain,connecticut_yankee,original,dickens,source_verified
original_baseline_only,nearest_centroid,full,2,V2_twain_connecticut_yankee_005,twain,connecticut_yankee,original,twain,source_verified
original_baseline_only,nearest_centroid,full,2,V2_twain_connecticut_yankee_006,twain,connecticut_yankee,original,twain,source_verified
original_baseline_only,nearest_centroid,full,2,V2_twain_connecticut_yankee_007,twain,connecticut_yankee,original,wilde,source_verified
original_baseline_only,nearest_centroid,full,2,V2_twain_connecticut_yankee_008,twain,connecticut_yankee,original,twain,source_verified
original_baseline_only,nearest_centroid,full,2,V2_twain_connecticut_yankee_009,twain,connecticut_yankee,original,shelley,source_verified
original_baseline_only,nearest_centroid,full,2,V2_twain_connecticut_yankee_010,twain,connecticut_yankee,original,dickens,source_verified
original_baseline_only,nearest_centroid,full,2,V2_twain_connecticut_yankee_011,twain,connecticut_yankee,original,dickens,source_verified
original_baseline_only,nearest_centroid,full,2,V2_twain_connecticut_yankee_012,twain,connecticut_yankee,original,shelley,source_verified
original_baseline_only,nearest_centroid,full,2,V2_twain_connecticut_yankee_013,twain,connecticut_yankee,original,dickens,source_verified
original_baseline_only,nearest_centroid,full,2,V2_twain_connecticut_yankee_014,twain,connecticut_yankee,original,twain,source_verified
original_baseline_only,nearest_centroid,full,2,V2_twain_connecticut_yankee_015,twain,connecticut_yankee,original,twain,source_verified
original_baseline_only,nearest_centroid,full,2,V2_twain_connecticut_yankee_016,twain,connecticut_yankee,original,dickens,source_verified
original_baseline_only,nearest_centroid,full,2,V2_twain_connecticut_yankee_017,twain,connecticut_yankee,original,twain,source_verified
original_baseline_only,nearest_centroid,full,2,V2_twain_connecticut_yankee_018,twain,connecticut_yankee,original,twain,source_verified
original_baseline_only,nearest_centroid,full,2,V2_twain_connecticut_yankee_019,twain,connecticut_yankee,original,poe,source_verified
original_baseline_only,nearest_centroid,full,2,V2_twain_connecticut_yankee_020,twain,connecticut_yankee,original,wilde,source_verified
original_baseline_only,nearest_centroid,full,2,V2_wilde_canterville_ghost_001,wilde,canterville_ghost,original,wilde,source_verified
original_baseline_only,nearest_centroid,full,2,V2_wilde_canterville_ghost_002,wilde,canterville_ghost,original,poe,source_verified
original_baseline_only,nearest_centroid,full,2,V2_wilde_canterville_ghost_003,wilde,canterville_ghost,original,wilde,source_verified
original_baseline_only,nearest_centroid,full,2,V2_wilde_canterville_ghost_004,wilde,canterville_ghost,original,poe,source_verified
original_baseline_only,nearest_centroid,full,2,V2_wilde_canterville_ghost_005,wilde,canterville_ghost,original,shelley,source_verified
original_baseline_only,nearest_centroid,full,2,V2_wilde_canterville_ghost_006,wilde,canterville_ghost,original,wilde,source_verified
original_baseline_only,nearest_centroid,full,2,V2_wilde_canterville_ghost_007,wilde,canterville_ghost,original,wilde,source_verified
original_baseline_only,nearest_centroid,full,2,V2_wilde_canterville_ghost_008,wilde,canterville_ghost,original,shelley,source_verified
original_baseline_only,nearest_centroid,full,2,V2_wilde_canterville_ghost_009,wilde,canterville_ghost,original,wilde,source_verified
original_baseline_only,nearest_centroid,full,2,V2_wilde_canterville_ghost_010,wilde,canterville_ghost,original,shelley,source_verified
original_baseline_only,nearest_centroid,full,2,V2_wilde_canterville_ghost_011,wilde,canterville_ghost,original,wilde,source_verified
original_baseline_only,nearest_centroid,full,2,V2_wilde_canterville_ghost_012,wilde,canterville_ghost,original,shelley,source_verified
original_baseline_only,nearest_centroid,full,2,V2_wilde_canterville_ghost_013,wilde,canterville_ghost,original,wilde,source_verified
original_baseline_only,nearest_centroid,full,2,V2_wilde_canterville_ghost_014,wilde,canterville_ghost,original,twain,source_verified
original_baseline_only,nearest_centroid,full,2,V2_wilde_canterville_ghost_015,wilde,canterville_ghost,original,dickens,source_verified
original_baseline_only,nearest_centroid,full,2,V2_wilde_canterville_ghost_016,wilde,canterville_ghost,original,dickens,source_verified
original_baseline_only,nearest_centroid,full,2,V2_wilde_canterville_ghost_017,wilde,canterville_ghost,original,wilde,source_verified
original_baseline_only,nearest_centroid,full,2,V2_wilde_canterville_ghost_018,wilde,canterville_ghost,original,poe,source_verified
original_baseline_only,nearest_centroid,full,2,V2_wilde_canterville_ghost_019,wilde,canterville_ghost,original,shelley,source_verified
original_baseline_only,nearest_centroid,full,2,V2_wilde_canterville_ghost_020,wilde,canterville_ghost,original,wilde,source_verified
original_baseline_only,gaussian_nb,full,2,V2_austen_emma_001,austen,emma,original,shelley,source_verified
original_baseline_only,gaussian_nb,full,2,V2_austen_emma_002,austen,emma,original,austen,source_verified
original_baseline_only,gaussian_nb,full,2,V2_austen_emma_003,austen,emma,original,austen,source_verified
original_baseline_only,gaussian_nb,full,2,V2_austen_emma_004,austen,emma,original,austen,source_verified
original_baseline_only,gaussian_nb,full,2,V2_austen_emma_005,austen,emma,original,austen,source_verified
original_baseline_only,gaussian_nb,full,2,V2_austen_emma_006,austen,emma,original,austen,source_verified
original_baseline_only,gaussian_nb,full,2,V2_austen_emma_007,austen,emma,original,austen,source_verified
original_baseline_only,gaussian_nb,full,2,V2_austen_emma_008,austen,emma,original,austen,source_verified
original_baseline_only,gaussian_nb,full,2,V2_austen_emma_009,austen,emma,original,shelley,source_verified
original_baseline_only,gaussian_nb,full,2,V2_austen_emma_010,austen,emma,original,austen,source_verified
original_baseline_only,gaussian_nb,full,2,V2_austen_emma_011,austen,emma,original,wilde,source_verified
original_baseline_only,gaussian_nb,full,2,V2_austen_emma_012,austen,emma,original,austen,source_verified
original_baseline_only,gaussian_nb,full,2,V2_austen_emma_013,austen,emma,original,dickens,source_verified
original_baseline_only,gaussian_nb,full,2,V2_austen_emma_014,austen,emma,original,shelley,source_verified
original_baseline_only,gaussian_nb,full,2,V2_austen_emma_015,austen,emma,original,austen,source_verified
original_baseline_only,gaussian_nb,full,2,V2_austen_emma_016,austen,emma,original,dickens,source_verified
original_baseline_only,gaussian_nb,full,2,V2_austen_emma_017,austen,emma,original,dickens,source_verified
original_baseline_only,gaussian_nb,full,2,V2_austen_emma_018,austen,emma,original,dickens,source_verified
original_baseline_only,gaussian_nb,full,2,V2_austen_emma_019,austen,emma,original,austen,source_verified
original_baseline_only,gaussian_nb,full,2,V2_austen_emma_020,austen,emma,original,shelley,source_verified
original_baseline_only,gaussian_nb,full,2,V2_dickens_oliver_twist_001,dickens,oliver_twist,original,shelley,source_verified
original_baseline_only,gaussian_nb,full,2,V2_dickens_oliver_twist_002,dickens,oliver_twist,original,dickens,source_verified
original_baseline_only,gaussian_nb,full,2,V2_dickens_oliver_twist_003,dickens,oliver_twist,original,dickens,source_verified
original_baseline_only,gaussian_nb,full,2,V2_dickens_oliver_twist_004,dickens,oliver_twist,original,dickens,source_verified
original_baseline_only,gaussian_nb,full,2,V2_dickens_oliver_twist_005,dickens,oliver_twist,original,dickens,source_verified
original_baseline_only,gaussian_nb,full,2,V2_dickens_oliver_twist_006,dickens,oliver_twist,original,twain,source_verified
original_baseline_only,gaussian_nb,full,2,V2_dickens_oliver_twist_007,dickens,oliver_twist,original,dickens,source_verified
original_baseline_only,gaussian_nb,full,2,V2_dickens_oliver_twist_008,dickens,oliver_twist,original,dickens,source_verified
original_baseline_only,gaussian_nb,full,2,V2_dickens_oliver_twist_009,dickens,oliver_twist,original,shelley,source_verified
original_baseline_only,gaussian_nb,full,2,V2_dickens_oliver_twist_010,dickens,oliver_twist,original,dickens,source_verified
original_baseline_only,gaussian_nb,full,2,V2_dickens_oliver_twist_011,dickens,oliver_twist,original,dickens,source_verified
original_baseline_only,gaussian_nb,full,2,V2_dickens_oliver_twist_012,dickens,oliver_twist,original,austen,source_verified
original_baseline_only,gaussian_nb,full,2,V2_dickens_oliver_twist_013,dickens,oliver_twist,original,austen,source_verified
original_baseline_only,gaussian_nb,full,2,V2_dickens_oliver_twist_014,dickens,oliver_twist,original,dickens,source_verified
original_baseline_only,gaussian_nb,full,2,V2_dickens_oliver_twist_015,dickens,oliver_twist,original,austen,source_verified
original_baseline_only,gaussian_nb,full,2,V2_dickens_oliver_twist_016,dickens,oliver_twist,original,dickens,source_verified
original_baseline_only,gaussian_nb,full,2,V2_dickens_oliver_twist_017,dickens,oliver_twist,original,dickens,source_verified
original_baseline_only,gaussian_nb,full,2,V2_dickens_oliver_twist_018,dickens,oliver_twist,original,dickens,source_verified
original_baseline_only,gaussian_nb,full,2,V2_dickens_oliver_twist_019,dickens,oliver_twist,original,austen,source_verified
original_baseline_only,gaussian_nb,full,2,V2_dickens_oliver_twist_020,dickens,oliver_twist,original,shelley,source_verified
original_baseline_only,gaussian_nb,full,2,V2_poe_hans_pfaal_001,poe,hans_pfaal,original,poe,source_verified
original_baseline_only,gaussian_nb,full,2,V2_poe_hans_pfaal_002,poe,hans_pfaal,original,poe,source_verified
original_baseline_only,gaussian_nb,full,2,V2_poe_hans_pfaal_003,poe,hans_pfaal,original,poe,source_verified
original_baseline_only,gaussian_nb,full,2,V2_poe_hans_pfaal_004,poe,hans_pfaal,original,poe,source_verified
original_baseline_only,gaussian_nb,full,2,V2_poe_hans_pfaal_005,poe,hans_pfaal,original,austen,source_verified
original_baseline_only,gaussian_nb,full,2,V2_poe_hans_pfaal_006,poe,hans_pfaal,original,poe,source_verified
original_baseline_only,gaussian_nb,full,2,V2_poe_hans_pfaal_007,poe,hans_pfaal,original,poe,source_verified
original_baseline_only,gaussian_nb,full,2,V2_poe_hans_pfaal_008,poe,hans_pfaal,original,poe,source_verified
original_baseline_only,gaussian_nb,full,2,V2_poe_hans_pfaal_009,poe,hans_pfaal,original,poe,source_verified
original_baseline_only,gaussian_nb,full,2,V2_poe_hans_pfaal_010,poe,hans_pfaal,original,poe,source_verified
original_baseline_only,gaussian_nb,full,2,V2_poe_hans_pfaal_011,poe,hans_pfaal,original,poe,source_verified
original_baseline_only,gaussian_nb,full,2,V2_poe_hans_pfaal_012,poe,hans_pfaal,original,poe,source_verified
original_baseline_only,gaussian_nb,full,2,V2_poe_hans_pfaal_013,poe,hans_pfaal,original,poe,source_verified
original_baseline_only,gaussian_nb,full,2,V2_poe_hans_pfaal_014,poe,hans_pfaal,original,poe,source_verified
original_baseline_only,gaussian_nb,full,2,V2_poe_hans_pfaal_015,poe,hans_pfaal,original,poe,source_verified
original_baseline_only,gaussian_nb,full,2,V2_poe_hans_pfaal_016,poe,hans_pfaal,original,poe,source_verified
original_baseline_only,gaussian_nb,full,2,V2_poe_hans_pfaal_017,poe,hans_pfaal,original,poe,source_verified
original_baseline_only,gaussian_nb,full,2,V2_poe_hans_pfaal_018,poe,hans_pfaal,original,poe,source_verified
original_baseline_only,gaussian_nb,full,2,V2_poe_hans_pfaal_019,poe,hans_pfaal,original,poe,source_verified
original_baseline_only,gaussian_nb,full,2,V2_poe_hans_pfaal_020,poe,hans_pfaal,original,poe,source_verified
original_baseline_only,gaussian_nb,full,2,V2_shelley_frankenstein_001,shelley,frankenstein,original,poe,source_verified
original_baseline_only,gaussian_nb,full,2,V2_shelley_frankenstein_002,shelley,frankenstein,original,dickens,source_verified
original_baseline_only,gaussian_nb,full,2,V2_shelley_frankenstein_003,shelley,frankenstein,original,shelley,source_verified
original_baseline_only,gaussian_nb,full,2,V2_shelley_frankenstein_004,shelley,frankenstein,original,shelley,source_verified
original_baseline_only,gaussian_nb,full,2,V2_shelley_frankenstein_005,shelley,frankenstein,original,dickens,source_verified
original_baseline_only,gaussian_nb,full,2,V2_shelley_frankenstein_006,shelley,frankenstein,original,shelley,source_verified
original_baseline_only,gaussian_nb,full,2,V2_shelley_frankenstein_007,shelley,frankenstein,original,shelley,source_verified
original_baseline_only,gaussian_nb,full,2,V2_shelley_frankenstein_008,shelley,frankenstein,original,shelley,source_verified
original_baseline_only,gaussian_nb,full,2,V2_shelley_frankenstein_009,shelley,frankenstein,original,shelley,source_verified
original_baseline_only,gaussian_nb,full,2,V2_shelley_frankenstein_010,shelley,frankenstein,original,shelley,source_verified
original_baseline_only,gaussian_nb,full,2,V2_shelley_frankenstein_011,shelley,frankenstein,original,shelley,source_verified
original_baseline_only,gaussian_nb,full,2,V2_shelley_frankenstein_012,shelley,frankenstein,original,poe,source_verified
original_baseline_only,gaussian_nb,full,2,V2_shelley_frankenstein_013,shelley,frankenstein,original,shelley,source_verified
original_baseline_only,gaussian_nb,full,2,V2_shelley_frankenstein_014,shelley,frankenstein,original,shelley,source_verified
original_baseline_only,gaussian_nb,full,2,V2_shelley_frankenstein_015,shelley,frankenstein,original,shelley,source_verified
original_baseline_only,gaussian_nb,full,2,V2_shelley_frankenstein_016,shelley,frankenstein,original,shelley,source_verified
original_baseline_only,gaussian_nb,full,2,V2_shelley_frankenstein_017,shelley,frankenstein,original,shelley,source_verified
original_baseline_only,gaussian_nb,full,2,V2_shelley_frankenstein_018,shelley,frankenstein,original,shelley,source_verified
original_baseline_only,gaussian_nb,full,2,V2_shelley_frankenstein_019,shelley,frankenstein,original,shelley,source_verified
original_baseline_only,gaussian_nb,full,2,V2_shelley_frankenstein_020,shelley,frankenstein,original,shelley,source_verified
original_baseline_only,gaussian_nb,full,2,V2_twain_connecticut_yankee_001,twain,connecticut_yankee,original,shelley,source_verified
original_baseline_only,gaussian_nb,full,2,V2_twain_connecticut_yankee_002,twain,connecticut_yankee,original,wilde,source_verified
original_baseline_only,gaussian_nb,full,2,V2_twain_connecticut_yankee_003,twain,connecticut_yankee,original,dickens,source_verified
original_baseline_only,gaussian_nb,full,2,V2_twain_connecticut_yankee_004,twain,connecticut_yankee,original,shelley,source_verified
original_baseline_only,gaussian_nb,full,2,V2_twain_connecticut_yankee_005,twain,connecticut_yankee,original,twain,source_verified
original_baseline_only,gaussian_nb,full,2,V2_twain_connecticut_yankee_006,twain,connecticut_yankee,original,austen,source_verified
original_baseline_only,gaussian_nb,full,2,V2_twain_connecticut_yankee_007,twain,connecticut_yankee,original,dickens,source_verified
original_baseline_only,gaussian_nb,full,2,V2_twain_connecticut_yankee_008,twain,connecticut_yankee,original,twain,source_verified
original_baseline_only,gaussian_nb,full,2,V2_twain_connecticut_yankee_009,twain,connecticut_yankee,original,shelley,source_verified
original_baseline_only,gaussian_nb,full,2,V2_twain_connecticut_yankee_010,twain,connecticut_yankee,original,dickens,source_verified
original_baseline_only,gaussian_nb,full,2,V2_twain_connecticut_yankee_011,twain,connecticut_yankee,original,dickens,source_verified
original_baseline_only,gaussian_nb,full,2,V2_twain_connecticut_yankee_012,twain,connecticut_yankee,original,dickens,source_verified
original_baseline_only,gaussian_nb,full,2,V2_twain_connecticut_yankee_013,twain,connecticut_yankee,original,austen,source_verified
original_baseline_only,gaussian_nb,full,2,V2_twain_connecticut_yankee_014,twain,connecticut_yankee,original,twain,source_verified
original_baseline_only,gaussian_nb,full,2,V2_twain_connecticut_yankee_015,twain,connecticut_yankee,original,twain,source_verified
original_baseline_only,gaussian_nb,full,2,V2_twain_connecticut_yankee_016,twain,connecticut_yankee,original,austen,source_verified
original_baseline_only,gaussian_nb,full,2,V2_twain_connecticut_yankee_017,twain,connecticut_yankee,original,twain,source_verified
original_baseline_only,gaussian_nb,full,2,V2_twain_connecticut_yankee_018,twain,connecticut_yankee,original,twain,source_verified
original_baseline_only,gaussian_nb,full,2,V2_twain_connecticut_yankee_019,twain,connecticut_yankee,original,dickens,source_verified
original_baseline_only,gaussian_nb,full,2,V2_twain_connecticut_yankee_020,twain,connecticut_yankee,original,wilde,source_verified
original_baseline_only,gaussian_nb,full,2,V2_wilde_canterville_ghost_001,wilde,canterville_ghost,original,poe,source_verified
original_baseline_only,gaussian_nb,full,2,V2_wilde_canterville_ghost_002,wilde,canterville_ghost,original,shelley,source_verified
original_baseline_only,gaussian_nb,full,2,V2_wilde_canterville_ghost_003,wilde,canterville_ghost,original,wilde,source_verified
original_baseline_only,gaussian_nb,full,2,V2_wilde_canterville_ghost_004,wilde,canterville_ghost,original,poe,source_verified
original_baseline_only,gaussian_nb,full,2,V2_wilde_canterville_ghost_005,wilde,canterville_ghost,original,shelley,source_verified
original_baseline_only,gaussian_nb,full,2,V2_wilde_canterville_ghost_006,wilde,canterville_ghost,original,wilde,source_verified
original_baseline_only,gaussian_nb,full,2,V2_wilde_canterville_ghost_007,wilde,canterville_ghost,original,wilde,source_verified
original_baseline_only,gaussian_nb,full,2,V2_wilde_canterville_ghost_008,wilde,canterville_ghost,original,dickens,source_verified
original_baseline_only,gaussian_nb,full,2,V2_wilde_canterville_ghost_009,wilde,canterville_ghost,original,twain,source_verified
original_baseline_only,gaussian_nb,full,2,V2_wilde_canterville_ghost_010,wilde,canterville_ghost,original,shelley,source_verified
original_baseline_only,gaussian_nb,full,2,V2_wilde_canterville_ghost_011,wilde,canterville_ghost,original,dickens,source_verified
original_baseline_only,gaussian_nb,full,2,V2_wilde_canterville_ghost_012,wilde,canterville_ghost,original,shelley,source_verified
original_baseline_only,gaussian_nb,full,2,V2_wilde_canterville_ghost_013,wilde,canterville_ghost,original,wilde,source_verified
original_baseline_only,gaussian_nb,full,2,V2_wilde_canterville_ghost_014,wilde,canterville_ghost,original,dickens,source_verified
original_baseline_only,gaussian_nb,full,2,V2_wilde_canterville_ghost_015,wilde,canterville_ghost,original,dickens,source_verified
original_baseline_only,gaussian_nb,full,2,V2_wilde_canterville_ghost_016,wilde,canterville_ghost,original,dickens,source_verified
original_baseline_only,gaussian_nb,full,2,V2_wilde_canterville_ghost_017,wilde,canterville_ghost,original,dickens,source_verified
original_baseline_only,gaussian_nb,full,2,V2_wilde_canterville_ghost_018,wilde,canterville_ghost,original,shelley,source_verified
original_baseline_only,gaussian_nb,full,2,V2_wilde_canterville_ghost_019,wilde,canterville_ghost,original,shelley,source_verified
original_baseline_only,gaussian_nb,full,2,V2_wilde_canterville_ghost_020,wilde,canterville_ghost,original,wilde,source_verified
original_baseline_only,lda_ledoit_wolf_shrinkage,full,2,V2_austen_emma_001,austen,emma,original,austen,source_verified
original_baseline_only,lda_ledoit_wolf_shrinkage,full,2,V2_austen_emma_002,austen,emma,original,austen,source_verified
original_baseline_only,lda_ledoit_wolf_shrinkage,full,2,V2_austen_emma_003,austen,emma,original,austen,source_verified
original_baseline_only,lda_ledoit_wolf_shrinkage,full,2,V2_austen_emma_004,austen,emma,original,austen,source_verified
original_baseline_only,lda_ledoit_wolf_shrinkage,full,2,V2_austen_emma_005,austen,emma,original,austen,source_verified
original_baseline_only,lda_ledoit_wolf_shrinkage,full,2,V2_austen_emma_006,austen,emma,original,austen,source_verified
original_baseline_only,lda_ledoit_wolf_shrinkage,full,2,V2_austen_emma_007,austen,emma,original,austen,source_verified
original_baseline_only,lda_ledoit_wolf_shrinkage,full,2,V2_austen_emma_008,austen,emma,original,austen,source_verified
original_baseline_only,lda_ledoit_wolf_shrinkage,full,2,V2_austen_emma_009,austen,emma,original,austen,source_verified
original_baseline_only,lda_ledoit_wolf_shrinkage,full,2,V2_austen_emma_010,austen,emma,original,austen,source_verified
original_baseline_only,lda_ledoit_wolf_shrinkage,full,2,V2_austen_emma_011,austen,emma,original,austen,source_verified
original_baseline_only,lda_ledoit_wolf_shrinkage,full,2,V2_austen_emma_012,austen,emma,original,austen,source_verified
original_baseline_only,lda_ledoit_wolf_shrinkage,full,2,V2_austen_emma_013,austen,emma,original,poe,source_verified
original_baseline_only,lda_ledoit_wolf_shrinkage,full,2,V2_austen_emma_014,austen,emma,original,austen,source_verified
original_baseline_only,lda_ledoit_wolf_shrinkage,full,2,V2_austen_emma_015,austen,emma,original,austen,source_verified
original_baseline_only,lda_ledoit_wolf_shrinkage,full,2,V2_austen_emma_016,austen,emma,original,austen,source_verified
original_baseline_only,lda_ledoit_wolf_shrinkage,full,2,V2_austen_emma_017,austen,emma,original,dickens,source_verified
original_baseline_only,lda_ledoit_wolf_shrinkage,full,2,V2_austen_emma_018,austen,emma,original,poe,source_verified
original_baseline_only,lda_ledoit_wolf_shrinkage,full,2,V2_austen_emma_019,austen,emma,original,austen,source_verified
original_baseline_only,lda_ledoit_wolf_shrinkage,full,2,V2_austen_emma_020,austen,emma,original,austen,source_verified
original_baseline_only,lda_ledoit_wolf_shrinkage,full,2,V2_dickens_oliver_twist_001,dickens,oliver_twist,original,poe,source_verified
original_baseline_only,lda_ledoit_wolf_shrinkage,full,2,V2_dickens_oliver_twist_002,dickens,oliver_twist,original,dickens,source_verified
original_baseline_only,lda_ledoit_wolf_shrinkage,full,2,V2_dickens_oliver_twist_003,dickens,oliver_twist,original,dickens,source_verified
original_baseline_only,lda_ledoit_wolf_shrinkage,full,2,V2_dickens_oliver_twist_004,dickens,oliver_twist,original,dickens,source_verified
original_baseline_only,lda_ledoit_wolf_shrinkage,full,2,V2_dickens_oliver_twist_005,dickens,oliver_twist,original,dickens,source_verified
original_baseline_only,lda_ledoit_wolf_shrinkage,full,2,V2_dickens_oliver_twist_006,dickens,oliver_twist,original,twain,source_verified
original_baseline_only,lda_ledoit_wolf_shrinkage,full,2,V2_dickens_oliver_twist_007,dickens,oliver_twist,original,dickens,source_verified
original_baseline_only,lda_ledoit_wolf_shrinkage,full,2,V2_dickens_oliver_twist_008,dickens,oliver_twist,original,dickens,source_verified
original_baseline_only,lda_ledoit_wolf_shrinkage,full,2,V2_dickens_oliver_twist_009,dickens,oliver_twist,original,poe,source_verified
original_baseline_only,lda_ledoit_wolf_shrinkage,full,2,V2_dickens_oliver_twist_010,dickens,oliver_twist,original,dickens,source_verified
original_baseline_only,lda_ledoit_wolf_shrinkage,full,2,V2_dickens_oliver_twist_011,dickens,oliver_twist,original,dickens,source_verified
original_baseline_only,lda_ledoit_wolf_shrinkage,full,2,V2_dickens_oliver_twist_012,dickens,oliver_twist,original,austen,source_verified
original_baseline_only,lda_ledoit_wolf_shrinkage,full,2,V2_dickens_oliver_twist_013,dickens,oliver_twist,original,shelley,source_verified
original_baseline_only,lda_ledoit_wolf_shrinkage,full,2,V2_dickens_oliver_twist_014,dickens,oliver_twist,original,dickens,source_verified
original_baseline_only,lda_ledoit_wolf_shrinkage,full,2,V2_dickens_oliver_twist_015,dickens,oliver_twist,original,austen,source_verified
original_baseline_only,lda_ledoit_wolf_shrinkage,full,2,V2_dickens_oliver_twist_016,dickens,oliver_twist,original,dickens,source_verified
original_baseline_only,lda_ledoit_wolf_shrinkage,full,2,V2_dickens_oliver_twist_017,dickens,oliver_twist,original,dickens,source_verified
original_baseline_only,lda_ledoit_wolf_shrinkage,full,2,V2_dickens_oliver_twist_018,dickens,oliver_twist,original,dickens,source_verified
original_baseline_only,lda_ledoit_wolf_shrinkage,full,2,V2_dickens_oliver_twist_019,dickens,oliver_twist,original,austen,source_verified
original_baseline_only,lda_ledoit_wolf_shrinkage,full,2,V2_dickens_oliver_twist_020,dickens,oliver_twist,original,dickens,source_verified
original_baseline_only,lda_ledoit_wolf_shrinkage,full,2,V2_poe_hans_pfaal_001,poe,hans_pfaal,original,poe,source_verified
original_baseline_only,lda_ledoit_wolf_shrinkage,full,2,V2_poe_hans_pfaal_002,poe,hans_pfaal,original,poe,source_verified
original_baseline_only,lda_ledoit_wolf_shrinkage,full,2,V2_poe_hans_pfaal_003,poe,hans_pfaal,original,poe,source_verified
original_baseline_only,lda_ledoit_wolf_shrinkage,full,2,V2_poe_hans_pfaal_004,poe,hans_pfaal,original,poe,source_verified
original_baseline_only,lda_ledoit_wolf_shrinkage,full,2,V2_poe_hans_pfaal_005,poe,hans_pfaal,original,austen,source_verified
original_baseline_only,lda_ledoit_wolf_shrinkage,full,2,V2_poe_hans_pfaal_006,poe,hans_pfaal,original,poe,source_verified
original_baseline_only,lda_ledoit_wolf_shrinkage,full,2,V2_poe_hans_pfaal_007,poe,hans_pfaal,original,poe,source_verified
original_baseline_only,lda_ledoit_wolf_shrinkage,full,2,V2_poe_hans_pfaal_008,poe,hans_pfaal,original,poe,source_verified
original_baseline_only,lda_ledoit_wolf_shrinkage,full,2,V2_poe_hans_pfaal_009,poe,hans_pfaal,original,poe,source_verified
original_baseline_only,lda_ledoit_wolf_shrinkage,full,2,V2_poe_hans_pfaal_010,poe,hans_pfaal,original,poe,source_verified
original_baseline_only,lda_ledoit_wolf_shrinkage,full,2,V2_poe_hans_pfaal_011,poe,hans_pfaal,original,poe,source_verified
original_baseline_only,lda_ledoit_wolf_shrinkage,full,2,V2_poe_hans_pfaal_012,poe,hans_pfaal,original,poe,source_verified
original_baseline_only,lda_ledoit_wolf_shrinkage,full,2,V2_poe_hans_pfaal_013,poe,hans_pfaal,original,poe,source_verified
original_baseline_only,lda_ledoit_wolf_shrinkage,full,2,V2_poe_hans_pfaal_014,poe,hans_pfaal,original,poe,source_verified
original_baseline_only,lda_ledoit_wolf_shrinkage,full,2,V2_poe_hans_pfaal_015,poe,hans_pfaal,original,poe,source_verified
original_baseline_only,lda_ledoit_wolf_shrinkage,full,2,V2_poe_hans_pfaal_016,poe,hans_pfaal,original,poe,source_verified
original_baseline_only,lda_ledoit_wolf_shrinkage,full,2,V2_poe_hans_pfaal_017,poe,hans_pfaal,original,poe,source_verified
original_baseline_only,lda_ledoit_wolf_shrinkage,full,2,V2_poe_hans_pfaal_018,poe,hans_pfaal,original,poe,source_verified
original_baseline_only,lda_ledoit_wolf_shrinkage,full,2,V2_poe_hans_pfaal_019,poe,hans_pfaal,original,poe,source_verified
original_baseline_only,lda_ledoit_wolf_shrinkage,full,2,V2_poe_hans_pfaal_020,poe,hans_pfaal,original,poe,source_verified
original_baseline_only,lda_ledoit_wolf_shrinkage,full,2,V2_shelley_frankenstein_001,shelley,frankenstein,original,poe,source_verified
original_baseline_only,lda_ledoit_wolf_shrinkage,full,2,V2_shelley_frankenstein_002,shelley,frankenstein,original,poe,source_verified
original_baseline_only,lda_ledoit_wolf_shrinkage,full,2,V2_shelley_frankenstein_003,shelley,frankenstein,original,shelley,source_verified
original_baseline_only,lda_ledoit_wolf_shrinkage,full,2,V2_shelley_frankenstein_004,shelley,frankenstein,original,shelley,source_verified
original_baseline_only,lda_ledoit_wolf_shrinkage,full,2,V2_shelley_frankenstein_005,shelley,frankenstein,original,shelley,source_verified
original_baseline_only,lda_ledoit_wolf_shrinkage,full,2,V2_shelley_frankenstein_006,shelley,frankenstein,original,shelley,source_verified
original_baseline_only,lda_ledoit_wolf_shrinkage,full,2,V2_shelley_frankenstein_007,shelley,frankenstein,original,shelley,source_verified
original_baseline_only,lda_ledoit_wolf_shrinkage,full,2,V2_shelley_frankenstein_008,shelley,frankenstein,original,shelley,source_verified
original_baseline_only,lda_ledoit_wolf_shrinkage,full,2,V2_shelley_frankenstein_009,shelley,frankenstein,original,poe,source_verified
original_baseline_only,lda_ledoit_wolf_shrinkage,full,2,V2_shelley_frankenstein_010,shelley,frankenstein,original,shelley,source_verified
original_baseline_only,lda_ledoit_wolf_shrinkage,full,2,V2_shelley_frankenstein_011,shelley,frankenstein,original,shelley,source_verified
original_baseline_only,lda_ledoit_wolf_shrinkage,full,2,V2_shelley_frankenstein_012,shelley,frankenstein,original,shelley,source_verified
original_baseline_only,lda_ledoit_wolf_shrinkage,full,2,V2_shelley_frankenstein_013,shelley,frankenstein,original,shelley,source_verified
original_baseline_only,lda_ledoit_wolf_shrinkage,full,2,V2_shelley_frankenstein_014,shelley,frankenstein,original,shelley,source_verified
original_baseline_only,lda_ledoit_wolf_shrinkage,full,2,V2_shelley_frankenstein_015,shelley,frankenstein,original,shelley,source_verified
original_baseline_only,lda_ledoit_wolf_shrinkage,full,2,V2_shelley_frankenstein_016,shelley,frankenstein,original,shelley,source_verified
original_baseline_only,lda_ledoit_wolf_shrinkage,full,2,V2_shelley_frankenstein_017,shelley,frankenstein,original,shelley,source_verified
original_baseline_only,lda_ledoit_wolf_shrinkage,full,2,V2_shelley_frankenstein_018,shelley,frankenstein,original,shelley,source_verified
original_baseline_only,lda_ledoit_wolf_shrinkage,full,2,V2_shelley_frankenstein_019,shelley,frankenstein,original,shelley,source_verified
original_baseline_only,lda_ledoit_wolf_shrinkage,full,2,V2_shelley_frankenstein_020,shelley,frankenstein,original,shelley,source_verified
original_baseline_only,lda_ledoit_wolf_shrinkage,full,2,V2_twain_connecticut_yankee_001,twain,connecticut_yankee,original,shelley,source_verified
original_baseline_only,lda_ledoit_wolf_shrinkage,full,2,V2_twain_connecticut_yankee_002,twain,connecticut_yankee,original,dickens,source_verified
original_baseline_only,lda_ledoit_wolf_shrinkage,full,2,V2_twain_connecticut_yankee_003,twain,connecticut_yankee,original,twain,source_verified
original_baseline_only,lda_ledoit_wolf_shrinkage,full,2,V2_twain_connecticut_yankee_004,twain,connecticut_yankee,original,dickens,source_verified
original_baseline_only,lda_ledoit_wolf_shrinkage,full,2,V2_twain_connecticut_yankee_005,twain,connecticut_yankee,original,twain,source_verified
original_baseline_only,lda_ledoit_wolf_shrinkage,full,2,V2_twain_connecticut_yankee_006,twain,connecticut_yankee,original,twain,source_verified
original_baseline_only,lda_ledoit_wolf_shrinkage,full,2,V2_twain_connecticut_yankee_007,twain,connecticut_yankee,original,twain,source_verified
original_baseline_only,lda_ledoit_wolf_shrinkage,full,2,V2_twain_connecticut_yankee_008,twain,connecticut_yankee,original,twain,source_verified
original_baseline_only,lda_ledoit_wolf_shrinkage,full,2,V2_twain_connecticut_yankee_009,twain,connecticut_yankee,original,shelley,source_verified
original_baseline_only,lda_ledoit_wolf_shrinkage,full,2,V2_twain_connecticut_yankee_010,twain,connecticut_yankee,original,dickens,source_verified
original_baseline_only,lda_ledoit_wolf_shrinkage,full,2,V2_twain_connecticut_yankee_011,twain,connecticut_yankee,original,dickens,source_verified
original_baseline_only,lda_ledoit_wolf_shrinkage,full,2,V2_twain_connecticut_yankee_012,twain,connecticut_yankee,original,twain,source_verified
original_baseline_only,lda_ledoit_wolf_shrinkage,full,2,V2_twain_connecticut_yankee_013,twain,connecticut_yankee,original,dickens,source_verified
original_baseline_only,lda_ledoit_wolf_shrinkage,full,2,V2_twain_connecticut_yankee_014,twain,connecticut_yankee,original,twain,source_verified
original_baseline_only,lda_ledoit_wolf_shrinkage,full,2,V2_twain_connecticut_yankee_015,twain,connecticut_yankee,original,twain,source_verified
original_baseline_only,lda_ledoit_wolf_shrinkage,full,2,V2_twain_connecticut_yankee_016,twain,connecticut_yankee,original,shelley,source_verified
original_baseline_only,lda_ledoit_wolf_shrinkage,full,2,V2_twain_connecticut_yankee_017,twain,connecticut_yankee,original,twain,source_verified
original_baseline_only,lda_ledoit_wolf_shrinkage,full,2,V2_twain_connecticut_yankee_018,twain,connecticut_yankee,original,twain,source_verified
original_baseline_only,lda_ledoit_wolf_shrinkage,full,2,V2_twain_connecticut_yankee_019,twain,connecticut_yankee,original,twain,source_verified
original_baseline_only,lda_ledoit_wolf_shrinkage,full,2,V2_twain_connecticut_yankee_020,twain,connecticut_yankee,original,wilde,source_verified
original_baseline_only,lda_ledoit_wolf_shrinkage,full,2,V2_wilde_canterville_ghost_001,wilde,canterville_ghost,original,wilde,source_verified
original_baseline_only,lda_ledoit_wolf_shrinkage,full,2,V2_wilde_canterville_ghost_002,wilde,canterville_ghost,original,wilde,source_verified
original_baseline_only,lda_ledoit_wolf_shrinkage,full,2,V2_wilde_canterville_ghost_003,wilde,canterville_ghost,original,wilde,source_verified
original_baseline_only,lda_ledoit_wolf_shrinkage,full,2,V2_wilde_canterville_ghost_004,wilde,canterville_ghost,original,poe,source_verified
original_baseline_only,lda_ledoit_wolf_shrinkage,full,2,V2_wilde_canterville_ghost_005,wilde,canterville_ghost,original,wilde,source_verified
original_baseline_only,lda_ledoit_wolf_shrinkage,full,2,V2_wilde_canterville_ghost_006,wilde,canterville_ghost,original,wilde,source_verified
original_baseline_only,lda_ledoit_wolf_shrinkage,full,2,V2_wilde_canterville_ghost_007,wilde,canterville_ghost,original,wilde,source_verified
original_baseline_only,lda_ledoit_wolf_shrinkage,full,2,V2_wilde_canterville_ghost_008,wilde,canterville_ghost,original,dickens,source_verified
original_baseline_only,lda_ledoit_wolf_shrinkage,full,2,V2_wilde_canterville_ghost_009,wilde,canterville_ghost,original,wilde,source_verified
original_baseline_only,lda_ledoit_wolf_shrinkage,full,2,V2_wilde_canterville_ghost_010,wilde,canterville_ghost,original,wilde,source_verified
original_baseline_only,lda_ledoit_wolf_shrinkage,full,2,V2_wilde_canterville_ghost_011,wilde,canterville_ghost,original,wilde,source_verified
original_baseline_only,lda_ledoit_wolf_shrinkage,full,2,V2_wilde_canterville_ghost_012,wilde,canterville_ghost,original,dickens,source_verified
original_baseline_only,lda_ledoit_wolf_shrinkage,full,2,V2_wilde_canterville_ghost_013,wilde,canterville_ghost,original,wilde,source_verified
original_baseline_only,lda_ledoit_wolf_shrinkage,full,2,V2_wilde_canterville_ghost_014,wilde,canterville_ghost,original,wilde,source_verified
original_baseline_only,lda_ledoit_wolf_shrinkage,full,2,V2_wilde_canterville_ghost_015,wilde,canterville_ghost,original,austen,source_verified
original_baseline_only,lda_ledoit_wolf_shrinkage,full,2,V2_wilde_canterville_ghost_016,wilde,canterville_ghost,original,dickens,source_verified
original_baseline_only,lda_ledoit_wolf_shrinkage,full,2,V2_wilde_canterville_ghost_017,wilde,canterville_ghost,original,wilde,source_verified
original_baseline_only,lda_ledoit_wolf_shrinkage,full,2,V2_wilde_canterville_ghost_018,wilde,canterville_ghost,original,wilde,source_verified
original_baseline_only,lda_ledoit_wolf_shrinkage,full,2,V2_wilde_canterville_ghost_019,wilde,canterville_ghost,original,wilde,source_verified
original_baseline_only,lda_ledoit_wolf_shrinkage,full,2,V2_wilde_canterville_ghost_020,wilde,canterville_ghost,original,wilde,source_verified
