target,request_id,replication_model_id,provider_model_name,passage_id,condition,original_word_count,old_rewritten_word_count,old_length_ratio,old_qc_status,old_qc_flags,old_parse_status,old_rewritten_text_sha256,old_rewritten_text
qwen,groq_qwen_32b_free|run_1|AUSTEN_EMMA_001|simplify,groq_qwen_32b_free,qwen/qwen3-32b,AUSTEN_EMMA_001,simplify,569,481,0.845343,warning,length_soft_warning,json_ok,a2c605e1ddb229fe071a369f597eb2622f9097ac14ef9814b5a362ea5ef5b19d,"She was so caught up in admiring those soft blue eyes, in talking and listening, and in making plans in between, that the evening passed much faster than usual. Supper, which always ended these kinds of gatherings, was already set out and brought closer to the fire before she realized it. With more enthusiasm than usual—though she was never indifferent to doing things properly and with care—she took charge of the meal, helping and encouraging everyone to try the minced chicken and scalloped oysters. She did this with a warmth that she knew would be appreciated by the early-to-bed habits and polite manners of their guests.

Poor Mr. Woodhouse was always torn on these occasions. He liked to have a table set, as it was the way things were done in his youth, but he also believed that supper was unhealthy. So while he welcomed his guests to eat, he was also upset that they would. The only thing he could recommend with complete confidence was a small bowl of thin gruel like his own. Still, he might manage to say something like:

""Mrs. Bates, would you try one of these eggs? A soft-boiled egg isn't bad for you. Serle knows how to boil eggs better than anyone. I wouldn't recommend an egg boiled by anyone else, but you don't have to worry—they're small, you see. One of our little eggs won't hurt you. Miss Bates, let Emma help you with a tiny piece of tart—a very tiny piece. They're all apple tarts. You don't need to worry about bad preserves here. I wouldn't suggest the custard. Mrs. Goddard, would you like half a glass of wine? A small half-glass, mixed into a tumbler of water? I don't think it would upset you.""

Emma let her father talk, but she served her guests in a much more satisfying way. On this evening, she especially enjoyed seeing them leave happy. Miss Smith was just as happy as Emma had hoped. Miss Woodhouse was such an important person in Highbury that the idea of being introduced had made her both nervous and excited. But the modest, grateful girl left with a very happy heart, delighted by how kindly Miss Woodhouse had treated her all evening and even shook her hand at the end!


CHAPTER IV

Harriet Smith's friendship with Emma at Hartfield quickly became a regular thing. Emma was quick and decisive, and didn't waste time inviting and encouraging Harriet to visit often. As their friendship grew, so did their enjoyment of each other's company. As a walking companion, Emma had already seen how helpful Harriet could be. In that way, Mrs. Weston's absence had been a big loss. Her father never went beyond the shrubbery, where two parts of the garden were enough for his walks, whether long or short depending on the season; and since Mrs."
qwen,groq_qwen_32b_free|run_1|AUSTEN_EMMA_002|paraphrase,groq_qwen_32b_free,qwen/qwen3-32b,AUSTEN_EMMA_002,paraphrase,562,547,0.97331,warning,json_repaired_loose_rewritten_text,json_repaired_loose_rewritten_text,4357fb0b04da1cf1198e22df71cd98e2fa34b68023cbf6805eb4b2227ac20832,"The list she compiled when she was just fourteen—I recall being so impressed by her discernment that I kept it for a while; and I daresay she has produced an even better one now. But I have given up on expecting Emma to follow any regular course of reading. She will never submit to anything that demands diligence and perseverance, or that requires the imagination to yield to reason. Where Miss Taylor failed to inspire, I can confidently say that Harriet Smith will achieve nothing.—You could never persuade her to read as much as you desired.—You know you could not.”

“‘I dare say,’ replied Mrs. Weston, with a smile, ‘that I thought so _then_;—but since we have parted, I can never recall Emma failing to do anything I wished.’”

“There is little point in trying to revive such a memory as _that_,” said Mr. Knightley, feelingly; and for a moment or two he was silent. “But I,” he soon added, “who have had no such enchantment over my senses, must still see, hear, and remember. Emma is spoiled by being the cleverest in her family. At ten years old, she had the misfortune of being able to answer questions that baffled her sister at seventeen. She was always quick and confident: Isabella slow and uncertain. And ever since she was twelve, Emma has ruled the household and all of you. In her mother, she lost the only person capable of managing her. She inherits her mother’s talents, and must have been under her control.”

“I should have been sorry, Mr. Knightley, to rely on _your_ recommendation, had I left Mr. Woodhouse’s family and needed another position; I do not think you would have spoken kindly of me to anyone. I am certain you always thought me unfit for the role I held.”

“Yes,” he said, smiling. “You are better suited _here_; very fit for a wife, but not at all for a governess. But you were preparing yourself to be an excellent wife all the time you were at Hartfield. You might not have given Emma the thorough education your abilities seemed to promise; but you were receiving a very good education from _her_, on the essential matrimonial matter of yielding your own will, and doing as you were told; and if Weston had asked me to recommend him a wife, I should certainly have named Miss Taylor.”

“Thank you. There will be very little merit in making a good wife to such a man as Mr. Weston.”

“Why, to be honest, I am afraid you are rather wasted, and that with every inclination to endure, there will be nothing to endure. We will not despair, however. Weston may grow cross from the indulgence of ease, or his son may plague him.”

“I hope not _that_.—It is not likely. No, Mr. Knightley, do not predict trouble from that quarter.”

“Not I, indeed. I only mention possibilities. I do not claim Emma’s genius for predicting and guessing. I hope, with all my heart, the young man may be a Weston in merit, and a Churchill in fortune.—But Harriet Smith—I have not half finished speaking of Harriet Smith. I think her the very worst sort of companion that Emma could possibly have."
qwen,groq_qwen_32b_free|run_1|AUSTEN_EMMA_002|simplify,groq_qwen_32b_free,qwen/qwen3-32b,AUSTEN_EMMA_002,simplify,562,529,0.941281,warning,json_repaired_loose_rewritten_text,json_repaired_loose_rewritten_text,61de04c8439440fb48ae3bca0410216ef59d4259e3b09afa241e761ae8fd3411,"The list she made when she was only fourteen—I remember thinking it showed how smart she was, so I kept it for a while. I suppose she has made a much better list now. But I’ve given up expecting Emma to read regularly. She never likes things that take effort, patience, or where the imagination has to take a back seat to the mind. If Miss Taylor couldn’t get her to read, then Harriet Smith certainly won’t either. You could never get Emma to read half as much as you wanted. You know you couldn’t.”

  “I dare say,” replied Mrs. Weston, smiling, “that I thought so then; but since we’ve been apart, I can’t remember Emma ever not doing anything I wanted.”

  “There’s hardly any need to try to improve such a good memory,” said Mr. Knightley, feelingly. After a moment or two, he added, “But I, who haven’t been so charmed, must still see, hear, and remember. Emma is spoiled by being the smartest in her family. At ten, she had the bad luck of being able to answer questions that confused her sister at seventeen. She was always quick and confident; Isabella was slow and unsure. And ever since she was twelve, Emma has been in charge of the house and all of you. In her mother, she lost the only person who could match her. She has her mother’s talents and must have been under her control.”

  “I would have been sorry, Mr. Knightley, to depend on your recommendation if I had left Mr. Woodhouse’s family and needed another job. I don’t think you would have said a good word for me to anyone. I’m sure you always thought I wasn’t fit for the job I had.”

  “Yes,” he said, smiling. “You are better placed here; very fit to be a wife, but not at all for a governess. But you were preparing yourself to be an excellent wife all the time you were at Hartfield. You might not have given Emma the full education your talents promised, but you were getting a very good education from her, on the important topic of marriage of giving in and doing what you were told. And if Weston had asked me to recommend him a wife, I would certainly have named Miss Taylor.”

  “Thank you. There will be very little credit in being a good wife to such a man as Mr. Weston.”

  “Why, to tell the truth, I’m afraid you are a bit wasted, and that with every desire to be patient, there will be nothing to be patient with. We won’t give up hope, though. Weston might get cross from too much comfort, or his son might annoy him.”

  “I hope not. That doesn’t seem likely. No, Mr. Knightley, don’t expect trouble from that side.”

  “Not I, indeed. I only mention possibilities. I don’t pretend to Emma’s talent for predicting and guessing. I hope, with all my heart, the young man may be a Weston in merit and a Churchill in fortune. But Harriet Smith—I haven’t finished talking about Harriet Smith. I think she is the worst kind of companion Emma could possibly have."
qwen,groq_qwen_32b_free|run_1|AUSTEN_EMMA_003|modernize,groq_qwen_32b_free,qwen/qwen3-32b,AUSTEN_EMMA_003,modernize,555,467,0.841441,warning,length_soft_warning,json_ok,0d64b56c5aa390347a124bc031f54eaf1bf4362c0fcb9b2fe20d86ab70f77a74,"You don't need to be reminded to sound upset about his disappointment.'""You think I should say no to him, then,"" Harriet said, looking down.""Should say no! My dear Harriet, what are you talking about? Are you unsure about that? I thought—but I'm sorry, maybe I got it wrong. I definitely misunderstood you if you're unsure about what your answer means. I assumed you were just asking me about how to phrase it.""Harriet stayed quiet. Emma, keeping a bit of distance, continued:""So you're planning to say yes, I guess.""""No, I'm not. That is, I don't mean to—What should I do? What would you suggest I do? Please, dear Miss Woodhouse, tell me what I should do.""""I won't give you any advice, Harriet. I won't get involved. This is something you need to decide for yourself.""""I had no idea he liked me that much,"" Harriet said, looking at the letter. Emma stayed quiet for a while; but as she started to worry that the flattery in that letter might be too strong, she decided to say,""I believe the rule is, Harriet, that if a woman is unsure whether to accept a man or not, she definitely should say no. If she's even a little unsure about 'yes,' she should say 'no' right away. It's not something to get into with mixed feelings or half a heart. I thought it was my duty as a friend and someone older to say that much. But don't think I'm trying to push you one way or the other.""""Oh! No, I'm sure you're too kind to—but if you could just tell me what I should do—No, no, I don't mean that—As you said, you should be certain—You shouldn't hesitate—It's a big decision.—Maybe it's safer to say 'no,' perhaps.—Do you think I should say 'no?'""""Not for the world,"" Emma said, smiling kindly, ""would I advise you either way. You're the best judge of your own happiness. If you prefer Mr. Martin to anyone else; if you think he's the most pleasant person you've ever met, why should you hesitate? You're blushing, Harriet.—Is anyone else coming to mind right now? Harriet, Harriet, don't fool yourself; don't let gratitude and pity take over. Right now, who are you thinking of?""The signs were good.—Instead of answering, Harriet turned away, embarrassed, and stood thoughtfully by the fire; and though the letter was still in her hand, she was now fiddling with it absentmindedly. Emma waited, impatient but hopeful. Finally, after some hesitation, Harriet said—""Miss Woodhouse, since you won't give me your opinion, I'll have to make my own decision; and I've now made up my mind, and really almost decided—to say no to Mr."
qwen,groq_qwen_32b_free|run_1|AUSTEN_EMMA_003|simplify,groq_qwen_32b_free,qwen/qwen3-32b,AUSTEN_EMMA_003,simplify,555,470,0.846847,warning,length_soft_warning,json_ok,0d107492b6dd18b09b0cf11ec53cea06d568d9ff9091b0864f6e902ec432901a,"You don't need to pretend to be sad about his disappointment.'""You think I should say no to him, then,"" said Harriet, looking down.""Should say no! My dear Harriet, what are you thinking? Are you unsure about that? I thought—but I'm sorry, maybe I misunderstood. I definitely got the wrong idea if you're unsure about what your answer should be. I thought you were just asking me about how to word it.""Harriet said nothing. Emma continued, a bit more reserved:""I think you're planning to say yes, then.""""No, I'm not; that is, I don't plan to—What should I do? What would you suggest I do? Please, dear Miss Woodhouse, tell me what I should do.""""I won't give you any advice, Harriet. I won't get involved. This is something you have to decide for yourself.""""I had no idea he liked me so much,"" said Harriet, looking at the letter. Emma stayed quiet for a while; but as she began to worry that the letter's flattery might be too strong, she said,""I believe that if a woman is unsure whether to accept a man or not, she should definitely say no. If she can't be sure about saying yes, she should say no right away. It's not something to get into with uncertain feelings or half a heart. I thought it was my duty as a friend and someone older to say this to you. But don't think I want to influence you.""""Oh! No, I'm sure you're much too kind to—but if you could just tell me what I should do—No, no, I don't mean that—As you said, one's mind should be made up—One shouldn't hesitate—It's a very serious thing.—It might be safer to say no.—Do you think I should say no?""""Not for the world,"" said Emma, smiling kindly, ""would I advise you either way. You must be the best judge of your own happiness. If you prefer Mr. Martin to everyone else; if you think he's the most agreeable man you've ever met, why should you hesitate? You're blushing, Harriet.—Is there someone else you're thinking of right now? Harriet, Harriet, don't fool yourself; don't be swayed by gratitude and pity. Right now, who are you thinking of?""The signs were good.—Instead of answering, Harriet turned away, confused, and stood thoughtfully by the fire; and though the letter was still in her hand, it was now being twisted around without care. Emma waited for the result with impatience, but not without strong hopes. At last, with some hesitation, Harriet said—""Miss Woodhouse, as you won't give me your opinion, I must do the best I can by myself; and I have now decided, and really almost made up my mind—to refuse Mr."
qwen,groq_qwen_32b_free|run_1|AUSTEN_EMMA_004|paraphrase,groq_qwen_32b_free,qwen/qwen3-32b,AUSTEN_EMMA_004,paraphrase,560,555,0.991071,warning,json_repaired_loose_rewritten_text,json_repaired_loose_rewritten_text,1360578c2b7dc591a3af249b8b70a6531b950b840173598734b17f003c8466f5,"And is she, at seventeen, just beginning life, just starting to be noticed, to be admired for not accepting the first proposal she receives? No—pray allow her time to consider her options.”

“I have always considered it a foolish attachment,” Mr. Knightley remarked after a moment, “though I have kept my thoughts to myself; but I now see it will be a regrettable one for Harriet. You will inflate her with notions of her own beauty and of what she is entitled to, until in a short time no one within her reach will seem good enough for her. Pride, when it takes hold of a weak mind, brings about all sorts of trouble. It is so easy for a young lady to expect too much. Miss Harriet Smith may not find proposals of marriage coming in so quickly, though she is a very pretty girl. Men of sense, whatever you may choose to say, do not seek foolish wives. Men of standing would not be particularly eager to link themselves with a girl of such uncertain background—and the most prudent men would be wary of the inconvenience and disgrace they might face when the mystery of her parentage is uncovered. Let her marry Robert Martin, and she is safe, respected, and happy for ever; but if you encourage her to hope for a grander match, and teach her to accept nothing less than a man of importance and considerable fortune, she may end up as a parlour-boarder at Mrs. Goddard’s for the rest of her life—or, at the very least, (for Harriet Smith is a girl who will marry someone or other,) until she becomes desperate and is glad to accept the son of the old writing-master.”

“You and I differ so greatly on this matter, Mr. Knightley, that there is no point in arguing. We shall only make each other more vexed. But as for my _allowing_ her to marry Robert Martin, it is impossible; she has refused him, and so firmly, I think, as must prevent any further attempt. She must suffer the consequences of having refused him, whatever they may be; and as for the refusal itself, I will not pretend to say that I might not have had some influence; but I assure you there was very little for me or anyone else to do. His appearance is so much against him, and his manner so poor, that if she ever were inclined to favor him, she is not now. I can imagine that before she had met anyone better, she might have tolerated him. He was the brother of her friends, and he made an effort to please her; and altogether, having seen nobody more refined (that must have been his great advantage) she might not, while she was at Abbey-Mill, have found him disagreeable. But the situation is different now. She knows what gentlemen are; and nothing but a gentleman in education and manner has any chance with Harriet.”

“Fiddlesticks, absurd fiddlesticks, as ever was said!” exclaimed Mr. Knightley.—“Robert Martin’s manner has sense, sincerity, and good humour to recommend it; and his mind has more true gentility than Harriet Smith could understand.”

Emma said nothing, and tried to appear cheerful and unconcerned, but was truly feeling uneasy and wished him very much to leave."
qwen,groq_qwen_32b_free|run_1|AUSTEN_EMMA_004|simplify,groq_qwen_32b_free,qwen/qwen3-32b,AUSTEN_EMMA_004,simplify,560,492,0.878571,warning,json_repaired_loose_rewritten_text,json_repaired_loose_rewritten_text,0e4d9d97b4e3c80c502dd9475880897ef671261b14f3e901663e0064e5f04584,"And is she, at seventeen, just starting out in life, just beginning to be noticed, to be admired because she doesn’t accept the first proposal she gets? No—please let her have time to look around.”

“I’ve always thought it was a foolish friendship,” said Mr. Knightley after a while, “though I’ve kept my thoughts to myself; but now I see it will be a very unfortunate one for Harriet. You’ll fill her head with ideas about her own beauty and what she deserves, and soon no one in her circle will be good enough for her. Pride in a weak mind causes all sorts of problems. It’s easy for a young woman to expect too much. Miss Harriet Smith may not find marriage proposals coming fast, even though she is a very pretty girl. Smart men, no matter what you say, don’t want silly wives. Men from good families wouldn’t be very interested in marrying a girl with such an unclear background—and sensible men would worry about the trouble and embarrassment they might face when her parentage is discovered. If she marries Robert Martin, she is safe, respected, and happy forever; but if you encourage her to expect to marry someone important and wealthy, she might end up living with Mrs. Goddard for the rest of her life—or, at least, (for Harriet Smith is a girl who will marry someone eventually,) until she gets desperate and is glad to accept the old writing-master’s son.”

“We see this issue so differently, Mr. Knightley, that there’s no point in arguing. We’ll just make each other more upset. But as for my letting her marry Robert Martin, it’s impossible; she has refused him, and so firmly, I think, that he won’t try again. She must deal with the consequences of her refusal, whatever they may be; and as for the refusal itself, I won’t pretend I didn’t have some influence; but I assure you there wasn’t much for me or anyone else to do. His appearance is so much against him, and his manner so poor, that if she ever was interested in him, she isn’t now. I can imagine that before she met anyone better, she might have tolerated him. He was the brother of her friends, and he tried to please her; and altogether, having seen no one better (that must have been his big advantage) she might not, while she was at Abbey-Mill, have found him unpleasant. But the situation is different now. She knows what gentlemen are like; and only a gentleman in education and manner has any chance with Harriet.”

“Nonsense, foolish nonsense, as ever was talked!” cried Mr. Knightley.—“Robert Martin’s manners have sense, sincerity, and good humor to recommend them; and his mind has more true gentility than Harriet Smith could understand.”

Emma said nothing, and tried to look cheerful and unbothered, but was really feeling uncomfortable and wanted him to leave very much."
qwen,groq_qwen_32b_free|run_1|AUSTEN_EMMA_005|paraphrase,groq_qwen_32b_free,qwen/qwen3-32b,AUSTEN_EMMA_005,paraphrase,563,568,1.008881,warning,json_repaired_loose_rewritten_text,json_repaired_loose_rewritten_text,c6af64513f097ec081047bca664811df21f7f7d2cff205022981b1d8b4a8def7,"And he is truly a bright young man. All of them are exceptionally clever, and they have such charming ways. They often come to stand beside my chair and say, ‘Grandpapa, would you give me a piece of string?’ Once, Henry asked me for a knife, but I told him that knives were only for grandpapas. I believe their father is too harsh with them at times.\n\n“You find him rough,” Emma remarked, “because you yourself are so gentle; but if you could compare him with other fathers, you would not consider him harsh. He wants his boys to be active and strong; and if they misbehave, he can give them a firm word now and then; but he is a loving father—certainly Mr. John Knightley is a loving father. The children all like him.\n\n“And then their uncle lifts them up to the ceiling in a most alarming manner!”\n\n“But they enjoy it, papa; there is nothing they enjoy more. It is such a delight for them that if their uncle had not set the rule of taking turns, whoever started first would never give way to the other.\n\n“Well, I cannot make sense of it.\n\n“That is the situation with us all, papa. One half of the world cannot grasp the joys of the other.\n\nLater in the morning, just as the girls were about to part in preparation for the customary four o’clock dinner, the hero of this unparalleled charade entered once more. Harriet turned away; but Emma could greet him with her usual smile, and her quick eye soon noticed in his expression the awareness of having taken a chance—of having cast a die; and she thought he had come to see how it might land. His stated reason, however, was to ask whether Mr. Woodhouse’s party could be arranged in the evening without him, or whether he would be in the least essential at Hartfield. If he was, everything else would have to yield; but otherwise, his friend Cole had been so insistent about his dining with him—had made such a point of it, that he had promised him conditionally to come.\n\nEmma thanked him, but would not let him disappoint his friend on their account; her father was certain of his rubber. He pressed the matter again—she refused again; and he seemed then about to take his leave, when taking the paper from the table, she handed it back—\n\n“Oh! here is the charade you were so kind as to leave with us; thank you for letting us see it. We admired it so much, that I have dared to include it in Miss Smith’s collection. I trust your friend will not mind. Of course, I have not copied beyond the first eight lines.”\n\nMr. Elton certainly did not know quite what to say. He looked rather uncertain—rather embarrassed; said something about “honour,”—glanced at Emma and at Harriet, and then, seeing the book open on the table, picked it up and examined it very carefully. To ease an awkward moment, Emma smiled and said,\n\n“You must convey my apologies to your friend; but such a fine charade must not be limited to one or two. He may be assured of every woman’s approval while he writes with such gallantry.”"
qwen,groq_qwen_32b_free|run_1|AUSTEN_EMMA_005|modernize,groq_qwen_32b_free,qwen/qwen3-32b,AUSTEN_EMMA_005,modernize,563,533,0.946714,warning,json_repaired_loose_rewritten_text,json_repaired_loose_rewritten_text,7a8a7677eb58f7daeca65d50e7ad77d40897c07362dc70f6ed1414f8f5ac0dfa,"And he's a really smart kid. They're all incredibly clever, and they have such cute ways. They come and stand by my chair and say, 'Grandpa, can you give me a bit of string?' Once, Henry asked me for a knife, but I told him knives are only for grandpas. I think their dad is too rough with them a lot of the time.""

""He seems rough to you,"" Emma said, ""because you're so gentle yourself. But if you compared him with other dads, you wouldn't think he's rough. He wants his boys to be active and tough, and if they misbehave, he can give them a sharp word now and then. But he's a loving father—definitely Mr. John Knightley is a loving father. The kids all like him.""

""And then their uncle picks them up and tosses them up to the ceiling in a really scary way!""

""But they love it, Dad. There's nothing they like more. It's such fun for them that if their uncle didn't insist on taking turns, whoever started would never let go.""

""Well, I just can't get it.""

""That's the case with all of us, Dad. One half of the world can't understand the pleasures of the other.""

Later that morning, just as the girls were about to split up before the regular four o'clock dinner, the hero of this unforgettable charade walked in again. Harriet turned away, but Emma could greet him with her usual smile, and her sharp eye quickly noticed that he was aware he had taken a gamble—like rolling the dice—and she thought he was there to see how it would turn out. His stated reason, however, was to ask whether Mr. Woodhouse's group could manage without him in the evening or whether he would be needed at Hartfield. If he was, everything else would have to take a back seat; but if not, his friend Cole had been pushing so much for him to have dinner with him—had made such a big deal about it—that he had promised him conditionally to come.

Emma thanked him, but wouldn't let him disappoint his friend for their sake; her father was definitely getting his usual card game. He pushed again—she refused again; and he seemed about to say goodbye, when she handed him the paper from the table.

""Oh! Here's the charade you were so kind as to leave with us. Thank you for letting us see it. We really liked it, so I've gone ahead and added it to Miss Smith's collection. I hope your friend won't mind. Of course, I didn't copy more than the first eight lines.""

Mr. Elton clearly didn't know what to say. He looked a bit uncertain—embarrassed; said something about 'honour'—glanced at Emma and at Harriet, and then, seeing the book open on the table, picked it up and examined it very carefully. To ease the awkward moment, Emma smiled and said,

""You'll have to apologize for me to your friend; but such a great charade shouldn't be limited to just one or two people. He can be sure of every woman's approval as long as he writes with such flair."
qwen,groq_qwen_32b_free|run_1|AUSTEN_EMMA_005|simplify,groq_qwen_32b_free,qwen/qwen3-32b,AUSTEN_EMMA_005,simplify,563,574,1.019538,warning,json_repaired_loose_rewritten_text,json_repaired_loose_rewritten_text,c83b3b9c92204a00aff76faa37f88c079ab9770b930c2166f38c369c493b1f65,"And he is a very smart boy, indeed. They are all very clever; and they have so many nice ways. They come and stand by my chair and say, ‘Grandpapa, can you give me a bit of string?’ and once Henry asked me for a knife, but I told him knives were only for grandpapas. I think their father is too rough with them too often.\n\n“He appears rough to you,” said Emma, “because you are so gentle yourself; but if you could compare him with other fathers, you would not think him rough. He wants his boys to be active and strong; and if they misbehave, he can give them a sharp word now and then; but he is a loving father—certainly Mr. John Knightley is a loving father. The children all like him.\n\n“And then their uncle comes in and tosses them up to the ceiling in a very frightening way!\n\n“But they like it, papa; there is nothing they like more. It is such fun for them that if their uncle didn’t say they had to take turns, whoever started would never let the other have a go.\n\n“Well, I cannot understand it.\n\n“That is the case with us all, papa. One half of the world cannot understand the pleasures of the other.\n\nLater in the morning, and just as the girls were about to go their separate ways before the regular four o’clock dinner, the hero of this unforgettable charade walked in again. Harriet turned away; but Emma could greet him with her usual smile, and her quick eye soon noticed in his face the knowledge that he had taken a chance—that he had rolled the dice; and she thought he had come to see what would happen. His stated reason, however, was to ask whether Mr. Woodhouse’s party could be made up in the evening without him, or whether he would be needed at Hartfield in any way. If he was, everything else would have to give way; but if not, his friend Cole had been talking so much about his dining with him—had insisted so much on it, that he had promised him conditionally to come.\n\nEmma thanked him, but would not let him disappoint his friend for their sake; her father was sure to have his game. He tried again—she refused again; and he seemed about to bow, when taking the paper from the table, she handed it back—\n\n“Oh! here is the charade you were so kind as to leave with us; thank you for letting us see it. We liked it so much, that I have taken the liberty of writing it into Miss Smith’s collection. Your friend will not mind, I hope. Of course I have not copied more than the first eight lines.”\n\nMr. Elton certainly did not know what to say. He looked a bit uncertain—rather confused; said something about ‘honour’—looked at Emma and at Harriet, and then seeing the book open on the table, picked it up and examined it very carefully. To get past an awkward moment, Emma smiled and said,\n\n“You must make my apologies to your friend; but such a good charade must not be kept to just one or two. He can be sure of every woman’s approval while he writes with such charm.”"
qwen,groq_qwen_32b_free|run_1|AUSTEN_EMMA_006|modernize,groq_qwen_32b_free,qwen/qwen3-32b,AUSTEN_EMMA_006,modernize,563,521,0.9254,warning,json_repaired_loose_rewritten_text,json_repaired_loose_rewritten_text,1f28cb0f1c43b464dc61b85102ae8b5ec99758641f606650b7e3dcd86353f2ec,"“Dad is just expressing his own disappointment.”\n\n“That’s a generous way to put it,” was the thoughtful response.\n\n“And do you see her often, sir?” Isabella asked in a tone that matched her father’s sadness.\n\nMr. Woodhouse hesitated. “Not nearly as often as I’d like, dear.”\n\n“Oh, papa, we’ve only missed one full day since they got married. Every morning or evening except for that one, we’ve seen either Mr. Weston or Mrs. Weston, and usually both, either at Randalls or here—and as you can imagine, Isabella, mostly here. They really try to visit often. Mr. Weston is just as kind as she is. Dad, if you keep sounding so down, you’ll make Isabella think the worst about us. Everyone knows Miss Taylor is missed, but everyone should also know that Mr. and Mrs. Weston have definitely helped us not miss her as much as we expected. That’s the truth.”\n\n“Exactly how it should be,” said Mr. John Knightley. “And exactly how I hoped it was from your letters. No one doubted her desire to be attentive, and since Mr. Weston is a free and sociable guy, it all works out. I’ve always told you, love, that I didn’t think the change would affect Hartfield as much as you feared; and now you’ve heard Emma’s side, I hope you’re convinced.”\n\n“Well, of course,” said Mr. Woodhouse. “Yes, I can’t deny that Mrs. Weston, poor Mrs. Weston, does come to see us fairly often—but then she always has to leave again.”\n\n“It would be unfair to Mr. Weston if she didn’t, papa. You’re completely forgetting poor Mr. Weston.”\n\n“I think,” said John Knightley in a friendly tone, “that Mr. Weston has a bit of a claim here. You and I, Emma, can both support the poor husband. I’m a husband, and you’re not a wife, so the man’s needs probably hit us both the same. As for Isabella, she’s been married long enough to understand the value of letting all the Mr. Westons go as much as she can.”\n\n“Me, my love,” cried his wife, hearing only part of the conversation. “Are you talking about me? I’m sure no one should or could be a bigger supporter of marriage than I am; and if it hadn’t been for the pain of her leaving Hartfield, I’d never have thought twice about Miss Taylor but see her as the luckiest woman in the world; and as for slighting Mr. Weston, that excellent Mr. Weston, I think he deserves everything. I believe he’s one of the most even-tempered men who ever lived. Except for yourself and your brother, I don’t know anyone who can match him for temperament. I’ll never forget how he flew Henry’s kite for him on that very windy day last Easter—and ever since his special kindness last September in writing that note at midnight to let me know there was no scarlet fever in Cobham, I’ve been convinced there couldn’t be a more caring heart or a better man in existence.”"
qwen,groq_qwen_32b_free|run_1|AUSTEN_EMMA_006|simplify,groq_qwen_32b_free,qwen/qwen3-32b,AUSTEN_EMMA_006,simplify,563,538,0.955595,warning,json_repaired_loose_rewritten_text,json_repaired_loose_rewritten_text,84caacb03a12112b9b334befe3e81c49ebbf71253cd651c385cd539feeeddb42,"“Papa is just expressing his own regret.”\n\n“Very much to the credit of both,” was the handsome reply.\n\n“And do you see her, sir, often enough?” asked Isabella in a sad tone that fit her father perfectly.\n\nMr. Woodhouse hesitated. “Not nearly as often, my dear, as I would like.”\n\n“Oh! Papa, we’ve only missed seeing them one full day since they married. Every morning or evening except that one day, we’ve seen either Mr. Weston or Mrs. Weston, and usually both, either at Randalls or here—and as you can imagine, Isabella, mostly here. They are very, very kind with their visits. Mr. Weston is just as kind as his wife. Papa, if you speak so sadly, you’ll give Isabella the wrong idea about us all. Everyone knows Miss Taylor is missed, but everyone should also know that Mr. and Mrs. Weston really help us not miss her as much as we thought we would—which is exactly the truth.”\n\n“Just as it should be,” said Mr. John Knightley, “and just as I hoped from your letters. Her desire to be attentive to you was obvious, and his being a free and friendly man makes it all easy. I’ve always told you, my love, that I didn’t think the change would be so important to Hartfield as you feared; and now you have Emma’s account, I hope you’ll be satisfied.”\n\n“Well, of course,” said Mr. Woodhouse—“yes, certainly—I can’t deny that Mrs. Weston, poor Mrs. Weston, does come to see us quite often—but then—she is always forced to leave again.”\n\n“It would be very hard on Mr. Weston if she didn’t, papa.—You’ve completely forgotten poor Mr. Weston.”\n\n“I think,” said John Knightley in a friendly tone, “that Mr. Weston has some claim to attention. You and I, Emma, can safely support the poor husband. I, being a husband, and you not being a wife, the needs of the man may hit us equally. As for Isabella, she’s been married long enough to understand the value of setting aside all the Mr. Westons as much as she can.”\n\n“Me, my love,” cried his wife, hearing and understanding only part of it.—“Are you talking about me?—I’m sure no one should be, or can be, a greater supporter of marriage than I am; and if it hadn’t been for the sadness of her leaving Hartfield, I would never have thought of Miss Taylor but as the most fortunate woman in the world; and as for ignoring Mr. Weston, that excellent Mr. Weston, I think there is nothing he doesn’t deserve. I believe he is one of the very best-tempered men that ever lived. Excepting yourself and your brother, I don’t know his equal for temper. I shall never forget his flying Henry’s kite for him that very windy day last Easter—and ever since his special kindness last September in writing that note, at twelve o’clock at night, just to tell me there was no scarlet fever at Cobham, I have been convinced there could not be a more caring heart nor a better man in existence.”"
qwen,groq_qwen_32b_free|run_1|AUSTEN_EMMA_007|paraphrase,groq_qwen_32b_free,qwen/qwen3-32b,AUSTEN_EMMA_007,paraphrase,553,570,1.030741,warning,json_repaired_loose_rewritten_text,json_repaired_loose_rewritten_text,0663257e7b4f3809161b8fe932e1c9593ebbf540ee2de023db50e33f54734a6e,"“You are quite right,” she replied; “we shall convey your regrets to Mr. and Mrs. Weston.”\n\nBut scarcely had she spoken when she noticed her brother courteously offering Mr. Elton a seat in his carriage, should the weather be the only obstacle, and Mr. Elton readily accepting the proposal with evident eagerness. The matter was settled; Mr. Elton was to go, and never had his broad, handsome countenance shown more delight than at this moment; never had his smile been more radiant, nor his eyes more triumphant than when he next glanced at her.\n\n“Well,” she mused to herself, “this is most peculiar!—After I had managed to get him away so neatly, to choose to attend company and leave Harriet unwell behind!—Most peculiar indeed!—But I suspect that in many men, especially those who are unmarried, there exists such a strong inclination—such a passion for dining out—that a dinner engagement ranks so highly among their pleasures, their occupations, their dignities, almost their duties, that everything else must yield to it—and this must be the case with Mr. Elton; a most estimable, amiable, agreeable young man without a doubt, and very much in love with Harriet; yet still, he cannot refuse an invitation, he must dine out wherever he is called upon. What a curious thing love is! he can perceive wit in Harriet, but will not dine alone for her.”\n\nShortly after, Mr. Elton departed, and she could not help but acknowledge that there was a great deal of feeling in the way he mentioned Harriet at parting; in the tone of his voice as he assured her that he would call at Mrs. Goddard’s for news of her fair friend, the last thing before he prepared for the joy of meeting her again, when he hoped to be able to give a better account; and he sighed and smiled himself away in a manner that left the balance of approval greatly in his favor.\n\nAfter a few minutes of complete silence between them, John Knightley began with—\n\n“I have never seen a man more determined to be agreeable than Mr. Elton. It is sheer effort for him when ladies are involved. With men he can be rational and unaffected, but when it comes to pleasing ladies, every expression is at work.”\n\n“Mr. Elton’s manners are not flawless,” replied Emma; “but where there is a desire to please, one ought to overlook, and one does overlook a great deal. Where a man does his best with only moderate abilities, he will have the advantage over careless superiority. There is such perfect good temper and goodwill in Mr. Elton as one cannot but appreciate.”\n\n“Yes,” said Mr. John Knightley presently, with some slyness, “he seems to have a great deal of goodwill towards you.”\n\n“Me!” she replied with a smile of surprise, “are you imagining me to be Mr. Elton’s object?”\n\n“Such an idea has crossed me, I confess, Emma; and if it never occurred to you before, you may as well consider it now.”\n\n“Mr. Elton in love with me!—What an idea!”\n\n“I do not say it is so; but you will do well to consider whether it is so or not, and to regulate your conduct accordingly. I think your manner towards him encouraging.”"
qwen,groq_qwen_32b_free|run_1|AUSTEN_EMMA_007|modernize,groq_qwen_32b_free,qwen/qwen3-32b,AUSTEN_EMMA_007,modernize,553,552,0.998192,warning,json_repaired_loose_rewritten_text,json_repaired_loose_rewritten_text,7b8dd83b43389e9495e47bb67a06ac0af4db16295289aafd28af5330379a6f76,"You're doing the right thing,"" she said. ""We'll give Mr. and Mrs. Weston your apologies.\n\nBut just as she said that, she noticed her brother had politely offered Mr. Elton a seat in his carriage, assuming the weather was the only issue for him, and Mr. Elton had actually accepted with quick satisfaction. It was settled; Mr. Elton was going, and his broad, handsome face had never shown more pleasure than it did now. His smile had never been brighter, nor his eyes more triumphant, when he looked at her next.\n\n\""Well,\"" she thought to herself, \""this is really odd! After I had managed to get him to stay behind so nicely, he now chooses to go out and leave Harriet sick at home. How strange! But I guess there's something in a lot of men, especially single ones, that makes them so eager to go out to dinner. A dinner invitation is such a big deal for them—part of their fun, their work, their status, almost their duty—that anything else has to take a back seat. And this must be the case with Mr. Elton. He's a really valuable, kind, and pleasant young man, no doubt, and very much in love with Harriet. But still, he can't say no to an invitation. He has to go out to dinner wherever he's asked. Love is such a strange thing! He can see Harriet's wit, but he won't skip dinner for her.\"" \n\nNot long after, Mr. Elton left them, and she couldn't help but feel he showed a lot of feeling in the way he mentioned Harriet when saying goodbye. The tone of his voice when he promised to stop by Mrs. Goddard's for news of his fair friend, the last thing before he went to enjoy the happiness of meeting her again, when he hoped to have better news—his sighs and smiles as he left made her think he was in a good light.\n\nAfter a few minutes of silence between them, John Knightley began with,\n\n\""I've never seen a man so determined to be nice as Mr. Elton. It's practically work for him when it comes to ladies. With men, he can be reasonable and natural, but when it's about impressing women, every part of him is on display.\""\n\n\""Mr. Elton's manners aren't perfect,\"" Emma replied. \""But when someone really wants to please, you tend to overlook a lot. When a man does his best with only average abilities, he can still come out ahead of someone who's lazy but talented. Mr. Elton has such a warm and friendly attitude that you can't help but appreciate it.\""\n\n\""Yes,\"" Mr. John Knightley said after a pause, with a bit of a sly tone, \""he seems to have a lot of good will towards you.\""\n\n\""Me!\"" she replied, surprised. \""Are you thinking I'm Mr. Elton's target?\""\n\n\""I've been thinking about it, Emma. And if it's never occurred to you before, maybe you should consider it now.\""\n\n\""Mr. Elton in love with me! What a thought!\""\n\n\""I'm not saying it is. But you should think about whether it is or not, and act accordingly. I think your behavior towards him is encouraging.\"""
qwen,groq_qwen_32b_free|run_1|AUSTEN_EMMA_007|simplify,groq_qwen_32b_free,qwen/qwen3-32b,AUSTEN_EMMA_007,simplify,553,540,0.976492,warning,json_repaired_loose_rewritten_text,json_repaired_loose_rewritten_text,998cab34b91a66fcf2a58c7e96fbcb5acedf7613fa1d8374305c410782cf437f,"“You’re doing the right thing,” she said. “We’ll make your apologies to Mr. and Mrs. Weston.”\n\nBut just as she said that, she noticed her brother was offering Mr. Elton a seat in his carriage, if the weather was the only problem for Mr. Elton. And to her surprise, Mr. Elton accepted right away with great enthusiasm. It was settled—Mr. Elton was going. At that moment, his handsome face showed more happiness than ever before. His smile was brighter, and his eyes sparkled with excitement when he looked at her next.\n\n“Well,” she thought to herself, “this is very strange! After I had managed to get him to stay behind when Harriet was unwell, he now chooses to go out and leave her behind. How odd! I suppose many men, especially single men, have such a strong desire to go out for dinner. A dinner invitation is such an important part of their pleasures, their activities, their sense of importance, almost their duty, that everything else is put aside for it. And this must be the case with Mr. Elton. He’s a very kind, likeable young man, and clearly in love with Harriet, but he can’t refuse an invitation. He must go out to dinner wherever he is asked. Love is such a strange thing! He can see Harriet’s wit and charm, but he won’t stay home with her for dinner.”\n\nSoon after, Mr. Elton left them. She couldn’t help but notice the emotion in the way he mentioned Harriet as they said goodbye. The tone of his voice when he promised to visit Mrs. Goddard for news of his fair friend, just before he went to enjoy the happiness of meeting her again, was full of feeling. He sighed and smiled as he left, and she had to admit he left a good impression.\n\nAfter a few minutes of silence between them, John Knightley began by saying,\n\n“I’ve never seen a man so determined to be agreeable as Mr. Elton. It’s almost like hard work for him when it comes to ladies. With men, he can be natural and easygoing, but when he wants to please women, every part of his face shows it.”\n\n“Mr. Elton’s manners aren’t perfect,” Emma replied. “But when someone really wants to please, you tend to overlook a lot. When a man does his best with only average abilities, he can still come out better than someone who is naturally superior but careless. Mr. Elton has such a good-natured and friendly attitude that it’s hard not to appreciate it.”\n\n“Yes,” Mr. John Knightley said after a moment, with a bit of teasing, “he seems to have a lot of good will towards you.”\n\n“Me!” she replied, surprised. “Are you thinking I’m the one Mr. Elton is interested in?”\n\n“I’ve been thinking that, Emma. And if it’s a new idea for you, you might as well consider it now.”\n\n“Mr. Elton in love with me! What an idea!”\n\n“I don’t say it is. But you should think about whether it is or not, and act accordingly. I think your behavior towards him has been encouraging.”"
qwen,groq_qwen_32b_free|run_1|AUSTEN_EMMA_009|simplify,groq_qwen_32b_free,qwen/qwen3-32b,AUSTEN_EMMA_009,simplify,562,553,0.983986,warning,json_repaired_loose_rewritten_text,json_repaired_loose_rewritten_text,833cf1fa12efc28f676eaf1a927352e1ca78a60a9ebc10975d21de726189b5b6,"As he became more reasonable, he should have stood up for himself and gotten rid of anything in their control that was unfair. He should have resisted the first time they tried to make him disrespect his father. If he had started doing the right thing, there wouldn’t be any problems now.\n\n“We’ll never agree about him,” said Emma. “But that’s not surprising. I don’t think he’s a weak young man at all. I’m sure he isn’t. Mr. Weston wouldn’t ignore foolishness, even if it was in his own son. But Frank might be more gentle and easygoing than you think a man should be. I think he is, and even though it might cost him some benefits, it could give him many others.\n\n“Yes, all the benefits of doing nothing when he should be acting, and living a life of lazy pleasure, thinking he’s really good at making excuses for it. He can sit down and write a fancy letter full of promises and lies, and convince himself he’s found the best way to keep peace at home and stop his father from having any reason to complain. His letters make me sick.\n\n“Your feelings are strange. They seem to satisfy everyone else.\n\n“I think they don’t satisfy Mrs. Weston. They probably can’t satisfy a woman with her good sense and quick feelings, especially since she’s in the role of a mother without a mother’s love to cloud her judgment. Because of her, we owe it to her to visit Randalls even more, and she must feel the lack even more. If she were important herself, he would have come, I dare say; and it wouldn’t matter much whether he did or not. Can you think your friend is behind in these kinds of thoughts? Do you suppose she doesn’t often say all this to herself? No, Emma, your kind young man is kind only in French, not in English. He may be very ‘amiable,’ have good manners, and be pleasant; but he has no real English sensitivity to other people’s feelings: nothing truly kind about him.\n\n“You seem determined to think badly of him.\n\n“Me!—not at all,” replied Mr. Knightley, a bit annoyed. “I don’t want to think badly of him. I would be as ready to admit his good points as anyone else; but I hear of none, except what are just personal things; that he is well-built and good-looking, with smooth, convincing manners.\n\n“Well, if he has nothing else to recommend him, he will be a treasure at Highbury. We don’t often see handsome young men who are well-mannered and pleasant. We shouldn’t be too picky and ask for all the virtues as well. Can’t you imagine, Mr. Knightley, what a big talk he’ll cause? There will be only one topic throughout the parishes of Donwell and Highbury; only one interest—one thing everyone will be curious about; it will be all Mr. Frank Churchill; we’ll think and talk about no one else.\n\n“You’ll excuse me for being so overwhelmed. If I find him interesting to talk to, I’ll be glad to know him; but if he’s just a loud, foolish man, he won’t take up much of my time or thoughts.”"
qwen,groq_qwen_32b_free|run_1|AUSTEN_EMMA_012|paraphrase,groq_qwen_32b_free,qwen/qwen3-32b,AUSTEN_EMMA_012,paraphrase,566,549,0.969965,warning,json_repaired_loose_rewritten_text,json_repaired_loose_rewritten_text,1b13cfe06683734fc8e0d44da6cdf7abc29d9b9581e4ec356608f4f639a4d3a4,"He spoke with the enthusiasm of a young man determined to enjoy himself; and Emma was somewhat surprised to see how clearly the Weston family's vitality overcame the Churchill tendencies. He appeared to inherit all the liveliness, cheerfulness, and sociable nature of his father, without any of the hauteur or restraint associated with Enscombe. Indeed, there was perhaps not enough pride at all; his disregard for social distinctions came close to a lack of refinement. Yet he could not be expected to understand the harm he caused by undervaluing such matters. It was simply the overflow of his lively disposition.\n\nAt last, he was convinced to move away from the front of the Crown; and as they now nearly faced the home where the Bateses lived, Emma recalled his planned visit the previous day and inquired if he had made it.\n\n“Yes, oh yes!” he replied. “I was just about to mention it. It was a very successful visit—I met all three ladies, and I am very grateful to you for the heads-up. If the talkative aunt had caught me entirely unprepared, it would have been the end of me. As it was, I found myself drawn into a visit far longer than I should have been. Ten minutes might have been enough, perhaps even more than enough; and I had promised my father I would be home before him—but there was no escape, no pause. To my complete amazement, when he finally found me there, I had been sitting with them for nearly three-quarters of an hour. The good lady never gave me the slightest chance to leave before that.”\n\n“And how did you find Miss Fairfax?”\n\n“Ill, very ill—that is, if a young lady can ever be said to look unwell. But the phrase is hardly acceptable, Mrs. Weston, is it? Ladies can never look ill. And, in truth, Miss Fairfax is naturally so pale that it often gives the impression of poor health—a most unfortunate lack of color.”\n\nEmma disagreed and began a spirited defense of Miss Fairfax’s complexion. “It was certainly never bright, but I do not think it generally had a sickly look; and there was a softness and delicacy to her skin that gave her face a particular grace.” He listened with all the proper courtesy; admitted he had heard many say the same—but still he had to confess that to him, nothing could compensate for the absence of a healthy glow. When features were average, a fine complexion could make all the difference; and when they were good, the effect—fortunately, he need not try to describe it.\n\n“Well,” said Emma, “there is no arguing about taste.—At least you admire her apart from her complexion.”\n\nHe shook his head and laughed. “I cannot separate Miss Fairfax from her complexion.”\n\n“Did you see her often at Weymouth? Were you often in the same company?”\n\nAt this moment, they were nearing Ford’s, and he exclaimed eagerly, “Ha! this must be the very shop that everyone visits every day of their lives, as my father tells me. He comes to Highbury himself, he says, six days out of seven, and always has business at Ford’s.”"
qwen,groq_qwen_32b_free|run_1|AUSTEN_EMMA_012|modernize,groq_qwen_32b_free,qwen/qwen3-32b,AUSTEN_EMMA_012,modernize,566,549,0.969965,warning,json_repaired_loose_rewritten_text,json_repaired_loose_rewritten_text,8e4161228d6501d5d121eef56f7d72f4fe1f45366902ba7e505eac4a72f19f0e,"He talked like someone really eager to dance; and Emma was a bit surprised to see how clearly the Weston family’s energy was winning out over the more reserved Churchill style. He seemed to have all the liveliness, good mood, and sociable nature of his father, and none of the haughtiness or aloofness that came from Enscombe. In fact, there might not have been enough pride at all; his lack of concern for social status came off as a bit too casual. But he couldn’t really understand the problem with that. It was just a sign of his lively personality.\n\nEventually, he was convinced to move away from the front of the Crown; and now that they were almost passing the house where the Bates family lived, Emma remembered his planned visit the day before and asked him if he had gone through with it.\n\n“Yes, oh yes!” he replied. “I was just about to mention it. It was a pretty successful visit—I met all three of them, and I’m really grateful for your heads-up. If that talkative aunt had caught me by surprise, it would have been the end of me. As it was, I ended up staying way too long. Ten minutes would have been enough, maybe even more than enough. I had told my dad I’d be home before him—but there was no way out, no chance to pause. And to my complete shock, when he finally found me there, I realized I had been sitting with them for almost forty-five minutes. That nice lady never gave me a chance to leave before that.”\n\n“And what did you think of Miss Fairfax?”\n\n“Ill, really ill—that is, if a young woman can ever be allowed to look unwell. But the term is a bit out of place, Mrs. Weston, isn’t it? Ladies can’t really look ill. And honestly, Miss Fairfax is naturally so pale that she often looks unwell. It’s a real shame she doesn’t have a better complexion.”\n\nEmma didn’t agree and started a passionate defense of Miss Fairfax’s skin. “It’s never been very bright, but I don’t think it usually looks sickly; and there’s a softness and delicacy to her skin that gives her face a special elegance.” He listened politely; admitted he had heard others say the same—but still, he had to admit that he couldn’t imagine anything making up for the lack of a healthy glow. When someone’s features were average, a good complexion could make them look beautiful. And when they were already good, the effect was—luckily, he didn’t need to try to describe what that effect was.\n\n“Well,” said Emma, “there’s no arguing about taste—at least you find her attractive, even if not for her skin.”\n\nHe shook his head and laughed. “I can’t really separate Miss Fairfax from her complexion.”\n\n“Did you see her often in Weymouth? Were you often in the same company?”\n\nAt that moment, they were approaching Ford’s shop, and he quickly exclaimed, “Hey, this must be the exact shop everyone goes to every day, as my father told me. He says he comes to Highbury himself six days a week and always has business at Ford’s.”"
qwen,groq_qwen_32b_free|run_1|AUSTEN_EMMA_012|simplify,groq_qwen_32b_free,qwen/qwen3-32b,AUSTEN_EMMA_012,simplify,566,552,0.975265,warning,json_repaired_loose_rewritten_text,json_repaired_loose_rewritten_text,c3919c639aa5a7263dfdbeb6032b62258769e59c0f590d8d42a8bbf0ba4e31c2,"He talked like someone really eager to dance; and Emma was surprised to see how much energy and liveliness the Weston family had compared to the Churchills. He seemed to have all the cheerful and friendly qualities of his father, and none of the pride or aloofness of Enscombe. In fact, there might not have been enough pride at all; his lack of concern about social rank came across as too casual. But he couldn’t really understand how that might be seen as a bad thing. It was just the natural result of his lively and cheerful nature.\n\nAt last, he was convinced to move from the front of the Crown. Now that they were almost facing the house where the Bates family lived, Emma remembered his planned visit the day before and asked him if he had gone.\n\n“Yes, oh yes,” he replied. “I was just going to mention it. It was a very successful visit—I saw all three ladies, and I was really grateful for your warning. If the talkative aunt had caught me completely by surprise, it would have been the end of me. As it was, I ended up staying much longer than I should have. I thought ten minutes would be enough, maybe even more than enough. I had told my father I’d be home before him—but there was no way to leave, no chance to pause. And to my complete surprise, when he finally found me there, I had been sitting with them for almost three-quarters of an hour. The kind lady never gave me a chance to escape before that.”\n\n“And how did you think Miss Fairfax looked?”\n\n“Ill, very ill—that is, if a young lady can ever be allowed to look ill. But the expression is hardly acceptable, Mrs. Weston, is it? Ladies can never look ill. And, honestly, Miss Fairfax is naturally so pale that it often looks like she’s unwell. It’s a terrible lack of color.”\n\nEmma didn’t agree with that and started a strong defense of Miss Fairfax’s complexion. “It was certainly never bright, but I don’t think it usually looked sickly; and there was a softness and delicacy to her skin that gave a special elegance to her face.” He listened politely; admitted that he had heard many people say the same—but still had to admit that for him, nothing could make up for the lack of a healthy glow. When someone’s features were average, a good complexion could make them all look beautiful. And when the features were already good, the effect was—fortunately, he didn’t need to try to describe what that effect was.\n\n“Well,” said Emma, “there’s no arguing about taste—at least you admire her except for her complexion.”\n\nHe shook his head and laughed. “I can’t separate Miss Fairfax from her complexion.”\n\n“Did you see her often at Weymouth? Were you often in the same company?”\n\nAt this moment, they were approaching Ford’s, and he quickly exclaimed, “Ha! This must be the very shop that everyone goes to every day of their lives, as my father tells me. He comes to Highbury himself, he says, six days out of the seven, and always has business at Ford’s.”"
qwen,groq_qwen_32b_free|run_1|AUSTEN_EMMA_013|simplify,groq_qwen_32b_free,qwen/qwen3-32b,AUSTEN_EMMA_013,simplify,563,504,0.895204,warning,json_repaired_loose_rewritten_text,json_repaired_loose_rewritten_text,16a15757ab5de2987c004bfb5ef2f2a6adc10f3acee26f542d85acb6e1863bfd,"And just yesterday I was telling Mr. Cole that I was really ashamed to look at our new grand piano in the drawing-room, since I can't tell one note from another. Our little girls are just starting out and might never get very good at it. And then there's poor Jane Fairfax, who is very skilled in music, but doesn't have an instrument at all—not even the smallest old harpsichord in the world to play with. I was saying this to Mr. Cole just yesterday, and he agreed with me. He loves music so much that he couldn't help buying the piano, hoping some of our kind neighbors might occasionally use it better than we can. That's really why the instrument was bought—or else I'm sure we should be ashamed of it. We're hoping very much that Miss Woodhouse might try it this evening.”

Miss Woodhouse gave the proper response; and when she saw there was nothing more to be learned from Mrs. Cole, she turned to Frank Churchill.

""Why do you smile?"" she asked.

""Nay, why do you?""

""Me!—I suppose I smile because Colonel Campbell is so rich and generous. It's a generous gift.""

""Very.""

""I wonder why it wasn't given before.""

""Perhaps Miss Fairfax has never stayed here this long before.""

""Or that he didn't give her the use of their own instrument—which is now locked up in London, untouched by anyone.""

""That is a grand piano, and he might think it too big for Mrs. Bates's house.""

""You may say what you like—but your expression shows your thoughts on this matter are much like mine.""

""I don't know. I think you're giving me more credit for being sharp than I deserve. I smile because you smile, and I'll probably suspect whatever you suspect; but at the moment I don't see what there is to question. If Colonel Campbell isn't the one, who can it be?""

""What about Mrs. Dixon?""

""Mrs. Dixon! That's true enough. I hadn't thought of her. She must know as well as her father how much an instrument would be appreciated; and perhaps the way it was done, the secrecy, the surprise, is more like a young woman's plan than an old man's. It must be Mrs. Dixon, I'm sure. I told you your suspicions would guide mine.""

""If so, you must extend your suspicions and include Mr. Dixon as well.""

""Mr. Dixon.—Very well. Yes, I see at once that it must be the joint gift of Mr. and Mrs. Dixon. We were talking the other day, you know, about his being such a warm admirer of her playing.""

""Yes, and what you told me then confirmed an idea I had before.—I don't mean to question the good intentions of either Mr. Dixon or Miss Fairfax, but I can't help suspecting that, after making his proposals to her friend, he had the misfortune to fall in love with her, or that he became aware of a little affection on her side."
qwen,groq_qwen_32b_free|run_1|AUSTEN_EMMA_017|paraphrase,groq_qwen_32b_free,qwen/qwen3-32b,AUSTEN_EMMA_017,paraphrase,556,489,0.879496,warning,json_repaired_loose_rewritten_text,json_repaired_loose_rewritten_text,b14f8172cb1a45f80f2cb51209c3f163b23fa03c55910b5de0f2cb08cfbed82b,"I am as devoted to home as anyone could be. At Maple Grove, I was well known for it. Selina often remarked when she was going to Bristol, 'I simply cannot persuade this girl to leave the house. I must go in alone, though I dislike being stuck in the barouche-landau without company; but I believe Augusta, with all her good intentions, would never venture beyond the park gate.' She said this many times; yet I do not support complete isolation. On the contrary, I think it is very unwise when people cut themselves off entirely from society. It is far better to engage with the world in a proper way, neither too much nor too little. I understand your situation, Miss Woodhouse—(glancing toward Mr. Woodhouse)—Your father’s health must be a great concern. Why does he not try Bath? Indeed, he should. Let me suggest Bath to you. I can assure you that it would benefit Mr. Woodhouse greatly.\n\n“My father tried it more than once before, but without any improvement; and Mr. Perry, whose name I daresay you know, does not believe it would be more helpful now.\n\n“Ah! That is a great pity; for I can assure you, Miss Woodhouse, when the waters agree, they provide remarkable relief. I have seen such cases in Bath! And it is such a cheerful place that it could not help but improve Mr. Woodhouse’s spirits, which I understand are often quite low. As for its advantages to you, I need not elaborate much. The benefits of Bath for the young are generally understood. It would be a delightful introduction for you, who have lived so quietly; and I could easily connect you with some of the best society there. A letter from me would bring you a host of acquaintances; and my dear friend, Mrs. Partridge, the lady I have always stayed with in Bath, would be delighted to offer you any attention and would be the ideal companion for you in public.\n\nIt was all Emma could bear without being rude. The thought of her being introduced by Mrs. Elton—of her going out in public with the support of a friend of Mrs. Elton’s—likely some vulgar, showy widow, who barely managed to live with the help of a boarder!—The dignity of Miss Woodhouse, of Hartfield, was truly diminished!\n\nShe restrained herself from giving any reproof she could have offered and only thanked Mrs. Elton coolly; 'but going to Bath is quite out of the question for us; and she is not entirely convinced that the place might suit her better than her father.' And then, to prevent further offense and indignation, she changed the subject immediately.\n\n“I do not ask whether you are musical, Mrs. Elton. On such occasions, a lady’s reputation usually precedes her; and Highbury has long known that you are an excellent performer.”"
qwen,groq_qwen_32b_free|run_1|AUSTEN_EMMA_017|modernize,groq_qwen_32b_free,qwen/qwen3-32b,AUSTEN_EMMA_017,modernize,556,521,0.93705,warning,json_repaired_loose_rewritten_text,json_repaired_loose_rewritten_text,98b9d8702e938b28f0f0a50d7fb78955113bb5c424b1158344e49586c5eef4db,"Nobody can be more devoted to home than I am. I was known for it at Maple Grove. Selina used to say many times when she was going to Bristol, ‘I really can’t get this girl to leave the house. I absolutely have to go in by myself, even though I hate being stuck in the barouche-landau without company; but Augusta, I believe, with her own good will, would never go beyond the park fence.’ She said that many times. And yet I’m not in favor of total seclusion. On the contrary, I think it’s a bad idea when people shut themselves off from society entirely. It’s much better to be involved in the world in a proper way, without being too much or too little involved. I understand your situation, Miss Woodhouse—(looking toward Mr. Woodhouse)—your father’s health must be a big concern. Why doesn’t he try Bath? He really should. Let me recommend Bath to you. I can assure you I’m convinced it would help Mr. Woodhouse.\n\n“My father tried it more than once before, but it didn’t help at all. And Mr. Perry, whose name I’m sure you know, doesn’t think it would be any more useful now.”\n\n“Ah! That’s a shame. Because I can assure you, Miss Woodhouse, when the waters agree with someone, the relief they give is amazing. I’ve seen so many cases of that in Bath! And it’s such a cheerful place that it couldn’t fail to help Mr. Woodhouse’s spirits, which I understand are sometimes quite low. As for its benefits to you, I don’t need to go on about them. The advantages of Bath for young people are pretty well known. It would be a great experience for you, who’ve lived such a quiet life; and I could immediately connect you with some of the best people there. A note from me would bring you a whole circle of friends; and my special friend, Mrs. Partridge, the woman I’ve always stayed with when I’m in Bath, would be delighted to show you any attention and would be the perfect person for you to go out with in public.”\n\nIt was all Emma could do not to be rude. The idea of her being introduced by Mrs. Elton—of her going out in public under the care of a friend of Mrs. Elton’s—probably some vulgar, flashy widow who barely managed to live on her own with the help of a boarder! The dignity of Miss Woodhouse, of Hartfield, was really hurt!\n\nShe held herself back from giving any of the reproofs she could have, and only thanked Mrs. Elton coolly; “but going to Bath is completely out of the question; and she wasn’t entirely convinced that the place might suit her better than her father.” And then, to stop any more offense and anger, she changed the subject right away.\n\n“I don’t need to ask whether you’re musical, Mrs. Elton. On these kinds of occasions, a lady’s reputation usually goes ahead of her; and Highbury has long known that you’re a top-class performer.”"
qwen,groq_qwen_32b_free|run_1|AUSTEN_EMMA_018|paraphrase,groq_qwen_32b_free,qwen/qwen3-32b,AUSTEN_EMMA_018,paraphrase,601,597,0.993344,warning,json_repaired_loose_rewritten_text,json_repaired_loose_rewritten_text,1407bb660d9fb8e61b36c37d83f342b82d74aa8b5cff6b19293b9c6217314d4c,"The full measure of your admiration might one day surprise you.\n\nMr. Knightley was busily fastening the lower buttons of his heavy leather gaiters, and either the effort of doing so or some other cause brought a flush to his face as he replied,\n\n“Oh! are you there?—But you are far behind. Mr. Cole gave me a hint of it six weeks ago.”\n\nHe paused.—Emma felt her foot touched by Mrs. Weston and was unsure how to interpret it. In a moment he continued—\n\n“That will never happen, however, I can assure you. Miss Fairfax, I daresay, would not have me if I were to propose—and I am quite certain I shall never ask her.”\n\nEmma responded to her friend’s gesture with warmth; she was pleased enough to say,\n\n“You are not conceited, Mr. Knightley. I will say that for you.”\n\nHe appeared scarcely to hear her; he was deep in thought—and soon, in a manner that showed he was not pleased, remarked,\n\n“So you have been deciding that I should marry Jane Fairfax?”\n\n“No indeed I have not. You have scolded me too often for matchmaking for me to presume to take such a liberty with you. What I said just now meant nothing. One says those sorts of things naturally, without any serious intent. Oh! no, I assure you, I have not the slightest desire for you to marry Jane Fairfax or any other Jane. You would not be joining us in such a comfortable way if you were married.”\n\nMr. Knightley fell into thought again. The result of his musings was, “No, Emma, I do not think the full measure of my admiration for her will ever surprise me.—I have never had any such feelings for her, I assure you.” And shortly after, “Jane Fairfax is a very agreeable young woman—but not even Jane Fairfax is without flaw. She has a fault. She lacks the openness of character which a man would wish for in a wife.”\n\nEmma could not help but be glad to hear that she had a fault. “Well,” she said, “and you soon silenced Mr. Cole, I suppose?”\n\n“Yes, very soon. He gave me a quiet suggestion; I told him he was mistaken; he apologized and said no more. Cole does not wish to be wiser or cleverer than his neighbors.”\n\n“In that respect how unlike dear Mrs. Elton, who wishes to be wiser and cleverer than the whole world! I wonder how she speaks of the Coles—what she calls them! How can she find a name for them, sufficiently vulgar in tone? She calls you, Knightley—what can she do for Mr. Cole? And so I am not surprised that Jane Fairfax accepts her civilities and agrees to be with her. Mrs. Weston, your reasoning carries most weight with me. I can much more easily understand the temptation of escaping from Miss Bates than I can believe in Miss Fairfax’s mind triumphing over Mrs. Elton. I have no confidence in Mrs. Elton’s acknowledging herself inferior in thought, word, or deed; or in her being restrained beyond her limited sense of good manners. I cannot imagine that she will not constantly be flattering her guest with praise, encouragement, and offers of assistance; that she will not constantly be recounting her grand plans, from securing her a permanent position to including her in those delightful excursions which are to take place in the barouche-landau.”"
qwen,groq_qwen_32b_free|run_1|AUSTEN_EMMA_018|modernize,groq_qwen_32b_free,qwen/qwen3-32b,AUSTEN_EMMA_018,modernize,601,582,0.968386,warning,json_repaired_loose_rewritten_text,json_repaired_loose_rewritten_text,e219ede942669e4df5f6d2525910517fe2bb90622efaa4a729be93ead5708d32,"The depth of your admiration might surprise you one day or another.\n\nMr. Knightley was focused on fastening the lower buttons of his heavy leather gaiters, and either the effort of getting them done or something else brought color to his face as he replied,\n\n“Oh! are you there?—But you’re way behind the times. Mr. Cole gave me a hint about it six weeks ago.”\n\nHe paused. Emma felt her foot touched by Mrs. Weston and wasn’t sure what to make of it. A moment later, he continued,\n\n“That will never happen, though. I can assure you. Miss Fairfax, I suppose, wouldn’t have me if I asked—and I’m certain I’ll never ask her.”\n\nEmma returned her friend’s touch with warmth and couldn’t help but say,\n\n“You’re not full of yourself, Mr. Knightley. I’ll give you that much.”\n\nHe barely seemed to hear her; he was deep in thought—and soon after, in a tone that showed he wasn’t happy, he said,\n\n“So you’ve been deciding that I should marry Jane Fairfax?”\n\n“No, indeed I haven’t. You’ve been too hard on me for matchmaking for me to go that far with you. What I said just now meant nothing. People say things like that automatically, without any serious intent. Oh no, honestly, I don’t have the slightest desire for you to marry Jane Fairfax or any other Jane. You wouldn’t be sitting with us so comfortably if you were married.”\n\nMr. Knightley fell into thought again. After a while, he said, “No, Emma, I don’t think the depth of my admiration for her will ever surprise me. I’ve never had any such feelings for her, I assure you.” And shortly after, “Jane Fairfax is a very charming young woman—but not even Jane Fairfax is perfect. She has a flaw. She doesn’t have the open, easygoing nature a man would want in a wife.”\n\nEmma couldn’t help but be glad to hear that she had a flaw. “Well,” she said, “and you shut Mr. Cole up quickly, I suppose?”\n\n“Yes, very quickly. He gave me a quiet hint; I told him he was wrong; he apologized and said no more. Cole doesn’t want to be smarter or cleverer than his neighbors.”\n\n“In that respect, how different from dear Mrs. Elton, who wants to be smarter and cleverer than everyone else! I wonder how she talks about the Coles—what names she gives them! How can she find a name for them that’s vulgar enough? She calls you Knightley—what can she do for Mr. Cole? And so I’m not surprised at all that Jane Fairfax accepts her kindness and agrees to be with her. Mrs. Weston, your point carries the most weight with me. I can much more easily understand the temptation of getting away from Miss Bates than I can believe that Miss Fairfax’s mind would triumph over Mrs. Elton. I don’t believe for a second that Mrs. Elton would ever admit she’s the inferior in thought, word, or deed; or that she’d be held back by anything more than her own limited sense of good manners. I can’t imagine that she won’t keep insulting her guest with praise, encouragement, and offers of help; that she won’t keep talking about her grand plans, from getting her a permanent job to including her in those delightful sightseeing trips in the barouche-landau.”"
qwen,groq_qwen_32b_free|run_1|AUSTEN_EMMA_018|simplify,groq_qwen_32b_free,qwen/qwen3-32b,AUSTEN_EMMA_018,simplify,601,556,0.925125,warning,json_repaired_loose_rewritten_text,json_repaired_loose_rewritten_text,a4e6e6df1d3e53cb24dbfed10bd2690ca547f7a8b17021cab76fe1c89c274055,"The full extent of your admiration might surprise you someday.\n\nMr. Knightley was working on the lower buttons of his thick leather gaiters, and either the effort of fastening them or something else made his face flush as he replied,\n\n“Oh! are you there?—But you’re far behind. Mr. Cole gave me a hint about this six weeks ago.”\n\nHe paused.—Emma felt her foot touched by Mrs. Weston and wasn’t sure what to think. In a moment he continued—\n\n“That will never happen, however. I can assure you. Miss Fairfax, I suppose, wouldn’t have me if I asked her—and I’m certain I’ll never ask her.”\n\nEmma returned her friend’s touch with interest and said, happy enough,\n\n“You’re not full of yourself, Mr. Knightley. I’ll say that for you.”\n\nHe seemed not to hear her; he was deep in thought—and soon after, in a way that showed he wasn’t pleased, he said,\n\n“So you’ve been deciding that I should marry Jane Fairfax?”\n\n“No indeed I haven’t. You’ve scolded me too much for matchmaking for me to go that far with you. What I said just now meant nothing. People say things like that naturally, without any serious meaning. Oh! no, I don’t want you to marry Jane Fairfax or any other Jane. You wouldn’t come and sit with us in such a comfortable way if you were married.”\n\nMr. Knightley was thoughtful again. The result of his thinking was, “No, Emma, I don’t think the full extent of my admiration for her will ever surprise me.—I’ve never thought of her that way, I assure you.” And soon after, “Jane Fairfax is a very charming young woman—but not even Jane Fairfax is perfect. She has a fault. She doesn’t have the open nature a man would want in a wife.”\n\nEmma couldn’t help but be happy to hear she had a fault. “Well,” she said, “and you quickly put Mr. Cole in his place, I suppose?”\n\n“Yes, very quickly. He gave me a quiet hint; I told him he was wrong; he apologized and said no more. Cole doesn’t want to be smarter or cleverer than his neighbors.”\n\n“In that way, how different from dear Mrs. Elton, who wants to be smarter and cleverer than everyone! I wonder how she speaks of the Coles—what she calls them! How can she find a name for them bad enough? She calls you, Knightley—what can she do for Mr. Cole? And so I’m not surprised that Jane Fairfax accepts her kindness and agrees to be with her. Mrs. Weston, your argument weighs most with me. I can understand much more easily the temptation of getting away from Miss Bates than I can believe that Miss Fairfax’s mind is triumphant over Mrs. Elton. I don’t believe for a second that Mrs. Elton admits she’s less clever in thought, word, or deed; or that she’s limited by anything but her own poor manners. I can’t imagine that she won’t keep insulting her guest with praise, encouragement, and offers of help; that she won’t keep talking about her grand plans, from finding her a permanent job to including her in those delightful exploring trips in the barouche-landau.”"
qwen,groq_qwen_32b_free|run_1|AUSTEN_EMMA_019|paraphrase,groq_qwen_32b_free,qwen/qwen3-32b,AUSTEN_EMMA_019,paraphrase,566,555,0.980565,warning,json_repaired_loose_rewritten_text,json_repaired_loose_rewritten_text,81e0db356ba38a00b5e0dc7fc50a9f137b03f54abb0e1282a83cae868405bd5b,"Woodhouse, I wish you had heard the gallant things he said to me at dinner. Oh! I can assure you I began to think my dear husband would be quite jealous. I imagine I am rather favored; he noticed my gown. What do you think of it?—chosen by Selina—handsome, I believe, though I am uncertain if it is too much adorned; I have a strong aversion to the idea of being overdone—truly dislike extravagance in dress. I must wear some ornaments now, as it is expected of me. A bride, you know, must look like a bride, but my natural inclination is for simplicity; a plain style of dress is infinitely preferable to showy finery. Yet I suspect I am in the minority; few seem to appreciate plainness in dress—display and finery are everything. I have an idea of adding a trimming like this to my white and silver poplin. Do you think it will look well?”

  ""The entire company had just gathered again in the drawing-room when Mr. Weston appeared among them. He had returned from a late dinner and walked to Hartfield as soon as he was done. He had been so anticipated by the best judges that there was no surprise—but there was great delight. Mr. Woodhouse was almost as pleased to see him now as he would have been sorry to see him before. John Knightley, however, was in silent astonishment.—That a man who might have spent his evening quietly at home after a day's business in London, should set out again and walk half a mile to another man’s house, for the sake of being in mixed company until bedtime, of finishing his day with the exertions of politeness and the din of numbers, was a matter to strike him deeply. A man who had been active since eight o’clock in the morning, and might now have been still, who had been long speaking, and might have been silent, who had been in more than one crowd, and might have been alone!—Such a man, to leave the peace and independence of his own fireside, and on the evening of a cold, sleety April day, rush out again into the world!—Could he by a touch of his finger have instantly taken back his wife, there would have been a motive; but his coming would probably prolong rather than end the gathering. John Knightley looked at him with amazement, then shrugged his shoulders, and said, “I could not have believed it even of _him_.”

  ""Mr. Weston, meanwhile, perfectly unaware of the indignation he was causing, cheerful and happy as ever, and with all the right to be the main speaker, which a day spent anywhere away from home bestows, was making himself agreeable among the rest; and having satisfied the inquiries of his wife regarding his dinner, convincing her that none of her careful instructions to the servants had been neglected, and shared what public news he had heard, was proceeding to a family communication, which, though mainly addressed to Mrs. Weston, he had not the slightest doubt of being highly interesting to everyone in the room. He gave her a letter, it was from Frank, and to herself; he had encountered it on his way, and had taken the liberty of opening it."
qwen,groq_qwen_32b_free|run_1|AUSTEN_EMMA_019|simplify,groq_qwen_32b_free,qwen/qwen3-32b,AUSTEN_EMMA_019,simplify,566,507,0.89576,warning,json_repaired_loose_rewritten_text,json_repaired_loose_rewritten_text,68c13990e8a1d3ca6e0e7e16e2bae44a9961a7817d7572fccaa108d513cce1dd,"Woodhouse, I wish you had heard his kind and flattering words to me at dinner. Oh! I’m sure my dear husband would be jealous. I think I’m quite popular; he even noticed my dress. What do you think of it?—Selina chose it for me. I think it’s nice, but I’m not sure if it’s too fancy. I really dislike being too fancy. I need to wear some jewelry now, because that’s expected of a bride. A bride should look like a bride, but I naturally prefer simple things. A simple style of dress is much better than being fancy. But I’m probably in the minority; it seems few people value simple dress—showy things are everything. I was thinking of adding this kind of trim to my white and silver poplin dress. Do you think it will look good?”

The whole group had just gathered in the drawing-room when Mr. Weston arrived. He had returned for a late dinner and walked to Hartfield as soon as it was over. He had been expected, so there was no surprise—but there was a lot of happiness. Mr. Woodhouse was almost as glad to see him now as he would have been sad to see him before. John Knightley was just stunned. That a man who could have spent his evening quietly at home after a busy day in London should go out again and walk half a mile to someone else’s house just to be with people until bedtime, to spend his evening being polite and in a noisy crowd, was something that shocked him deeply. A man who had been busy since eight in the morning and could now be at rest, who had been talking a lot and could now be quiet, who had been in crowds and could now be alone!—Such a man, to leave the peace and freedom of his own home and on a cold, rainy April evening go out again into the world!—If he could have instantly taken back his wife, there would have been a reason; but his coming would probably make the party last longer. John Knightley looked at him in amazement, then shrugged his shoulders, and said, “I could not have believed it even of _him_.”

Meanwhile, Mr. Weston, completely unaware of the anger he was causing, was as happy and cheerful as usual, and with all the right to be the main speaker, which a day away from home gives you, was making himself pleasant among the others; and having answered his wife’s questions about his dinner, convincing her that none of her careful instructions to the servants had been ignored, and shared what public news he had heard, was moving on to a family announcement, which, though mainly addressed to Mrs. Weston, he had no doubt at all would be very interesting to everyone in the room. He gave her a letter, it was from Frank, and to her; he had found it on his way, and had taken the liberty of opening it."
qwen,groq_qwen_32b_free|run_1|DICKENS_GREAT_EXPECTATIONS_001|simplify,groq_qwen_32b_free,qwen/qwen3-32b,DICKENS_GREAT_EXPECTATIONS_001,simplify,578,471,0.814879,warning,length_soft_warning,json_ok,392cfd2ecc6c6dfae249ae911f9bc5755d7a3ec4dd3540bba189d6cb86cf3071,"I hurried along as fast as I could, and just after crossing a ditch I knew was close to the Battery, I climbed up the mound beyond it. That's when I saw the man sitting in front of me. His back was to me, arms folded, and he was nodding forward, clearly very sleepy.

I thought he might be happier if I surprised him with breakfast, so I quietly walked up and touched his shoulder. He jumped up instantly, but it wasn't the same man—it was someone else!

Still, this man was also dressed in rough grey clothes, had an iron on his leg, was limping, hoarse, and cold, just like the other man. The only difference was his face and the flat, wide-brimmed hat he wore. I saw all this in a flash, because I only had a moment to take it in. He cursed at me, swung at me, but missed so badly he almost fell over. Then he ran into the fog, tripping twice, and disappeared.

'It's the young man!' I thought, my heart pounding as I recognized him. I imagine I would have felt pain in my liver too, if I had known where it was.

I quickly reached the Battery, and there was the right man—hugging himself and limping back and forth, like he'd been doing all night—waiting for me. He was freezing, for sure. I almost expected him to collapse from the cold. His eyes looked so hungry that when I gave him the file and he placed it on the grass, I thought he might try to eat it if he hadn't seen my bundle. This time, he didn't flip me over to get what I had, but let me open the bundle and empty my pockets while I was upright.

'What's in the bottle, boy?' he asked.

'Brandy,' I said.

He was already shoving mincemeat into his mouth in a strange, hurried way, more like he was trying to hide it than eat it. But he stopped to take a swig of the liquor. He was shaking so badly that it was hard for him to keep the bottle's neck between his teeth without biting it off.

'I think you've got the ague,' I said.

'I agree with you, boy,' he replied.

'It's bad here,' I told him. 'You've been lying out on the marshes, and they're terrible for giving the ague. They're rheumatic too.'

'I'll eat my breakfast before they kill me,' he said. 'I'd do that even if I was going to be hanged on that gallows over there right after. I'll beat the shivers, I bet you.'

He was eating mincemeat, meatbone, bread, cheese, and pork pie all at once. He kept looking suspiciously at the fog around us and often stopped, even stopped chewing, to listen."
qwen,groq_qwen_32b_free|run_1|DICKENS_GREAT_EXPECTATIONS_007|paraphrase,groq_qwen_32b_free,qwen/qwen3-32b,DICKENS_GREAT_EXPECTATIONS_007,paraphrase,576,574,0.996528,warning,json_repaired_loose_rewritten_text,json_repaired_loose_rewritten_text,2efe902979fa20b3bc5c6256984dc8cc4e5377d8b78ce217ac0f10f1f605babb,"He stayed at the home of a sluice-keeper on the marshes, and on workdays he would trudge out from his retreat, hands in his pockets, with his lunch loosely wrapped and hanging from his neck. On Sundays, he would mostly lie on the sluice-gates or stand leaning against stacks of hay or barns. He always walked with a slouched gait, as if moving like a locomotive, eyes fixed on the ground; and when he was addressed or otherwise forced to lift them, he would glance up with a mix of irritation and confusion, as if the only thought he ever had was that it was strange and unfair that he never seemed to be thinking.

This sullen journeyman had no fondness for me. When I was small and timid, he let me know that the Devil resided in a dark corner of the forge and that he was well acquainted with the demon. He also claimed it was necessary to build the fire once every seven years using a live boy, and that I should consider myself as potential fuel. When I became Joe’s apprentice, Orlick may have grown more convinced that I would take his place, yet he still disliked me even more. Not that he ever openly showed hostility; I only noticed that he always directed his sparks toward me, and whenever I sang Old Clem, he would interrupt the song unexpectedly.

Dolge Orlick was at the forge the next day when I reminded Joe about my half-holiday. He said nothing at first, for he and Joe had just taken a piece of hot iron between them, and I was tending the bellows; but later, he leaned on his hammer and said:

“Now, master! Surely you’re not going to favor only one of us. If Young Pip has a half-holiday, do as much for Old Orlick.” I suppose he was about twenty-five, but he usually referred to himself as an old man.

“Why, what’ll you do with a half-holiday, if you get it?” said Joe.

“What’ll _I_ do with it! What’ll _he_ do with it? I’ll do as much with it as _him_,” said Orlick.

“As for Pip, he’s going up town,” said Joe.

“Well then, as for Old Orlick, _he_’s a-going up town,” replied the worthy man. “Two can go up town. Tain’t only one wot can go up town.

“Don’t lose your temper,” said Joe.

“Shall if I like,” growled Orlick. “Some and their uptowning! Now, master! Come. No favoring in this shop. Be a man!”

The master refused to consider the matter until the journeyman was in a better mood, so Orlick lunged at the furnace, pulled out a red-hot bar, brandished it at me as if he meant to stab me, swung it around my head, laid it on the anvil, hammered it out—as if it were me, I thought, and the sparks were my flying blood—and finally said, when he had hammered himself hot and the iron cold, and he again leaned on his hammer,

“Now, master!”

“Are you all right now?” demanded Joe.

“Ah! I am all right,” said gruff Old Orlick.

“Then, as in general you stick to your work as well as most men,” said Joe, “let it be a half-holiday for all.”

My sister had been standing quietly in the yard, within earshot—she was a most unscrupulous spy and listener—and she instantly looked in at one of the windows."
qwen,groq_qwen_32b_free|run_1|DICKENS_GREAT_EXPECTATIONS_009|modernize,groq_qwen_32b_free,qwen/qwen3-32b,DICKENS_GREAT_EXPECTATIONS_009,modernize,556,548,0.985612,warning,json_repaired_loose_rewritten_text,json_repaired_loose_rewritten_text,d395bd96fedfa60eb0396f99427f9eed48fb8bd2e332ec72125795febce345c9,"Good. You’d better try him in his own house. I’ll make sure the way is clear for you, and you can meet his son first, who’s in London. When are you coming to London?""

""I said (glancing at Joe, who was standing there, motionless and watching), that I thought I could come right away.""

""First,"" said Mr. Jaggers, ""you’ll need some new clothes to wear, and they shouldn’t be work clothes. Say next week. You’ll need some money. Should I leave you twenty guineas?""

He pulled out a long purse, completely cool about it, and counted the money out on the table before sliding it toward me. This was the first time he had taken his leg off the chair. He sat straddling the chair after pushing the money over, swinging his purse and watching Joe.

""Well, Joseph Gargery? You look stunned.""

""I am!"" said Joe, clearly and firmly.

""You remember it was understood that you didn’t want anything for yourself?""

""It was understood,"" said Joe. ""And it still is. And it always will be the same.""

""But what,"" said Mr. Jaggers, swinging his purse, ""if it was part of my instructions to give you a gift, as compensation?""

""As compensation for what?"" Joe asked.

""For the loss of his services.""

Joe put his hand on my shoulder with the tenderness of a woman. I’ve often thought of Joe since, like a steam hammer that could crush a man or gently pat an eggshell, in the way he combined strength with kindness. ""Pip is more than welcome,"" said Joe, ""to go free with his services, to honor and fortune, more than words can say. But if you think money can make up for the loss of the little boy who came to the forge—and the best of friends—""

Oh, dear good Joe, whom I was so ready to leave and so ungrateful to, I see you again, with your strong blacksmith’s arm in front of your eyes, your broad chest heaving, and your voice fading away. Oh, dear good, faithful, tender Joe, I feel the loving tremble of your hand on my arm, as solemnly today as if it had been the rustle of an angel’s wing.

But I reassured Joe at the time. I was lost in the excitement of my future fortune and couldn’t go back over the little paths we had walked together. I asked Joe to be comforted, for (as he said) we had always been the best of friends, and (as I said) we always would be. Joe rubbed his eyes with his free wrist, as if he were trying to gouge them out, but said nothing else.

Mr. Jaggers had watched this, as if he saw Joe as the village idiot and me as his keeper. When it was over, he said, holding the purse in his hand after he had stopped swinging it:

""Now, Joseph Gargery, I warn you this is your last chance. No half measures with me. If you want to accept a gift that I’m here to give you, speak up, and you’ll get it. If, on the other hand, you mean to say—"" Here, to his great surprise, he was cut off by Joe suddenly turning on him with every sign of a fierce pugilistic intent."
qwen,groq_qwen_32b_free|run_1|DICKENS_GREAT_EXPECTATIONS_010|modernize,groq_qwen_32b_free,qwen/qwen3-32b,DICKENS_GREAT_EXPECTATIONS_010,modernize,568,552,0.971831,warning,json_repaired_loose_rewritten_text,json_repaired_loose_rewritten_text,62aa42295c28c3ae8f0b639336bcfe19c2201a82c98a170180947528521b5ae7,"And yet I can't,"" said Mr. Pumblechook, standing up again, ""see one person—and also raise a glass to one person—without once more saying—Can I—can I really—?""
  
  ""Sure,"" I said, and he shook my hand again, finished his glass, and turned it upside down. I did the same; and if I had flipped myself upside down before drinking, the wine couldn't have gone to my head any faster.
  
  Mr. Pumblechook helped me get the liver portion and the best slice of tongue (no more obscure No Thoroughfares of Pork now), and he hardly took care of himself at all. ""Ah! Poultry, poultry! You never imagined,"" said Mr. Pumblechook, addressing the bird on the plate, ""when you were a little chick what was in store for you. You never imagined you'd be a treat under this humble roof for someone who—Call it a weakness if you like,"" said Mr. Pumblechook, standing up again, ""but can I—can I really—?""
  
  It was getting to the point where it wasn't necessary to keep saying I could, so he just did it. How he managed to do it so often without cutting himself with my knife, I don't know.
  
  ""And your sister,"" he continued after a few bites, ""who had the honor of raising you by hand! It's a sad thought, to realize she's no longer capable of fully understanding the honor. Can—""
  
  I saw he was about to go at me again, so I stopped him.
  
  ""Let's drink to her health,"" I said.
  
  ""Ah!"" cried Mr. Pumblechook, leaning back in his chair, completely relaxed with admiration, ""that's how you recognize them, sir!"" (I don't know who Sir was, but it certainly wasn't me, and there was no one else there); ""that's how you recognize the noble-minded, sir! Always forgiving and always approachable. It might,"" said the fawning Pumblechook, setting down his untouched glass in a rush and standing up again, ""to a regular person, look like repeating—but can I—can I really—?""
  
  After he did it, he sat back down and raised a toast to my sister. ""Let us never forget,"" said Mr. Pumblechook, ""her temperamental flaws, but it's to be hoped she meant well.""
  
  Around this time, I started to notice that his face was getting flushed; as for myself, I felt my whole face, soaked in wine and burning.
  
  I told Mr. Pumblechook that I wanted my new clothes sent to his house, and he was thrilled that I trusted him so much. I explained why I wanted to avoid being noticed in the village, and he praised me to the skies. He hinted that no one else was worthy of my trust, and—well, could he? Then he asked me gently if I remembered our childhood math games and how we had gone together to have me become his apprentice, and essentially, how he had always been my favorite imaginary friend and my chosen buddy? If I had had ten times as many glasses of wine as I had, I would have known that he had never been in that position with me, and I would have rejected the idea deep in my heart. Yet, despite that, I remember feeling convinced that I had been wrong about him, and that he was a sensible, practical, good-hearted guy."
qwen,groq_qwen_32b_free|run_1|DICKENS_GREAT_EXPECTATIONS_011|paraphrase,groq_qwen_32b_free,qwen/qwen3-32b,DICKENS_GREAT_EXPECTATIONS_011,paraphrase,550,530,0.963636,warning,json_repaired_loose_rewritten_text,json_repaired_loose_rewritten_text,92cc504681697b59eda25df36706008bef37a7b1f9ce514613ee7311b7070008,"I soon discovered that Wemmick was the clerk in the next room. Another clerk was summoned from upstairs to take his place while he was away, and I walked with him into the street after exchanging a handshake with my guardian. We encountered a new group of people waiting outside, but Wemmick pushed through them with a calm yet firm statement, 'I tell you it’s no use; he won’t speak to any of you,' and we quickly left them behind, walking side by side.\n\nChapter XXI.\n\nAs we continued along, I observed Mr. Wemmick more closely to understand his appearance in daylight. He was a lean man, of modest height, with a square, wooden face that seemed roughly carved with a blunt chisel. There were a few marks that could have been dimples if the material had been softer and the tool sharper, but as it was, they were merely dents. The chisel had made a few attempts at these embellishments over his nose, but had abandoned them without effort to smooth them out. I assumed he was unmarried due to the worn state of his linen, and he seemed to have experienced many losses; he wore at least four mourning rings, along with a brooch depicting a lady and a weeping willow beside a tomb with an urn. I also noticed several rings and seals dangling from his watch-chain, as if he were weighed down with memories of those who had passed. His eyes were gleaming—small, sharp, and black—and his lips were thin and mottled. I believed, from what I could tell, that he was between forty and fifty years old.\n\n'You were never in London before?' Mr. Wemmick asked me.\n\n'No,' I replied.\n\n'I was new here once,' said Mr. Wemmick. 'Strange to think of now!'\n\n'You know the city well now?'\n\n'Why, yes,' he said. 'I know the ways of it.'\n\n'Is it a very wicked place?' I asked, more to say something than out of genuine curiosity.\n\n'You can be cheated, robbed, and murdered in London. But there are plenty of people anywhere who’ll do that for you.'\n\n'If there is bad blood between you and them,' I added, trying to soften the tone a bit.\n\n'Oh! I don’t know about bad blood,' he replied. 'There’s not much bad blood about. They’ll do it, if there’s anything to be gained by it.'\n\n'That makes it worse.'\n\n'You think so?' Mr. Wemmick responded. 'Much the same, I should say.'\n\nHe wore his hat tilted to the back of his head and stared straight ahead, walking in a self-contained manner as if nothing in the streets could catch his attention. His mouth had the look of a post-office, giving him a mechanical impression of smiling. It wasn’t until we reached the top of Holborn Hill that I realized it was just a mechanical appearance, and that he was not smiling at all.\n\n'Do you know where Mr. Matthew Pocket lives?' I asked Mr. Wemmick.\n\n'Yes,' he said, nodding in the direction. 'At Hammersmith, west of London.'\n\n'Is that far?'"
qwen,groq_qwen_32b_free|run_1|DICKENS_GREAT_EXPECTATIONS_011|modernize,groq_qwen_32b_free,qwen/qwen3-32b,DICKENS_GREAT_EXPECTATIONS_011,modernize,550,549,0.998182,warning,json_repaired_loose_rewritten_text,json_repaired_loose_rewritten_text,a09a9f87f6934710a148288b3fa08980d1df05e64a2866bc3a6a68316a41159f,"I then realized that Wemmick was the clerk in the next office. Another clerk was called down from upstairs to take his place while he was away, and I walked out with him after shaking hands with my guardian. We found a group of new people hanging around outside, but Wemmick pushed through them by saying coolly but firmly, 'I'm telling you, it's no good; he won't say a word to any of you.' We quickly got past them and walked side by side down the street.\n\nChapter XXI.\n\nLooking at Mr. Wemmick as we walked, trying to get a better sense of him in the daylight, I saw that he was a dry, somewhat short man with a square, wooden face. His expression looked like it had been roughly carved out with a dull chisel. There were a few marks that might have been dimples if the material had been softer and the tool sharper, but as it was, they were just dents. The chisel had tried three or four times to add some decoration over his nose, but had given up without bothering to smooth it out. I figured he was single from the worn-out state of his clothes, and he seemed to have gone through a lot of losses; he wore at least four mourning rings, plus a brooch showing a lady and a weeping willow next to a tomb with an urn on it. I also noticed that several rings and seals hung from his watch chain, as if he was weighed down with memories of people who had passed away. His eyes were bright—small, sharp, and black—and his lips were thin, wide, and mottled. I guessed he was somewhere between forty and fifty years old.\n\n'So you've never been to London before?' Mr. Wemmick asked me.\n\n'No,' I said.\n\n'I was new here once,' Mr. Wemmick replied. 'Funny to think about now!'\n\n'You know the city well now?'\n\n'Well, yeah,' said Mr. Wemmick. 'I know how it works.'\n\n'Is it a really bad place?' I asked, more to say something than anything else.\n\n'You can get cheated, robbed, or even killed in London. But there are plenty of people anywhere who'll do that for you.'\n\n'If there's bad blood between you and them,' I added, trying to soften it a bit.\n\n'Oh, I don't know about bad blood,' Mr. Wemmick replied. 'There's not much bad blood around. They'll do it if there's something in it for them.'\n\n'That makes it worse.'\n\n'You think so?' Mr. Wemmick said. 'I'd say it's pretty much the same either way.'\n\nHe wore his hat tilted to the back of his head and looked straight ahead, walking in a self-contained way as if nothing in the streets could catch his attention. His mouth had such a mechanical, post-office-like quality that it gave him the appearance of smiling. I didn't realize until we reached the top of Holborn Hill that it was just a mechanical appearance, and that he wasn't smiling at all.\n\n'Do you know where Mr. Matthew Pocket lives?' I asked Mr. Wemmick.\n\n'Yes,' he said, nodding in the direction. 'At Hammersmith, west of London.'\n\n'Is that far?'"
qwen,groq_qwen_32b_free|run_1|DICKENS_GREAT_EXPECTATIONS_011|simplify,groq_qwen_32b_free,qwen/qwen3-32b,DICKENS_GREAT_EXPECTATIONS_011,simplify,550,504,0.916364,warning,json_repaired_loose_rewritten_text,json_repaired_loose_rewritten_text,e1d2bdc14ec1a1ccc6e3f63142f4a5bbb587e07d0ceba8865c212d76a24c4052,"I discovered that Wemmick was the clerk in the next room. When he left, another clerk came down from upstairs to take his place, and I walked out with him after saying goodbye to my guardian. We found a group of people waiting outside, but Wemmick pushed through by calmly saying, 'I tell you it’s no use; he won’t speak to any of you.' Soon, we were free of them and walked side by side.\n\nAs we walked, I looked at Mr. Wemmick to get a better idea of what he looked like. He was a short, dry-looking man with a square face that seemed chiseled out with a dull tool. There were a few marks on his face that might have been dimples if the material had been softer and the tool sharper, but they were just dents. The chisel had tried to make a few of these on his nose but gave up without smoothing them out. I guessed he was a bachelor because his clothes were worn, and he seemed to have lost many people in his life. He wore at least four mourning rings and a brooch showing a lady and a weeping willow next to a tomb with an urn. I also noticed several rings and seals on his watch chain, as if he was weighed down by memories of friends who had passed away. His eyes were shiny, small, sharp, and black, and his lips were thin and mottled. I thought he was between forty and fifty years old.\n\n'Were you never in London before?' Mr. Wemmick asked me.\n\n'No,' I said.\n\n'I was new here once,' said Mr. Wemmick. 'Strange to think about now!'\n\n'Are you familiar with it now?' I asked.\n\n'Yes,' he said. 'I know how it works.'\n\n'Is it a dangerous place?' I asked, more to say something than out of real concern.\n\n'You can be cheated, robbed, or even killed in London. But there are plenty of people anywhere who will do that to you.'\n\n'If there’s bad blood between you and them,' I added, trying to soften it a bit.\n\n'Oh, I don’t know about bad blood,' Mr. Wemmick replied. 'There’s not much bad blood around. They’ll do it if there’s something in it for them.'\n\n'That makes it worse.'\n\n'You think so?' Mr. Wemmick said. 'I’d say it’s about the same.'\n\nHe wore his hat tilted to the back of his head and looked straight ahead, walking in a way that showed he didn’t care about what was around him. His mouth looked like a post office, always open, and he seemed to smile mechanically. I didn’t realize it was just a mechanical smile and that he wasn’t really smiling until we reached the top of Holborn Hill.\n\n'Do you know where Mr. Matthew Pocket lives?' I asked Mr. Wemmick.\n\n'Yes,' he said, pointing in the direction. 'At Hammersmith, west of London.'\n\n'Is that far?'"
qwen,groq_qwen_32b_free|run_1|DICKENS_GREAT_EXPECTATIONS_016|simplify,groq_qwen_32b_free,qwen/qwen3-32b,DICKENS_GREAT_EXPECTATIONS_016,simplify,565,560,0.99115,warning,json_repaired_loose_rewritten_text,json_repaired_loose_rewritten_text,e9fe2e20145c4118fd8ef334d48b141dd73599cc8253bec08515f81f2d30adf7,"You brought your love and your suitcase here at the same time. Told me! Why, you've been telling me all day. When you told me your own story, you clearly said you started loving her the first time you saw her, when you were very young indeed.'  

'Very well, then,' I said, to whom this was a new and not unwelcome light, 'I have never stopped loving her. And she has come back, a most beautiful and elegant woman. And I saw her yesterday. And if I loved her before, I now love her even more.'  

'Lucky for you then, Handel,' said Herbert, 'that you are chosen for her and given to her. Without stepping into forbidden ground, we can safely say that there can be no doubt between us about that fact. Do you have any idea yet of Estella’s feelings about being loved?'  

I shook my head gloomily. 'Oh! She is thousands of miles away from me,' I said.  

'Patience, my dear Handel: there's plenty of time, plenty of time. But you have something more to say?'  

'I am ashamed to say it,' I replied, 'and yet it's no worse to say it than to think it. You call me a lucky fellow. Of course, I am. I was a blacksmith’s boy just yesterday; I am—what shall I say I am—to-day?'  

'Say a good fellow, if you want a phrase,' returned Herbert, smiling, and clapping his hand on the back of mine—'a good fellow, with passion and hesitation, boldness and shyness, action and dreaming, all mixed together.'  

I stopped for a moment to consider whether there really was this mix in my character. On the whole, I didn't really recognize the analysis, but thought it not worth arguing about.  

'When I ask what I am to call myself to-day, Herbert,' I went on, 'I suggest what I have in my thoughts. You say I am lucky. I know I have done nothing to raise myself in life, and that Fortune alone has raised me; that is being very lucky. And yet, when I think of Estella—'  

('And when don’t you, you know?' Herbert added, with his eyes on the fire; which I thought kind and understanding of him.)  

'—Then, my dear Herbert, I cannot tell you how dependent and uncertain I feel, and how exposed to hundreds of chances. Avoiding forbidden ground, as you did just now, I may still say that on the loyalty of one person (naming no person) all my hopes depend. And at the best, how vague and unsatisfactory, only to know so vaguely what they are!' In saying this, I let out what had always been there, more or less, though no doubt most since yesterday.  

'Now, Handel,' Herbert replied, in his cheerful, hopeful way, 'it seems to me that in the sadness of the tender feeling, we are looking into our gift-horse’s mouth with a magnifying-glass. Likewise, it seems to me that, focusing our attention on the examination, we completely miss one of the best points of the animal. Didn't you tell me that your guardian, Mr. Jaggers, told you in the beginning, that you were not given hopes only? And even if he had not told you so,—though that is a very big If, I grant,—could you believe that of all men in London, Mr."
qwen,groq_qwen_32b_free|run_1|DICKENS_GREAT_EXPECTATIONS_017|paraphrase,groq_qwen_32b_free,qwen/qwen3-32b,DICKENS_GREAT_EXPECTATIONS_017,paraphrase,553,528,0.954792,warning,json_repaired_loose_rewritten_text,json_repaired_loose_rewritten_text,cab4fe9a575c4a89d62b0a9ec058c2acee4d06cfb171d12061a809daa69ab127,"Don’t waste your time with pointless efforts. Why would you? Now, who comes next?”
  
  ""In this way, we strolled through Wemmick’s greenhouse until he paused and told me, 'Observe the man I’m about to greet.' I would have noticed him anyway, since he had not yet greeted anyone else.""
  
  ""Hardly had he spoken when a stout, upright gentleman (whom I can still picture clearly as I write) in a well-worn olive-coloured coat, with a peculiar pallor masking the red in his face, and eyes that wandered when he tried to focus, approached a corner of the bars and touched his hat—which had a greasy, cold-broth-like surface—with a half-military, half-joking salute.""
  
  ""'Colonel, to you!' said Wemmick. 'How are you, Colonel?'""
  
  ""'All right, Mr. Wemmick.'""
  
  ""'Everything that could be done was done, but the evidence was too strong for us, Colonel.'""
  
  ""'Yes, it was too strong, sir—but I don’t care.'""
  
  ""'No, no,' said Wemmick, calmly. 'You don’t care.' Then, turning to me, 'This man served His Majesty. He was a soldier in the line and bought his discharge.'""
  
  ""I said, 'Indeed?' and the man’s eyes glanced at me, then past me, then all around me, and finally he ran his hand over his lips and chuckled.""
  
  ""'I think I shall be out of this on Monday, sir,' he said to Wemmick.""
  
  ""'Perhaps,' replied my friend, 'but no one can say for certain.'""
  
  ""'I am glad to have the chance to bid you farewell, Mr. Wemmick,' said the man, extending his hand between two bars.""
  
  ""'Thank you,' said Wemmick, clasping it. 'Same to you, Colonel.'""
  
  ""'If what I had on me when I was caught had been real, Mr. Wemmick,' said the man, reluctant to let go, 'I should have asked the favour of your wearing another ring—as a token of your kindness.'""
  
  ""'I’ll accept the wish for the deed,' said Wemmick. 'By the way; you were quite a pigeon fancier.' The man looked up at the sky. 'I am told you had a remarkable breed of tumblers. Could you ask a friend of yours to send me a pair, if you have no further use for them?'""
  
  ""'It shall be done, sir.'""
  
  ""'All right,' said Wemmick. 'They shall be looked after. Good afternoon, Colonel. Good-bye!' They shook hands again, and as we walked away, Wemmick said to me, 'A forger, a very skilled craftsman. The Recorder’s report is made today, and he is certain to be hanged on Monday. Still, you see, as far as it goes, a pair of pigeons are portable property all the same.' With that, he glanced back and nodded at the dead plant, then looked around as he stepped out of the yard, as if considering which other pot would suit best in its place.""
  
  ""As we left the prison through the lodge, I noticed that the great significance of my guardian was recognized not only by the prisoners but also by the turnkeys. 'Well, Mr. Wemmick,' said the turnkey, who kept us between the two studded and spiked lodge gates, and who carefully locked one before unlocking the other, 'what’s Mr. Jaggers going to do with that water-side murder?'"
qwen,groq_qwen_32b_free|run_1|DICKENS_GREAT_EXPECTATIONS_017|modernize,groq_qwen_32b_free,qwen/qwen3-32b,DICKENS_GREAT_EXPECTATIONS_017,modernize,553,536,0.969259,warning,json_repaired_loose_rewritten_text,json_repaired_loose_rewritten_text,257ce824d1ead929a2a9c1d968dd35c3521682889b7cf0a9af80fe991b2b11f7,"Don’t waste your time on pointless efforts. Why would you? Now, who’s next?”\n\nSo we strolled through Wemmick’s greenhouse until he stopped and said, “Watch the man I’m about to shake hands with.” I would have noticed him anyway since he hadn’t shaken hands with anyone yet.\n\nAlmost as soon as he said that, a tall, broad-shouldered man (whom I can still picture clearly now) in a well-worn olive-colored coat, with a strange grayish tint to his red complexion and eyes that darted around when he tried to focus, approached a corner of the bars and touched his hat—which had a greasy, cold-broth-like surface—with a half-serious, half-joking military salute.\n\n“Colonel, to you!” Wemmick said. “How are you, Colonel?”\n\n“All right, Mr. Wemmick.”\n\n“We did everything we could, but the evidence was too strong against us, Colonel.”\n\n“Yes, it was too strong, sir—but I don’t care.”\n\n“No, no,” Wemmick said coolly. “You don’t care.” Then, turning to me, “This guy served His Majesty. He was a regular soldier and bought his discharge.”\n\nI said, “Indeed?” and the man’s eyes looked at me, then over my head, then all around me, and then he ran his hand across his lips and laughed.\n\n“I think I’ll be out of here on Monday, sir,” he said to Wemmick.\n\n“Maybe,” my friend replied. “But who knows?”\n\n“I’m glad to have the chance to say goodbye to you, Mr. Wemmick,” the man said, holding out his hand between two bars.\n\n“Thanks,” Wemmick said, shaking his hand. “Same to you, Colonel.”\n\n“If what I had on me when I was caught had been real, Mr. Wemmick,” the man said, not wanting to let go of his hand, “I’d have asked you to wear another ring—as a token of your kindness.”\n\n“I’ll take the sentiment as the action,” Wemmick said. “By the way; you were quite a pigeon fancier.” The man looked up at the sky. “I’m told you had a remarkable line of tumblers. Could you ask a friend to bring me a pair, if you don’t need them anymore?”\n\n“It’ll be done, sir.”\n\n“All right,” Wemmick said. “They’ll be taken care of. Good afternoon, Colonel. Good-bye!” They shook hands again, and as we walked away, Wemmick said to me, “A forger, a very good craftsman. The Recorder’s report is in today, and he’s definitely going to be hanged on Monday. Still, you see, as far as it goes, a pair of pigeons are still portable property.” With that, he looked back and nodded at the dead plant, then glanced around as he walked out of the yard, as if considering which other pot would fit best in its place.\n\nAs we left the prison through the lodge, I noticed that the turnkeys valued my guardian just as much as the people they held. “Well, Mr. Wemmick,” said the turnkey who kept us between the two studded and spiked lodge gates, carefully locking one before unlocking the other, “what’s Mr. Jaggers going to do about that water-side murder?”"
qwen,groq_qwen_32b_free|run_1|DICKENS_GREAT_EXPECTATIONS_017|simplify,groq_qwen_32b_free,qwen/qwen3-32b,DICKENS_GREAT_EXPECTATIONS_017,simplify,553,473,0.855335,warning,json_repaired_loose_rewritten_text,json_repaired_loose_rewritten_text,0c959a7c1917034f152644f2e3d777383599d155258dae9814fab25c1b264819,"Don’t try useless things. Why would you? Now, who’s next?”
  
  ""So we walked through Wemmick’s greenhouse until he stopped and said, “Notice the man I’m going to shake hands with.” I would have noticed anyway because he was the first person he had greeted.
  
  Almost right away, a tall, serious man (one I can still picture clearly) in a worn olive coat came up to the corner of the bars and touched his hat. His hat had a greasy look, like cold soup. He gave a half-joking, half-serious military salute.
  
  “Colonel, to you!” Wemmick said. “How are you, Colonel?”
  
  “All right, Mr. Wemmick.”
  
  “Everything that could be done was done, but the evidence was too strong on our side, Colonel.”
  
  “Yes, it was too strong, sir—but I don’t care.”
  
  “No, no,” Wemmick said, calmly. “You don’t care.” Then he turned to me. “This man served His Majesty. He was a soldier and bought his way out.”
  
  I said, “Indeed?” and the man looked at me, then past me, then all around. Then he wiped his lips and laughed.
  
  “I think I’ll be out of here on Monday, sir,” he said to Wemmick.
  
  “Maybe,” my friend said. “But we can’t be sure.”
  
  “I’m glad to have the chance to say goodbye, Mr. Wemmick,” the man said, reaching his hand through the bars.
  
  “Thank you,” Wemmick said, shaking his hand. “Same to you, Colonel.”
  
  “If what I had on me when I was caught had been real, Mr. Wemmick,” the man said, not letting go of his hand, “I would have asked you to wear another ring—as a thank you for your kindness.”
  
  “I’ll take your good will as if you gave me the ring,” Wemmick said. “By the way, you were a pigeon fancier.” The man looked up at the sky. “I heard you had some great tumblers. Could you ask a friend to bring me a pair if you don’t need them anymore?”
  
  “I’ll do that, sir.”
  
  “Good,” Wemmick said. “They’ll be taken care of. Good afternoon, Colonel. Good-bye!” They shook hands again, and as we walked away, Wemmick said to me, “He’s a forger, a very good one. The judge’s report is done today, and he’s sure to be hanged on Monday. Still, you see, as far as it goes, a pair of pigeons is still something you can carry with you.” With that, he looked back at the dead plant and then looked around, as if thinking which other plant would fit best in its place.
  
  As we left the prison through the lodge, I noticed that the guards respected my guardian just as much as the prisoners. “Well, Mr. Wemmick,” said the guard who kept us between the two spiked lodge gates, locking one before unlocking the other, “what’s Mr. Jaggers going to do with that water-side murder?”"
qwen,groq_qwen_32b_free|run_1|DICKENS_GREAT_EXPECTATIONS_018|simplify,groq_qwen_32b_free,qwen/qwen3-32b,DICKENS_GREAT_EXPECTATIONS_018,simplify,554,451,0.814079,warning,length_soft_warning,json_ok,f27feda761f2d48440fcdc9154971486f039fca4b27237dea14de9e8a21184dd,"When he felt things were really bad and he needed a way out, he would go to ’Change during busy hours and walk in and out among the important people, like he was doing some kind of gloomy dance. 'Handel,' Herbert told me one day when he came home for lunch, 'I’ve realized the truth is that an opening won’t come to you—you have to go to it. And that’s what I’ve been doing.'

If we hadn’t been so close, I think we would have hated each other every morning. I really hated the rooms at that time, and I couldn’t stand the sight of the Avenger’s clothes, which looked more expensive and less useful than usual. As we got deeper into debt, breakfast became less and less satisfying. Once, when I got a letter threatening legal action—something that might have been about jewelry in the local paper—I grabbed the Avenger by his blue coat and shook him so hard he was actually off the ground, like a booted Cupid, just for suggesting we needed a roll.

At times—though these times were never certain, depending on our moods—I would say to Herbert, as if I had just figured it out, 'My dear Herbert, we’re doing badly.'

'If you believe me, my dear Handel,' Herbert would say, 'those exact words were on my mind, by a strange coincidence.'

'Well then, Herbert,' I would reply, 'let’s look at our situation.'

We always felt good about making plans like this. I always thought this was real business, the right way to face our problems head-on. And I know Herbert thought the same.

We would order something special for dinner, along with a bottle of something unusual, to help us feel ready for the task ahead. After dinner, we would bring out a bunch of pens, plenty of ink, and a lot of paper. It felt really good to have all the supplies.

I would write on the top of a sheet of paper, in a neat hand, 'Memorandum of Pip’s debts,' and carefully add Barnard’s Inn and the date. Herbert would do the same with his own debts.

Then we would look at the messy pile of papers next to us, which had been tossed into drawers, worn out in pockets, half-burned when lighting candles, stuck in the mirror for weeks, and otherwise damaged. The sound of our pens writing was very refreshing, so much so that I sometimes had trouble telling the difference between this serious task and actually paying the money. In terms of how good it felt, the two seemed about the same.

After writing for a while, I would ask Herbert how he was doing?"
qwen,groq_qwen_32b_free|run_1|POE_WORKS_VOLUME_1_001|paraphrase,groq_qwen_32b_free,qwen/qwen3-32b,POE_WORKS_VOLUME_1_001,paraphrase,584,560,0.958904,warning,json_repaired_loose_rewritten_text,json_repaired_loose_rewritten_text,8370feb13c7593a10d9216cdf6dead024ec0ff7d682c239a129a9b205de171ee,"When evaluating an author's worth and determining their place among the literary pantheon, we are justified in assessing them from our own perspective and according to our own criteria. Yet, when considering the strength of their work, we must take into account their original intent and compare their creations to the vision they themselves set forth, measuring how much falls short. We differ from Mr. Poe in our views on the aims of art. He believes the goal is the creation of Beauty, and it may be only in the interpretation of that term that we find ourselves at odds. In our remarks on his writings, however, we shall follow his own standard as our guide. The sanctuary of the muse is open from every direction, and there is ample space within it for all who offer tribute or seek prophecy.\n\nIn his stories, Mr. Poe has chosen to demonstrate his talent primarily in that shadowy realm that lies at the edge of the plausible and stretches into the strange boundaries of superstition and the unreal. He possesses a striking ability to blend two faculties rarely found together: the capacity to affect the reader's mind with the subtle suggestions of mystery and an attention to detail so thorough that not even a pin or a button escapes notice. Both traits stem naturally from the dominant feature of his intellect, which we have previously mentioned—analysis. This is what sets the artist apart. His mind immediately grasps the desired effect. Once he has decided to evoke certain feelings in the reader, he ensures that every element contributes precisely to the central aim. Even his mystery is calculated in his mind. To him, X is a known variable throughout. In any scene he creates, he understands the chemical nature of all his colors. Although some of his figures may appear indistinct, and the shadows formless, to him the contours are as clear and defined as those of a geometric figure. For this reason, Mr. Poe has no affinity for Mysticism. The Mystic lives within the mystery, is wrapped in it; it tinges all his thoughts; it especially affects his vision, and the most ordinary things acquire a prismatic glow from it. Mr. Poe, by contrast, is an observer from the outside. He examines, he dissects, he watches\n\n“with an eye serene,\nThe very pulse of the machine,”\n\nfor it is essentially a machine to him, with gears and cogs and piston-rods, all working to achieve a specific outcome.\n\nThis analytical nature of his mind tempers the poetic, and by giving him the endurance to be meticulous, allows him to inject a remarkable sense of reality into his most fantastical ideas. A monomania he portrays with great strength. He enjoys dissecting one of these mental tumors and tracing all the delicate extensions of its roots. In conjuring images of horror, too, he achieves unusual success, sometimes conveying to us by a faint suggestion some dreadful uncertainty, which is the essence of all horror. He leaves the imagination the task of completing the picture, a task to which only it is suited.\n\n“For much imaginary work was there;\nConceit deceitful, so compact, so kind,\nThat for Achilles’ image stood his spear\nGrasped in an armed hand; himself behind\nWas left unseen, save to the eye of mind.”"
qwen,groq_qwen_32b_free|run_1|POE_WORKS_VOLUME_1_001|simplify,groq_qwen_32b_free,qwen/qwen3-32b,POE_WORKS_VOLUME_1_001,simplify,584,520,0.890411,warning,json_repaired_loose_rewritten_text,json_repaired_loose_rewritten_text,e4b40f5f78f9a5f5a222c3d329a61d64317019c0926f6d1905f0008bf3aacb3b,"When we judge how good a writer is and where they belong among the writers we admire, we can look at them from our own perspective and use our own standards. But when we try to understand how strong their writing is, we should consider what they were trying to achieve. We should compare their work to their own goals and see how close they came. We don’t agree with Mr. Poe about what art should be. He believes the main goal of art is to create beauty, and maybe we only disagree on what beauty means. But when we talk about his writing, we’ll use his own standards. The temple of the god of poetry is open to everyone, and there’s plenty of space for all who come with offerings or seek answers.

In his stories, Mr. Poe shows his talent mainly in the strange area between what is possible and the strange world of superstition and fantasy. He has a rare ability to combine two skills that are not often found together: the power to create mystery that affects the reader’s mind and a careful attention to detail that notices even the smallest things. Both of these come from the main feature of his mind, which we’ve already mentioned: analysis. This is what makes him a true artist. His mind quickly moves toward the effect he wants to create. Once he decides what emotions he wants the reader to feel, he makes sure every part of the story supports that goal. Even his mystery is carefully planned in his mind. To him, everything is clear and known. In any picture he paints, he understands the properties of all his colors. Even if some of his images seem unclear or shadowy, to him the outlines are as clear as a math diagram. Because of this, Mr. Poe doesn’t share the same feelings as the Mystic. The Mystic lives in mystery, is surrounded by it; it influences all his thoughts; it especially affects his vision, and ordinary things seem to have a colorful edge. Mr. Poe, on the other hand, is an observer from the outside. He analyzes, he examines, he watches

“with an eye serene,
The very pulse of the machine,”

because to him, it really is like a machine with wheels and gears and rods, all working together to create a specific result.

This analytical side of his mind balances his poetic side, and by giving him the patience to be detailed, it helps him make even his wildest ideas feel real. He can describe a mental illness with great strength. He enjoys studying these mental disorders and showing how they spread. In creating images of fear, he also has unusual success, sometimes giving us a dark hint of some terrible uncertainty, which is the real source of all fear. He lets our imagination complete the picture, a task only imagination can do.

“For much imaginary work was there;
Conceit deceitful, so compact, so kind,
That for Achilles’ image stood his spear
Grasped in an armed hand; himself behind
Was left unseen, save to the eye of mind.”"
qwen,groq_qwen_32b_free|run_1|POE_WORKS_VOLUME_1_002|simplify,groq_qwen_32b_free,qwen/qwen3-32b,POE_WORKS_VOLUME_1_002,simplify,556,463,0.832734,warning,length_soft_warning,json_ok,b044618ce6a6080150704b4441847f6698362129077d8d0b28f759a0cc41b72d,"My main goal is to start a magazine called 'The Stylus,' but it would be useless to me unless it is completely under my control. I want to create a publication that is entirely mine. To make this happen, I need at least five hundred subscribers to begin with. I already have nearly two hundred. I plan to travel South and West to visit my personal and literary friends—people I met at college and West Point—to see what I can do. To raise money for the first step, I will give a lecture at the Society Library on Thursday, February 3rd. To avoid any arguments, my topic will not be literary at all. I have chosen a broad subject: 'The Universe.' Having shared these facts with you, I leave the rest to your kindness and good judgment. With sincere thanks, Your friend always, EDGAR A. POE. These brief and spontaneous letters clearly show that Mr. Poe had the qualities that some people say he didn't—humility, determination, trust in others' friendship, and the ability to be warm and grateful. That's how he was when he was healthy. That's how we've always known him during our five or six years of friendship. It's easier to believe what we've seen and known than what we've only heard. We remember him with admiration and respect; the descriptions of him when he was mentally unwell seem to us like portraits painted during illness of a man we only knew in health. There is another, more touching, and much stronger proof that Edgar A. Poe was a good person. To share it, we must risk revealing something private that covers grief and hardship in poverty; but we believe it's justified if we can honor the poet's memory, even if there wasn't a more urgent need to help those who were most affected by his death. Our first knowledge of Mr. Poe's move to this city was when we received a visit from a lady who introduced herself as the mother of his wife. She was looking for work for him and explained that he was ill, that her daughter was a long-time invalid, and that their situation forced her to take this action. The lady's face, made beautiful and holy by her evident self-sacrifice to hardship and tender sorrow, her gentle and sorrowful voice pleading her case, her long-forgotten but habitual and unconscious refined manners, and her respectful and appreciative mention of her son's abilities and claims, showed us at once the presence of one of those angels on earth that women in adversity can be. It was a difficult fate that she was watching over. Mr. Poe wrote with great care and in a style too high for the general public to pay well for."
qwen,groq_qwen_32b_free|run_1|POE_WORKS_VOLUME_1_003|paraphrase,groq_qwen_32b_free,qwen/qwen3-32b,POE_WORKS_VOLUME_1_003,paraphrase,581,481,0.827883,warning,json_repaired_loose_rewritten_text;length_soft_warning,json_repaired_loose_rewritten_text,2ff592d02c27c12ef1f7cd6393038083666502d1071c6734158cc99c4c1d3f54,"After nearly four and a half hours, I determined the balloon was sufficiently inflated. I then fastened the car and placed all my tools inside, making sure to include the condensing equipment, a plentiful supply of water, and ample provisions, such as pemmican, which offers substantial nourishment in a compact form. I also brought along a pair of pigeons and a cat. It was now almost dawn, and I felt it was time to leave. Pretending to drop a lit cigar, I used the moment to crouch and quietly set fire to the slow match, the end of which slightly extended beyond the rim of one of the smaller barrels. The three men who had been pestering me noticed nothing of this. I jumped into the car and severed the single rope tethering me to the ground, delighted to see that I rose easily, carrying one hundred and seventy-five pounds of lead ballast, with the capacity to lift as much more.

“Yet scarcely had I reached fifty yards in height when a terrible storm of fire, smoke, sulfur, limbs, gravel, burning wood, and glowing metal surged upward after me in a most dreadful and chaotic fashion. My heart sank, and I fell to the bottom of the car, shaking with sheer terror. At that moment, I realized I had overestimated the situation, and the full impact of the blast was yet to come. Almost immediately, I felt a rush of blood to my temples, followed by a jarring shock that I shall never forget, which tore through the night and seemed to split the very heavens. Later, I was able to understand that the intensity of the explosion on me was due to my position directly above it, in the path of its greatest force. But at the time, I was only concerned with saving my life. The balloon first collapsed, then violently expanded, then spun wildly at a terrifying speed, and finally, swaying and lurching like a drunkard, it hurled me over the edge of the car with great force, leaving me hanging at a terrifying height, head down and face outward, by a slender cord about three feet long, which had accidentally caught through a crack in the wicker and entangled my left foot as I fell. It is impossible—utterly impossible—to imagine the horror of my condition. I gasped for breath convulsively, a shudder like a fit of the ague shook every nerve and muscle in my body, my eyes seemed to pop from their sockets, a terrible nausea overwhelmed me—and finally, I lost consciousness.

“How long I remained in this state is unknown. It must have been a considerable time, for when I regained some sense of being, I found the dawn breaking, the balloon at an immense height above an endless expanse of ocean, and no sign of land anywhere within the vast horizon."
qwen,groq_qwen_32b_free|run_1|POE_WORKS_VOLUME_1_003|modernize,groq_qwen_32b_free,qwen/qwen3-32b,POE_WORKS_VOLUME_1_003,modernize,581,462,0.795181,warning,json_repaired_loose_rewritten_text;length_hard_warning,json_repaired_loose_rewritten_text,4e07afb69db7e581b86ddbb65fcd9601517dd0aec21f3896b08e08396bf275f1,"In about four and a half hours, I found the balloon sufficiently inflated. I attached the gondola, then loaded it with all my equipment—making sure not to forget the condensing apparatus, a large supply of water, and plenty of provisions, like pemmican, which packs a lot of nutrition into a small volume. I also placed a pair of pigeons and a cat securely inside the gondola. It was almost dawn, and I figured it was time to go. I dropped a lit cigar on the ground as if by accident, and while I bent down to pick it up, I quietly lit the fuse, which had been sticking out just slightly from the bottom of one of the smaller barrels. The three men didn’t notice a thing. I jumped into the gondola, cut the single rope that tethered me to the ground, and was happy to see I rose easily, lifting 175 pounds of lead ballast—and could have carried just as much more.

“Just as I reached about fifty yards up, a wild, roaring storm of fire, smoke, sulfur, limbs, gravel, burning wood, and glowing metal came rushing up after me in the most terrifying way. My heart dropped, and I fell to the bottom of the gondola, shaking with pure fear. I realized then that I had gone too far, and the worst was yet to come. In less than a second, I felt all the blood in my body rush to my temples, and then a shock so intense it shattered the night and seemed to tear the sky apart. Later, when I had time to think, I figured out that the explosion hit me so hard because I was directly above it, right in the path of its strongest force. But at the moment, I was only thinking about staying alive. The balloon first collapsed, then violently expanded, then spun around with terrifying speed, and finally, swaying and lurching like a drunk, it threw me over the edge of the gondola and left me hanging, upside down and facing outward, at a terrifying height, by a thin cord about three feet long. It had accidentally caught my left foot through a crack in the wicker near the bottom. It’s impossible—completely impossible—to imagine how awful my situation was. I gasped for breath, every nerve and muscle in my body shook like with chills, my eyes felt like they were popping out, a terrible nausea overwhelmed me—and then I passed out.

“How long I stayed like that, I can’t say. But it must have been a while, because when I came to, the sun was rising, the balloon was high over an endless ocean, and there was no sign of land anywhere on the vast horizon."
qwen,groq_qwen_32b_free|run_1|POE_WORKS_VOLUME_1_003|simplify,groq_qwen_32b_free,qwen/qwen3-32b,POE_WORKS_VOLUME_1_003,simplify,581,495,0.851979,warning,json_repaired_loose_rewritten_text,json_repaired_loose_rewritten_text,411aa75374ecf52257a2b83da9cc456443635111eda741aa59009d0b454290f5,"In about four and a half hours, I found the balloon sufficiently inflated. I attached the car and placed all my tools inside, including the condensing apparatus, plenty of water, and a large amount of food like pemmican, which is very nutritious but takes up little space. I also put a pair of pigeons and a cat in the car. It was almost morning, and I thought it was time to leave. I dropped a lit cigar on the ground as if by accident, and while I bent down to pick it up, I quietly lit the fuse that extended slightly from the bottom of one of the smaller barrels. The three men didn't notice this at all. I jumped into the car, cut the single rope that tied me to the ground, and was happy to see that I rose easily, carrying 175 pounds of lead ballast, and could have carried just as much more.

""However, I had barely reached a height of fifty yards when a terrible storm of fire, smoke, sulfur, legs, arms, gravel, burning wood, and flaming metal came roaring up after me in the most frightening and chaotic way. My heart sank, and I fell to the bottom of the car, shaking with pure fear. I realized then that I had gone too far, and the worst effects of the explosion were yet to come. In less than a second, I felt all the blood rush to my temples, and then a shock, which I will never forget, burst through the night and seemed to tear the sky apart. Later, when I had time to think, I didn't fail to blame the extreme force of the explosion on my position directly above it and in the path of its greatest power. But at the time, I only thought of saving my life. The balloon first collapsed, then violently expanded, then spun around with terrifying speed, and finally, swaying and staggering like a drunk man, it threw me with great force over the edge of the car and left me hanging, at a terrifying height, with my head down and my face outward, by a thin piece of cord about three feet long, which hung accidentally through a crack near the bottom of the wicker, and in which, as I fell, my left foot became very conveniently entangled. It is impossible to imagine the horror of my situation. I gasped for breath, a shudder like a fit of the ague shook every nerve and muscle in my body, I felt my eyes popping from their sockets, a terrible nausea overwhelmed me, and finally I fainted.

""How long I remained in this state is impossible to say. It must, however, have been some time, for when I partially regained my senses, I found the day breaking, the balloon at a great height over an endless ocean, and not a trace of land to be seen far and wide within the vast horizon."
qwen,groq_qwen_32b_free|run_1|POE_WORKS_VOLUME_1_004|paraphrase,groq_qwen_32b_free,qwen/qwen3-32b,POE_WORKS_VOLUME_1_004,paraphrase,553,398,0.719711,warning,length_hard_warning,json_ok,0186dab40b1d82fcaddd683ab47439f2982353a1793775b2eb45a4d850483a21,"Adopting this perspective, I had little more to consider. Assuming that during my journey I would encounter an atmosphere similar to that found at the Earth's surface, I believed that using the clever device of M. Grimm, I could easily compress enough air for breathing. This would eliminate the main challenge of a lunar expedition. I had, in fact, invested both money and effort in modifying the apparatus for this purpose, and I eagerly anticipated its success, provided I could complete the journey within a reasonable timeframe. This brings me back to the speed at which such travel might be possible. It is known that balloons, during the initial phase of their ascent from Earth, rise at a relatively slow pace. The lifting power comes entirely from the gas inside the balloon being lighter than the surrounding air. At first glance, it seems unlikely that as the balloon gains altitude and enters increasingly less dense layers of the atmosphere, its upward speed would actually increase. On the contrary, I had not noticed in any documented ascent a decrease in the rate of ascent, even though such a decrease should have occurred due to gas escaping from poorly constructed balloons coated with inferior varnish. It appeared, therefore, that the gas leakage was just enough to offset any potential acceleration. I now considered that, assuming I encountered the medium I had imagined and it proved to be essentially what we call atmospheric air, the degree of its thinness would not significantly affect my ability to ascend. The gas inside the balloon would not only experience a similar thinning (which I could manage by releasing some to avoid bursting), but it would remain lighter than any mixture of nitrogen and oxygen. Meanwhile, the pull of gravity would steadily decrease with the square of the distance, and thus, with a rapidly increasing speed, I would eventually reach the distant regions where Earth's gravitational pull would give way to that of the moon. Guided by these thoughts, I did not see the need to carry more supplies than enough for forty days. There was, however, another concern that troubled me somewhat. It has been noted that during balloon ascents to significant heights, in addition to the discomfort of breathing, considerable unease is felt in the head and body, often accompanied by nosebleeds and other alarming symptoms, which become increasingly uncomfortable as altitude increases."
qwen,groq_qwen_32b_free|run_1|POE_WORKS_VOLUME_1_004|modernize,groq_qwen_32b_free,qwen/qwen3-32b,POE_WORKS_VOLUME_1_004,modernize,553,427,0.772152,warning,length_hard_warning,json_ok,839de2e608f22c6a61bbe8d9385e8f4ae67d7dcece622c6012716a28f22d25d7,"Once I had settled on this approach, I didn’t hesitate much longer. Assuming that during my journey I would encounter an atmosphere similar to the one on Earth’s surface, I believed I could use the clever device developed by Mr. Grimm to compress enough air for breathing. This would eliminate the biggest challenge of a trip to the moon. I had already spent money and effort modifying the equipment for this purpose, and I was confident it would work as long as I could complete the journey within a reasonable timeframe. This brings me back to the speed at which such a trip might be possible. 

It’s true that balloons, in the early stages of rising from Earth, climb at a relatively slow speed. The reason for this lift is the fact that the gas inside the balloon is lighter than the surrounding air. At first glance, it doesn’t seem likely that as the balloon gains altitude and moves into layers of air that are getting thinner, the initial speed would actually increase. On the other hand, I hadn’t noticed any recorded cases where the rate of ascent clearly slowed down, even though that should have happened, at least in part, because of gas escaping from poorly constructed balloons coated with nothing more than regular varnish. It seemed like the effect of this leakage was just enough to balance out any acceleration. I now thought that, as long as I found the kind of atmosphere I expected and it turned out to be the same as what we call air, it wouldn’t make much difference how thin it was—how much it had thinned out—because the gas in my balloon would also be affected in a similar way. I could let out some of the gas to avoid an explosion, and in any case, the gas would still be lighter than a mix of just nitrogen and oxygen. Meanwhile, the pull of gravity would keep getting weaker as I moved farther away, and eventually, I would reach the point where the moon’s gravity would take over from Earth’s. Based on these thoughts, I didn’t think it was necessary to bring more supplies than what I could use in about forty days. 

There was still, however, another problem that gave me some concern. It has been noted that during balloon ascents to significant heights, in addition to the difficulty of breathing, people often feel a lot of discomfort in their heads and bodies, sometimes with nosebleeds and other troubling symptoms that get worse the higher you go."
qwen,groq_qwen_32b_free|run_1|POE_WORKS_VOLUME_1_004|simplify,groq_qwen_32b_free,qwen/qwen3-32b,POE_WORKS_VOLUME_1_004,simplify,553,387,0.699819,warning,length_hard_warning,json_ok,56c360a9f41fc9ef01e1ab84a0092822c880e5546fe68c07ec6b9b81a89931a2,"Once I had decided on this plan, I had little more to think about. Assuming that the air I would meet on my journey was the same as the air we breathe on Earth, I believed I could use a clever device made by M. Grimm to collect enough air for breathing. This would solve the biggest problem of traveling to the moon. I had already spent money and time adjusting the device for this purpose, and I was confident it would work if I could finish the trip in a reasonable amount of time. This brings me back to how fast I could travel.

It's true that balloons rise slowly at first when they begin to go up from Earth. The reason they rise is because the gas inside the balloon is lighter than the air around it. At first glance, it doesn't seem likely that the balloon would speed up as it goes higher, since the air gets thinner as it goes up. On the other hand, I didn't know of any recorded balloon flights where the speed of rising actually slowed down, even though it should have because of gas escaping through poorly made balloons coated with weak varnish. It seemed to me that the gas escaping was just enough to balance out any speeding up. I now thought that, as long as I found the kind of air I imagined and it was really the same as the air we call atmospheric air, it wouldn't matter much how thin it was. The gas in my balloon would also get thinner, and I could let out some gas to avoid the balloon bursting. Still, the gas would remain lighter than any mix of nitrogen and oxygen. At the same time, gravity would get weaker the farther I traveled, and I would speed up more and more until I reached the point where the moon's gravity would take over. Based on these thoughts, I didn't think I needed more food than enough for forty days.

There was still another problem that worried me a bit. It has been noticed that when balloons go up to high altitudes, people often feel pain when breathing and experience discomfort in the head and body, sometimes with nosebleeds and other troubling symptoms that get worse the higher they go."
qwen,groq_qwen_32b_free|run_1|POE_WORKS_VOLUME_1_005|paraphrase,groq_qwen_32b_free,qwen/qwen3-32b,POE_WORKS_VOLUME_1_005,paraphrase,550,497,0.903636,warning,prompt_or_source_leakage_warning,json_ok,01daf25c1a7c924ec28f6a01ca157e656f1ffdab630be945af358d118aeb6d29,"This process, repeated multiple times, eventually filled the chamber with air suitable for breathing. However, in such a confined space, the air would quickly become stale and unsuitable for use due to constant exposure to the lungs. It was then expelled through a small valve at the base of the car, as the heavier air naturally settled into the lighter atmosphere below. To prevent the inconvenience of creating a complete vacuum inside the chamber at any given moment, this purification was never done all at once, but gradually—the valve was opened for only a few seconds at a time, then closed again, until one or two strokes of the condenser's pump replenished the air that had been released. For the sake of the experiment, I had placed the cat and kittens in a small basket and hung it outside the car on a button at the bottom, near the valve, allowing me to feed them whenever needed. I did this with some risk, and before sealing the chamber, I reached under the car with one of the poles previously mentioned, to which a hook had been attached.

By the time I had fully completed these preparations and filled the chamber as described, it was only ten minutes before nine o’clock. Throughout the entire time I was occupied with these tasks, I suffered greatly from difficulty breathing, and bitterly regretted my negligence—or rather, recklessness—in delaying such an important matter until the last moment. But once I had finally finished, I soon began to benefit from my invention. Once again, I breathed with perfect ease and comfort—and indeed, why not? I was also pleasantly surprised to find that I was largely relieved of the severe pains that had previously tormented me. A mild headache, accompanied by a feeling of fullness or pressure around the wrists, ankles, and throat, was nearly all I now had to complain of. It was clear that most of the discomfort associated with the removal of atmospheric pressure had indeed subsided, as I had anticipated, and that much of the pain I had endured for the past two hours should have been attributed entirely to the effects of inadequate breathing.

At twenty minutes before nine o’clock—that is to say, shortly before I sealed the mouth of the chamber, the mercury in the barometer reached its lowest point, or ran down, which, as I mentioned earlier, was an extended model. It then indicated that I had reached an altitude of 132,000 feet, or twenty-five miles, and I consequently observed an area of the earth's surface amounting to no less than the three hundred-and-twentieth part of its entire surface. At nine o’clock, I had once again lost sight of land to the east, but not before I noticed that the balloon was moving swiftly in a north-northwest direction. The curvature of the ocean beneath me was very clear, although my view was frequently obstructed by the drifting masses of cloud."
qwen,groq_qwen_32b_free|run_1|POE_WORKS_VOLUME_1_005|modernize,groq_qwen_32b_free,qwen/qwen3-32b,POE_WORKS_VOLUME_1_005,modernize,550,457,0.830909,warning,prompt_or_source_leakage_warning;length_soft_warning,json_ok,18f77fb69ebe9e882a9a5a0239f300524e5c997645527c35143901677d998ab1,"After repeating this process several times, the chamber eventually filled with air suitable for breathing. However, in such a small space, the air would quickly become stale and unfit for use due to constant exposure to the lungs. To address this, the air was released through a small valve at the bottom of the car, as the heavier air naturally sank into the lighter air below. To prevent the inconvenience of creating a complete vacuum inside the chamber at any given time, the purification process was done gradually. The valve was opened for only a few seconds at a time, then closed again, allowing one or two strokes from the condenser pump to replace the air that had been released. For the experiment, I placed the cat and kittens in a small basket and hung it outside the car from a button at the bottom, near the valve, so I could feed them whenever needed. I did this with some risk, reaching under the car with one of the poles mentioned earlier, which had a hook attached, before sealing the chamber.

By the time I finished these preparations and filled the chamber as described, it was only ten minutes to nine o’clock. Throughout this process, I suffered terrible discomfort due to difficulty breathing and deeply regretted my negligence—or rather, recklessness—in delaying such an important task until the last minute. But once completed, I quickly began to benefit from my invention. I could breathe freely and easily again—and why shouldn’t I? I was also pleasantly surprised to find that I was largely relieved of the intense pain that had been tormenting me. A mild headache, along with a feeling of fullness or pressure around my wrists, ankles, and throat, was about all I now had to deal with. It was clear that most of the discomfort caused by the removal of atmospheric pressure had indeed subsided, as I had expected, and much of the pain I had endured for the past two hours could be attributed entirely to poor breathing.

At twenty minutes before nine o’clock—that is, shortly before I sealed the chamber—the mercury in the barometer, which I had previously mentioned was an extended model, reached its limit or dropped. It then indicated that I had reached an altitude of 132,000 feet, or about twenty-five miles. At that time, I could see a vast portion of the Earth’s surface, roughly one three-hundred-and-twentieth of its total area. By nine o’clock, I had lost sight of land to the east, but not before noticing that the balloon was moving quickly in a north-northwest direction. The curvature of the ocean below was very clear, although my view was often blocked by drifting clouds."
qwen,groq_qwen_32b_free|run_1|POE_WORKS_VOLUME_1_005|simplify,groq_qwen_32b_free,qwen/qwen3-32b,POE_WORKS_VOLUME_1_005,simplify,550,442,0.803636,warning,prompt_or_source_leakage_warning;length_soft_warning,json_ok,2d15bb4f1be72cac039432bf9e6986a2df6effc18dae54f6a4e9e6628ffc0e54,"After repeating this process several times, the chamber eventually filled with air suitable for breathing. However, in such a small space, the air would quickly become dirty and unfit for use after being in contact with the lungs. The dirty air was then released through a small valve at the bottom of the car, since heavier air naturally sinks into the lighter air below. To prevent the chamber from becoming completely empty at any one time, the cleaning process was done gradually. The valve was opened for just a few seconds at a time, then closed again, until a few strokes of the condenser pump replaced the air that had been released. For the experiment, I placed the cat and kittens in a small basket and hung it outside the car near the bottom, close to the valve, so I could feed them whenever needed. I did this with some risk, reaching under the car with one of the poles I had mentioned earlier, to which a hook had been attached.

By the time I finished these preparations and filled the chamber as described, it was ten minutes to nine o’clock. During the entire time I was working, I suffered greatly from difficulty breathing and deeply regretted my carelessness—or rather, foolishness—in delaying such an important task until the last minute. But once I completed it, I quickly began to benefit from my invention. I could breathe freely and easily again—and why not? I was also pleasantly surprised to find that I was mostly free from the severe pain that had been troubling me. I now only had a mild headache, along with a feeling of fullness or tightness in my wrists, ankles, and throat. It was clear that most of the discomfort from removing atmospheric pressure had worn off, as I had expected, and much of the pain I had endured for the past two hours could be blamed entirely on poor breathing.

At twenty minutes before nine o’clock—that is, shortly before I sealed the chamber—the mercury in the barometer reached its lowest point. As I mentioned earlier, this was a special type of barometer. It showed that I had reached an altitude of 132,000 feet, or about twenty-five miles. At that time, I could see a vast portion of the Earth’s surface—about one three-hundred-and-twentieth of the whole. By nine o’clock, I had lost sight of land to the east, but not before I noticed that the balloon was moving quickly in a north-northwest direction. The curvature of the ocean below was clearly visible, although my view was often blocked by clouds drifting around."
qwen,groq_qwen_32b_free|run_1|POE_WORKS_VOLUME_1_006|simplify,groq_qwen_32b_free,qwen/qwen3-32b,POE_WORKS_VOLUME_1_006,simplify,555,399,0.718919,warning,length_hard_warning,json_ok,38c2fac4f56cf6c4651497b5ba504c954a4077e59c5e36dfead5a4529f4ef229,"I agreed with the second opinion. The ice edge to the north was becoming clearer, and the cold wasn't as severe. Nothing important happened, and I spent the day reading, making sure I had books with me.

'April 5th. I saw the unusual sight of the sun rising while most of the visible world was still in darkness. Eventually, the light spread, and I could see the ice line to the north again. It was now very clear and looked much darker than the ocean. I was moving toward it quickly. I thought I could see land to the east and west, but I wasn't sure. The weather was mild. Nothing important happened that day. I went to bed early.

'April 6th. I was surprised to find the ice edge close by, with a huge stretch of ice going all the way to the horizon in the north. It was clear that if the balloon kept going the same way, it would soon be over the Frozen Ocean, and I was almost certain I would see the North Pole. All day I got closer to the ice. As night came, my view suddenly expanded because of the shape of the Earth and my position near the Arctic circle. When it got dark, I went to bed worried I might pass over the Pole without being able to see it.

'April 7th. I got up early and, to my delight, finally saw what I could only think was the North Pole itself. It was there, without a doubt, right beneath me. But alas, I had risen so high that I couldn't see anything clearly. Looking at the numbers showing my altitude between 6 A.M. on April 2nd and 8:40 A.M. the same day (when the barometer dropped), it seemed the balloon had reached at least 7,254 miles above sea level by 4 A.M. on April 7th. This height might seem huge, but the calculation was probably lower than the real number. In any case, I definitely saw the whole of the Earth's longest diameter; the entire northern half lay beneath me like a map. The equator formed the edge of my view. You can imagine, however, that the unexplored areas within the Arctic circle, even though directly under me and not appearing smaller, were still too small and too far away to study in detail."
qwen,groq_qwen_32b_free|run_1|POE_WORKS_VOLUME_1_007|modernize,groq_qwen_32b_free,qwen/qwen3-32b,POE_WORKS_VOLUME_1_007,modernize,573,476,0.830716,warning,length_soft_warning,json_ok,f6e80f194e0f2666d932c7263000d39957476510ba9683311dd4ddb7d42c30f5,"This is, in fact, the case. I have a lot—very much—that I would be happy to share. I have a great deal to say about the planet’s climate; about its amazing shifts between heat and cold, with scorching sunshine for two weeks straight and then more than polar-like cold the next; about the constant movement of moisture, like distillation in a vacuum, from the side facing the sun to the side facing away; about a shifting zone of liquid water; about the people themselves; about their customs, traditions, and political systems; about their unique physical structure; about their ugliness; about their lack of ears, which are useless in such an atmosphere; about their ignorance of speech and its properties because of that; about their alternative method of communication; and about the strange connection between each person on the moon and a specific person on Earth—a connection similar to and based on the relationship between the planet and its satellites, through which the lives and fates of the moon’s inhabitants are intertwined with those of Earth’s. And above all, if you’ll allow me, above all, about those dark and terrifying mysteries in the outer regions of the moon—regions that, due to the almost miraculous alignment of the moon’s rotation on its axis with its orbit around Earth, have never been seen and, by God’s grace, never will be seen through the telescopes of humans. All of this, and much more, I would be happy to explain. But to be brief, I must have my reward. I’m longing to return to my family and home; and in exchange for any further information I can provide—information that could illuminate many important areas of science—I must ask, through your influence, for a pardon for the crime I committed in the deaths of my creditors when I left Rotterdam. This, then, is the purpose of this letter. Its bearer, a resident of the moon, whom I have convinced and properly instructed to be my messenger to Earth, will wait for your decision and return to me with the pardon, if it can be obtained in any way.

“I remain, with the highest respect, your very humble servant,

“HANS PFAALL.”

After reading this incredibly unusual letter, Professor Rub-a-dub is said to have dropped his pipe in shock, and Mynheer Superbus Von Underduk, after taking off his glasses, wiping them, and putting them in his pocket, forgot both himself and his dignity enough to spin around three times on his heel in pure astonishment and admiration. There was no doubt about it—the pardon should be obtained. That’s what Professor Rub-a-dub declared with a loud oath, and that’s what the distinguished Von Underduk finally decided, as he took his fellow scientist’s arm and, without a word, started heading home to discuss the steps to take."
qwen,groq_qwen_32b_free|run_1|POE_WORKS_VOLUME_1_007|simplify,groq_qwen_32b_free,qwen/qwen3-32b,POE_WORKS_VOLUME_1_007,simplify,573,441,0.769634,warning,length_hard_warning,json_ok,a9037b76770d051e7d673227a04a4ce292c3e084a5647737878b336ec50249cf,"This is, in fact, the case. I have a great deal—very much—that I would be happy to share. I have much to say about the planet's climate; its amazing shifts between heat and cold, with scorching sunshine for two weeks followed by more than polar cold the next; a constant movement of moisture, like distillation in a vacuum, from the point under the sun to the point farthest from it; a changing zone of running water; the people themselves; their customs, manners, and political systems; their unique physical build; their ugliness; their lack of ears, which are useless in such a different atmosphere; their ignorance of speech and its properties because of this; and their special way of communicating instead; and the strange connection between each person on the moon and a specific person on Earth—a connection similar to and based on the relationship between the planet and its satellites, through which the lives and fates of the people on one are linked to those on the other; and above all, if you wish, of the dark and terrible secrets in the outer parts of the moon—areas that, because of the almost perfect match between the moon's rotation and its orbit around Earth, have never been seen, and, by God's mercy, never will be seen, by human telescopes. All of this, and much more, I would be happy to explain. But, to be brief, I must have my reward. I miss my family and home. In exchange for any more information I can give, and considering the insights I can offer on many important areas of science, I ask for your help in getting a pardon for the crime I committed when I left Rotterdam. This is the purpose of this letter. Its bearer, a moon resident I have convinced and properly instructed to be my messenger to Earth, will wait for your decision and return with the pardon, if it can be obtained at all. I have the honor to be, etc., your Excellencies’ very humble servant, HANS PFAALL. After reading this unusual letter, Professor Rub-a-dub is said to have dropped his pipe in shock, and Mynheer Superbus Von Underduk, after taking off his glasses, wiping them, and putting them in his pocket, forgot both himself and his dignity enough to spin around three times on his heel in pure surprise and admiration. There was no doubt about it—the pardon should be obtained. So swore Professor Rub-a-dub, and so thought the illustrious Von Underduk, as he took his colleague's arm and, without a word, started heading home to plan what to do next."
qwen,groq_qwen_32b_free|run_1|POE_WORKS_VOLUME_1_008|paraphrase,groq_qwen_32b_free,qwen/qwen3-32b,POE_WORKS_VOLUME_1_008,paraphrase,570,558,0.978947,warning,json_repaired_loose_rewritten_text,json_repaired_loose_rewritten_text,d8679284ea5adb228fdbd5f6ccb8b843fec2864ba9db7f8f0449b42ed8d8f664,"Upon arriving at the hut, I knocked as was my habit, and receiving no answer, I searched for the key in the spot I knew it was hidden, unlocked the door, and stepped inside. A pleasant fire was burning in the fireplace. It was a welcome sight, and I was glad to see it. I removed my coat, took a chair by the crackling logs, and waited calmly for my hosts to arrive.

Soon after nightfall they came, greeting me with great warmth. Jupiter, beaming with delight, bustled around preparing some marsh hens for supper. Legrand was in one of his fits—how else can I describe them?—of excitement. He had discovered an unfamiliar bivalve, which he believed formed a new genus, and more than that, he had tracked down and captured, with Jupiter’s help, a _scarabæus_ that he thought might be entirely new, though he wanted my opinion on the matter the next day.

“And why not tonight?” I asked, rubbing my hands by the fire, wishing the whole tribe of _scarabæi_ were far away.

“Ah, if only I had known you were here!” Legrand replied. “It’s been so long since I last saw you, and how could I have imagined you would visit on this very night of all nights? On my way home I met Lieutenant G—— from the fort, and, foolishly, I lent him the bug. So you won’t be able to see it until morning. Stay here tonight, and I’ll send Jup to fetch it at sunrise. It is the most beautiful thing in existence!”

“What?—sunrise?”

“Nonsense! No!—the bug. It is a brilliant gold color—about the size of a large hickory-nut—with two jet black spots near one end of the back, and another, a bit longer, at the other. The _antennæ_ are—”

“Dey ain’t no tin in him, Massa Will, I keep a tellin on you,” Jupiter interjected. “De bug is a goole bug, solid, ebery bit of him, inside and all, sep him wing—neber feel half so hebby a bug in my life.”

“Well, suppose it is, Jup,” Legrand replied, with more urgency than the situation seemed to require, “is that any reason for you to let the birds burn? The color”—he turned to me—“is really almost enough to support Jupiter’s idea. You have never seen a more brilliant metallic sheen than the scales emit—but you cannot judge that until tomorrow. In the meantime, I can give you some idea of the shape.” With that, he sat down at a small table where a pen and ink were placed, but there was no paper. He searched a drawer for some, but found none.

“Never mind,” he said at last, “this will do.” And from his waistcoat pocket he pulled out a scrap of what I assumed to be very dirty foolscap, and sketched a rough drawing with the pen. While he did this, I remained seated by the fire, still feeling the chill. When the sketch was finished, he handed it to me without getting up. As I took it, a loud growl was heard, followed by scratching at the door. Jupiter opened it, and a large Newfoundland belonging to Legrand came in, leaping onto my shoulders and showering me with affection; for I had shown him much attention during my previous visits."
qwen,groq_qwen_32b_free|run_1|POE_WORKS_VOLUME_1_008|simplify,groq_qwen_32b_free,qwen/qwen3-32b,POE_WORKS_VOLUME_1_008,simplify,570,503,0.882456,warning,json_repaired_loose_rewritten_text,json_repaired_loose_rewritten_text,0107bba5f2c3940293ec7d52b91fa77397fcc9ea56c0fd14b62097a979348ae9,"When I got to the hut, I knocked as usual, but there was no answer. I found the key where I knew it was hidden, unlocked the door, and went inside. There was a nice fire burning in the fireplace, which was a welcome surprise. I took off my coat, sat in an armchair by the fire, and waited for my hosts to arrive.

Soon after dark, they showed up and greeted me warmly. Jupiter was happy and busy getting ready to cook some marsh hens for dinner. Legrand was excited about something. He had discovered a new kind of shellfish that formed its own group, and with Jupiter's help, he had also caught a beetle he thought was completely new. He wanted my opinion on it the next day.

'Why not tonight?' I asked, rubbing my hands by the fire and wishing all beetles were gone.

'Oh, if I had known you were here!' Legrand said. 'It's been a while since I saw you, and I couldn't have guessed you'd visit tonight of all nights. On my way home, I met Lieutenant G—— from the fort, and I foolishly lent him the beetle. So you won't be able to see it until tomorrow. Stay here tonight, and I'll send Jupiter to get it at sunrise. It's the most beautiful thing you've ever seen!'

'What? Sunrise?'

'No! The beetle. It's a bright gold color, about the size of a big hickory nut, with two black spots near one end of its back and another, longer one on the other end. The feelers are—'

'Dat ain't no tin, Massa Will, I keep a tellin' you,' Jupiter interrupted. 'De bug is solid gold, every bit of him, inside and all, except his wings. Neber feel half so heavy a bug in my life.'

'Well, suppose it is, Jup,' Legrand replied, more seriously than I thought necessary, 'is that any reason for you to let the birds burn? The color,' he said, turning to me, 'is really almost enough to support Jupiter's idea. You've never seen a more brilliant metallic shine than the scales give off—but you can't judge that until tomorrow. In the meantime, I can give you an idea of the shape.' He sat down at a small table with a pen and ink but no paper. He looked for some in a drawer but couldn't find any.

'Never mind,' he said finally, 'this will do.' He pulled out a piece of what I thought was very dirty paper from his coat pocket and made a rough drawing with the pen. While he did this, I stayed by the fire because I was still cold. When he was done, he handed it to me without getting up. As I took it, a loud growl was heard, followed by scratching at the door. Jupiter opened it, and a large Newfoundland dog, who belonged to Legrand, ran in, jumped on my shoulders, and showered me with affection; I had treated him kindly during previous visits."
qwen,groq_qwen_32b_free|run_1|POE_WORKS_VOLUME_1_009|paraphrase,groq_qwen_32b_free,qwen/qwen3-32b,POE_WORKS_VOLUME_1_009,paraphrase,567,539,0.950617,warning,json_repaired_loose_rewritten_text,json_repaired_loose_rewritten_text,da8d9e47829ce70fedccd3c05e2659dcb59b03831f0cba438ddd261a68923e8d,"I feared that the unrelenting weight of misfortune had finally driven my friend to the edge of reason. Without a moment's delay, I decided to accompany the negro.

When we arrived at the dock, I observed a scythe and three spades, all brand new, resting at the bottom of the boat we were to use.

“What is the purpose of these, Jup?” I asked.

“Him syfe, massa, and spade.”

“Indeed; but why are they here?”

“Him de syfe and de spade what Massa Will told me to buy for him in town, and it cost me a fortune to get ’em.”

“But what, in the name of all that is strange, is your ‘Massa Will’ going to do with scythes and spades?”

“That’s more than I know, and the devil take me if I don’t think it’s more than he knows too. But it’s all because of that bug.”

Since I could gain no clarity from Jupiter, whose mind seemed entirely consumed by 'de bug,' I stepped into the boat and we set sail. With a brisk wind at our backs, we quickly reached the small cove north of Fort Moultrie, and a two-mile walk brought us to the hut. It was about three in the afternoon when we arrived. Legrand had been waiting for us with great anticipation. He seized my hand with a nervous eagerness that unsettled me and reinforced my suspicions. His face was pale, almost deathly so, and his deep-set eyes gleamed with an unnatural brightness. After a few inquiries about his health, I asked him, not knowing what else to say, if he had yet obtained the _scarabæus_ from Lieutenant G——.

“Oh, yes,” he replied, his face flushing, “I got it from him the next morning. Nothing would tempt me to part with that _scarabæus_. Do you know that Jupiter is quite right about it?”

“In what way?” I asked, with a growing sense of unease.

“In thinking it is a bug made of _real gold_.” He spoke with such solemnity that I felt a deep sense of shock.

“This bug is going to make my fortune,” he continued, with a triumphant grin, “to restore me to my family’s estate. Is it any wonder, then, that I value it? Since Fortune has seen fit to give it to me, I only need to use it properly and I shall find the gold it points to. Jupiter; bring me that _scarabæus!_”

“What! de bug, massa? I’d rather not go fetch that bug for you—you must get him for yourself.” Legrand then rose with a solemn and dignified manner and retrieved the beetle from a glass case where it was kept. It was a beautiful scarabæus, and, at that time, unknown to naturalists—naturally a great treasure from a scientific standpoint. There were two round, black spots near one end of its back, and a long one near the other. The scales were incredibly hard and shiny, with the look of polished gold. The weight of the insect was remarkable, and, considering all these things, I could hardly fault Jupiter for his belief about it; but what to make of Legrand’s agreement with that belief, I could not, for the life of me, understand."
qwen,groq_qwen_32b_free|run_1|POE_WORKS_VOLUME_1_010|simplify,groq_qwen_32b_free,qwen/qwen3-32b,POE_WORKS_VOLUME_1_010,simplify,557,443,0.795332,warning,length_hard_warning,json_ok,1b8c3db24539f0b04f78451a892eea835870cb5b9ccbea8ba02c35165ae4a0a7,"This thought made me wonder if there was some meaning or connection to the skull symbol. I also noticed the shape of the parchment. Even though one corner was damaged, it was clear the original shape was long and narrow. It looked like the kind of paper someone might use to write down something important and keep for a long time.

“But,” I said, “you said the skull wasn’t on the parchment when you drew the beetle. So how can you connect the boat to the skull, since you admit the skull must have been added after you sketched the beetle?”

“Ah, this is the key to the whole mystery. At this point, I had little trouble solving it. My steps were clear and led to only one conclusion. I thought like this: When I drew the beetle, there was no skull on the parchment. After I finished the drawing, I gave it to you and watched you closely until you returned it. You didn’t draw the skull, and no one else was there. So it wasn’t done by a person. And yet it was done.

“At this point, I tried to remember everything that happened around that time. It was cold, and a fire was burning in the fireplace. I was warm from exercise and sat near the table. You had pulled a chair close to the fire. Just as I gave you the parchment and you were looking at it, Wolf, the Newfoundland dog, came in and jumped on your shoulders. You used your left hand to pet him and keep him away, while your right hand, holding the parchment, fell lazily between your knees, close to the fire. For a moment, I thought the fire had caught the paper, and I was about to warn you, but before I could speak, you pulled it away and began examining it. When I thought about all this, I had no doubt that heat was what made the skull appear on the parchment. You know that there are chemical solutions that allow people to write on paper or vellum in a way that the writing only shows up when exposed to heat. Sometimes zaffre is mixed with aqua regia and water, which gives a green color. Other times, regulus of cobalt is dissolved in nitre spirit, which gives a red color. These colors fade after a while when the paper cools down, but they appear again when heat is applied.

“I now carefully examined the skull. The edges closest to the edge of the parchment were much clearer than the rest. It was obvious that the heat had worked unevenly or not fully."
qwen,groq_qwen_32b_free|run_1|POE_WORKS_VOLUME_1_011|paraphrase,groq_qwen_32b_free,qwen/qwen3-32b,POE_WORKS_VOLUME_1_011,paraphrase,552,408,0.73913,warning,length_hard_warning,json_ok,c6472a208c299b76b67c118f1ea28b61c2c192f42140d1144b934ec14c06c08e,"My first attempt was to separate the sentence into the natural segments the cryptographer had intended.'

'You mean, to punctuate it?'

'In a way, yes.'

'But how could you manage that?'

'I considered that the writer had deliberately merged his words without breaks to make solving the puzzle harder. A person not particularly sharp in this matter would likely overdo it. When they reached a natural pause in their writing, they would probably squeeze the characters together more tightly than usual. If you look at the manuscript here, you'll notice five such instances where the letters are unusually close. Using this clue, I divided the text like this: 'A good glass in the Bishop’s hostel in the Devil’s seat—forty-one degrees and thirteen minutes—northeast and by north—main branch seventh limb east side—shoot from the left eye of the death’s-head—a bee-line from the tree through the shot fifty feet out.'

'Even with this division,' I said, 'I still don’t understand it.'

'It left me puzzled too,' Legrand replied, 'for a few days. I searched the Sullivan’s Island area for any place called the 'Bishop’s Hotel,' of course dropping the old-fashioned word 'hostel.' Finding nothing, I was about to widen my search when it suddenly occurred to me that 'Bishop’s Hostel' might refer to an old family named Bessop who lived in an ancient manor house about four miles north of the island. I went to the plantation and asked the older negroes there. Eventually, an elderly woman mentioned she had heard of a place called Bessop’s Castle and thought she could show me the way, though she said it wasn’t a castle or a tavern, but a high rock.

'I offered to pay her well, and after some hesitation, she agreed to take me there. We found it without much trouble, and after sending her away, I examined the site. The 'castle' was a jumble of cliffs and rocks, one of which stood out for its height and artificial look. I climbed to the top and was unsure what to do next.

'While I was thinking, I noticed a narrow ledge on the eastern side of the rock, about a yard below where I stood. It jutted out about eighteen inches and was barely a foot wide. A niche just above it made it look like one of the old-fashioned hollow-backed chairs. I was certain this was the 'devil’s seat' mentioned in the manuscript.'"
qwen,groq_qwen_32b_free|run_1|POE_WORKS_VOLUME_1_011|modernize,groq_qwen_32b_free,qwen/qwen3-32b,POE_WORKS_VOLUME_1_011,modernize,552,424,0.768116,warning,length_hard_warning,json_ok,36d650a53e3288c7e69ec80355b043766246f19c1db58a6dbee05ada3847003a,"My first step was to break the sentence into the natural divisions the cryptographer had intended.

""You mean, to punctuate it?""

""Something like that.""

""But how could you do that?""

""I realized the writer had intentionally merged words without spaces to make solving it harder. Now, someone who wasn't especially sharp trying to do this would likely overdo it. When they reached a natural pause in their writing, they'd probably squish the letters together even more than usual. If you look at the manuscript, you'll notice five places where the letters are especially tight. Using that clue, I made the following division: 'A good glass in the Bishop's hostel in the Devil's seat—forty-one degrees and thirteen minutes—northeast and by north—main branch seventh limb east side—shoot from the left eye of the death's-head—a bee-line from the tree through the shot fifty feet out.'""

""Even with that division,"" I said, ""I'm still confused.""

""So was I,"" Legrand replied, ""for a few days. I asked around Sullivan's Island for any place called the 'Bishop's Hotel,' dropping the old-fashioned word 'hostel' as I went. I didn't find anything, so I was about to expand my search and take a more organized approach when it suddenly occurred to me that this 'Bishop's Hostel' might refer to an old family named Bessop, who had lived in an ancient manor house about four miles north of the island for generations. I went to the plantation and started asking the older black folks there. Eventually, an elderly woman mentioned she had heard of a place called Bessop's Castle and thought she could lead me there, though she said it wasn't a castle or an inn, but a tall rock.""

""I offered to pay her well for her help, and after some hesitation, she agreed to take me there. We found it without much trouble, and after sending her away, I started exploring the site. The 'castle' was just a jumble of cliffs and rocks, one of which stood out for its height and oddly artificial look. I climbed to the top and was stuck on what to do next.

While I was thinking, I noticed a narrow ledge on the eastern side of the rock, maybe a yard below where I was standing. The ledge stuck out about eighteen inches and was no more than a foot wide. A small hollow just above it made it look like one of those old-fashioned, hollow-backed chairs. I was sure this was the 'Devil's seat' mentioned in the manuscript."
qwen,groq_qwen_32b_free|run_1|POE_WORKS_VOLUME_1_011|simplify,groq_qwen_32b_free,qwen/qwen3-32b,POE_WORKS_VOLUME_1_011,simplify,552,399,0.722826,warning,length_hard_warning,json_ok,4ef2515b52296592a7857958f2357878f2a459709006fcc5055704075484e312,"My first step was to break the sentence into parts as the cryptographer probably intended.

""You mean, to add punctuation?""

""Something like that.""

""But how could you do that?""

""I realized the writer wanted to make it hard to solve by joining the words together. Someone not very careful would probably make it too hard. When they reached a natural pause in the message, they might squish the letters even closer together. If you look at the message, you can see five places where the letters are especially tight. Using that clue, I divided it like this: 'A good glass in the Bishop’s hostel in the Devil’s seat—forty-one degrees and thirteen minutes—northeast and by north—main branch seventh limb east side—shoot from the left eye of the death’s-head—a bee-line from the tree through the shot fifty feet out.'""

""Even with that, I still don’t get it,"" I said.

""I didn’t either for a few days,"" Legrand replied. ""I asked around Sullivan’s Island for any place called the 'Bishop’s Hotel,' dropping the old word 'hostel.' I didn’t find anything, so I was about to search more carefully when it suddenly occurred to me that 'Bishop’s Hostel' might refer to an old family named Bessop who lived in a manor house four miles north of the island. I went to the plantation and asked the older black people there. One very old woman said she had heard of a place called Bessop’s Castle and thought she could show me where it was, though she said it wasn’t really a castle or a tavern, but a tall rock.""

""I offered to pay her well, and after some hesitation, she agreed to take me there. We found it easily, and after she left, I examined the place. The 'castle' was just a group of cliffs and rocks. One of them was especially tall and looked man-made. I climbed to the top and wasn’t sure what to do next.

While I was thinking, I noticed a narrow ledge on the east side of the rock, about a yard below where I stood. The ledge stuck out about eighteen inches and was less than a foot wide. A small hollow in the cliff above it made it look like one of the old-fashioned chairs with a hollow back. I was sure this was the 'devil’s seat' mentioned in the message."
qwen,groq_qwen_32b_free|run_1|POE_WORKS_VOLUME_1_012|simplify,groq_qwen_32b_free,qwen/qwen3-32b,POE_WORKS_VOLUME_1_012,simplify,553,522,0.943942,warning,json_repaired_loose_rewritten_text,json_repaired_loose_rewritten_text,69f2bc14d971ef44f4ee967fee3397c851c496c9d8d9b0cc100a7f9d92b9a023,"I’m sorry; I forgot that Shakespeare won’t be around for seventeen hundred and fifty more years. But doesn’t the city of Epidaphne support my claim that it looks strange?\n\n'It is well protected; and in this way, it owes as much to nature as to human effort.'\n\nThat's true.\n\n'There are many grand palaces.'\n\nThere are.\n\n'And the many temples, which are rich and impressive, can compare with the best of ancient times.'\n\nI agree with all that. Still, there are also countless shabby huts and terrible hovels. We can't help but notice the filth in every gutter, and if it weren’t for the strong smell of incense from the idols, I’m sure we’d find a terrible stench. Have you ever seen streets so unbearably narrow, or houses so incredibly tall? What darkness their shadows cast on the ground! It’s good that the hanging lamps in those endless colonnades are lit all day; otherwise, we would have the darkness of Egypt during its worst times.\n\n'It is certainly a strange place! What is that unusual building over there? Look! It rises above all the others and lies to the east of what I think is the royal palace!'\n\nThat is the new Temple of the Sun, which is worshipped in Syria under the name Elah Gabalah. In the future, a very famous Roman emperor will start this worship in Rome and get his nickname from it, Heliogabalus. I bet you would like to see the god of the temple. You don’t need to look up at the sky; his Sunship isn’t there—at least not the one the Syrians worship. That god can be found inside that building. He is worshipped as a large stone pillar that ends in a cone or pyramid, which represents Fire.\n\n'Listen—look!—who are those silly people, half naked, with their faces painted, shouting and gesturing to the crowd?'\n\nSome are just performers. Others are more like philosophers. Most of them, especially those who hit the crowd with sticks, are the main courtiers of the palace, doing their duty to carry out some amusing act ordered by the king.\n\n'But what do we have here? Goodness! The town is full of wild animals! What a terrible sight!—what a dangerous feature!'\n\nTerrible, if you want to call it that; but not at all dangerous. Each animal, if you take the time to notice, is quietly following its master. A few are led by a rope around the neck, but these are mostly the smaller or timid kinds. The lion, the tiger, and the leopard are completely free. They have been trained easily for their current jobs and follow their owners like personal attendants. It is true, there are times when Nature reclaims what has been taken from her;—but then the eating of a soldier, or the choking of a sacred bull, is a small matter and not worth mentioning in Epidaphne.\n\n'But what strange noise do I hear? Surely this is a loud noise even for Antioch! It suggests some unusual excitement.'"
qwen,groq_qwen_32b_free|run_1|POE_WORKS_VOLUME_1_013|simplify,groq_qwen_32b_free,qwen/qwen3-32b,POE_WORKS_VOLUME_1_013,simplify,572,467,0.816434,warning,length_soft_warning,json_ok,6e0e01e1e518c1c9aa0888f54f9c2509ff8d01e41da92ca0d2adc888cb3cc69a,"Footnotes—Four Beasts

(*1) Flavius Vospicus says that the song mentioned here was sung by the common people when Aurelian killed 950 enemies during the Sarmatic war, using his own hands.

THE MURDERS IN THE RUE MORGUE

What song the Syrens sang, or what name Achilles used when he hid among women, are difficult questions, but they are not impossible to guess at.

—Sir Thomas Browne.

The thinking abilities we call analytical are hard to break down. We understand them only by how they work. We know that for someone who has them in great amounts, they bring great joy. Just as a strong person takes pride in their strength and enjoys physical challenges, someone with strong analytical skills takes pride in solving problems. They enjoy even small tasks that let them use their skills. They like puzzles, riddles, and symbols, and they solve them with a sharpness that seems almost magical. Their results, which come from careful and logical thinking, look like they come from intuition.

The ability to solve problems might be improved by studying math, especially the part of math that deals with breaking things down, which is sometimes called analysis. But just calculating isn’t the same as analyzing. For example, a chess player can calculate moves without really analyzing them. So, the game of chess is often misunderstood in terms of how it affects the mind. I’m not writing a full book on this, just making some random observations before telling a special story. I will say that the more thoughtful parts of the mind are better trained by the simple game of checkers than by the complicated and showy game of chess. In chess, the pieces move in different and strange ways, and each has a different value. This makes it seem complex, but complexity is often mistaken for depth. In chess, you need to pay close attention. If you don’t, you might make a mistake and lose. Because there are so many possible moves, the chances of making a mistake are high, and often it is the more focused player, not the smarter one, who wins. In checkers, on the other hand, the moves are simple and don’t change much, so the chances of making a mistake are lower. Because you don’t need to pay as much attention, the advantage in checkers comes from being more clever. To make this clearer, imagine a game of checkers with only four kings left, where no mistakes are expected. It’s clear that the winner will be decided by a clever move, a result of strong thinking. Without the usual options, the thinker puts themselves in the place of their opponent, understands their thoughts, and often sees the only way to trick them or make them make a mistake, sometimes in a very simple way."
qwen,groq_qwen_32b_free|run_1|POE_WORKS_VOLUME_1_014|paraphrase,groq_qwen_32b_free,qwen/qwen3-32b,POE_WORKS_VOLUME_1_014,paraphrase,570,534,0.936842,warning,prompt_or_source_leakage_warning,json_ok,91f7eb641b47ac428f114739e2d2b228c9f514ff06afd36cbe14b85400234b36,"“Regarding this dreadful enigma, we have yet to find the smallest clue.'

The following day's paper provided further details.

‘The Tragedy in the Rue Morgue.—Numerous individuals have been questioned concerning this most peculiar and horrifying incident’ [The term ‘affaire’ has not yet acquired in France the casual connotation it carries elsewhere], ‘but nothing has emerged to clarify it. We present below all the relevant testimony gathered.

‘Pauline Dubourg, a laundress, states that she has known both the deceased for three years, having done their washing during that time. The elderly woman and her daughter appeared to be on good terms—very fond of each other. They paid promptly. She could not comment on their manner or means of living. She believed Madame L. earned a living by telling fortunes. It was said she had money saved. She never encountered anyone in the house when she delivered or collected the laundry. She was certain they had no servant. There seemed to be no furniture in any part of the building except on the fourth floor.

‘Pierre Moreau, a tobacconist, states that he has sold small amounts of tobacco and snuff to Madame L’Espanaye for nearly four years. He was born in the area and has always lived there. The deceased and her daughter had occupied the house where the bodies were found for over six years. It was previously occupied by a jeweler, who sublet the upper rooms to various individuals. The house belonged to Madame L. She became dissatisfied with how her tenant used the premises and moved in herself, refusing to let any part of it. The old lady was childlike. The witness had seen the daughter only five or six times in the six years. The two lived a very secluded life—were said to have money. He had heard neighbors say that Madame L. told fortunes—did not believe it. He had never seen anyone enter the house except the old lady and her daughter, a porter once or twice, and a physician about eight or ten times.

‘Many other neighbors gave similar testimony. No one was mentioned as regularly visiting the house. It was unknown if Madame L. and her daughter had any living relatives. The shutters of the front windows were rarely opened. Those in the rear were always closed, except for the large back room on the fourth floor. The house was a decent one—not very old.

‘Isidore Musèt, a gendarme, states that he was called to the house around three in the morning and found about twenty or thirty people at the gate trying to get in. He forced it open with a bayonet—not with a crowbar. It was not difficult to open because it was a double or folding gate, and neither the top nor bottom was bolted. The screams continued until the gate was forced—and then abruptly stopped. They seemed to be cries from someone (or some people) in great distress—loud and prolonged, not short and quick. The witness led the way upstairs. Upon reaching the first landing, he heard two voices in loud and angry argument—the one a rough voice, the other much shriller—a very unusual voice."
qwen,groq_qwen_32b_free|run_1|POE_WORKS_VOLUME_1_014|modernize,groq_qwen_32b_free,qwen/qwen3-32b,POE_WORKS_VOLUME_1_014,modernize,570,527,0.924561,warning,json_repaired_loose_rewritten_text,json_repaired_loose_rewritten_text,d50064b86f4b15fe425b2d773dbe0789eb81bb382e4a81a689f1ca61b66b3758,"“There’s still no clue at all to this terrible mystery,” we believe.\n\nThe next day’s paper had more details.\n\n“The Tragedy in the Rue Morgue.—Many people have been questioned about this strange and horrifying incident,” [The word ‘affaire’ hasn’t yet, in France, taken on the casual meaning it has for us], “but nothing has come to light. We present below all the relevant testimony gathered.\n\n“Pauline Dubourg, a laundress, says she’s known both the deceased for three years, having done their laundry during that time. The older woman and her daughter seemed to get along well—very affectionate with each other. They paid well. She couldn’t say anything about how they lived. She thought Madame L. made a living telling fortunes. She was believed to have saved money. She never met anyone in the house when she dropped off or picked up the laundry. She was sure they didn’t have a servant. There didn’t seem to be any furniture in the building except on the fourth floor.\n\n“Pierre Moreau, a tobacconist, says he’s sold small amounts of tobacco and snuff to Madame L’Espanaye for almost four years. He was born nearby and has always lived there. The deceased and her daughter had lived in the house where the bodies were found for over six years. It was previously occupied by a jeweler, who sublet the upper rooms to different people. The house belonged to Madame L. She became unhappy with how her tenants used the place and moved in herself, refusing to rent out any part. The older woman acted childishly. He had seen the daughter maybe five or six times in the six years. The two lived a very private life—were said to have money. He’d heard neighbors say Madame L. told fortunes—but he didn’t believe it. He’d never seen anyone else enter the house except the old woman and her daughter, a porter once or twice, and a doctor about eight or ten times.\n\n“Many other neighbors gave similar testimony. No one was mentioned as regularly visiting the house. It wasn’t known if Madame L. and her daughter had any living relatives. The shutters on the front windows were rarely open. Those on the back were always closed, except for the large back room on the fourth floor. The house was a decent one—not very old.\n\n“Isidore Musèt, a gendarme, says he was called to the house around three in the morning and found about twenty or thirty people at the gate trying to get in. He forced it open with a bayonet—not a crowbar. It wasn’t hard to open because it was a double or folding gate and wasn’t bolted at the top or bottom. The screams continued until the gate was forced open—and then suddenly stopped. They sounded like someone (or some people) in great pain—long and loud, not short and quick. He led the way upstairs. When he reached the first landing, he heard two voices in loud and angry argument—the one a rough voice, the other much higher—a very strange voice.”"
qwen,groq_qwen_32b_free|run_1|POE_WORKS_VOLUME_1_015|simplify,groq_qwen_32b_free,qwen/qwen3-32b,POE_WORKS_VOLUME_1_015,simplify,552,436,0.789855,warning,length_hard_warning,json_ok,a28f86118f897e9a5538422bd64361ac60a48460db12a35f36e3e8fceebe37da,"I agreed with everyone in Paris that the case was a complete mystery. I couldn't see any way to find out who the killer was.

'Don't judge the methods by what you've seen so far,' said Dupin. 'The Paris police are praised for their sharp minds, but they're only clever in small ways. They don't have a real system, just what works for the moment. They make a big show of doing things, but often their actions are so poorly planned, it's like Monsieur Jourdain calling for his robe to hear music better. Their results are sometimes surprising, but mostly they come from hard work and persistence. When those things fail, their plans fall apart. Take Vidocq, for example. He was good at guessing and never gave up. But without real thinking, his intense work often led him wrong. He hurt his eyes by looking too closely. He might see one or two things clearly, but he missed the bigger picture. So, there's such a thing as being too deep. Truth isn't always hidden. In fact, I believe the most important truths are usually on the surface. The real depth is in the valleys where we search, not on the mountain tops where we find them. This kind of mistake is like looking at the stars. To see a star clearly, you glance at it from the corner of your eye, using the part of your eye that's more sensitive to light. That's when you see it best. If you stare directly, the light is stronger, but you lose the ability to understand it. If you look too hard, you confuse yourself and weaken your thinking. Even Venus can disappear from the sky if you look at her too long, too closely, or too directly.

'As for these murders, let's look into them ourselves before we decide what to think. An investigation will be fun,' [I thought this was a strange word to use, but I said nothing] 'and besides, Le Bon once helped me, and I'm not ungrateful. Let's go see the place with our own eyes. I know G——, the Police Chief, and I won't have trouble getting permission.'

The permission was given, and we went right away to the Rue Morgue. It's one of those sad streets between the Rue Richelieu and the Rue St. Roch. It was late afternoon when we got there, since this area is far from where we live. The house was easy to find, since many people were still looking up at the closed shutters, curious but without a clear reason, from the other side of the street."
qwen,groq_qwen_32b_free|run_1|POE_WORKS_VOLUME_1_017|simplify,groq_qwen_32b_free,qwen/qwen3-32b,POE_WORKS_VOLUME_1_017,simplify,569,483,0.848858,warning,json_repaired_loose_rewritten_text;length_soft_warning,json_repaired_loose_rewritten_text,45ff5d6ea3766cccf32b90242e93c66cc199042da0ec691d0bb916db605411bd,"We don't want to hurt you. I promise you, as a gentleman and a Frenchman, that we don't plan to harm you. I know you had nothing to do with the crimes in the Rue Morgue. But you can't just say you're not involved at all. You must know from what I've told you that I have information about this case—information you couldn't have imagined. Here's the situation. You didn't do anything you could have avoided—nothing that makes you guilty. You didn't even steal, even though you could have and gotten away with it. You have nothing to hide. You have no reason to hide anything. On the other hand, you should tell us everything you know, because it's the right thing to do. A man who's innocent is in jail for a crime you can solve.”

The sailor had mostly regained his composure while Dupin spoke, but he was no longer as bold as before.

“So help me God!” he said after a short pause. “I'll tell you everything I know about this—but don't expect to believe half of it. I'd be a fool if I thought you would. Still, I'm innocent, and I'll tell the truth even if it costs me.”

What he told them was basically this. He had recently gone on a trip to the Indian Archipelago. He and some others landed in Borneo and went into the interior for fun. He and a friend caught an Ourang-Outang. When his friend died, the animal became his alone. It was very difficult to manage because the animal was wild and dangerous. Eventually, he got it safely back to his home in Paris. He kept it hidden to avoid drawing attention from his neighbors, while it healed from a foot injury it got on the ship. He planned to sell it later.

One night, or rather early in the morning after a night out with other sailors, he returned home to find the animal in his bedroom. It had broken into the room from a closet where it had been thought to be locked up. The animal had a razor, was lathered up, and was trying to shave in front of a mirror, probably having watched him do it through the closet door. The man was scared to see such a dangerous weapon in the hands of such a wild creature. He didn't know what to do for a moment. He had used a whip before to calm the animal, even when it was angry, so he used that now. When the Ourang-Outang saw the whip, it ran out of the room, down the stairs, and through an open window into the street.

The Frenchman ran after it, in despair. The ape still had the razor and would stop now and then to look back and make gestures at its pursuer, until the man caught up with it."
qwen,groq_qwen_32b_free|run_1|POE_WORKS_VOLUME_1_018|paraphrase,groq_qwen_32b_free,qwen/qwen3-32b,POE_WORKS_VOLUME_1_018,paraphrase,558,462,0.827957,warning,length_soft_warning,json_ok,845ff95a0a7eefeb7223eaa6f3e9c7c52e3c08e57f38e446f3525253a60d893e,"In the announcement offering this reward, complete forgiveness was extended to any accomplice who would testify against their associate; and appended to the proclamation, wherever it appeared, was the personal notice of a group of citizens, offering ten thousand francs in addition to the amount set by the Prefecture. The total reward thus amounted to no fewer than thirty thousand francs, a sum that would seem remarkable when considering the girl’s modest status and the frequency of such crimes in large cities.

No one now doubted that the mystery of this murder would soon be solved. Yet, despite a few arrests that initially seemed promising, nothing emerged that could connect the suspected individuals; they were released immediately. Surprisingly, three weeks had passed since the body was found, and no information had surfaced, and not even a whisper of the events that had stirred public concern had reached Dupin and me. Engrossed in our own investigations, we had not left our home or welcomed a visitor in nearly a month, nor had we paid much attention to the leading political pieces in the daily papers. The first news of the murder came from G—— himself. He visited us early on the afternoon of July 13th, 18—, and stayed with us until late into the night. He had grown frustrated by his inability to uncover the killers. His reputation, he claimed with a distinctly Parisian flair, was on the line. Even his honor was at stake. The public was watching him, and he was willing to make any sacrifice to solve the mystery. He ended a rather peculiar speech with praise for what he called Dupin’s keen sense, and made him a direct and generous offer, the exact nature of which I cannot reveal, as it is not relevant to my story.

My friend responded to the compliment as best he could, but accepted the offer immediately, even though its benefits were only temporary. Once this was settled, the Prefect began explaining his own theories, adding lengthy remarks on the evidence, which we had not yet seen. He spoke at length and with great learning, while I offered the occasional suggestion as the night slowly wore on. Dupin, seated quietly in his usual chair, appeared to be the very model of attentive listening. He wore glasses throughout the visit, and the occasional glance beneath their green lenses was enough to convince me that, though he was not sleeping, he was certainly not fully awake during the seven or eight long hours before the Prefect finally left.

The next morning, I obtained a complete account of all the evidence gathered at the Prefecture, and from the various newspaper offices, I secured copies of every paper that had published any significant information regarding this tragic affair."
qwen,groq_qwen_32b_free|run_1|POE_WORKS_VOLUME_1_018|modernize,groq_qwen_32b_free,qwen/qwen3-32b,POE_WORKS_VOLUME_1_018,modernize,558,459,0.822581,warning,length_soft_warning,json_ok,9aef002d6be64048ec3f9f6e932254cc5576d47a864ed589dfc7f51428b8f581,"In the announcement offering this reward, a complete pardon was promised to any accomplice who would come forward and testify against their partner. Attached to the notice, wherever it was posted, was a private message from a group of citizens offering an additional ten thousand francs, on top of the amount set by the Prefecture. The total reward thus amounted to no less than thirty thousand francs, which seems like a huge sum when we consider the girl's modest background and how often such terrible crimes occur in big cities.

Everyone assumed the mystery of this murder would be quickly solved. But even though a couple of arrests were made that seemed promising, nothing came out of them that could connect the suspects. They were released right away. It may sound strange, but three weeks had passed since the body was found, and still no clues had emerged, and no news about the case had reached Dupin or me. We were so focused on our own research that we hadn't left our place, seen a visitor, or even read the main political stories in the daily papers for almost a month. The first news of the murder came from G—— himself. He visited us in the early afternoon of July 13th, and stayed with us until late at night. He was clearly frustrated that all his efforts to find the killers had failed. He said, with a very Parisian tone, that his reputation—and even his honor—was on the line. Everyone was watching him, and he was willing to do anything to solve the mystery. He ended his rather odd speech with a compliment about what he called Dupin's 'tact,' and made him a direct and generous offer, the details of which I can't share, as they don't really matter to the story.

My friend politely rejected the compliment, but accepted the offer immediately, even though it was only a temporary arrangement. Once that was settled, the Prefect began explaining his own theories, adding long comments about the evidence, which we hadn't yet seen. He talked a lot, and no doubt in a very knowledgeable way, while I offered the occasional suggestion as the night slowly dragged on. Dupin sat quietly in his usual chair, looking like the perfect attentive listener. He wore glasses the whole time, and now and then he gave a glance through his green-tinted lenses that told me he wasn't really sleeping, just pretending, during the long, slow hours before the Prefect finally left.

The next morning, I got a complete report of all the evidence that had been collected from the Prefecture, and from the newspaper offices, I got copies of every paper that had published any important information about this sad case."
qwen,groq_qwen_32b_free|run_1|POE_WORKS_VOLUME_1_018|simplify,groq_qwen_32b_free,qwen/qwen3-32b,POE_WORKS_VOLUME_1_018,simplify,558,398,0.713262,warning,length_hard_warning,json_ok,a54b6f7c4a039415167f5f738a8d92ceaed40b38866a3bc31be5ba7886cfd6e5,"The reward for information about the murder included a full pardon for any accomplice who would testify against others involved. In addition, a committee of citizens added a private notice offering ten thousand francs, on top of the amount set by the Prefecture. The total reward came to thirty thousand francs, which seemed like a huge amount when you consider how poor the victim was and how often such violent crimes happen in big cities.

Everyone thought the mystery of the murder would be solved quickly. But even though a few arrests were made that seemed promising, nothing was found that could connect the suspects to the crime, and they were all released. It was surprising, but three weeks passed without any new clues. Not even a hint about what had happened reached Dupin and me. We had been so focused on our own research that we hadn't left our home, seen anyone, or even read the main political stories in the newspapers for almost a month. We first heard about the murder from G——, who came to visit us on the afternoon of July 13th, 18—, and stayed until late at night. He was frustrated because he couldn't find the killers. He said his reputation and even his honor were at stake. Everyone was watching him, and he was willing to do anything to solve the mystery. He ended his talk with a compliment to Dupin, calling him clever, and made him an offer that I can't share because it's not important to the story.

Dupin politely refused the compliment but accepted the offer right away, even though it was only temporary. Once that was settled, the Prefect started explaining his own ideas, adding long comments about the evidence, which we hadn't seen yet. He talked a lot and seemed very knowledgeable. I made a few suggestions as the night went on. Dupin sat quietly in his usual chair, looking like he was listening carefully. He wore glasses the whole time, and I could tell from the occasional glance through his green lenses that he was just as alert as ever, even though the Prefect's long talk dragged on for hours.

The next morning, I got a complete report of all the evidence collected from the Prefecture, and from the newspaper offices, I got copies of every paper that had published any important information about the case."
qwen,groq_qwen_32b_free|run_1|POE_WORKS_VOLUME_1_019|paraphrase,groq_qwen_32b_free,qwen/qwen3-32b,POE_WORKS_VOLUME_1_019,paraphrase,555,454,0.818018,warning,length_soft_warning,json_ok,c69d2638a1badd526d535fbdfadfd6de0618222a00d94f0301756b2d9d20835a,"No one crossed over. Nothing about the affair reached the residents of the Rue Pavée St. Andrée, even those living in the same building. M. St. Eustache, the suitor and future husband of Marie, who lived in her mother’s home, testified that he learned of the body’s discovery the following day, when M. Beauvais entered his room and informed him. One would expect a more intense reaction to such news.

The journal sought to suggest a lack of concern from Marie’s relatives, contradicting the idea that they believed the corpse was hers. Its insinuations imply that Marie, with the help of her friends, had left the city under circumstances hinting at a charge against her virtue; and that these friends, upon finding a body in the Seine somewhat like the girl’s, used the chance to convince the public of her death. But L’Etoile was once more too quick to judge. It was clearly shown that no such indifference existed; the elderly woman was extremely weak and so upset she could not manage any duties; St. Eustache, far from taking the news calmly, was overwhelmed with sorrow, and his behavior was so wild that M. Beauvais convinced a friend and relative to take care of him and stop him from attending the examination at the body’s removal. Furthermore, although L’Etoile claimed the corpse was reburied at public expense—that the family refused a generous offer for private sculpture—and that no family member attended the ceremony; yet all these claims were thoroughly disproven. In a later issue of the paper, an attempt was made to cast doubt on Beauvais himself. The editor wrote:

“Now, a shift occurs in the situation. We are told that on one occasion, while a Madame B—— was at Madame Rogêt’s home, M. Beauvais, who was leaving, told her that a gendarme was expected there, and that she, Madame B., must not speak to the gendarme until he returned, but leave the matter to him.... In the current state of affairs, M. Beauvais appears to have the whole matter locked in his mind. No step can be taken without M. Beauvais, for, go where you may, you meet him.... For some reason, he decided that no one else should handle the proceedings but himself, and he has pushed aside the male relatives in a peculiar manner, as they claim. He seems to have been strongly against allowing the relatives to view the body.”

Some support for the suspicion against Beauvais came from the following incident. A visitor to his office, a few days before the girl vanished, and while the occupant was away, noticed a rose in the keyhole of the door, and the name “Marie” written on a slate nearby."
qwen,groq_qwen_32b_free|run_1|POE_WORKS_VOLUME_1_019|simplify,groq_qwen_32b_free,qwen/qwen3-32b,POE_WORKS_VOLUME_1_019,simplify,555,438,0.789189,warning,length_hard_warning,json_ok,8bb982951a2623a62b4e68163391a5b32118e70493706c98e87ed2a2d3c5e81a,"Nobody went over. Nothing was said or heard about the matter in the Rue Pavée St. Andrée, not even by the people living in the same building. M. St. Eustache, Marie's lover and future husband, who lived in her mother's house, said he didn't hear about the discovery of the body until the next morning, when M. Beauvais came into his room and told him. For news like this, it seems strange that he took it so calmly.

The journal tried to suggest that Marie's family was indifferent, which didn't match the idea that they thought the body was hers. The paper implied that Marie had left the city with her friends for reasons that might involve her being unfaithful, and that her friends, when they found a body in the Seine that looked a bit like hers, used the chance to make people believe she had died. But L’Etoile was wrong again. It was clearly shown that the family wasn't as indifferent as the paper claimed. The old lady was very weak and so upset she couldn't handle anything. St. Eustache, far from being calm, was very upset and acted so wildly that M. Beauvais had to get a friend and relative to take care of him and stop him from going to the examination of the body. Also, even though L’Etoile said the body was reburied at public expense, that the family refused a private sculpture offer, and that no family members attended the ceremony, all these claims were proven false. In a later issue, the paper tried to make people doubt Beauvais himself. The editor wrote:

“Now, a change happens. We are told that once, while Madame B—— was at Madame Rogêt’s house, M. Beauvais, who was leaving, told her that a gendarme was expected there and that she, Madame B., shouldn’t say anything to the gendarme until he returned, and let the matter be for him. In the current situation, M. Beauvais seems to have all the information. No step can be taken without M. Beauvais, because wherever you go, you meet him. For some reason, he decided that no one else should handle the matter but himself, and he pushed the male relatives aside in a very unusual way, according to their accounts. He seems to have been strongly against letting the relatives see the body.”

A suspicion against Beauvais was given some support by the following event. A visitor at his office, a few days before the girl disappeared and while he was away, noticed a rose in the keyhole of the door and the name “Marie” written on a slate nearby."
qwen,groq_qwen_32b_free|run_1|SHELLEY_FRANKENSTEIN_002|simplify,groq_qwen_32b_free,qwen/qwen3-32b,SHELLEY_FRANKENSTEIN_002,simplify,573,536,0.935428,warning,json_repaired_loose_rewritten_text,json_repaired_loose_rewritten_text,52166b4aa33d4addc2b678930fa830f2b2877f1eb846d6b4bf36b9e77b3d04d2,"Knowing what they owed to the child they had brought into the world, and because they both had kind and caring hearts, it's easy to imagine that during every hour of my early life I was taught patience, charity, and self-control. It all felt like a smooth path of happiness to me.

For a long time, I was the only child they had. My mother had always wanted a daughter, but I remained their only child. When I was about five years old, they went on a trip beyond the borders of Italy and spent a week by the shores of Lake Como. Their kind and generous nature often led them to visit the homes of poor people. For my mother, this was more than a duty; it was a need, almost a passion. She remembered her own suffering and how she had been helped, and now she wanted to be like an angel to those in need. During one of their walks, they came across a poor cottage in a valley that looked especially sad. The number of half-clothed children around it showed how poor the family was. One day, when my father had gone alone to Milan, my mother took me to visit this home. She found a hardworking peasant and his wife, worn down by worry and work, giving a meager meal to five hungry children. Among them, one child stood out to my mother more than the rest. She looked different from the others. The other four were dark-eyed and tough little kids; this child was thin and very pale. Her hair was the brightest gold, and even though her clothes were poor, it seemed to crown her head with a special glow. Her forehead was clear and wide, her blue eyes bright and clear, and her lips and face showed such sensitivity and sweetness that no one could look at her without thinking she was a special being, almost sent from heaven.

The peasant woman, noticing that my mother was looking at this lovely girl with wonder and admiration, eagerly told her the girl's story. She wasn't her own child, but the daughter of a nobleman from Milan. Her mother was German and had died giving birth to her. The baby had been left with these people to be raised, and they had been better off back then. They had not been married long, and their oldest child had just been born. The father of the girl was one of those Italians who remembered the ancient glory of their country and tried to win back their freedom. He became a victim of his country's weakness. It wasn't known if he had died or was still in Austrian prisons. His property was taken away, and his child became an orphan and a beggar. She stayed with her foster parents and grew up in their simple home, more beautiful than a garden rose among dark-leaved brambles.

When my father returned from Milan, he found a child playing with me in the hall of our villa who was more beautiful than any painted angel—a child who seemed to shine with light from her looks and who moved more lightly than the mountain goats."
qwen,groq_qwen_32b_free|run_1|SHELLEY_FRANKENSTEIN_004|paraphrase,groq_qwen_32b_free,qwen/qwen3-32b,SHELLEY_FRANKENSTEIN_004,paraphrase,555,514,0.926126,warning,prompt_or_source_leakage_warning,json_ok,aef7e113ad7e5b2298e463b7e11cbe4c6c2bc325beaca7e9f4d6bf578c8aa86d,"So much has been achieved, cried the spirit of Frankenstein—yet I shall accomplish far more; following the path already laid, I will carve a new route, uncover hidden forces, and reveal to the world the deepest secrets of creation.

I did not close my eyes that night. My inner self was in a state of rebellion and unrest; I sensed that order would emerge from it, but I lacked the strength to bring it about. As the morning light broke, sleep finally arrived. I awoke, and the thoughts of the previous night seemed like a dream. Only a determination remained to return to my former studies and to commit myself to a science for which I believed I had a natural gift. On the same day, I visited M. Waldman. His manner in private was even more gentle and appealing than in public, for during his lecture there had been a certain dignity in his bearing that in his own home gave way to the utmost warmth and kindness. I gave him nearly the same account of my past studies as I had given to his fellow professor. He listened attentively to my brief account of my pursuits and smiled at the names of Cornelius Agrippa and Paracelsus, but without the disdain that M. Krempe had shown. He remarked that 'These were individuals whose tireless zeal modern philosophers owed much of their knowledge to. They had left us with the simpler task of assigning new names and organizing the facts they had largely uncovered. The efforts of men of genius, however misguided, rarely fail to eventually benefit mankind.' I listened to his statement, delivered without any arrogance or pretense, and then added that his lecture had dispelled my doubts about modern chemists; I spoke in measured words, with the humility and respect fitting for a young student toward his teacher, without revealing (inexperience would have made me embarrassed) the excitement that drove my future work. I asked for his advice regarding the books I should acquire.

'I am pleased,' said M. Waldman, 'to have found a student; and if your dedication matches your talent, I have no doubt of your success. Chemistry is the field of natural philosophy where the greatest progress has been and can be made; it is for this reason that I have chosen it as my special study; yet at the same time, I have not ignored the other areas of science. A man would make a poor chemist if he focused solely on that one field of human knowledge. If your aim is to truly become a man of science and not merely a minor experimenter, I should advise you to study every branch of natural philosophy, including mathematics.'

He then led me into his laboratory and explained the functions of his various instruments, telling me what I should obtain and promising me the use of his own once I had advanced sufficiently in the science not to disrupt their workings. He also provided me with the list of books I had requested, and I took my leave."
qwen,groq_qwen_32b_free|run_1|SHELLEY_FRANKENSTEIN_004|modernize,groq_qwen_32b_free,qwen/qwen3-32b,SHELLEY_FRANKENSTEIN_004,modernize,555,483,0.87027,warning,prompt_or_source_leakage_warning,json_ok,218577b151b7454db4ea7579a0d57767f6ed922208aa59144b6ed099c333793d,"So much has already been done, Frankenstein's soul declared—much more, far more, I will achieve. Following the path already laid out, I will blaze a new trail, tap into untapped powers, and reveal to the world the deepest secrets of creation.

I didn't sleep that night. My inner self was in chaos and turmoil; I felt that order would eventually emerge, but I had no power to bring it about. As the morning light broke, sleep finally came. I woke up, and my thoughts from the night before felt like a dream. All that remained was a decision to return to my old studies and commit myself to a science I believed I had a natural talent for. On the same day, I visited Professor Waldman. His private demeanor was even more gentle and appealing than his public one, for the dignity he showed during his lecture was replaced at home by the warmest friendliness and kindness. I gave him a pretty accurate account of my past studies, similar to what I had told his colleague. He listened carefully to my brief story about my studies and smiled at the names of Cornelius Agrippa and Paracelsus, but without the disdain that Professor Krempe had shown. He said, 'These were men whose tireless efforts modern philosophers owe much of their knowledge to. They left us with the easier task of giving new names and organizing the facts they largely uncovered. The work of brilliant minds, even when misguided, rarely fails to eventually benefit humanity.'

I listened to his statement, which was delivered without any arrogance or pretense, and then added that his lecture had removed my doubts about modern chemists. I spoke carefully, with the humility and respect a young person should show an instructor, without letting slip (inexperience would have made me embarrassed) the excitement that fueled my upcoming work. I asked for his advice on the books I should buy.

'I'm glad,' said Professor Waldman, 'to have found a student; and if your dedication matches your ability, I have no doubt you'll succeed. Chemistry is the branch of natural philosophy where the greatest progress has been and can be made; that's why I've focused on it, but at the same time, I haven't ignored the other areas of science. A person would make a poor chemist if they focused only on that one area of human knowledge. If your goal is to become a true scientist and not just a minor experimenter, I recommend you study every branch of natural philosophy, including mathematics.'

He then took me into his lab and explained the uses of his various machines, telling me what I should buy and promising me access to his own once I had advanced enough in the science not to mess up their workings. He also gave me the list of books I had asked for, and I said goodbye."
qwen,groq_qwen_32b_free|run_1|SHELLEY_FRANKENSTEIN_004|simplify,groq_qwen_32b_free,qwen/qwen3-32b,SHELLEY_FRANKENSTEIN_004,simplify,555,501,0.902703,warning,prompt_or_source_leakage_warning,json_ok,a90a6ce10d225db2b084cf91ab7b24b53710d571e9443e9678f6f5044f930449,"So much has already been done, cried the soul of Frankenstein—more, much more, I will achieve. Following the path already set, I will find new ways, discover unknown powers, and reveal to the world the deepest secrets of creation. I did not sleep that night. My mind was in chaos and confusion; I felt that order would come from this, but I had no power to create it. As morning came, I finally fell asleep. When I woke, my thoughts from the night before felt like a dream. Only a decision remained to return to my old studies and to devote myself to a science I believed I had a natural talent for. On the same day, I visited M. Waldman. His manner in private was even more gentle and appealing than in public, for during his lecture there had been a certain dignity that in his own home was replaced by the warmest kindness and friendliness. I gave him a similar account of my past studies as I had given to his fellow professor. He listened carefully to my short story about my studies and smiled at the names of Cornelius Agrippa and Paracelsus, but without the scorn that M. Krempe had shown. He said, 'These were men whose tireless efforts modern philosophers owed much of their knowledge to. They left to us the easier task of giving new names and organizing the facts they had largely uncovered. The work of men of genius, however misguided, rarely fails to eventually benefit mankind.' I listened to his statement, which was given without any pride or pretense, and then added that his lecture had removed my doubts about modern chemists. I spoke carefully, with the modesty and respect a young person should show an instructor, without letting slip (inexperience in life would have made me ashamed) any of the excitement that drove my planned work. I asked for his advice about the books I should buy. 'I am happy,' said M. Waldman, 'to have gained a student; and if your effort matches your ability, I have no doubt of your success. Chemistry is the branch of natural philosophy in which the greatest improvements have been and may be made; it is for that reason that I have made it my special study; but at the same time, I have not ignored the other branches of science. A man would make a poor chemist if he focused only on that area of human knowledge. If your goal is to become truly a man of science and not just a small-time experimenter, I should advise you to study every branch of natural philosophy, including mathematics.' He then took me into his laboratory and explained the uses of his various machines, telling me what I should buy and promising me the use of his own once I had advanced enough in the science not to damage their mechanisms. He also gave me the list of books I had asked for, and I said goodbye."
qwen,groq_qwen_32b_free|run_1|SHELLEY_FRANKENSTEIN_006|simplify,groq_qwen_32b_free,qwen/qwen3-32b,SHELLEY_FRANKENSTEIN_006,simplify,568,473,0.832746,warning,length_soft_warning,json_ok,b78478622dc5451c0c9478db45c3f728b09d7e5c84c44faf6199537b8d210bb5,"I worry that he will become lazy unless we agree to let him pursue the career he has chosen.

Not much has changed since you left, except for the growth of our dear children. The blue lake and snow-covered mountains never change, and I believe our peaceful home and happy hearts follow the same unchanging rules. My small tasks keep me busy and entertained, and I feel rewarded by seeing only happy, kind faces around me. Since you left, only one change has happened in our small family. Do you remember when Justine Moritz joined us? You probably don’t, so I’ll briefly tell you her story. Madame Moritz, her mother, was a widow with four children, and Justine was the third. This girl was always her father’s favorite, but strangely, her mother couldn’t stand her. After her father died, the mother treated her very poorly. My aunt noticed this and, when Justine was twelve, convinced her mother to let her live with us. The democratic system in our country has created simpler and happier ways of living than the big monarchies around us. Because of this, there is less difference between the different social classes, and the lower classes are not as poor or looked down upon, so their behavior is more refined and moral. A servant in Geneva is not the same as a servant in France and England. Justine, welcomed into our family, learned how to be a servant, a role in our lucky country that does not mean ignorance or loss of human dignity.

You might remember that Justine was a favorite of yours. I remember you once said that if you were in a bad mood, one look from Justine could cheer you up, just like Ariosto said about Angelica’s beauty—she looked so honest and joyful. My aunt really loved Justine and decided to give her a better education than she had planned. Justine was very grateful; I don’t mean she said so, but you could see it in her eyes. She almost worshipped her protector. Even though Justine was cheerful and sometimes careless, she paid close attention to every move my aunt made. She thought my aunt was the perfect example of excellence and tried to copy her words and behavior, so that even now she reminds me of her.

When my dearest aunt died, everyone was too caught up in their own sadness to notice poor Justine, who had taken care of her during her illness with great love. Poor Justine was very sick; but more troubles were waiting for her.

One by one, her brothers and sister died, and her mother, except for her neglected daughter, was left without children. The mother’s conscience was troubled; she began to think that the deaths of her favorite children were a punishment from heaven for her unfair treatment."
qwen,groq_qwen_32b_free|run_1|SHELLEY_FRANKENSTEIN_011|paraphrase,groq_qwen_32b_free,qwen/qwen3-32b,SHELLEY_FRANKENSTEIN_011,paraphrase,579,570,0.984456,warning,json_repaired_loose_rewritten_text,json_repaired_loose_rewritten_text,2fbe421d3d58c4f952d19cd2f48ab605e508558ab4e71ec74ce1369b88b54b87,"“Fiend,” I cried, “do you dare come near me? Do you not fear the terrible wrath of my hand falling upon your wretched skull? Away, foul creature! Or stay, so that I might crush you beneath my feet! And oh, if only I could end your pitiful life and bring back those you have so cruelly taken away!”

“I foresaw this response,” the demon replied. “All men despise the wretched; how much more must I be despised, being the most wretched of all beings! Yet you, my maker, loathe and reject me, your creation, to whom you are bound by ties that can only be broken by the destruction of one of us. You intend to kill me. How dare you toy with life in this way? Fulfill your duty to me, and I shall fulfill mine to you and to mankind. If you agree to my terms, I shall leave you and your kin in peace; but if you refuse, I shall feed the jaws of death until they are sated with the blood of your remaining loved ones.”

“Accursed wretch! Monster that you are! The torments of hell are too lenient for your sins. Miserable demon! You accuse me of your creation—come then, that I may snuff out the spark I so carelessly gave you.”

My fury knew no bounds; I leapt at him, driven by every feeling that could drive one being to destroy another.

He easily avoided me and said,

“Calm yourself! I beg you to listen to me before you unleash your hatred upon my doomed head. Have I not suffered enough, that you would add to my sorrow? Life, though it may be nothing but a collection of sorrows, is precious to me, and I shall defend it. Remember, you have made me stronger than yourself; my height surpasses yours, my joints more flexible. But I will not be lured into opposing you. I am your creation, and I shall be gentle and obedient to my rightful master and king if you, too, fulfill your part, which you owe me. Oh, Frankenstein, do not be just to all others and trample upon me alone, to whom your justice, and even your mercy and affection, are most deserved. Recall that I am your creation; I should be your Adam, but I am rather the fallen angel, whom you drive from joy for no wrongdoing. Everywhere I see happiness, from which I alone am forever excluded. I was kind and good; misery turned me into a monster. Make me happy, and I shall once more be virtuous.”

“Leave me! I will not listen to you. There can be no bond between you and me; we are enemies. Leave, or let us test our strength in a battle, in which one must fall.”

“How can I stir you? Will no pleas cause you to look upon your creature with kindness, who begs for your goodness and compassion? Believe me, Frankenstein, I was kind; my soul burned with love and humanity; but am I not alone, dreadfully alone? You, my creator, despise me; what hope can I have from your fellow men, who owe me nothing? They reject and hate me. The lonely mountains and bleak glaciers are my sanctuary. I have wandered here for many days; the icy caves, which I do not fear, are my home, and the only one which man does not begrudge."
qwen,groq_qwen_32b_free|run_1|SHELLEY_FRANKENSTEIN_013|simplify,groq_qwen_32b_free,qwen/qwen3-32b,SHELLEY_FRANKENSTEIN_013,simplify,577,433,0.750433,warning,length_hard_warning,json_ok,6bf81acc3070b2a924859e5a0b7f4d9dd727f707016323abd54f683365e3aee6,"It took me a while to figure out why this kind family was so unhappy. It was poverty, and they were suffering from it badly. They only had vegetables from their garden and milk from one cow for food. The cow barely had enough to eat in the winter, so the family often went hungry, especially the two younger people. I noticed them giving food to the old man while they had nothing left for themselves.

This act of kindness touched me. At night, I had been sneaking some of their food for myself, but when I realized it was hurting them, I stopped. Instead, I ate berries, nuts, and roots I found in the nearby woods.

I also found another way to help. I saw the young man spending a lot of time gathering wood for the fire. At night, I took his tools, learned how to use them, and brought back enough wood for several days.

I remember the first time I did this. In the morning, the young woman opened the door and was surprised to see a big pile of wood outside. She shouted, and the young man joined her, also surprised. I was happy to see he didn’t go to the forest that day but spent time fixing the cottage and working in the garden instead.

Later, I made an even more important discovery. I found out that these people used sounds to share their thoughts and feelings. I noticed that the words they said could bring joy or sadness to others. This was a powerful skill, and I really wanted to learn it. But I struggled because their speech was fast, and the words didn’t clearly connect to things I could see. After a lot of effort and several months in my hovel, I learned the names of some common things like fire, milk, bread, and wood. I also learned the names of the family members. The young man and the girl each had multiple names, but the old man only had one, which was father. The girl was called sister or Agatha, and the young man was Felix, brother, or son. I can’t explain how happy I felt when I learned what these words meant and could say them. I also recognized other words like good, dearest, and unhappy, but I didn’t yet understand how to use them. 

I spent the winter this way. The kind and gentle nature of the family made me care about them deeply. When they were sad, I felt sad too, and when they were happy, I shared in their joy."
qwen,groq_qwen_32b_free|run_1|SHELLEY_FRANKENSTEIN_015|simplify,groq_qwen_32b_free,qwen/qwen3-32b,SHELLEY_FRANKENSTEIN_015,simplify,576,467,0.810764,warning,length_soft_warning,json_ok,e3ccbcb5cb45959c07c0945aa4655a5cb9dc40b66283a1ceded283408a0fc345,"Safie told how her mother was a Christian Arab who was captured and enslaved by the Turks. Her beauty caught the attention of Safie's father, and he married her. Safie spoke highly of her mother, who had been born free and refused to accept the slavery she now lived in. Her mother taught her about her religion and encouraged her to seek knowledge and independence, which Muslim women were not allowed. Her mother died, but her teachings stayed with Safie. She was unhappy at the thought of returning to Asia and being locked up in a harem, where she would be forced to do childish things that didn't suit her strong and noble spirit. She was happy at the idea of marrying a Christian and staying in a place where women had a place in society.

The day the Turk was to be executed was set, but the night before he left his prison and by morning was far away from Paris. Felix had gotten fake passports in the names of his father, sister, and himself. He had already told the Turk about his plan, and the Turk helped by pretending to go on a trip and hiding with his daughter in a quiet part of Paris.

Felix led the runaways through France to Lyons and over Mont Cenis to Leghorn, where the merchant planned to wait for a good chance to go to some part of the Turkish lands.

Safie decided to stay with her father until he left. Before he went, the Turk promised again that she would marry her rescuer. Felix stayed with them, hoping for that to happen. In the meantime, he enjoyed being with Safie, who showed him simple and warm affection. They talked through an interpreter or sometimes just by looking at each other, and Safie sang to him the beautiful songs of her homeland.

The Turk allowed this friendship and encouraged the young lovers' hopes, even though he had other plans in mind. He hated the idea of his daughter marrying a Christian, but he feared Felix's anger if he seemed uninterested. He knew Felix could still turn him in to the Italian government. The Turk thought of many ways to keep the deception going until it was no longer needed, and to secretly take his daughter with him when he left. His plans were helped by news from Paris.

The French government was very angry about the Turk's escape and worked hard to find and punish his rescuer. Felix's plan was quickly discovered, and De Lacey and Agatha were put in prison. The news reached Felix and woke him from his happy dreams. His blind, old father and gentle sister were in a dirty prison while he enjoyed the fresh air and the company of the woman he loved."
qwen,groq_qwen_32b_free|run_1|SHELLEY_FRANKENSTEIN_016|modernize,groq_qwen_32b_free,qwen/qwen3-32b,SHELLEY_FRANKENSTEIN_016,modernize,566,557,0.984099,warning,json_repaired_loose_rewritten_text,json_repaired_loose_rewritten_text,e13da86ac98f46d6672b68f10c9fc1b65bbc4da9dfea6bf8add86186a4bd662b,"The poor who came to their door were never turned away. I admit, I asked for more than just a little food or a place to rest—I wanted kindness and sympathy. I didn’t think I was completely unworthy of it.\n\nThe winter had advanced, and a full cycle of the seasons had passed since I came to life. At this point, my focus was entirely on how to introduce myself to the people in the cottage who had helped me. I considered many plans, but the one I finally settled on was to enter the house when the blind old man was alone. I was smart enough to realize that the unnatural ugliness of my appearance was what scared people most when they saw me before. My voice, though rough, wasn’t really frightening, so I thought that if I could win over the old De Lacey while his kids were away, he might help me gain acceptance from the younger ones.\n\nOne day, the sun shone on the red leaves scattered on the ground, bringing a bit of cheerfulness even though it didn’t offer much warmth. Safie, Agatha, and Felix went for a long walk in the countryside, and the old man, as he had asked, stayed alone in the cottage. After his kids left, he picked up his guitar and played several sad but sweet tunes, sadder and sweeter than I had ever heard him play before. At first, his face showed pleasure, but as he played on, his expression turned thoughtful and sad. Eventually, he put the instrument aside and sat lost in thought.\n\nMy heart raced. This was the moment of truth, the time that would either bring my hopes to life or confirm my fears. The servants had gone to a nearby fair. Everything was quiet in and around the cottage—it was the perfect chance. Yet, when I tried to carry out my plan, my legs gave out and I collapsed to the ground. I got up again, mustering all the strength I could, and removed the planks I had placed in front of my hovel to hide my hiding place. The fresh air revived me, and with renewed determination, I walked toward the door of their cottage.\n\nI knocked. 'Who is it?' the old man asked. 'Come in.'\n\nI stepped inside. 'Sorry to bother you,' I said. 'I'm a traveler in need of a little rest. I'd really appreciate it if you'd let me sit by the fire for a few minutes.'\n\n'Come in,' De Lacey said. 'I'll do what I can to help you out, but unfortunately, my kids are out, and since I'm blind, I'm afraid I'll have a hard time getting you anything to eat.'\n\n'Don't trouble yourself, kind sir,' I replied. 'I've got food. All I need is warmth and a bit of rest.'\n\nI sat down, and a silence followed. I knew every minute was precious, but I still couldn't decide how to start the conversation when the old man finally spoke.\n\n'By your accent, stranger, I'd guess you're from my country. Are you French?'\n\n'No,' I said. 'I was raised by a French family and only speak that language. I'm heading to some friends I truly care about and hope they'll welcome me.'"
qwen,groq_qwen_32b_free|run_1|SHELLEY_FRANKENSTEIN_017|simplify,groq_qwen_32b_free,qwen/qwen3-32b,SHELLEY_FRANKENSTEIN_017,simplify,568,529,0.931338,warning,json_repaired_loose_rewritten_text,json_repaired_loose_rewritten_text,c1ffdb65df4bea5c1d1d580fa93299384dcd0de7b1933bfcfdc0b7d51c027af5,"I spent the rest of the day in my hovel in complete and hopeless despair. My protectors had left, and they had broken the only connection I had to the world. For the first time, feelings of revenge and hatred filled my heart, and I didn't try to control them. I let myself be carried away by these emotions, focusing my thoughts on harm and death. When I thought of my friends, the kind voice of De Lacey, the gentle eyes of Agatha, and the beauty of the Arabian girl, these thoughts disappeared for a moment, and I cried a bit, which gave me some comfort. But when I remembered that they had rejected and abandoned me, anger returned, a strong and fierce anger. Since I couldn't hurt anyone, I turned my anger toward objects. As night grew, I gathered different flammable materials around the cottage and destroyed all signs of cultivation in the garden. I waited impatiently until the moon had set before I began my plan.

""As the night went on, a strong wind rose from the woods and quickly scattered the clouds that had lingered in the sky. The wind blew like a huge avalanche and made me feel wild and out of control. I lit a dry branch of a tree and danced around the cottage with fury, my eyes fixed on the western horizon where the moon was almost touching. Part of the moon disappeared, and I waved my burning branch. It sank, and with a loud scream, I set fire to the straw, heath, and bushes I had gathered. The wind helped the fire spread, and the cottage was soon surrounded by flames, which clung to it and licked it with their forked and destructive tongues.

""As soon as I was sure that no help could save any part of the house, I left the scene and found shelter in the woods.

""Now, with the world before me, where should I go? I decided to run far from the place of my misfortunes; but to me, hated and despised, every country would be equally terrible. Eventually, the thought of you came to my mind. I learned from your papers that you were my father, my creator; and who else could I turn to but the one who had given me life? Among the lessons that Felix had given Safie, geography had not been left out; I had learned from these the positions of the different countries on the earth. You had mentioned Geneva as the name of your hometown, and toward this place I decided to go.

""But how was I to find my way? I knew I had to travel in a southwesterly direction to reach my destination, but the sun was my only guide. I didn't know the names of the towns I would pass through, nor could I ask for help from anyone. But I didn't give up. Only from you could I hope for help, although I felt nothing but hatred toward you. Unfeeling, heartless creator! You gave me senses and emotions and then left me out in the world to be the object of human scorn and fear."
qwen,groq_qwen_32b_free|run_1|SHELLEY_FRANKENSTEIN_018|modernize,groq_qwen_32b_free,qwen/qwen3-32b,SHELLEY_FRANKENSTEIN_018,modernize,582,547,0.939863,warning,json_repaired_loose_rewritten_text,json_repaired_loose_rewritten_text,82cb0251e7b1d24054f73d0026232058f5088b391962b882bef3af87c06f4c23,"The crime started with her—let her face the consequences! Thanks to Felix's teachings and the brutal laws of society, I had learned how to cause trouble. I leaned over her and carefully tucked the portrait into one of the folds of her dress. She moved again, and I ran away.\n\nFor a few days, I kept returning to the place where these events happened, sometimes hoping to see you, sometimes determined to leave the world and its pain behind forever. Eventually, I headed toward these mountains and wandered through their vast, empty spaces, driven by a burning passion only you can satisfy. We won't part ways until you promise to meet my demand. I'm alone and miserable; no one wants to be around me. But someone as deformed and terrible as I am wouldn't turn me away. My partner must be from the same species and share my flaws. You're the only one who can create this being for me.'\n\nThe creature finished speaking and stared at me, waiting for my response. But I was confused, overwhelmed, and couldn't think clearly enough to grasp the full weight of his request. He went on,\n\n'You must create a female for me, someone I can live with and share the feelings I need to survive. Only you can do this, and I'm demanding it as a right you can't deny me.'\n\nThe second part of his story reignited the anger I had forgotten while he described his peaceful life with the cottagers, and when he said this, I could no longer hold back the rage inside me.\n\n'I refuse,' I said. 'No amount of pain will ever make me agree. You can make me the saddest person alive, but you'll never make me feel ashamed. Would you really create another like yourself, whose combined evil could destroy the world? Leave me alone! I've answered you; you can hurt me all you want, but I'll never say yes.'\n\n'You're wrong,' the creature replied. 'Instead of threatening me, I'm willing to talk things out with you. I'm cruel because I'm unhappy. Don't I get shunned and hated by everyone? You, my creator, would tear me apart and feel victorious. Remember that, and tell me why I should care about humans more than they care about me? You wouldn't call it murder if you threw me into one of those ice cracks and ended my life, which you made. Should I respect people who condemn me? Let them live with me in kindness, and I'd give them everything I could with tears of gratitude for accepting me. But that's impossible; human nature is an unbreakable wall between us. Still, I won't accept the submission of a slave. I'll take revenge for my suffering; if I can't inspire love, I'll inspire fear, especially toward you, my worst enemy, because you're my creator. I swear I'll never stop hating you. Be careful; I'll destroy you, and I won't stop until your heart is broken and you curse the day you were born.'\n\nA furious anger showed in his face as he said this; his expression twisted into something too awful to look at. But soon he calmed down and continued,\n\n'I meant to reason.'"
qwen,groq_qwen_32b_free|run_1|SHELLEY_FRANKENSTEIN_019|modernize,groq_qwen_32b_free,qwen/qwen3-32b,SHELLEY_FRANKENSTEIN_019,modernize,560,542,0.967857,warning,json_repaired_loose_rewritten_text,json_repaired_loose_rewritten_text,bbdf0925d507d2b5208e5367a89a2f8f7b48c2b8546477a11dbea96890e09040,"Things had definitely changed for me. My health, which had been getting worse, was now much better, and my mood, when I wasn't weighed down by the memory of my unhappy promise, had lifted right along with it. My father noticed this and was pleased. He started thinking about the best way to get rid of the last traces of my sadness, which would sometimes come back in waves, dark and all-consuming, even when the sun was about to shine again. During those times, I would retreat into complete solitude. I would spend entire days alone on the lake in a small boat, watching the clouds and listening to the gentle lapping of the waves, feeling quiet and unmotivated. But the fresh air and bright sun usually helped me feel calmer, and when I came back, I greeted my friends with a more cheerful smile and a lighter heart.\n\nIt was after one of these outings that my father pulled me aside and spoke to me like this:\n\n“I’m glad to see, my dear son, that you’ve started enjoying the things you used to again and seem to be getting back to your old self. And yet, you still seem unhappy and avoid our company. For a while, I wasn’t sure why, but yesterday it hit me. If I’m right, I urge you to tell me. Keeping things to yourself on this issue would not only be pointless, but it would bring even more misery to all of us.”\n\nI shook badly at the start of his speech, and he went on:\n\n“I’ll admit, my son, that I’ve always imagined your marriage to our dear Elizabeth as the foundation of our family’s happiness and the support of my old age. You two have been close since childhood; you studied together and seemed perfectly matched in personality and interests. But human experience is so limited that what I thought would help bring things together might have actually torn it apart. Perhaps you see her as your sister, with no desire for her to become your wife. Or maybe you’ve met someone else you love, and the pressure of feeling honor-bound to Elizabeth is causing the deep pain you seem to be going through.”\n\n“My dear father, don’t worry. I love my cousin deeply and genuinely. I’ve never met a woman who inspires in me the kind of admiration and affection Elizabeth does. My future hopes and dreams are all tied to the idea of us being together.”\n\n“Hearing you speak like this, my dear Victor, brings me more joy than I’ve felt in a while. If you feel that way, we’ll surely be happy, even if current events cast a shadow over us. But it’s this shadow that seems to have taken such a strong hold on your mind that I want to lift. Tell me, then, if you have any objections to getting married right away. We’ve had bad luck, and recent events have disrupted the peace I need for my age and health. You’re younger, but I don’t think, with the fortune you have, that getting married early would interfere with any future plans you might have for honor and usefulness.”"
qwen,groq_qwen_32b_free|run_1|SHELLEY_FRANKENSTEIN_019|simplify,groq_qwen_32b_free,qwen/qwen3-32b,SHELLEY_FRANKENSTEIN_019,simplify,560,516,0.921429,warning,json_repaired_loose_rewritten_text,json_repaired_loose_rewritten_text,2fa682d55963b4b9fb250669cda613c6d1658ffae23cdc74a1cb3d9b5618ffd2,"Something had changed in me; my health, which had been getting worse, was now much better. My mood, when I wasn't thinking about my unhappy promise, was also improving. My father was happy to see this and thought about the best way to help me get rid of the remaining sadness that sometimes came back in waves, dark and heavy, like a storm cloud blocking the sunshine. During these times, I would go to be alone. I would spend whole days on the lake in a small boat, watching the clouds and listening to the waves, quiet and without energy. But the fresh air and bright sun usually helped me feel better, and when I came back, I greeted my friends with a smile and a lighter heart.\n\nIt was after one of these trips that my father, calling me aside, spoke to me like this:\n\n“I’m glad to see, my dear son, that you’re starting to enjoy things again and seem to be getting back to your old self. And yet, you’re still unhappy and still avoiding us. For a while, I wasn’t sure why, but yesterday I had an idea, and if it’s right, I beg you to tell me. Keeping things to yourself on this matter would not only be pointless, but it would bring even more sadness to us all.”\n\nI shook badly at the start of his speech, and my father continued:\n\n“I admit, my son, that I’ve always seen your marriage to our dear Elizabeth as the foundation of our home and the support of my old age. You two have been close since childhood; you studied together, and your personalities and interests seemed perfectly matched. But human understanding is so limited that what I thought would help my plan might have ruined it. You might see her as your sister, with no desire for her to become your wife. Or perhaps you’ve met someone else you love; and because you feel honor-bound to Elizabeth, this conflict might be the cause of your deep sadness.”\n\n“My dear father, please don’t worry. I love my cousin deeply and truly. I’ve never seen a woman who inspires in me the same admiration and affection as Elizabeth does. My future hopes and plans are all tied to the expectation of our marriage.”\n\n“Hearing your feelings on this matter, my dear Victor, brings me more joy than I’ve felt in a long time. If you feel this way, we will surely be happy, even though recent events have cast a shadow over us. But it is this shadow that seems to have taken such a strong hold on your mind that I want to clear away. Tell me, then, whether you object to getting married right away. We’ve been unlucky, and recent events have disturbed the peace I need for my age and health. You are younger; yet I don’t think, with the fortune you have, that getting married early would interfere with any future plans you might have made for honor and usefulness.”"
qwen,groq_qwen_32b_free|run_1|TWAIN_HUCKLEBERRY_FINN_005|simplify,groq_qwen_32b_free,qwen/qwen3-32b,TWAIN_HUCKLEBERRY_FINN_005,simplify,560,564,1.007143,warning,json_repaired_loose_rewritten_text,json_repaired_loose_rewritten_text,a6849bc45d9acec672e5edb96daca6a5e7a7e9f99eae8615cb481f85cb33518f,"I thought I could land almost anywhere, but I couldn’t—the bank was too steep. I got to the bottom of the island before I found a good spot. I went into the woods and decided I wouldn’t fool around with rafts anymore, as long as they kept moving the lantern around. I had my pipe, some tobacco, and matches in my cap, and they weren’t wet, so I was all set.\n\n“And you haven’t had any meat or bread to eat all this time? Why didn’t you get mud-turtles?”\n\n“How would you catch them? You can’t sneak up on them and grab them, and how would you hit them with a rock? How could you do it at night? And I wasn’t going to show myself on the bank during the day.”\n\n“Well, that’s true. You had to stay in the woods all the time, of course. Did you hear them shooting the cannon?”\n\n“Oh, yes. I knew they were after you. I saw them go by here—watched them through the bushes.\n\nSome young birds flew along, flying a yard or two at a time and landing. Jim said it was a sign it was going to rain. He said it was a sign when young chickens flew that way, and so he thought it was the same when young birds did it. I wanted to catch some of them, but Jim wouldn’t let me. He said it was death. He said his father got very sick once, and someone caught a bird, and his grandmother said his father would die, and he did.\n\nAnd Jim said you shouldn’t count the things you are going to cook for dinner, because that would bring bad luck. The same if you shook the tablecloth after sunset. And he said if a man owned a beehive and that man died, the bees must be told about it before sunrise the next morning, or else the bees would weaken and stop working and die. Jim said bees wouldn’t sting fools; but I didn’t believe that, because I had tried them many times myself, and they wouldn’t sting me.\n\nI had heard about some of these things before, but not all of them. Jim knew all kinds of signs. He said he knew most everything. I said it looked to me like all the signs were about bad luck, and so I asked him if there weren’t any good-luck signs. He said:\n\n“Very few—and they aren’t any use to a person. What would you want to know when good luck’s coming for? Want to keep it away?” And he said: “If you have hairy arms and a hairy chest, it’s a sign you’re going to be rich. Well, there’s some use in a sign like that, because it’s so far ahead. You see, maybe you have to be poor a long time first, and so you might get discouraged and kill yourself if you didn’t know by the sign that you’re going to be rich someday.”\n\n“Do you have hairy arms and a hairy chest, Jim?”\n\n“What’s the use of asking that question? Don’t you see I do?”\n\n“Well, are you rich?”\n\n“No, but I was rich once, and I’m going to be rich again.”"
qwen,groq_qwen_32b_free|run_1|TWAIN_HUCKLEBERRY_FINN_007|modernize,groq_qwen_32b_free,qwen/qwen3-32b,TWAIN_HUCKLEBERRY_FINN_007,modernize,559,540,0.966011,warning,json_repaired_loose_rewritten_text,json_repaired_loose_rewritten_text,d3be1d75865c70eab2b218bf079b2d301b4b204c824c1b250c40b1acd60007dd,"Every night now, I used to sneak onto land around ten o'clock at some small town and buy ten to fifteen cents worth of flour, bacon, or other food to eat. Sometimes I'd grab a chicken that wasn't roosting comfortably and take it with me. Pap always said to take a chicken when you had the chance because if you didn't want it yourself, you could always find someone who did, and doing a good deed was never forgotten. I never saw Pap when he didn't want the chicken himself, but that's what he used to say anyway.\n\nIn the mornings before daylight, I'd sneak into cornfields and borrow a watermelon, a mushmelon, a pumpkin, or some fresh corn or similar stuff. Pap always said it wasn't wrong to borrow things if you planned to pay them back eventually; but the widow said it was just a fancy name for stealing, and no decent person would do it. Jim said he thought the widow was partly right and Pap was partly right; so the best way would be for us to pick out two or three things from the list and decide not to borrow them anymore—then he figured it wouldn't be wrong to borrow the others. So we talked it over one night, drifting down the river, trying to decide whether to give up watermelons, cantaloupes, mushmelons, or something else. But by daylight we had it all settled and decided to drop crabapples and persimmons. We hadn't felt right before that, but now everything was comfortable. I was glad the way it turned out too, because crabapples are never good, and persimmons wouldn't be ripe for two or three months yet.\n\nWe shot a waterfowl now and then that got up too early in the morning or stayed out too late at night. All things considered, we lived pretty well.\n\nOn the fifth night below St. Louis, we had a big storm after midnight, with a lot of thunder and lightning, and the rain poured down in a solid sheet. We stayed in the wigwam and let the raft take care of itself. When the lightning flashed, we could see a big straight river ahead and high, rocky bluffs on both sides. After a while, I said, 'Hey, Jim, look over there!' It was a steamboat that had crashed into a rock. We were drifting straight toward it. The lightning showed it clearly. It was leaning over, with part of its upper deck above water, and you could see every little chimney guy clean and clear, and a chair by the big bell, with an old slouch hat hanging on the back of it when the flashes came.\n\nWell, it being late at night and stormy, and everything so mysterious, I felt just the way any other kid would have felt when I saw that wreck lying there so sad and lonely in the middle of the river. I wanted to get aboard and sneak around a bit, to see what was there. So I said:\n\n'Let's land on it, Jim.'\n\nBut Jim was against it at first. He said:\n\n'I don't want to go fooling around with no wreck.'"
qwen,groq_qwen_32b_free|run_1|TWAIN_HUCKLEBERRY_FINN_007|simplify,groq_qwen_32b_free,qwen/qwen3-32b,TWAIN_HUCKLEBERRY_FINN_007,simplify,559,531,0.949911,warning,json_repaired_loose_rewritten_text,json_repaired_loose_rewritten_text,f701b28faaa19f6f4819ac8503315f0d490d702a35fcc3d297822c066919fbdc,"Every night, I would go ashore around ten o'clock at a small village and buy ten to fifteen cents worth of meal, bacon, or other food. Sometimes I would take a chicken that wasn't roosting comfortably and bring it with me. Pap always said to take a chicken when you could, because if you didn't want it yourself, you could always find someone who did, and doing a good deed is never forgotten. I never saw Pap who didn't want the chicken himself, but that's what he used to say anyway.\n\nIn the mornings before daylight, I would sneak into cornfields and take a watermelon, a mushmelon, a pumpkin, or some new corn. Pap always said it wasn't bad to borrow things if you planned to pay them back later. But the widow said it was just a soft name for stealing, and no decent person would do it. Jim said he thought the widow was partly right and Pap was partly right. So the best way would be for us to pick out two or three things from the list and say we wouldn't borrow them anymore. Then he thought it wouldn't be bad to borrow the others. So we talked it over all one night, drifting along down the river, trying to decide whether to stop taking watermelons, cantaloupes, mushmelons, or something else. But by daylight we had it all settled and decided to stop taking crabapples and persimmons. We didn't feel right before that, but now it was all comfortable. I was glad the way it turned out, too, because crabapples are never good, and the persimmons wouldn't be ripe for two or three months yet.\n\nWe shot a waterfowl now and then that got up too early in the morning or didn't go to bed early enough in the evening. All in all, we lived pretty well.\n\nOn the fifth night below St. Louis, we had a big storm after midnight with a lot of thunder and lightning, and the rain poured down in a solid sheet. We stayed in the wigwam and let the raft take care of itself. When the lightning flashed, we could see a big straight river ahead and high, rocky bluffs on both sides. I said, 'Hello, Jim, look there!' It was a steamboat that had crashed into a rock. We were drifting straight toward it. The lightning showed it clearly. It was leaning over, with part of its upper deck above water, and you could see every little chimney clearly, and a chair by the big bell, with an old slouch hat hanging on the back of it, when the flashes came.\n\nWell, it being late at night and stormy, and all so mysterious, I felt just the way any other boy would have felt when I saw that wreck lying there so sad and lonely in the middle of the river. I wanted to get aboard and sneak around a bit to see what was there. So I said:\n\n'Let's land on her, Jim.'\n\nBut Jim was against it at first. He said:\n\n'I don't want to fool around with no wreck.'"
qwen,groq_qwen_32b_free|run_1|TWAIN_HUCKLEBERRY_FINN_009|modernize,groq_qwen_32b_free,qwen/qwen3-32b,TWAIN_HUCKLEBERRY_FINN_009,modernize,563,575,1.021314,warning,json_repaired_loose_rewritten_text,json_repaired_loose_rewritten_text,0995114a54673b337f8b7b28bee9d0fa21850ad661344f7929e773fd18a6640b,"“I am, am I? Well, you answer me this: Didn’t you bring out the line in the canoe to get to the tow-head?”\n\n“No, I didn’t. What tow-head? I haven’t seen any tow-head.”\n\n“You haven’t seen a tow-head? Look here, didn’t the line come loose and the raft start heading down the river, leaving you and the canoe behind in the fog?”\n\n“What fog?”\n\n“Well, the fog—the fog that’s been around all night. And didn’t you yell, and didn’t I yell, until we got mixed up in the islands and one of us got lost and the other was just as good as lost, because he didn’t know where he was? And didn’t I crash into a bunch of those islands and have a terrible time and almost drown? Now isn’t that true, boss—isn’t it true? You answer me that.”\n\n“Well, this is too much for me, Jim. I haven’t seen no fog, nor no islands, nor no trouble, nor nothing. I’ve been sitting here talking with you all night till you went to sleep about ten minutes ago, and I reckon I did the same. You couldn’t have gotten drunk in that time, so of course you’ve been dreaming.”\n\n“Dang it, how am I supposed to dream all that in ten minutes?”\n\n“Well, hang it all, you did dream it, because none of it happened.”\n\n“But, Huck, it’s all just as clear to me as—”\n\n“It doesn’t make no difference how clear it is; there ain’t nothing to it. I know, because I’ve been here all the time.”\n\nJim didn’t say anything for about five minutes, just sat there thinking it over. Then he said:\n\n“Well, then, I reckon I did dream it, Huck; but dog my cats if it ain’t the strongest dream I ever had. And I haven’t ever had no dream before that’s tired me like this one.”\n\n“Oh, well, that’s all right, because a dream does tire a body like everything sometimes. But this one was a stunner; tell me all about it, Jim.”\n\nSo Jim started in and told me the whole thing through, just as it happened, only he added a lot of extra details. Then he said he had to start interpreting it, because it was sent as a warning. He said the first tow-head stood for a man that would try to do us some good, but the current was another man that would get us away from him. The yells were warnings that would come to us every now and then, and if we didn’t try hard to understand them, they’d just lead us into bad luck instead of keeping us out of it. The bunch of tow-heads was trouble we were going to get into with quarrelsome people and all kinds of mean folks, but if we minded our business and didn’t argue back and aggravate them, we would pull through and get out of the fog and into the big clear river, which was the free States, and wouldn’t have no more trouble.\n\nIt had gotten pretty dark just after I got on the raft, but it was clearing up again now.\n\n“Oh, well, that’s all interpreted well enough as far as it goes, Jim,” I said; “but what do these things stand for?”"
qwen,groq_qwen_32b_free|run_1|TWAIN_HUCKLEBERRY_FINN_015|paraphrase,groq_qwen_32b_free,qwen/qwen3-32b,TWAIN_HUCKLEBERRY_FINN_015,paraphrase,551,562,1.019964,warning,json_repaired_loose_rewritten_text,json_repaired_loose_rewritten_text,9ffa240dae0b155832496f95ebf6c0fcc712739b3ec96146c57528448630f062,"The residents had already left some of them. The bank had collapsed under one corner of others, and that corner was about to fall in. People still lived in those houses, but it was risky, because sometimes a strip of land as wide as a house would collapse at once. Sometimes a stretch of land a quarter-mile deep would begin to cave in and keep going until it all tumbled into the river in a single summer. A town like that had to keep moving back and back and back, because the river was always wearing it away.\n\nThe closer it got to noon that day, the more wagons and horses filled the streets, and more kept coming all the time. Country folks brought their lunches and ate them in the wagons. There was a fair amount of drinking going on, and I saw three fights. Then someone shouted out:\n\n“Here comes old Boggs!—he’s in town for his monthly little spree; here he comes, boys!”\n\nAll the idlers looked pleased; I figured they were used to getting amusement from Boggs. One of them said:\n\n“Wonder who he’s going to chew out this time. If he’d chewed out all the men he’s been going to chew out in the last twenty years, he’d have quite a reputation now.”\n\nAnother one said, “I wish old Boggs would threaten me, ’cause then I’d know I wasn’t going to die for a thousand years.”\n\nBoggs came tearing along on his horse, whooping and yelling like an Indian, and shouting:\n\n“Clear the track, there. I’m on the war-path, and the price of coffins is going to rise.”\n\nHe was drunk and swaying in his saddle; he was over fifty years old, and had a very red face. Everyone yelled at him and laughed at him and teased him, and he teased back, and said he’d take care of them and lay them out in their turn, but he couldn’t wait now because he’d come to town to kill old Colonel Sherburn, and his motto was, “Meat first, and spoon vittles to top off on.”\n\nHe saw me, and rode up and said:\n\n“Where’d you come from, boy? You ready to die?”\n\nThen he rode on. I was scared, but a man said:\n\n“He don’t mean nothing; he’s always carrying on like that when he’s drunk. He’s the best-natured old fool in Arkansas—never hurt nobody, drunk or sober.”\n\nBoggs rode up in front of the biggest store in town, and bent his head down so he could see under the curtain of the awning and yelled:\n\n“Come out here, Sherburn! Come out and meet the man you’ve swindled. You’re the hound I’m after, and I’m going to get you, too!”\n\nAnd so he went on, calling Sherburn every name he could think of, and the whole street packed with people listening and laughing and carrying on. By-and-by a proud-looking man about fifty-five—and he was the best-dressed man in that town, too—stepped out of the store, and the crowd dropped back on each side to let him come. He said to Boggs, very calm and slow—he said:\n\n“I’m tired of this, but I’ll put up with it till one o’clock.”"
qwen,groq_qwen_32b_free|run_1|TWAIN_HUCKLEBERRY_FINN_015|simplify,groq_qwen_32b_free,qwen/qwen3-32b,TWAIN_HUCKLEBERRY_FINN_015,simplify,551,559,1.014519,warning,json_repaired_loose_rewritten_text,json_repaired_loose_rewritten_text,95d60f26894191e35a831d59c42872be11cf2e688777052e92c035813f1d4fb6,"The people had already left some of the houses. The riverbank had collapsed under one corner of some others, and that corner was hanging over. People still lived in those houses, but it was dangerous because sometimes a strip of land as wide as a house would cave in at once. Sometimes a belt of land a quarter of a mile deep would start to cave in and keep caving in until it all fell into the river in one summer. A town like that has to keep moving back and back because the river is always eating away at it.\n\nThe closer it got to noon that day, the more wagons and horses filled the streets, and more kept coming. Families brought their lunches from the country and ate them in their wagons. There was a lot of drinking going on, and I saw three fights. Then someone shouted:\n\n“Here comes old Boggs!—he’s in town for his monthly drinking spree; here he comes, boys!”\n\nAll the loafers looked happy; I guessed they were used to having fun with Boggs. One of them said:\n\n“I wonder who he’s going to yell at this time. If he had yelled at all the men he’s been going to yell at in the last twenty years, he’d be pretty famous by now.”\n\nAnother said, “I wish old Boggs would threaten me, ’cause then I’d know I wasn’t going to die for a thousand years.”\n\nBoggs rode into town on his horse, whooping and yelling like an Indian, and shouting:\n\n“Clear the track, there. I’m on the war path, and the price of coffins is going to go up.”\n\nHe was drunk and swaying in his saddle; he was over fifty years old, and had a very red face. Everyone yelled at him and laughed at him, and he yelled back, saying he would take care of them and beat them one at a time, but he couldn’t wait now because he had come to town to kill old Colonel Sherburn, and his motto was, “Food first, and dessert to finish off on.”\n\nHe saw me and rode up and said:\n\n“Where’d you come from, boy? Are you ready to die?”\n\nThen he rode on. I was scared, but a man said:\n\n“He doesn’t mean anything; he’s always acting like this when he’s drunk. He’s the nicest old fool in Arkansas—never hurt anyone, drunk or sober.”\n\nBoggs rode up to the biggest store in town, and bent his head down so he could see under the curtain of the awning and yelled:\n\n“Come out here, Sherburn! Come out and meet the man you’ve cheated. You’re the dog I’m after, and I’m going to get you, too!”\n\nAnd so he went on, calling Sherburn every name he could think of, and the whole street filled with people listening and laughing and carrying on. Soon a proud-looking man about fifty-five—and he was the best-dressed man in that town, too—stepped out of the store, and the crowd moved back on each side to let him come. He said to Boggs, very calm and slow—he said:\n\n“I’m tired of this, but I’ll put up with it till one o’clock.”"
qwen,groq_qwen_32b_free|run_1|TWAIN_HUCKLEBERRY_FINN_018|simplify,groq_qwen_32b_free,qwen/qwen3-32b,TWAIN_HUCKLEBERRY_FINN_018,simplify,567,547,0.964727,warning,json_repaired_loose_rewritten_text,json_repaired_loose_rewritten_text,d85b0395140ef9424389815abac6239b8ce346254adecc4c6b9c05b124aecd0b,"He kept walking around, talking a lot and enjoying the sound of his own voice. Every now and then, he brought up the topic of funeral ceremonies again. Eventually, the duke couldn’t take it anymore. He wrote on a small piece of paper, ‘_obsequies_, you old fool,’ folded it up, and passed it over people’s heads to him. The king read it, put it in his pocket, and said:\n\n“Poor William, who is troubled, has a good heart. He asked me to invite everyone to the funeral and to make them all feel welcome. But he didn’t need to worry—it was exactly what I was going to do anyway.”\n\nThen he continued walking calmly, bringing up the funeral ceremonies again every now and then, just like before. When he did it the third time, he said:\n\n“I say ‘orgies’ not because it’s the common term—it isn’t; ‘obsequies’ is the common term—but because ‘orgies’ is the right term. ‘Obsequies’ isn’t used in England anymore—it’s out of style. We say ‘orgies’ now in England. ‘Orgies’ is better because it means the thing you’re after more exactly. It’s a word made up from the Greek _orgo_, meaning outside, open, or abroad, and the Hebrew _jeesum_, meaning to plant or cover up; hence, in_ter_. So you see, funeral orgies is an open or public funeral.”\n\nHe was the worst I ever met. The iron-jawed man laughed right in his face. Everyone was shocked. They all said, “Why, doctor!” and Abner Shackleford said:\n\n“Why, Robinson, haven’t you heard the news? This is Harvey Wilks.”\n\nThe king smiled eagerly, reached out his hand, and said:\n\n“Is it my poor brother’s dear good friend and physician? I—”\n\n“Keep your hands off of me!” said the doctor. “Do you think you sound like an Englishman? It’s the worst imitation I’ve ever heard. Are you Peter Wilks’s brother? You’re a fraud, that’s what you are!”\n\nWell, how they all reacted! They crowded around the doctor, trying to calm him down and explain how Harvey had shown in forty ways that he really was Harvey, knew everyone by name, even the names of the dogs, and begged and begged him not to hurt Harvey’s feelings or the poor girl’s feelings. But it didn’t help; he kept yelling, saying any man who pretended to be an Englishman and couldn’t imitate the language better than that was a fraud and a liar. The poor girls were holding onto the king and crying; and all of a sudden, the doctor turned on them. He said:\n\n“I was your father’s friend, and I’m your friend. I warn you as a friend, and an honest one who wants to protect you and keep you out of harm and trouble, to turn your backs on that scoundrel and have nothing to do with him, the ignorant tramp, with his idiotic Greek and Hebrew, as he calls it. He is the thinnest kind of an impostor—he came here with a lot of empty names and facts which he picked up somewhere, and you take them for proofs, and are helped to fool yourselves by these foolish friends here, who ought to know better.”"
qwen,groq_qwen_32b_free|run_1|WILDE_DORIAN_GRAY_006|paraphrase,groq_qwen_32b_free,qwen/qwen3-32b,WILDE_DORIAN_GRAY_006,paraphrase,555,74,0.133333,warning,json_repaired_loose_rewritten_text;length_hard_warning,json_repaired_loose_rewritten_text,77f89af4a87e1234cb618d58e9f6e635063ecd9e6368b1725749c1d0d8a5566c,"They are always easy to find. There is nothing at all mysterious about them. They take carriage rides in the park in the morning and talk endlessly at tea gatherings in the afternoon. They wear the same polished smile and display the same fashionable manner. They are completely predictable. But an actress! How entirely different an actress is! Harry, why didn’t you tell me that the only thing truly worth loving is an actress?”"
qwen,groq_qwen_32b_free|run_1|WILDE_DORIAN_GRAY_007|simplify,groq_qwen_32b_free,qwen/qwen3-32b,WILDE_DORIAN_GRAY_007,simplify,552,517,0.936594,warning,json_repaired_loose_rewritten_text,json_repaired_loose_rewritten_text,db95cb7a8b3b609352a99a1014c16f422bc6473469d7763377354a60129ebaa2,"He stood up and looked out the window. The sunset had turned the windows of the houses across the street a deep red gold. The glass looked like hot metal. The sky above was the color of a faded rose. He thought about his friend’s young, passionate life and wondered how it would all end.

When he got home, around half past twelve, he saw a telegram on the hall table. He opened it and saw it was from Dorian Gray. It said he was going to be married to Sibyl Vane.


CHAPTER V.


“Mother, Mother, I’m so happy!” the girl whispered, hiding her face in the lap of the older, tired-looking woman who sat in the only armchair in their small, shabby room. “I’m so happy!” she said again. “And you must be happy too!”

Mrs. Vane winced and placed her pale, white-powdered hands on her daughter’s head. “Happy?” she repeated. “I’m only happy when I see you act. You must think only about your acting. Mr. Isaacs has been very kind to us, and we owe him money.”

The girl looked up and pouted. “Money, Mother?” she said. “What does money matter? Love is more than money.”

“Mr. Isaacs gave us fifty pounds to pay our debts and to get a proper outfit for James. You must not forget that, Sibyl. Fifty pounds is a lot. Mr. Isaacs has been very generous.”

“He isn’t a gentleman, Mother, and I hate the way he talks to me,” the girl said, standing up and walking to the window.

“I don’t know how we could manage without him,” the older woman replied, sounding upset.

Sibyl Vane shook her head and laughed. “We don’t need him anymore, Mother. Prince Charming is in charge of our lives now.” Then she stopped. A rose bloomed in her cheeks. Her breath came quickly, like petals parting. Her lips trembled. A warm wind of passion moved through her and lifted the soft folds of her dress. “I love him,” she said simply.

“Foolish child! Foolish child!” the mother said, repeating the words. Her thin fingers, decorated with fake jewels, waved in the air, making the words seem silly.

The girl laughed again. Her voice sounded like the joy of a bird in a cage. Her eyes caught the sound and reflected it in light, then closed for a moment as if to hide something. When they opened, a dream had passed over them.

From the worn chair came a voice, thin and full of caution, offering advice and quoting the book of common sense. She didn’t listen. She felt free in her prison of passion. Her prince, Prince Charming, was with her. She had asked memory to bring him back. She had sent her soul to find him, and it had returned with him. His kiss burned again on her lips. Her eyelids were warm with his breath.

Then the voice changed and spoke of secrets and being discovered. This young man might be rich. If so, marriage should be considered. Against the side of her ear came the waves of worldly cleverness."
qwen,groq_qwen_32b_free|run_1|WILDE_DORIAN_GRAY_008|modernize,groq_qwen_32b_free,qwen/qwen3-32b,WILDE_DORIAN_GRAY_008,modernize,560,542,0.967857,warning,json_repaired_loose_rewritten_text,json_repaired_loose_rewritten_text,597eb6a37c956237c7cf46044314051a2c290be4b3d58d0db12f72e4a7766601,"He was supposed to get off the ship in Melbourne, say a polite goodbye to the captain, and head straight to the goldfields. Within a week, he was going to discover a huge chunk of pure gold, the biggest ever found, and bring it down to the coast in a wagon guarded by six armed police on horseback. The bushrangers were going to attack them three times and be badly beaten each time. Or, no. He wasn’t going to go to the goldfields at all. They were terrible places where men got drunk, shot each other in bars, and used bad language. He was supposed to be a nice sheep farmer, and one evening, while riding home, he would see the beautiful heiress being kidnapped by a robber on a black horse, chase after her, and rescue her. Of course, she would fall in love with him, and he with her, and they would get married and live in a huge house in London. Yes, there were great things in store for him. But he had to be really good, not lose his temper, or spend his money foolishly. She was only a year older than him, but she knew so much more about life. He also had to make sure to write to her with every mail and say his prayers each night before going to sleep. God was really good and would look out for him. She would pray for him too, and in a few years he would come back rich and happy.\n\nThe boy listened sulkily and didn’t say a word. He was heartbroken about leaving home.\n\nBut it wasn’t just that which made him gloomy and moody. Even though he was inexperienced, he had a strong sense of the danger Sibyl was in. This young guy who was flirting with her wasn’t going to do her any good. He was a gentleman, and he hated him for that, hated him for some strange instinct he couldn’t explain, and because of that, it was even stronger inside him. He also realized how shallow and vain his mother was, and in that, he saw a huge threat to Sibyl and her happiness. Kids start by loving their parents; as they get older, they judge them; sometimes they forgive them.\n\nHis mother! He had something on his mind he wanted to ask her, something he had been thinking about for months of silence. A random comment he had overheard at the theater, a whispered sneer that had reached his ears one night while he was waiting at the stage door, had triggered a series of terrible thoughts. He remembered it as if it had been a whip across his face. His eyebrows furrowed into a deep frown, and with a twitch of pain, he bit his lower lip.\n\n“You’re not listening to a word I’m saying, Jim,” Sibyl said, “and I’m making the most wonderful plans for your future. Do say something.”\n\n“What do you want me to say?”\n\n“Oh! That you’ll be a good boy and not forget us,” she replied, smiling at him.\n\nHe shrugged. “You’re more likely to forget me than I am to forget you, Sibyl.”"
qwen,groq_qwen_32b_free|run_1|WILDE_DORIAN_GRAY_010|paraphrase,groq_qwen_32b_free,qwen/qwen3-32b,WILDE_DORIAN_GRAY_010,paraphrase,552,572,1.036232,warning,json_repaired_loose_rewritten_text,json_repaired_loose_rewritten_text,9c3fb5a2ccc9f92bb5b6ad9708edf598d60640da6f61ff4022dd8d51718536f4,"“Pleasure is the only subject worth developing a theory about,” he replied in his smooth, musical tone. “But I must admit I can’t claim the theory as my own. It belongs to Nature, not to me. Pleasure is Nature’s test, her mark of approval. When we are happy, we are always good, but when we are good, we are not always happy.”\n\n“Ah! but what do you mean by good?” Basil Hallward exclaimed.\n\n“Yes,” Dorian repeated, reclining in his chair and gazing at Lord Henry over the thick bunches of irises with their purple lips that stood in the center of the table, “what do you mean by good, Harry?”\n\n“To be good is to be in harmony with oneself,” he answered, tapping the slender stem of his glass with his pale, finely shaped fingers. “Disagreement comes from being forced to align with others. One’s own life—that is the most important thing. As for the lives of others, if you wish to be a prig or a Puritan, you may parade your moral opinions about them, but they are not your business. Moreover, individualism truly has a higher purpose. Modern morality is about accepting the standards of one’s time. I believe that for any cultured man to accept the standards of his time is a form of the most basic immorality.”\n\n“But, surely, if one lives only for oneself, Harry, one pays a heavy cost for it?” the painter suggested.\n\n“Yes, we are overcharged for everything these days. I imagine the real tragedy of the poor is that they can afford nothing but self-denial. Beautiful sins, like beautiful things, are the privilege of the rich.”\n\n“One pays in other ways besides money.”\n\n“What sort of ways, Basil?”\n\n“Oh! I should think in regret, in pain, in ... well, in the awareness of degradation.”\n\nLord Henry gave a dismissive shrug. “My dear fellow, medieval art is delightful, but medieval emotions are outdated. One can certainly use them in fiction. But then the only things one can use in fiction are the things one has stopped using in reality. Believe me, no civilized man ever regrets a pleasure, and no uncivilized man ever knows what a pleasure is.”\n\n“I know what pleasure is,” Dorian Gray declared. “It is to adore someone.”\n\n“That is certainly preferable to being adored,” he replied, playing with some fruit. “Being adored is a bother. Women treat us just as humanity treats its gods. They worship us and are always asking us to do something for them.”\n\n“I should have thought that whatever they ask for they have first given to us,” the young man said solemnly. “They create love in our hearts. They have a right to expect it back.”\n\n“That is entirely true, Dorian,” Hallward said.\n\n“Nothing is ever entirely true,” Lord Henry remarked.\n\n“This is,” Dorian interjected. “You must agree, Harry, that women give to men the very gold of their lives.”\n\n“Possibly,” he sighed, “but they always want it back in such small pieces. That is the trouble. Women, as some clever Frenchman once said, inspire us with the desire to create masterpieces and always stop us from completing them.”\n\n“Harry, you are terrible! I don’t know why I like you so much.”"
qwen,groq_qwen_32b_free|run_1|WILDE_DORIAN_GRAY_010|modernize,groq_qwen_32b_free,qwen/qwen3-32b,WILDE_DORIAN_GRAY_010,modernize,552,548,0.992754,warning,json_repaired_loose_rewritten_text,json_repaired_loose_rewritten_text,50325de9c660fcb7aff77005f9d3575642cd9a56128f7ca52cd0b1c659442c36,"“Pleasure is the only thing worth having a theory about,” he answered in his slow, smooth voice. “But I’m afraid I can’t claim the theory as my own. It belongs to Nature, not me. Pleasure is Nature’s test, her sign of approval. When we’re happy, we’re always good, but when we’re good, we’re not always happy.”\n\n“Ah! But what do you mean by good?” cried Basil Hallward.\n\n“Yes,” echoed Dorian, leaning back in his chair and looking at Lord Henry over the heavy clusters of purple-lipped irises that stood in the center of the table, “what do you mean by good, Harry?”\n\n“To be good is to be in harmony with yourself,” he replied, tapping the thin stem of his glass with his pale, fine-pointed fingers. “Discord is being forced to be in harmony with others. Your own life—that’s the important thing. As for the lives of your neighbors, if you want to be a prig or a Puritan, you can go on about your moral views, but they’re not your concern. Besides, individualism has the higher aim. Modern morality is just about accepting the standard of your age. I think it’s the grossest immorality for any cultured man to accept the standard of his time.”\n\n“But, surely, if you live only for yourself, Harry, you pay a terrible price for it?” suggested the painter.\n\n“Yes, we’re overcharged for everything these days. I’d say the real tragedy of the poor is that they can’t afford anything but self-denial. Beautiful sins, like beautiful things, are the privilege of the rich.”\n\n“One has to pay in other ways besides money.”\n\n“What sort of ways, Basil?”\n\n“Oh! I’d say in remorse, in suffering, in ... well, in the feeling of being degraded.”\n\nLord Henry shrugged. “My dear fellow, medieval art is charming, but medieval emotions are out of date. You can use them in fiction, of course. But the only things you can use in fiction are the things you’ve stopped using in real life. Believe me, no civilized man ever regrets a pleasure, and no uncivilized man ever knows what a pleasure is.”\n\n“I know what pleasure is,” cried Dorian Gray. “It’s to adore someone.”\n\n“That’s certainly better than being adored,” he answered, playing with some fruit. “Being adored is a pain. Women treat us just like humanity treats its gods. They worship us and are always bugging us to do something for them.”\n\n“I’d have thought that whatever they ask for, they’ve given to us first,” murmured the young man seriously. “They create love in our lives. They have a right to expect it back.”\n\n“That’s absolutely true, Dorian,” cried Hallward.\n\n“Nothing is ever absolutely true,” said Lord Henry.\n\n“This is,” interrupted Dorian. “You have to admit, Harry, that women give men the very best of themselves.”\n\n“Possibly,” he sighed, “but they always want it back in tiny pieces. That’s the problem. Women, as some clever Frenchman once said, inspire us with the desire to do masterpieces and always stop us from doing them.”\n\n“Harry, you’re terrible! I don’t know why I like you so much.”"
qwen,groq_qwen_32b_free|run_1|WILDE_DORIAN_GRAY_010|simplify,groq_qwen_32b_free,qwen/qwen3-32b,WILDE_DORIAN_GRAY_010,simplify,552,574,1.039855,warning,json_repaired_loose_rewritten_text,json_repaired_loose_rewritten_text,6cf98d54664d93f97e03f68dbcffe9c02bab222de36340791cf2e159ed1e32e7,"“Pleasure is the only thing worth having a theory about,” he answered in his slow, musical voice. “But I’m afraid I can’t say it’s my own idea. It belongs to Nature, not me. Pleasure is Nature’s test, her sign of approval. When we are happy, we are always good, but when we are good, we are not always happy.”\n\n“Ah! But what do you mean by good?” cried Basil Hallward.\n\n“Yes,” echoed Dorian, leaning back in his chair and looking at Lord Henry over the heavy clusters of purple-lipped irises that stood in the center of the table, “what do you mean by good, Harry?”\n\n“To be good is to be in harmony with oneself,” he replied, touching the thin stem of his glass with his pale, fine-pointed fingers. “Discord is being forced to be in harmony with others. One’s own life—that is the important thing. As for the lives of one’s neighbors, if one wants to be a prig or a Puritan, one can flaunt one’s moral views about them, but they are not one’s concern. Besides, individualism has the higher aim. Modern morality consists in accepting the standard of one’s age. I consider that for any man of culture to accept the standard of his age is a form of the grossest immorality.”\n\n“But, surely, if one lives merely for oneself, Harry, one pays a terrible price for doing so?” suggested the painter.\n\n“Yes, we are overcharged for everything nowadays. I should think that the real tragedy of the poor is that they can afford nothing but self-denial. Beautiful sins, like beautiful things, are the privilege of the rich.”\n\n“One has to pay in other ways but money.”\n\n“What sort of ways, Basil?”\n\n“Oh! I should think in remorse, in suffering, in ... well, in the consciousness of degradation.”\n\nLord Henry shrugged his shoulders. “My dear fellow, medieval art is charming, but medieval emotions are out of date. One can use them in fiction, of course. But then the only things one can use in fiction are the things one has stopped using in real life. Believe me, no civilized man ever regrets a pleasure, and no uncivilized man ever knows what a pleasure is.”\n\n“I know what pleasure is,” cried Dorian Gray. “It is to adore someone.”\n\n“That is certainly better than being adored,” he answered, toying with some fruits. “Being adored is a nuisance. Women treat us just as humanity treats its gods. They worship us, and are always bothering us to do something for them.”\n\n“I should have said that whatever they ask for they had first given to us,” murmured the lad seriously. “They create love in our natures. They have a right to demand it back.”\n\n“That is quite true, Dorian,” cried Hallward.\n\n“Nothing is ever quite true,” said Lord Henry.\n\n“This is,” interrupted Dorian. “You must admit, Harry, that women give to men the very gold of their lives.”\n\n“Possibly,” he sighed, “but they always want it back in such small change. That is the worry. Women, as some witty Frenchman once put it, inspire us with the desire to do masterpieces and always prevent us from carrying them out.”\n\n“Harry, you are dreadful! I don’t know why I like you so much.”"
qwen,groq_qwen_32b_free|run_1|WILDE_DORIAN_GRAY_016|simplify,groq_qwen_32b_free,qwen/qwen3-32b,WILDE_DORIAN_GRAY_016,simplify,554,530,0.956679,warning,json_repaired_loose_rewritten_text,json_repaired_loose_rewritten_text,ed585b6819fdfdf1b03b851a54d7daa2f0ce66e69c28e3276d77ee71f7e3a223,"And yet, the thing would still live on. It would always be alive.\n\nHe shivered, and for a moment he wished he had told Basil the real reason he wanted to hide the painting. Basil would have helped him resist Lord Henry's influence and the even worse influence from his own nature. The love he felt for Basil—because it really was love—was noble and intellectual. It wasn't just a physical admiration of beauty that comes from the senses and fades when the senses get tired. It was the kind of love Michelangelo, Montaigne, Winckelmann, and Shakespeare himself had known. Yes, Basil could have saved him. But now it was too late. The past could always be erased. Regret, denial, or forgetfulness could do that. But the future was unavoidable. There were passions in him that would find their terrible release, and dreams that would make the shadow of their evil real.\n\nHe picked up the large purple-and-gold fabric that covered the couch and, holding it in his hands, went behind the screen. Was the face on the canvas worse than before? It seemed unchanged to him, and yet his hatred of it had grown. Golden hair, blue eyes, and rose-red lips—they were all still there. It was just the expression that had changed. That was cruel and horrifying. Compared to what he saw in it of blame or criticism, how shallow Basil's complaints about Sibyl Vane had been!—how shallow, and how unimportant! His own soul was looking out at him from the canvas and calling him to judgment. A look of pain crossed his face, and he threw the rich cloth over the painting. As he did, a knock came at the door. He left the room just as his servant entered.\n\n“The men are here, Monsieur.”\n\nHe felt the man had to be sent away right away. He couldn't be allowed to know where the painting was being taken. There was something sneaky about him, and he had thoughtful, treacherous eyes. Sitting at the writing desk, he quickly wrote a note to Lord Henry, asking him to send something to read and reminding him they were to meet at eight-fifteen that evening.\n\n“Wait for an answer,” he said, handing it to the servant, “and show the men in here.”\n\nIn two or three minutes, there was another knock, and Mr. Hubbard himself, the famous frame-maker from South Audley Street, came in with a somewhat rough-looking young assistant. Mr. Hubbard was a red-faced, red-whiskered little man whose love for art was often mixed with the constant financial struggles of most of the artists who dealt with him. Usually, he never left his shop. He waited for people to come to him. But he always made an exception for Dorian Gray. There was something about Dorian that charmed everyone. It was a pleasure even to see him.\n\n“What can I do for you, Mr. Gray?” he asked, rubbing his fat, freckled hands. “I thought I'd do myself the honor of coming round in person. I just got a beautiful frame, sir. Found it at a sale.”"
qwen,groq_qwen_32b_free|run_1|WILDE_DORIAN_GRAY_019|modernize,groq_qwen_32b_free,qwen/qwen3-32b,WILDE_DORIAN_GRAY_019,modernize,638,523,0.819749,warning,length_soft_warning,json_ok,ec3e5f1922056a396cc0482cdd0ded2fae266180a88dfdc1a6e24375a955517d,"Even reading about the luxury of the dead was amazing.

Then he focused on embroidery and tapestries, which served as wall decorations in the cold rooms of northern European countries. As he studied the topic—something he always had a knack for getting totally absorbed in—he felt a bit sad about how time ruined beautiful and amazing things. At least he had avoided that. Summer after summer passed, the yellow jonquils bloomed and died many times, and nights of horror repeated their shameful stories, but he remained the same. No winter aged his face or dulled his youthful glow. How different it was for physical objects! Where had they gone? Where was the big crocus-colored robe, where gods battled giants, made by brown-skinned girls for Athena’s pleasure? Where was the massive purple awning Nero had hung over the Colosseum in Rome, that huge sail-like piece showing the starry sky and Apollo driving a chariot pulled by golden-reined white horses? He wanted to see the strange tablecloths made for the Priest of the Sun, which showed all the delicacies needed for a feast; the funeral cloth of King Chilperic, covered in 300 golden bees; the wild robes that upset the Bishop of Pontus and were decorated with lions, panthers, bears, dogs, forests, rocks, hunters—basically everything a painter could copy from nature; and the coat Charles of Orleans once wore, with the sleeves embroidered with the lyrics of a song starting with 'Madame, je suis tout joyeux,' the musical notes in gold thread, each square note made with four pearls. He read about the room set up in the palace at Rheims for Queen Joan of Burgundy, decorated with 1321 embroidered parrots showing the king’s crest and 561 butterflies with the queen’s crest on their wings, all in gold. Catherine de Medici had a black velvet mourning bed covered in crescents and suns. Its curtains were damask with leafy wreaths and garlands on a gold and silver background, with pearl-embroidered edges, and it was in a room lined with rows of the queen’s symbols in black velvet on silver cloth. Louis XIV had fifteen-foot-tall gold-embroidered caryatides in his room. The state bed of Sobieski, King of Poland, was made of Smyrna gold brocade embroidered with turquoise verses from the Koran. Its supports were gold-plated silver, beautifully carved and covered with enamel and jeweled medallions. It had been taken from the Turkish camp before Vienna, and the flag of Mohammed had flown under its shimmering gold canopy.

And so, for a whole year, he tried to collect the most exquisite examples of textile and embroidery work he could find, including the delicate Delhi muslins, finely decorated with gold-thread palm designs and stitched with iridescent beetle wings; the Dacca gauzes, known in the East as 'woven air,' 'running water,' and 'evening dew'; strange patterned fabrics from Java; detailed yellow Chinese hangings; books bound in tawny satins or blue silks and decorated with lilies, birds, and images; veils of lace made in Hungary; Sicilian brocades and stiff Spanish velvets; Georgian work with gold coins, and Japanese Foukousas with their green-toned golds and beautifully feathered birds."
qwen,groq_qwen_32b_free|run_1|WILDE_DORIAN_GRAY_020|paraphrase,groq_qwen_32b_free,qwen/qwen3-32b,WILDE_DORIAN_GRAY_020,paraphrase,560,530,0.946429,warning,json_repaired_loose_rewritten_text,json_repaired_loose_rewritten_text,5f71ba351999a6a067b033e9f13061f90a136289eab951167aa21a05de855077,"whose loveliness was surpassed only by his licentiousness, and who welcomed Leonora of Aragon in a tent of crimson and white silk, adorned with centaurs and nymphs, and gilded a youth to serve at the banquet as Ganymede or Hylas; Ezzelin, whose sorrow could be eased only by witnessing death, and who craved red blood as others do red wine—the devil’s child, as some claimed, and one who had outplayed his father at dice when wagering for his own soul; Giambattista Cibo, who mockingly adopted the name of Innocent and into whose sluggish veins the blood of three youths was poured by a Jewish physician; Sigismondo Malatesta, Isotta’s lover and Rimini’s ruler, whose likeness was burned in Rome as the foe of both God and man, who suffocated Polyssena with a cloth and gave Ginevra d’Este poison in a cup of emerald, and in tribute to a dishonorable love erected a pagan temple for Christian worship; Charles VI., who had passionately loved his brother’s wife so intensely that a leper had forewarned him of the madness to come, and who, when his mind turned sick and strange, could only find peace in Saracen cards painted with the images of love, death, and insanity; and, in his trimmed doublet and jeweled cap and acanthus-like curls, Grifonetto Baglioni, who murdered Astorre with his bride, and Simonetto with his page, and whose beauty was so striking that, as he lay dying in the yellow square of Perugia, those who despised him could not help but weep, and Atalanta, who had cursed him, blessed him.\n\nThere was a terrible allure to them all. He saw them at night, and they haunted his thoughts in the day. The Renaissance was familiar with peculiar methods of poisoning—poisoning by a helmet and a lit torch, by an embroidered glove and a jeweled fan, by a gilded pomander and an amber chain. Dorian Gray had been poisoned by a book. There were times when he regarded evil merely as a means through which he could express his vision of beauty.\n\nCHAPTER XII.\n\nIt was on the ninth of November, the night before his thirty-eighth birthday, as he often recalled later.\n\nHe was returning home about eleven o’clock from Lord Henry’s, where he had dined, and was wrapped in thick furs, as the night was cold and foggy. At the corner of Grosvenor Square and South Audley Street, a man passed him in the mist, walking swiftly with the collar of his grey ulster turned up. He had a bag in his hand. Dorian recognized him. It was Basil Hallward. A peculiar sense of dread, for which he could not explain, overtook him. He gave no sign of recognition and hurried on toward his own home.\n\nBut Hallward had noticed him. Dorian heard him first pause on the pavement and then rush after him. In a few moments, his hand was on his arm.\n\n“Dorian! What an extraordinary coincidence! I’ve been waiting for you in your library since nine o’clock. Eventually, I took pity on your exhausted servant and told him to go to bed, as he let me out.”"
