model_key,panel,pipeline,rewrite_domain,contrast,first_cell,second_cell,difference_macro_f1,ci_low,ci_high,passages,work_blocks,bootstrap_replicates,bootstrap_seed,scope
gem31lite,valid_full,shared_stylometry_nc,paraphrase,transfer_loss,original->original,original->paraphrase,0.32592850097970233,0.23332121148375945,0.4304664500644358,359,18,5000,20260922,exploratory_marginal_fixed_authors_conditional_fitted_models
gem31lite,valid_full,shared_stylometry_nc,paraphrase,adaptation_gain,paraphrase->paraphrase,original->paraphrase,0.14414267236097084,0.06888408894784784,0.2277612612631384,359,18,5000,20260922,exploratory_marginal_fixed_authors_conditional_fitted_models
gem31lite,valid_full,shared_stylometry_nc,paraphrase,within_domain_gap,original->original,paraphrase->paraphrase,0.1817858286187315,0.10485428627493658,0.26241756335718,359,18,5000,20260922,exploratory_marginal_fixed_authors_conditional_fitted_models
gem31lite,valid_full,shared_stylometry_nc,modernize,transfer_loss,original->original,original->modernize,0.2721570506654829,0.18458370088294232,0.3723532849491311,359,18,5000,20260922,exploratory_marginal_fixed_authors_conditional_fitted_models
gem31lite,valid_full,shared_stylometry_nc,modernize,adaptation_gain,modernize->modernize,original->modernize,0.09215213419329243,0.01768426263294745,0.17498748163313346,359,18,5000,20260922,exploratory_marginal_fixed_authors_conditional_fitted_models
gem31lite,valid_full,shared_stylometry_nc,modernize,within_domain_gap,original->original,modernize->modernize,0.18000491647219047,0.10665410690045196,0.25454335107675724,359,18,5000,20260922,exploratory_marginal_fixed_authors_conditional_fitted_models
gem31lite,valid_full,shared_stylometry_nc,simplify,transfer_loss,original->original,original->simplify,0.3285340418803039,0.24828595855763333,0.4136485167805177,359,18,5000,20260922,exploratory_marginal_fixed_authors_conditional_fitted_models
gem31lite,valid_full,shared_stylometry_nc,simplify,adaptation_gain,simplify->simplify,original->simplify,0.09126143809672754,0.026250288735916467,0.16170769635824775,359,18,5000,20260922,exploratory_marginal_fixed_authors_conditional_fitted_models
gem31lite,valid_full,shared_stylometry_nc,simplify,within_domain_gap,original->original,simplify->simplify,0.23727260378357634,0.1622922068070265,0.3128085342542857,359,18,5000,20260922,exploratory_marginal_fixed_authors_conditional_fitted_models
gem31lite,valid_full,shared_function_words_nc,paraphrase,transfer_loss,original->original,original->paraphrase,0.22302669812946035,0.15136551760820496,0.29600063790465847,359,18,5000,20260922,exploratory_marginal_fixed_authors_conditional_fitted_models
gem31lite,valid_full,shared_function_words_nc,paraphrase,adaptation_gain,paraphrase->paraphrase,original->paraphrase,0.049949282618343194,-0.012192475367116647,0.11839495416738742,359,18,5000,20260922,exploratory_marginal_fixed_authors_conditional_fitted_models
gem31lite,valid_full,shared_function_words_nc,paraphrase,within_domain_gap,original->original,paraphrase->paraphrase,0.17307741551111716,0.08872488068933926,0.251340781513454,359,18,5000,20260922,exploratory_marginal_fixed_authors_conditional_fitted_models
gem31lite,valid_full,shared_function_words_nc,modernize,transfer_loss,original->original,original->modernize,0.19106315155179104,0.11481289142780662,0.2634769092512566,359,18,5000,20260922,exploratory_marginal_fixed_authors_conditional_fitted_models
gem31lite,valid_full,shared_function_words_nc,modernize,adaptation_gain,modernize->modernize,original->modernize,0.027542615434799855,-0.03688842421570066,0.08835219203286519,359,18,5000,20260922,exploratory_marginal_fixed_authors_conditional_fitted_models
gem31lite,valid_full,shared_function_words_nc,modernize,within_domain_gap,original->original,modernize->modernize,0.1635205361169912,0.08235725857292756,0.24001926655431355,359,18,5000,20260922,exploratory_marginal_fixed_authors_conditional_fitted_models
gem31lite,valid_full,shared_function_words_nc,simplify,transfer_loss,original->original,original->simplify,0.17667482246676042,0.093933934989696,0.2549724591862913,359,18,5000,20260922,exploratory_marginal_fixed_authors_conditional_fitted_models
gem31lite,valid_full,shared_function_words_nc,simplify,adaptation_gain,simplify->simplify,original->simplify,-0.022847169507767717,-0.0804299273601091,0.034498165381654636,359,18,5000,20260922,exploratory_marginal_fixed_authors_conditional_fitted_models
gem31lite,valid_full,shared_function_words_nc,simplify,within_domain_gap,original->original,simplify->simplify,0.19952199197452813,0.11482821728686576,0.2770795364554539,359,18,5000,20260922,exploratory_marginal_fixed_authors_conditional_fitted_models
gem31lite,valid_full,char3_5_tfidf_svm,paraphrase,transfer_loss,original->original,original->paraphrase,0.38348147190247117,0.30586645492817394,0.46928712236763814,359,18,5000,20260922,exploratory_marginal_fixed_authors_conditional_fitted_models
gem31lite,valid_full,char3_5_tfidf_svm,paraphrase,adaptation_gain,paraphrase->paraphrase,original->paraphrase,0.16909159844250732,0.08427897252079984,0.26059604163275346,359,18,5000,20260922,exploratory_marginal_fixed_authors_conditional_fitted_models
gem31lite,valid_full,char3_5_tfidf_svm,paraphrase,within_domain_gap,original->original,paraphrase->paraphrase,0.21438987345996385,0.15110932096857904,0.2818785350133545,359,18,5000,20260922,exploratory_marginal_fixed_authors_conditional_fitted_models
gem31lite,valid_full,char3_5_tfidf_svm,modernize,transfer_loss,original->original,original->modernize,0.2806877186708704,0.22039762325442794,0.3447855457353717,359,18,5000,20260922,exploratory_marginal_fixed_authors_conditional_fitted_models
gem31lite,valid_full,char3_5_tfidf_svm,modernize,adaptation_gain,modernize->modernize,original->modernize,0.11775002296792247,0.042566664472882064,0.19543212707465668,359,18,5000,20260922,exploratory_marginal_fixed_authors_conditional_fitted_models
gem31lite,valid_full,char3_5_tfidf_svm,modernize,within_domain_gap,original->original,modernize->modernize,0.16293769570294792,0.10362400767690522,0.22601260323333563,359,18,5000,20260922,exploratory_marginal_fixed_authors_conditional_fitted_models
gem31lite,valid_full,char3_5_tfidf_svm,simplify,transfer_loss,original->original,original->simplify,0.3048158816813791,0.23677444389764915,0.38181074042753543,359,18,5000,20260922,exploratory_marginal_fixed_authors_conditional_fitted_models
gem31lite,valid_full,char3_5_tfidf_svm,simplify,adaptation_gain,simplify->simplify,original->simplify,0.08779463453755953,0.01973774460992512,0.1580077166265903,359,18,5000,20260922,exploratory_marginal_fixed_authors_conditional_fitted_models
gem31lite,valid_full,char3_5_tfidf_svm,simplify,within_domain_gap,original->original,simplify->simplify,0.21702124714381954,0.1542908335275693,0.27922231673480036,359,18,5000,20260922,exploratory_marginal_fixed_authors_conditional_fitted_models
gem31lite,matched200_full,shared_stylometry_nc,paraphrase,transfer_loss,original->original,original->paraphrase,0.3036671410322505,0.2032635269704667,0.4075062943066231,339,18,5000,20260922,exploratory_marginal_fixed_authors_conditional_fitted_models
gem31lite,matched200_full,shared_stylometry_nc,paraphrase,adaptation_gain,paraphrase->paraphrase,original->paraphrase,0.14096203563912918,0.06375487235705002,0.223698145371182,339,18,5000,20260922,exploratory_marginal_fixed_authors_conditional_fitted_models
gem31lite,matched200_full,shared_stylometry_nc,paraphrase,within_domain_gap,original->original,paraphrase->paraphrase,0.16270510539312133,0.07667936672587873,0.24514668116725885,339,18,5000,20260922,exploratory_marginal_fixed_authors_conditional_fitted_models
gem31lite,matched200_full,shared_stylometry_nc,modernize,transfer_loss,original->original,original->modernize,0.2352488316680686,0.14320494434451722,0.3326754774598303,339,18,5000,20260922,exploratory_marginal_fixed_authors_conditional_fitted_models
gem31lite,matched200_full,shared_stylometry_nc,modernize,adaptation_gain,modernize->modernize,original->modernize,0.07138873714250948,0.003038932936810583,0.1454523652365003,339,18,5000,20260922,exploratory_marginal_fixed_authors_conditional_fitted_models
gem31lite,matched200_full,shared_stylometry_nc,modernize,within_domain_gap,original->original,modernize->modernize,0.1638600945255591,0.08239898675004799,0.24363257983712772,339,18,5000,20260922,exploratory_marginal_fixed_authors_conditional_fitted_models
gem31lite,matched200_full,shared_stylometry_nc,simplify,transfer_loss,original->original,original->simplify,0.28099535724780966,0.20127976025135352,0.36490628388299107,339,18,5000,20260922,exploratory_marginal_fixed_authors_conditional_fitted_models
gem31lite,matched200_full,shared_stylometry_nc,simplify,adaptation_gain,simplify->simplify,original->simplify,0.08462710969814269,0.01866895154279255,0.15722259601420435,339,18,5000,20260922,exploratory_marginal_fixed_authors_conditional_fitted_models
gem31lite,matched200_full,shared_stylometry_nc,simplify,within_domain_gap,original->original,simplify->simplify,0.19636824754966697,0.11405167091936368,0.27457500322325257,339,18,5000,20260922,exploratory_marginal_fixed_authors_conditional_fitted_models
gem31lite,matched200_full,shared_function_words_nc,paraphrase,transfer_loss,original->original,original->paraphrase,0.21382751933051053,0.1424980774369045,0.28605486040267736,339,18,5000,20260922,exploratory_marginal_fixed_authors_conditional_fitted_models
gem31lite,matched200_full,shared_function_words_nc,paraphrase,adaptation_gain,paraphrase->paraphrase,original->paraphrase,0.038605216626316,-0.02280044888981647,0.10341800300161354,339,18,5000,20260922,exploratory_marginal_fixed_authors_conditional_fitted_models
gem31lite,matched200_full,shared_function_words_nc,paraphrase,within_domain_gap,original->original,paraphrase->paraphrase,0.17522230270419453,0.09250924015999695,0.25004733402144486,339,18,5000,20260922,exploratory_marginal_fixed_authors_conditional_fitted_models
gem31lite,matched200_full,shared_function_words_nc,modernize,transfer_loss,original->original,original->modernize,0.18693213769257444,0.11258078315499853,0.26349238518765933,339,18,5000,20260922,exploratory_marginal_fixed_authors_conditional_fitted_models
gem31lite,matched200_full,shared_function_words_nc,modernize,adaptation_gain,modernize->modernize,original->modernize,0.019610085825268853,-0.05301303878721319,0.09026489404188134,339,18,5000,20260922,exploratory_marginal_fixed_authors_conditional_fitted_models
gem31lite,matched200_full,shared_function_words_nc,modernize,within_domain_gap,original->original,modernize->modernize,0.1673220518673056,0.09327135473679626,0.23259224516689644,339,18,5000,20260922,exploratory_marginal_fixed_authors_conditional_fitted_models
gem31lite,matched200_full,shared_function_words_nc,simplify,transfer_loss,original->original,original->simplify,0.19188058308943512,0.11386959999460346,0.2681842881003607,339,18,5000,20260922,exploratory_marginal_fixed_authors_conditional_fitted_models
gem31lite,matched200_full,shared_function_words_nc,simplify,adaptation_gain,simplify->simplify,original->simplify,-0.00838249432941146,-0.06654571336482931,0.0548060108529685,339,18,5000,20260922,exploratory_marginal_fixed_authors_conditional_fitted_models
gem31lite,matched200_full,shared_function_words_nc,simplify,within_domain_gap,original->original,simplify->simplify,0.20026307741884658,0.1221524791093635,0.26937580413792744,339,18,5000,20260922,exploratory_marginal_fixed_authors_conditional_fitted_models
gem31lite,matched200_full,char3_5_tfidf_svm,paraphrase,transfer_loss,original->original,original->paraphrase,0.39605052532080953,0.3234019635870103,0.4772557907695239,339,18,5000,20260922,exploratory_marginal_fixed_authors_conditional_fitted_models
gem31lite,matched200_full,char3_5_tfidf_svm,paraphrase,adaptation_gain,paraphrase->paraphrase,original->paraphrase,0.15499104850343448,0.08685333813112807,0.22594006330846325,339,18,5000,20260922,exploratory_marginal_fixed_authors_conditional_fitted_models
gem31lite,matched200_full,char3_5_tfidf_svm,paraphrase,within_domain_gap,original->original,paraphrase->paraphrase,0.24105947681737505,0.17492527057073387,0.30730587730630665,339,18,5000,20260922,exploratory_marginal_fixed_authors_conditional_fitted_models
gem31lite,matched200_full,char3_5_tfidf_svm,modernize,transfer_loss,original->original,original->modernize,0.29972946210047524,0.24391521916654763,0.3623147700962298,339,18,5000,20260922,exploratory_marginal_fixed_authors_conditional_fitted_models
gem31lite,matched200_full,char3_5_tfidf_svm,modernize,adaptation_gain,modernize->modernize,original->modernize,0.11700896726959464,0.04237214640720996,0.19978464193808473,339,18,5000,20260922,exploratory_marginal_fixed_authors_conditional_fitted_models
gem31lite,matched200_full,char3_5_tfidf_svm,modernize,within_domain_gap,original->original,modernize->modernize,0.1827204948308806,0.11943287100404838,0.2467468018118278,339,18,5000,20260922,exploratory_marginal_fixed_authors_conditional_fitted_models
gem31lite,matched200_full,char3_5_tfidf_svm,simplify,transfer_loss,original->original,original->simplify,0.3098178920513658,0.24067613610304853,0.38494379782656607,339,18,5000,20260922,exploratory_marginal_fixed_authors_conditional_fitted_models
gem31lite,matched200_full,char3_5_tfidf_svm,simplify,adaptation_gain,simplify->simplify,original->simplify,0.08017136353629906,0.016059779025624908,0.14524388607451003,339,18,5000,20260922,exploratory_marginal_fixed_authors_conditional_fitted_models
gem31lite,matched200_full,char3_5_tfidf_svm,simplify,within_domain_gap,original->original,simplify->simplify,0.22964652851506673,0.16236798102359362,0.297531054116564,339,18,5000,20260922,exploratory_marginal_fixed_authors_conditional_fitted_models
gem31lite,w200_prefix,shared_stylometry_nc,paraphrase,transfer_loss,original->original,original->paraphrase,0.23027495419088545,0.12951774317457945,0.3324449343820821,339,18,5000,20260922,exploratory_marginal_fixed_authors_conditional_fitted_models
gem31lite,w200_prefix,shared_stylometry_nc,paraphrase,adaptation_gain,paraphrase->paraphrase,original->paraphrase,0.07244796019119071,-0.0014139042990828072,0.15007421978121277,339,18,5000,20260922,exploratory_marginal_fixed_authors_conditional_fitted_models
gem31lite,w200_prefix,shared_stylometry_nc,paraphrase,within_domain_gap,original->original,paraphrase->paraphrase,0.15782699399969474,0.07224566290747489,0.24227274407364058,339,18,5000,20260922,exploratory_marginal_fixed_authors_conditional_fitted_models
gem31lite,w200_prefix,shared_stylometry_nc,modernize,transfer_loss,original->original,original->modernize,0.23475259472271015,0.15636974323386824,0.316207729595818,339,18,5000,20260922,exploratory_marginal_fixed_authors_conditional_fitted_models
gem31lite,w200_prefix,shared_stylometry_nc,modernize,adaptation_gain,modernize->modernize,original->modernize,0.11342188195498731,0.04855890447381231,0.18145901612253693,339,18,5000,20260922,exploratory_marginal_fixed_authors_conditional_fitted_models
gem31lite,w200_prefix,shared_stylometry_nc,modernize,within_domain_gap,original->original,modernize->modernize,0.12133071276772284,0.037338630337167326,0.2034218297095846,339,18,5000,20260922,exploratory_marginal_fixed_authors_conditional_fitted_models
gem31lite,w200_prefix,shared_stylometry_nc,simplify,transfer_loss,original->original,original->simplify,0.2125176208565726,0.13721764006319387,0.2864582405906053,339,18,5000,20260922,exploratory_marginal_fixed_authors_conditional_fitted_models
gem31lite,w200_prefix,shared_stylometry_nc,simplify,adaptation_gain,simplify->simplify,original->simplify,0.0791901681303469,0.020047646045940754,0.14493390217384658,339,18,5000,20260922,exploratory_marginal_fixed_authors_conditional_fitted_models
gem31lite,w200_prefix,shared_stylometry_nc,simplify,within_domain_gap,original->original,simplify->simplify,0.1333274527262257,0.04500275910502554,0.21949791932747637,339,18,5000,20260922,exploratory_marginal_fixed_authors_conditional_fitted_models
gem31lite,w200_prefix,shared_function_words_nc,paraphrase,transfer_loss,original->original,original->paraphrase,0.1581679695461372,0.09677624950954236,0.21737633364086903,339,18,5000,20260922,exploratory_marginal_fixed_authors_conditional_fitted_models
gem31lite,w200_prefix,shared_function_words_nc,paraphrase,adaptation_gain,paraphrase->paraphrase,original->paraphrase,0.04259163866507909,-0.016473314722662214,0.10822943565661745,339,18,5000,20260922,exploratory_marginal_fixed_authors_conditional_fitted_models
gem31lite,w200_prefix,shared_function_words_nc,paraphrase,within_domain_gap,original->original,paraphrase->paraphrase,0.11557633088105812,0.037211489723669534,0.19011948098809517,339,18,5000,20260922,exploratory_marginal_fixed_authors_conditional_fitted_models
gem31lite,w200_prefix,shared_function_words_nc,modernize,transfer_loss,original->original,original->modernize,0.1489676104632911,0.07160988619924381,0.22482605427089908,339,18,5000,20260922,exploratory_marginal_fixed_authors_conditional_fitted_models
gem31lite,w200_prefix,shared_function_words_nc,modernize,adaptation_gain,modernize->modernize,original->modernize,0.020832322177142815,-0.04241421664751222,0.08626967467060025,339,18,5000,20260922,exploratory_marginal_fixed_authors_conditional_fitted_models
gem31lite,w200_prefix,shared_function_words_nc,modernize,within_domain_gap,original->original,modernize->modernize,0.12813528828614829,0.0487308863167584,0.2073649009357129,339,18,5000,20260922,exploratory_marginal_fixed_authors_conditional_fitted_models
gem31lite,w200_prefix,shared_function_words_nc,simplify,transfer_loss,original->original,original->simplify,0.14136223583205848,0.06195442099114843,0.21798936945885497,339,18,5000,20260922,exploratory_marginal_fixed_authors_conditional_fitted_models
gem31lite,w200_prefix,shared_function_words_nc,simplify,adaptation_gain,simplify->simplify,original->simplify,0.0015223973955078018,-0.058414063763691626,0.06562660872458123,339,18,5000,20260922,exploratory_marginal_fixed_authors_conditional_fitted_models
gem31lite,w200_prefix,shared_function_words_nc,simplify,within_domain_gap,original->original,simplify->simplify,0.13983983843655068,0.06361218746016724,0.21502613312110994,339,18,5000,20260922,exploratory_marginal_fixed_authors_conditional_fitted_models
gem31lite,w200_prefix,char3_5_tfidf_svm,paraphrase,transfer_loss,original->original,original->paraphrase,0.3231314764727859,0.2553114603250996,0.3995251965010271,339,18,5000,20260922,exploratory_marginal_fixed_authors_conditional_fitted_models
gem31lite,w200_prefix,char3_5_tfidf_svm,paraphrase,adaptation_gain,paraphrase->paraphrase,original->paraphrase,0.12590994348206325,0.05396206751922831,0.1994638185030706,339,18,5000,20260922,exploratory_marginal_fixed_authors_conditional_fitted_models
gem31lite,w200_prefix,char3_5_tfidf_svm,paraphrase,within_domain_gap,original->original,paraphrase->paraphrase,0.19722153299072265,0.12237019407497447,0.27687045838654495,339,18,5000,20260922,exploratory_marginal_fixed_authors_conditional_fitted_models
gem31lite,w200_prefix,char3_5_tfidf_svm,modernize,transfer_loss,original->original,original->modernize,0.23213238373858458,0.16625950172096493,0.3056553225533727,339,18,5000,20260922,exploratory_marginal_fixed_authors_conditional_fitted_models
gem31lite,w200_prefix,char3_5_tfidf_svm,modernize,adaptation_gain,modernize->modernize,original->modernize,0.08511662884387217,0.022035693782352914,0.1557988954319671,339,18,5000,20260922,exploratory_marginal_fixed_authors_conditional_fitted_models
gem31lite,w200_prefix,char3_5_tfidf_svm,modernize,within_domain_gap,original->original,modernize->modernize,0.1470157548947124,0.08118400497579699,0.21406486203590475,339,18,5000,20260922,exploratory_marginal_fixed_authors_conditional_fitted_models
gem31lite,w200_prefix,char3_5_tfidf_svm,simplify,transfer_loss,original->original,original->simplify,0.2790571307828802,0.21714880433406786,0.34662989008102607,339,18,5000,20260922,exploratory_marginal_fixed_authors_conditional_fitted_models
gem31lite,w200_prefix,char3_5_tfidf_svm,simplify,adaptation_gain,simplify->simplify,original->simplify,0.08337644231829655,0.022975275528626583,0.14837707340296571,339,18,5000,20260922,exploratory_marginal_fixed_authors_conditional_fitted_models
gem31lite,w200_prefix,char3_5_tfidf_svm,simplify,within_domain_gap,original->original,simplify->simplify,0.19568068846458364,0.13179607832917706,0.2631183022842593,339,18,5000,20260922,exploratory_marginal_fixed_authors_conditional_fitted_models
gem31lite,w200_middle,shared_stylometry_nc,paraphrase,transfer_loss,original->original,original->paraphrase,0.21866763800205086,0.12460780617451035,0.3128980156163129,339,18,5000,20260922,exploratory_marginal_fixed_authors_conditional_fitted_models
gem31lite,w200_middle,shared_stylometry_nc,paraphrase,adaptation_gain,paraphrase->paraphrase,original->paraphrase,0.10853789558546995,0.03307541239670727,0.1888636132586406,339,18,5000,20260922,exploratory_marginal_fixed_authors_conditional_fitted_models
gem31lite,w200_middle,shared_stylometry_nc,paraphrase,within_domain_gap,original->original,paraphrase->paraphrase,0.11012974241658091,0.02696357463375753,0.18813819357096645,339,18,5000,20260922,exploratory_marginal_fixed_authors_conditional_fitted_models
gem31lite,w200_middle,shared_stylometry_nc,modernize,transfer_loss,original->original,original->modernize,0.1979373863934682,0.10798882110463867,0.288951204045678,339,18,5000,20260922,exploratory_marginal_fixed_authors_conditional_fitted_models
gem31lite,w200_middle,shared_stylometry_nc,modernize,adaptation_gain,modernize->modernize,original->modernize,0.06835990111323759,-0.0007265373714284831,0.1399018468465336,339,18,5000,20260922,exploratory_marginal_fixed_authors_conditional_fitted_models
gem31lite,w200_middle,shared_stylometry_nc,modernize,within_domain_gap,original->original,modernize->modernize,0.1295774852802306,0.04935682619489357,0.21286021613004882,339,18,5000,20260922,exploratory_marginal_fixed_authors_conditional_fitted_models
gem31lite,w200_middle,shared_stylometry_nc,simplify,transfer_loss,original->original,original->simplify,0.2101332704186314,0.11899404200294397,0.2983738664894289,339,18,5000,20260922,exploratory_marginal_fixed_authors_conditional_fitted_models
gem31lite,w200_middle,shared_stylometry_nc,simplify,adaptation_gain,simplify->simplify,original->simplify,0.05499904341392975,-0.013473642547282373,0.12933720478681818,339,18,5000,20260922,exploratory_marginal_fixed_authors_conditional_fitted_models
gem31lite,w200_middle,shared_stylometry_nc,simplify,within_domain_gap,original->original,simplify->simplify,0.15513422700470164,0.08031006871074604,0.22620991849462607,339,18,5000,20260922,exploratory_marginal_fixed_authors_conditional_fitted_models
gem31lite,w200_middle,shared_function_words_nc,paraphrase,transfer_loss,original->original,original->paraphrase,0.09783332166350289,0.029716587062693863,0.16229640865060355,339,18,5000,20260922,exploratory_marginal_fixed_authors_conditional_fitted_models
gem31lite,w200_middle,shared_function_words_nc,paraphrase,adaptation_gain,paraphrase->paraphrase,original->paraphrase,0.0547331098978886,-0.013319668496467032,0.12247592668560478,339,18,5000,20260922,exploratory_marginal_fixed_authors_conditional_fitted_models
gem31lite,w200_middle,shared_function_words_nc,paraphrase,within_domain_gap,original->original,paraphrase->paraphrase,0.043100211765614294,-0.039314207147683425,0.12179218194379718,339,18,5000,20260922,exploratory_marginal_fixed_authors_conditional_fitted_models
gem31lite,w200_middle,shared_function_words_nc,modernize,transfer_loss,original->original,original->modernize,0.103049100806062,0.021809659393470508,0.1774125876882162,339,18,5000,20260922,exploratory_marginal_fixed_authors_conditional_fitted_models
gem31lite,w200_middle,shared_function_words_nc,modernize,adaptation_gain,modernize->modernize,original->modernize,0.03647793194005311,-0.027576782867085526,0.1008195609545458,339,18,5000,20260922,exploratory_marginal_fixed_authors_conditional_fitted_models
gem31lite,w200_middle,shared_function_words_nc,modernize,within_domain_gap,original->original,modernize->modernize,0.06657116886600889,-0.007471259207917914,0.13559935529561362,339,18,5000,20260922,exploratory_marginal_fixed_authors_conditional_fitted_models
gem31lite,w200_middle,shared_function_words_nc,simplify,transfer_loss,original->original,original->simplify,0.09312821243621089,0.011279077135228598,0.16985063857552568,339,18,5000,20260922,exploratory_marginal_fixed_authors_conditional_fitted_models
gem31lite,w200_middle,shared_function_words_nc,simplify,adaptation_gain,simplify->simplify,original->simplify,-0.005189008412814333,-0.0770294966269867,0.0672574376216066,339,18,5000,20260922,exploratory_marginal_fixed_authors_conditional_fitted_models
gem31lite,w200_middle,shared_function_words_nc,simplify,within_domain_gap,original->original,simplify->simplify,0.09831722084902522,0.01204306080432854,0.1831669624554423,339,18,5000,20260922,exploratory_marginal_fixed_authors_conditional_fitted_models
gem31lite,w200_middle,char3_5_tfidf_svm,paraphrase,transfer_loss,original->original,original->paraphrase,0.2762095655693212,0.21232903380161786,0.3499670629838251,339,18,5000,20260922,exploratory_marginal_fixed_authors_conditional_fitted_models
gem31lite,w200_middle,char3_5_tfidf_svm,paraphrase,adaptation_gain,paraphrase->paraphrase,original->paraphrase,0.14686322612378222,0.06965347575768853,0.2250392101574653,339,18,5000,20260922,exploratory_marginal_fixed_authors_conditional_fitted_models
gem31lite,w200_middle,char3_5_tfidf_svm,paraphrase,within_domain_gap,original->original,paraphrase->paraphrase,0.12934633944553897,0.05166528241135206,0.20883571467841006,339,18,5000,20260922,exploratory_marginal_fixed_authors_conditional_fitted_models
gem31lite,w200_middle,char3_5_tfidf_svm,modernize,transfer_loss,original->original,original->modernize,0.22963093354686698,0.1659754215564451,0.2961221523473448,339,18,5000,20260922,exploratory_marginal_fixed_authors_conditional_fitted_models
gem31lite,w200_middle,char3_5_tfidf_svm,modernize,adaptation_gain,modernize->modernize,original->modernize,0.1460701308829488,0.06712066479175773,0.22473442538437835,339,18,5000,20260922,exploratory_marginal_fixed_authors_conditional_fitted_models
gem31lite,w200_middle,char3_5_tfidf_svm,modernize,within_domain_gap,original->original,modernize->modernize,0.08356080266391819,0.018781330125529676,0.15341695601062597,339,18,5000,20260922,exploratory_marginal_fixed_authors_conditional_fitted_models
gem31lite,w200_middle,char3_5_tfidf_svm,simplify,transfer_loss,original->original,original->simplify,0.25250823803709105,0.19408061160635554,0.31712632239217364,339,18,5000,20260922,exploratory_marginal_fixed_authors_conditional_fitted_models
gem31lite,w200_middle,char3_5_tfidf_svm,simplify,adaptation_gain,simplify->simplify,original->simplify,0.09683849424819985,0.035102185282614023,0.16666698513266087,339,18,5000,20260922,exploratory_marginal_fixed_authors_conditional_fitted_models
gem31lite,w200_middle,char3_5_tfidf_svm,simplify,within_domain_gap,original->original,simplify->simplify,0.1556697437888912,0.08596689390332217,0.22520091645366364,339,18,5000,20260922,exploratory_marginal_fixed_authors_conditional_fitted_models
gem31lite,w200_suffix,shared_stylometry_nc,paraphrase,transfer_loss,original->original,original->paraphrase,0.23658727494260962,0.1440695238836524,0.3264625260393298,339,18,5000,20260922,exploratory_marginal_fixed_authors_conditional_fitted_models
gem31lite,w200_suffix,shared_stylometry_nc,paraphrase,adaptation_gain,paraphrase->paraphrase,original->paraphrase,0.09145024537981589,0.011515475081797094,0.17076178390091862,339,18,5000,20260922,exploratory_marginal_fixed_authors_conditional_fitted_models
gem31lite,w200_suffix,shared_stylometry_nc,paraphrase,within_domain_gap,original->original,paraphrase->paraphrase,0.14513702956279373,0.05137147679492798,0.22827934799064212,339,18,5000,20260922,exploratory_marginal_fixed_authors_conditional_fitted_models
gem31lite,w200_suffix,shared_stylometry_nc,modernize,transfer_loss,original->original,original->modernize,0.17874081851106888,0.10075392905426024,0.2599755345471461,339,18,5000,20260922,exploratory_marginal_fixed_authors_conditional_fitted_models
gem31lite,w200_suffix,shared_stylometry_nc,modernize,adaptation_gain,modernize->modernize,original->modernize,0.045005376042281664,-0.016251623522497004,0.10848153389486728,339,18,5000,20260922,exploratory_marginal_fixed_authors_conditional_fitted_models
gem31lite,w200_suffix,shared_stylometry_nc,modernize,within_domain_gap,original->original,modernize->modernize,0.1337354424687872,0.05308970451362655,0.20941221116549769,339,18,5000,20260922,exploratory_marginal_fixed_authors_conditional_fitted_models
gem31lite,w200_suffix,shared_stylometry_nc,simplify,transfer_loss,original->original,original->simplify,0.20323079444509268,0.11854245650021866,0.2882385630938718,339,18,5000,20260922,exploratory_marginal_fixed_authors_conditional_fitted_models
gem31lite,w200_suffix,shared_stylometry_nc,simplify,adaptation_gain,simplify->simplify,original->simplify,0.06673116109129679,0.0048980353647265105,0.13125474449872987,339,18,5000,20260922,exploratory_marginal_fixed_authors_conditional_fitted_models
gem31lite,w200_suffix,shared_stylometry_nc,simplify,within_domain_gap,original->original,simplify->simplify,0.1364996333537959,0.043797751008298254,0.21752748705639788,339,18,5000,20260922,exploratory_marginal_fixed_authors_conditional_fitted_models
gem31lite,w200_suffix,shared_function_words_nc,paraphrase,transfer_loss,original->original,original->paraphrase,0.18493643557184175,0.10452835959521987,0.26458436380688377,339,18,5000,20260922,exploratory_marginal_fixed_authors_conditional_fitted_models
gem31lite,w200_suffix,shared_function_words_nc,paraphrase,adaptation_gain,paraphrase->paraphrase,original->paraphrase,0.02512001120956625,-0.040058652689658004,0.0943337978943987,339,18,5000,20260922,exploratory_marginal_fixed_authors_conditional_fitted_models
gem31lite,w200_suffix,shared_function_words_nc,paraphrase,within_domain_gap,original->original,paraphrase->paraphrase,0.1598164243622755,0.07120211562197061,0.2386637745216304,339,18,5000,20260922,exploratory_marginal_fixed_authors_conditional_fitted_models
gem31lite,w200_suffix,shared_function_words_nc,modernize,transfer_loss,original->original,original->modernize,0.1390109912674714,0.06236189682917451,0.21732917310756736,339,18,5000,20260922,exploratory_marginal_fixed_authors_conditional_fitted_models
gem31lite,w200_suffix,shared_function_words_nc,modernize,adaptation_gain,modernize->modernize,original->modernize,-0.009842271544133807,-0.08228181092916256,0.0629748128415773,339,18,5000,20260922,exploratory_marginal_fixed_authors_conditional_fitted_models
gem31lite,w200_suffix,shared_function_words_nc,modernize,within_domain_gap,original->original,modernize->modernize,0.1488532628116052,0.06838127812457605,0.22174756465951553,339,18,5000,20260922,exploratory_marginal_fixed_authors_conditional_fitted_models
gem31lite,w200_suffix,shared_function_words_nc,simplify,transfer_loss,original->original,original->simplify,0.15562129505734845,0.08185079249481919,0.23114007526053118,339,18,5000,20260922,exploratory_marginal_fixed_authors_conditional_fitted_models
gem31lite,w200_suffix,shared_function_words_nc,simplify,adaptation_gain,simplify->simplify,original->simplify,0.007414572721191337,-0.050566141472294525,0.06820586807260283,339,18,5000,20260922,exploratory_marginal_fixed_authors_conditional_fitted_models
gem31lite,w200_suffix,shared_function_words_nc,simplify,within_domain_gap,original->original,simplify->simplify,0.14820672233615712,0.07284139045726945,0.21412597160561003,339,18,5000,20260922,exploratory_marginal_fixed_authors_conditional_fitted_models
gem31lite,w200_suffix,char3_5_tfidf_svm,paraphrase,transfer_loss,original->original,original->paraphrase,0.26963981368524054,0.1887655685966951,0.3560076710287152,339,18,5000,20260922,exploratory_marginal_fixed_authors_conditional_fitted_models
gem31lite,w200_suffix,char3_5_tfidf_svm,paraphrase,adaptation_gain,paraphrase->paraphrase,original->paraphrase,0.09597493184515987,0.023498128215445297,0.1728355202255767,339,18,5000,20260922,exploratory_marginal_fixed_authors_conditional_fitted_models
gem31lite,w200_suffix,char3_5_tfidf_svm,paraphrase,within_domain_gap,original->original,paraphrase->paraphrase,0.17366488184008066,0.08150824133190798,0.2654232044028076,339,18,5000,20260922,exploratory_marginal_fixed_authors_conditional_fitted_models
gem31lite,w200_suffix,char3_5_tfidf_svm,modernize,transfer_loss,original->original,original->modernize,0.24936175538591732,0.17534920705172893,0.32627569370609233,339,18,5000,20260922,exploratory_marginal_fixed_authors_conditional_fitted_models
gem31lite,w200_suffix,char3_5_tfidf_svm,modernize,adaptation_gain,modernize->modernize,original->modernize,0.1505477465349725,0.08027907709410496,0.22940516460684224,339,18,5000,20260922,exploratory_marginal_fixed_authors_conditional_fitted_models
gem31lite,w200_suffix,char3_5_tfidf_svm,modernize,within_domain_gap,original->original,modernize->modernize,0.09881400885094482,0.023677966539548855,0.1760694345511038,339,18,5000,20260922,exploratory_marginal_fixed_authors_conditional_fitted_models
gem31lite,w200_suffix,char3_5_tfidf_svm,simplify,transfer_loss,original->original,original->simplify,0.2377403414785204,0.1660638411296776,0.30902125730309704,339,18,5000,20260922,exploratory_marginal_fixed_authors_conditional_fitted_models
gem31lite,w200_suffix,char3_5_tfidf_svm,simplify,adaptation_gain,simplify->simplify,original->simplify,0.03617125138798649,-0.04759699237934704,0.11378932506144751,339,18,5000,20260922,exploratory_marginal_fixed_authors_conditional_fitted_models
gem31lite,w200_suffix,char3_5_tfidf_svm,simplify,within_domain_gap,original->original,simplify->simplify,0.20156909009053392,0.10733599401963803,0.29526501578962394,339,18,5000,20260922,exploratory_marginal_fixed_authors_conditional_fitted_models
azure_replication,valid_full,shared_stylometry_nc,paraphrase,transfer_loss,original->original,original->paraphrase,0.11723625201642529,0.05589297689396169,0.18146020564902327,315,18,5000,20260922,exploratory_marginal_fixed_authors_conditional_fitted_models
azure_replication,valid_full,shared_stylometry_nc,paraphrase,adaptation_gain,paraphrase->paraphrase,original->paraphrase,0.07527547553479352,0.015349129883617852,0.13886125340144567,315,18,5000,20260922,exploratory_marginal_fixed_authors_conditional_fitted_models
azure_replication,valid_full,shared_stylometry_nc,paraphrase,within_domain_gap,original->original,paraphrase->paraphrase,0.04196077648163177,-0.017691909086246405,0.10587131282709006,315,18,5000,20260922,exploratory_marginal_fixed_authors_conditional_fitted_models
azure_replication,valid_full,shared_stylometry_nc,modernize,transfer_loss,original->original,original->modernize,0.11358308153465368,0.06014389285078995,0.17560340911682812,315,18,5000,20260922,exploratory_marginal_fixed_authors_conditional_fitted_models
azure_replication,valid_full,shared_stylometry_nc,modernize,adaptation_gain,modernize->modernize,original->modernize,0.0623751595786064,0.0033988345316991247,0.12980587202052274,315,18,5000,20260922,exploratory_marginal_fixed_authors_conditional_fitted_models
azure_replication,valid_full,shared_stylometry_nc,modernize,within_domain_gap,original->original,modernize->modernize,0.051207921956047286,-0.006100106563779972,0.11265553328914445,315,18,5000,20260922,exploratory_marginal_fixed_authors_conditional_fitted_models
azure_replication,valid_full,shared_stylometry_nc,simplify,transfer_loss,original->original,original->simplify,0.2156892460517676,0.14505193510042108,0.28855967065259225,315,18,5000,20260922,exploratory_marginal_fixed_authors_conditional_fitted_models
azure_replication,valid_full,shared_stylometry_nc,simplify,adaptation_gain,simplify->simplify,original->simplify,0.15061493778148777,0.0827605274168002,0.22222339344490685,315,18,5000,20260922,exploratory_marginal_fixed_authors_conditional_fitted_models
azure_replication,valid_full,shared_stylometry_nc,simplify,within_domain_gap,original->original,simplify->simplify,0.06507430827027982,0.0024021363226498903,0.12778732493658718,315,18,5000,20260922,exploratory_marginal_fixed_authors_conditional_fitted_models
azure_replication,valid_full,shared_function_words_nc,paraphrase,transfer_loss,original->original,original->paraphrase,0.06906078608138827,0.01730537909123799,0.12686416985709495,315,18,5000,20260922,exploratory_marginal_fixed_authors_conditional_fitted_models
azure_replication,valid_full,shared_function_words_nc,paraphrase,adaptation_gain,paraphrase->paraphrase,original->paraphrase,0.08180742066490959,0.022266202576728983,0.14367818319067488,315,18,5000,20260922,exploratory_marginal_fixed_authors_conditional_fitted_models
azure_replication,valid_full,shared_function_words_nc,paraphrase,within_domain_gap,original->original,paraphrase->paraphrase,-0.012746634583521321,-0.07316938457387061,0.04926545296627977,315,18,5000,20260922,exploratory_marginal_fixed_authors_conditional_fitted_models
azure_replication,valid_full,shared_function_words_nc,modernize,transfer_loss,original->original,original->modernize,0.036230361792427224,-0.009827604992434272,0.08699022931204822,315,18,5000,20260922,exploratory_marginal_fixed_authors_conditional_fitted_models
azure_replication,valid_full,shared_function_words_nc,modernize,adaptation_gain,modernize->modernize,original->modernize,0.008509193087265277,-0.044880834025838354,0.06445568906316142,315,18,5000,20260922,exploratory_marginal_fixed_authors_conditional_fitted_models
azure_replication,valid_full,shared_function_words_nc,modernize,within_domain_gap,original->original,modernize->modernize,0.027721168705161947,-0.020067165630343213,0.0741049306195556,315,18,5000,20260922,exploratory_marginal_fixed_authors_conditional_fitted_models
azure_replication,valid_full,shared_function_words_nc,simplify,transfer_loss,original->original,original->simplify,0.0901689405646412,0.017909945985956847,0.1626668640926452,315,18,5000,20260922,exploratory_marginal_fixed_authors_conditional_fitted_models
azure_replication,valid_full,shared_function_words_nc,simplify,adaptation_gain,simplify->simplify,original->simplify,0.04220479845287084,-0.007885433930137195,0.09765767432932566,315,18,5000,20260922,exploratory_marginal_fixed_authors_conditional_fitted_models
azure_replication,valid_full,shared_function_words_nc,simplify,within_domain_gap,original->original,simplify->simplify,0.04796414211177036,-0.019908294921044824,0.11192210289069598,315,18,5000,20260922,exploratory_marginal_fixed_authors_conditional_fitted_models
azure_replication,valid_full,char3_5_tfidf_svm,paraphrase,transfer_loss,original->original,original->paraphrase,0.15013581266728315,0.08551287638435522,0.227880609427789,315,18,5000,20260922,exploratory_marginal_fixed_authors_conditional_fitted_models
azure_replication,valid_full,char3_5_tfidf_svm,paraphrase,adaptation_gain,paraphrase->paraphrase,original->paraphrase,0.057591087340903346,-0.007897153307755178,0.13289320322974185,315,18,5000,20260922,exploratory_marginal_fixed_authors_conditional_fitted_models
azure_replication,valid_full,char3_5_tfidf_svm,paraphrase,within_domain_gap,original->original,paraphrase->paraphrase,0.0925447253263798,0.034454865861559644,0.15152585408859975,315,18,5000,20260922,exploratory_marginal_fixed_authors_conditional_fitted_models
azure_replication,valid_full,char3_5_tfidf_svm,modernize,transfer_loss,original->original,original->modernize,0.10768527036773268,0.04874260535188715,0.17841460223828295,315,18,5000,20260922,exploratory_marginal_fixed_authors_conditional_fitted_models
azure_replication,valid_full,char3_5_tfidf_svm,modernize,adaptation_gain,modernize->modernize,original->modernize,0.01574355417788742,-0.04610563466415208,0.09081814150250386,315,18,5000,20260922,exploratory_marginal_fixed_authors_conditional_fitted_models
azure_replication,valid_full,char3_5_tfidf_svm,modernize,within_domain_gap,original->original,modernize->modernize,0.09194171618984526,0.042784531371847304,0.14055820966070096,315,18,5000,20260922,exploratory_marginal_fixed_authors_conditional_fitted_models
azure_replication,valid_full,char3_5_tfidf_svm,simplify,transfer_loss,original->original,original->simplify,0.2160085015751112,0.15182994014150783,0.29105931926856476,315,18,5000,20260922,exploratory_marginal_fixed_authors_conditional_fitted_models
azure_replication,valid_full,char3_5_tfidf_svm,simplify,adaptation_gain,simplify->simplify,original->simplify,0.06117456179070324,0.0008422050591220376,0.12370437789175315,315,18,5000,20260922,exploratory_marginal_fixed_authors_conditional_fitted_models
azure_replication,valid_full,char3_5_tfidf_svm,simplify,within_domain_gap,original->original,simplify->simplify,0.15483393978440796,0.09987437212463585,0.21873481159473152,315,18,5000,20260922,exploratory_marginal_fixed_authors_conditional_fitted_models
azure_replication,matched200_full,shared_stylometry_nc,paraphrase,transfer_loss,original->original,original->paraphrase,0.11723625201642529,0.05589297689396169,0.18146020564902327,315,18,5000,20260922,exploratory_marginal_fixed_authors_conditional_fitted_models
azure_replication,matched200_full,shared_stylometry_nc,paraphrase,adaptation_gain,paraphrase->paraphrase,original->paraphrase,0.07527547553479352,0.015349129883617852,0.13886125340144567,315,18,5000,20260922,exploratory_marginal_fixed_authors_conditional_fitted_models
azure_replication,matched200_full,shared_stylometry_nc,paraphrase,within_domain_gap,original->original,paraphrase->paraphrase,0.04196077648163177,-0.017691909086246405,0.10587131282709006,315,18,5000,20260922,exploratory_marginal_fixed_authors_conditional_fitted_models
azure_replication,matched200_full,shared_stylometry_nc,modernize,transfer_loss,original->original,original->modernize,0.11358308153465368,0.06014389285078995,0.17560340911682812,315,18,5000,20260922,exploratory_marginal_fixed_authors_conditional_fitted_models
azure_replication,matched200_full,shared_stylometry_nc,modernize,adaptation_gain,modernize->modernize,original->modernize,0.0623751595786064,0.0033988345316991247,0.12980587202052274,315,18,5000,20260922,exploratory_marginal_fixed_authors_conditional_fitted_models
azure_replication,matched200_full,shared_stylometry_nc,modernize,within_domain_gap,original->original,modernize->modernize,0.051207921956047286,-0.006100106563779972,0.11265553328914445,315,18,5000,20260922,exploratory_marginal_fixed_authors_conditional_fitted_models
azure_replication,matched200_full,shared_stylometry_nc,simplify,transfer_loss,original->original,original->simplify,0.2156892460517676,0.14505193510042108,0.28855967065259225,315,18,5000,20260922,exploratory_marginal_fixed_authors_conditional_fitted_models
azure_replication,matched200_full,shared_stylometry_nc,simplify,adaptation_gain,simplify->simplify,original->simplify,0.15061493778148777,0.0827605274168002,0.22222339344490685,315,18,5000,20260922,exploratory_marginal_fixed_authors_conditional_fitted_models
azure_replication,matched200_full,shared_stylometry_nc,simplify,within_domain_gap,original->original,simplify->simplify,0.06507430827027982,0.0024021363226498903,0.12778732493658718,315,18,5000,20260922,exploratory_marginal_fixed_authors_conditional_fitted_models
azure_replication,matched200_full,shared_function_words_nc,paraphrase,transfer_loss,original->original,original->paraphrase,0.06906078608138827,0.01730537909123799,0.12686416985709495,315,18,5000,20260922,exploratory_marginal_fixed_authors_conditional_fitted_models
azure_replication,matched200_full,shared_function_words_nc,paraphrase,adaptation_gain,paraphrase->paraphrase,original->paraphrase,0.08180742066490959,0.022266202576728983,0.14367818319067488,315,18,5000,20260922,exploratory_marginal_fixed_authors_conditional_fitted_models
azure_replication,matched200_full,shared_function_words_nc,paraphrase,within_domain_gap,original->original,paraphrase->paraphrase,-0.012746634583521321,-0.07316938457387061,0.04926545296627977,315,18,5000,20260922,exploratory_marginal_fixed_authors_conditional_fitted_models
azure_replication,matched200_full,shared_function_words_nc,modernize,transfer_loss,original->original,original->modernize,0.036230361792427224,-0.009827604992434272,0.08699022931204822,315,18,5000,20260922,exploratory_marginal_fixed_authors_conditional_fitted_models
azure_replication,matched200_full,shared_function_words_nc,modernize,adaptation_gain,modernize->modernize,original->modernize,0.008509193087265277,-0.044880834025838354,0.06445568906316142,315,18,5000,20260922,exploratory_marginal_fixed_authors_conditional_fitted_models
azure_replication,matched200_full,shared_function_words_nc,modernize,within_domain_gap,original->original,modernize->modernize,0.027721168705161947,-0.020067165630343213,0.0741049306195556,315,18,5000,20260922,exploratory_marginal_fixed_authors_conditional_fitted_models
azure_replication,matched200_full,shared_function_words_nc,simplify,transfer_loss,original->original,original->simplify,0.0901689405646412,0.017909945985956847,0.1626668640926452,315,18,5000,20260922,exploratory_marginal_fixed_authors_conditional_fitted_models
azure_replication,matched200_full,shared_function_words_nc,simplify,adaptation_gain,simplify->simplify,original->simplify,0.04220479845287084,-0.007885433930137195,0.09765767432932566,315,18,5000,20260922,exploratory_marginal_fixed_authors_conditional_fitted_models
azure_replication,matched200_full,shared_function_words_nc,simplify,within_domain_gap,original->original,simplify->simplify,0.04796414211177036,-0.019908294921044824,0.11192210289069598,315,18,5000,20260922,exploratory_marginal_fixed_authors_conditional_fitted_models
azure_replication,matched200_full,char3_5_tfidf_svm,paraphrase,transfer_loss,original->original,original->paraphrase,0.15013581266728315,0.08551287638435522,0.227880609427789,315,18,5000,20260922,exploratory_marginal_fixed_authors_conditional_fitted_models
azure_replication,matched200_full,char3_5_tfidf_svm,paraphrase,adaptation_gain,paraphrase->paraphrase,original->paraphrase,0.057591087340903346,-0.007897153307755178,0.13289320322974185,315,18,5000,20260922,exploratory_marginal_fixed_authors_conditional_fitted_models
azure_replication,matched200_full,char3_5_tfidf_svm,paraphrase,within_domain_gap,original->original,paraphrase->paraphrase,0.0925447253263798,0.034454865861559644,0.15152585408859975,315,18,5000,20260922,exploratory_marginal_fixed_authors_conditional_fitted_models
azure_replication,matched200_full,char3_5_tfidf_svm,modernize,transfer_loss,original->original,original->modernize,0.10768527036773268,0.04874260535188715,0.17841460223828295,315,18,5000,20260922,exploratory_marginal_fixed_authors_conditional_fitted_models
azure_replication,matched200_full,char3_5_tfidf_svm,modernize,adaptation_gain,modernize->modernize,original->modernize,0.01574355417788742,-0.04610563466415208,0.09081814150250386,315,18,5000,20260922,exploratory_marginal_fixed_authors_conditional_fitted_models
azure_replication,matched200_full,char3_5_tfidf_svm,modernize,within_domain_gap,original->original,modernize->modernize,0.09194171618984526,0.042784531371847304,0.14055820966070096,315,18,5000,20260922,exploratory_marginal_fixed_authors_conditional_fitted_models
azure_replication,matched200_full,char3_5_tfidf_svm,simplify,transfer_loss,original->original,original->simplify,0.2160085015751112,0.15182994014150783,0.29105931926856476,315,18,5000,20260922,exploratory_marginal_fixed_authors_conditional_fitted_models
azure_replication,matched200_full,char3_5_tfidf_svm,simplify,adaptation_gain,simplify->simplify,original->simplify,0.06117456179070324,0.0008422050591220376,0.12370437789175315,315,18,5000,20260922,exploratory_marginal_fixed_authors_conditional_fitted_models
azure_replication,matched200_full,char3_5_tfidf_svm,simplify,within_domain_gap,original->original,simplify->simplify,0.15483393978440796,0.09987437212463585,0.21873481159473152,315,18,5000,20260922,exploratory_marginal_fixed_authors_conditional_fitted_models
azure_replication,w200_prefix,shared_stylometry_nc,paraphrase,transfer_loss,original->original,original->paraphrase,0.06874426588986476,-0.0017543685162230995,0.14270844044666292,315,18,5000,20260922,exploratory_marginal_fixed_authors_conditional_fitted_models
azure_replication,w200_prefix,shared_stylometry_nc,paraphrase,adaptation_gain,paraphrase->paraphrase,original->paraphrase,0.023215875012761622,-0.03329693246005145,0.08540986636471487,315,18,5000,20260922,exploratory_marginal_fixed_authors_conditional_fitted_models
azure_replication,w200_prefix,shared_stylometry_nc,paraphrase,within_domain_gap,original->original,paraphrase->paraphrase,0.04552839087710314,-0.026791043237896186,0.12033362246746762,315,18,5000,20260922,exploratory_marginal_fixed_authors_conditional_fitted_models
azure_replication,w200_prefix,shared_stylometry_nc,modernize,transfer_loss,original->original,original->modernize,0.06636716211170823,0.00782598854750545,0.1254038803052857,315,18,5000,20260922,exploratory_marginal_fixed_authors_conditional_fitted_models
azure_replication,w200_prefix,shared_stylometry_nc,modernize,adaptation_gain,modernize->modernize,original->modernize,0.01579656961208642,-0.04121734158916977,0.07367585633621399,315,18,5000,20260922,exploratory_marginal_fixed_authors_conditional_fitted_models
azure_replication,w200_prefix,shared_stylometry_nc,modernize,within_domain_gap,original->original,modernize->modernize,0.050570592499621814,-0.012598242136913546,0.1145228602872324,315,18,5000,20260922,exploratory_marginal_fixed_authors_conditional_fitted_models
azure_replication,w200_prefix,shared_stylometry_nc,simplify,transfer_loss,original->original,original->simplify,0.1506198992765631,0.08346089866943013,0.21677077114390117,315,18,5000,20260922,exploratory_marginal_fixed_authors_conditional_fitted_models
azure_replication,w200_prefix,shared_stylometry_nc,simplify,adaptation_gain,simplify->simplify,original->simplify,0.06332106978847074,-0.0014813885480675134,0.13062608991669178,315,18,5000,20260922,exploratory_marginal_fixed_authors_conditional_fitted_models
azure_replication,w200_prefix,shared_stylometry_nc,simplify,within_domain_gap,original->original,simplify->simplify,0.08729882948809237,0.013461571988224914,0.16018990881303788,315,18,5000,20260922,exploratory_marginal_fixed_authors_conditional_fitted_models
azure_replication,w200_prefix,shared_function_words_nc,paraphrase,transfer_loss,original->original,original->paraphrase,0.022029206627264486,-0.04013437757342033,0.08627513596075378,315,18,5000,20260922,exploratory_marginal_fixed_authors_conditional_fitted_models
azure_replication,w200_prefix,shared_function_words_nc,paraphrase,adaptation_gain,paraphrase->paraphrase,original->paraphrase,-0.02961495147444343,-0.08746021834141353,0.0312496105189872,315,18,5000,20260922,exploratory_marginal_fixed_authors_conditional_fitted_models
azure_replication,w200_prefix,shared_function_words_nc,paraphrase,within_domain_gap,original->original,paraphrase->paraphrase,0.051644158101707915,-0.014731241637794733,0.12217112196180788,315,18,5000,20260922,exploratory_marginal_fixed_authors_conditional_fitted_models
azure_replication,w200_prefix,shared_function_words_nc,modernize,transfer_loss,original->original,original->modernize,0.007199857636282669,-0.05294193294267289,0.06809881966633141,315,18,5000,20260922,exploratory_marginal_fixed_authors_conditional_fitted_models
azure_replication,w200_prefix,shared_function_words_nc,modernize,adaptation_gain,modernize->modernize,original->modernize,-0.034086061922269095,-0.09426363957328748,0.02499389301970635,315,18,5000,20260922,exploratory_marginal_fixed_authors_conditional_fitted_models
azure_replication,w200_prefix,shared_function_words_nc,modernize,within_domain_gap,original->original,modernize->modernize,0.041285919558551765,-0.022304493899313656,0.10840546604764625,315,18,5000,20260922,exploratory_marginal_fixed_authors_conditional_fitted_models
azure_replication,w200_prefix,shared_function_words_nc,simplify,transfer_loss,original->original,original->simplify,0.07536815324109725,0.00809465307998916,0.1451386029680825,315,18,5000,20260922,exploratory_marginal_fixed_authors_conditional_fitted_models
azure_replication,w200_prefix,shared_function_words_nc,simplify,adaptation_gain,simplify->simplify,original->simplify,0.02768087586800516,-0.043080710513349045,0.10153308587958769,315,18,5000,20260922,exploratory_marginal_fixed_authors_conditional_fitted_models
azure_replication,w200_prefix,shared_function_words_nc,simplify,within_domain_gap,original->original,simplify->simplify,0.047687277373092085,-0.0203151750717348,0.11599857694796857,315,18,5000,20260922,exploratory_marginal_fixed_authors_conditional_fitted_models
azure_replication,w200_prefix,char3_5_tfidf_svm,paraphrase,transfer_loss,original->original,original->paraphrase,0.12725771191235635,0.06704720427524123,0.18672297583022746,315,18,5000,20260922,exploratory_marginal_fixed_authors_conditional_fitted_models
azure_replication,w200_prefix,char3_5_tfidf_svm,paraphrase,adaptation_gain,paraphrase->paraphrase,original->paraphrase,0.026591375900148484,-0.03859456158130944,0.09253095105476912,315,18,5000,20260922,exploratory_marginal_fixed_authors_conditional_fitted_models
azure_replication,w200_prefix,char3_5_tfidf_svm,paraphrase,within_domain_gap,original->original,paraphrase->paraphrase,0.10066633601220787,0.04576715290576331,0.155508281427509,315,18,5000,20260922,exploratory_marginal_fixed_authors_conditional_fitted_models
azure_replication,w200_prefix,char3_5_tfidf_svm,modernize,transfer_loss,original->original,original->modernize,0.10386710423784518,0.045206746946861665,0.15798809377683093,315,18,5000,20260922,exploratory_marginal_fixed_authors_conditional_fitted_models
azure_replication,w200_prefix,char3_5_tfidf_svm,modernize,adaptation_gain,modernize->modernize,original->modernize,0.02519249315031602,-0.01689975259212172,0.06722318726881643,315,18,5000,20260922,exploratory_marginal_fixed_authors_conditional_fitted_models
azure_replication,w200_prefix,char3_5_tfidf_svm,modernize,within_domain_gap,original->original,modernize->modernize,0.07867461108752916,0.028326939276709175,0.12807274575814231,315,18,5000,20260922,exploratory_marginal_fixed_authors_conditional_fitted_models
azure_replication,w200_prefix,char3_5_tfidf_svm,simplify,transfer_loss,original->original,original->simplify,0.24493250514261122,0.17537221050583998,0.3149742454505441,315,18,5000,20260922,exploratory_marginal_fixed_authors_conditional_fitted_models
azure_replication,w200_prefix,char3_5_tfidf_svm,simplify,adaptation_gain,simplify->simplify,original->simplify,0.10891615805611332,0.04847348123342652,0.17032404779490085,315,18,5000,20260922,exploratory_marginal_fixed_authors_conditional_fitted_models
azure_replication,w200_prefix,char3_5_tfidf_svm,simplify,within_domain_gap,original->original,simplify->simplify,0.1360163470864979,0.08523995463200633,0.19196743765681865,315,18,5000,20260922,exploratory_marginal_fixed_authors_conditional_fitted_models
azure_replication,w200_middle,shared_stylometry_nc,paraphrase,transfer_loss,original->original,original->paraphrase,0.031933257235175205,-0.02402863995241771,0.09476334864079936,315,18,5000,20260922,exploratory_marginal_fixed_authors_conditional_fitted_models
azure_replication,w200_middle,shared_stylometry_nc,paraphrase,adaptation_gain,paraphrase->paraphrase,original->paraphrase,-0.019384687720944926,-0.08017125573470611,0.04859541561450538,315,18,5000,20260922,exploratory_marginal_fixed_authors_conditional_fitted_models
azure_replication,w200_middle,shared_stylometry_nc,paraphrase,within_domain_gap,original->original,paraphrase->paraphrase,0.05131794495612013,-0.011676518611786266,0.11448537493970125,315,18,5000,20260922,exploratory_marginal_fixed_authors_conditional_fitted_models
azure_replication,w200_middle,shared_stylometry_nc,modernize,transfer_loss,original->original,original->modernize,0.07533761503907505,0.01814464450344838,0.14053311948368552,315,18,5000,20260922,exploratory_marginal_fixed_authors_conditional_fitted_models
azure_replication,w200_middle,shared_stylometry_nc,modernize,adaptation_gain,modernize->modernize,original->modernize,0.036374721677616795,-0.02916926380242824,0.10994379996696751,315,18,5000,20260922,exploratory_marginal_fixed_authors_conditional_fitted_models
azure_replication,w200_middle,shared_stylometry_nc,modernize,within_domain_gap,original->original,modernize->modernize,0.03896289336145825,-0.02909614691050691,0.10462511322270565,315,18,5000,20260922,exploratory_marginal_fixed_authors_conditional_fitted_models
azure_replication,w200_middle,shared_stylometry_nc,simplify,transfer_loss,original->original,original->simplify,0.14959638606470765,0.06116232348010141,0.24901542640754568,315,18,5000,20260922,exploratory_marginal_fixed_authors_conditional_fitted_models
azure_replication,w200_middle,shared_stylometry_nc,simplify,adaptation_gain,simplify->simplify,original->simplify,0.0997515742047474,0.018838109988961325,0.18605225027258726,315,18,5000,20260922,exploratory_marginal_fixed_authors_conditional_fitted_models
azure_replication,w200_middle,shared_stylometry_nc,simplify,within_domain_gap,original->original,simplify->simplify,0.04984481185996026,-0.01767858164863779,0.11439012907937973,315,18,5000,20260922,exploratory_marginal_fixed_authors_conditional_fitted_models
azure_replication,w200_middle,shared_function_words_nc,paraphrase,transfer_loss,original->original,original->paraphrase,0.025125440077088168,-0.04217896059599067,0.09364457982371835,315,18,5000,20260922,exploratory_marginal_fixed_authors_conditional_fitted_models
azure_replication,w200_middle,shared_function_words_nc,paraphrase,adaptation_gain,paraphrase->paraphrase,original->paraphrase,0.019560321437487482,-0.037958668539878386,0.07764477393888583,315,18,5000,20260922,exploratory_marginal_fixed_authors_conditional_fitted_models
azure_replication,w200_middle,shared_function_words_nc,paraphrase,within_domain_gap,original->original,paraphrase->paraphrase,0.005565118639600686,-0.06975811245544387,0.08599230053391618,315,18,5000,20260922,exploratory_marginal_fixed_authors_conditional_fitted_models
azure_replication,w200_middle,shared_function_words_nc,modernize,transfer_loss,original->original,original->modernize,0.03262960355367267,-0.026210271274524785,0.093077273588489,315,18,5000,20260922,exploratory_marginal_fixed_authors_conditional_fitted_models
azure_replication,w200_middle,shared_function_words_nc,modernize,adaptation_gain,modernize->modernize,original->modernize,-0.0007770959509730835,-0.04769972431514581,0.0496620887343028,315,18,5000,20260922,exploratory_marginal_fixed_authors_conditional_fitted_models
azure_replication,w200_middle,shared_function_words_nc,modernize,within_domain_gap,original->original,modernize->modernize,0.033406699504645754,-0.028651081770173056,0.09361785185629788,315,18,5000,20260922,exploratory_marginal_fixed_authors_conditional_fitted_models
azure_replication,w200_middle,shared_function_words_nc,simplify,transfer_loss,original->original,original->simplify,0.06671285512846509,-0.007545185923876559,0.14678365950616934,315,18,5000,20260922,exploratory_marginal_fixed_authors_conditional_fitted_models
azure_replication,w200_middle,shared_function_words_nc,simplify,adaptation_gain,simplify->simplify,original->simplify,0.04405459399999512,-0.006810655017844552,0.10074183305966572,315,18,5000,20260922,exploratory_marginal_fixed_authors_conditional_fitted_models
azure_replication,w200_middle,shared_function_words_nc,simplify,within_domain_gap,original->original,simplify->simplify,0.02265826112846997,-0.054309896760396124,0.09903796158114686,315,18,5000,20260922,exploratory_marginal_fixed_authors_conditional_fitted_models
azure_replication,w200_middle,char3_5_tfidf_svm,paraphrase,transfer_loss,original->original,original->paraphrase,0.1189864107675549,0.04313428685463092,0.19768481468804902,315,18,5000,20260922,exploratory_marginal_fixed_authors_conditional_fitted_models
azure_replication,w200_middle,char3_5_tfidf_svm,paraphrase,adaptation_gain,paraphrase->paraphrase,original->paraphrase,0.013548540089582284,-0.039209741902725054,0.07505761040098678,315,18,5000,20260922,exploratory_marginal_fixed_authors_conditional_fitted_models
azure_replication,w200_middle,char3_5_tfidf_svm,paraphrase,within_domain_gap,original->original,paraphrase->paraphrase,0.10543787067797261,0.029305759569748194,0.17477861135260736,315,18,5000,20260922,exploratory_marginal_fixed_authors_conditional_fitted_models
azure_replication,w200_middle,char3_5_tfidf_svm,modernize,transfer_loss,original->original,original->modernize,0.13387421724564585,0.07437743917662179,0.1935942884124387,315,18,5000,20260922,exploratory_marginal_fixed_authors_conditional_fitted_models
azure_replication,w200_middle,char3_5_tfidf_svm,modernize,adaptation_gain,modernize->modernize,original->modernize,0.01155089591828573,-0.04923138442724229,0.07400538531128338,315,18,5000,20260922,exploratory_marginal_fixed_authors_conditional_fitted_models
azure_replication,w200_middle,char3_5_tfidf_svm,modernize,within_domain_gap,original->original,modernize->modernize,0.12232332132736012,0.05730108562944439,0.18704679967087187,315,18,5000,20260922,exploratory_marginal_fixed_authors_conditional_fitted_models
azure_replication,w200_middle,char3_5_tfidf_svm,simplify,transfer_loss,original->original,original->simplify,0.20471186524546936,0.12628765521634344,0.28387548211909047,315,18,5000,20260922,exploratory_marginal_fixed_authors_conditional_fitted_models
azure_replication,w200_middle,char3_5_tfidf_svm,simplify,adaptation_gain,simplify->simplify,original->simplify,0.0685341669005024,-0.00622393805760027,0.1414576163512696,315,18,5000,20260922,exploratory_marginal_fixed_authors_conditional_fitted_models
azure_replication,w200_middle,char3_5_tfidf_svm,simplify,within_domain_gap,original->original,simplify->simplify,0.13617769834496696,0.07141163314627723,0.20523584652394622,315,18,5000,20260922,exploratory_marginal_fixed_authors_conditional_fitted_models
azure_replication,w200_suffix,shared_stylometry_nc,paraphrase,transfer_loss,original->original,original->paraphrase,0.028633776585537563,-0.030683804319976252,0.08884737551741874,315,18,5000,20260922,exploratory_marginal_fixed_authors_conditional_fitted_models
azure_replication,w200_suffix,shared_stylometry_nc,paraphrase,adaptation_gain,paraphrase->paraphrase,original->paraphrase,0.03391766318341177,-0.016324005368602384,0.085918554908324,315,18,5000,20260922,exploratory_marginal_fixed_authors_conditional_fitted_models
azure_replication,w200_suffix,shared_stylometry_nc,paraphrase,within_domain_gap,original->original,paraphrase->paraphrase,-0.00528388659787421,-0.07349874948464567,0.06276118882502707,315,18,5000,20260922,exploratory_marginal_fixed_authors_conditional_fitted_models
azure_replication,w200_suffix,shared_stylometry_nc,modernize,transfer_loss,original->original,original->modernize,0.041049783035816856,-0.01055343939857421,0.09277439675638753,315,18,5000,20260922,exploratory_marginal_fixed_authors_conditional_fitted_models
azure_replication,w200_suffix,shared_stylometry_nc,modernize,adaptation_gain,modernize->modernize,original->modernize,0.024097384706199987,-0.03515124910390131,0.08497705067465197,315,18,5000,20260922,exploratory_marginal_fixed_authors_conditional_fitted_models
azure_replication,w200_suffix,shared_stylometry_nc,modernize,within_domain_gap,original->original,modernize->modernize,0.01695239832961687,-0.05549666141594802,0.09047742363841059,315,18,5000,20260922,exploratory_marginal_fixed_authors_conditional_fitted_models
azure_replication,w200_suffix,shared_stylometry_nc,simplify,transfer_loss,original->original,original->simplify,0.11713273555092685,0.03477020351543664,0.2023893358075451,315,18,5000,20260922,exploratory_marginal_fixed_authors_conditional_fitted_models
azure_replication,w200_suffix,shared_stylometry_nc,simplify,adaptation_gain,simplify->simplify,original->simplify,0.10432205341275946,0.023841662012013383,0.1868563951623987,315,18,5000,20260922,exploratory_marginal_fixed_authors_conditional_fitted_models
azure_replication,w200_suffix,shared_stylometry_nc,simplify,within_domain_gap,original->original,simplify->simplify,0.012810682138167384,-0.0579612392099216,0.08108223239510275,315,18,5000,20260922,exploratory_marginal_fixed_authors_conditional_fitted_models
azure_replication,w200_suffix,shared_function_words_nc,paraphrase,transfer_loss,original->original,original->paraphrase,0.05045570556739137,-0.007035645289253086,0.11569891619501435,315,18,5000,20260922,exploratory_marginal_fixed_authors_conditional_fitted_models
azure_replication,w200_suffix,shared_function_words_nc,paraphrase,adaptation_gain,paraphrase->paraphrase,original->paraphrase,0.04292227121970399,-0.005773603533799895,0.09627824303140478,315,18,5000,20260922,exploratory_marginal_fixed_authors_conditional_fitted_models
azure_replication,w200_suffix,shared_function_words_nc,paraphrase,within_domain_gap,original->original,paraphrase->paraphrase,0.007533434347687384,-0.058884376754463424,0.07458357342346236,315,18,5000,20260922,exploratory_marginal_fixed_authors_conditional_fitted_models
azure_replication,w200_suffix,shared_function_words_nc,modernize,transfer_loss,original->original,original->modernize,0.013901062895434413,-0.04057005879586168,0.0692187687542448,315,18,5000,20260922,exploratory_marginal_fixed_authors_conditional_fitted_models
azure_replication,w200_suffix,shared_function_words_nc,modernize,adaptation_gain,modernize->modernize,original->modernize,-0.016501547921839443,-0.0625352441446106,0.030771899979326188,315,18,5000,20260922,exploratory_marginal_fixed_authors_conditional_fitted_models
azure_replication,w200_suffix,shared_function_words_nc,modernize,within_domain_gap,original->original,modernize->modernize,0.030402610817273856,-0.03397154646670457,0.0948820860712796,315,18,5000,20260922,exploratory_marginal_fixed_authors_conditional_fitted_models
azure_replication,w200_suffix,shared_function_words_nc,simplify,transfer_loss,original->original,original->simplify,0.08100103937161268,0.005388758751707939,0.15542365023491297,315,18,5000,20260922,exploratory_marginal_fixed_authors_conditional_fitted_models
azure_replication,w200_suffix,shared_function_words_nc,simplify,adaptation_gain,simplify->simplify,original->simplify,0.05222410503898489,-0.01005436782174054,0.1156629430810049,315,18,5000,20260922,exploratory_marginal_fixed_authors_conditional_fitted_models
azure_replication,w200_suffix,shared_function_words_nc,simplify,within_domain_gap,original->original,simplify->simplify,0.02877693433262779,-0.04036433821783551,0.09618418883185982,315,18,5000,20260922,exploratory_marginal_fixed_authors_conditional_fitted_models
azure_replication,w200_suffix,char3_5_tfidf_svm,paraphrase,transfer_loss,original->original,original->paraphrase,0.11707118264328364,0.048741681048307756,0.18567911936175005,315,18,5000,20260922,exploratory_marginal_fixed_authors_conditional_fitted_models
azure_replication,w200_suffix,char3_5_tfidf_svm,paraphrase,adaptation_gain,paraphrase->paraphrase,original->paraphrase,0.020844010763758636,-0.028924776508980204,0.07297041489046463,315,18,5000,20260922,exploratory_marginal_fixed_authors_conditional_fitted_models
azure_replication,w200_suffix,char3_5_tfidf_svm,paraphrase,within_domain_gap,original->original,paraphrase->paraphrase,0.09622717187952501,0.02995989337075239,0.15967829405190134,315,18,5000,20260922,exploratory_marginal_fixed_authors_conditional_fitted_models
azure_replication,w200_suffix,char3_5_tfidf_svm,modernize,transfer_loss,original->original,original->modernize,0.10752858717882718,0.04873331188317677,0.17167043034781668,315,18,5000,20260922,exploratory_marginal_fixed_authors_conditional_fitted_models
azure_replication,w200_suffix,char3_5_tfidf_svm,modernize,adaptation_gain,modernize->modernize,original->modernize,0.01793476161032803,-0.03911463079853875,0.07675362592173354,315,18,5000,20260922,exploratory_marginal_fixed_authors_conditional_fitted_models
azure_replication,w200_suffix,char3_5_tfidf_svm,modernize,within_domain_gap,original->original,modernize->modernize,0.08959382556849915,0.014518517542983432,0.1644764950190674,315,18,5000,20260922,exploratory_marginal_fixed_authors_conditional_fitted_models
azure_replication,w200_suffix,char3_5_tfidf_svm,simplify,transfer_loss,original->original,original->simplify,0.21512664537091586,0.14370734269855232,0.2916129158693962,315,18,5000,20260922,exploratory_marginal_fixed_authors_conditional_fitted_models
azure_replication,w200_suffix,char3_5_tfidf_svm,simplify,adaptation_gain,simplify->simplify,original->simplify,0.07924699372003496,0.009847108563834703,0.1515904727337616,315,18,5000,20260922,exploratory_marginal_fixed_authors_conditional_fitted_models
azure_replication,w200_suffix,char3_5_tfidf_svm,simplify,within_domain_gap,original->original,simplify->simplify,0.1358796516508809,0.06628137610438552,0.20319670424937775,315,18,5000,20260922,exploratory_marginal_fixed_authors_conditional_fitted_models
azure_replication,matched300_full,shared_stylometry_nc,paraphrase,transfer_loss,original->original,original->paraphrase,0.11723625201642529,0.05589297689396169,0.18146020564902327,315,18,5000,20260922,exploratory_marginal_fixed_authors_conditional_fitted_models
azure_replication,matched300_full,shared_stylometry_nc,paraphrase,adaptation_gain,paraphrase->paraphrase,original->paraphrase,0.07527547553479352,0.015349129883617852,0.13886125340144567,315,18,5000,20260922,exploratory_marginal_fixed_authors_conditional_fitted_models
azure_replication,matched300_full,shared_stylometry_nc,paraphrase,within_domain_gap,original->original,paraphrase->paraphrase,0.04196077648163177,-0.017691909086246405,0.10587131282709006,315,18,5000,20260922,exploratory_marginal_fixed_authors_conditional_fitted_models
azure_replication,matched300_full,shared_stylometry_nc,modernize,transfer_loss,original->original,original->modernize,0.11358308153465368,0.06014389285078995,0.17560340911682812,315,18,5000,20260922,exploratory_marginal_fixed_authors_conditional_fitted_models
azure_replication,matched300_full,shared_stylometry_nc,modernize,adaptation_gain,modernize->modernize,original->modernize,0.0623751595786064,0.0033988345316991247,0.12980587202052274,315,18,5000,20260922,exploratory_marginal_fixed_authors_conditional_fitted_models
azure_replication,matched300_full,shared_stylometry_nc,modernize,within_domain_gap,original->original,modernize->modernize,0.051207921956047286,-0.006100106563779972,0.11265553328914445,315,18,5000,20260922,exploratory_marginal_fixed_authors_conditional_fitted_models
azure_replication,matched300_full,shared_stylometry_nc,simplify,transfer_loss,original->original,original->simplify,0.2156892460517676,0.14505193510042108,0.28855967065259225,315,18,5000,20260922,exploratory_marginal_fixed_authors_conditional_fitted_models
azure_replication,matched300_full,shared_stylometry_nc,simplify,adaptation_gain,simplify->simplify,original->simplify,0.15061493778148777,0.0827605274168002,0.22222339344490685,315,18,5000,20260922,exploratory_marginal_fixed_authors_conditional_fitted_models
azure_replication,matched300_full,shared_stylometry_nc,simplify,within_domain_gap,original->original,simplify->simplify,0.06507430827027982,0.0024021363226498903,0.12778732493658718,315,18,5000,20260922,exploratory_marginal_fixed_authors_conditional_fitted_models
azure_replication,matched300_full,shared_function_words_nc,paraphrase,transfer_loss,original->original,original->paraphrase,0.06906078608138827,0.01730537909123799,0.12686416985709495,315,18,5000,20260922,exploratory_marginal_fixed_authors_conditional_fitted_models
azure_replication,matched300_full,shared_function_words_nc,paraphrase,adaptation_gain,paraphrase->paraphrase,original->paraphrase,0.08180742066490959,0.022266202576728983,0.14367818319067488,315,18,5000,20260922,exploratory_marginal_fixed_authors_conditional_fitted_models
azure_replication,matched300_full,shared_function_words_nc,paraphrase,within_domain_gap,original->original,paraphrase->paraphrase,-0.012746634583521321,-0.07316938457387061,0.04926545296627977,315,18,5000,20260922,exploratory_marginal_fixed_authors_conditional_fitted_models
azure_replication,matched300_full,shared_function_words_nc,modernize,transfer_loss,original->original,original->modernize,0.036230361792427224,-0.009827604992434272,0.08699022931204822,315,18,5000,20260922,exploratory_marginal_fixed_authors_conditional_fitted_models
azure_replication,matched300_full,shared_function_words_nc,modernize,adaptation_gain,modernize->modernize,original->modernize,0.008509193087265277,-0.044880834025838354,0.06445568906316142,315,18,5000,20260922,exploratory_marginal_fixed_authors_conditional_fitted_models
azure_replication,matched300_full,shared_function_words_nc,modernize,within_domain_gap,original->original,modernize->modernize,0.027721168705161947,-0.020067165630343213,0.0741049306195556,315,18,5000,20260922,exploratory_marginal_fixed_authors_conditional_fitted_models
azure_replication,matched300_full,shared_function_words_nc,simplify,transfer_loss,original->original,original->simplify,0.0901689405646412,0.017909945985956847,0.1626668640926452,315,18,5000,20260922,exploratory_marginal_fixed_authors_conditional_fitted_models
azure_replication,matched300_full,shared_function_words_nc,simplify,adaptation_gain,simplify->simplify,original->simplify,0.04220479845287084,-0.007885433930137195,0.09765767432932566,315,18,5000,20260922,exploratory_marginal_fixed_authors_conditional_fitted_models
azure_replication,matched300_full,shared_function_words_nc,simplify,within_domain_gap,original->original,simplify->simplify,0.04796414211177036,-0.019908294921044824,0.11192210289069598,315,18,5000,20260922,exploratory_marginal_fixed_authors_conditional_fitted_models
azure_replication,matched300_full,char3_5_tfidf_svm,paraphrase,transfer_loss,original->original,original->paraphrase,0.15013581266728315,0.08551287638435522,0.227880609427789,315,18,5000,20260922,exploratory_marginal_fixed_authors_conditional_fitted_models
azure_replication,matched300_full,char3_5_tfidf_svm,paraphrase,adaptation_gain,paraphrase->paraphrase,original->paraphrase,0.057591087340903346,-0.007897153307755178,0.13289320322974185,315,18,5000,20260922,exploratory_marginal_fixed_authors_conditional_fitted_models
azure_replication,matched300_full,char3_5_tfidf_svm,paraphrase,within_domain_gap,original->original,paraphrase->paraphrase,0.0925447253263798,0.034454865861559644,0.15152585408859975,315,18,5000,20260922,exploratory_marginal_fixed_authors_conditional_fitted_models
azure_replication,matched300_full,char3_5_tfidf_svm,modernize,transfer_loss,original->original,original->modernize,0.10768527036773268,0.04874260535188715,0.17841460223828295,315,18,5000,20260922,exploratory_marginal_fixed_authors_conditional_fitted_models
azure_replication,matched300_full,char3_5_tfidf_svm,modernize,adaptation_gain,modernize->modernize,original->modernize,0.01574355417788742,-0.04610563466415208,0.09081814150250386,315,18,5000,20260922,exploratory_marginal_fixed_authors_conditional_fitted_models
azure_replication,matched300_full,char3_5_tfidf_svm,modernize,within_domain_gap,original->original,modernize->modernize,0.09194171618984526,0.042784531371847304,0.14055820966070096,315,18,5000,20260922,exploratory_marginal_fixed_authors_conditional_fitted_models
azure_replication,matched300_full,char3_5_tfidf_svm,simplify,transfer_loss,original->original,original->simplify,0.2160085015751112,0.15182994014150783,0.29105931926856476,315,18,5000,20260922,exploratory_marginal_fixed_authors_conditional_fitted_models
azure_replication,matched300_full,char3_5_tfidf_svm,simplify,adaptation_gain,simplify->simplify,original->simplify,0.06117456179070324,0.0008422050591220376,0.12370437789175315,315,18,5000,20260922,exploratory_marginal_fixed_authors_conditional_fitted_models
azure_replication,matched300_full,char3_5_tfidf_svm,simplify,within_domain_gap,original->original,simplify->simplify,0.15483393978440796,0.09987437212463585,0.21873481159473152,315,18,5000,20260922,exploratory_marginal_fixed_authors_conditional_fitted_models
azure_replication,w300_middle,shared_stylometry_nc,paraphrase,transfer_loss,original->original,original->paraphrase,0.10978066061643549,0.05527862846247374,0.16649391167515049,315,18,5000,20260922,exploratory_marginal_fixed_authors_conditional_fitted_models
azure_replication,w300_middle,shared_stylometry_nc,paraphrase,adaptation_gain,paraphrase->paraphrase,original->paraphrase,0.029279782488270956,-0.017793535384964334,0.08086897801343786,315,18,5000,20260922,exploratory_marginal_fixed_authors_conditional_fitted_models
azure_replication,w300_middle,shared_stylometry_nc,paraphrase,within_domain_gap,original->original,paraphrase->paraphrase,0.08050087812816453,0.015661107141787263,0.1443233452603834,315,18,5000,20260922,exploratory_marginal_fixed_authors_conditional_fitted_models
azure_replication,w300_middle,shared_stylometry_nc,modernize,transfer_loss,original->original,original->modernize,0.11835203453061549,0.06731459618788896,0.17504814187895326,315,18,5000,20260922,exploratory_marginal_fixed_authors_conditional_fitted_models
azure_replication,w300_middle,shared_stylometry_nc,modernize,adaptation_gain,modernize->modernize,original->modernize,0.03601086494141725,-0.028915992502906267,0.10275788132183808,315,18,5000,20260922,exploratory_marginal_fixed_authors_conditional_fitted_models
azure_replication,w300_middle,shared_stylometry_nc,modernize,within_domain_gap,original->original,modernize->modernize,0.08234116958919824,0.01718146028661118,0.1497980525919469,315,18,5000,20260922,exploratory_marginal_fixed_authors_conditional_fitted_models
azure_replication,w300_middle,shared_stylometry_nc,simplify,transfer_loss,original->original,original->simplify,0.1926866335114455,0.10334678209722953,0.2849815044826563,315,18,5000,20260922,exploratory_marginal_fixed_authors_conditional_fitted_models
azure_replication,w300_middle,shared_stylometry_nc,simplify,adaptation_gain,simplify->simplify,original->simplify,0.11468008400991175,0.026269005368204548,0.20908648032600874,315,18,5000,20260922,exploratory_marginal_fixed_authors_conditional_fitted_models
azure_replication,w300_middle,shared_stylometry_nc,simplify,within_domain_gap,original->original,simplify->simplify,0.07800654950153374,0.009622872075169753,0.14551733221193122,315,18,5000,20260922,exploratory_marginal_fixed_authors_conditional_fitted_models
azure_replication,w300_middle,shared_function_words_nc,paraphrase,transfer_loss,original->original,original->paraphrase,0.03581123592055652,-0.025272816439628868,0.10354859883972256,315,18,5000,20260922,exploratory_marginal_fixed_authors_conditional_fitted_models
azure_replication,w300_middle,shared_function_words_nc,paraphrase,adaptation_gain,paraphrase->paraphrase,original->paraphrase,0.036150224211673465,-0.022244372032120124,0.09806683333772367,315,18,5000,20260922,exploratory_marginal_fixed_authors_conditional_fitted_models
azure_replication,w300_middle,shared_function_words_nc,paraphrase,within_domain_gap,original->original,paraphrase->paraphrase,-0.0003389882911169484,-0.06224962005147231,0.0647603199496648,315,18,5000,20260922,exploratory_marginal_fixed_authors_conditional_fitted_models
azure_replication,w300_middle,shared_function_words_nc,modernize,transfer_loss,original->original,original->modernize,0.034997052536668016,-0.021967915574842962,0.09698937952851755,315,18,5000,20260922,exploratory_marginal_fixed_authors_conditional_fitted_models
azure_replication,w300_middle,shared_function_words_nc,modernize,adaptation_gain,modernize->modernize,original->modernize,0.012454355985884236,-0.04682032930681951,0.06996355736353058,315,18,5000,20260922,exploratory_marginal_fixed_authors_conditional_fitted_models
azure_replication,w300_middle,shared_function_words_nc,modernize,within_domain_gap,original->original,modernize->modernize,0.02254269655078378,-0.03922476622059201,0.0880575729290244,315,18,5000,20260922,exploratory_marginal_fixed_authors_conditional_fitted_models
azure_replication,w300_middle,shared_function_words_nc,simplify,transfer_loss,original->original,original->simplify,0.0851768717756416,0.019487293281566544,0.15617866231632518,315,18,5000,20260922,exploratory_marginal_fixed_authors_conditional_fitted_models
azure_replication,w300_middle,shared_function_words_nc,simplify,adaptation_gain,simplify->simplify,original->simplify,0.04610621209076099,-0.006321958180913891,0.10100590235855227,315,18,5000,20260922,exploratory_marginal_fixed_authors_conditional_fitted_models
azure_replication,w300_middle,shared_function_words_nc,simplify,within_domain_gap,original->original,simplify->simplify,0.039070659684880604,-0.025638834653362325,0.10531271261118416,315,18,5000,20260922,exploratory_marginal_fixed_authors_conditional_fitted_models
azure_replication,w300_middle,char3_5_tfidf_svm,paraphrase,transfer_loss,original->original,original->paraphrase,0.15357223290153532,0.09772552606009384,0.21629775644253188,315,18,5000,20260922,exploratory_marginal_fixed_authors_conditional_fitted_models
azure_replication,w300_middle,char3_5_tfidf_svm,paraphrase,adaptation_gain,paraphrase->paraphrase,original->paraphrase,0.03494394125235356,-0.024474081175111465,0.10178378381769293,315,18,5000,20260922,exploratory_marginal_fixed_authors_conditional_fitted_models
azure_replication,w300_middle,char3_5_tfidf_svm,paraphrase,within_domain_gap,original->original,paraphrase->paraphrase,0.11862829164918176,0.06231888115197097,0.17854071790001977,315,18,5000,20260922,exploratory_marginal_fixed_authors_conditional_fitted_models
azure_replication,w300_middle,char3_5_tfidf_svm,modernize,transfer_loss,original->original,original->modernize,0.12462402590605548,0.06676416398483488,0.18720900150524644,315,18,5000,20260922,exploratory_marginal_fixed_authors_conditional_fitted_models
azure_replication,w300_middle,char3_5_tfidf_svm,modernize,adaptation_gain,modernize->modernize,original->modernize,0.03305754069065725,-0.026355251031288985,0.0929470010838219,315,18,5000,20260922,exploratory_marginal_fixed_authors_conditional_fitted_models
azure_replication,w300_middle,char3_5_tfidf_svm,modernize,within_domain_gap,original->original,modernize->modernize,0.09156648521539823,0.04130449990316113,0.14743887996017596,315,18,5000,20260922,exploratory_marginal_fixed_authors_conditional_fitted_models
azure_replication,w300_middle,char3_5_tfidf_svm,simplify,transfer_loss,original->original,original->simplify,0.2188756853987961,0.1590935973979154,0.2831799029383188,315,18,5000,20260922,exploratory_marginal_fixed_authors_conditional_fitted_models
azure_replication,w300_middle,char3_5_tfidf_svm,simplify,adaptation_gain,simplify->simplify,original->simplify,0.08060766777042161,0.021893593282578564,0.1397947878720065,315,18,5000,20260922,exploratory_marginal_fixed_authors_conditional_fitted_models
azure_replication,w300_middle,char3_5_tfidf_svm,simplify,within_domain_gap,original->original,simplify->simplify,0.13826801762837448,0.0847862424797478,0.19583685710777737,315,18,5000,20260922,exploratory_marginal_fixed_authors_conditional_fitted_models
codex51,valid_full,shared_stylometry_nc,paraphrase,transfer_loss,original->original,original->paraphrase,0.12509956710153292,0.05842551365876437,0.19995298979687398,321,18,5000,20260922,exploratory_marginal_fixed_authors_conditional_fitted_models
codex51,valid_full,shared_stylometry_nc,paraphrase,adaptation_gain,paraphrase->paraphrase,original->paraphrase,0.060011997120323124,-0.008035971348731377,0.14228376702553908,321,18,5000,20260922,exploratory_marginal_fixed_authors_conditional_fitted_models
codex51,valid_full,shared_stylometry_nc,paraphrase,within_domain_gap,original->original,paraphrase->paraphrase,0.06508756998120979,0.006827022911051364,0.12658656467373602,321,18,5000,20260922,exploratory_marginal_fixed_authors_conditional_fitted_models
codex51,valid_full,shared_stylometry_nc,modernize,transfer_loss,original->original,original->modernize,0.14521572796585563,0.08028345567535859,0.21375345570549523,321,18,5000,20260922,exploratory_marginal_fixed_authors_conditional_fitted_models
codex51,valid_full,shared_stylometry_nc,modernize,adaptation_gain,modernize->modernize,original->modernize,0.056083264640670094,-0.011475093025867836,0.13049961422281472,321,18,5000,20260922,exploratory_marginal_fixed_authors_conditional_fitted_models
codex51,valid_full,shared_stylometry_nc,modernize,within_domain_gap,original->original,modernize->modernize,0.08913246332518554,0.026139472081561543,0.15581268600849602,321,18,5000,20260922,exploratory_marginal_fixed_authors_conditional_fitted_models
codex51,valid_full,shared_stylometry_nc,simplify,transfer_loss,original->original,original->simplify,0.15928444008579534,0.09911520431270739,0.22623842230649774,321,18,5000,20260922,exploratory_marginal_fixed_authors_conditional_fitted_models
codex51,valid_full,shared_stylometry_nc,simplify,adaptation_gain,simplify->simplify,original->simplify,0.09159463205308815,0.04027986215889921,0.15042165003573052,321,18,5000,20260922,exploratory_marginal_fixed_authors_conditional_fitted_models
codex51,valid_full,shared_stylometry_nc,simplify,within_domain_gap,original->original,simplify->simplify,0.06768980803270719,0.010140270313251449,0.12957288574715692,321,18,5000,20260922,exploratory_marginal_fixed_authors_conditional_fitted_models
codex51,valid_full,shared_function_words_nc,paraphrase,transfer_loss,original->original,original->paraphrase,0.054720437462086324,-0.0023792732211252677,0.11221527407067687,321,18,5000,20260922,exploratory_marginal_fixed_authors_conditional_fitted_models
codex51,valid_full,shared_function_words_nc,paraphrase,adaptation_gain,paraphrase->paraphrase,original->paraphrase,0.0018078698155591377,-0.046201930842351406,0.050034790420968436,321,18,5000,20260922,exploratory_marginal_fixed_authors_conditional_fitted_models
codex51,valid_full,shared_function_words_nc,paraphrase,within_domain_gap,original->original,paraphrase->paraphrase,0.05291256764652719,-0.003037504595873874,0.10609020817563733,321,18,5000,20260922,exploratory_marginal_fixed_authors_conditional_fitted_models
codex51,valid_full,shared_function_words_nc,modernize,transfer_loss,original->original,original->modernize,0.0869619588724786,0.02146274911332647,0.15482007356559424,321,18,5000,20260922,exploratory_marginal_fixed_authors_conditional_fitted_models
codex51,valid_full,shared_function_words_nc,modernize,adaptation_gain,modernize->modernize,original->modernize,0.03378181267321245,-0.026964176460288872,0.10088014082280425,321,18,5000,20260922,exploratory_marginal_fixed_authors_conditional_fitted_models
codex51,valid_full,shared_function_words_nc,modernize,within_domain_gap,original->original,modernize->modernize,0.05318014619926614,-0.018394900306291814,0.12415652434549679,321,18,5000,20260922,exploratory_marginal_fixed_authors_conditional_fitted_models
codex51,valid_full,shared_function_words_nc,simplify,transfer_loss,original->original,original->simplify,0.07795393738298301,0.014666098903949333,0.14665205618661936,321,18,5000,20260922,exploratory_marginal_fixed_authors_conditional_fitted_models
codex51,valid_full,shared_function_words_nc,simplify,adaptation_gain,simplify->simplify,original->simplify,0.007628756963128702,-0.04187334370338729,0.06118529622977139,321,18,5000,20260922,exploratory_marginal_fixed_authors_conditional_fitted_models
codex51,valid_full,shared_function_words_nc,simplify,within_domain_gap,original->original,simplify->simplify,0.0703251804198543,0.007380744305122779,0.1313849113779796,321,18,5000,20260922,exploratory_marginal_fixed_authors_conditional_fitted_models
codex51,valid_full,char3_5_tfidf_svm,paraphrase,transfer_loss,original->original,original->paraphrase,0.15080361437808465,0.10296743401418586,0.2042653009239639,321,18,5000,20260922,exploratory_marginal_fixed_authors_conditional_fitted_models
codex51,valid_full,char3_5_tfidf_svm,paraphrase,adaptation_gain,paraphrase->paraphrase,original->paraphrase,0.039142571162119943,-0.018402314542726433,0.09463453407334471,321,18,5000,20260922,exploratory_marginal_fixed_authors_conditional_fitted_models
codex51,valid_full,char3_5_tfidf_svm,paraphrase,within_domain_gap,original->original,paraphrase->paraphrase,0.1116610432159647,0.05756517224176056,0.1708376232538715,321,18,5000,20260922,exploratory_marginal_fixed_authors_conditional_fitted_models
codex51,valid_full,char3_5_tfidf_svm,modernize,transfer_loss,original->original,original->modernize,0.1514019730020354,0.08379079239827994,0.21937840594971858,321,18,5000,20260922,exploratory_marginal_fixed_authors_conditional_fitted_models
codex51,valid_full,char3_5_tfidf_svm,modernize,adaptation_gain,modernize->modernize,original->modernize,0.04170483670676983,-0.025563868319499927,0.11005352974519801,321,18,5000,20260922,exploratory_marginal_fixed_authors_conditional_fitted_models
codex51,valid_full,char3_5_tfidf_svm,modernize,within_domain_gap,original->original,modernize->modernize,0.10969713629526556,0.05859516276394212,0.16233651669630533,321,18,5000,20260922,exploratory_marginal_fixed_authors_conditional_fitted_models
codex51,valid_full,char3_5_tfidf_svm,simplify,transfer_loss,original->original,original->simplify,0.2002971041064734,0.14682366995532628,0.2598504305877488,321,18,5000,20260922,exploratory_marginal_fixed_authors_conditional_fitted_models
codex51,valid_full,char3_5_tfidf_svm,simplify,adaptation_gain,simplify->simplify,original->simplify,0.09425167845960403,0.041986668973040306,0.15026995697445986,321,18,5000,20260922,exploratory_marginal_fixed_authors_conditional_fitted_models
codex51,valid_full,char3_5_tfidf_svm,simplify,within_domain_gap,original->original,simplify->simplify,0.10604542564686936,0.051088869782895466,0.16177023965172513,321,18,5000,20260922,exploratory_marginal_fixed_authors_conditional_fitted_models
codex51,matched200_full,shared_stylometry_nc,paraphrase,transfer_loss,original->original,original->paraphrase,0.12509956710153292,0.05842551365876437,0.19995298979687398,321,18,5000,20260922,exploratory_marginal_fixed_authors_conditional_fitted_models
codex51,matched200_full,shared_stylometry_nc,paraphrase,adaptation_gain,paraphrase->paraphrase,original->paraphrase,0.060011997120323124,-0.008035971348731377,0.14228376702553908,321,18,5000,20260922,exploratory_marginal_fixed_authors_conditional_fitted_models
codex51,matched200_full,shared_stylometry_nc,paraphrase,within_domain_gap,original->original,paraphrase->paraphrase,0.06508756998120979,0.006827022911051364,0.12658656467373602,321,18,5000,20260922,exploratory_marginal_fixed_authors_conditional_fitted_models
codex51,matched200_full,shared_stylometry_nc,modernize,transfer_loss,original->original,original->modernize,0.14521572796585563,0.08028345567535859,0.21375345570549523,321,18,5000,20260922,exploratory_marginal_fixed_authors_conditional_fitted_models
codex51,matched200_full,shared_stylometry_nc,modernize,adaptation_gain,modernize->modernize,original->modernize,0.056083264640670094,-0.011475093025867836,0.13049961422281472,321,18,5000,20260922,exploratory_marginal_fixed_authors_conditional_fitted_models
codex51,matched200_full,shared_stylometry_nc,modernize,within_domain_gap,original->original,modernize->modernize,0.08913246332518554,0.026139472081561543,0.15581268600849602,321,18,5000,20260922,exploratory_marginal_fixed_authors_conditional_fitted_models
codex51,matched200_full,shared_stylometry_nc,simplify,transfer_loss,original->original,original->simplify,0.15928444008579534,0.09911520431270739,0.22623842230649774,321,18,5000,20260922,exploratory_marginal_fixed_authors_conditional_fitted_models
codex51,matched200_full,shared_stylometry_nc,simplify,adaptation_gain,simplify->simplify,original->simplify,0.09159463205308815,0.04027986215889921,0.15042165003573052,321,18,5000,20260922,exploratory_marginal_fixed_authors_conditional_fitted_models
codex51,matched200_full,shared_stylometry_nc,simplify,within_domain_gap,original->original,simplify->simplify,0.06768980803270719,0.010140270313251449,0.12957288574715692,321,18,5000,20260922,exploratory_marginal_fixed_authors_conditional_fitted_models
codex51,matched200_full,shared_function_words_nc,paraphrase,transfer_loss,original->original,original->paraphrase,0.054720437462086324,-0.0023792732211252677,0.11221527407067687,321,18,5000,20260922,exploratory_marginal_fixed_authors_conditional_fitted_models
codex51,matched200_full,shared_function_words_nc,paraphrase,adaptation_gain,paraphrase->paraphrase,original->paraphrase,0.0018078698155591377,-0.046201930842351406,0.050034790420968436,321,18,5000,20260922,exploratory_marginal_fixed_authors_conditional_fitted_models
codex51,matched200_full,shared_function_words_nc,paraphrase,within_domain_gap,original->original,paraphrase->paraphrase,0.05291256764652719,-0.003037504595873874,0.10609020817563733,321,18,5000,20260922,exploratory_marginal_fixed_authors_conditional_fitted_models
codex51,matched200_full,shared_function_words_nc,modernize,transfer_loss,original->original,original->modernize,0.0869619588724786,0.02146274911332647,0.15482007356559424,321,18,5000,20260922,exploratory_marginal_fixed_authors_conditional_fitted_models
codex51,matched200_full,shared_function_words_nc,modernize,adaptation_gain,modernize->modernize,original->modernize,0.03378181267321245,-0.026964176460288872,0.10088014082280425,321,18,5000,20260922,exploratory_marginal_fixed_authors_conditional_fitted_models
codex51,matched200_full,shared_function_words_nc,modernize,within_domain_gap,original->original,modernize->modernize,0.05318014619926614,-0.018394900306291814,0.12415652434549679,321,18,5000,20260922,exploratory_marginal_fixed_authors_conditional_fitted_models
codex51,matched200_full,shared_function_words_nc,simplify,transfer_loss,original->original,original->simplify,0.07795393738298301,0.014666098903949333,0.14665205618661936,321,18,5000,20260922,exploratory_marginal_fixed_authors_conditional_fitted_models
codex51,matched200_full,shared_function_words_nc,simplify,adaptation_gain,simplify->simplify,original->simplify,0.007628756963128702,-0.04187334370338729,0.06118529622977139,321,18,5000,20260922,exploratory_marginal_fixed_authors_conditional_fitted_models
codex51,matched200_full,shared_function_words_nc,simplify,within_domain_gap,original->original,simplify->simplify,0.0703251804198543,0.007380744305122779,0.1313849113779796,321,18,5000,20260922,exploratory_marginal_fixed_authors_conditional_fitted_models
codex51,matched200_full,char3_5_tfidf_svm,paraphrase,transfer_loss,original->original,original->paraphrase,0.15080361437808465,0.10296743401418586,0.2042653009239639,321,18,5000,20260922,exploratory_marginal_fixed_authors_conditional_fitted_models
codex51,matched200_full,char3_5_tfidf_svm,paraphrase,adaptation_gain,paraphrase->paraphrase,original->paraphrase,0.039142571162119943,-0.018402314542726433,0.09463453407334471,321,18,5000,20260922,exploratory_marginal_fixed_authors_conditional_fitted_models
codex51,matched200_full,char3_5_tfidf_svm,paraphrase,within_domain_gap,original->original,paraphrase->paraphrase,0.1116610432159647,0.05756517224176056,0.1708376232538715,321,18,5000,20260922,exploratory_marginal_fixed_authors_conditional_fitted_models
codex51,matched200_full,char3_5_tfidf_svm,modernize,transfer_loss,original->original,original->modernize,0.1514019730020354,0.08379079239827994,0.21937840594971858,321,18,5000,20260922,exploratory_marginal_fixed_authors_conditional_fitted_models
codex51,matched200_full,char3_5_tfidf_svm,modernize,adaptation_gain,modernize->modernize,original->modernize,0.04170483670676983,-0.025563868319499927,0.11005352974519801,321,18,5000,20260922,exploratory_marginal_fixed_authors_conditional_fitted_models
codex51,matched200_full,char3_5_tfidf_svm,modernize,within_domain_gap,original->original,modernize->modernize,0.10969713629526556,0.05859516276394212,0.16233651669630533,321,18,5000,20260922,exploratory_marginal_fixed_authors_conditional_fitted_models
codex51,matched200_full,char3_5_tfidf_svm,simplify,transfer_loss,original->original,original->simplify,0.2002971041064734,0.14682366995532628,0.2598504305877488,321,18,5000,20260922,exploratory_marginal_fixed_authors_conditional_fitted_models
codex51,matched200_full,char3_5_tfidf_svm,simplify,adaptation_gain,simplify->simplify,original->simplify,0.09425167845960403,0.041986668973040306,0.15026995697445986,321,18,5000,20260922,exploratory_marginal_fixed_authors_conditional_fitted_models
codex51,matched200_full,char3_5_tfidf_svm,simplify,within_domain_gap,original->original,simplify->simplify,0.10604542564686936,0.051088869782895466,0.16177023965172513,321,18,5000,20260922,exploratory_marginal_fixed_authors_conditional_fitted_models
codex51,w200_prefix,shared_stylometry_nc,paraphrase,transfer_loss,original->original,original->paraphrase,0.10542929953135649,0.050690280958392946,0.16087741463350447,321,18,5000,20260922,exploratory_marginal_fixed_authors_conditional_fitted_models
codex51,w200_prefix,shared_stylometry_nc,paraphrase,adaptation_gain,paraphrase->paraphrase,original->paraphrase,0.014156365756764766,-0.04943678834108039,0.08088585458106899,321,18,5000,20260922,exploratory_marginal_fixed_authors_conditional_fitted_models
codex51,w200_prefix,shared_stylometry_nc,paraphrase,within_domain_gap,original->original,paraphrase->paraphrase,0.09127293377459172,0.03091187108272589,0.15671301890225334,321,18,5000,20260922,exploratory_marginal_fixed_authors_conditional_fitted_models
codex51,w200_prefix,shared_stylometry_nc,modernize,transfer_loss,original->original,original->modernize,0.12324895629187071,0.06136385036617679,0.18462406620999608,321,18,5000,20260922,exploratory_marginal_fixed_authors_conditional_fitted_models
codex51,w200_prefix,shared_stylometry_nc,modernize,adaptation_gain,modernize->modernize,original->modernize,0.028851711497216048,-0.024297656420981903,0.0815651678186176,321,18,5000,20260922,exploratory_marginal_fixed_authors_conditional_fitted_models
codex51,w200_prefix,shared_stylometry_nc,modernize,within_domain_gap,original->original,modernize->modernize,0.09439724479465467,0.034518836228800774,0.15812581581943733,321,18,5000,20260922,exploratory_marginal_fixed_authors_conditional_fitted_models
codex51,w200_prefix,shared_stylometry_nc,simplify,transfer_loss,original->original,original->simplify,0.14499240799337426,0.0822613134035598,0.20890273818086055,321,18,5000,20260922,exploratory_marginal_fixed_authors_conditional_fitted_models
codex51,w200_prefix,shared_stylometry_nc,simplify,adaptation_gain,simplify->simplify,original->simplify,0.05950604001843196,-0.00835137440301323,0.1271620939021364,321,18,5000,20260922,exploratory_marginal_fixed_authors_conditional_fitted_models
codex51,w200_prefix,shared_stylometry_nc,simplify,within_domain_gap,original->original,simplify->simplify,0.0854863679749423,0.016056757912339185,0.15315777587790222,321,18,5000,20260922,exploratory_marginal_fixed_authors_conditional_fitted_models
codex51,w200_prefix,shared_function_words_nc,paraphrase,transfer_loss,original->original,original->paraphrase,0.05753027541355965,0.0005712418180986653,0.11430567491419262,321,18,5000,20260922,exploratory_marginal_fixed_authors_conditional_fitted_models
codex51,w200_prefix,shared_function_words_nc,paraphrase,adaptation_gain,paraphrase->paraphrase,original->paraphrase,0.00702671334339966,-0.04208167266774773,0.061226202668245314,321,18,5000,20260922,exploratory_marginal_fixed_authors_conditional_fitted_models
codex51,w200_prefix,shared_function_words_nc,paraphrase,within_domain_gap,original->original,paraphrase->paraphrase,0.05050356207015999,-0.0021289448522048794,0.1012400906854002,321,18,5000,20260922,exploratory_marginal_fixed_authors_conditional_fitted_models
codex51,w200_prefix,shared_function_words_nc,modernize,transfer_loss,original->original,original->modernize,0.055830263696947935,-0.013199049691594487,0.12349617551716843,321,18,5000,20260922,exploratory_marginal_fixed_authors_conditional_fitted_models
codex51,w200_prefix,shared_function_words_nc,modernize,adaptation_gain,modernize->modernize,original->modernize,-0.001258586366948533,-0.05661413283623667,0.05706928881508661,321,18,5000,20260922,exploratory_marginal_fixed_authors_conditional_fitted_models
codex51,w200_prefix,shared_function_words_nc,modernize,within_domain_gap,original->original,modernize->modernize,0.05708885006389647,-0.005525454312438844,0.11889383423997361,321,18,5000,20260922,exploratory_marginal_fixed_authors_conditional_fitted_models
codex51,w200_prefix,shared_function_words_nc,simplify,transfer_loss,original->original,original->simplify,0.07627315437855531,0.01609370871381957,0.13913528690784452,321,18,5000,20260922,exploratory_marginal_fixed_authors_conditional_fitted_models
codex51,w200_prefix,shared_function_words_nc,simplify,adaptation_gain,simplify->simplify,original->simplify,0.01778253982438266,-0.03568485491881218,0.07698852335688804,321,18,5000,20260922,exploratory_marginal_fixed_authors_conditional_fitted_models
codex51,w200_prefix,shared_function_words_nc,simplify,within_domain_gap,original->original,simplify->simplify,0.05849061455417265,-0.0051583345875451615,0.12315371170621033,321,18,5000,20260922,exploratory_marginal_fixed_authors_conditional_fitted_models
codex51,w200_prefix,char3_5_tfidf_svm,paraphrase,transfer_loss,original->original,original->paraphrase,0.1231442853000998,0.05962945968371149,0.1895717145514974,321,18,5000,20260922,exploratory_marginal_fixed_authors_conditional_fitted_models
codex51,w200_prefix,char3_5_tfidf_svm,paraphrase,adaptation_gain,paraphrase->paraphrase,original->paraphrase,-0.006562548642731314,-0.06605936081235571,0.0635293204453921,321,18,5000,20260922,exploratory_marginal_fixed_authors_conditional_fitted_models
codex51,w200_prefix,char3_5_tfidf_svm,paraphrase,within_domain_gap,original->original,paraphrase->paraphrase,0.1297068339428311,0.05843791013828072,0.19519417568017114,321,18,5000,20260922,exploratory_marginal_fixed_authors_conditional_fitted_models
codex51,w200_prefix,char3_5_tfidf_svm,modernize,transfer_loss,original->original,original->modernize,0.14632011384820776,0.08247689946001628,0.2079484401037428,321,18,5000,20260922,exploratory_marginal_fixed_authors_conditional_fitted_models
codex51,w200_prefix,char3_5_tfidf_svm,modernize,adaptation_gain,modernize->modernize,original->modernize,0.05771642586608272,-0.002021888027674777,0.11842567271787488,321,18,5000,20260922,exploratory_marginal_fixed_authors_conditional_fitted_models
codex51,w200_prefix,char3_5_tfidf_svm,modernize,within_domain_gap,original->original,modernize->modernize,0.08860368798212503,0.01678333198036982,0.1638912236185562,321,18,5000,20260922,exploratory_marginal_fixed_authors_conditional_fitted_models
codex51,w200_prefix,char3_5_tfidf_svm,simplify,transfer_loss,original->original,original->simplify,0.18951459210934218,0.11650144383403409,0.2615453549188549,321,18,5000,20260922,exploratory_marginal_fixed_authors_conditional_fitted_models
codex51,w200_prefix,char3_5_tfidf_svm,simplify,adaptation_gain,simplify->simplify,original->simplify,0.08623945297050684,0.019726484748054524,0.14968970364054152,321,18,5000,20260922,exploratory_marginal_fixed_authors_conditional_fitted_models
codex51,w200_prefix,char3_5_tfidf_svm,simplify,within_domain_gap,original->original,simplify->simplify,0.10327513913883535,0.03299616960309996,0.1734662388951863,321,18,5000,20260922,exploratory_marginal_fixed_authors_conditional_fitted_models
codex51,w200_middle,shared_stylometry_nc,paraphrase,transfer_loss,original->original,original->paraphrase,0.08475308985241298,0.018353205789243564,0.15934678813007033,321,18,5000,20260922,exploratory_marginal_fixed_authors_conditional_fitted_models
codex51,w200_middle,shared_stylometry_nc,paraphrase,adaptation_gain,paraphrase->paraphrase,original->paraphrase,0.02106403152230385,-0.040178572170918796,0.08453146683106448,321,18,5000,20260922,exploratory_marginal_fixed_authors_conditional_fitted_models
codex51,w200_middle,shared_stylometry_nc,paraphrase,within_domain_gap,original->original,paraphrase->paraphrase,0.06368905833010913,0.005054901695480238,0.12435085448346407,321,18,5000,20260922,exploratory_marginal_fixed_authors_conditional_fitted_models
codex51,w200_middle,shared_stylometry_nc,modernize,transfer_loss,original->original,original->modernize,0.1140760522232786,0.049184982918766613,0.1846944332355897,321,18,5000,20260922,exploratory_marginal_fixed_authors_conditional_fitted_models
codex51,w200_middle,shared_stylometry_nc,modernize,adaptation_gain,modernize->modernize,original->modernize,0.03489657656277795,-0.029886530333779613,0.10477412940758275,321,18,5000,20260922,exploratory_marginal_fixed_authors_conditional_fitted_models
codex51,w200_middle,shared_stylometry_nc,modernize,within_domain_gap,original->original,modernize->modernize,0.07917947566050065,0.020175959719117013,0.13930218437631256,321,18,5000,20260922,exploratory_marginal_fixed_authors_conditional_fitted_models
codex51,w200_middle,shared_stylometry_nc,simplify,transfer_loss,original->original,original->simplify,0.11017683163973985,0.04047071773294533,0.19091276655584796,321,18,5000,20260922,exploratory_marginal_fixed_authors_conditional_fitted_models
codex51,w200_middle,shared_stylometry_nc,simplify,adaptation_gain,simplify->simplify,original->simplify,0.035964137159964604,-0.028166671026576943,0.10446096621199577,321,18,5000,20260922,exploratory_marginal_fixed_authors_conditional_fitted_models
codex51,w200_middle,shared_stylometry_nc,simplify,within_domain_gap,original->original,simplify->simplify,0.07421269447977524,0.00777020250360845,0.14524212690900096,321,18,5000,20260922,exploratory_marginal_fixed_authors_conditional_fitted_models
codex51,w200_middle,shared_function_words_nc,paraphrase,transfer_loss,original->original,original->paraphrase,0.033084048940176025,-0.01904623704279347,0.08634647971338914,321,18,5000,20260922,exploratory_marginal_fixed_authors_conditional_fitted_models
codex51,w200_middle,shared_function_words_nc,paraphrase,adaptation_gain,paraphrase->paraphrase,original->paraphrase,0.0061448424818450476,-0.04349551465223732,0.05446901830495539,321,18,5000,20260922,exploratory_marginal_fixed_authors_conditional_fitted_models
codex51,w200_middle,shared_function_words_nc,paraphrase,within_domain_gap,original->original,paraphrase->paraphrase,0.026939206458330978,-0.02980988143314393,0.08476170803676492,321,18,5000,20260922,exploratory_marginal_fixed_authors_conditional_fitted_models
codex51,w200_middle,shared_function_words_nc,modernize,transfer_loss,original->original,original->modernize,0.012795048391799402,-0.05987066098999075,0.08787170895819106,321,18,5000,20260922,exploratory_marginal_fixed_authors_conditional_fitted_models
codex51,w200_middle,shared_function_words_nc,modernize,adaptation_gain,modernize->modernize,original->modernize,-0.011928833702758435,-0.06773409651209573,0.044744866673684644,321,18,5000,20260922,exploratory_marginal_fixed_authors_conditional_fitted_models
codex51,w200_middle,shared_function_words_nc,modernize,within_domain_gap,original->original,modernize->modernize,0.024723882094557836,-0.035148547247488636,0.08869500583787486,321,18,5000,20260922,exploratory_marginal_fixed_authors_conditional_fitted_models
codex51,w200_middle,shared_function_words_nc,simplify,transfer_loss,original->original,original->simplify,0.05437858461538614,-0.012045018814324427,0.1260706867603793,321,18,5000,20260922,exploratory_marginal_fixed_authors_conditional_fitted_models
codex51,w200_middle,shared_function_words_nc,simplify,adaptation_gain,simplify->simplify,original->simplify,0.044360719511707114,-0.010011117698308532,0.10371655055693103,321,18,5000,20260922,exploratory_marginal_fixed_authors_conditional_fitted_models
codex51,w200_middle,shared_function_words_nc,simplify,within_domain_gap,original->original,simplify->simplify,0.010017865103679024,-0.05303382354166887,0.06974821924997762,321,18,5000,20260922,exploratory_marginal_fixed_authors_conditional_fitted_models
codex51,w200_middle,char3_5_tfidf_svm,paraphrase,transfer_loss,original->original,original->paraphrase,0.10699091900914315,0.04618937025325279,0.16804799181005048,321,18,5000,20260922,exploratory_marginal_fixed_authors_conditional_fitted_models
codex51,w200_middle,char3_5_tfidf_svm,paraphrase,adaptation_gain,paraphrase->paraphrase,original->paraphrase,0.013674553303785864,-0.05099425359634859,0.0788784005703574,321,18,5000,20260922,exploratory_marginal_fixed_authors_conditional_fitted_models
codex51,w200_middle,char3_5_tfidf_svm,paraphrase,within_domain_gap,original->original,paraphrase->paraphrase,0.09331636570535728,0.022019963003130052,0.16432030410713447,321,18,5000,20260922,exploratory_marginal_fixed_authors_conditional_fitted_models
codex51,w200_middle,char3_5_tfidf_svm,modernize,transfer_loss,original->original,original->modernize,0.13907310583545873,0.0674191605566997,0.20705997998549244,321,18,5000,20260922,exploratory_marginal_fixed_authors_conditional_fitted_models
codex51,w200_middle,char3_5_tfidf_svm,modernize,adaptation_gain,modernize->modernize,original->modernize,0.05581921501557463,0.008615595314156167,0.10540910451043535,321,18,5000,20260922,exploratory_marginal_fixed_authors_conditional_fitted_models
codex51,w200_middle,char3_5_tfidf_svm,modernize,within_domain_gap,original->original,modernize->modernize,0.0832538908198841,0.015472018340464525,0.15050485303728467,321,18,5000,20260922,exploratory_marginal_fixed_authors_conditional_fitted_models
codex51,w200_middle,char3_5_tfidf_svm,simplify,transfer_loss,original->original,original->simplify,0.15867822794965036,0.0944267414496347,0.22149317327951562,321,18,5000,20260922,exploratory_marginal_fixed_authors_conditional_fitted_models
codex51,w200_middle,char3_5_tfidf_svm,simplify,adaptation_gain,simplify->simplify,original->simplify,0.0738622863352878,0.022198702267802923,0.1275387555153008,321,18,5000,20260922,exploratory_marginal_fixed_authors_conditional_fitted_models
codex51,w200_middle,char3_5_tfidf_svm,simplify,within_domain_gap,original->original,simplify->simplify,0.08481594161436257,0.01562857093632674,0.15339668802229509,321,18,5000,20260922,exploratory_marginal_fixed_authors_conditional_fitted_models
codex51,w200_suffix,shared_stylometry_nc,paraphrase,transfer_loss,original->original,original->paraphrase,0.10056826694744114,0.028571858289575567,0.17476555992331155,321,18,5000,20260922,exploratory_marginal_fixed_authors_conditional_fitted_models
codex51,w200_suffix,shared_stylometry_nc,paraphrase,adaptation_gain,paraphrase->paraphrase,original->paraphrase,0.030781890907117193,-0.028193159451040714,0.09335756614174817,321,18,5000,20260922,exploratory_marginal_fixed_authors_conditional_fitted_models
codex51,w200_suffix,shared_stylometry_nc,paraphrase,within_domain_gap,original->original,paraphrase->paraphrase,0.06978637604032395,-0.005578368662820766,0.1376083808626358,321,18,5000,20260922,exploratory_marginal_fixed_authors_conditional_fitted_models
codex51,w200_suffix,shared_stylometry_nc,modernize,transfer_loss,original->original,original->modernize,0.0957152931230027,0.017753789161781913,0.1731162940411713,321,18,5000,20260922,exploratory_marginal_fixed_authors_conditional_fitted_models
codex51,w200_suffix,shared_stylometry_nc,modernize,adaptation_gain,modernize->modernize,original->modernize,0.05450946166121434,-0.0062336142399397245,0.11290074845147201,321,18,5000,20260922,exploratory_marginal_fixed_authors_conditional_fitted_models
codex51,w200_suffix,shared_stylometry_nc,modernize,within_domain_gap,original->original,modernize->modernize,0.041205831461788356,-0.037921560968768746,0.11284084742299479,321,18,5000,20260922,exploratory_marginal_fixed_authors_conditional_fitted_models
codex51,w200_suffix,shared_stylometry_nc,simplify,transfer_loss,original->original,original->simplify,0.0889657495685115,0.01683256554224946,0.16551360080873018,321,18,5000,20260922,exploratory_marginal_fixed_authors_conditional_fitted_models
codex51,w200_suffix,shared_stylometry_nc,simplify,adaptation_gain,simplify->simplify,original->simplify,0.05065273965727701,-0.03426973214458071,0.15043185792314268,321,18,5000,20260922,exploratory_marginal_fixed_authors_conditional_fitted_models
codex51,w200_suffix,shared_stylometry_nc,simplify,within_domain_gap,original->original,simplify->simplify,0.038313009911234486,-0.049822250139583156,0.11511856963250805,321,18,5000,20260922,exploratory_marginal_fixed_authors_conditional_fitted_models
codex51,w200_suffix,shared_function_words_nc,paraphrase,transfer_loss,original->original,original->paraphrase,0.06653836003965319,0.00287014966307365,0.12766167791926747,321,18,5000,20260922,exploratory_marginal_fixed_authors_conditional_fitted_models
codex51,w200_suffix,shared_function_words_nc,paraphrase,adaptation_gain,paraphrase->paraphrase,original->paraphrase,0.015984064186000735,-0.039551176572313086,0.07097307090889257,321,18,5000,20260922,exploratory_marginal_fixed_authors_conditional_fitted_models
codex51,w200_suffix,shared_function_words_nc,paraphrase,within_domain_gap,original->original,paraphrase->paraphrase,0.05055429585365245,-0.023214946003599884,0.12502967075279775,321,18,5000,20260922,exploratory_marginal_fixed_authors_conditional_fitted_models
codex51,w200_suffix,shared_function_words_nc,modernize,transfer_loss,original->original,original->modernize,0.0652726723726183,-0.005789261791326147,0.1376110649238091,321,18,5000,20260922,exploratory_marginal_fixed_authors_conditional_fitted_models
codex51,w200_suffix,shared_function_words_nc,modernize,adaptation_gain,modernize->modernize,original->modernize,0.03395606788214667,-0.02402007746883888,0.0952457925062088,321,18,5000,20260922,exploratory_marginal_fixed_authors_conditional_fitted_models
codex51,w200_suffix,shared_function_words_nc,modernize,within_domain_gap,original->original,modernize->modernize,0.03131660449047163,-0.0318591348350331,0.09146688392925423,321,18,5000,20260922,exploratory_marginal_fixed_authors_conditional_fitted_models
codex51,w200_suffix,shared_function_words_nc,simplify,transfer_loss,original->original,original->simplify,0.06622174455024943,-0.004561789116625039,0.13643167961273903,321,18,5000,20260922,exploratory_marginal_fixed_authors_conditional_fitted_models
codex51,w200_suffix,shared_function_words_nc,simplify,adaptation_gain,simplify->simplify,original->simplify,-0.008221748437026943,-0.07706454401769014,0.06620003273308031,321,18,5000,20260922,exploratory_marginal_fixed_authors_conditional_fitted_models
codex51,w200_suffix,shared_function_words_nc,simplify,within_domain_gap,original->original,simplify->simplify,0.07444349298727637,0.0025196014758364373,0.1442138613120907,321,18,5000,20260922,exploratory_marginal_fixed_authors_conditional_fitted_models
codex51,w200_suffix,char3_5_tfidf_svm,paraphrase,transfer_loss,original->original,original->paraphrase,0.13271643875181738,0.06719191042087905,0.198284102490492,321,18,5000,20260922,exploratory_marginal_fixed_authors_conditional_fitted_models
codex51,w200_suffix,char3_5_tfidf_svm,paraphrase,adaptation_gain,paraphrase->paraphrase,original->paraphrase,0.006785616469737965,-0.04765818388120321,0.06953195867767462,321,18,5000,20260922,exploratory_marginal_fixed_authors_conditional_fitted_models
codex51,w200_suffix,char3_5_tfidf_svm,paraphrase,within_domain_gap,original->original,paraphrase->paraphrase,0.1259308222820794,0.05835486077918868,0.189683232227736,321,18,5000,20260922,exploratory_marginal_fixed_authors_conditional_fitted_models
codex51,w200_suffix,char3_5_tfidf_svm,modernize,transfer_loss,original->original,original->modernize,0.13389780680183483,0.06497562657131269,0.2017264892333613,321,18,5000,20260922,exploratory_marginal_fixed_authors_conditional_fitted_models
codex51,w200_suffix,char3_5_tfidf_svm,modernize,adaptation_gain,modernize->modernize,original->modernize,0.01523235830746561,-0.05089264837698844,0.08072355757902659,321,18,5000,20260922,exploratory_marginal_fixed_authors_conditional_fitted_models
codex51,w200_suffix,char3_5_tfidf_svm,modernize,within_domain_gap,original->original,modernize->modernize,0.11866544849436922,0.050060150361430945,0.18604070539353051,321,18,5000,20260922,exploratory_marginal_fixed_authors_conditional_fitted_models
codex51,w200_suffix,char3_5_tfidf_svm,simplify,transfer_loss,original->original,original->simplify,0.16424980558479207,0.09613652124232877,0.2297071617216367,321,18,5000,20260922,exploratory_marginal_fixed_authors_conditional_fitted_models
codex51,w200_suffix,char3_5_tfidf_svm,simplify,adaptation_gain,simplify->simplify,original->simplify,0.053671282687148936,-0.004449876434388156,0.11293706055637813,321,18,5000,20260922,exploratory_marginal_fixed_authors_conditional_fitted_models
codex51,w200_suffix,char3_5_tfidf_svm,simplify,within_domain_gap,original->original,simplify->simplify,0.11057852289764314,0.05252228297869693,0.16866731729938833,321,18,5000,20260922,exploratory_marginal_fixed_authors_conditional_fitted_models
codex51,matched300_full,shared_stylometry_nc,paraphrase,transfer_loss,original->original,original->paraphrase,0.12509956710153292,0.05842551365876437,0.19995298979687398,321,18,5000,20260922,exploratory_marginal_fixed_authors_conditional_fitted_models
codex51,matched300_full,shared_stylometry_nc,paraphrase,adaptation_gain,paraphrase->paraphrase,original->paraphrase,0.060011997120323124,-0.008035971348731377,0.14228376702553908,321,18,5000,20260922,exploratory_marginal_fixed_authors_conditional_fitted_models
codex51,matched300_full,shared_stylometry_nc,paraphrase,within_domain_gap,original->original,paraphrase->paraphrase,0.06508756998120979,0.006827022911051364,0.12658656467373602,321,18,5000,20260922,exploratory_marginal_fixed_authors_conditional_fitted_models
codex51,matched300_full,shared_stylometry_nc,modernize,transfer_loss,original->original,original->modernize,0.14521572796585563,0.08028345567535859,0.21375345570549523,321,18,5000,20260922,exploratory_marginal_fixed_authors_conditional_fitted_models
codex51,matched300_full,shared_stylometry_nc,modernize,adaptation_gain,modernize->modernize,original->modernize,0.056083264640670094,-0.011475093025867836,0.13049961422281472,321,18,5000,20260922,exploratory_marginal_fixed_authors_conditional_fitted_models
codex51,matched300_full,shared_stylometry_nc,modernize,within_domain_gap,original->original,modernize->modernize,0.08913246332518554,0.026139472081561543,0.15581268600849602,321,18,5000,20260922,exploratory_marginal_fixed_authors_conditional_fitted_models
codex51,matched300_full,shared_stylometry_nc,simplify,transfer_loss,original->original,original->simplify,0.15928444008579534,0.09911520431270739,0.22623842230649774,321,18,5000,20260922,exploratory_marginal_fixed_authors_conditional_fitted_models
codex51,matched300_full,shared_stylometry_nc,simplify,adaptation_gain,simplify->simplify,original->simplify,0.09159463205308815,0.04027986215889921,0.15042165003573052,321,18,5000,20260922,exploratory_marginal_fixed_authors_conditional_fitted_models
codex51,matched300_full,shared_stylometry_nc,simplify,within_domain_gap,original->original,simplify->simplify,0.06768980803270719,0.010140270313251449,0.12957288574715692,321,18,5000,20260922,exploratory_marginal_fixed_authors_conditional_fitted_models
codex51,matched300_full,shared_function_words_nc,paraphrase,transfer_loss,original->original,original->paraphrase,0.054720437462086324,-0.0023792732211252677,0.11221527407067687,321,18,5000,20260922,exploratory_marginal_fixed_authors_conditional_fitted_models
codex51,matched300_full,shared_function_words_nc,paraphrase,adaptation_gain,paraphrase->paraphrase,original->paraphrase,0.0018078698155591377,-0.046201930842351406,0.050034790420968436,321,18,5000,20260922,exploratory_marginal_fixed_authors_conditional_fitted_models
codex51,matched300_full,shared_function_words_nc,paraphrase,within_domain_gap,original->original,paraphrase->paraphrase,0.05291256764652719,-0.003037504595873874,0.10609020817563733,321,18,5000,20260922,exploratory_marginal_fixed_authors_conditional_fitted_models
codex51,matched300_full,shared_function_words_nc,modernize,transfer_loss,original->original,original->modernize,0.0869619588724786,0.02146274911332647,0.15482007356559424,321,18,5000,20260922,exploratory_marginal_fixed_authors_conditional_fitted_models
codex51,matched300_full,shared_function_words_nc,modernize,adaptation_gain,modernize->modernize,original->modernize,0.03378181267321245,-0.026964176460288872,0.10088014082280425,321,18,5000,20260922,exploratory_marginal_fixed_authors_conditional_fitted_models
codex51,matched300_full,shared_function_words_nc,modernize,within_domain_gap,original->original,modernize->modernize,0.05318014619926614,-0.018394900306291814,0.12415652434549679,321,18,5000,20260922,exploratory_marginal_fixed_authors_conditional_fitted_models
codex51,matched300_full,shared_function_words_nc,simplify,transfer_loss,original->original,original->simplify,0.07795393738298301,0.014666098903949333,0.14665205618661936,321,18,5000,20260922,exploratory_marginal_fixed_authors_conditional_fitted_models
codex51,matched300_full,shared_function_words_nc,simplify,adaptation_gain,simplify->simplify,original->simplify,0.007628756963128702,-0.04187334370338729,0.06118529622977139,321,18,5000,20260922,exploratory_marginal_fixed_authors_conditional_fitted_models
codex51,matched300_full,shared_function_words_nc,simplify,within_domain_gap,original->original,simplify->simplify,0.0703251804198543,0.007380744305122779,0.1313849113779796,321,18,5000,20260922,exploratory_marginal_fixed_authors_conditional_fitted_models
codex51,matched300_full,char3_5_tfidf_svm,paraphrase,transfer_loss,original->original,original->paraphrase,0.15080361437808465,0.10296743401418586,0.2042653009239639,321,18,5000,20260922,exploratory_marginal_fixed_authors_conditional_fitted_models
codex51,matched300_full,char3_5_tfidf_svm,paraphrase,adaptation_gain,paraphrase->paraphrase,original->paraphrase,0.039142571162119943,-0.018402314542726433,0.09463453407334471,321,18,5000,20260922,exploratory_marginal_fixed_authors_conditional_fitted_models
codex51,matched300_full,char3_5_tfidf_svm,paraphrase,within_domain_gap,original->original,paraphrase->paraphrase,0.1116610432159647,0.05756517224176056,0.1708376232538715,321,18,5000,20260922,exploratory_marginal_fixed_authors_conditional_fitted_models
codex51,matched300_full,char3_5_tfidf_svm,modernize,transfer_loss,original->original,original->modernize,0.1514019730020354,0.08379079239827994,0.21937840594971858,321,18,5000,20260922,exploratory_marginal_fixed_authors_conditional_fitted_models
codex51,matched300_full,char3_5_tfidf_svm,modernize,adaptation_gain,modernize->modernize,original->modernize,0.04170483670676983,-0.025563868319499927,0.11005352974519801,321,18,5000,20260922,exploratory_marginal_fixed_authors_conditional_fitted_models
codex51,matched300_full,char3_5_tfidf_svm,modernize,within_domain_gap,original->original,modernize->modernize,0.10969713629526556,0.05859516276394212,0.16233651669630533,321,18,5000,20260922,exploratory_marginal_fixed_authors_conditional_fitted_models
codex51,matched300_full,char3_5_tfidf_svm,simplify,transfer_loss,original->original,original->simplify,0.2002971041064734,0.14682366995532628,0.2598504305877488,321,18,5000,20260922,exploratory_marginal_fixed_authors_conditional_fitted_models
codex51,matched300_full,char3_5_tfidf_svm,simplify,adaptation_gain,simplify->simplify,original->simplify,0.09425167845960403,0.041986668973040306,0.15026995697445986,321,18,5000,20260922,exploratory_marginal_fixed_authors_conditional_fitted_models
codex51,matched300_full,char3_5_tfidf_svm,simplify,within_domain_gap,original->original,simplify->simplify,0.10604542564686936,0.051088869782895466,0.16177023965172513,321,18,5000,20260922,exploratory_marginal_fixed_authors_conditional_fitted_models
codex51,w300_middle,shared_stylometry_nc,paraphrase,transfer_loss,original->original,original->paraphrase,0.07610983716565267,0.010825134540145167,0.1484233512304811,321,18,5000,20260922,exploratory_marginal_fixed_authors_conditional_fitted_models
codex51,w300_middle,shared_stylometry_nc,paraphrase,adaptation_gain,paraphrase->paraphrase,original->paraphrase,0.03335999724794814,-0.03422894710212991,0.10689164658872014,321,18,5000,20260922,exploratory_marginal_fixed_authors_conditional_fitted_models
codex51,w300_middle,shared_stylometry_nc,paraphrase,within_domain_gap,original->original,paraphrase->paraphrase,0.042749839917704535,-0.026088966381008168,0.10999417932642012,321,18,5000,20260922,exploratory_marginal_fixed_authors_conditional_fitted_models
codex51,w300_middle,shared_stylometry_nc,modernize,transfer_loss,original->original,original->modernize,0.11644823553000833,0.06114030837193219,0.17521583171598165,321,18,5000,20260922,exploratory_marginal_fixed_authors_conditional_fitted_models
codex51,w300_middle,shared_stylometry_nc,modernize,adaptation_gain,modernize->modernize,original->modernize,0.06933284817315405,0.009144017988439482,0.13398537250874332,321,18,5000,20260922,exploratory_marginal_fixed_authors_conditional_fitted_models
codex51,w300_middle,shared_stylometry_nc,modernize,within_domain_gap,original->original,modernize->modernize,0.04711538735685428,-0.017499797642349435,0.10992804274779396,321,18,5000,20260922,exploratory_marginal_fixed_authors_conditional_fitted_models
codex51,w300_middle,shared_stylometry_nc,simplify,transfer_loss,original->original,original->simplify,0.10116583698314019,0.04076523871894327,0.1691028659014523,321,18,5000,20260922,exploratory_marginal_fixed_authors_conditional_fitted_models
codex51,w300_middle,shared_stylometry_nc,simplify,adaptation_gain,simplify->simplify,original->simplify,0.07079125307492062,0.003643221721462872,0.14405354252277638,321,18,5000,20260922,exploratory_marginal_fixed_authors_conditional_fitted_models
codex51,w300_middle,shared_stylometry_nc,simplify,within_domain_gap,original->original,simplify->simplify,0.030374583908219566,-0.030616719496665883,0.09128321326288462,321,18,5000,20260922,exploratory_marginal_fixed_authors_conditional_fitted_models
codex51,w300_middle,shared_function_words_nc,paraphrase,transfer_loss,original->original,original->paraphrase,0.03310534401910975,-0.024338135192904523,0.09109744704337856,321,18,5000,20260922,exploratory_marginal_fixed_authors_conditional_fitted_models
codex51,w300_middle,shared_function_words_nc,paraphrase,adaptation_gain,paraphrase->paraphrase,original->paraphrase,0.009432957395312136,-0.0415428606332508,0.06466065695845007,321,18,5000,20260922,exploratory_marginal_fixed_authors_conditional_fitted_models
codex51,w300_middle,shared_function_words_nc,paraphrase,within_domain_gap,original->original,paraphrase->paraphrase,0.023672386623797614,-0.03475154241331783,0.08108899139067875,321,18,5000,20260922,exploratory_marginal_fixed_authors_conditional_fitted_models
codex51,w300_middle,shared_function_words_nc,modernize,transfer_loss,original->original,original->modernize,0.041846097548661254,-0.022910885177027884,0.10831545630292576,321,18,5000,20260922,exploratory_marginal_fixed_authors_conditional_fitted_models
codex51,w300_middle,shared_function_words_nc,modernize,adaptation_gain,modernize->modernize,original->modernize,0.00797837151010794,-0.04356840756651679,0.06333252736361861,321,18,5000,20260922,exploratory_marginal_fixed_authors_conditional_fitted_models
codex51,w300_middle,shared_function_words_nc,modernize,within_domain_gap,original->original,modernize->modernize,0.033867726038553314,-0.032579146112306,0.0975939281410585,321,18,5000,20260922,exploratory_marginal_fixed_authors_conditional_fitted_models
codex51,w300_middle,shared_function_words_nc,simplify,transfer_loss,original->original,original->simplify,0.04830865411833313,-0.023483165013215818,0.12569768195244155,321,18,5000,20260922,exploratory_marginal_fixed_authors_conditional_fitted_models
codex51,w300_middle,shared_function_words_nc,simplify,adaptation_gain,simplify->simplify,original->simplify,0.016841880396902598,-0.038305161850784544,0.07756750304237152,321,18,5000,20260922,exploratory_marginal_fixed_authors_conditional_fitted_models
codex51,w300_middle,shared_function_words_nc,simplify,within_domain_gap,original->original,simplify->simplify,0.03146677372143053,-0.03427191300803863,0.0959386203795555,321,18,5000,20260922,exploratory_marginal_fixed_authors_conditional_fitted_models
codex51,w300_middle,char3_5_tfidf_svm,paraphrase,transfer_loss,original->original,original->paraphrase,0.12456495746887186,0.07492248244817014,0.17420684454007698,321,18,5000,20260922,exploratory_marginal_fixed_authors_conditional_fitted_models
codex51,w300_middle,char3_5_tfidf_svm,paraphrase,adaptation_gain,paraphrase->paraphrase,original->paraphrase,0.027308645911528817,-0.02375243332060678,0.08008502337276696,321,18,5000,20260922,exploratory_marginal_fixed_authors_conditional_fitted_models
codex51,w300_middle,char3_5_tfidf_svm,paraphrase,within_domain_gap,original->original,paraphrase->paraphrase,0.09725631155734304,0.03712421265986447,0.15693251643661618,321,18,5000,20260922,exploratory_marginal_fixed_authors_conditional_fitted_models
codex51,w300_middle,char3_5_tfidf_svm,modernize,transfer_loss,original->original,original->modernize,0.14610868683898115,0.08211153456239266,0.2094066666307897,321,18,5000,20260922,exploratory_marginal_fixed_authors_conditional_fitted_models
codex51,w300_middle,char3_5_tfidf_svm,modernize,adaptation_gain,modernize->modernize,original->modernize,0.07277985586298108,-0.00019467667878867687,0.14396788037855124,321,18,5000,20260922,exploratory_marginal_fixed_authors_conditional_fitted_models
codex51,w300_middle,char3_5_tfidf_svm,modernize,within_domain_gap,original->original,modernize->modernize,0.07332883097600007,0.004892676993265414,0.1433399044930148,321,18,5000,20260922,exploratory_marginal_fixed_authors_conditional_fitted_models
codex51,w300_middle,char3_5_tfidf_svm,simplify,transfer_loss,original->original,original->simplify,0.17090558372699394,0.11678342561774231,0.22721320812898463,321,18,5000,20260922,exploratory_marginal_fixed_authors_conditional_fitted_models
codex51,w300_middle,char3_5_tfidf_svm,simplify,adaptation_gain,simplify->simplify,original->simplify,0.10103304718337136,0.053361142329328516,0.15278331577272009,321,18,5000,20260922,exploratory_marginal_fixed_authors_conditional_fitted_models
codex51,w300_middle,char3_5_tfidf_svm,simplify,within_domain_gap,original->original,simplify->simplify,0.06987253654362258,0.020579506511007747,0.11934241334731603,321,18,5000,20260922,exploratory_marginal_fixed_authors_conditional_fitted_models
luna56,valid_full,shared_stylometry_nc,paraphrase,transfer_loss,original->original,original->paraphrase,0.15786470223760385,0.0947692577802226,0.2224975657162372,317,18,5000,20260922,exploratory_marginal_fixed_authors_conditional_fitted_models
luna56,valid_full,shared_stylometry_nc,paraphrase,adaptation_gain,paraphrase->paraphrase,original->paraphrase,0.07512002827855135,0.021884693024739714,0.13489210649343597,317,18,5000,20260922,exploratory_marginal_fixed_authors_conditional_fitted_models
luna56,valid_full,shared_stylometry_nc,paraphrase,within_domain_gap,original->original,paraphrase->paraphrase,0.0827446739590525,0.02985847267394329,0.13748615848723067,317,18,5000,20260922,exploratory_marginal_fixed_authors_conditional_fitted_models
luna56,valid_full,shared_stylometry_nc,modernize,transfer_loss,original->original,original->modernize,0.13687530453068653,0.0820699521993573,0.20387571776110908,317,18,5000,20260922,exploratory_marginal_fixed_authors_conditional_fitted_models
luna56,valid_full,shared_stylometry_nc,modernize,adaptation_gain,modernize->modernize,original->modernize,0.0217222469017897,-0.030652341711909076,0.09035156117671478,317,18,5000,20260922,exploratory_marginal_fixed_authors_conditional_fitted_models
luna56,valid_full,shared_stylometry_nc,modernize,within_domain_gap,original->original,modernize->modernize,0.11515305762889683,0.06500280060764907,0.16575886471489185,317,18,5000,20260922,exploratory_marginal_fixed_authors_conditional_fitted_models
luna56,valid_full,shared_stylometry_nc,simplify,transfer_loss,original->original,original->simplify,0.2109413971803859,0.15646459483647987,0.2746601424794367,317,18,5000,20260922,exploratory_marginal_fixed_authors_conditional_fitted_models
luna56,valid_full,shared_stylometry_nc,simplify,adaptation_gain,simplify->simplify,original->simplify,0.09321567956825433,0.04065908659699043,0.15335243564208764,317,18,5000,20260922,exploratory_marginal_fixed_authors_conditional_fitted_models
luna56,valid_full,shared_stylometry_nc,simplify,within_domain_gap,original->original,simplify->simplify,0.11772571761213158,0.06582220509547862,0.17186247529064777,317,18,5000,20260922,exploratory_marginal_fixed_authors_conditional_fitted_models
luna56,valid_full,shared_function_words_nc,paraphrase,transfer_loss,original->original,original->paraphrase,0.09716618830081786,0.029864707751082745,0.165337445360279,317,18,5000,20260922,exploratory_marginal_fixed_authors_conditional_fitted_models
luna56,valid_full,shared_function_words_nc,paraphrase,adaptation_gain,paraphrase->paraphrase,original->paraphrase,0.03224364226037735,-0.02154784220497452,0.09517779296734943,317,18,5000,20260922,exploratory_marginal_fixed_authors_conditional_fitted_models
luna56,valid_full,shared_function_words_nc,paraphrase,within_domain_gap,original->original,paraphrase->paraphrase,0.06492254604044051,0.005395390656063792,0.12060977203137117,317,18,5000,20260922,exploratory_marginal_fixed_authors_conditional_fitted_models
luna56,valid_full,shared_function_words_nc,modernize,transfer_loss,original->original,original->modernize,0.11044220461417648,0.0535892466978835,0.1684021878569677,317,18,5000,20260922,exploratory_marginal_fixed_authors_conditional_fitted_models
luna56,valid_full,shared_function_words_nc,modernize,adaptation_gain,modernize->modernize,original->modernize,0.027207167961147083,-0.025494980647468,0.08211405707538356,317,18,5000,20260922,exploratory_marginal_fixed_authors_conditional_fitted_models
luna56,valid_full,shared_function_words_nc,modernize,within_domain_gap,original->original,modernize->modernize,0.08323503665302939,0.01954461142297521,0.1473302953962418,317,18,5000,20260922,exploratory_marginal_fixed_authors_conditional_fitted_models
luna56,valid_full,shared_function_words_nc,simplify,transfer_loss,original->original,original->simplify,0.11943043771179174,0.05546286027639113,0.18111948067597963,317,18,5000,20260922,exploratory_marginal_fixed_authors_conditional_fitted_models
luna56,valid_full,shared_function_words_nc,simplify,adaptation_gain,simplify->simplify,original->simplify,0.02051859387515309,-0.032029649996058854,0.0718241862010419,317,18,5000,20260922,exploratory_marginal_fixed_authors_conditional_fitted_models
luna56,valid_full,shared_function_words_nc,simplify,within_domain_gap,original->original,simplify->simplify,0.09891184383663865,0.030026238602661747,0.16347017600626743,317,18,5000,20260922,exploratory_marginal_fixed_authors_conditional_fitted_models
luna56,valid_full,char3_5_tfidf_svm,paraphrase,transfer_loss,original->original,original->paraphrase,0.11164269920907,0.06347772252977475,0.17474508914002237,317,18,5000,20260922,exploratory_marginal_fixed_authors_conditional_fitted_models
luna56,valid_full,char3_5_tfidf_svm,paraphrase,adaptation_gain,paraphrase->paraphrase,original->paraphrase,0.014680055469260989,-0.02267322009111951,0.05653123247505455,317,18,5000,20260922,exploratory_marginal_fixed_authors_conditional_fitted_models
luna56,valid_full,char3_5_tfidf_svm,paraphrase,within_domain_gap,original->original,paraphrase->paraphrase,0.096962643739809,0.05343648518712547,0.14912258373636128,317,18,5000,20260922,exploratory_marginal_fixed_authors_conditional_fitted_models
luna56,valid_full,char3_5_tfidf_svm,modernize,transfer_loss,original->original,original->modernize,0.10071809085154027,0.05834446781752286,0.14517762090070124,317,18,5000,20260922,exploratory_marginal_fixed_authors_conditional_fitted_models
luna56,valid_full,char3_5_tfidf_svm,modernize,adaptation_gain,modernize->modernize,original->modernize,-0.00038180643376495293,-0.04743331264087328,0.04217891203050454,317,18,5000,20260922,exploratory_marginal_fixed_authors_conditional_fitted_models
luna56,valid_full,char3_5_tfidf_svm,modernize,within_domain_gap,original->original,modernize->modernize,0.10109989728530522,0.05213966618953143,0.15682590396084714,317,18,5000,20260922,exploratory_marginal_fixed_authors_conditional_fitted_models
luna56,valid_full,char3_5_tfidf_svm,simplify,transfer_loss,original->original,original->simplify,0.12609883220492002,0.08210241970255135,0.18437691996090014,317,18,5000,20260922,exploratory_marginal_fixed_authors_conditional_fitted_models
luna56,valid_full,char3_5_tfidf_svm,simplify,adaptation_gain,simplify->simplify,original->simplify,0.02290068528665712,-0.02611908897857599,0.07618609446002333,317,18,5000,20260922,exploratory_marginal_fixed_authors_conditional_fitted_models
luna56,valid_full,char3_5_tfidf_svm,simplify,within_domain_gap,original->original,simplify->simplify,0.1031981469182629,0.05877521445337964,0.15467944039911558,317,18,5000,20260922,exploratory_marginal_fixed_authors_conditional_fitted_models
luna56,matched200_full,shared_stylometry_nc,paraphrase,transfer_loss,original->original,original->paraphrase,0.15786470223760385,0.0947692577802226,0.2224975657162372,317,18,5000,20260922,exploratory_marginal_fixed_authors_conditional_fitted_models
luna56,matched200_full,shared_stylometry_nc,paraphrase,adaptation_gain,paraphrase->paraphrase,original->paraphrase,0.07512002827855135,0.021884693024739714,0.13489210649343597,317,18,5000,20260922,exploratory_marginal_fixed_authors_conditional_fitted_models
luna56,matched200_full,shared_stylometry_nc,paraphrase,within_domain_gap,original->original,paraphrase->paraphrase,0.0827446739590525,0.02985847267394329,0.13748615848723067,317,18,5000,20260922,exploratory_marginal_fixed_authors_conditional_fitted_models
luna56,matched200_full,shared_stylometry_nc,modernize,transfer_loss,original->original,original->modernize,0.13687530453068653,0.0820699521993573,0.20387571776110908,317,18,5000,20260922,exploratory_marginal_fixed_authors_conditional_fitted_models
luna56,matched200_full,shared_stylometry_nc,modernize,adaptation_gain,modernize->modernize,original->modernize,0.0217222469017897,-0.030652341711909076,0.09035156117671478,317,18,5000,20260922,exploratory_marginal_fixed_authors_conditional_fitted_models
luna56,matched200_full,shared_stylometry_nc,modernize,within_domain_gap,original->original,modernize->modernize,0.11515305762889683,0.06500280060764907,0.16575886471489185,317,18,5000,20260922,exploratory_marginal_fixed_authors_conditional_fitted_models
luna56,matched200_full,shared_stylometry_nc,simplify,transfer_loss,original->original,original->simplify,0.2109413971803859,0.15646459483647987,0.2746601424794367,317,18,5000,20260922,exploratory_marginal_fixed_authors_conditional_fitted_models
luna56,matched200_full,shared_stylometry_nc,simplify,adaptation_gain,simplify->simplify,original->simplify,0.09321567956825433,0.04065908659699043,0.15335243564208764,317,18,5000,20260922,exploratory_marginal_fixed_authors_conditional_fitted_models
luna56,matched200_full,shared_stylometry_nc,simplify,within_domain_gap,original->original,simplify->simplify,0.11772571761213158,0.06582220509547862,0.17186247529064777,317,18,5000,20260922,exploratory_marginal_fixed_authors_conditional_fitted_models
luna56,matched200_full,shared_function_words_nc,paraphrase,transfer_loss,original->original,original->paraphrase,0.09716618830081786,0.029864707751082745,0.165337445360279,317,18,5000,20260922,exploratory_marginal_fixed_authors_conditional_fitted_models
luna56,matched200_full,shared_function_words_nc,paraphrase,adaptation_gain,paraphrase->paraphrase,original->paraphrase,0.03224364226037735,-0.02154784220497452,0.09517779296734943,317,18,5000,20260922,exploratory_marginal_fixed_authors_conditional_fitted_models
luna56,matched200_full,shared_function_words_nc,paraphrase,within_domain_gap,original->original,paraphrase->paraphrase,0.06492254604044051,0.005395390656063792,0.12060977203137117,317,18,5000,20260922,exploratory_marginal_fixed_authors_conditional_fitted_models
luna56,matched200_full,shared_function_words_nc,modernize,transfer_loss,original->original,original->modernize,0.11044220461417648,0.0535892466978835,0.1684021878569677,317,18,5000,20260922,exploratory_marginal_fixed_authors_conditional_fitted_models
luna56,matched200_full,shared_function_words_nc,modernize,adaptation_gain,modernize->modernize,original->modernize,0.027207167961147083,-0.025494980647468,0.08211405707538356,317,18,5000,20260922,exploratory_marginal_fixed_authors_conditional_fitted_models
luna56,matched200_full,shared_function_words_nc,modernize,within_domain_gap,original->original,modernize->modernize,0.08323503665302939,0.01954461142297521,0.1473302953962418,317,18,5000,20260922,exploratory_marginal_fixed_authors_conditional_fitted_models
luna56,matched200_full,shared_function_words_nc,simplify,transfer_loss,original->original,original->simplify,0.11943043771179174,0.05546286027639113,0.18111948067597963,317,18,5000,20260922,exploratory_marginal_fixed_authors_conditional_fitted_models
luna56,matched200_full,shared_function_words_nc,simplify,adaptation_gain,simplify->simplify,original->simplify,0.02051859387515309,-0.032029649996058854,0.0718241862010419,317,18,5000,20260922,exploratory_marginal_fixed_authors_conditional_fitted_models
luna56,matched200_full,shared_function_words_nc,simplify,within_domain_gap,original->original,simplify->simplify,0.09891184383663865,0.030026238602661747,0.16347017600626743,317,18,5000,20260922,exploratory_marginal_fixed_authors_conditional_fitted_models
luna56,matched200_full,char3_5_tfidf_svm,paraphrase,transfer_loss,original->original,original->paraphrase,0.11164269920907,0.06347772252977475,0.17474508914002237,317,18,5000,20260922,exploratory_marginal_fixed_authors_conditional_fitted_models
luna56,matched200_full,char3_5_tfidf_svm,paraphrase,adaptation_gain,paraphrase->paraphrase,original->paraphrase,0.014680055469260989,-0.02267322009111951,0.05653123247505455,317,18,5000,20260922,exploratory_marginal_fixed_authors_conditional_fitted_models
luna56,matched200_full,char3_5_tfidf_svm,paraphrase,within_domain_gap,original->original,paraphrase->paraphrase,0.096962643739809,0.05343648518712547,0.14912258373636128,317,18,5000,20260922,exploratory_marginal_fixed_authors_conditional_fitted_models
luna56,matched200_full,char3_5_tfidf_svm,modernize,transfer_loss,original->original,original->modernize,0.10071809085154027,0.05834446781752286,0.14517762090070124,317,18,5000,20260922,exploratory_marginal_fixed_authors_conditional_fitted_models
luna56,matched200_full,char3_5_tfidf_svm,modernize,adaptation_gain,modernize->modernize,original->modernize,-0.00038180643376495293,-0.04743331264087328,0.04217891203050454,317,18,5000,20260922,exploratory_marginal_fixed_authors_conditional_fitted_models
luna56,matched200_full,char3_5_tfidf_svm,modernize,within_domain_gap,original->original,modernize->modernize,0.10109989728530522,0.05213966618953143,0.15682590396084714,317,18,5000,20260922,exploratory_marginal_fixed_authors_conditional_fitted_models
luna56,matched200_full,char3_5_tfidf_svm,simplify,transfer_loss,original->original,original->simplify,0.12609883220492002,0.08210241970255135,0.18437691996090014,317,18,5000,20260922,exploratory_marginal_fixed_authors_conditional_fitted_models
luna56,matched200_full,char3_5_tfidf_svm,simplify,adaptation_gain,simplify->simplify,original->simplify,0.02290068528665712,-0.02611908897857599,0.07618609446002333,317,18,5000,20260922,exploratory_marginal_fixed_authors_conditional_fitted_models
luna56,matched200_full,char3_5_tfidf_svm,simplify,within_domain_gap,original->original,simplify->simplify,0.1031981469182629,0.05877521445337964,0.15467944039911558,317,18,5000,20260922,exploratory_marginal_fixed_authors_conditional_fitted_models
luna56,w200_prefix,shared_stylometry_nc,paraphrase,transfer_loss,original->original,original->paraphrase,0.057964396983751776,0.00047803757381731935,0.11962938854772513,317,18,5000,20260922,exploratory_marginal_fixed_authors_conditional_fitted_models
luna56,w200_prefix,shared_stylometry_nc,paraphrase,adaptation_gain,paraphrase->paraphrase,original->paraphrase,-0.021453889954219985,-0.07248550825899366,0.031034137743284503,317,18,5000,20260922,exploratory_marginal_fixed_authors_conditional_fitted_models
luna56,w200_prefix,shared_stylometry_nc,paraphrase,within_domain_gap,original->original,paraphrase->paraphrase,0.07941828693797176,0.022335707170498983,0.1359973440824102,317,18,5000,20260922,exploratory_marginal_fixed_authors_conditional_fitted_models
luna56,w200_prefix,shared_stylometry_nc,modernize,transfer_loss,original->original,original->modernize,0.09511422140788678,0.04142203710414176,0.15000041621907584,317,18,5000,20260922,exploratory_marginal_fixed_authors_conditional_fitted_models
luna56,w200_prefix,shared_stylometry_nc,modernize,adaptation_gain,modernize->modernize,original->modernize,0.0020392252025595026,-0.04846266713194901,0.05582442728651238,317,18,5000,20260922,exploratory_marginal_fixed_authors_conditional_fitted_models
luna56,w200_prefix,shared_stylometry_nc,modernize,within_domain_gap,original->original,modernize->modernize,0.09307499620532728,0.02888175366984529,0.1547301301802996,317,18,5000,20260922,exploratory_marginal_fixed_authors_conditional_fitted_models
luna56,w200_prefix,shared_stylometry_nc,simplify,transfer_loss,original->original,original->simplify,0.11893091443369314,0.05598328123205626,0.18035982893106156,317,18,5000,20260922,exploratory_marginal_fixed_authors_conditional_fitted_models
luna56,w200_prefix,shared_stylometry_nc,simplify,adaptation_gain,simplify->simplify,original->simplify,0.05231047214467738,-0.011992557207334392,0.12350957042101293,317,18,5000,20260922,exploratory_marginal_fixed_authors_conditional_fitted_models
luna56,w200_prefix,shared_stylometry_nc,simplify,within_domain_gap,original->original,simplify->simplify,0.06662044228901576,-0.011810773681925681,0.14249437620397598,317,18,5000,20260922,exploratory_marginal_fixed_authors_conditional_fitted_models
luna56,w200_prefix,shared_function_words_nc,paraphrase,transfer_loss,original->original,original->paraphrase,0.08643607704541134,0.030095521709594095,0.14132517640848902,317,18,5000,20260922,exploratory_marginal_fixed_authors_conditional_fitted_models
luna56,w200_prefix,shared_function_words_nc,paraphrase,adaptation_gain,paraphrase->paraphrase,original->paraphrase,0.03836188845860217,-0.010392485516148612,0.08618996675941949,317,18,5000,20260922,exploratory_marginal_fixed_authors_conditional_fitted_models
luna56,w200_prefix,shared_function_words_nc,paraphrase,within_domain_gap,original->original,paraphrase->paraphrase,0.048074188586809175,-0.0069325986147101065,0.10473140275061862,317,18,5000,20260922,exploratory_marginal_fixed_authors_conditional_fitted_models
luna56,w200_prefix,shared_function_words_nc,modernize,transfer_loss,original->original,original->modernize,0.0763354037758428,0.023775288950314607,0.12774337366064983,317,18,5000,20260922,exploratory_marginal_fixed_authors_conditional_fitted_models
luna56,w200_prefix,shared_function_words_nc,modernize,adaptation_gain,modernize->modernize,original->modernize,0.011473575447672524,-0.04813918194151092,0.07579312167299519,317,18,5000,20260922,exploratory_marginal_fixed_authors_conditional_fitted_models
luna56,w200_prefix,shared_function_words_nc,modernize,within_domain_gap,original->original,modernize->modernize,0.06486182832817028,-0.000446642127600772,0.12992384122648867,317,18,5000,20260922,exploratory_marginal_fixed_authors_conditional_fitted_models
luna56,w200_prefix,shared_function_words_nc,simplify,transfer_loss,original->original,original->simplify,0.10335568372990434,0.05080015220890392,0.1570234333899135,317,18,5000,20260922,exploratory_marginal_fixed_authors_conditional_fitted_models
luna56,w200_prefix,shared_function_words_nc,simplify,adaptation_gain,simplify->simplify,original->simplify,0.01764929061750581,-0.029032387614704266,0.0704295216070521,317,18,5000,20260922,exploratory_marginal_fixed_authors_conditional_fitted_models
luna56,w200_prefix,shared_function_words_nc,simplify,within_domain_gap,original->original,simplify->simplify,0.08570639311239853,0.017478795921033723,0.15410661263812153,317,18,5000,20260922,exploratory_marginal_fixed_authors_conditional_fitted_models
luna56,w200_prefix,char3_5_tfidf_svm,paraphrase,transfer_loss,original->original,original->paraphrase,0.127910882320052,0.05899773260867254,0.19866588443323535,317,18,5000,20260922,exploratory_marginal_fixed_authors_conditional_fitted_models
luna56,w200_prefix,char3_5_tfidf_svm,paraphrase,adaptation_gain,paraphrase->paraphrase,original->paraphrase,0.009255488164923498,-0.04378952853498682,0.06213001885056895,317,18,5000,20260922,exploratory_marginal_fixed_authors_conditional_fitted_models
luna56,w200_prefix,char3_5_tfidf_svm,paraphrase,within_domain_gap,original->original,paraphrase->paraphrase,0.11865539415512849,0.06368503367921007,0.17976107601391847,317,18,5000,20260922,exploratory_marginal_fixed_authors_conditional_fitted_models
luna56,w200_prefix,char3_5_tfidf_svm,modernize,transfer_loss,original->original,original->modernize,0.08887282031272203,0.036410708683879356,0.1388328172317303,317,18,5000,20260922,exploratory_marginal_fixed_authors_conditional_fitted_models
luna56,w200_prefix,char3_5_tfidf_svm,modernize,adaptation_gain,modernize->modernize,original->modernize,0.007140824216043451,-0.03992385144099757,0.05657954729149865,317,18,5000,20260922,exploratory_marginal_fixed_authors_conditional_fitted_models
luna56,w200_prefix,char3_5_tfidf_svm,modernize,within_domain_gap,original->original,modernize->modernize,0.08173199609667858,0.029827833782803587,0.13128265770910527,317,18,5000,20260922,exploratory_marginal_fixed_authors_conditional_fitted_models
luna56,w200_prefix,char3_5_tfidf_svm,simplify,transfer_loss,original->original,original->simplify,0.15908490525002628,0.09519984212150105,0.2224103720417352,317,18,5000,20260922,exploratory_marginal_fixed_authors_conditional_fitted_models
luna56,w200_prefix,char3_5_tfidf_svm,simplify,adaptation_gain,simplify->simplify,original->simplify,0.06711415578853186,0.00041498959720505005,0.13338477975518728,317,18,5000,20260922,exploratory_marginal_fixed_authors_conditional_fitted_models
luna56,w200_prefix,char3_5_tfidf_svm,simplify,within_domain_gap,original->original,simplify->simplify,0.09197074946149442,0.03693370909595172,0.14725442706116074,317,18,5000,20260922,exploratory_marginal_fixed_authors_conditional_fitted_models
luna56,w200_middle,shared_stylometry_nc,paraphrase,transfer_loss,original->original,original->paraphrase,0.11913049072144094,0.06219026474447967,0.17728902207204617,317,18,5000,20260922,exploratory_marginal_fixed_authors_conditional_fitted_models
luna56,w200_middle,shared_stylometry_nc,paraphrase,adaptation_gain,paraphrase->paraphrase,original->paraphrase,0.01985168139510235,-0.023229755970515038,0.06171111911206142,317,18,5000,20260922,exploratory_marginal_fixed_authors_conditional_fitted_models
luna56,w200_middle,shared_stylometry_nc,paraphrase,within_domain_gap,original->original,paraphrase->paraphrase,0.09927880932633859,0.04182137317890242,0.16292996272379873,317,18,5000,20260922,exploratory_marginal_fixed_authors_conditional_fitted_models
luna56,w200_middle,shared_stylometry_nc,modernize,transfer_loss,original->original,original->modernize,0.12337658519872358,0.06430733459437425,0.19014669519955116,317,18,5000,20260922,exploratory_marginal_fixed_authors_conditional_fitted_models
luna56,w200_middle,shared_stylometry_nc,modernize,adaptation_gain,modernize->modernize,original->modernize,0.025165243525676395,-0.03791981284066586,0.0883584078511674,317,18,5000,20260922,exploratory_marginal_fixed_authors_conditional_fitted_models
luna56,w200_middle,shared_stylometry_nc,modernize,within_domain_gap,original->original,modernize->modernize,0.09821134167304718,0.040103597648493604,0.15495672689530335,317,18,5000,20260922,exploratory_marginal_fixed_authors_conditional_fitted_models
luna56,w200_middle,shared_stylometry_nc,simplify,transfer_loss,original->original,original->simplify,0.1502209928546589,0.08555898125682833,0.22403589853438297,317,18,5000,20260922,exploratory_marginal_fixed_authors_conditional_fitted_models
luna56,w200_middle,shared_stylometry_nc,simplify,adaptation_gain,simplify->simplify,original->simplify,0.0746450387011316,0.016435585096861625,0.13956214528353877,317,18,5000,20260922,exploratory_marginal_fixed_authors_conditional_fitted_models
luna56,w200_middle,shared_stylometry_nc,simplify,within_domain_gap,original->original,simplify->simplify,0.0755759541535273,0.011791983605983169,0.14254665465923058,317,18,5000,20260922,exploratory_marginal_fixed_authors_conditional_fitted_models
luna56,w200_middle,shared_function_words_nc,paraphrase,transfer_loss,original->original,original->paraphrase,0.050838008739630236,-0.008817715069583927,0.11129977650071324,317,18,5000,20260922,exploratory_marginal_fixed_authors_conditional_fitted_models
luna56,w200_middle,shared_function_words_nc,paraphrase,adaptation_gain,paraphrase->paraphrase,original->paraphrase,-0.0011764133806012045,-0.049434147367143064,0.050859986599908626,317,18,5000,20260922,exploratory_marginal_fixed_authors_conditional_fitted_models
luna56,w200_middle,shared_function_words_nc,paraphrase,within_domain_gap,original->original,paraphrase->paraphrase,0.05201442212023144,-0.015440840510374882,0.12153772726362051,317,18,5000,20260922,exploratory_marginal_fixed_authors_conditional_fitted_models
luna56,w200_middle,shared_function_words_nc,modernize,transfer_loss,original->original,original->modernize,0.05144179773941532,-0.005052712668230481,0.11105470955198803,317,18,5000,20260922,exploratory_marginal_fixed_authors_conditional_fitted_models
luna56,w200_middle,shared_function_words_nc,modernize,adaptation_gain,modernize->modernize,original->modernize,-0.018210236286131998,-0.06965988123164917,0.033798309368160265,317,18,5000,20260922,exploratory_marginal_fixed_authors_conditional_fitted_models
luna56,w200_middle,shared_function_words_nc,modernize,within_domain_gap,original->original,modernize->modernize,0.06965203402554732,0.01274098332667763,0.126028797671287,317,18,5000,20260922,exploratory_marginal_fixed_authors_conditional_fitted_models
luna56,w200_middle,shared_function_words_nc,simplify,transfer_loss,original->original,original->simplify,0.05398659135690881,-0.011893338961609847,0.12148180059468236,317,18,5000,20260922,exploratory_marginal_fixed_authors_conditional_fitted_models
luna56,w200_middle,shared_function_words_nc,simplify,adaptation_gain,simplify->simplify,original->simplify,0.024507492444725165,-0.033882869471301064,0.08216358230337442,317,18,5000,20260922,exploratory_marginal_fixed_authors_conditional_fitted_models
luna56,w200_middle,shared_function_words_nc,simplify,within_domain_gap,original->original,simplify->simplify,0.029479098912183643,-0.04698358180321785,0.10866856980975304,317,18,5000,20260922,exploratory_marginal_fixed_authors_conditional_fitted_models
luna56,w200_middle,char3_5_tfidf_svm,paraphrase,transfer_loss,original->original,original->paraphrase,0.1412418232713054,0.0764949078877096,0.21369481474333774,317,18,5000,20260922,exploratory_marginal_fixed_authors_conditional_fitted_models
luna56,w200_middle,char3_5_tfidf_svm,paraphrase,adaptation_gain,paraphrase->paraphrase,original->paraphrase,0.04046228306728672,-0.012298566785457609,0.09634871400050653,317,18,5000,20260922,exploratory_marginal_fixed_authors_conditional_fitted_models
luna56,w200_middle,char3_5_tfidf_svm,paraphrase,within_domain_gap,original->original,paraphrase->paraphrase,0.10077954020401869,0.04429484078510288,0.1602371717423727,317,18,5000,20260922,exploratory_marginal_fixed_authors_conditional_fitted_models
luna56,w200_middle,char3_5_tfidf_svm,modernize,transfer_loss,original->original,original->modernize,0.08212133112248887,0.027247847674112095,0.14106982580532287,317,18,5000,20260922,exploratory_marginal_fixed_authors_conditional_fitted_models
luna56,w200_middle,char3_5_tfidf_svm,modernize,adaptation_gain,modernize->modernize,original->modernize,-0.01341539838706518,-0.07716409220768133,0.042619439201204555,317,18,5000,20260922,exploratory_marginal_fixed_authors_conditional_fitted_models
luna56,w200_middle,char3_5_tfidf_svm,modernize,within_domain_gap,original->original,modernize->modernize,0.09553672950955405,0.03351989811664671,0.1615197958225584,317,18,5000,20260922,exploratory_marginal_fixed_authors_conditional_fitted_models
luna56,w200_middle,char3_5_tfidf_svm,simplify,transfer_loss,original->original,original->simplify,0.12399071495586078,0.06586133607134761,0.18705226478276146,317,18,5000,20260922,exploratory_marginal_fixed_authors_conditional_fitted_models
luna56,w200_middle,char3_5_tfidf_svm,simplify,adaptation_gain,simplify->simplify,original->simplify,0.02732325936827984,-0.018372797759252244,0.07420646677373012,317,18,5000,20260922,exploratory_marginal_fixed_authors_conditional_fitted_models
luna56,w200_middle,char3_5_tfidf_svm,simplify,within_domain_gap,original->original,simplify->simplify,0.09666745558758094,0.03449939120645611,0.16388760833691188,317,18,5000,20260922,exploratory_marginal_fixed_authors_conditional_fitted_models
luna56,w200_suffix,shared_stylometry_nc,paraphrase,transfer_loss,original->original,original->paraphrase,0.09911409656659392,0.027130912331554253,0.17518343808602618,317,18,5000,20260922,exploratory_marginal_fixed_authors_conditional_fitted_models
luna56,w200_suffix,shared_stylometry_nc,paraphrase,adaptation_gain,paraphrase->paraphrase,original->paraphrase,0.026067641083929005,-0.03612670443863692,0.0860911095136659,317,18,5000,20260922,exploratory_marginal_fixed_authors_conditional_fitted_models
luna56,w200_suffix,shared_stylometry_nc,paraphrase,within_domain_gap,original->original,paraphrase->paraphrase,0.07304645548266492,0.0015945772057469904,0.14156213489260933,317,18,5000,20260922,exploratory_marginal_fixed_authors_conditional_fitted_models
luna56,w200_suffix,shared_stylometry_nc,modernize,transfer_loss,original->original,original->modernize,0.11029478108922108,0.04131472733644749,0.1801193373058792,317,18,5000,20260922,exploratory_marginal_fixed_authors_conditional_fitted_models
luna56,w200_suffix,shared_stylometry_nc,modernize,adaptation_gain,modernize->modernize,original->modernize,0.005483343643091387,-0.06343532986627311,0.07526585924731874,317,18,5000,20260922,exploratory_marginal_fixed_authors_conditional_fitted_models
luna56,w200_suffix,shared_stylometry_nc,modernize,within_domain_gap,original->original,modernize->modernize,0.1048114374461297,0.03521898869360428,0.17195241387547291,317,18,5000,20260922,exploratory_marginal_fixed_authors_conditional_fitted_models
luna56,w200_suffix,shared_stylometry_nc,simplify,transfer_loss,original->original,original->simplify,0.1327424648722902,0.06364667548827971,0.2011146571772066,317,18,5000,20260922,exploratory_marginal_fixed_authors_conditional_fitted_models
luna56,w200_suffix,shared_stylometry_nc,simplify,adaptation_gain,simplify->simplify,original->simplify,0.02567730809344282,-0.03624114952450412,0.08917089012081705,317,18,5000,20260922,exploratory_marginal_fixed_authors_conditional_fitted_models
luna56,w200_suffix,shared_stylometry_nc,simplify,within_domain_gap,original->original,simplify->simplify,0.10706515677884737,0.031191447704302537,0.1815717930596246,317,18,5000,20260922,exploratory_marginal_fixed_authors_conditional_fitted_models
luna56,w200_suffix,shared_function_words_nc,paraphrase,transfer_loss,original->original,original->paraphrase,0.10774859726303987,0.03049659625797523,0.18279850049698698,317,18,5000,20260922,exploratory_marginal_fixed_authors_conditional_fitted_models
luna56,w200_suffix,shared_function_words_nc,paraphrase,adaptation_gain,paraphrase->paraphrase,original->paraphrase,0.045755830183468904,-0.008848927204640838,0.10486141696373728,317,18,5000,20260922,exploratory_marginal_fixed_authors_conditional_fitted_models
luna56,w200_suffix,shared_function_words_nc,paraphrase,within_domain_gap,original->original,paraphrase->paraphrase,0.061992767079570965,-0.014195245911203231,0.1368021960370368,317,18,5000,20260922,exploratory_marginal_fixed_authors_conditional_fitted_models
luna56,w200_suffix,shared_function_words_nc,modernize,transfer_loss,original->original,original->modernize,0.10913848082521727,0.043476927528770255,0.1742913510092967,317,18,5000,20260922,exploratory_marginal_fixed_authors_conditional_fitted_models
luna56,w200_suffix,shared_function_words_nc,modernize,adaptation_gain,modernize->modernize,original->modernize,0.006345473358066234,-0.05343190809704564,0.06531194492441635,317,18,5000,20260922,exploratory_marginal_fixed_authors_conditional_fitted_models
luna56,w200_suffix,shared_function_words_nc,modernize,within_domain_gap,original->original,modernize->modernize,0.10279300746715103,0.03414985234815065,0.1767071259032161,317,18,5000,20260922,exploratory_marginal_fixed_authors_conditional_fitted_models
luna56,w200_suffix,shared_function_words_nc,simplify,transfer_loss,original->original,original->simplify,0.11317652336387274,0.027166696987743155,0.19211711602576875,317,18,5000,20260922,exploratory_marginal_fixed_authors_conditional_fitted_models
luna56,w200_suffix,shared_function_words_nc,simplify,adaptation_gain,simplify->simplify,original->simplify,0.009012033047497314,-0.06071712619267035,0.07131504959125451,317,18,5000,20260922,exploratory_marginal_fixed_authors_conditional_fitted_models
luna56,w200_suffix,shared_function_words_nc,simplify,within_domain_gap,original->original,simplify->simplify,0.10416449031637542,0.037928505836858285,0.1712490622690409,317,18,5000,20260922,exploratory_marginal_fixed_authors_conditional_fitted_models
luna56,w200_suffix,char3_5_tfidf_svm,paraphrase,transfer_loss,original->original,original->paraphrase,0.13915633145021689,0.08300375648383386,0.20356887051490097,317,18,5000,20260922,exploratory_marginal_fixed_authors_conditional_fitted_models
luna56,w200_suffix,char3_5_tfidf_svm,paraphrase,adaptation_gain,paraphrase->paraphrase,original->paraphrase,0.03932249774031238,-0.016516183816492686,0.0988046829535584,317,18,5000,20260922,exploratory_marginal_fixed_authors_conditional_fitted_models
luna56,w200_suffix,char3_5_tfidf_svm,paraphrase,within_domain_gap,original->original,paraphrase->paraphrase,0.09983383370990451,0.045410717695036025,0.15953204790985367,317,18,5000,20260922,exploratory_marginal_fixed_authors_conditional_fitted_models
luna56,w200_suffix,char3_5_tfidf_svm,modernize,transfer_loss,original->original,original->modernize,0.10493814225359033,0.055483806841085774,0.15958133989560944,317,18,5000,20260922,exploratory_marginal_fixed_authors_conditional_fitted_models
luna56,w200_suffix,char3_5_tfidf_svm,modernize,adaptation_gain,modernize->modernize,original->modernize,0.007287923597392276,-0.04692909240236687,0.05998973754995331,317,18,5000,20260922,exploratory_marginal_fixed_authors_conditional_fitted_models
luna56,w200_suffix,char3_5_tfidf_svm,modernize,within_domain_gap,original->original,modernize->modernize,0.09765021865619805,0.038913844593150775,0.16235323897051437,317,18,5000,20260922,exploratory_marginal_fixed_authors_conditional_fitted_models
luna56,w200_suffix,char3_5_tfidf_svm,simplify,transfer_loss,original->original,original->simplify,0.11783549309774655,0.056646160364256765,0.17888311820148503,317,18,5000,20260922,exploratory_marginal_fixed_authors_conditional_fitted_models
luna56,w200_suffix,char3_5_tfidf_svm,simplify,adaptation_gain,simplify->simplify,original->simplify,0.029802643244030147,-0.028220461411139104,0.08701014760905107,317,18,5000,20260922,exploratory_marginal_fixed_authors_conditional_fitted_models
luna56,w200_suffix,char3_5_tfidf_svm,simplify,within_domain_gap,original->original,simplify->simplify,0.0880328498537164,0.028814366287650543,0.1518285803352117,317,18,5000,20260922,exploratory_marginal_fixed_authors_conditional_fitted_models
luna56,matched300_full,shared_stylometry_nc,paraphrase,transfer_loss,original->original,original->paraphrase,0.15786470223760385,0.0947692577802226,0.2224975657162372,317,18,5000,20260922,exploratory_marginal_fixed_authors_conditional_fitted_models
luna56,matched300_full,shared_stylometry_nc,paraphrase,adaptation_gain,paraphrase->paraphrase,original->paraphrase,0.07512002827855135,0.021884693024739714,0.13489210649343597,317,18,5000,20260922,exploratory_marginal_fixed_authors_conditional_fitted_models
luna56,matched300_full,shared_stylometry_nc,paraphrase,within_domain_gap,original->original,paraphrase->paraphrase,0.0827446739590525,0.02985847267394329,0.13748615848723067,317,18,5000,20260922,exploratory_marginal_fixed_authors_conditional_fitted_models
luna56,matched300_full,shared_stylometry_nc,modernize,transfer_loss,original->original,original->modernize,0.13687530453068653,0.0820699521993573,0.20387571776110908,317,18,5000,20260922,exploratory_marginal_fixed_authors_conditional_fitted_models
luna56,matched300_full,shared_stylometry_nc,modernize,adaptation_gain,modernize->modernize,original->modernize,0.0217222469017897,-0.030652341711909076,0.09035156117671478,317,18,5000,20260922,exploratory_marginal_fixed_authors_conditional_fitted_models
luna56,matched300_full,shared_stylometry_nc,modernize,within_domain_gap,original->original,modernize->modernize,0.11515305762889683,0.06500280060764907,0.16575886471489185,317,18,5000,20260922,exploratory_marginal_fixed_authors_conditional_fitted_models
luna56,matched300_full,shared_stylometry_nc,simplify,transfer_loss,original->original,original->simplify,0.2109413971803859,0.15646459483647987,0.2746601424794367,317,18,5000,20260922,exploratory_marginal_fixed_authors_conditional_fitted_models
luna56,matched300_full,shared_stylometry_nc,simplify,adaptation_gain,simplify->simplify,original->simplify,0.09321567956825433,0.04065908659699043,0.15335243564208764,317,18,5000,20260922,exploratory_marginal_fixed_authors_conditional_fitted_models
luna56,matched300_full,shared_stylometry_nc,simplify,within_domain_gap,original->original,simplify->simplify,0.11772571761213158,0.06582220509547862,0.17186247529064777,317,18,5000,20260922,exploratory_marginal_fixed_authors_conditional_fitted_models
luna56,matched300_full,shared_function_words_nc,paraphrase,transfer_loss,original->original,original->paraphrase,0.09716618830081786,0.029864707751082745,0.165337445360279,317,18,5000,20260922,exploratory_marginal_fixed_authors_conditional_fitted_models
luna56,matched300_full,shared_function_words_nc,paraphrase,adaptation_gain,paraphrase->paraphrase,original->paraphrase,0.03224364226037735,-0.02154784220497452,0.09517779296734943,317,18,5000,20260922,exploratory_marginal_fixed_authors_conditional_fitted_models
luna56,matched300_full,shared_function_words_nc,paraphrase,within_domain_gap,original->original,paraphrase->paraphrase,0.06492254604044051,0.005395390656063792,0.12060977203137117,317,18,5000,20260922,exploratory_marginal_fixed_authors_conditional_fitted_models
luna56,matched300_full,shared_function_words_nc,modernize,transfer_loss,original->original,original->modernize,0.11044220461417648,0.0535892466978835,0.1684021878569677,317,18,5000,20260922,exploratory_marginal_fixed_authors_conditional_fitted_models
luna56,matched300_full,shared_function_words_nc,modernize,adaptation_gain,modernize->modernize,original->modernize,0.027207167961147083,-0.025494980647468,0.08211405707538356,317,18,5000,20260922,exploratory_marginal_fixed_authors_conditional_fitted_models
luna56,matched300_full,shared_function_words_nc,modernize,within_domain_gap,original->original,modernize->modernize,0.08323503665302939,0.01954461142297521,0.1473302953962418,317,18,5000,20260922,exploratory_marginal_fixed_authors_conditional_fitted_models
luna56,matched300_full,shared_function_words_nc,simplify,transfer_loss,original->original,original->simplify,0.11943043771179174,0.05546286027639113,0.18111948067597963,317,18,5000,20260922,exploratory_marginal_fixed_authors_conditional_fitted_models
luna56,matched300_full,shared_function_words_nc,simplify,adaptation_gain,simplify->simplify,original->simplify,0.02051859387515309,-0.032029649996058854,0.0718241862010419,317,18,5000,20260922,exploratory_marginal_fixed_authors_conditional_fitted_models
luna56,matched300_full,shared_function_words_nc,simplify,within_domain_gap,original->original,simplify->simplify,0.09891184383663865,0.030026238602661747,0.16347017600626743,317,18,5000,20260922,exploratory_marginal_fixed_authors_conditional_fitted_models
luna56,matched300_full,char3_5_tfidf_svm,paraphrase,transfer_loss,original->original,original->paraphrase,0.11164269920907,0.06347772252977475,0.17474508914002237,317,18,5000,20260922,exploratory_marginal_fixed_authors_conditional_fitted_models
luna56,matched300_full,char3_5_tfidf_svm,paraphrase,adaptation_gain,paraphrase->paraphrase,original->paraphrase,0.014680055469260989,-0.02267322009111951,0.05653123247505455,317,18,5000,20260922,exploratory_marginal_fixed_authors_conditional_fitted_models
luna56,matched300_full,char3_5_tfidf_svm,paraphrase,within_domain_gap,original->original,paraphrase->paraphrase,0.096962643739809,0.05343648518712547,0.14912258373636128,317,18,5000,20260922,exploratory_marginal_fixed_authors_conditional_fitted_models
luna56,matched300_full,char3_5_tfidf_svm,modernize,transfer_loss,original->original,original->modernize,0.10071809085154027,0.05834446781752286,0.14517762090070124,317,18,5000,20260922,exploratory_marginal_fixed_authors_conditional_fitted_models
luna56,matched300_full,char3_5_tfidf_svm,modernize,adaptation_gain,modernize->modernize,original->modernize,-0.00038180643376495293,-0.04743331264087328,0.04217891203050454,317,18,5000,20260922,exploratory_marginal_fixed_authors_conditional_fitted_models
luna56,matched300_full,char3_5_tfidf_svm,modernize,within_domain_gap,original->original,modernize->modernize,0.10109989728530522,0.05213966618953143,0.15682590396084714,317,18,5000,20260922,exploratory_marginal_fixed_authors_conditional_fitted_models
luna56,matched300_full,char3_5_tfidf_svm,simplify,transfer_loss,original->original,original->simplify,0.12609883220492002,0.08210241970255135,0.18437691996090014,317,18,5000,20260922,exploratory_marginal_fixed_authors_conditional_fitted_models
luna56,matched300_full,char3_5_tfidf_svm,simplify,adaptation_gain,simplify->simplify,original->simplify,0.02290068528665712,-0.02611908897857599,0.07618609446002333,317,18,5000,20260922,exploratory_marginal_fixed_authors_conditional_fitted_models
luna56,matched300_full,char3_5_tfidf_svm,simplify,within_domain_gap,original->original,simplify->simplify,0.1031981469182629,0.05877521445337964,0.15467944039911558,317,18,5000,20260922,exploratory_marginal_fixed_authors_conditional_fitted_models
luna56,w300_middle,shared_stylometry_nc,paraphrase,transfer_loss,original->original,original->paraphrase,0.09231905838521592,0.03513731516285614,0.15735050658964728,317,18,5000,20260922,exploratory_marginal_fixed_authors_conditional_fitted_models
luna56,w300_middle,shared_stylometry_nc,paraphrase,adaptation_gain,paraphrase->paraphrase,original->paraphrase,0.03331953608379379,-0.016123638480048587,0.08977205959221958,317,18,5000,20260922,exploratory_marginal_fixed_authors_conditional_fitted_models
luna56,w300_middle,shared_stylometry_nc,paraphrase,within_domain_gap,original->original,paraphrase->paraphrase,0.058999522301422136,0.007952213194775137,0.11044742833262568,317,18,5000,20260922,exploratory_marginal_fixed_authors_conditional_fitted_models
luna56,w300_middle,shared_stylometry_nc,modernize,transfer_loss,original->original,original->modernize,0.10456146119181658,0.04817080738590216,0.1670115384967183,317,18,5000,20260922,exploratory_marginal_fixed_authors_conditional_fitted_models
luna56,w300_middle,shared_stylometry_nc,modernize,adaptation_gain,modernize->modernize,original->modernize,0.023282249079317974,-0.026074436784864704,0.0790952962419791,317,18,5000,20260922,exploratory_marginal_fixed_authors_conditional_fitted_models
luna56,w300_middle,shared_stylometry_nc,modernize,within_domain_gap,original->original,modernize->modernize,0.08127921211249861,0.028572979981768037,0.13703015569252214,317,18,5000,20260922,exploratory_marginal_fixed_authors_conditional_fitted_models
luna56,w300_middle,shared_stylometry_nc,simplify,transfer_loss,original->original,original->simplify,0.12027148980879898,0.05197490617930243,0.19272288152805478,317,18,5000,20260922,exploratory_marginal_fixed_authors_conditional_fitted_models
luna56,w300_middle,shared_stylometry_nc,simplify,adaptation_gain,simplify->simplify,original->simplify,0.03530571489386314,-0.022148883723345277,0.10018779601084021,317,18,5000,20260922,exploratory_marginal_fixed_authors_conditional_fitted_models
luna56,w300_middle,shared_stylometry_nc,simplify,within_domain_gap,original->original,simplify->simplify,0.08496577491493584,0.02810635044793594,0.14382042999296757,317,18,5000,20260922,exploratory_marginal_fixed_authors_conditional_fitted_models
luna56,w300_middle,shared_function_words_nc,paraphrase,transfer_loss,original->original,original->paraphrase,0.05497854867715968,-0.003048641271544756,0.11204174012772299,317,18,5000,20260922,exploratory_marginal_fixed_authors_conditional_fitted_models
luna56,w300_middle,shared_function_words_nc,paraphrase,adaptation_gain,paraphrase->paraphrase,original->paraphrase,0.020349699467408666,-0.03113094864759464,0.0737902915983206,317,18,5000,20260922,exploratory_marginal_fixed_authors_conditional_fitted_models
luna56,w300_middle,shared_function_words_nc,paraphrase,within_domain_gap,original->original,paraphrase->paraphrase,0.03462884920975101,-0.01981541450946944,0.087660878976607,317,18,5000,20260922,exploratory_marginal_fixed_authors_conditional_fitted_models
luna56,w300_middle,shared_function_words_nc,modernize,transfer_loss,original->original,original->modernize,0.06573072259689522,0.006466467181684414,0.12309557005596679,317,18,5000,20260922,exploratory_marginal_fixed_authors_conditional_fitted_models
luna56,w300_middle,shared_function_words_nc,modernize,adaptation_gain,modernize->modernize,original->modernize,0.011030600188497441,-0.03874194515891345,0.06292002565436697,317,18,5000,20260922,exploratory_marginal_fixed_authors_conditional_fitted_models
luna56,w300_middle,shared_function_words_nc,modernize,within_domain_gap,original->original,modernize->modernize,0.05470012240839778,-0.013403727982147801,0.11756194656379307,317,18,5000,20260922,exploratory_marginal_fixed_authors_conditional_fitted_models
luna56,w300_middle,shared_function_words_nc,simplify,transfer_loss,original->original,original->simplify,0.08910635143386847,0.03480160877191421,0.14510861896013716,317,18,5000,20260922,exploratory_marginal_fixed_authors_conditional_fitted_models
luna56,w300_middle,shared_function_words_nc,simplify,adaptation_gain,simplify->simplify,original->simplify,0.023307600370678472,-0.027680789919649403,0.07618387977981106,317,18,5000,20260922,exploratory_marginal_fixed_authors_conditional_fitted_models
luna56,w300_middle,shared_function_words_nc,simplify,within_domain_gap,original->original,simplify->simplify,0.06579875106319,0.002343221224491796,0.12683409490201647,317,18,5000,20260922,exploratory_marginal_fixed_authors_conditional_fitted_models
luna56,w300_middle,char3_5_tfidf_svm,paraphrase,transfer_loss,original->original,original->paraphrase,0.0945224297579711,0.04811609151196371,0.1546726657588224,317,18,5000,20260922,exploratory_marginal_fixed_authors_conditional_fitted_models
luna56,w300_middle,char3_5_tfidf_svm,paraphrase,adaptation_gain,paraphrase->paraphrase,original->paraphrase,0.005669717464852342,-0.03981244287162691,0.05522754668069205,317,18,5000,20260922,exploratory_marginal_fixed_authors_conditional_fitted_models
luna56,w300_middle,char3_5_tfidf_svm,paraphrase,within_domain_gap,original->original,paraphrase->paraphrase,0.08885271229311875,0.04427329147712402,0.14608751427860533,317,18,5000,20260922,exploratory_marginal_fixed_authors_conditional_fitted_models
luna56,w300_middle,char3_5_tfidf_svm,modernize,transfer_loss,original->original,original->modernize,0.09987746673159714,0.061353760563804996,0.14970759963378416,317,18,5000,20260922,exploratory_marginal_fixed_authors_conditional_fitted_models
luna56,w300_middle,char3_5_tfidf_svm,modernize,adaptation_gain,modernize->modernize,original->modernize,0.020734951692643833,-0.017737555629419855,0.06141152605759526,317,18,5000,20260922,exploratory_marginal_fixed_authors_conditional_fitted_models
luna56,w300_middle,char3_5_tfidf_svm,modernize,within_domain_gap,original->original,modernize->modernize,0.07914251503895331,0.039386812912919,0.1269344825859382,317,18,5000,20260922,exploratory_marginal_fixed_authors_conditional_fitted_models
luna56,w300_middle,char3_5_tfidf_svm,simplify,transfer_loss,original->original,original->simplify,0.11888719414057325,0.06794540989760432,0.1745328339753396,317,18,5000,20260922,exploratory_marginal_fixed_authors_conditional_fitted_models
luna56,w300_middle,char3_5_tfidf_svm,simplify,adaptation_gain,simplify->simplify,original->simplify,0.05483200600621063,0.008059315127742137,0.10485846121273106,317,18,5000,20260922,exploratory_marginal_fixed_authors_conditional_fitted_models
luna56,w300_middle,char3_5_tfidf_svm,simplify,within_domain_gap,original->original,simplify->simplify,0.06405518813436262,0.023976607026221695,0.10779664196516917,317,18,5000,20260922,exploratory_marginal_fixed_authors_conditional_fitted_models
terra56,valid_full,shared_stylometry_nc,paraphrase,transfer_loss,original->original,original->paraphrase,0.08033914573671552,0.015283946481346176,0.15077919230953993,318,18,5000,20260922,exploratory_marginal_fixed_authors_conditional_fitted_models
terra56,valid_full,shared_stylometry_nc,paraphrase,adaptation_gain,paraphrase->paraphrase,original->paraphrase,0.04574086073171357,-0.014133176539787825,0.11260041534824418,318,18,5000,20260922,exploratory_marginal_fixed_authors_conditional_fitted_models
terra56,valid_full,shared_stylometry_nc,paraphrase,within_domain_gap,original->original,paraphrase->paraphrase,0.03459828500500195,-0.02094831264720634,0.09296964393200502,318,18,5000,20260922,exploratory_marginal_fixed_authors_conditional_fitted_models
terra56,valid_full,shared_stylometry_nc,modernize,transfer_loss,original->original,original->modernize,0.11566866504064544,0.05101419621365758,0.18987493089121837,318,18,5000,20260922,exploratory_marginal_fixed_authors_conditional_fitted_models
terra56,valid_full,shared_stylometry_nc,modernize,adaptation_gain,modernize->modernize,original->modernize,0.0258077727759648,-0.027741363825841973,0.09492247748574188,318,18,5000,20260922,exploratory_marginal_fixed_authors_conditional_fitted_models
terra56,valid_full,shared_stylometry_nc,modernize,within_domain_gap,original->original,modernize->modernize,0.08986089226468064,0.04392769303064056,0.1377960016661005,318,18,5000,20260922,exploratory_marginal_fixed_authors_conditional_fitted_models
terra56,valid_full,shared_stylometry_nc,simplify,transfer_loss,original->original,original->simplify,0.15771834487658803,0.09402486913923852,0.23351362898876135,318,18,5000,20260922,exploratory_marginal_fixed_authors_conditional_fitted_models
terra56,valid_full,shared_stylometry_nc,simplify,adaptation_gain,simplify->simplify,original->simplify,0.0727785707931013,0.01832527073193028,0.1441445118983489,318,18,5000,20260922,exploratory_marginal_fixed_authors_conditional_fitted_models
terra56,valid_full,shared_stylometry_nc,simplify,within_domain_gap,original->original,simplify->simplify,0.08493977408348674,0.03678293945663956,0.13604376009306307,318,18,5000,20260922,exploratory_marginal_fixed_authors_conditional_fitted_models
terra56,valid_full,shared_function_words_nc,paraphrase,transfer_loss,original->original,original->paraphrase,0.03757469947132763,-0.01885736541368893,0.1002585394936068,318,18,5000,20260922,exploratory_marginal_fixed_authors_conditional_fitted_models
terra56,valid_full,shared_function_words_nc,paraphrase,adaptation_gain,paraphrase->paraphrase,original->paraphrase,0.006535450499670636,-0.03262592084376988,0.04880483389305504,318,18,5000,20260922,exploratory_marginal_fixed_authors_conditional_fitted_models
terra56,valid_full,shared_function_words_nc,paraphrase,within_domain_gap,original->original,paraphrase->paraphrase,0.031039248971656996,-0.024191604512554345,0.08852245367641758,318,18,5000,20260922,exploratory_marginal_fixed_authors_conditional_fitted_models
terra56,valid_full,shared_function_words_nc,modernize,transfer_loss,original->original,original->modernize,0.07449043647980907,0.017998412458390973,0.13478908528730363,318,18,5000,20260922,exploratory_marginal_fixed_authors_conditional_fitted_models
terra56,valid_full,shared_function_words_nc,modernize,adaptation_gain,modernize->modernize,original->modernize,0.02501549568191125,-0.016890038442040865,0.07226458827099821,318,18,5000,20260922,exploratory_marginal_fixed_authors_conditional_fitted_models
terra56,valid_full,shared_function_words_nc,modernize,within_domain_gap,original->original,modernize->modernize,0.049474940797897826,-0.00732688176166649,0.10517371465404753,318,18,5000,20260922,exploratory_marginal_fixed_authors_conditional_fitted_models
terra56,valid_full,shared_function_words_nc,simplify,transfer_loss,original->original,original->simplify,0.10005812169940559,0.035175771064437616,0.17176645950705247,318,18,5000,20260922,exploratory_marginal_fixed_authors_conditional_fitted_models
terra56,valid_full,shared_function_words_nc,simplify,adaptation_gain,simplify->simplify,original->simplify,0.020091629744098116,-0.03250788168167824,0.07761972567298188,318,18,5000,20260922,exploratory_marginal_fixed_authors_conditional_fitted_models
terra56,valid_full,shared_function_words_nc,simplify,within_domain_gap,original->original,simplify->simplify,0.07996649195530747,0.023214412363255957,0.13963522127849293,318,18,5000,20260922,exploratory_marginal_fixed_authors_conditional_fitted_models
terra56,valid_full,char3_5_tfidf_svm,paraphrase,transfer_loss,original->original,original->paraphrase,0.11841914710035517,0.06581299039512638,0.18232065754528842,318,18,5000,20260922,exploratory_marginal_fixed_authors_conditional_fitted_models
terra56,valid_full,char3_5_tfidf_svm,paraphrase,adaptation_gain,paraphrase->paraphrase,original->paraphrase,0.03393220378912287,-0.011246556494889573,0.0864722650328428,318,18,5000,20260922,exploratory_marginal_fixed_authors_conditional_fitted_models
terra56,valid_full,char3_5_tfidf_svm,paraphrase,within_domain_gap,original->original,paraphrase->paraphrase,0.0844869433112323,0.041411645580833885,0.13514457368929997,318,18,5000,20260922,exploratory_marginal_fixed_authors_conditional_fitted_models
terra56,valid_full,char3_5_tfidf_svm,modernize,transfer_loss,original->original,original->modernize,0.10193097307110532,0.055708863711432674,0.1568761487755231,318,18,5000,20260922,exploratory_marginal_fixed_authors_conditional_fitted_models
terra56,valid_full,char3_5_tfidf_svm,modernize,adaptation_gain,modernize->modernize,original->modernize,0.03777756249003683,0.0024015902100262805,0.07792088640329856,318,18,5000,20260922,exploratory_marginal_fixed_authors_conditional_fitted_models
terra56,valid_full,char3_5_tfidf_svm,modernize,within_domain_gap,original->original,modernize->modernize,0.06415341058106849,0.02894897069530518,0.10387251925001748,318,18,5000,20260922,exploratory_marginal_fixed_authors_conditional_fitted_models
terra56,valid_full,char3_5_tfidf_svm,simplify,transfer_loss,original->original,original->simplify,0.13965858475502346,0.09390013084301532,0.19766164387479154,318,18,5000,20260922,exploratory_marginal_fixed_authors_conditional_fitted_models
terra56,valid_full,char3_5_tfidf_svm,simplify,adaptation_gain,simplify->simplify,original->simplify,0.023525809758700555,-0.0374992545939621,0.0883864340831411,318,18,5000,20260922,exploratory_marginal_fixed_authors_conditional_fitted_models
terra56,valid_full,char3_5_tfidf_svm,simplify,within_domain_gap,original->original,simplify->simplify,0.11613277499632291,0.06612900769863257,0.172022204341849,318,18,5000,20260922,exploratory_marginal_fixed_authors_conditional_fitted_models
terra56,matched200_full,shared_stylometry_nc,paraphrase,transfer_loss,original->original,original->paraphrase,0.08033914573671552,0.015283946481346176,0.15077919230953993,318,18,5000,20260922,exploratory_marginal_fixed_authors_conditional_fitted_models
terra56,matched200_full,shared_stylometry_nc,paraphrase,adaptation_gain,paraphrase->paraphrase,original->paraphrase,0.04574086073171357,-0.014133176539787825,0.11260041534824418,318,18,5000,20260922,exploratory_marginal_fixed_authors_conditional_fitted_models
terra56,matched200_full,shared_stylometry_nc,paraphrase,within_domain_gap,original->original,paraphrase->paraphrase,0.03459828500500195,-0.02094831264720634,0.09296964393200502,318,18,5000,20260922,exploratory_marginal_fixed_authors_conditional_fitted_models
terra56,matched200_full,shared_stylometry_nc,modernize,transfer_loss,original->original,original->modernize,0.11566866504064544,0.05101419621365758,0.18987493089121837,318,18,5000,20260922,exploratory_marginal_fixed_authors_conditional_fitted_models
terra56,matched200_full,shared_stylometry_nc,modernize,adaptation_gain,modernize->modernize,original->modernize,0.0258077727759648,-0.027741363825841973,0.09492247748574188,318,18,5000,20260922,exploratory_marginal_fixed_authors_conditional_fitted_models
terra56,matched200_full,shared_stylometry_nc,modernize,within_domain_gap,original->original,modernize->modernize,0.08986089226468064,0.04392769303064056,0.1377960016661005,318,18,5000,20260922,exploratory_marginal_fixed_authors_conditional_fitted_models
terra56,matched200_full,shared_stylometry_nc,simplify,transfer_loss,original->original,original->simplify,0.15771834487658803,0.09402486913923852,0.23351362898876135,318,18,5000,20260922,exploratory_marginal_fixed_authors_conditional_fitted_models
terra56,matched200_full,shared_stylometry_nc,simplify,adaptation_gain,simplify->simplify,original->simplify,0.0727785707931013,0.01832527073193028,0.1441445118983489,318,18,5000,20260922,exploratory_marginal_fixed_authors_conditional_fitted_models
terra56,matched200_full,shared_stylometry_nc,simplify,within_domain_gap,original->original,simplify->simplify,0.08493977408348674,0.03678293945663956,0.13604376009306307,318,18,5000,20260922,exploratory_marginal_fixed_authors_conditional_fitted_models
terra56,matched200_full,shared_function_words_nc,paraphrase,transfer_loss,original->original,original->paraphrase,0.03757469947132763,-0.01885736541368893,0.1002585394936068,318,18,5000,20260922,exploratory_marginal_fixed_authors_conditional_fitted_models
terra56,matched200_full,shared_function_words_nc,paraphrase,adaptation_gain,paraphrase->paraphrase,original->paraphrase,0.006535450499670636,-0.03262592084376988,0.04880483389305504,318,18,5000,20260922,exploratory_marginal_fixed_authors_conditional_fitted_models
terra56,matched200_full,shared_function_words_nc,paraphrase,within_domain_gap,original->original,paraphrase->paraphrase,0.031039248971656996,-0.024191604512554345,0.08852245367641758,318,18,5000,20260922,exploratory_marginal_fixed_authors_conditional_fitted_models
terra56,matched200_full,shared_function_words_nc,modernize,transfer_loss,original->original,original->modernize,0.07449043647980907,0.017998412458390973,0.13478908528730363,318,18,5000,20260922,exploratory_marginal_fixed_authors_conditional_fitted_models
terra56,matched200_full,shared_function_words_nc,modernize,adaptation_gain,modernize->modernize,original->modernize,0.02501549568191125,-0.016890038442040865,0.07226458827099821,318,18,5000,20260922,exploratory_marginal_fixed_authors_conditional_fitted_models
terra56,matched200_full,shared_function_words_nc,modernize,within_domain_gap,original->original,modernize->modernize,0.049474940797897826,-0.00732688176166649,0.10517371465404753,318,18,5000,20260922,exploratory_marginal_fixed_authors_conditional_fitted_models
terra56,matched200_full,shared_function_words_nc,simplify,transfer_loss,original->original,original->simplify,0.10005812169940559,0.035175771064437616,0.17176645950705247,318,18,5000,20260922,exploratory_marginal_fixed_authors_conditional_fitted_models
terra56,matched200_full,shared_function_words_nc,simplify,adaptation_gain,simplify->simplify,original->simplify,0.020091629744098116,-0.03250788168167824,0.07761972567298188,318,18,5000,20260922,exploratory_marginal_fixed_authors_conditional_fitted_models
terra56,matched200_full,shared_function_words_nc,simplify,within_domain_gap,original->original,simplify->simplify,0.07996649195530747,0.023214412363255957,0.13963522127849293,318,18,5000,20260922,exploratory_marginal_fixed_authors_conditional_fitted_models
terra56,matched200_full,char3_5_tfidf_svm,paraphrase,transfer_loss,original->original,original->paraphrase,0.11841914710035517,0.06581299039512638,0.18232065754528842,318,18,5000,20260922,exploratory_marginal_fixed_authors_conditional_fitted_models
terra56,matched200_full,char3_5_tfidf_svm,paraphrase,adaptation_gain,paraphrase->paraphrase,original->paraphrase,0.03393220378912287,-0.011246556494889573,0.0864722650328428,318,18,5000,20260922,exploratory_marginal_fixed_authors_conditional_fitted_models
terra56,matched200_full,char3_5_tfidf_svm,paraphrase,within_domain_gap,original->original,paraphrase->paraphrase,0.0844869433112323,0.041411645580833885,0.13514457368929997,318,18,5000,20260922,exploratory_marginal_fixed_authors_conditional_fitted_models
terra56,matched200_full,char3_5_tfidf_svm,modernize,transfer_loss,original->original,original->modernize,0.10193097307110532,0.055708863711432674,0.1568761487755231,318,18,5000,20260922,exploratory_marginal_fixed_authors_conditional_fitted_models
terra56,matched200_full,char3_5_tfidf_svm,modernize,adaptation_gain,modernize->modernize,original->modernize,0.03777756249003683,0.0024015902100262805,0.07792088640329856,318,18,5000,20260922,exploratory_marginal_fixed_authors_conditional_fitted_models
terra56,matched200_full,char3_5_tfidf_svm,modernize,within_domain_gap,original->original,modernize->modernize,0.06415341058106849,0.02894897069530518,0.10387251925001748,318,18,5000,20260922,exploratory_marginal_fixed_authors_conditional_fitted_models
terra56,matched200_full,char3_5_tfidf_svm,simplify,transfer_loss,original->original,original->simplify,0.13965858475502346,0.09390013084301532,0.19766164387479154,318,18,5000,20260922,exploratory_marginal_fixed_authors_conditional_fitted_models
terra56,matched200_full,char3_5_tfidf_svm,simplify,adaptation_gain,simplify->simplify,original->simplify,0.023525809758700555,-0.0374992545939621,0.0883864340831411,318,18,5000,20260922,exploratory_marginal_fixed_authors_conditional_fitted_models
terra56,matched200_full,char3_5_tfidf_svm,simplify,within_domain_gap,original->original,simplify->simplify,0.11613277499632291,0.06612900769863257,0.172022204341849,318,18,5000,20260922,exploratory_marginal_fixed_authors_conditional_fitted_models
terra56,w200_prefix,shared_stylometry_nc,paraphrase,transfer_loss,original->original,original->paraphrase,0.06299658882954107,0.013559005070885434,0.11908312328628297,318,18,5000,20260922,exploratory_marginal_fixed_authors_conditional_fitted_models
terra56,w200_prefix,shared_stylometry_nc,paraphrase,adaptation_gain,paraphrase->paraphrase,original->paraphrase,0.004734137708732877,-0.041295656377265656,0.05249290501338802,318,18,5000,20260922,exploratory_marginal_fixed_authors_conditional_fitted_models
terra56,w200_prefix,shared_stylometry_nc,paraphrase,within_domain_gap,original->original,paraphrase->paraphrase,0.05826245112080819,0.009487856785680551,0.11082694946627257,318,18,5000,20260922,exploratory_marginal_fixed_authors_conditional_fitted_models
terra56,w200_prefix,shared_stylometry_nc,modernize,transfer_loss,original->original,original->modernize,0.0827605706698265,0.030633168650752995,0.14060417220700702,318,18,5000,20260922,exploratory_marginal_fixed_authors_conditional_fitted_models
terra56,w200_prefix,shared_stylometry_nc,modernize,adaptation_gain,modernize->modernize,original->modernize,0.005854735094668995,-0.05126795755793032,0.06974361293575496,318,18,5000,20260922,exploratory_marginal_fixed_authors_conditional_fitted_models
terra56,w200_prefix,shared_stylometry_nc,modernize,within_domain_gap,original->original,modernize->modernize,0.07690583557515751,0.014913111631076928,0.13862801153103524,318,18,5000,20260922,exploratory_marginal_fixed_authors_conditional_fitted_models
terra56,w200_prefix,shared_stylometry_nc,simplify,transfer_loss,original->original,original->simplify,0.10061426610017893,0.04621735965172406,0.16949125252430225,318,18,5000,20260922,exploratory_marginal_fixed_authors_conditional_fitted_models
terra56,w200_prefix,shared_stylometry_nc,simplify,adaptation_gain,simplify->simplify,original->simplify,0.04109340709155046,-0.0258878926790356,0.12139697000426206,318,18,5000,20260922,exploratory_marginal_fixed_authors_conditional_fitted_models
terra56,w200_prefix,shared_stylometry_nc,simplify,within_domain_gap,original->original,simplify->simplify,0.05952085900862847,0.0008356289077792989,0.11949041530813773,318,18,5000,20260922,exploratory_marginal_fixed_authors_conditional_fitted_models
terra56,w200_prefix,shared_function_words_nc,paraphrase,transfer_loss,original->original,original->paraphrase,0.050177666820497235,-0.005225196102037388,0.10699364122057518,318,18,5000,20260922,exploratory_marginal_fixed_authors_conditional_fitted_models
terra56,w200_prefix,shared_function_words_nc,paraphrase,adaptation_gain,paraphrase->paraphrase,original->paraphrase,-0.00030218484767180476,-0.05636817270645732,0.05822184409327682,318,18,5000,20260922,exploratory_marginal_fixed_authors_conditional_fitted_models
terra56,w200_prefix,shared_function_words_nc,paraphrase,within_domain_gap,original->original,paraphrase->paraphrase,0.05047985166816904,-0.008157008422095085,0.11058727143757409,318,18,5000,20260922,exploratory_marginal_fixed_authors_conditional_fitted_models
terra56,w200_prefix,shared_function_words_nc,modernize,transfer_loss,original->original,original->modernize,0.06820665257870351,0.015284896482345748,0.12516678254679892,318,18,5000,20260922,exploratory_marginal_fixed_authors_conditional_fitted_models
terra56,w200_prefix,shared_function_words_nc,modernize,adaptation_gain,modernize->modernize,original->modernize,-0.003592651315566797,-0.05392631596861175,0.05067735087900474,318,18,5000,20260922,exploratory_marginal_fixed_authors_conditional_fitted_models
terra56,w200_prefix,shared_function_words_nc,modernize,within_domain_gap,original->original,modernize->modernize,0.0717993038942703,0.01921427313550884,0.12412081968722749,318,18,5000,20260922,exploratory_marginal_fixed_authors_conditional_fitted_models
terra56,w200_prefix,shared_function_words_nc,simplify,transfer_loss,original->original,original->simplify,0.07936694505196434,0.027144312666870934,0.13925325380386464,318,18,5000,20260922,exploratory_marginal_fixed_authors_conditional_fitted_models
terra56,w200_prefix,shared_function_words_nc,simplify,adaptation_gain,simplify->simplify,original->simplify,0.015634227280457547,-0.03469805407805622,0.07495395422430594,318,18,5000,20260922,exploratory_marginal_fixed_authors_conditional_fitted_models
terra56,w200_prefix,shared_function_words_nc,simplify,within_domain_gap,original->original,simplify->simplify,0.0637327177715068,0.009164777893996693,0.11936355829351955,318,18,5000,20260922,exploratory_marginal_fixed_authors_conditional_fitted_models
terra56,w200_prefix,char3_5_tfidf_svm,paraphrase,transfer_loss,original->original,original->paraphrase,0.09738152418797519,0.0377213422443094,0.16511997727924307,318,18,5000,20260922,exploratory_marginal_fixed_authors_conditional_fitted_models
terra56,w200_prefix,char3_5_tfidf_svm,paraphrase,adaptation_gain,paraphrase->paraphrase,original->paraphrase,0.03553333296498662,-0.023224075797795136,0.10468275581905216,318,18,5000,20260922,exploratory_marginal_fixed_authors_conditional_fitted_models
terra56,w200_prefix,char3_5_tfidf_svm,paraphrase,within_domain_gap,original->original,paraphrase->paraphrase,0.06184819122298857,0.005989350183169469,0.122770769770476,318,18,5000,20260922,exploratory_marginal_fixed_authors_conditional_fitted_models
terra56,w200_prefix,char3_5_tfidf_svm,modernize,transfer_loss,original->original,original->modernize,0.06634664030036852,0.008862573072385012,0.1220871254869477,318,18,5000,20260922,exploratory_marginal_fixed_authors_conditional_fitted_models
terra56,w200_prefix,char3_5_tfidf_svm,modernize,adaptation_gain,modernize->modernize,original->modernize,0.015550942587329808,-0.043625604675428385,0.06875500211906228,318,18,5000,20260922,exploratory_marginal_fixed_authors_conditional_fitted_models
terra56,w200_prefix,char3_5_tfidf_svm,modernize,within_domain_gap,original->original,modernize->modernize,0.05079569771303871,-0.0020944158830775634,0.10747832154560401,318,18,5000,20260922,exploratory_marginal_fixed_authors_conditional_fitted_models
terra56,w200_prefix,char3_5_tfidf_svm,simplify,transfer_loss,original->original,original->simplify,0.12962093228697247,0.07089152967275303,0.19058907410381593,318,18,5000,20260922,exploratory_marginal_fixed_authors_conditional_fitted_models
terra56,w200_prefix,char3_5_tfidf_svm,simplify,adaptation_gain,simplify->simplify,original->simplify,0.061896071350324156,-0.0036729798934746942,0.12266533407308153,318,18,5000,20260922,exploratory_marginal_fixed_authors_conditional_fitted_models
terra56,w200_prefix,char3_5_tfidf_svm,simplify,within_domain_gap,original->original,simplify->simplify,0.06772486093664831,0.016893351869475715,0.12776224942524084,318,18,5000,20260922,exploratory_marginal_fixed_authors_conditional_fitted_models
terra56,w200_middle,shared_stylometry_nc,paraphrase,transfer_loss,original->original,original->paraphrase,0.08146259571089903,0.017460576145057343,0.15195626705167467,318,18,5000,20260922,exploratory_marginal_fixed_authors_conditional_fitted_models
terra56,w200_middle,shared_stylometry_nc,paraphrase,adaptation_gain,paraphrase->paraphrase,original->paraphrase,-0.007324839681783046,-0.06562168005546429,0.05838332463065895,318,18,5000,20260922,exploratory_marginal_fixed_authors_conditional_fitted_models
terra56,w200_middle,shared_stylometry_nc,paraphrase,within_domain_gap,original->original,paraphrase->paraphrase,0.08878743539268208,0.02384584057966643,0.1540760679865329,318,18,5000,20260922,exploratory_marginal_fixed_authors_conditional_fitted_models
terra56,w200_middle,shared_stylometry_nc,modernize,transfer_loss,original->original,original->modernize,0.12127136939974803,0.06513352019577899,0.18306130208604438,318,18,5000,20260922,exploratory_marginal_fixed_authors_conditional_fitted_models
terra56,w200_middle,shared_stylometry_nc,modernize,adaptation_gain,modernize->modernize,original->modernize,0.015778653018602817,-0.026901702858615813,0.06098608283995942,318,18,5000,20260922,exploratory_marginal_fixed_authors_conditional_fitted_models
terra56,w200_middle,shared_stylometry_nc,modernize,within_domain_gap,original->original,modernize->modernize,0.10549271638114521,0.04817729887058706,0.16548825302450768,318,18,5000,20260922,exploratory_marginal_fixed_authors_conditional_fitted_models
terra56,w200_middle,shared_stylometry_nc,simplify,transfer_loss,original->original,original->simplify,0.13021473811165857,0.06565073490959822,0.20401471520359377,318,18,5000,20260922,exploratory_marginal_fixed_authors_conditional_fitted_models
terra56,w200_middle,shared_stylometry_nc,simplify,adaptation_gain,simplify->simplify,original->simplify,0.0010476263024344346,-0.04990151706921831,0.0659951033356541,318,18,5000,20260922,exploratory_marginal_fixed_authors_conditional_fitted_models
terra56,w200_middle,shared_stylometry_nc,simplify,within_domain_gap,original->original,simplify->simplify,0.12916711180922413,0.060718413297029636,0.19648574559469897,318,18,5000,20260922,exploratory_marginal_fixed_authors_conditional_fitted_models
terra56,w200_middle,shared_function_words_nc,paraphrase,transfer_loss,original->original,original->paraphrase,0.009674664933625732,-0.047692781726768586,0.06885079458169259,318,18,5000,20260922,exploratory_marginal_fixed_authors_conditional_fitted_models
terra56,w200_middle,shared_function_words_nc,paraphrase,adaptation_gain,paraphrase->paraphrase,original->paraphrase,0.00018042882430124862,-0.060877720257009535,0.059532933548838034,318,18,5000,20260922,exploratory_marginal_fixed_authors_conditional_fitted_models
terra56,w200_middle,shared_function_words_nc,paraphrase,within_domain_gap,original->original,paraphrase->paraphrase,0.009494236109324483,-0.06049304970946685,0.08200544151197135,318,18,5000,20260922,exploratory_marginal_fixed_authors_conditional_fitted_models
terra56,w200_middle,shared_function_words_nc,modernize,transfer_loss,original->original,original->modernize,0.02596959885187139,-0.040509775553575794,0.0935936941512465,318,18,5000,20260922,exploratory_marginal_fixed_authors_conditional_fitted_models
terra56,w200_middle,shared_function_words_nc,modernize,adaptation_gain,modernize->modernize,original->modernize,-0.01581884878979961,-0.06463333753601971,0.03736069412153291,318,18,5000,20260922,exploratory_marginal_fixed_authors_conditional_fitted_models
terra56,w200_middle,shared_function_words_nc,modernize,within_domain_gap,original->original,modernize->modernize,0.041788447641671,-0.01853643870542656,0.10112630560302077,318,18,5000,20260922,exploratory_marginal_fixed_authors_conditional_fitted_models
terra56,w200_middle,shared_function_words_nc,simplify,transfer_loss,original->original,original->simplify,0.04831652953048221,-0.009185908615863719,0.1064548772608857,318,18,5000,20260922,exploratory_marginal_fixed_authors_conditional_fitted_models
terra56,w200_middle,shared_function_words_nc,simplify,adaptation_gain,simplify->simplify,original->simplify,-0.00607154199472365,-0.06606693399730165,0.05743200136481207,318,18,5000,20260922,exploratory_marginal_fixed_authors_conditional_fitted_models
terra56,w200_middle,shared_function_words_nc,simplify,within_domain_gap,original->original,simplify->simplify,0.05438807152520586,-0.016254437887246505,0.12495644368699188,318,18,5000,20260922,exploratory_marginal_fixed_authors_conditional_fitted_models
terra56,w200_middle,char3_5_tfidf_svm,paraphrase,transfer_loss,original->original,original->paraphrase,0.09327829106913899,0.022297789550775642,0.16655995549817754,318,18,5000,20260922,exploratory_marginal_fixed_authors_conditional_fitted_models
terra56,w200_middle,char3_5_tfidf_svm,paraphrase,adaptation_gain,paraphrase->paraphrase,original->paraphrase,0.007725627726758333,-0.04070772519582644,0.05705782803967,318,18,5000,20260922,exploratory_marginal_fixed_authors_conditional_fitted_models
terra56,w200_middle,char3_5_tfidf_svm,paraphrase,within_domain_gap,original->original,paraphrase->paraphrase,0.08555266334238065,0.02153744388223085,0.15531032196409883,318,18,5000,20260922,exploratory_marginal_fixed_authors_conditional_fitted_models
terra56,w200_middle,char3_5_tfidf_svm,modernize,transfer_loss,original->original,original->modernize,0.08386659783089179,0.027966259144034764,0.13840488621854727,318,18,5000,20260922,exploratory_marginal_fixed_authors_conditional_fitted_models
terra56,w200_middle,char3_5_tfidf_svm,modernize,adaptation_gain,modernize->modernize,original->modernize,0.022673622158286055,-0.02393843827478493,0.06987139097419146,318,18,5000,20260922,exploratory_marginal_fixed_authors_conditional_fitted_models
terra56,w200_middle,char3_5_tfidf_svm,modernize,within_domain_gap,original->original,modernize->modernize,0.06119297567260573,-0.0017987191606810692,0.12314897178279693,318,18,5000,20260922,exploratory_marginal_fixed_authors_conditional_fitted_models
terra56,w200_middle,char3_5_tfidf_svm,simplify,transfer_loss,original->original,original->simplify,0.11156120817486581,0.04860336943347329,0.17659168787417334,318,18,5000,20260922,exploratory_marginal_fixed_authors_conditional_fitted_models
terra56,w200_middle,char3_5_tfidf_svm,simplify,adaptation_gain,simplify->simplify,original->simplify,0.0058623858806581275,-0.05082082358139578,0.06405827973781014,318,18,5000,20260922,exploratory_marginal_fixed_authors_conditional_fitted_models
terra56,w200_middle,char3_5_tfidf_svm,simplify,within_domain_gap,original->original,simplify->simplify,0.10569882229420768,0.0347488916244193,0.18069026465026145,318,18,5000,20260922,exploratory_marginal_fixed_authors_conditional_fitted_models
terra56,w200_suffix,shared_stylometry_nc,paraphrase,transfer_loss,original->original,original->paraphrase,0.02531795031607237,-0.030840412887814965,0.08488478296020667,318,18,5000,20260922,exploratory_marginal_fixed_authors_conditional_fitted_models
terra56,w200_suffix,shared_stylometry_nc,paraphrase,adaptation_gain,paraphrase->paraphrase,original->paraphrase,-0.007910432773876708,-0.07208153485268977,0.06395796794564254,318,18,5000,20260922,exploratory_marginal_fixed_authors_conditional_fitted_models
terra56,w200_suffix,shared_stylometry_nc,paraphrase,within_domain_gap,original->original,paraphrase->paraphrase,0.033228383089949076,-0.04466920963111443,0.1067926673019699,318,18,5000,20260922,exploratory_marginal_fixed_authors_conditional_fitted_models
terra56,w200_suffix,shared_stylometry_nc,modernize,transfer_loss,original->original,original->modernize,0.06863102434071477,2.31936744155254e-05,0.14455624643832318,318,18,5000,20260922,exploratory_marginal_fixed_authors_conditional_fitted_models
terra56,w200_suffix,shared_stylometry_nc,modernize,adaptation_gain,modernize->modernize,original->modernize,0.02222200689248427,-0.04270915013349498,0.09278261804294814,318,18,5000,20260922,exploratory_marginal_fixed_authors_conditional_fitted_models
terra56,w200_suffix,shared_stylometry_nc,modernize,within_domain_gap,original->original,modernize->modernize,0.046409017448230505,-0.03181868254867596,0.12219928307085905,318,18,5000,20260922,exploratory_marginal_fixed_authors_conditional_fitted_models
terra56,w200_suffix,shared_stylometry_nc,simplify,transfer_loss,original->original,original->simplify,0.08218447944105117,0.011311684281114873,0.1576299090313176,318,18,5000,20260922,exploratory_marginal_fixed_authors_conditional_fitted_models
terra56,w200_suffix,shared_stylometry_nc,simplify,adaptation_gain,simplify->simplify,original->simplify,0.00040899641330960357,-0.0585191265462502,0.063395539876005,318,18,5000,20260922,exploratory_marginal_fixed_authors_conditional_fitted_models
terra56,w200_suffix,shared_stylometry_nc,simplify,within_domain_gap,original->original,simplify->simplify,0.08177548302774157,0.010430776451764313,0.1541979819453287,318,18,5000,20260922,exploratory_marginal_fixed_authors_conditional_fitted_models
terra56,w200_suffix,shared_function_words_nc,paraphrase,transfer_loss,original->original,original->paraphrase,0.048018940569779844,-0.012522416639412245,0.10943142907368791,318,18,5000,20260922,exploratory_marginal_fixed_authors_conditional_fitted_models
terra56,w200_suffix,shared_function_words_nc,paraphrase,adaptation_gain,paraphrase->paraphrase,original->paraphrase,0.007860345272683034,-0.054868377043380614,0.06419733638757708,318,18,5000,20260922,exploratory_marginal_fixed_authors_conditional_fitted_models
terra56,w200_suffix,shared_function_words_nc,paraphrase,within_domain_gap,original->original,paraphrase->paraphrase,0.04015859529709681,-0.03912842670173214,0.12186593745859352,318,18,5000,20260922,exploratory_marginal_fixed_authors_conditional_fitted_models
terra56,w200_suffix,shared_function_words_nc,modernize,transfer_loss,original->original,original->modernize,0.06899256054951647,0.005960995853050781,0.1402416524550107,318,18,5000,20260922,exploratory_marginal_fixed_authors_conditional_fitted_models
terra56,w200_suffix,shared_function_words_nc,modernize,adaptation_gain,modernize->modernize,original->modernize,0.007983370727777606,-0.058907169052287496,0.07904913075861458,318,18,5000,20260922,exploratory_marginal_fixed_authors_conditional_fitted_models
terra56,w200_suffix,shared_function_words_nc,modernize,within_domain_gap,original->original,modernize->modernize,0.06100918982173886,-0.016091705747601177,0.13894467439708916,318,18,5000,20260922,exploratory_marginal_fixed_authors_conditional_fitted_models
terra56,w200_suffix,shared_function_words_nc,simplify,transfer_loss,original->original,original->simplify,0.08907250114881204,0.011362637315340533,0.1652443884187087,318,18,5000,20260922,exploratory_marginal_fixed_authors_conditional_fitted_models
terra56,w200_suffix,shared_function_words_nc,simplify,adaptation_gain,simplify->simplify,original->simplify,-0.013924310257072026,-0.08925030675282494,0.062016992454115696,318,18,5000,20260922,exploratory_marginal_fixed_authors_conditional_fitted_models
terra56,w200_suffix,shared_function_words_nc,simplify,within_domain_gap,original->original,simplify->simplify,0.10299681140588407,0.03468790366191166,0.17095161649261562,318,18,5000,20260922,exploratory_marginal_fixed_authors_conditional_fitted_models
terra56,w200_suffix,char3_5_tfidf_svm,paraphrase,transfer_loss,original->original,original->paraphrase,0.10032555330496651,0.03728253726062914,0.17094998847194404,318,18,5000,20260922,exploratory_marginal_fixed_authors_conditional_fitted_models
terra56,w200_suffix,char3_5_tfidf_svm,paraphrase,adaptation_gain,paraphrase->paraphrase,original->paraphrase,-0.0025412586947310967,-0.04777063094115127,0.04180449910357229,318,18,5000,20260922,exploratory_marginal_fixed_authors_conditional_fitted_models
terra56,w200_suffix,char3_5_tfidf_svm,paraphrase,within_domain_gap,original->original,paraphrase->paraphrase,0.1028668119996976,0.03846719845441921,0.17171642202293205,318,18,5000,20260922,exploratory_marginal_fixed_authors_conditional_fitted_models
terra56,w200_suffix,char3_5_tfidf_svm,modernize,transfer_loss,original->original,original->modernize,0.07247889465510005,0.006420669919911489,0.14832109795402468,318,18,5000,20260922,exploratory_marginal_fixed_authors_conditional_fitted_models
terra56,w200_suffix,char3_5_tfidf_svm,modernize,adaptation_gain,modernize->modernize,original->modernize,-0.028827617895051616,-0.08073950063110692,0.030782873352334626,318,18,5000,20260922,exploratory_marginal_fixed_authors_conditional_fitted_models
terra56,w200_suffix,char3_5_tfidf_svm,modernize,within_domain_gap,original->original,modernize->modernize,0.10130651255015166,0.042550586181536634,0.16254451694274566,318,18,5000,20260922,exploratory_marginal_fixed_authors_conditional_fitted_models
terra56,w200_suffix,char3_5_tfidf_svm,simplify,transfer_loss,original->original,original->simplify,0.13839919419596214,0.07531648845797569,0.2036289597480358,318,18,5000,20260922,exploratory_marginal_fixed_authors_conditional_fitted_models
terra56,w200_suffix,char3_5_tfidf_svm,simplify,adaptation_gain,simplify->simplify,original->simplify,0.016662776750189234,-0.03231185381427634,0.06469877083995969,318,18,5000,20260922,exploratory_marginal_fixed_authors_conditional_fitted_models
terra56,w200_suffix,char3_5_tfidf_svm,simplify,within_domain_gap,original->original,simplify->simplify,0.1217364174457729,0.060754323162146025,0.19101928129695764,318,18,5000,20260922,exploratory_marginal_fixed_authors_conditional_fitted_models
terra56,matched300_full,shared_stylometry_nc,paraphrase,transfer_loss,original->original,original->paraphrase,0.08033914573671552,0.015283946481346176,0.15077919230953993,318,18,5000,20260922,exploratory_marginal_fixed_authors_conditional_fitted_models
terra56,matched300_full,shared_stylometry_nc,paraphrase,adaptation_gain,paraphrase->paraphrase,original->paraphrase,0.04574086073171357,-0.014133176539787825,0.11260041534824418,318,18,5000,20260922,exploratory_marginal_fixed_authors_conditional_fitted_models
terra56,matched300_full,shared_stylometry_nc,paraphrase,within_domain_gap,original->original,paraphrase->paraphrase,0.03459828500500195,-0.02094831264720634,0.09296964393200502,318,18,5000,20260922,exploratory_marginal_fixed_authors_conditional_fitted_models
terra56,matched300_full,shared_stylometry_nc,modernize,transfer_loss,original->original,original->modernize,0.11566866504064544,0.05101419621365758,0.18987493089121837,318,18,5000,20260922,exploratory_marginal_fixed_authors_conditional_fitted_models
terra56,matched300_full,shared_stylometry_nc,modernize,adaptation_gain,modernize->modernize,original->modernize,0.0258077727759648,-0.027741363825841973,0.09492247748574188,318,18,5000,20260922,exploratory_marginal_fixed_authors_conditional_fitted_models
terra56,matched300_full,shared_stylometry_nc,modernize,within_domain_gap,original->original,modernize->modernize,0.08986089226468064,0.04392769303064056,0.1377960016661005,318,18,5000,20260922,exploratory_marginal_fixed_authors_conditional_fitted_models
terra56,matched300_full,shared_stylometry_nc,simplify,transfer_loss,original->original,original->simplify,0.15771834487658803,0.09402486913923852,0.23351362898876135,318,18,5000,20260922,exploratory_marginal_fixed_authors_conditional_fitted_models
terra56,matched300_full,shared_stylometry_nc,simplify,adaptation_gain,simplify->simplify,original->simplify,0.0727785707931013,0.01832527073193028,0.1441445118983489,318,18,5000,20260922,exploratory_marginal_fixed_authors_conditional_fitted_models
terra56,matched300_full,shared_stylometry_nc,simplify,within_domain_gap,original->original,simplify->simplify,0.08493977408348674,0.03678293945663956,0.13604376009306307,318,18,5000,20260922,exploratory_marginal_fixed_authors_conditional_fitted_models
terra56,matched300_full,shared_function_words_nc,paraphrase,transfer_loss,original->original,original->paraphrase,0.03757469947132763,-0.01885736541368893,0.1002585394936068,318,18,5000,20260922,exploratory_marginal_fixed_authors_conditional_fitted_models
terra56,matched300_full,shared_function_words_nc,paraphrase,adaptation_gain,paraphrase->paraphrase,original->paraphrase,0.006535450499670636,-0.03262592084376988,0.04880483389305504,318,18,5000,20260922,exploratory_marginal_fixed_authors_conditional_fitted_models
terra56,matched300_full,shared_function_words_nc,paraphrase,within_domain_gap,original->original,paraphrase->paraphrase,0.031039248971656996,-0.024191604512554345,0.08852245367641758,318,18,5000,20260922,exploratory_marginal_fixed_authors_conditional_fitted_models
terra56,matched300_full,shared_function_words_nc,modernize,transfer_loss,original->original,original->modernize,0.07449043647980907,0.017998412458390973,0.13478908528730363,318,18,5000,20260922,exploratory_marginal_fixed_authors_conditional_fitted_models
terra56,matched300_full,shared_function_words_nc,modernize,adaptation_gain,modernize->modernize,original->modernize,0.02501549568191125,-0.016890038442040865,0.07226458827099821,318,18,5000,20260922,exploratory_marginal_fixed_authors_conditional_fitted_models
terra56,matched300_full,shared_function_words_nc,modernize,within_domain_gap,original->original,modernize->modernize,0.049474940797897826,-0.00732688176166649,0.10517371465404753,318,18,5000,20260922,exploratory_marginal_fixed_authors_conditional_fitted_models
terra56,matched300_full,shared_function_words_nc,simplify,transfer_loss,original->original,original->simplify,0.10005812169940559,0.035175771064437616,0.17176645950705247,318,18,5000,20260922,exploratory_marginal_fixed_authors_conditional_fitted_models
terra56,matched300_full,shared_function_words_nc,simplify,adaptation_gain,simplify->simplify,original->simplify,0.020091629744098116,-0.03250788168167824,0.07761972567298188,318,18,5000,20260922,exploratory_marginal_fixed_authors_conditional_fitted_models
terra56,matched300_full,shared_function_words_nc,simplify,within_domain_gap,original->original,simplify->simplify,0.07996649195530747,0.023214412363255957,0.13963522127849293,318,18,5000,20260922,exploratory_marginal_fixed_authors_conditional_fitted_models
terra56,matched300_full,char3_5_tfidf_svm,paraphrase,transfer_loss,original->original,original->paraphrase,0.11841914710035517,0.06581299039512638,0.18232065754528842,318,18,5000,20260922,exploratory_marginal_fixed_authors_conditional_fitted_models
terra56,matched300_full,char3_5_tfidf_svm,paraphrase,adaptation_gain,paraphrase->paraphrase,original->paraphrase,0.03393220378912287,-0.011246556494889573,0.0864722650328428,318,18,5000,20260922,exploratory_marginal_fixed_authors_conditional_fitted_models
terra56,matched300_full,char3_5_tfidf_svm,paraphrase,within_domain_gap,original->original,paraphrase->paraphrase,0.0844869433112323,0.041411645580833885,0.13514457368929997,318,18,5000,20260922,exploratory_marginal_fixed_authors_conditional_fitted_models
terra56,matched300_full,char3_5_tfidf_svm,modernize,transfer_loss,original->original,original->modernize,0.10193097307110532,0.055708863711432674,0.1568761487755231,318,18,5000,20260922,exploratory_marginal_fixed_authors_conditional_fitted_models
terra56,matched300_full,char3_5_tfidf_svm,modernize,adaptation_gain,modernize->modernize,original->modernize,0.03777756249003683,0.0024015902100262805,0.07792088640329856,318,18,5000,20260922,exploratory_marginal_fixed_authors_conditional_fitted_models
terra56,matched300_full,char3_5_tfidf_svm,modernize,within_domain_gap,original->original,modernize->modernize,0.06415341058106849,0.02894897069530518,0.10387251925001748,318,18,5000,20260922,exploratory_marginal_fixed_authors_conditional_fitted_models
terra56,matched300_full,char3_5_tfidf_svm,simplify,transfer_loss,original->original,original->simplify,0.13965858475502346,0.09390013084301532,0.19766164387479154,318,18,5000,20260922,exploratory_marginal_fixed_authors_conditional_fitted_models
terra56,matched300_full,char3_5_tfidf_svm,simplify,adaptation_gain,simplify->simplify,original->simplify,0.023525809758700555,-0.0374992545939621,0.0883864340831411,318,18,5000,20260922,exploratory_marginal_fixed_authors_conditional_fitted_models
terra56,matched300_full,char3_5_tfidf_svm,simplify,within_domain_gap,original->original,simplify->simplify,0.11613277499632291,0.06612900769863257,0.172022204341849,318,18,5000,20260922,exploratory_marginal_fixed_authors_conditional_fitted_models
terra56,w300_middle,shared_stylometry_nc,paraphrase,transfer_loss,original->original,original->paraphrase,0.07484620200529735,0.01410878314818431,0.14034102045508684,318,18,5000,20260922,exploratory_marginal_fixed_authors_conditional_fitted_models
terra56,w300_middle,shared_stylometry_nc,paraphrase,adaptation_gain,paraphrase->paraphrase,original->paraphrase,0.02814435555610406,-0.024434667439551618,0.08092724008612187,318,18,5000,20260922,exploratory_marginal_fixed_authors_conditional_fitted_models
terra56,w300_middle,shared_stylometry_nc,paraphrase,within_domain_gap,original->original,paraphrase->paraphrase,0.046701846449193285,-0.023185056504189918,0.11321008129963767,318,18,5000,20260922,exploratory_marginal_fixed_authors_conditional_fitted_models
terra56,w300_middle,shared_stylometry_nc,modernize,transfer_loss,original->original,original->modernize,0.07564867466328684,0.01948131800955124,0.14394577558688976,318,18,5000,20260922,exploratory_marginal_fixed_authors_conditional_fitted_models
terra56,w300_middle,shared_stylometry_nc,modernize,adaptation_gain,modernize->modernize,original->modernize,0.020010670347658133,-0.027734583605336975,0.08185879616620349,318,18,5000,20260922,exploratory_marginal_fixed_authors_conditional_fitted_models
terra56,w300_middle,shared_stylometry_nc,modernize,within_domain_gap,original->original,modernize->modernize,0.05563800431562871,0.0003358518569339591,0.11137799782230312,318,18,5000,20260922,exploratory_marginal_fixed_authors_conditional_fitted_models
terra56,w300_middle,shared_stylometry_nc,simplify,transfer_loss,original->original,original->simplify,0.10127463477046672,0.03832072308109303,0.17320633423252904,318,18,5000,20260922,exploratory_marginal_fixed_authors_conditional_fitted_models
terra56,w300_middle,shared_stylometry_nc,simplify,adaptation_gain,simplify->simplify,original->simplify,0.03712167961894686,-0.01283697541123823,0.09872355560386098,318,18,5000,20260922,exploratory_marginal_fixed_authors_conditional_fitted_models
terra56,w300_middle,shared_stylometry_nc,simplify,within_domain_gap,original->original,simplify->simplify,0.06415295515151986,0.010157711684924232,0.12085017665761424,318,18,5000,20260922,exploratory_marginal_fixed_authors_conditional_fitted_models
terra56,w300_middle,shared_function_words_nc,paraphrase,transfer_loss,original->original,original->paraphrase,0.03360795372365283,-0.026188872482474417,0.09397365227395496,318,18,5000,20260922,exploratory_marginal_fixed_authors_conditional_fitted_models
terra56,w300_middle,shared_function_words_nc,paraphrase,adaptation_gain,paraphrase->paraphrase,original->paraphrase,0.0012573832921158878,-0.05348021745834951,0.05769671499724875,318,18,5000,20260922,exploratory_marginal_fixed_authors_conditional_fitted_models
terra56,w300_middle,shared_function_words_nc,paraphrase,within_domain_gap,original->original,paraphrase->paraphrase,0.03235057043153694,-0.029007948924099188,0.09358612449264754,318,18,5000,20260922,exploratory_marginal_fixed_authors_conditional_fitted_models
terra56,w300_middle,shared_function_words_nc,modernize,transfer_loss,original->original,original->modernize,0.04434294083054907,-0.011465215790984157,0.10077734566258052,318,18,5000,20260922,exploratory_marginal_fixed_authors_conditional_fitted_models
terra56,w300_middle,shared_function_words_nc,modernize,adaptation_gain,modernize->modernize,original->modernize,-0.0021926732095041146,-0.04856967605775018,0.04470202406843882,318,18,5000,20260922,exploratory_marginal_fixed_authors_conditional_fitted_models
terra56,w300_middle,shared_function_words_nc,modernize,within_domain_gap,original->original,modernize->modernize,0.046535614040053186,-0.01540975073350759,0.10264383697190187,318,18,5000,20260922,exploratory_marginal_fixed_authors_conditional_fitted_models
terra56,w300_middle,shared_function_words_nc,simplify,transfer_loss,original->original,original->simplify,0.06830304740282478,0.012248300556623943,0.12493899034521484,318,18,5000,20260922,exploratory_marginal_fixed_authors_conditional_fitted_models
terra56,w300_middle,shared_function_words_nc,simplify,adaptation_gain,simplify->simplify,original->simplify,0.008460199634241883,-0.03925649222617186,0.059987490943551575,318,18,5000,20260922,exploratory_marginal_fixed_authors_conditional_fitted_models
terra56,w300_middle,shared_function_words_nc,simplify,within_domain_gap,original->original,simplify->simplify,0.059842847768582896,0.006407326201117697,0.11175607710959613,318,18,5000,20260922,exploratory_marginal_fixed_authors_conditional_fitted_models
terra56,w300_middle,char3_5_tfidf_svm,paraphrase,transfer_loss,original->original,original->paraphrase,0.0850795018213405,0.03415177739355717,0.14210664785922855,318,18,5000,20260922,exploratory_marginal_fixed_authors_conditional_fitted_models
terra56,w300_middle,char3_5_tfidf_svm,paraphrase,adaptation_gain,paraphrase->paraphrase,original->paraphrase,-0.011089791159299534,-0.056692610014496506,0.03312000615557324,318,18,5000,20260922,exploratory_marginal_fixed_authors_conditional_fitted_models
terra56,w300_middle,char3_5_tfidf_svm,paraphrase,within_domain_gap,original->original,paraphrase->paraphrase,0.09616929298064003,0.04340047542637346,0.15329713805805442,318,18,5000,20260922,exploratory_marginal_fixed_authors_conditional_fitted_models
terra56,w300_middle,char3_5_tfidf_svm,modernize,transfer_loss,original->original,original->modernize,0.07712181927585393,0.033357784818019584,0.12903350406078695,318,18,5000,20260922,exploratory_marginal_fixed_authors_conditional_fitted_models
terra56,w300_middle,char3_5_tfidf_svm,modernize,adaptation_gain,modernize->modernize,original->modernize,0.019660840889945685,-0.029115781472285975,0.0693942735053418,318,18,5000,20260922,exploratory_marginal_fixed_authors_conditional_fitted_models
terra56,w300_middle,char3_5_tfidf_svm,modernize,within_domain_gap,original->original,modernize->modernize,0.057460978385908246,0.013900835941127208,0.10744725531377934,318,18,5000,20260922,exploratory_marginal_fixed_authors_conditional_fitted_models
terra56,w300_middle,char3_5_tfidf_svm,simplify,transfer_loss,original->original,original->simplify,0.10846169251220616,0.05920443130470618,0.16939364827814338,318,18,5000,20260922,exploratory_marginal_fixed_authors_conditional_fitted_models
terra56,w300_middle,char3_5_tfidf_svm,simplify,adaptation_gain,simplify->simplify,original->simplify,0.015457267101340766,-0.039270186807227686,0.07664257443683802,318,18,5000,20260922,exploratory_marginal_fixed_authors_conditional_fitted_models
terra56,w300_middle,char3_5_tfidf_svm,simplify,within_domain_gap,original->original,simplify->simplify,0.0930044254108654,0.04354230157398829,0.14838902581372443,318,18,5000,20260922,exploratory_marginal_fixed_authors_conditional_fitted_models
astra_session,valid_full,shared_stylometry_nc,paraphrase,transfer_loss,original->original,original->paraphrase,0.14555273101393496,0.06621131679685392,0.23726124096812123,360,18,5000,20260922,exploratory_marginal_fixed_authors_conditional_fitted_models
astra_session,valid_full,shared_stylometry_nc,paraphrase,adaptation_gain,paraphrase->paraphrase,original->paraphrase,0.08925259339539948,0.029607918545096347,0.16085787796213794,360,18,5000,20260922,exploratory_marginal_fixed_authors_conditional_fitted_models
astra_session,valid_full,shared_stylometry_nc,paraphrase,within_domain_gap,original->original,paraphrase->paraphrase,0.05630013761853547,-0.007480482891425079,0.12441554240648256,360,18,5000,20260922,exploratory_marginal_fixed_authors_conditional_fitted_models
astra_session,valid_full,shared_stylometry_nc,modernize,transfer_loss,original->original,original->modernize,0.1788580211906709,0.09917606505263032,0.2684095818854443,360,18,5000,20260922,exploratory_marginal_fixed_authors_conditional_fitted_models
astra_session,valid_full,shared_stylometry_nc,modernize,adaptation_gain,modernize->modernize,original->modernize,0.113065063734689,0.05301760929156161,0.1870625651809444,360,18,5000,20260922,exploratory_marginal_fixed_authors_conditional_fitted_models
astra_session,valid_full,shared_stylometry_nc,modernize,within_domain_gap,original->original,modernize->modernize,0.0657929574559819,0.009987836140066689,0.12387180185296703,360,18,5000,20260922,exploratory_marginal_fixed_authors_conditional_fitted_models
astra_session,valid_full,shared_stylometry_nc,simplify,transfer_loss,original->original,original->simplify,0.22045875333201115,0.13707023670582924,0.3176533055839286,360,18,5000,20260922,exploratory_marginal_fixed_authors_conditional_fitted_models
astra_session,valid_full,shared_stylometry_nc,simplify,adaptation_gain,simplify->simplify,original->simplify,0.1311239726793908,0.05692911379294284,0.21862392618012835,360,18,5000,20260922,exploratory_marginal_fixed_authors_conditional_fitted_models
astra_session,valid_full,shared_stylometry_nc,simplify,within_domain_gap,original->original,simplify->simplify,0.08933478065262035,0.028965835523293168,0.15365791448340918,360,18,5000,20260922,exploratory_marginal_fixed_authors_conditional_fitted_models
astra_session,valid_full,shared_function_words_nc,paraphrase,transfer_loss,original->original,original->paraphrase,0.08861095337956953,0.021134433742610464,0.16029882103853957,360,18,5000,20260922,exploratory_marginal_fixed_authors_conditional_fitted_models
astra_session,valid_full,shared_function_words_nc,paraphrase,adaptation_gain,paraphrase->paraphrase,original->paraphrase,-0.0014834365617785727,-0.05230406711643205,0.058922066528465405,360,18,5000,20260922,exploratory_marginal_fixed_authors_conditional_fitted_models
astra_session,valid_full,shared_function_words_nc,paraphrase,within_domain_gap,original->original,paraphrase->paraphrase,0.09009438994134811,0.022055558752307605,0.15808202062218338,360,18,5000,20260922,exploratory_marginal_fixed_authors_conditional_fitted_models
astra_session,valid_full,shared_function_words_nc,modernize,transfer_loss,original->original,original->modernize,0.10141625346114347,0.03834883142234879,0.1650146092654021,360,18,5000,20260922,exploratory_marginal_fixed_authors_conditional_fitted_models
astra_session,valid_full,shared_function_words_nc,modernize,adaptation_gain,modernize->modernize,original->modernize,0.03781560354755403,-0.017152228814890386,0.09509953399882148,360,18,5000,20260922,exploratory_marginal_fixed_authors_conditional_fitted_models
astra_session,valid_full,shared_function_words_nc,modernize,within_domain_gap,original->original,modernize->modernize,0.06360064991358944,-0.006299095018355319,0.13358097499035332,360,18,5000,20260922,exploratory_marginal_fixed_authors_conditional_fitted_models
astra_session,valid_full,shared_function_words_nc,simplify,transfer_loss,original->original,original->simplify,0.13633413885903745,0.0651709320339378,0.20955435487931176,360,18,5000,20260922,exploratory_marginal_fixed_authors_conditional_fitted_models
astra_session,valid_full,shared_function_words_nc,simplify,adaptation_gain,simplify->simplify,original->simplify,0.0721978033001513,0.014735771976882537,0.13556465401421067,360,18,5000,20260922,exploratory_marginal_fixed_authors_conditional_fitted_models
astra_session,valid_full,shared_function_words_nc,simplify,within_domain_gap,original->original,simplify->simplify,0.06413633555888615,-0.010170062769160335,0.13377862060340967,360,18,5000,20260922,exploratory_marginal_fixed_authors_conditional_fitted_models
astra_session,valid_full,char3_5_tfidf_svm,paraphrase,transfer_loss,original->original,original->paraphrase,0.18665722693048736,0.12503700270734702,0.26375198733053895,360,18,5000,20260922,exploratory_marginal_fixed_authors_conditional_fitted_models
astra_session,valid_full,char3_5_tfidf_svm,paraphrase,adaptation_gain,paraphrase->paraphrase,original->paraphrase,0.09909173921226655,0.04840540095368799,0.1635862524247142,360,18,5000,20260922,exploratory_marginal_fixed_authors_conditional_fitted_models
astra_session,valid_full,char3_5_tfidf_svm,paraphrase,within_domain_gap,original->original,paraphrase->paraphrase,0.08756548771822081,0.0436020156043197,0.1408559081019451,360,18,5000,20260922,exploratory_marginal_fixed_authors_conditional_fitted_models
astra_session,valid_full,char3_5_tfidf_svm,modernize,transfer_loss,original->original,original->modernize,0.18989255365450997,0.12363692267820099,0.2698427929702348,360,18,5000,20260922,exploratory_marginal_fixed_authors_conditional_fitted_models
astra_session,valid_full,char3_5_tfidf_svm,modernize,adaptation_gain,modernize->modernize,original->modernize,0.06182481199603895,0.013517249228025472,0.11521819173293119,360,18,5000,20260922,exploratory_marginal_fixed_authors_conditional_fitted_models
astra_session,valid_full,char3_5_tfidf_svm,modernize,within_domain_gap,original->original,modernize->modernize,0.128067741658471,0.07594179210112255,0.1899726127795612,360,18,5000,20260922,exploratory_marginal_fixed_authors_conditional_fitted_models
astra_session,valid_full,char3_5_tfidf_svm,simplify,transfer_loss,original->original,original->simplify,0.21682522191876696,0.15022233351155498,0.29183151909658606,360,18,5000,20260922,exploratory_marginal_fixed_authors_conditional_fitted_models
astra_session,valid_full,char3_5_tfidf_svm,simplify,adaptation_gain,simplify->simplify,original->simplify,0.08830617025473009,0.022915864726040045,0.15673370935078904,360,18,5000,20260922,exploratory_marginal_fixed_authors_conditional_fitted_models
astra_session,valid_full,char3_5_tfidf_svm,simplify,within_domain_gap,original->original,simplify->simplify,0.12851905166403688,0.07887482682849235,0.18175624744243563,360,18,5000,20260922,exploratory_marginal_fixed_authors_conditional_fitted_models
astra_session,matched200_full,shared_stylometry_nc,paraphrase,transfer_loss,original->original,original->paraphrase,0.14555273101393496,0.06621131679685392,0.23726124096812123,360,18,5000,20260922,exploratory_marginal_fixed_authors_conditional_fitted_models
astra_session,matched200_full,shared_stylometry_nc,paraphrase,adaptation_gain,paraphrase->paraphrase,original->paraphrase,0.08925259339539948,0.029607918545096347,0.16085787796213794,360,18,5000,20260922,exploratory_marginal_fixed_authors_conditional_fitted_models
astra_session,matched200_full,shared_stylometry_nc,paraphrase,within_domain_gap,original->original,paraphrase->paraphrase,0.05630013761853547,-0.007480482891425079,0.12441554240648256,360,18,5000,20260922,exploratory_marginal_fixed_authors_conditional_fitted_models
astra_session,matched200_full,shared_stylometry_nc,modernize,transfer_loss,original->original,original->modernize,0.1788580211906709,0.09917606505263032,0.2684095818854443,360,18,5000,20260922,exploratory_marginal_fixed_authors_conditional_fitted_models
astra_session,matched200_full,shared_stylometry_nc,modernize,adaptation_gain,modernize->modernize,original->modernize,0.113065063734689,0.05301760929156161,0.1870625651809444,360,18,5000,20260922,exploratory_marginal_fixed_authors_conditional_fitted_models
astra_session,matched200_full,shared_stylometry_nc,modernize,within_domain_gap,original->original,modernize->modernize,0.0657929574559819,0.009987836140066689,0.12387180185296703,360,18,5000,20260922,exploratory_marginal_fixed_authors_conditional_fitted_models
astra_session,matched200_full,shared_stylometry_nc,simplify,transfer_loss,original->original,original->simplify,0.22045875333201115,0.13707023670582924,0.3176533055839286,360,18,5000,20260922,exploratory_marginal_fixed_authors_conditional_fitted_models
astra_session,matched200_full,shared_stylometry_nc,simplify,adaptation_gain,simplify->simplify,original->simplify,0.1311239726793908,0.05692911379294284,0.21862392618012835,360,18,5000,20260922,exploratory_marginal_fixed_authors_conditional_fitted_models
astra_session,matched200_full,shared_stylometry_nc,simplify,within_domain_gap,original->original,simplify->simplify,0.08933478065262035,0.028965835523293168,0.15365791448340918,360,18,5000,20260922,exploratory_marginal_fixed_authors_conditional_fitted_models
astra_session,matched200_full,shared_function_words_nc,paraphrase,transfer_loss,original->original,original->paraphrase,0.08861095337956953,0.021134433742610464,0.16029882103853957,360,18,5000,20260922,exploratory_marginal_fixed_authors_conditional_fitted_models
astra_session,matched200_full,shared_function_words_nc,paraphrase,adaptation_gain,paraphrase->paraphrase,original->paraphrase,-0.0014834365617785727,-0.05230406711643205,0.058922066528465405,360,18,5000,20260922,exploratory_marginal_fixed_authors_conditional_fitted_models
astra_session,matched200_full,shared_function_words_nc,paraphrase,within_domain_gap,original->original,paraphrase->paraphrase,0.09009438994134811,0.022055558752307605,0.15808202062218338,360,18,5000,20260922,exploratory_marginal_fixed_authors_conditional_fitted_models
astra_session,matched200_full,shared_function_words_nc,modernize,transfer_loss,original->original,original->modernize,0.10141625346114347,0.03834883142234879,0.1650146092654021,360,18,5000,20260922,exploratory_marginal_fixed_authors_conditional_fitted_models
astra_session,matched200_full,shared_function_words_nc,modernize,adaptation_gain,modernize->modernize,original->modernize,0.03781560354755403,-0.017152228814890386,0.09509953399882148,360,18,5000,20260922,exploratory_marginal_fixed_authors_conditional_fitted_models
astra_session,matched200_full,shared_function_words_nc,modernize,within_domain_gap,original->original,modernize->modernize,0.06360064991358944,-0.006299095018355319,0.13358097499035332,360,18,5000,20260922,exploratory_marginal_fixed_authors_conditional_fitted_models
astra_session,matched200_full,shared_function_words_nc,simplify,transfer_loss,original->original,original->simplify,0.13633413885903745,0.0651709320339378,0.20955435487931176,360,18,5000,20260922,exploratory_marginal_fixed_authors_conditional_fitted_models
astra_session,matched200_full,shared_function_words_nc,simplify,adaptation_gain,simplify->simplify,original->simplify,0.0721978033001513,0.014735771976882537,0.13556465401421067,360,18,5000,20260922,exploratory_marginal_fixed_authors_conditional_fitted_models
astra_session,matched200_full,shared_function_words_nc,simplify,within_domain_gap,original->original,simplify->simplify,0.06413633555888615,-0.010170062769160335,0.13377862060340967,360,18,5000,20260922,exploratory_marginal_fixed_authors_conditional_fitted_models
astra_session,matched200_full,char3_5_tfidf_svm,paraphrase,transfer_loss,original->original,original->paraphrase,0.18665722693048736,0.12503700270734702,0.26375198733053895,360,18,5000,20260922,exploratory_marginal_fixed_authors_conditional_fitted_models
astra_session,matched200_full,char3_5_tfidf_svm,paraphrase,adaptation_gain,paraphrase->paraphrase,original->paraphrase,0.09909173921226655,0.04840540095368799,0.1635862524247142,360,18,5000,20260922,exploratory_marginal_fixed_authors_conditional_fitted_models
astra_session,matched200_full,char3_5_tfidf_svm,paraphrase,within_domain_gap,original->original,paraphrase->paraphrase,0.08756548771822081,0.0436020156043197,0.1408559081019451,360,18,5000,20260922,exploratory_marginal_fixed_authors_conditional_fitted_models
astra_session,matched200_full,char3_5_tfidf_svm,modernize,transfer_loss,original->original,original->modernize,0.18989255365450997,0.12363692267820099,0.2698427929702348,360,18,5000,20260922,exploratory_marginal_fixed_authors_conditional_fitted_models
astra_session,matched200_full,char3_5_tfidf_svm,modernize,adaptation_gain,modernize->modernize,original->modernize,0.06182481199603895,0.013517249228025472,0.11521819173293119,360,18,5000,20260922,exploratory_marginal_fixed_authors_conditional_fitted_models
astra_session,matched200_full,char3_5_tfidf_svm,modernize,within_domain_gap,original->original,modernize->modernize,0.128067741658471,0.07594179210112255,0.1899726127795612,360,18,5000,20260922,exploratory_marginal_fixed_authors_conditional_fitted_models
astra_session,matched200_full,char3_5_tfidf_svm,simplify,transfer_loss,original->original,original->simplify,0.21682522191876696,0.15022233351155498,0.29183151909658606,360,18,5000,20260922,exploratory_marginal_fixed_authors_conditional_fitted_models
astra_session,matched200_full,char3_5_tfidf_svm,simplify,adaptation_gain,simplify->simplify,original->simplify,0.08830617025473009,0.022915864726040045,0.15673370935078904,360,18,5000,20260922,exploratory_marginal_fixed_authors_conditional_fitted_models
astra_session,matched200_full,char3_5_tfidf_svm,simplify,within_domain_gap,original->original,simplify->simplify,0.12851905166403688,0.07887482682849235,0.18175624744243563,360,18,5000,20260922,exploratory_marginal_fixed_authors_conditional_fitted_models
astra_session,w200_prefix,shared_stylometry_nc,paraphrase,transfer_loss,original->original,original->paraphrase,0.06896710086225727,0.0005197132790693422,0.14715850414264306,360,18,5000,20260922,exploratory_marginal_fixed_authors_conditional_fitted_models
astra_session,w200_prefix,shared_stylometry_nc,paraphrase,adaptation_gain,paraphrase->paraphrase,original->paraphrase,0.025146151146052398,-0.03992724861673811,0.09784461706223473,360,18,5000,20260922,exploratory_marginal_fixed_authors_conditional_fitted_models
astra_session,w200_prefix,shared_stylometry_nc,paraphrase,within_domain_gap,original->original,paraphrase->paraphrase,0.04382094971620487,-0.020644404993577753,0.1119752373238158,360,18,5000,20260922,exploratory_marginal_fixed_authors_conditional_fitted_models
astra_session,w200_prefix,shared_stylometry_nc,modernize,transfer_loss,original->original,original->modernize,0.11397615765323749,0.05809425391787036,0.17583886226620998,360,18,5000,20260922,exploratory_marginal_fixed_authors_conditional_fitted_models
astra_session,w200_prefix,shared_stylometry_nc,modernize,adaptation_gain,modernize->modernize,original->modernize,0.05581626469104106,-0.008139952016691146,0.12517906838421788,360,18,5000,20260922,exploratory_marginal_fixed_authors_conditional_fitted_models
astra_session,w200_prefix,shared_stylometry_nc,modernize,within_domain_gap,original->original,modernize->modernize,0.058159892962196424,-0.00825325126751414,0.12305360373272121,360,18,5000,20260922,exploratory_marginal_fixed_authors_conditional_fitted_models
astra_session,w200_prefix,shared_stylometry_nc,simplify,transfer_loss,original->original,original->simplify,0.14713707886176752,0.08584102956293428,0.21093596775898524,360,18,5000,20260922,exploratory_marginal_fixed_authors_conditional_fitted_models
astra_session,w200_prefix,shared_stylometry_nc,simplify,adaptation_gain,simplify->simplify,original->simplify,0.08161833669539614,0.020242695241880135,0.1435074356880281,360,18,5000,20260922,exploratory_marginal_fixed_authors_conditional_fitted_models
astra_session,w200_prefix,shared_stylometry_nc,simplify,within_domain_gap,original->original,simplify->simplify,0.06551874216637138,0.003422203235049457,0.12845905103849212,360,18,5000,20260922,exploratory_marginal_fixed_authors_conditional_fitted_models
astra_session,w200_prefix,shared_function_words_nc,paraphrase,transfer_loss,original->original,original->paraphrase,0.03324054744485533,-0.023879784159773508,0.08863336232308433,360,18,5000,20260922,exploratory_marginal_fixed_authors_conditional_fitted_models
astra_session,w200_prefix,shared_function_words_nc,paraphrase,adaptation_gain,paraphrase->paraphrase,original->paraphrase,-0.008005085527893918,-0.06083213311098696,0.045583015325298064,360,18,5000,20260922,exploratory_marginal_fixed_authors_conditional_fitted_models
astra_session,w200_prefix,shared_function_words_nc,paraphrase,within_domain_gap,original->original,paraphrase->paraphrase,0.04124563297274925,-0.03124197544776532,0.11092162121407445,360,18,5000,20260922,exploratory_marginal_fixed_authors_conditional_fitted_models
astra_session,w200_prefix,shared_function_words_nc,modernize,transfer_loss,original->original,original->modernize,0.06459943968953846,0.011449573874461057,0.11944614258922648,360,18,5000,20260922,exploratory_marginal_fixed_authors_conditional_fitted_models
astra_session,w200_prefix,shared_function_words_nc,modernize,adaptation_gain,modernize->modernize,original->modernize,0.013844271432028432,-0.05313615471425944,0.08343997063536825,360,18,5000,20260922,exploratory_marginal_fixed_authors_conditional_fitted_models
astra_session,w200_prefix,shared_function_words_nc,modernize,within_domain_gap,original->original,modernize->modernize,0.05075516825751003,-0.018364391199183563,0.12203512898404208,360,18,5000,20260922,exploratory_marginal_fixed_authors_conditional_fitted_models
astra_session,w200_prefix,shared_function_words_nc,simplify,transfer_loss,original->original,original->simplify,0.04415903669095217,-0.00977984734937382,0.09815479672380514,360,18,5000,20260922,exploratory_marginal_fixed_authors_conditional_fitted_models
astra_session,w200_prefix,shared_function_words_nc,simplify,adaptation_gain,simplify->simplify,original->simplify,-0.0038820884526348243,-0.07438694427494104,0.06450087827997553,360,18,5000,20260922,exploratory_marginal_fixed_authors_conditional_fitted_models
astra_session,w200_prefix,shared_function_words_nc,simplify,within_domain_gap,original->original,simplify->simplify,0.048041125143586993,-0.018009968459408776,0.11794143281203691,360,18,5000,20260922,exploratory_marginal_fixed_authors_conditional_fitted_models
astra_session,w200_prefix,char3_5_tfidf_svm,paraphrase,transfer_loss,original->original,original->paraphrase,0.14420623180095138,0.08898400280484599,0.20312693136406326,360,18,5000,20260922,exploratory_marginal_fixed_authors_conditional_fitted_models
astra_session,w200_prefix,char3_5_tfidf_svm,paraphrase,adaptation_gain,paraphrase->paraphrase,original->paraphrase,0.0700528605905586,0.01350086132892619,0.12977191282028339,360,18,5000,20260922,exploratory_marginal_fixed_authors_conditional_fitted_models
astra_session,w200_prefix,char3_5_tfidf_svm,paraphrase,within_domain_gap,original->original,paraphrase->paraphrase,0.07415337121039278,0.014651803470252392,0.13101370231873505,360,18,5000,20260922,exploratory_marginal_fixed_authors_conditional_fitted_models
astra_session,w200_prefix,char3_5_tfidf_svm,modernize,transfer_loss,original->original,original->modernize,0.11606959993981136,0.06091688164888265,0.17241850410884924,360,18,5000,20260922,exploratory_marginal_fixed_authors_conditional_fitted_models
astra_session,w200_prefix,char3_5_tfidf_svm,modernize,adaptation_gain,modernize->modernize,original->modernize,0.00208033061515267,-0.05370612272928059,0.06360823871919252,360,18,5000,20260922,exploratory_marginal_fixed_authors_conditional_fitted_models
astra_session,w200_prefix,char3_5_tfidf_svm,modernize,within_domain_gap,original->original,modernize->modernize,0.11398926932465869,0.06065792878751747,0.1714231635137841,360,18,5000,20260922,exploratory_marginal_fixed_authors_conditional_fitted_models
astra_session,w200_prefix,char3_5_tfidf_svm,simplify,transfer_loss,original->original,original->simplify,0.18800651116514222,0.1257707710536834,0.24968326256899692,360,18,5000,20260922,exploratory_marginal_fixed_authors_conditional_fitted_models
astra_session,w200_prefix,char3_5_tfidf_svm,simplify,adaptation_gain,simplify->simplify,original->simplify,0.07394121399267262,0.021689676024275066,0.12604591423487455,360,18,5000,20260922,exploratory_marginal_fixed_authors_conditional_fitted_models
astra_session,w200_prefix,char3_5_tfidf_svm,simplify,within_domain_gap,original->original,simplify->simplify,0.1140652971724696,0.06406423954827259,0.16319996185722171,360,18,5000,20260922,exploratory_marginal_fixed_authors_conditional_fitted_models
astra_session,w200_middle,shared_stylometry_nc,paraphrase,transfer_loss,original->original,original->paraphrase,0.09687862098355243,0.022830059483840242,0.1742105440884997,360,18,5000,20260922,exploratory_marginal_fixed_authors_conditional_fitted_models
astra_session,w200_middle,shared_stylometry_nc,paraphrase,adaptation_gain,paraphrase->paraphrase,original->paraphrase,0.034378191887565246,-0.02872076954629435,0.09840828254578536,360,18,5000,20260922,exploratory_marginal_fixed_authors_conditional_fitted_models
astra_session,w200_middle,shared_stylometry_nc,paraphrase,within_domain_gap,original->original,paraphrase->paraphrase,0.06250042909598719,-0.0055271385456136055,0.1345517664179995,360,18,5000,20260922,exploratory_marginal_fixed_authors_conditional_fitted_models
astra_session,w200_middle,shared_stylometry_nc,modernize,transfer_loss,original->original,original->modernize,0.1420643713408229,0.05387725166151966,0.23352307265474911,360,18,5000,20260922,exploratory_marginal_fixed_authors_conditional_fitted_models
astra_session,w200_middle,shared_stylometry_nc,modernize,adaptation_gain,modernize->modernize,original->modernize,0.09659261315782897,0.028430189209070752,0.1726474107307312,360,18,5000,20260922,exploratory_marginal_fixed_authors_conditional_fitted_models
astra_session,w200_middle,shared_stylometry_nc,modernize,within_domain_gap,original->original,modernize->modernize,0.04547175818299393,-0.02009159790876207,0.10892896442327778,360,18,5000,20260922,exploratory_marginal_fixed_authors_conditional_fitted_models
astra_session,w200_middle,shared_stylometry_nc,simplify,transfer_loss,original->original,original->simplify,0.18818858184755194,0.09495600096878132,0.2739380971485822,360,18,5000,20260922,exploratory_marginal_fixed_authors_conditional_fitted_models
astra_session,w200_middle,shared_stylometry_nc,simplify,adaptation_gain,simplify->simplify,original->simplify,0.13477724313098055,0.05730697265338683,0.2099725346559559,360,18,5000,20260922,exploratory_marginal_fixed_authors_conditional_fitted_models
astra_session,w200_middle,shared_stylometry_nc,simplify,within_domain_gap,original->original,simplify->simplify,0.05341133871657139,-0.017534021800365514,0.12382137699013264,360,18,5000,20260922,exploratory_marginal_fixed_authors_conditional_fitted_models
astra_session,w200_middle,shared_function_words_nc,paraphrase,transfer_loss,original->original,original->paraphrase,0.04586734269493786,-0.0216897289617021,0.11276509440417531,360,18,5000,20260922,exploratory_marginal_fixed_authors_conditional_fitted_models
astra_session,w200_middle,shared_function_words_nc,paraphrase,adaptation_gain,paraphrase->paraphrase,original->paraphrase,0.02000418179785629,-0.03536705799845831,0.0743689921079051,360,18,5000,20260922,exploratory_marginal_fixed_authors_conditional_fitted_models
astra_session,w200_middle,shared_function_words_nc,paraphrase,within_domain_gap,original->original,paraphrase->paraphrase,0.025863160897081572,-0.05025395088719614,0.10218587967353812,360,18,5000,20260922,exploratory_marginal_fixed_authors_conditional_fitted_models
astra_session,w200_middle,shared_function_words_nc,modernize,transfer_loss,original->original,original->modernize,0.05112596367054767,-0.022373385043966503,0.12143452250279954,360,18,5000,20260922,exploratory_marginal_fixed_authors_conditional_fitted_models
astra_session,w200_middle,shared_function_words_nc,modernize,adaptation_gain,modernize->modernize,original->modernize,0.014727184731734566,-0.035445835464495555,0.06779270628741953,360,18,5000,20260922,exploratory_marginal_fixed_authors_conditional_fitted_models
astra_session,w200_middle,shared_function_words_nc,modernize,within_domain_gap,original->original,modernize->modernize,0.0363987789388131,-0.03489368319994446,0.10536783399350329,360,18,5000,20260922,exploratory_marginal_fixed_authors_conditional_fitted_models
astra_session,w200_middle,shared_function_words_nc,simplify,transfer_loss,original->original,original->simplify,0.1063052022654889,0.030135641255486158,0.18279524082379045,360,18,5000,20260922,exploratory_marginal_fixed_authors_conditional_fitted_models
astra_session,w200_middle,shared_function_words_nc,simplify,adaptation_gain,simplify->simplify,original->simplify,0.08104904288492581,0.026522832432898196,0.13815130344132,360,18,5000,20260922,exploratory_marginal_fixed_authors_conditional_fitted_models
astra_session,w200_middle,shared_function_words_nc,simplify,within_domain_gap,original->original,simplify->simplify,0.02525615938056308,-0.041869699919418864,0.08946121012082632,360,18,5000,20260922,exploratory_marginal_fixed_authors_conditional_fitted_models
astra_session,w200_middle,char3_5_tfidf_svm,paraphrase,transfer_loss,original->original,original->paraphrase,0.10908512802402992,0.05002994895705649,0.17696775896658717,360,18,5000,20260922,exploratory_marginal_fixed_authors_conditional_fitted_models
astra_session,w200_middle,char3_5_tfidf_svm,paraphrase,adaptation_gain,paraphrase->paraphrase,original->paraphrase,0.02493488643863262,-0.041882627263881346,0.10428445554574628,360,18,5000,20260922,exploratory_marginal_fixed_authors_conditional_fitted_models
astra_session,w200_middle,char3_5_tfidf_svm,paraphrase,within_domain_gap,original->original,paraphrase->paraphrase,0.0841502415853973,0.025248887135048345,0.1399765166154878,360,18,5000,20260922,exploratory_marginal_fixed_authors_conditional_fitted_models
astra_session,w200_middle,char3_5_tfidf_svm,modernize,transfer_loss,original->original,original->modernize,0.08600926528919406,0.02883384431033327,0.14481104178328855,360,18,5000,20260922,exploratory_marginal_fixed_authors_conditional_fitted_models
astra_session,w200_middle,char3_5_tfidf_svm,modernize,adaptation_gain,modernize->modernize,original->modernize,0.03267399371315183,-0.025065125402493678,0.09052685564606958,360,18,5000,20260922,exploratory_marginal_fixed_authors_conditional_fitted_models
astra_session,w200_middle,char3_5_tfidf_svm,modernize,within_domain_gap,original->original,modernize->modernize,0.05333527157604223,-0.015303547802136224,0.12211060220283619,360,18,5000,20260922,exploratory_marginal_fixed_authors_conditional_fitted_models
astra_session,w200_middle,char3_5_tfidf_svm,simplify,transfer_loss,original->original,original->simplify,0.1458633419409403,0.09252799714916198,0.20326302253348588,360,18,5000,20260922,exploratory_marginal_fixed_authors_conditional_fitted_models
astra_session,w200_middle,char3_5_tfidf_svm,simplify,adaptation_gain,simplify->simplify,original->simplify,0.07389916972518051,0.013682535879197969,0.13959780630452356,360,18,5000,20260922,exploratory_marginal_fixed_authors_conditional_fitted_models
astra_session,w200_middle,char3_5_tfidf_svm,simplify,within_domain_gap,original->original,simplify->simplify,0.07196417221575979,0.011142902103432568,0.13547788159117233,360,18,5000,20260922,exploratory_marginal_fixed_authors_conditional_fitted_models
astra_session,w200_suffix,shared_stylometry_nc,paraphrase,transfer_loss,original->original,original->paraphrase,0.08587861042449119,0.007885382811700748,0.18082528817560223,360,18,5000,20260922,exploratory_marginal_fixed_authors_conditional_fitted_models
astra_session,w200_suffix,shared_stylometry_nc,paraphrase,adaptation_gain,paraphrase->paraphrase,original->paraphrase,0.032687067253261926,-0.03895732467719904,0.11008847761203217,360,18,5000,20260922,exploratory_marginal_fixed_authors_conditional_fitted_models
astra_session,w200_suffix,shared_stylometry_nc,paraphrase,within_domain_gap,original->original,paraphrase->paraphrase,0.05319154317122926,-0.02359454470017128,0.13210155480395766,360,18,5000,20260922,exploratory_marginal_fixed_authors_conditional_fitted_models
astra_session,w200_suffix,shared_stylometry_nc,modernize,transfer_loss,original->original,original->modernize,0.1173088740739835,0.046004604215720495,0.1987517847802667,360,18,5000,20260922,exploratory_marginal_fixed_authors_conditional_fitted_models
astra_session,w200_suffix,shared_stylometry_nc,modernize,adaptation_gain,modernize->modernize,original->modernize,0.03039886335434,-0.030288425149666006,0.09991722947054699,360,18,5000,20260922,exploratory_marginal_fixed_authors_conditional_fitted_models
astra_session,w200_suffix,shared_stylometry_nc,modernize,within_domain_gap,original->original,modernize->modernize,0.0869100107196435,0.011350959551711923,0.1623055318297963,360,18,5000,20260922,exploratory_marginal_fixed_authors_conditional_fitted_models
astra_session,w200_suffix,shared_stylometry_nc,simplify,transfer_loss,original->original,original->simplify,0.1251403123491165,0.03996924706440853,0.21570048236924255,360,18,5000,20260922,exploratory_marginal_fixed_authors_conditional_fitted_models
astra_session,w200_suffix,shared_stylometry_nc,simplify,adaptation_gain,simplify->simplify,original->simplify,0.058701929427568744,-0.011980453340447544,0.13815181151549552,360,18,5000,20260922,exploratory_marginal_fixed_authors_conditional_fitted_models
astra_session,w200_suffix,shared_stylometry_nc,simplify,within_domain_gap,original->original,simplify->simplify,0.06643838292154775,-0.003989569365894321,0.13596907427999733,360,18,5000,20260922,exploratory_marginal_fixed_authors_conditional_fitted_models
astra_session,w200_suffix,shared_function_words_nc,paraphrase,transfer_loss,original->original,original->paraphrase,0.086826440082514,0.024373206670573706,0.15202511222644943,360,18,5000,20260922,exploratory_marginal_fixed_authors_conditional_fitted_models
astra_session,w200_suffix,shared_function_words_nc,paraphrase,adaptation_gain,paraphrase->paraphrase,original->paraphrase,0.0299201955651216,-0.017543952447348528,0.08209163167273799,360,18,5000,20260922,exploratory_marginal_fixed_authors_conditional_fitted_models
astra_session,w200_suffix,shared_function_words_nc,paraphrase,within_domain_gap,original->original,paraphrase->paraphrase,0.0569062445173924,-0.013096108298332552,0.12678770423788285,360,18,5000,20260922,exploratory_marginal_fixed_authors_conditional_fitted_models
astra_session,w200_suffix,shared_function_words_nc,modernize,transfer_loss,original->original,original->modernize,0.09505503743258148,0.03400716515526996,0.1630046866163402,360,18,5000,20260922,exploratory_marginal_fixed_authors_conditional_fitted_models
astra_session,w200_suffix,shared_function_words_nc,modernize,adaptation_gain,modernize->modernize,original->modernize,0.01575419070671752,-0.03481432677458038,0.06995262193978392,360,18,5000,20260922,exploratory_marginal_fixed_authors_conditional_fitted_models
astra_session,w200_suffix,shared_function_words_nc,modernize,within_domain_gap,original->original,modernize->modernize,0.07930084672586396,0.011021690689823498,0.15041410243894862,360,18,5000,20260922,exploratory_marginal_fixed_authors_conditional_fitted_models
astra_session,w200_suffix,shared_function_words_nc,simplify,transfer_loss,original->original,original->simplify,0.11841885890468434,0.04580066189351965,0.19396732985427198,360,18,5000,20260922,exploratory_marginal_fixed_authors_conditional_fitted_models
astra_session,w200_suffix,shared_function_words_nc,simplify,adaptation_gain,simplify->simplify,original->simplify,-0.0009131085559719865,-0.06708407753941611,0.06947707356902855,360,18,5000,20260922,exploratory_marginal_fixed_authors_conditional_fitted_models
astra_session,w200_suffix,shared_function_words_nc,simplify,within_domain_gap,original->original,simplify->simplify,0.11933196746065633,0.04404759395798875,0.1949120017507477,360,18,5000,20260922,exploratory_marginal_fixed_authors_conditional_fitted_models
astra_session,w200_suffix,char3_5_tfidf_svm,paraphrase,transfer_loss,original->original,original->paraphrase,0.1789246267343041,0.10313286276402124,0.26178632402194446,360,18,5000,20260922,exploratory_marginal_fixed_authors_conditional_fitted_models
astra_session,w200_suffix,char3_5_tfidf_svm,paraphrase,adaptation_gain,paraphrase->paraphrase,original->paraphrase,0.08669669687837711,0.011564061795364504,0.1657538958533268,360,18,5000,20260922,exploratory_marginal_fixed_authors_conditional_fitted_models
astra_session,w200_suffix,char3_5_tfidf_svm,paraphrase,within_domain_gap,original->original,paraphrase->paraphrase,0.09222792985592698,0.030585827626948975,0.15998150414309092,360,18,5000,20260922,exploratory_marginal_fixed_authors_conditional_fitted_models
astra_session,w200_suffix,char3_5_tfidf_svm,modernize,transfer_loss,original->original,original->modernize,0.15483694398483783,0.0870323219705281,0.22692550600496794,360,18,5000,20260922,exploratory_marginal_fixed_authors_conditional_fitted_models
astra_session,w200_suffix,char3_5_tfidf_svm,modernize,adaptation_gain,modernize->modernize,original->modernize,0.030993560981551815,-0.02704324182647634,0.09583827204402347,360,18,5000,20260922,exploratory_marginal_fixed_authors_conditional_fitted_models
astra_session,w200_suffix,char3_5_tfidf_svm,modernize,within_domain_gap,original->original,modernize->modernize,0.12384338300328601,0.04985194484827489,0.19517330614064365,360,18,5000,20260922,exploratory_marginal_fixed_authors_conditional_fitted_models
astra_session,w200_suffix,char3_5_tfidf_svm,simplify,transfer_loss,original->original,original->simplify,0.1842350017678116,0.10861057953824856,0.25982961891756706,360,18,5000,20260922,exploratory_marginal_fixed_authors_conditional_fitted_models
astra_session,w200_suffix,char3_5_tfidf_svm,simplify,adaptation_gain,simplify->simplify,original->simplify,0.0606250955202543,0.0015399192045032874,0.1229611319538035,360,18,5000,20260922,exploratory_marginal_fixed_authors_conditional_fitted_models
astra_session,w200_suffix,char3_5_tfidf_svm,simplify,within_domain_gap,original->original,simplify->simplify,0.1236099062475573,0.05931316103008977,0.19122571120985654,360,18,5000,20260922,exploratory_marginal_fixed_authors_conditional_fitted_models
astra_session,matched300_full,shared_stylometry_nc,paraphrase,transfer_loss,original->original,original->paraphrase,0.14555273101393496,0.06621131679685392,0.23726124096812123,360,18,5000,20260922,exploratory_marginal_fixed_authors_conditional_fitted_models
astra_session,matched300_full,shared_stylometry_nc,paraphrase,adaptation_gain,paraphrase->paraphrase,original->paraphrase,0.08925259339539948,0.029607918545096347,0.16085787796213794,360,18,5000,20260922,exploratory_marginal_fixed_authors_conditional_fitted_models
astra_session,matched300_full,shared_stylometry_nc,paraphrase,within_domain_gap,original->original,paraphrase->paraphrase,0.05630013761853547,-0.007480482891425079,0.12441554240648256,360,18,5000,20260922,exploratory_marginal_fixed_authors_conditional_fitted_models
astra_session,matched300_full,shared_stylometry_nc,modernize,transfer_loss,original->original,original->modernize,0.1788580211906709,0.09917606505263032,0.2684095818854443,360,18,5000,20260922,exploratory_marginal_fixed_authors_conditional_fitted_models
astra_session,matched300_full,shared_stylometry_nc,modernize,adaptation_gain,modernize->modernize,original->modernize,0.113065063734689,0.05301760929156161,0.1870625651809444,360,18,5000,20260922,exploratory_marginal_fixed_authors_conditional_fitted_models
astra_session,matched300_full,shared_stylometry_nc,modernize,within_domain_gap,original->original,modernize->modernize,0.0657929574559819,0.009987836140066689,0.12387180185296703,360,18,5000,20260922,exploratory_marginal_fixed_authors_conditional_fitted_models
astra_session,matched300_full,shared_stylometry_nc,simplify,transfer_loss,original->original,original->simplify,0.22045875333201115,0.13707023670582924,0.3176533055839286,360,18,5000,20260922,exploratory_marginal_fixed_authors_conditional_fitted_models
astra_session,matched300_full,shared_stylometry_nc,simplify,adaptation_gain,simplify->simplify,original->simplify,0.1311239726793908,0.05692911379294284,0.21862392618012835,360,18,5000,20260922,exploratory_marginal_fixed_authors_conditional_fitted_models
astra_session,matched300_full,shared_stylometry_nc,simplify,within_domain_gap,original->original,simplify->simplify,0.08933478065262035,0.028965835523293168,0.15365791448340918,360,18,5000,20260922,exploratory_marginal_fixed_authors_conditional_fitted_models
astra_session,matched300_full,shared_function_words_nc,paraphrase,transfer_loss,original->original,original->paraphrase,0.08861095337956953,0.021134433742610464,0.16029882103853957,360,18,5000,20260922,exploratory_marginal_fixed_authors_conditional_fitted_models
astra_session,matched300_full,shared_function_words_nc,paraphrase,adaptation_gain,paraphrase->paraphrase,original->paraphrase,-0.0014834365617785727,-0.05230406711643205,0.058922066528465405,360,18,5000,20260922,exploratory_marginal_fixed_authors_conditional_fitted_models
astra_session,matched300_full,shared_function_words_nc,paraphrase,within_domain_gap,original->original,paraphrase->paraphrase,0.09009438994134811,0.022055558752307605,0.15808202062218338,360,18,5000,20260922,exploratory_marginal_fixed_authors_conditional_fitted_models
astra_session,matched300_full,shared_function_words_nc,modernize,transfer_loss,original->original,original->modernize,0.10141625346114347,0.03834883142234879,0.1650146092654021,360,18,5000,20260922,exploratory_marginal_fixed_authors_conditional_fitted_models
astra_session,matched300_full,shared_function_words_nc,modernize,adaptation_gain,modernize->modernize,original->modernize,0.03781560354755403,-0.017152228814890386,0.09509953399882148,360,18,5000,20260922,exploratory_marginal_fixed_authors_conditional_fitted_models
astra_session,matched300_full,shared_function_words_nc,modernize,within_domain_gap,original->original,modernize->modernize,0.06360064991358944,-0.006299095018355319,0.13358097499035332,360,18,5000,20260922,exploratory_marginal_fixed_authors_conditional_fitted_models
astra_session,matched300_full,shared_function_words_nc,simplify,transfer_loss,original->original,original->simplify,0.13633413885903745,0.0651709320339378,0.20955435487931176,360,18,5000,20260922,exploratory_marginal_fixed_authors_conditional_fitted_models
astra_session,matched300_full,shared_function_words_nc,simplify,adaptation_gain,simplify->simplify,original->simplify,0.0721978033001513,0.014735771976882537,0.13556465401421067,360,18,5000,20260922,exploratory_marginal_fixed_authors_conditional_fitted_models
astra_session,matched300_full,shared_function_words_nc,simplify,within_domain_gap,original->original,simplify->simplify,0.06413633555888615,-0.010170062769160335,0.13377862060340967,360,18,5000,20260922,exploratory_marginal_fixed_authors_conditional_fitted_models
astra_session,matched300_full,char3_5_tfidf_svm,paraphrase,transfer_loss,original->original,original->paraphrase,0.18665722693048736,0.12503700270734702,0.26375198733053895,360,18,5000,20260922,exploratory_marginal_fixed_authors_conditional_fitted_models
astra_session,matched300_full,char3_5_tfidf_svm,paraphrase,adaptation_gain,paraphrase->paraphrase,original->paraphrase,0.09909173921226655,0.04840540095368799,0.1635862524247142,360,18,5000,20260922,exploratory_marginal_fixed_authors_conditional_fitted_models
astra_session,matched300_full,char3_5_tfidf_svm,paraphrase,within_domain_gap,original->original,paraphrase->paraphrase,0.08756548771822081,0.0436020156043197,0.1408559081019451,360,18,5000,20260922,exploratory_marginal_fixed_authors_conditional_fitted_models
astra_session,matched300_full,char3_5_tfidf_svm,modernize,transfer_loss,original->original,original->modernize,0.18989255365450997,0.12363692267820099,0.2698427929702348,360,18,5000,20260922,exploratory_marginal_fixed_authors_conditional_fitted_models
astra_session,matched300_full,char3_5_tfidf_svm,modernize,adaptation_gain,modernize->modernize,original->modernize,0.06182481199603895,0.013517249228025472,0.11521819173293119,360,18,5000,20260922,exploratory_marginal_fixed_authors_conditional_fitted_models
astra_session,matched300_full,char3_5_tfidf_svm,modernize,within_domain_gap,original->original,modernize->modernize,0.128067741658471,0.07594179210112255,0.1899726127795612,360,18,5000,20260922,exploratory_marginal_fixed_authors_conditional_fitted_models
astra_session,matched300_full,char3_5_tfidf_svm,simplify,transfer_loss,original->original,original->simplify,0.21682522191876696,0.15022233351155498,0.29183151909658606,360,18,5000,20260922,exploratory_marginal_fixed_authors_conditional_fitted_models
astra_session,matched300_full,char3_5_tfidf_svm,simplify,adaptation_gain,simplify->simplify,original->simplify,0.08830617025473009,0.022915864726040045,0.15673370935078904,360,18,5000,20260922,exploratory_marginal_fixed_authors_conditional_fitted_models
astra_session,matched300_full,char3_5_tfidf_svm,simplify,within_domain_gap,original->original,simplify->simplify,0.12851905166403688,0.07887482682849235,0.18175624744243563,360,18,5000,20260922,exploratory_marginal_fixed_authors_conditional_fitted_models
astra_session,w300_middle,shared_stylometry_nc,paraphrase,transfer_loss,original->original,original->paraphrase,0.06885501380706521,0.003300749162605897,0.14915517728839275,360,18,5000,20260922,exploratory_marginal_fixed_authors_conditional_fitted_models
astra_session,w300_middle,shared_stylometry_nc,paraphrase,adaptation_gain,paraphrase->paraphrase,original->paraphrase,0.030005796627475323,-0.02972144917689693,0.09707524311226394,360,18,5000,20260922,exploratory_marginal_fixed_authors_conditional_fitted_models
astra_session,w300_middle,shared_stylometry_nc,paraphrase,within_domain_gap,original->original,paraphrase->paraphrase,0.03884921717958989,-0.02215148365824969,0.10584584842190072,360,18,5000,20260922,exploratory_marginal_fixed_authors_conditional_fitted_models
astra_session,w300_middle,shared_stylometry_nc,modernize,transfer_loss,original->original,original->modernize,0.11337418796071291,0.03855519217440097,0.19862835542342952,360,18,5000,20260922,exploratory_marginal_fixed_authors_conditional_fitted_models
astra_session,w300_middle,shared_stylometry_nc,modernize,adaptation_gain,modernize->modernize,original->modernize,0.0985825813906232,0.02181897825007836,0.18789776958876409,360,18,5000,20260922,exploratory_marginal_fixed_authors_conditional_fitted_models
astra_session,w300_middle,shared_stylometry_nc,modernize,within_domain_gap,original->original,modernize->modernize,0.01479160657008971,-0.04142387931199565,0.06996719916230958,360,18,5000,20260922,exploratory_marginal_fixed_authors_conditional_fitted_models
astra_session,w300_middle,shared_stylometry_nc,simplify,transfer_loss,original->original,original->simplify,0.1323576787826553,0.05727995181909488,0.21100828140823774,360,18,5000,20260922,exploratory_marginal_fixed_authors_conditional_fitted_models
astra_session,w300_middle,shared_stylometry_nc,simplify,adaptation_gain,simplify->simplify,original->simplify,0.1108859627275281,0.038264929977701555,0.18775734248107187,360,18,5000,20260922,exploratory_marginal_fixed_authors_conditional_fitted_models
astra_session,w300_middle,shared_stylometry_nc,simplify,within_domain_gap,original->original,simplify->simplify,0.02147171605512721,-0.04022848896398694,0.08167395347209246,360,18,5000,20260922,exploratory_marginal_fixed_authors_conditional_fitted_models
astra_session,w300_middle,shared_function_words_nc,paraphrase,transfer_loss,original->original,original->paraphrase,0.07915377248884092,0.014911826272297117,0.14309843793182764,360,18,5000,20260922,exploratory_marginal_fixed_authors_conditional_fitted_models
astra_session,w300_middle,shared_function_words_nc,paraphrase,adaptation_gain,paraphrase->paraphrase,original->paraphrase,0.034824674368795605,-0.01855506035081296,0.09184452966909766,360,18,5000,20260922,exploratory_marginal_fixed_authors_conditional_fitted_models
astra_session,w300_middle,shared_function_words_nc,paraphrase,within_domain_gap,original->original,paraphrase->paraphrase,0.04432909812004532,-0.014483146494269768,0.10277662241282354,360,18,5000,20260922,exploratory_marginal_fixed_authors_conditional_fitted_models
astra_session,w300_middle,shared_function_words_nc,modernize,transfer_loss,original->original,original->modernize,0.06914874478822236,0.012635973915472594,0.12585859166658,360,18,5000,20260922,exploratory_marginal_fixed_authors_conditional_fitted_models
astra_session,w300_middle,shared_function_words_nc,modernize,adaptation_gain,modernize->modernize,original->modernize,0.033086947158664004,-0.024613790676496952,0.09564847162296293,360,18,5000,20260922,exploratory_marginal_fixed_authors_conditional_fitted_models
astra_session,w300_middle,shared_function_words_nc,modernize,within_domain_gap,original->original,modernize->modernize,0.036061797629558356,-0.027689092366140804,0.09694006374761881,360,18,5000,20260922,exploratory_marginal_fixed_authors_conditional_fitted_models
astra_session,w300_middle,shared_function_words_nc,simplify,transfer_loss,original->original,original->simplify,0.1158839962820466,0.0546702723073055,0.17689033336055227,360,18,5000,20260922,exploratory_marginal_fixed_authors_conditional_fitted_models
astra_session,w300_middle,shared_function_words_nc,simplify,adaptation_gain,simplify->simplify,original->simplify,0.071282131821299,0.01919372991438066,0.12551539500637304,360,18,5000,20260922,exploratory_marginal_fixed_authors_conditional_fitted_models
astra_session,w300_middle,shared_function_words_nc,simplify,within_domain_gap,original->original,simplify->simplify,0.0446018644607476,-0.026066330764793304,0.1122242813954917,360,18,5000,20260922,exploratory_marginal_fixed_authors_conditional_fitted_models
astra_session,w300_middle,char3_5_tfidf_svm,paraphrase,transfer_loss,original->original,original->paraphrase,0.16426310659233323,0.10232055095909715,0.23944914236649684,360,18,5000,20260922,exploratory_marginal_fixed_authors_conditional_fitted_models
astra_session,w300_middle,char3_5_tfidf_svm,paraphrase,adaptation_gain,paraphrase->paraphrase,original->paraphrase,0.0695298282928215,0.022147094969906873,0.12047901727581767,360,18,5000,20260922,exploratory_marginal_fixed_authors_conditional_fitted_models
astra_session,w300_middle,char3_5_tfidf_svm,paraphrase,within_domain_gap,original->original,paraphrase->paraphrase,0.09473327829951173,0.039966578677280776,0.15611699276629415,360,18,5000,20260922,exploratory_marginal_fixed_authors_conditional_fitted_models
astra_session,w300_middle,char3_5_tfidf_svm,modernize,transfer_loss,original->original,original->modernize,0.12746136986412415,0.07523663171363164,0.18747254674122182,360,18,5000,20260922,exploratory_marginal_fixed_authors_conditional_fitted_models
astra_session,w300_middle,char3_5_tfidf_svm,modernize,adaptation_gain,modernize->modernize,original->modernize,0.05755641220022334,0.0009165006569990232,0.11776242595247517,360,18,5000,20260922,exploratory_marginal_fixed_authors_conditional_fitted_models
astra_session,w300_middle,char3_5_tfidf_svm,modernize,within_domain_gap,original->original,modernize->modernize,0.06990495766390081,0.0236766481924258,0.11717106819713209,360,18,5000,20260922,exploratory_marginal_fixed_authors_conditional_fitted_models
astra_session,w300_middle,char3_5_tfidf_svm,simplify,transfer_loss,original->original,original->simplify,0.16139927935155118,0.10542831000488889,0.22148980027953077,360,18,5000,20260922,exploratory_marginal_fixed_authors_conditional_fitted_models
astra_session,w300_middle,char3_5_tfidf_svm,simplify,adaptation_gain,simplify->simplify,original->simplify,0.06338566549933955,0.007989919515467861,0.12274212269226213,360,18,5000,20260922,exploratory_marginal_fixed_authors_conditional_fitted_models
astra_session,w300_middle,char3_5_tfidf_svm,simplify,within_domain_gap,original->original,simplify->simplify,0.09801361385221163,0.04706825249288329,0.14877539024213632,360,18,5000,20260922,exploratory_marginal_fixed_authors_conditional_fitted_models
