model_key,classifier,feature_set,condition,fold,rows,macro_f1,accuracy
gem31lite,gaussian_nb,full,modernize,pooled,360,0.32078489404474775,0.35555555555555557
gem31lite,gaussian_nb,full,modernize,0,120,0.23577694235588975,0.31666666666666665
gem31lite,gaussian_nb,full,modernize,1,120,0.3495374800637958,0.375
gem31lite,gaussian_nb,full,modernize,2,120,0.30783828369028365,0.375
gem31lite,gaussian_nb,full,original,pooled,360,0.5722037811950781,0.5666666666666667
gem31lite,gaussian_nb,full,original,0,120,0.5785233285233286,0.5833333333333334
gem31lite,gaussian_nb,full,original,1,120,0.5832490886254327,0.5583333333333333
gem31lite,gaussian_nb,full,original,2,120,0.5355575633095012,0.5583333333333333
gem31lite,gaussian_nb,full,paraphrase,pooled,360,0.33454826757043715,0.35
gem31lite,gaussian_nb,full,paraphrase,0,120,0.26724692672968536,0.325
gem31lite,gaussian_nb,full,paraphrase,1,120,0.36240981240981246,0.39166666666666666
gem31lite,gaussian_nb,full,paraphrase,2,120,0.27306104380577634,0.3333333333333333
gem31lite,gaussian_nb,full,simplify,pooled,359,0.31305584949730764,0.35097493036211697
gem31lite,gaussian_nb,full,simplify,0,120,0.27008000800080006,0.35
gem31lite,gaussian_nb,full,simplify,1,120,0.36170902676170985,0.38333333333333336
gem31lite,gaussian_nb,full,simplify,2,119,0.2555722639933166,0.31932773109243695
gem31lite,gaussian_nb,without_char3,modernize,pooled,360,0.2866385857370701,0.3194444444444444
gem31lite,gaussian_nb,without_char3,modernize,0,120,0.19284992784992785,0.26666666666666666
gem31lite,gaussian_nb,without_char3,modernize,1,120,0.3284515938244008,0.35
gem31lite,gaussian_nb,without_char3,modernize,2,120,0.2683119141653375,0.3416666666666667
gem31lite,gaussian_nb,without_char3,original,pooled,360,0.4888808170230901,0.4861111111111111
gem31lite,gaussian_nb,without_char3,original,0,120,0.5569401048124452,0.5666666666666667
gem31lite,gaussian_nb,without_char3,original,1,120,0.5259785734828876,0.5166666666666667
gem31lite,gaussian_nb,without_char3,original,2,120,0.3560958187685019,0.375
gem31lite,gaussian_nb,without_char3,paraphrase,pooled,360,0.29226477247987487,0.3138888888888889
gem31lite,gaussian_nb,without_char3,paraphrase,0,120,0.20994059703737122,0.275
gem31lite,gaussian_nb,without_char3,paraphrase,1,120,0.34672153256119104,0.36666666666666664
gem31lite,gaussian_nb,without_char3,paraphrase,2,120,0.21695202680614578,0.3
gem31lite,gaussian_nb,without_char3,simplify,pooled,359,0.2942675678774172,0.3426183844011142
gem31lite,gaussian_nb,without_char3,simplify,0,120,0.24884042582155788,0.31666666666666665
gem31lite,gaussian_nb,without_char3,simplify,1,120,0.31868424387241595,0.36666666666666664
gem31lite,gaussian_nb,without_char3,simplify,2,119,0.2523478835978836,0.3445378151260504
gem31lite,gaussian_nb,without_function_word,modernize,pooled,360,0.31734721679513306,0.3333333333333333
gem31lite,gaussian_nb,without_function_word,modernize,0,120,0.24045776083819562,0.3
gem31lite,gaussian_nb,without_function_word,modernize,1,120,0.3584345607682251,0.375
gem31lite,gaussian_nb,without_function_word,modernize,2,120,0.2835965388653561,0.325
gem31lite,gaussian_nb,without_function_word,original,pooled,360,0.5267102678552261,0.5305555555555556
gem31lite,gaussian_nb,without_function_word,original,0,120,0.5421367320592126,0.5583333333333333
gem31lite,gaussian_nb,without_function_word,original,1,120,0.5140566554563413,0.5166666666666667
gem31lite,gaussian_nb,without_function_word,original,2,120,0.49011343216531894,0.5166666666666667
gem31lite,gaussian_nb,without_function_word,paraphrase,pooled,360,0.3154491666333905,0.3333333333333333
gem31lite,gaussian_nb,without_function_word,paraphrase,0,120,0.24208616701896268,0.3
gem31lite,gaussian_nb,without_function_word,paraphrase,1,120,0.3851721352685673,0.4083333333333333
gem31lite,gaussian_nb,without_function_word,paraphrase,2,120,0.22477990780857418,0.2916666666666667
gem31lite,gaussian_nb,without_function_word,simplify,pooled,359,0.2593315427343187,0.3008356545961003
gem31lite,gaussian_nb,without_function_word,simplify,0,120,0.22043931165882383,0.3
gem31lite,gaussian_nb,without_function_word,simplify,1,120,0.3046417371932246,0.325
gem31lite,gaussian_nb,without_function_word,simplify,2,119,0.21442454097626515,0.2773109243697479
gem31lite,gaussian_nb,without_length_rhythm,modernize,pooled,360,0.34125832989138044,0.3472222222222222
gem31lite,gaussian_nb,without_length_rhythm,modernize,0,120,0.3309702641720354,0.325
gem31lite,gaussian_nb,without_length_rhythm,modernize,1,120,0.25862406571626434,0.2916666666666667
gem31lite,gaussian_nb,without_length_rhythm,modernize,2,120,0.38325342341360646,0.425
gem31lite,gaussian_nb,without_length_rhythm,original,pooled,360,0.5856094291836152,0.5777777777777777
gem31lite,gaussian_nb,without_length_rhythm,original,0,120,0.5668344016558302,0.575
gem31lite,gaussian_nb,without_length_rhythm,original,1,120,0.6108985426058596,0.5833333333333334
gem31lite,gaussian_nb,without_length_rhythm,original,2,120,0.5469088458711099,0.575
gem31lite,gaussian_nb,without_length_rhythm,paraphrase,pooled,360,0.33680780999064,0.3472222222222222
gem31lite,gaussian_nb,without_length_rhythm,paraphrase,0,120,0.3245259320528138,0.31666666666666665
gem31lite,gaussian_nb,without_length_rhythm,paraphrase,1,120,0.2846446324028645,0.31666666666666665
gem31lite,gaussian_nb,without_length_rhythm,paraphrase,2,120,0.36573813783116105,0.4083333333333333
gem31lite,gaussian_nb,without_length_rhythm,simplify,pooled,359,0.36975147479904785,0.3788300835654596
gem31lite,gaussian_nb,without_length_rhythm,simplify,0,120,0.38767501649489233,0.4
gem31lite,gaussian_nb,without_length_rhythm,simplify,1,120,0.33932655467138223,0.35833333333333334
gem31lite,gaussian_nb,without_length_rhythm,simplify,2,119,0.3561326477993145,0.37815126050420167
gem31lite,gaussian_nb,without_lexical_richness,modernize,pooled,360,0.31429926821671544,0.35
gem31lite,gaussian_nb,without_lexical_richness,modernize,0,120,0.2537382102599494,0.31666666666666665
gem31lite,gaussian_nb,without_lexical_richness,modernize,1,120,0.35372671291206004,0.375
gem31lite,gaussian_nb,without_lexical_richness,modernize,2,120,0.29393262580586826,0.35833333333333334
gem31lite,gaussian_nb,without_lexical_richness,original,pooled,360,0.5768665255778934,0.5722222222222222
gem31lite,gaussian_nb,without_lexical_richness,original,0,120,0.5943285887675163,0.6
gem31lite,gaussian_nb,without_lexical_richness,original,1,120,0.6025295868243162,0.575
gem31lite,gaussian_nb,without_lexical_richness,original,2,120,0.5092005525338857,0.5416666666666666
gem31lite,gaussian_nb,without_lexical_richness,paraphrase,pooled,360,0.34569213190598785,0.37222222222222223
gem31lite,gaussian_nb,without_lexical_richness,paraphrase,0,120,0.27723390542624765,0.325
gem31lite,gaussian_nb,without_lexical_richness,paraphrase,1,120,0.3823139579718527,0.4083333333333333
gem31lite,gaussian_nb,without_lexical_richness,paraphrase,2,120,0.31633792322405113,0.38333333333333336
gem31lite,gaussian_nb,without_lexical_richness,simplify,pooled,359,0.2929922793506385,0.3370473537604457
gem31lite,gaussian_nb,without_lexical_richness,simplify,0,120,0.28018195128807,0.35
gem31lite,gaussian_nb,without_lexical_richness,simplify,1,120,0.3035554988995789,0.3416666666666667
gem31lite,gaussian_nb,without_lexical_richness,simplify,2,119,0.26016434985401327,0.31932773109243695
gem31lite,gaussian_nb,without_punctuation,modernize,pooled,360,0.297773812693037,0.3416666666666667
gem31lite,gaussian_nb,without_punctuation,modernize,0,120,0.22191537930668362,0.31666666666666665
gem31lite,gaussian_nb,without_punctuation,modernize,1,120,0.3307461123334437,0.35833333333333334
gem31lite,gaussian_nb,without_punctuation,modernize,2,120,0.28439153439153436,0.35
gem31lite,gaussian_nb,without_punctuation,original,pooled,360,0.5852129490035858,0.5833333333333334
gem31lite,gaussian_nb,without_punctuation,original,0,120,0.5573704560546667,0.575
gem31lite,gaussian_nb,without_punctuation,original,1,120,0.566845759613911,0.5416666666666666
gem31lite,gaussian_nb,without_punctuation,original,2,120,0.60856779205421,0.6333333333333333
gem31lite,gaussian_nb,without_punctuation,paraphrase,pooled,360,0.31455974615486904,0.3416666666666667
gem31lite,gaussian_nb,without_punctuation,paraphrase,0,120,0.21386241051289598,0.3
gem31lite,gaussian_nb,without_punctuation,paraphrase,1,120,0.360829945799458,0.39166666666666666
gem31lite,gaussian_nb,without_punctuation,paraphrase,2,120,0.2789590666266697,0.3333333333333333
gem31lite,gaussian_nb,without_punctuation,simplify,pooled,359,0.2746859215075534,0.32590529247910865
gem31lite,gaussian_nb,without_punctuation,simplify,0,120,0.19324766943814561,0.31666666666666665
gem31lite,gaussian_nb,without_punctuation,simplify,1,120,0.29847953557250845,0.3416666666666667
gem31lite,gaussian_nb,without_punctuation,simplify,2,119,0.258635355234776,0.31932773109243695
gem31lite,gaussian_nb,without_register_marker,modernize,pooled,360,0.31927269249293233,0.35555555555555557
gem31lite,gaussian_nb,without_register_marker,modernize,0,120,0.25595117794880556,0.3333333333333333
gem31lite,gaussian_nb,without_register_marker,modernize,1,120,0.3496772038877302,0.375
gem31lite,gaussian_nb,without_register_marker,modernize,2,120,0.2851691518358185,0.35833333333333334
gem31lite,gaussian_nb,without_register_marker,original,pooled,360,0.5677011120992507,0.5611111111111111
gem31lite,gaussian_nb,without_register_marker,original,0,120,0.548359411104509,0.5583333333333333
gem31lite,gaussian_nb,without_register_marker,original,1,120,0.5771277202589773,0.55
gem31lite,gaussian_nb,without_register_marker,original,2,120,0.5554435884586844,0.575
gem31lite,gaussian_nb,without_register_marker,paraphrase,pooled,360,0.3220440597891578,0.3388888888888889
gem31lite,gaussian_nb,without_register_marker,paraphrase,0,120,0.27078700354562424,0.325
gem31lite,gaussian_nb,without_register_marker,paraphrase,1,120,0.3474716488884424,0.38333333333333336
gem31lite,gaussian_nb,without_register_marker,paraphrase,2,120,0.2627956609578384,0.30833333333333335
gem31lite,gaussian_nb,without_register_marker,simplify,pooled,359,0.32183669375405305,0.3593314763231198
gem31lite,gaussian_nb,without_register_marker,simplify,0,120,0.2834127209660031,0.35833333333333334
gem31lite,gaussian_nb,without_register_marker,simplify,1,120,0.3568338395617591,0.375
gem31lite,gaussian_nb,without_register_marker,simplify,2,119,0.2731191631191631,0.3445378151260504
gem31lite,lda_ledoit_wolf_shrinkage,full,modernize,pooled,360,0.30708969250236984,0.35555555555555557
gem31lite,lda_ledoit_wolf_shrinkage,full,modernize,0,120,0.27991452991452986,0.325
gem31lite,lda_ledoit_wolf_shrinkage,full,modernize,1,120,0.33405366397621816,0.39166666666666666
gem31lite,lda_ledoit_wolf_shrinkage,full,modernize,2,120,0.28990299823633153,0.35
gem31lite,lda_ledoit_wolf_shrinkage,full,original,pooled,360,0.72218054102773,0.7194444444444444
gem31lite,lda_ledoit_wolf_shrinkage,full,original,0,120,0.6650527738026814,0.675
gem31lite,lda_ledoit_wolf_shrinkage,full,original,1,120,0.7380014392892332,0.725
gem31lite,lda_ledoit_wolf_shrinkage,full,original,2,120,0.7535218131969902,0.7583333333333333
gem31lite,lda_ledoit_wolf_shrinkage,full,paraphrase,pooled,360,0.29057084902889385,0.3472222222222222
gem31lite,lda_ledoit_wolf_shrinkage,full,paraphrase,0,120,0.20464688290775246,0.25
gem31lite,lda_ledoit_wolf_shrinkage,full,paraphrase,1,120,0.351758658008658,0.425
gem31lite,lda_ledoit_wolf_shrinkage,full,paraphrase,2,120,0.29126407973957885,0.36666666666666664
gem31lite,lda_ledoit_wolf_shrinkage,full,simplify,pooled,359,0.2651432119079178,0.3286908077994429
gem31lite,lda_ledoit_wolf_shrinkage,full,simplify,0,120,0.2347741023021922,0.3
gem31lite,lda_ledoit_wolf_shrinkage,full,simplify,1,120,0.32291596307553755,0.39166666666666666
gem31lite,lda_ledoit_wolf_shrinkage,full,simplify,2,119,0.225671446579375,0.29411764705882354
gem31lite,lda_ledoit_wolf_shrinkage,without_char3,modernize,pooled,360,0.25243218246894716,0.30833333333333335
gem31lite,lda_ledoit_wolf_shrinkage,without_char3,modernize,0,120,0.17054364880451836,0.225
gem31lite,lda_ledoit_wolf_shrinkage,without_char3,modernize,1,120,0.2850634518248236,0.36666666666666664
gem31lite,lda_ledoit_wolf_shrinkage,without_char3,modernize,2,120,0.27336860670194,0.3333333333333333
gem31lite,lda_ledoit_wolf_shrinkage,without_char3,original,pooled,360,0.6750571635761284,0.675
gem31lite,lda_ledoit_wolf_shrinkage,without_char3,original,0,120,0.6529072336246653,0.6666666666666666
gem31lite,lda_ledoit_wolf_shrinkage,without_char3,original,1,120,0.7081700572661837,0.7
gem31lite,lda_ledoit_wolf_shrinkage,without_char3,original,2,120,0.6479545853686483,0.6583333333333333
gem31lite,lda_ledoit_wolf_shrinkage,without_char3,paraphrase,pooled,360,0.25697374444083937,0.325
gem31lite,lda_ledoit_wolf_shrinkage,without_char3,paraphrase,0,120,0.19206544206544207,0.25833333333333336
gem31lite,lda_ledoit_wolf_shrinkage,without_char3,paraphrase,1,120,0.31406586770717204,0.39166666666666666
gem31lite,lda_ledoit_wolf_shrinkage,without_char3,paraphrase,2,120,0.24310472197264646,0.325
gem31lite,lda_ledoit_wolf_shrinkage,without_char3,simplify,pooled,359,0.25678716699045584,0.3147632311977716
gem31lite,lda_ledoit_wolf_shrinkage,without_char3,simplify,0,120,0.2217803274713844,0.275
gem31lite,lda_ledoit_wolf_shrinkage,without_char3,simplify,1,120,0.3125097020466409,0.38333333333333336
gem31lite,lda_ledoit_wolf_shrinkage,without_char3,simplify,2,119,0.22042458287662892,0.2857142857142857
gem31lite,lda_ledoit_wolf_shrinkage,without_function_word,modernize,pooled,360,0.25782392722504915,0.3138888888888889
gem31lite,lda_ledoit_wolf_shrinkage,without_function_word,modernize,0,120,0.25910773746567445,0.30833333333333335
gem31lite,lda_ledoit_wolf_shrinkage,without_function_word,modernize,1,120,0.28214853929139644,0.35833333333333334
gem31lite,lda_ledoit_wolf_shrinkage,without_function_word,modernize,2,120,0.2175101965146459,0.275
gem31lite,lda_ledoit_wolf_shrinkage,without_function_word,original,pooled,360,0.6670566959529333,0.6666666666666666
gem31lite,lda_ledoit_wolf_shrinkage,without_function_word,original,0,120,0.5995473343626335,0.6166666666666667
gem31lite,lda_ledoit_wolf_shrinkage,without_function_word,original,1,120,0.6879384901410073,0.675
gem31lite,lda_ledoit_wolf_shrinkage,without_function_word,original,2,120,0.6978511737445373,0.7083333333333334
gem31lite,lda_ledoit_wolf_shrinkage,without_function_word,paraphrase,pooled,360,0.2457633850411017,0.29444444444444445
gem31lite,lda_ledoit_wolf_shrinkage,without_function_word,paraphrase,0,120,0.18835614999051353,0.225
gem31lite,lda_ledoit_wolf_shrinkage,without_function_word,paraphrase,1,120,0.2968171037136554,0.36666666666666664
gem31lite,lda_ledoit_wolf_shrinkage,without_function_word,paraphrase,2,120,0.23106769773436442,0.2916666666666667
gem31lite,lda_ledoit_wolf_shrinkage,without_function_word,simplify,pooled,359,0.22924217842458247,0.29526462395543174
gem31lite,lda_ledoit_wolf_shrinkage,without_function_word,simplify,0,120,0.20631093544137022,0.26666666666666666
gem31lite,lda_ledoit_wolf_shrinkage,without_function_word,simplify,1,120,0.2774311196050327,0.35833333333333334
gem31lite,lda_ledoit_wolf_shrinkage,without_function_word,simplify,2,119,0.19593214373702175,0.2605042016806723
gem31lite,lda_ledoit_wolf_shrinkage,without_length_rhythm,modernize,pooled,360,0.3266773778890956,0.375
gem31lite,lda_ledoit_wolf_shrinkage,without_length_rhythm,modernize,0,120,0.2757095371024339,0.31666666666666665
gem31lite,lda_ledoit_wolf_shrinkage,without_length_rhythm,modernize,1,120,0.3385610898043086,0.4
gem31lite,lda_ledoit_wolf_shrinkage,without_length_rhythm,modernize,2,120,0.3483116883116883,0.4083333333333333
gem31lite,lda_ledoit_wolf_shrinkage,without_length_rhythm,original,pooled,360,0.7318859330406591,0.7305555555555555
gem31lite,lda_ledoit_wolf_shrinkage,without_length_rhythm,original,0,120,0.6730274101057702,0.6833333333333333
gem31lite,lda_ledoit_wolf_shrinkage,without_length_rhythm,original,1,120,0.7500544447362915,0.7416666666666667
gem31lite,lda_ledoit_wolf_shrinkage,without_length_rhythm,original,2,120,0.7624211752135919,0.7666666666666667
gem31lite,lda_ledoit_wolf_shrinkage,without_length_rhythm,paraphrase,pooled,360,0.31895163385989367,0.37222222222222223
gem31lite,lda_ledoit_wolf_shrinkage,without_length_rhythm,paraphrase,0,120,0.27745603487139486,0.30833333333333335
gem31lite,lda_ledoit_wolf_shrinkage,without_length_rhythm,paraphrase,1,120,0.3134017883521956,0.375
gem31lite,lda_ledoit_wolf_shrinkage,without_length_rhythm,paraphrase,2,120,0.34885765437125665,0.43333333333333335
gem31lite,lda_ledoit_wolf_shrinkage,without_length_rhythm,simplify,pooled,359,0.3367902473793169,0.3816155988857939
gem31lite,lda_ledoit_wolf_shrinkage,without_length_rhythm,simplify,0,120,0.32940280367036917,0.36666666666666664
gem31lite,lda_ledoit_wolf_shrinkage,without_length_rhythm,simplify,1,120,0.332815734989648,0.39166666666666666
gem31lite,lda_ledoit_wolf_shrinkage,without_length_rhythm,simplify,2,119,0.33143261988216866,0.3865546218487395
gem31lite,lda_ledoit_wolf_shrinkage,without_lexical_richness,modernize,pooled,360,0.3168661437050784,0.3638888888888889
gem31lite,lda_ledoit_wolf_shrinkage,without_lexical_richness,modernize,0,120,0.2787645706349579,0.325
gem31lite,lda_ledoit_wolf_shrinkage,without_lexical_richness,modernize,1,120,0.3445767396998571,0.4083333333333333
gem31lite,lda_ledoit_wolf_shrinkage,without_lexical_richness,modernize,2,120,0.3132122741569746,0.35833333333333334
gem31lite,lda_ledoit_wolf_shrinkage,without_lexical_richness,original,pooled,360,0.7262572135113441,0.7222222222222222
gem31lite,lda_ledoit_wolf_shrinkage,without_lexical_richness,original,0,120,0.6753859697211388,0.6833333333333333
gem31lite,lda_ledoit_wolf_shrinkage,without_lexical_richness,original,1,120,0.7404197183608948,0.725
gem31lite,lda_ledoit_wolf_shrinkage,without_lexical_richness,original,2,120,0.7538915867499604,0.7583333333333333
gem31lite,lda_ledoit_wolf_shrinkage,without_lexical_richness,paraphrase,pooled,360,0.3156864918869455,0.3638888888888889
gem31lite,lda_ledoit_wolf_shrinkage,without_lexical_richness,paraphrase,0,120,0.2496554120706663,0.2833333333333333
gem31lite,lda_ledoit_wolf_shrinkage,without_lexical_richness,paraphrase,1,120,0.3600580297573968,0.425
gem31lite,lda_ledoit_wolf_shrinkage,without_lexical_richness,paraphrase,2,120,0.31246184371184366,0.38333333333333336
gem31lite,lda_ledoit_wolf_shrinkage,without_lexical_richness,simplify,pooled,359,0.28130798470768736,0.3398328690807799
gem31lite,lda_ledoit_wolf_shrinkage,without_lexical_richness,simplify,0,120,0.23607591326327615,0.2916666666666667
gem31lite,lda_ledoit_wolf_shrinkage,without_lexical_richness,simplify,1,120,0.32748442566990954,0.4
gem31lite,lda_ledoit_wolf_shrinkage,without_lexical_richness,simplify,2,119,0.27463197078241325,0.3277310924369748
gem31lite,lda_ledoit_wolf_shrinkage,without_punctuation,modernize,pooled,360,0.3168980480487126,0.35833333333333334
gem31lite,lda_ledoit_wolf_shrinkage,without_punctuation,modernize,0,120,0.29696900315122104,0.3333333333333333
gem31lite,lda_ledoit_wolf_shrinkage,without_punctuation,modernize,1,120,0.32881384659979157,0.38333333333333336
gem31lite,lda_ledoit_wolf_shrinkage,without_punctuation,modernize,2,120,0.29364217854847796,0.35833333333333334
gem31lite,lda_ledoit_wolf_shrinkage,without_punctuation,original,pooled,360,0.7032168039081808,0.7
gem31lite,lda_ledoit_wolf_shrinkage,without_punctuation,original,0,120,0.6319787775580458,0.6416666666666667
gem31lite,lda_ledoit_wolf_shrinkage,without_punctuation,original,1,120,0.7333284761774465,0.7166666666666667
gem31lite,lda_ledoit_wolf_shrinkage,without_punctuation,original,2,120,0.7337154145999364,0.7416666666666667
gem31lite,lda_ledoit_wolf_shrinkage,without_punctuation,paraphrase,pooled,360,0.2951227507457232,0.35
gem31lite,lda_ledoit_wolf_shrinkage,without_punctuation,paraphrase,0,120,0.2449702160593666,0.2916666666666667
gem31lite,lda_ledoit_wolf_shrinkage,without_punctuation,paraphrase,1,120,0.31770586551370134,0.38333333333333336
gem31lite,lda_ledoit_wolf_shrinkage,without_punctuation,paraphrase,2,120,0.2961309523809524,0.375
gem31lite,lda_ledoit_wolf_shrinkage,without_punctuation,simplify,pooled,359,0.29020220154263815,0.3398328690807799
gem31lite,lda_ledoit_wolf_shrinkage,without_punctuation,simplify,0,120,0.2702821869488536,0.325
gem31lite,lda_ledoit_wolf_shrinkage,without_punctuation,simplify,1,120,0.3365665868024359,0.4
gem31lite,lda_ledoit_wolf_shrinkage,without_punctuation,simplify,2,119,0.2277451781627983,0.29411764705882354
gem31lite,lda_ledoit_wolf_shrinkage,without_register_marker,modernize,pooled,360,0.3067599303981217,0.3527777777777778
gem31lite,lda_ledoit_wolf_shrinkage,without_register_marker,modernize,0,120,0.27451553277640234,0.31666666666666665
gem31lite,lda_ledoit_wolf_shrinkage,without_register_marker,modernize,1,120,0.33592448962955207,0.39166666666666666
gem31lite,lda_ledoit_wolf_shrinkage,without_register_marker,modernize,2,120,0.28990299823633153,0.35
gem31lite,lda_ledoit_wolf_shrinkage,without_register_marker,original,pooled,360,0.7170558145967982,0.7138888888888889
gem31lite,lda_ledoit_wolf_shrinkage,without_register_marker,original,0,120,0.6934137327234665,0.7
gem31lite,lda_ledoit_wolf_shrinkage,without_register_marker,original,1,120,0.713349816703229,0.7
gem31lite,lda_ledoit_wolf_shrinkage,without_register_marker,original,2,120,0.7389130518064428,0.7416666666666667
gem31lite,lda_ledoit_wolf_shrinkage,without_register_marker,paraphrase,pooled,360,0.29793013333996937,0.35
gem31lite,lda_ledoit_wolf_shrinkage,without_register_marker,paraphrase,0,120,0.217365168769678,0.25833333333333336
gem31lite,lda_ledoit_wolf_shrinkage,without_register_marker,paraphrase,1,120,0.3564818480977017,0.425
gem31lite,lda_ledoit_wolf_shrinkage,without_register_marker,paraphrase,2,120,0.29126407973957885,0.36666666666666664
gem31lite,lda_ledoit_wolf_shrinkage,without_register_marker,simplify,pooled,359,0.2725512757386636,0.3342618384401114
gem31lite,lda_ledoit_wolf_shrinkage,without_register_marker,simplify,0,120,0.24674349791938655,0.30833333333333335
gem31lite,lda_ledoit_wolf_shrinkage,without_register_marker,simplify,1,120,0.32291596307553755,0.39166666666666666
gem31lite,lda_ledoit_wolf_shrinkage,without_register_marker,simplify,2,119,0.23288534304276431,0.3025210084033613
gem31lite,nearest_centroid,full,modernize,pooled,360,0.3590457416627375,0.38055555555555554
gem31lite,nearest_centroid,full,modernize,0,120,0.30437951343622077,0.30833333333333335
gem31lite,nearest_centroid,full,modernize,1,120,0.3453453497913142,0.4
gem31lite,nearest_centroid,full,modernize,2,120,0.37288718491172673,0.43333333333333335
gem31lite,nearest_centroid,full,original,pooled,360,0.6349380989380989,0.6361111111111111
gem31lite,nearest_centroid,full,original,0,120,0.5749398426953134,0.5916666666666667
gem31lite,nearest_centroid,full,original,1,120,0.6526537037860324,0.6333333333333333
gem31lite,nearest_centroid,full,original,2,120,0.6629114030328864,0.6833333333333333
gem31lite,nearest_centroid,full,paraphrase,pooled,360,0.3133218727847884,0.35
gem31lite,nearest_centroid,full,paraphrase,0,120,0.21066224890975824,0.25
gem31lite,nearest_centroid,full,paraphrase,1,120,0.3011666184220532,0.35833333333333334
gem31lite,nearest_centroid,full,paraphrase,2,120,0.368124224703172,0.44166666666666665
gem31lite,nearest_centroid,full,simplify,pooled,359,0.3083347552178575,0.34540389972144847
gem31lite,nearest_centroid,full,simplify,0,120,0.3280048117782094,0.35
gem31lite,nearest_centroid,full,simplify,1,120,0.2985737903126311,0.36666666666666664
gem31lite,nearest_centroid,full,simplify,2,119,0.2578223076670281,0.31932773109243695
gem31lite,nearest_centroid,without_char3,modernize,pooled,360,0.2848041673924218,0.32222222222222224
gem31lite,nearest_centroid,without_char3,modernize,0,120,0.27210005419126665,0.2833333333333333
gem31lite,nearest_centroid,without_char3,modernize,1,120,0.28111975761494373,0.35833333333333334
gem31lite,nearest_centroid,without_char3,modernize,2,120,0.26087369420702755,0.325
gem31lite,nearest_centroid,without_char3,original,pooled,360,0.5831137627074648,0.5805555555555556
gem31lite,nearest_centroid,without_char3,original,0,120,0.5859946579054528,0.6
gem31lite,nearest_centroid,without_char3,original,1,120,0.6054682419290812,0.6
gem31lite,nearest_centroid,without_char3,original,2,120,0.527926322043969,0.5416666666666666
gem31lite,nearest_centroid,without_char3,paraphrase,pooled,360,0.28033828734670974,0.3388888888888889
gem31lite,nearest_centroid,without_char3,paraphrase,0,120,0.23097031244830413,0.26666666666666666
gem31lite,nearest_centroid,without_char3,paraphrase,1,120,0.2647006001315689,0.35833333333333334
gem31lite,nearest_centroid,without_char3,paraphrase,2,120,0.29602568568085813,0.39166666666666666
gem31lite,nearest_centroid,without_char3,simplify,pooled,359,0.26675536348278683,0.3064066852367688
gem31lite,nearest_centroid,without_char3,simplify,0,120,0.2851233307984255,0.3
gem31lite,nearest_centroid,without_char3,simplify,1,120,0.27197503583373145,0.3416666666666667
gem31lite,nearest_centroid,without_char3,simplify,2,119,0.21351701600180303,0.2773109243697479
gem31lite,nearest_centroid,without_function_word,modernize,pooled,360,0.32343311135967096,0.3416666666666667
gem31lite,nearest_centroid,without_function_word,modernize,0,120,0.2912208490680272,0.30833333333333335
gem31lite,nearest_centroid,without_function_word,modernize,1,120,0.31319183602073236,0.375
gem31lite,nearest_centroid,without_function_word,modernize,2,120,0.3012794062012552,0.3416666666666667
gem31lite,nearest_centroid,without_function_word,original,pooled,360,0.6044559102075678,0.6055555555555555
gem31lite,nearest_centroid,without_function_word,original,0,120,0.583134553436192,0.6
gem31lite,nearest_centroid,without_function_word,original,1,120,0.5891175578985907,0.575
gem31lite,nearest_centroid,without_function_word,original,2,120,0.6158090256304541,0.6416666666666667
gem31lite,nearest_centroid,without_function_word,paraphrase,pooled,360,0.2735738503305447,0.30277777777777776
gem31lite,nearest_centroid,without_function_word,paraphrase,0,120,0.18781116859003788,0.21666666666666667
gem31lite,nearest_centroid,without_function_word,paraphrase,1,120,0.25661867212216166,0.31666666666666665
gem31lite,nearest_centroid,without_function_word,paraphrase,2,120,0.31305481666927454,0.375
gem31lite,nearest_centroid,without_function_word,simplify,pooled,359,0.30277456797678937,0.3286908077994429
gem31lite,nearest_centroid,without_function_word,simplify,0,120,0.30391880598752974,0.325
gem31lite,nearest_centroid,without_function_word,simplify,1,120,0.2945833835926715,0.35833333333333334
gem31lite,nearest_centroid,without_function_word,simplify,2,119,0.25898274638904323,0.3025210084033613
gem31lite,nearest_centroid,without_length_rhythm,modernize,pooled,360,0.3906013900361651,0.4166666666666667
gem31lite,nearest_centroid,without_length_rhythm,modernize,0,120,0.3270421319201807,0.3333333333333333
gem31lite,nearest_centroid,without_length_rhythm,modernize,1,120,0.37674351731480143,0.4166666666666667
gem31lite,nearest_centroid,without_length_rhythm,modernize,2,120,0.4222464294784692,0.5
gem31lite,nearest_centroid,without_length_rhythm,original,pooled,360,0.6379741772528408,0.6388888888888888
gem31lite,nearest_centroid,without_length_rhythm,original,0,120,0.5468432752842298,0.5666666666666667
gem31lite,nearest_centroid,without_length_rhythm,original,1,120,0.6582014614323336,0.6416666666666667
gem31lite,nearest_centroid,without_length_rhythm,original,2,120,0.6901193758119947,0.7083333333333334
gem31lite,nearest_centroid,without_length_rhythm,paraphrase,pooled,360,0.31797533242546033,0.3527777777777778
gem31lite,nearest_centroid,without_length_rhythm,paraphrase,0,120,0.21329673269282212,0.25
gem31lite,nearest_centroid,without_length_rhythm,paraphrase,1,120,0.30477339239864126,0.35833333333333334
gem31lite,nearest_centroid,without_length_rhythm,paraphrase,2,120,0.3896164021164021,0.45
gem31lite,nearest_centroid,without_length_rhythm,simplify,pooled,359,0.36073652913410936,0.3955431754874652
gem31lite,nearest_centroid,without_length_rhythm,simplify,0,120,0.3364650963170463,0.35833333333333334
gem31lite,nearest_centroid,without_length_rhythm,simplify,1,120,0.33971390459195344,0.39166666666666666
gem31lite,nearest_centroid,without_length_rhythm,simplify,2,119,0.3778951751796658,0.4369747899159664
gem31lite,nearest_centroid,without_lexical_richness,modernize,pooled,360,0.3536534013524008,0.37222222222222223
gem31lite,nearest_centroid,without_lexical_richness,modernize,0,120,0.28799920353005004,0.3
gem31lite,nearest_centroid,without_lexical_richness,modernize,1,120,0.35304034130121087,0.39166666666666666
gem31lite,nearest_centroid,without_lexical_richness,modernize,2,120,0.3715549715162718,0.425
gem31lite,nearest_centroid,without_lexical_richness,original,pooled,360,0.627805108098874,0.6305555555555555
gem31lite,nearest_centroid,without_lexical_richness,original,0,120,0.5478986413269984,0.5666666666666667
gem31lite,nearest_centroid,without_lexical_richness,original,1,120,0.6589678899276422,0.6416666666666667
gem31lite,nearest_centroid,without_lexical_richness,original,2,120,0.6534335551726856,0.6833333333333333
gem31lite,nearest_centroid,without_lexical_richness,paraphrase,pooled,360,0.3422539115935342,0.37222222222222223
gem31lite,nearest_centroid,without_lexical_richness,paraphrase,0,120,0.22490164990164993,0.24166666666666667
gem31lite,nearest_centroid,without_lexical_richness,paraphrase,1,120,0.34033800743071146,0.38333333333333336
gem31lite,nearest_centroid,without_lexical_richness,paraphrase,2,120,0.43835603587376637,0.49166666666666664
gem31lite,nearest_centroid,without_lexical_richness,simplify,pooled,359,0.3134423191419496,0.34818941504178275
gem31lite,nearest_centroid,without_lexical_richness,simplify,0,120,0.31704555807960927,0.3416666666666667
gem31lite,nearest_centroid,without_lexical_richness,simplify,1,120,0.3181544797920442,0.36666666666666664
gem31lite,nearest_centroid,without_lexical_richness,simplify,2,119,0.28420002474855527,0.33613445378151263
gem31lite,nearest_centroid,without_punctuation,modernize,pooled,360,0.36377710206220887,0.38333333333333336
gem31lite,nearest_centroid,without_punctuation,modernize,0,120,0.3217258678539166,0.3333333333333333
gem31lite,nearest_centroid,without_punctuation,modernize,1,120,0.3270070544686913,0.375
gem31lite,nearest_centroid,without_punctuation,modernize,2,120,0.37756200256200256,0.44166666666666665
gem31lite,nearest_centroid,without_punctuation,original,pooled,360,0.5861023117674907,0.5888888888888889
gem31lite,nearest_centroid,without_punctuation,original,0,120,0.5156942730472142,0.5416666666666666
gem31lite,nearest_centroid,without_punctuation,original,1,120,0.6220189681286546,0.6
gem31lite,nearest_centroid,without_punctuation,original,2,120,0.6002284005389594,0.625
gem31lite,nearest_centroid,without_punctuation,paraphrase,pooled,360,0.3093906296896276,0.35
gem31lite,nearest_centroid,without_punctuation,paraphrase,0,120,0.22582889338674753,0.26666666666666666
gem31lite,nearest_centroid,without_punctuation,paraphrase,1,120,0.28333283754947924,0.3416666666666667
gem31lite,nearest_centroid,without_punctuation,paraphrase,2,120,0.359045584045584,0.44166666666666665
gem31lite,nearest_centroid,without_punctuation,simplify,pooled,359,0.33381787739557905,0.3649025069637883
gem31lite,nearest_centroid,without_punctuation,simplify,0,120,0.3583623280291092,0.38333333333333336
gem31lite,nearest_centroid,without_punctuation,simplify,1,120,0.2932648746602235,0.35833333333333334
gem31lite,nearest_centroid,without_punctuation,simplify,2,119,0.2911701366651311,0.35294117647058826
gem31lite,nearest_centroid,without_register_marker,modernize,pooled,360,0.35770175656776565,0.38333333333333336
gem31lite,nearest_centroid,without_register_marker,modernize,0,120,0.2876831496568339,0.3
gem31lite,nearest_centroid,without_register_marker,modernize,1,120,0.34612379230652074,0.4
gem31lite,nearest_centroid,without_register_marker,modernize,2,120,0.3811284232336864,0.45
gem31lite,nearest_centroid,without_register_marker,original,pooled,360,0.6173431332666968,0.6166666666666667
gem31lite,nearest_centroid,without_register_marker,original,0,120,0.5504758526358848,0.5666666666666667
gem31lite,nearest_centroid,without_register_marker,original,1,120,0.6276565079639213,0.6083333333333333
gem31lite,nearest_centroid,without_register_marker,original,2,120,0.6562711204566992,0.675
gem31lite,nearest_centroid,without_register_marker,paraphrase,pooled,360,0.3076938759684417,0.34444444444444444
gem31lite,nearest_centroid,without_register_marker,paraphrase,0,120,0.19536396574440051,0.23333333333333334
gem31lite,nearest_centroid,without_register_marker,paraphrase,1,120,0.29946299171842644,0.35833333333333334
gem31lite,nearest_centroid,without_register_marker,paraphrase,2,120,0.3667585935191569,0.44166666666666665
gem31lite,nearest_centroid,without_register_marker,simplify,pooled,359,0.3129934222573336,0.35097493036211697
gem31lite,nearest_centroid,without_register_marker,simplify,0,120,0.34498429125768887,0.375
gem31lite,nearest_centroid,without_register_marker,simplify,1,120,0.2936096501987975,0.35833333333333334
gem31lite,nearest_centroid,without_register_marker,simplify,2,119,0.25665928525414045,0.31932773109243695
azure_replication,gaussian_nb,full,modernize,pooled,331,0.45730595007842734,0.4380664652567976
azure_replication,gaussian_nb,full,modernize,0,105,0.34779951332148923,0.3523809523809524
azure_replication,gaussian_nb,full,modernize,1,109,0.5159376742849712,0.48623853211009177
azure_replication,gaussian_nb,full,modernize,2,117,0.47801329816523147,0.4700854700854701
azure_replication,gaussian_nb,full,original,pooled,360,0.5722037811950781,0.5666666666666667
azure_replication,gaussian_nb,full,original,0,120,0.5785233285233286,0.5833333333333334
azure_replication,gaussian_nb,full,original,1,120,0.5832490886254327,0.5583333333333333
azure_replication,gaussian_nb,full,original,2,120,0.5355575633095012,0.5583333333333333
azure_replication,gaussian_nb,full,paraphrase,pooled,327,0.4833131455712088,0.4709480122324159
azure_replication,gaussian_nb,full,paraphrase,0,103,0.3866187274366905,0.39805825242718446
azure_replication,gaussian_nb,full,paraphrase,1,109,0.5370701058201058,0.5045871559633027
azure_replication,gaussian_nb,full,paraphrase,2,115,0.5046143191190361,0.5043478260869565
azure_replication,gaussian_nb,full,simplify,pooled,325,0.4571297774974008,0.4584615384615385
azure_replication,gaussian_nb,full,simplify,0,104,0.3950084683475537,0.41346153846153844
azure_replication,gaussian_nb,full,simplify,1,109,0.4763078683900994,0.46788990825688076
azure_replication,gaussian_nb,full,simplify,2,112,0.5016575786312628,0.49107142857142855
azure_replication,gaussian_nb,without_char3,modernize,pooled,331,0.4162055203452461,0.4078549848942598
azure_replication,gaussian_nb,without_char3,modernize,0,105,0.3569815601065602,0.38095238095238093
azure_replication,gaussian_nb,without_char3,modernize,1,109,0.4526727080974348,0.44954128440366975
azure_replication,gaussian_nb,without_char3,modernize,2,117,0.4078130920803334,0.39316239316239315
azure_replication,gaussian_nb,without_char3,original,pooled,360,0.4888808170230901,0.4861111111111111
azure_replication,gaussian_nb,without_char3,original,0,120,0.5569401048124452,0.5666666666666667
azure_replication,gaussian_nb,without_char3,original,1,120,0.5259785734828876,0.5166666666666667
azure_replication,gaussian_nb,without_char3,original,2,120,0.3560958187685019,0.375
azure_replication,gaussian_nb,without_char3,paraphrase,pooled,327,0.43465032006768517,0.43119266055045874
azure_replication,gaussian_nb,without_char3,paraphrase,0,103,0.415748052094401,0.42718446601941745
azure_replication,gaussian_nb,without_char3,paraphrase,1,109,0.4647661517226734,0.45871559633027525
azure_replication,gaussian_nb,without_char3,paraphrase,2,115,0.40375015146659093,0.40869565217391307
azure_replication,gaussian_nb,without_char3,simplify,pooled,325,0.4212460000465017,0.41846153846153844
azure_replication,gaussian_nb,without_char3,simplify,0,104,0.3914472537660943,0.41346153846153844
azure_replication,gaussian_nb,without_char3,simplify,1,109,0.4177342724027869,0.41284403669724773
azure_replication,gaussian_nb,without_char3,simplify,2,112,0.4437050779907923,0.42857142857142855
azure_replication,gaussian_nb,without_function_word,modernize,pooled,331,0.38852591478987514,0.39274924471299094
azure_replication,gaussian_nb,without_function_word,modernize,0,105,0.3031265675579508,0.3238095238095238
azure_replication,gaussian_nb,without_function_word,modernize,1,109,0.419334129461324,0.41284403669724773
azure_replication,gaussian_nb,without_function_word,modernize,2,117,0.4115058833524489,0.4358974358974359
azure_replication,gaussian_nb,without_function_word,original,pooled,360,0.5267102678552261,0.5305555555555556
azure_replication,gaussian_nb,without_function_word,original,0,120,0.5421367320592126,0.5583333333333333
azure_replication,gaussian_nb,without_function_word,original,1,120,0.5140566554563413,0.5166666666666667
azure_replication,gaussian_nb,without_function_word,original,2,120,0.49011343216531894,0.5166666666666667
azure_replication,gaussian_nb,without_function_word,paraphrase,pooled,327,0.39559178012137935,0.39755351681957185
azure_replication,gaussian_nb,without_function_word,paraphrase,0,103,0.3675801825432367,0.3786407766990291
azure_replication,gaussian_nb,without_function_word,paraphrase,1,109,0.44483741579437913,0.44036697247706424
azure_replication,gaussian_nb,without_function_word,paraphrase,2,115,0.36072426928594586,0.3739130434782609
azure_replication,gaussian_nb,without_function_word,simplify,pooled,325,0.39140384609907225,0.39384615384615385
azure_replication,gaussian_nb,without_function_word,simplify,0,104,0.3252813329038375,0.34615384615384615
azure_replication,gaussian_nb,without_function_word,simplify,1,109,0.39246073211590454,0.42201834862385323
azure_replication,gaussian_nb,without_function_word,simplify,2,112,0.4235138282621402,0.4107142857142857
azure_replication,gaussian_nb,without_length_rhythm,modernize,pooled,331,0.44957570895303095,0.4259818731117825
azure_replication,gaussian_nb,without_length_rhythm,modernize,0,105,0.34828628292370106,0.3523809523809524
azure_replication,gaussian_nb,without_length_rhythm,modernize,1,109,0.5027326844379699,0.46788990825688076
azure_replication,gaussian_nb,without_length_rhythm,modernize,2,117,0.4657834101382488,0.452991452991453
azure_replication,gaussian_nb,without_length_rhythm,original,pooled,360,0.5856094291836152,0.5777777777777777
azure_replication,gaussian_nb,without_length_rhythm,original,0,120,0.5668344016558302,0.575
azure_replication,gaussian_nb,without_length_rhythm,original,1,120,0.6108985426058596,0.5833333333333334
azure_replication,gaussian_nb,without_length_rhythm,original,2,120,0.5469088458711099,0.575
azure_replication,gaussian_nb,without_length_rhythm,paraphrase,pooled,327,0.5000884147383846,0.4801223241590214
azure_replication,gaussian_nb,without_length_rhythm,paraphrase,0,103,0.3839734002046596,0.3883495145631068
azure_replication,gaussian_nb,without_length_rhythm,paraphrase,1,109,0.5648441427853192,0.5229357798165137
azure_replication,gaussian_nb,without_length_rhythm,paraphrase,2,115,0.5322869215026077,0.5217391304347826
azure_replication,gaussian_nb,without_length_rhythm,simplify,pooled,325,0.47180105534330874,0.4707692307692308
azure_replication,gaussian_nb,without_length_rhythm,simplify,0,104,0.4213090313860532,0.4326923076923077
azure_replication,gaussian_nb,without_length_rhythm,simplify,1,109,0.4998041979949875,0.48623853211009177
azure_replication,gaussian_nb,without_length_rhythm,simplify,2,112,0.500795875704919,0.49107142857142855
azure_replication,gaussian_nb,without_lexical_richness,modernize,pooled,331,0.44805325207764235,0.43202416918429004
azure_replication,gaussian_nb,without_lexical_richness,modernize,0,105,0.37733972376829517,0.38095238095238093
azure_replication,gaussian_nb,without_lexical_richness,modernize,1,109,0.5476069541534437,0.5229357798165137
azure_replication,gaussian_nb,without_lexical_richness,modernize,2,117,0.39543636651619546,0.39316239316239315
azure_replication,gaussian_nb,without_lexical_richness,original,pooled,360,0.5768665255778934,0.5722222222222222
azure_replication,gaussian_nb,without_lexical_richness,original,0,120,0.5943285887675163,0.6
azure_replication,gaussian_nb,without_lexical_richness,original,1,120,0.6025295868243162,0.575
azure_replication,gaussian_nb,without_lexical_richness,original,2,120,0.5092005525338857,0.5416666666666666
azure_replication,gaussian_nb,without_lexical_richness,paraphrase,pooled,327,0.48537980945170006,0.4740061162079511
azure_replication,gaussian_nb,without_lexical_richness,paraphrase,0,103,0.39050989155726706,0.39805825242718446
azure_replication,gaussian_nb,without_lexical_richness,paraphrase,1,109,0.5662718021461095,0.5321100917431193
azure_replication,gaussian_nb,without_lexical_richness,paraphrase,2,115,0.47785514923672817,0.48695652173913045
azure_replication,gaussian_nb,without_lexical_richness,simplify,pooled,325,0.44149544111447914,0.44
azure_replication,gaussian_nb,without_lexical_richness,simplify,0,104,0.40880905968625264,0.41346153846153844
azure_replication,gaussian_nb,without_lexical_richness,simplify,1,109,0.47760953309198917,0.46788990825688076
azure_replication,gaussian_nb,without_lexical_richness,simplify,2,112,0.44720496894409933,0.4375
azure_replication,gaussian_nb,without_punctuation,modernize,pooled,331,0.4750432569208322,0.459214501510574
azure_replication,gaussian_nb,without_punctuation,modernize,0,105,0.3532438940488476,0.37142857142857144
azure_replication,gaussian_nb,without_punctuation,modernize,1,109,0.5054020168401888,0.46788990825688076
azure_replication,gaussian_nb,without_punctuation,modernize,2,117,0.5422901560096682,0.5299145299145299
azure_replication,gaussian_nb,without_punctuation,original,pooled,360,0.5852129490035858,0.5833333333333334
azure_replication,gaussian_nb,without_punctuation,original,0,120,0.5573704560546667,0.575
azure_replication,gaussian_nb,without_punctuation,original,1,120,0.566845759613911,0.5416666666666666
azure_replication,gaussian_nb,without_punctuation,original,2,120,0.60856779205421,0.6333333333333333
azure_replication,gaussian_nb,without_punctuation,paraphrase,pooled,327,0.5253831612329717,0.5168195718654435
azure_replication,gaussian_nb,without_punctuation,paraphrase,0,103,0.41148539187754873,0.4368932038834951
azure_replication,gaussian_nb,without_punctuation,paraphrase,1,109,0.554675430778372,0.5229357798165137
azure_replication,gaussian_nb,without_punctuation,paraphrase,2,115,0.5799374236874237,0.5826086956521739
azure_replication,gaussian_nb,without_punctuation,simplify,pooled,325,0.3978728926899659,0.4153846153846154
azure_replication,gaussian_nb,without_punctuation,simplify,0,104,0.32108059476480527,0.3557692307692308
azure_replication,gaussian_nb,without_punctuation,simplify,1,109,0.4239235752780644,0.45871559633027525
azure_replication,gaussian_nb,without_punctuation,simplify,2,112,0.4309971276933315,0.42857142857142855
azure_replication,gaussian_nb,without_register_marker,modernize,pooled,331,0.49292531898478925,0.4773413897280967
azure_replication,gaussian_nb,without_register_marker,modernize,0,105,0.3875034181022696,0.3904761904761905
azure_replication,gaussian_nb,without_register_marker,modernize,1,109,0.5097353795629658,0.48623853211009177
azure_replication,gaussian_nb,without_register_marker,modernize,2,117,0.5489631540565326,0.5470085470085471
azure_replication,gaussian_nb,without_register_marker,original,pooled,360,0.5677011120992507,0.5611111111111111
azure_replication,gaussian_nb,without_register_marker,original,0,120,0.548359411104509,0.5583333333333333
azure_replication,gaussian_nb,without_register_marker,original,1,120,0.5771277202589773,0.55
azure_replication,gaussian_nb,without_register_marker,original,2,120,0.5554435884586844,0.575
azure_replication,gaussian_nb,without_register_marker,paraphrase,pooled,327,0.47600504041148883,0.4648318042813456
azure_replication,gaussian_nb,without_register_marker,paraphrase,0,103,0.38204707170224417,0.3883495145631068
azure_replication,gaussian_nb,without_register_marker,paraphrase,1,109,0.5068299755799756,0.47706422018348627
azure_replication,gaussian_nb,without_register_marker,paraphrase,2,115,0.5146781714635172,0.5217391304347826
azure_replication,gaussian_nb,without_register_marker,simplify,pooled,325,0.45792773407337234,0.4584615384615385
azure_replication,gaussian_nb,without_register_marker,simplify,0,104,0.38122646455979786,0.40384615384615385
azure_replication,gaussian_nb,without_register_marker,simplify,1,109,0.4962760283324799,0.48623853211009177
azure_replication,gaussian_nb,without_register_marker,simplify,2,112,0.48401200525039534,0.48214285714285715
azure_replication,lda_ledoit_wolf_shrinkage,full,modernize,pooled,331,0.6112683054254225,0.6042296072507553
azure_replication,lda_ledoit_wolf_shrinkage,full,modernize,0,105,0.5017212609600425,0.5047619047619047
azure_replication,lda_ledoit_wolf_shrinkage,full,modernize,1,109,0.6568919812180402,0.6513761467889908
azure_replication,lda_ledoit_wolf_shrinkage,full,modernize,2,117,0.6484990146754853,0.6495726495726496
azure_replication,lda_ledoit_wolf_shrinkage,full,original,pooled,360,0.72218054102773,0.7194444444444444
azure_replication,lda_ledoit_wolf_shrinkage,full,original,0,120,0.6650527738026814,0.675
azure_replication,lda_ledoit_wolf_shrinkage,full,original,1,120,0.7380014392892332,0.725
azure_replication,lda_ledoit_wolf_shrinkage,full,original,2,120,0.7535218131969902,0.7583333333333333
azure_replication,lda_ledoit_wolf_shrinkage,full,paraphrase,pooled,327,0.6087370714135186,0.6085626911314985
azure_replication,lda_ledoit_wolf_shrinkage,full,paraphrase,0,103,0.5297947226994405,0.5533980582524272
azure_replication,lda_ledoit_wolf_shrinkage,full,paraphrase,1,109,0.6322194431593483,0.6330275229357798
azure_replication,lda_ledoit_wolf_shrinkage,full,paraphrase,2,115,0.6295571366198301,0.6347826086956522
azure_replication,lda_ledoit_wolf_shrinkage,full,simplify,pooled,325,0.4694762144574775,0.47384615384615386
azure_replication,lda_ledoit_wolf_shrinkage,full,simplify,0,104,0.3914639238831685,0.4423076923076923
azure_replication,lda_ledoit_wolf_shrinkage,full,simplify,1,109,0.49612914862914864,0.5045871559633027
azure_replication,lda_ledoit_wolf_shrinkage,full,simplify,2,112,0.4892295560973721,0.4732142857142857
azure_replication,lda_ledoit_wolf_shrinkage,without_char3,modernize,pooled,331,0.5987370899904714,0.6012084592145015
azure_replication,lda_ledoit_wolf_shrinkage,without_char3,modernize,0,105,0.47975846154688656,0.49523809523809526
azure_replication,lda_ledoit_wolf_shrinkage,without_char3,modernize,1,109,0.6551341105064123,0.6605504587155964
azure_replication,lda_ledoit_wolf_shrinkage,without_char3,modernize,2,117,0.6295726891008199,0.6410256410256411
azure_replication,lda_ledoit_wolf_shrinkage,without_char3,original,pooled,360,0.6750571635761284,0.675
azure_replication,lda_ledoit_wolf_shrinkage,without_char3,original,0,120,0.6529072336246653,0.6666666666666666
azure_replication,lda_ledoit_wolf_shrinkage,without_char3,original,1,120,0.7081700572661837,0.7
azure_replication,lda_ledoit_wolf_shrinkage,without_char3,original,2,120,0.6479545853686483,0.6583333333333333
azure_replication,lda_ledoit_wolf_shrinkage,without_char3,paraphrase,pooled,327,0.6169096237751552,0.617737003058104
azure_replication,lda_ledoit_wolf_shrinkage,without_char3,paraphrase,0,103,0.5391196457863124,0.5533980582524272
azure_replication,lda_ledoit_wolf_shrinkage,without_char3,paraphrase,1,109,0.6276885395306447,0.6238532110091743
azure_replication,lda_ledoit_wolf_shrinkage,without_char3,paraphrase,2,115,0.6528927077050118,0.6695652173913044
azure_replication,lda_ledoit_wolf_shrinkage,without_char3,simplify,pooled,325,0.45452341347907854,0.4584615384615385
azure_replication,lda_ledoit_wolf_shrinkage,without_char3,simplify,0,104,0.3860733733339173,0.4423076923076923
azure_replication,lda_ledoit_wolf_shrinkage,without_char3,simplify,1,109,0.41830161708210484,0.42201834862385323
azure_replication,lda_ledoit_wolf_shrinkage,without_char3,simplify,2,112,0.5134617352617286,0.5089285714285714
azure_replication,lda_ledoit_wolf_shrinkage,without_function_word,modernize,pooled,331,0.5325233359595952,0.525679758308157
azure_replication,lda_ledoit_wolf_shrinkage,without_function_word,modernize,0,105,0.3728855216312741,0.3904761904761905
azure_replication,lda_ledoit_wolf_shrinkage,without_function_word,modernize,1,109,0.6509872362813539,0.6422018348623854
azure_replication,lda_ledoit_wolf_shrinkage,without_function_word,modernize,2,117,0.5271300178419199,0.5384615384615384
azure_replication,lda_ledoit_wolf_shrinkage,without_function_word,original,pooled,360,0.6670566959529333,0.6666666666666666
azure_replication,lda_ledoit_wolf_shrinkage,without_function_word,original,0,120,0.5995473343626335,0.6166666666666667
azure_replication,lda_ledoit_wolf_shrinkage,without_function_word,original,1,120,0.6879384901410073,0.675
azure_replication,lda_ledoit_wolf_shrinkage,without_function_word,original,2,120,0.6978511737445373,0.7083333333333334
azure_replication,lda_ledoit_wolf_shrinkage,without_function_word,paraphrase,pooled,327,0.579670877701168,0.5779816513761468
azure_replication,lda_ledoit_wolf_shrinkage,without_function_word,paraphrase,0,103,0.4868702082855645,0.5048543689320388
azure_replication,lda_ledoit_wolf_shrinkage,without_function_word,paraphrase,1,109,0.5984096202583598,0.5963302752293578
azure_replication,lda_ledoit_wolf_shrinkage,without_function_word,paraphrase,2,115,0.620508658008658,0.6260869565217392
azure_replication,lda_ledoit_wolf_shrinkage,without_function_word,simplify,pooled,325,0.40952404646985924,0.42153846153846153
azure_replication,lda_ledoit_wolf_shrinkage,without_function_word,simplify,0,104,0.38078883116061507,0.41346153846153844
azure_replication,lda_ledoit_wolf_shrinkage,without_function_word,simplify,1,109,0.4310245599134488,0.44954128440366975
azure_replication,lda_ledoit_wolf_shrinkage,without_function_word,simplify,2,112,0.3829556320520176,0.4017857142857143
azure_replication,lda_ledoit_wolf_shrinkage,without_length_rhythm,modernize,pooled,331,0.6089022151362611,0.6012084592145015
azure_replication,lda_ledoit_wolf_shrinkage,without_length_rhythm,modernize,0,105,0.4976668485179123,0.5047619047619047
azure_replication,lda_ledoit_wolf_shrinkage,without_length_rhythm,modernize,1,109,0.6763400747648055,0.6697247706422018
azure_replication,lda_ledoit_wolf_shrinkage,without_length_rhythm,modernize,2,117,0.6271667161397781,0.6239316239316239
azure_replication,lda_ledoit_wolf_shrinkage,without_length_rhythm,original,pooled,360,0.7318859330406591,0.7305555555555555
azure_replication,lda_ledoit_wolf_shrinkage,without_length_rhythm,original,0,120,0.6730274101057702,0.6833333333333333
azure_replication,lda_ledoit_wolf_shrinkage,without_length_rhythm,original,1,120,0.7500544447362915,0.7416666666666667
azure_replication,lda_ledoit_wolf_shrinkage,without_length_rhythm,original,2,120,0.7624211752135919,0.7666666666666667
azure_replication,lda_ledoit_wolf_shrinkage,without_length_rhythm,paraphrase,pooled,327,0.5927732754296372,0.5902140672782875
azure_replication,lda_ledoit_wolf_shrinkage,without_length_rhythm,paraphrase,0,103,0.5092173621585386,0.5339805825242718
azure_replication,lda_ledoit_wolf_shrinkage,without_length_rhythm,paraphrase,1,109,0.6009609715611628,0.5963302752293578
azure_replication,lda_ledoit_wolf_shrinkage,without_length_rhythm,paraphrase,2,115,0.6317084557400195,0.6347826086956522
azure_replication,lda_ledoit_wolf_shrinkage,without_length_rhythm,simplify,pooled,325,0.4707507902719197,0.48
azure_replication,lda_ledoit_wolf_shrinkage,without_length_rhythm,simplify,0,104,0.39707583965287047,0.4423076923076923
azure_replication,lda_ledoit_wolf_shrinkage,without_length_rhythm,simplify,1,109,0.48388598171879904,0.5045871559633027
azure_replication,lda_ledoit_wolf_shrinkage,without_length_rhythm,simplify,2,112,0.5043423040154345,0.49107142857142855
azure_replication,lda_ledoit_wolf_shrinkage,without_lexical_richness,modernize,pooled,331,0.6312760091169768,0.6253776435045317
azure_replication,lda_ledoit_wolf_shrinkage,without_lexical_richness,modernize,0,105,0.5223645167197882,0.5238095238095238
azure_replication,lda_ledoit_wolf_shrinkage,without_lexical_richness,modernize,1,109,0.6823067380962118,0.6788990825688074
azure_replication,lda_ledoit_wolf_shrinkage,without_lexical_richness,modernize,2,117,0.6669024201918939,0.6666666666666666
azure_replication,lda_ledoit_wolf_shrinkage,without_lexical_richness,original,pooled,360,0.7262572135113441,0.7222222222222222
azure_replication,lda_ledoit_wolf_shrinkage,without_lexical_richness,original,0,120,0.6753859697211388,0.6833333333333333
azure_replication,lda_ledoit_wolf_shrinkage,without_lexical_richness,original,1,120,0.7404197183608948,0.725
azure_replication,lda_ledoit_wolf_shrinkage,without_lexical_richness,original,2,120,0.7538915867499604,0.7583333333333333
azure_replication,lda_ledoit_wolf_shrinkage,without_lexical_richness,paraphrase,pooled,327,0.6051476619915671,0.6024464831804281
azure_replication,lda_ledoit_wolf_shrinkage,without_lexical_richness,paraphrase,0,103,0.47849657692649394,0.49514563106796117
azure_replication,lda_ledoit_wolf_shrinkage,without_lexical_richness,paraphrase,1,109,0.6509786382426036,0.6513761467889908
azure_replication,lda_ledoit_wolf_shrinkage,without_lexical_richness,paraphrase,2,115,0.6518554105417058,0.6521739130434783
azure_replication,lda_ledoit_wolf_shrinkage,without_lexical_richness,simplify,pooled,325,0.4707877804441544,0.47692307692307695
azure_replication,lda_ledoit_wolf_shrinkage,without_lexical_richness,simplify,0,104,0.40177578030519207,0.4423076923076923
azure_replication,lda_ledoit_wolf_shrinkage,without_lexical_richness,simplify,1,109,0.48889593201631487,0.5045871559633027
azure_replication,lda_ledoit_wolf_shrinkage,without_lexical_richness,simplify,2,112,0.4973517443666193,0.48214285714285715
azure_replication,lda_ledoit_wolf_shrinkage,without_punctuation,modernize,pooled,331,0.5658571411981611,0.5589123867069486
azure_replication,lda_ledoit_wolf_shrinkage,without_punctuation,modernize,0,105,0.3991120311534167,0.41904761904761906
azure_replication,lda_ledoit_wolf_shrinkage,without_punctuation,modernize,1,109,0.6089264379586959,0.6055045871559633
azure_replication,lda_ledoit_wolf_shrinkage,without_punctuation,modernize,2,117,0.6428113564384056,0.6410256410256411
azure_replication,lda_ledoit_wolf_shrinkage,without_punctuation,original,pooled,360,0.7032168039081808,0.7
azure_replication,lda_ledoit_wolf_shrinkage,without_punctuation,original,0,120,0.6319787775580458,0.6416666666666667
azure_replication,lda_ledoit_wolf_shrinkage,without_punctuation,original,1,120,0.7333284761774465,0.7166666666666667
azure_replication,lda_ledoit_wolf_shrinkage,without_punctuation,original,2,120,0.7337154145999364,0.7416666666666667
azure_replication,lda_ledoit_wolf_shrinkage,without_punctuation,paraphrase,pooled,327,0.576992893475073,0.5657492354740061
azure_replication,lda_ledoit_wolf_shrinkage,without_punctuation,paraphrase,0,103,0.48296480791425184,0.5048543689320388
azure_replication,lda_ledoit_wolf_shrinkage,without_punctuation,paraphrase,1,109,0.5585160976588719,0.5504587155963303
azure_replication,lda_ledoit_wolf_shrinkage,without_punctuation,paraphrase,2,115,0.6366152967412709,0.6347826086956522
azure_replication,lda_ledoit_wolf_shrinkage,without_punctuation,simplify,pooled,325,0.4835558732631757,0.48615384615384616
azure_replication,lda_ledoit_wolf_shrinkage,without_punctuation,simplify,0,104,0.3667032347704617,0.40384615384615385
azure_replication,lda_ledoit_wolf_shrinkage,without_punctuation,simplify,1,109,0.513377599263726,0.5137614678899083
azure_replication,lda_ledoit_wolf_shrinkage,without_punctuation,simplify,2,112,0.5400230372829428,0.5357142857142857
azure_replication,lda_ledoit_wolf_shrinkage,without_register_marker,modernize,pooled,331,0.6168118296059297,0.6102719033232629
azure_replication,lda_ledoit_wolf_shrinkage,without_register_marker,modernize,0,105,0.494014094014094,0.49523809523809526
azure_replication,lda_ledoit_wolf_shrinkage,without_register_marker,modernize,1,109,0.6833425324412041,0.6788990825688074
azure_replication,lda_ledoit_wolf_shrinkage,without_register_marker,modernize,2,117,0.64653839034644,0.6495726495726496
azure_replication,lda_ledoit_wolf_shrinkage,without_register_marker,original,pooled,360,0.7170558145967982,0.7138888888888889
azure_replication,lda_ledoit_wolf_shrinkage,without_register_marker,original,0,120,0.6934137327234665,0.7
azure_replication,lda_ledoit_wolf_shrinkage,without_register_marker,original,1,120,0.713349816703229,0.7
azure_replication,lda_ledoit_wolf_shrinkage,without_register_marker,original,2,120,0.7389130518064428,0.7416666666666667
azure_replication,lda_ledoit_wolf_shrinkage,without_register_marker,paraphrase,pooled,327,0.5981909326175416,0.5963302752293578
azure_replication,lda_ledoit_wolf_shrinkage,without_register_marker,paraphrase,0,103,0.49621285882155447,0.5145631067961165
azure_replication,lda_ledoit_wolf_shrinkage,without_register_marker,paraphrase,1,109,0.6302272147520255,0.6330275229357798
azure_replication,lda_ledoit_wolf_shrinkage,without_register_marker,paraphrase,2,115,0.6318859171348851,0.6347826086956522
azure_replication,lda_ledoit_wolf_shrinkage,without_register_marker,simplify,pooled,325,0.4620914662955033,0.4676923076923077
azure_replication,lda_ledoit_wolf_shrinkage,without_register_marker,simplify,0,104,0.39083565060944014,0.4423076923076923
azure_replication,lda_ledoit_wolf_shrinkage,without_register_marker,simplify,1,109,0.47350606267089485,0.48623853211009177
azure_replication,lda_ledoit_wolf_shrinkage,without_register_marker,simplify,2,112,0.4882142127982267,0.4732142857142857
azure_replication,nearest_centroid,full,modernize,pooled,331,0.5440366763711655,0.5317220543806647
azure_replication,nearest_centroid,full,modernize,0,105,0.4576399091104974,0.4666666666666667
azure_replication,nearest_centroid,full,modernize,1,109,0.4893849639144585,0.46788990825688076
azure_replication,nearest_centroid,full,modernize,2,117,0.6440238396944679,0.6495726495726496
azure_replication,nearest_centroid,full,original,pooled,360,0.6349380989380989,0.6361111111111111
azure_replication,nearest_centroid,full,original,0,120,0.5749398426953134,0.5916666666666667
azure_replication,nearest_centroid,full,original,1,120,0.6526537037860324,0.6333333333333333
azure_replication,nearest_centroid,full,original,2,120,0.6629114030328864,0.6833333333333333
azure_replication,nearest_centroid,full,paraphrase,pooled,327,0.5282680098273028,0.5229357798165137
azure_replication,nearest_centroid,full,paraphrase,0,103,0.4107985240879977,0.4368932038834951
azure_replication,nearest_centroid,full,paraphrase,1,109,0.5362151907546644,0.5137614678899083
azure_replication,nearest_centroid,full,paraphrase,2,115,0.6080393917414532,0.6086956521739131
azure_replication,nearest_centroid,full,simplify,pooled,325,0.40956349397035036,0.4307692307692308
azure_replication,nearest_centroid,full,simplify,0,104,0.295997295997296,0.36538461538461536
azure_replication,nearest_centroid,full,simplify,1,109,0.3983085631154995,0.41284403669724773
azure_replication,nearest_centroid,full,simplify,2,112,0.5047897891516404,0.5089285714285714
azure_replication,nearest_centroid,without_char3,modernize,pooled,331,0.5117843132216265,0.5105740181268882
azure_replication,nearest_centroid,without_char3,modernize,0,105,0.3877129292496609,0.41904761904761906
azure_replication,nearest_centroid,without_char3,modernize,1,109,0.5132276471359561,0.5045871559633027
azure_replication,nearest_centroid,without_char3,modernize,2,117,0.5949807827098637,0.5982905982905983
azure_replication,nearest_centroid,without_char3,original,pooled,360,0.5831137627074648,0.5805555555555556
azure_replication,nearest_centroid,without_char3,original,0,120,0.5859946579054528,0.6
azure_replication,nearest_centroid,without_char3,original,1,120,0.6054682419290812,0.6
azure_replication,nearest_centroid,without_char3,original,2,120,0.527926322043969,0.5416666666666666
azure_replication,nearest_centroid,without_char3,paraphrase,pooled,327,0.48970401693129073,0.4892966360856269
azure_replication,nearest_centroid,without_char3,paraphrase,0,103,0.4126638176638177,0.4368932038834951
azure_replication,nearest_centroid,without_char3,paraphrase,1,109,0.48127702045279,0.48623853211009177
azure_replication,nearest_centroid,without_char3,paraphrase,2,115,0.537628335904198,0.5391304347826087
azure_replication,nearest_centroid,without_char3,simplify,pooled,325,0.3872417470051163,0.40615384615384614
azure_replication,nearest_centroid,without_char3,simplify,0,104,0.2530817165145523,0.3173076923076923
azure_replication,nearest_centroid,without_char3,simplify,1,109,0.37073439308561884,0.3944954128440367
azure_replication,nearest_centroid,without_char3,simplify,2,112,0.4919036219096715,0.5
azure_replication,nearest_centroid,without_function_word,modernize,pooled,331,0.48680510982301267,0.4773413897280967
azure_replication,nearest_centroid,without_function_word,modernize,0,105,0.36805755972422644,0.4
azure_replication,nearest_centroid,without_function_word,modernize,1,109,0.46310520820548423,0.44954128440366975
azure_replication,nearest_centroid,without_function_word,modernize,2,117,0.5713058914709858,0.5726495726495726
azure_replication,nearest_centroid,without_function_word,original,pooled,360,0.6044559102075678,0.6055555555555555
azure_replication,nearest_centroid,without_function_word,original,0,120,0.583134553436192,0.6
azure_replication,nearest_centroid,without_function_word,original,1,120,0.5891175578985907,0.575
azure_replication,nearest_centroid,without_function_word,original,2,120,0.6158090256304541,0.6416666666666667
azure_replication,nearest_centroid,without_function_word,paraphrase,pooled,327,0.4838717011999795,0.4801223241590214
azure_replication,nearest_centroid,without_function_word,paraphrase,0,103,0.34914585414585414,0.3786407766990291
azure_replication,nearest_centroid,without_function_word,paraphrase,1,109,0.5116964630418948,0.5045871559633027
azure_replication,nearest_centroid,without_function_word,paraphrase,2,115,0.5506187950496396,0.5478260869565217
azure_replication,nearest_centroid,without_function_word,simplify,pooled,325,0.38420139731268965,0.39692307692307693
azure_replication,nearest_centroid,without_function_word,simplify,0,104,0.3247354497354497,0.375
azure_replication,nearest_centroid,without_function_word,simplify,1,109,0.3339122029339421,0.3669724770642202
azure_replication,nearest_centroid,without_function_word,simplify,2,112,0.4541499306152014,0.44642857142857145
azure_replication,nearest_centroid,without_length_rhythm,modernize,pooled,331,0.558543288020905,0.5498489425981873
azure_replication,nearest_centroid,without_length_rhythm,modernize,0,105,0.47197581352315154,0.4857142857142857
azure_replication,nearest_centroid,without_length_rhythm,modernize,1,109,0.5309030974695271,0.5045871559633027
azure_replication,nearest_centroid,without_length_rhythm,modernize,2,117,0.6471994750908991,0.6495726495726496
azure_replication,nearest_centroid,without_length_rhythm,original,pooled,360,0.6379741772528408,0.6388888888888888
azure_replication,nearest_centroid,without_length_rhythm,original,0,120,0.5468432752842298,0.5666666666666667
azure_replication,nearest_centroid,without_length_rhythm,original,1,120,0.6582014614323336,0.6416666666666667
azure_replication,nearest_centroid,without_length_rhythm,original,2,120,0.6901193758119947,0.7083333333333334
azure_replication,nearest_centroid,without_length_rhythm,paraphrase,pooled,327,0.5564857307371088,0.5535168195718655
azure_replication,nearest_centroid,without_length_rhythm,paraphrase,0,103,0.42655919171036755,0.4563106796116505
azure_replication,nearest_centroid,without_length_rhythm,paraphrase,1,109,0.5618243292267061,0.5321100917431193
azure_replication,nearest_centroid,without_length_rhythm,paraphrase,2,115,0.6513846074190902,0.6608695652173913
azure_replication,nearest_centroid,without_length_rhythm,simplify,pooled,325,0.43943671329862627,0.4646153846153846
azure_replication,nearest_centroid,without_length_rhythm,simplify,0,104,0.3158757365956398,0.3942307692307692
azure_replication,nearest_centroid,without_length_rhythm,simplify,1,109,0.4406834473769958,0.44954128440366975
azure_replication,nearest_centroid,without_length_rhythm,simplify,2,112,0.5383783754985365,0.5446428571428571
azure_replication,nearest_centroid,without_lexical_richness,modernize,pooled,331,0.5456440809888798,0.5347432024169184
azure_replication,nearest_centroid,without_lexical_richness,modernize,0,105,0.42648978881225713,0.44761904761904764
azure_replication,nearest_centroid,without_lexical_richness,modernize,1,109,0.5329976833336296,0.5045871559633027
azure_replication,nearest_centroid,without_lexical_richness,modernize,2,117,0.6430305305305306,0.6410256410256411
azure_replication,nearest_centroid,without_lexical_richness,original,pooled,360,0.627805108098874,0.6305555555555555
azure_replication,nearest_centroid,without_lexical_richness,original,0,120,0.5478986413269984,0.5666666666666667
azure_replication,nearest_centroid,without_lexical_richness,original,1,120,0.6589678899276422,0.6416666666666667
azure_replication,nearest_centroid,without_lexical_richness,original,2,120,0.6534335551726856,0.6833333333333333
azure_replication,nearest_centroid,without_lexical_richness,paraphrase,pooled,327,0.5400486796753905,0.5351681957186545
azure_replication,nearest_centroid,without_lexical_richness,paraphrase,0,103,0.401811821219716,0.4174757281553398
azure_replication,nearest_centroid,without_lexical_richness,paraphrase,1,109,0.5323284571297662,0.5137614678899083
azure_replication,nearest_centroid,without_lexical_richness,paraphrase,2,115,0.6577397083494645,0.6608695652173913
azure_replication,nearest_centroid,without_lexical_richness,simplify,pooled,325,0.42988943278356034,0.4492307692307692
azure_replication,nearest_centroid,without_lexical_richness,simplify,0,104,0.306869506423259,0.375
azure_replication,nearest_centroid,without_lexical_richness,simplify,1,109,0.431634325923119,0.43119266055045874
azure_replication,nearest_centroid,without_lexical_richness,simplify,2,112,0.5302535022277279,0.5357142857142857
azure_replication,nearest_centroid,without_punctuation,modernize,pooled,331,0.5155803039325618,0.5075528700906344
azure_replication,nearest_centroid,without_punctuation,modernize,0,105,0.3922895218759482,0.41904761904761906
azure_replication,nearest_centroid,without_punctuation,modernize,1,109,0.5074587803678177,0.47706422018348627
azure_replication,nearest_centroid,without_punctuation,modernize,2,117,0.6096290835628454,0.6153846153846154
azure_replication,nearest_centroid,without_punctuation,original,pooled,360,0.5861023117674907,0.5888888888888889
azure_replication,nearest_centroid,without_punctuation,original,0,120,0.5156942730472142,0.5416666666666666
azure_replication,nearest_centroid,without_punctuation,original,1,120,0.6220189681286546,0.6
azure_replication,nearest_centroid,without_punctuation,original,2,120,0.6002284005389594,0.625
azure_replication,nearest_centroid,without_punctuation,paraphrase,pooled,327,0.5084484627862246,0.4954128440366973
azure_replication,nearest_centroid,without_punctuation,paraphrase,0,103,0.4007299104198329,0.4174757281553398
azure_replication,nearest_centroid,without_punctuation,paraphrase,1,109,0.513718487394958,0.47706422018348627
azure_replication,nearest_centroid,without_punctuation,paraphrase,2,115,0.5791299520022924,0.5826086956521739
azure_replication,nearest_centroid,without_punctuation,simplify,pooled,325,0.410887296984858,0.44
azure_replication,nearest_centroid,without_punctuation,simplify,0,104,0.3053696717083109,0.38461538461538464
azure_replication,nearest_centroid,without_punctuation,simplify,1,109,0.36114315833509547,0.3944954128440367
azure_replication,nearest_centroid,without_punctuation,simplify,2,112,0.5309501753689526,0.5357142857142857
azure_replication,nearest_centroid,without_register_marker,modernize,pooled,331,0.5467738226829226,0.5347432024169184
azure_replication,nearest_centroid,without_register_marker,modernize,0,105,0.46436684521790905,0.47619047619047616
azure_replication,nearest_centroid,without_register_marker,modernize,1,109,0.5119428361363846,0.48623853211009177
azure_replication,nearest_centroid,without_register_marker,modernize,2,117,0.6292489433406242,0.6324786324786325
azure_replication,nearest_centroid,without_register_marker,original,pooled,360,0.6173431332666968,0.6166666666666667
azure_replication,nearest_centroid,without_register_marker,original,0,120,0.5504758526358848,0.5666666666666667
azure_replication,nearest_centroid,without_register_marker,original,1,120,0.6276565079639213,0.6083333333333333
azure_replication,nearest_centroid,without_register_marker,original,2,120,0.6562711204566992,0.675
azure_replication,nearest_centroid,without_register_marker,paraphrase,pooled,327,0.5297865400567473,0.5259938837920489
azure_replication,nearest_centroid,without_register_marker,paraphrase,0,103,0.41328168907116275,0.4368932038834951
azure_replication,nearest_centroid,without_register_marker,paraphrase,1,109,0.5313047697916119,0.5137614678899083
azure_replication,nearest_centroid,without_register_marker,paraphrase,2,115,0.6136169386169387,0.6173913043478261
azure_replication,nearest_centroid,without_register_marker,simplify,pooled,325,0.416329655684978,0.4338461538461538
azure_replication,nearest_centroid,without_register_marker,simplify,0,104,0.2934045304004392,0.36538461538461536
azure_replication,nearest_centroid,without_register_marker,simplify,1,109,0.39569387946633316,0.41284403669724773
azure_replication,nearest_centroid,without_register_marker,simplify,2,112,0.5201563669305606,0.5178571428571429
codex51,gaussian_nb,full,modernize,pooled,335,0.45623009752052873,0.44776119402985076
codex51,gaussian_nb,full,modernize,0,112,0.4012967693678422,0.41964285714285715
codex51,gaussian_nb,full,modernize,1,108,0.46485433171479684,0.4444444444444444
codex51,gaussian_nb,full,modernize,2,115,0.4828194600724302,0.4782608695652174
codex51,gaussian_nb,full,original,pooled,360,0.5722037811950781,0.5666666666666667
codex51,gaussian_nb,full,original,0,120,0.5785233285233286,0.5833333333333334
codex51,gaussian_nb,full,original,1,120,0.5832490886254327,0.5583333333333333
codex51,gaussian_nb,full,original,2,120,0.5355575633095012,0.5583333333333333
codex51,gaussian_nb,full,paraphrase,pooled,332,0.49289989217150804,0.4819277108433735
codex51,gaussian_nb,full,paraphrase,0,105,0.47029173687879444,0.4666666666666667
codex51,gaussian_nb,full,paraphrase,1,111,0.5079921940554124,0.4954954954954955
codex51,gaussian_nb,full,paraphrase,2,116,0.47717810991804804,0.4827586206896552
codex51,gaussian_nb,full,simplify,pooled,335,0.454610883575078,0.4626865671641791
codex51,gaussian_nb,full,simplify,0,108,0.41691483692851433,0.4444444444444444
codex51,gaussian_nb,full,simplify,1,112,0.4761497169927402,0.48214285714285715
codex51,gaussian_nb,full,simplify,2,115,0.44151926793161983,0.4608695652173913
codex51,gaussian_nb,without_char3,modernize,pooled,335,0.3990423198407537,0.3970149253731343
codex51,gaussian_nb,without_char3,modernize,0,112,0.36964048044372405,0.38392857142857145
codex51,gaussian_nb,without_char3,modernize,1,108,0.4488912054129446,0.4444444444444444
codex51,gaussian_nb,without_char3,modernize,2,115,0.34295712753861857,0.3652173913043478
codex51,gaussian_nb,without_char3,original,pooled,360,0.4888808170230901,0.4861111111111111
codex51,gaussian_nb,without_char3,original,0,120,0.5569401048124452,0.5666666666666667
codex51,gaussian_nb,without_char3,original,1,120,0.5259785734828876,0.5166666666666667
codex51,gaussian_nb,without_char3,original,2,120,0.3560958187685019,0.375
codex51,gaussian_nb,without_char3,paraphrase,pooled,332,0.4533248975853799,0.45180722891566266
codex51,gaussian_nb,without_char3,paraphrase,0,105,0.43628256844177177,0.45714285714285713
codex51,gaussian_nb,without_char3,paraphrase,1,111,0.4613099329260117,0.46846846846846846
codex51,gaussian_nb,without_char3,paraphrase,2,116,0.4172406569465393,0.43103448275862066
codex51,gaussian_nb,without_char3,simplify,pooled,335,0.4028492282150818,0.408955223880597
codex51,gaussian_nb,without_char3,simplify,0,108,0.35935988607329233,0.37962962962962965
codex51,gaussian_nb,without_char3,simplify,1,112,0.44657813672371344,0.4642857142857143
codex51,gaussian_nb,without_char3,simplify,2,115,0.34741197054749584,0.3826086956521739
codex51,gaussian_nb,without_function_word,modernize,pooled,335,0.38454409546450913,0.382089552238806
codex51,gaussian_nb,without_function_word,modernize,0,112,0.3147434120616586,0.3482142857142857
codex51,gaussian_nb,without_function_word,modernize,1,108,0.3950733022993671,0.4166666666666667
codex51,gaussian_nb,without_function_word,modernize,2,115,0.3542055620713167,0.3826086956521739
codex51,gaussian_nb,without_function_word,original,pooled,360,0.5267102678552261,0.5305555555555556
codex51,gaussian_nb,without_function_word,original,0,120,0.5421367320592126,0.5583333333333333
codex51,gaussian_nb,without_function_word,original,1,120,0.5140566554563413,0.5166666666666667
codex51,gaussian_nb,without_function_word,original,2,120,0.49011343216531894,0.5166666666666667
codex51,gaussian_nb,without_function_word,paraphrase,pooled,332,0.43696072837120087,0.4367469879518072
codex51,gaussian_nb,without_function_word,paraphrase,0,105,0.44979583800722006,0.45714285714285713
codex51,gaussian_nb,without_function_word,paraphrase,1,111,0.40885534811605284,0.42342342342342343
codex51,gaussian_nb,without_function_word,paraphrase,2,116,0.3963734893678126,0.43103448275862066
codex51,gaussian_nb,without_function_word,simplify,pooled,335,0.39804720054147164,0.40298507462686567
codex51,gaussian_nb,without_function_word,simplify,0,108,0.33594833006597713,0.37037037037037035
codex51,gaussian_nb,without_function_word,simplify,1,112,0.4295262923678224,0.44642857142857145
codex51,gaussian_nb,without_function_word,simplify,2,115,0.3739719830919868,0.391304347826087
codex51,gaussian_nb,without_length_rhythm,modernize,pooled,335,0.46444079465386073,0.4537313432835821
codex51,gaussian_nb,without_length_rhythm,modernize,0,112,0.4033972159915556,0.41964285714285715
codex51,gaussian_nb,without_length_rhythm,modernize,1,108,0.4801634184329122,0.46296296296296297
codex51,gaussian_nb,without_length_rhythm,modernize,2,115,0.4793552512576293,0.4782608695652174
codex51,gaussian_nb,without_length_rhythm,original,pooled,360,0.5856094291836152,0.5777777777777777
codex51,gaussian_nb,without_length_rhythm,original,0,120,0.5668344016558302,0.575
codex51,gaussian_nb,without_length_rhythm,original,1,120,0.6108985426058596,0.5833333333333334
codex51,gaussian_nb,without_length_rhythm,original,2,120,0.5469088458711099,0.575
codex51,gaussian_nb,without_length_rhythm,paraphrase,pooled,332,0.5095842119594706,0.49698795180722893
codex51,gaussian_nb,without_length_rhythm,paraphrase,0,105,0.4923499361430396,0.49523809523809526
codex51,gaussian_nb,without_length_rhythm,paraphrase,1,111,0.5102438141231245,0.4954954954954955
codex51,gaussian_nb,without_length_rhythm,paraphrase,2,116,0.48474261600129004,0.5
codex51,gaussian_nb,without_length_rhythm,simplify,pooled,335,0.4923404945490348,0.4955223880597015
codex51,gaussian_nb,without_length_rhythm,simplify,0,108,0.4709107066249924,0.48148148148148145
codex51,gaussian_nb,without_length_rhythm,simplify,1,112,0.4878128986991148,0.48214285714285715
codex51,gaussian_nb,without_length_rhythm,simplify,2,115,0.5054238443466433,0.5217391304347826
codex51,gaussian_nb,without_lexical_richness,modernize,pooled,335,0.47020592030508124,0.4626865671641791
codex51,gaussian_nb,without_lexical_richness,modernize,0,112,0.4434459805427547,0.45535714285714285
codex51,gaussian_nb,without_lexical_richness,modernize,1,108,0.5298986080430366,0.5092592592592593
codex51,gaussian_nb,without_lexical_richness,modernize,2,115,0.4203023299585484,0.4260869565217391
codex51,gaussian_nb,without_lexical_richness,original,pooled,360,0.5768665255778934,0.5722222222222222
codex51,gaussian_nb,without_lexical_richness,original,0,120,0.5943285887675163,0.6
codex51,gaussian_nb,without_lexical_richness,original,1,120,0.6025295868243162,0.575
codex51,gaussian_nb,without_lexical_richness,original,2,120,0.5092005525338857,0.5416666666666666
codex51,gaussian_nb,without_lexical_richness,paraphrase,pooled,332,0.50904296164045,0.4939759036144578
codex51,gaussian_nb,without_lexical_richness,paraphrase,0,105,0.5042811355311355,0.5047619047619047
codex51,gaussian_nb,without_lexical_richness,paraphrase,1,111,0.5550357161520981,0.5225225225225225
codex51,gaussian_nb,without_lexical_richness,paraphrase,2,116,0.457078822784611,0.45689655172413796
codex51,gaussian_nb,without_lexical_richness,simplify,pooled,335,0.46181130496051587,0.47761194029850745
codex51,gaussian_nb,without_lexical_richness,simplify,0,108,0.4653593425544645,0.49074074074074076
codex51,gaussian_nb,without_lexical_richness,simplify,1,112,0.5167053403362653,0.5267857142857143
codex51,gaussian_nb,without_lexical_richness,simplify,2,115,0.387972106866649,0.41739130434782606
codex51,gaussian_nb,without_punctuation,modernize,pooled,335,0.47679311206378044,0.47761194029850745
codex51,gaussian_nb,without_punctuation,modernize,0,112,0.40575143560218185,0.44642857142857145
codex51,gaussian_nb,without_punctuation,modernize,1,108,0.5295472028338468,0.5
codex51,gaussian_nb,without_punctuation,modernize,2,115,0.4808515072695745,0.48695652173913045
codex51,gaussian_nb,without_punctuation,original,pooled,360,0.5852129490035858,0.5833333333333334
codex51,gaussian_nb,without_punctuation,original,0,120,0.5573704560546667,0.575
codex51,gaussian_nb,without_punctuation,original,1,120,0.566845759613911,0.5416666666666666
codex51,gaussian_nb,without_punctuation,original,2,120,0.60856779205421,0.6333333333333333
codex51,gaussian_nb,without_punctuation,paraphrase,pooled,332,0.49845285997791255,0.49096385542168675
codex51,gaussian_nb,without_punctuation,paraphrase,0,105,0.45082306299178265,0.4666666666666667
codex51,gaussian_nb,without_punctuation,paraphrase,1,111,0.5127928428352607,0.4864864864864865
codex51,gaussian_nb,without_punctuation,paraphrase,2,116,0.4793840727174061,0.5172413793103449
codex51,gaussian_nb,without_punctuation,simplify,pooled,335,0.48203062574009586,0.5014925373134328
codex51,gaussian_nb,without_punctuation,simplify,0,108,0.4176062642079634,0.46296296296296297
codex51,gaussian_nb,without_punctuation,simplify,1,112,0.507616109871749,0.5178571428571429
codex51,gaussian_nb,without_punctuation,simplify,2,115,0.5059192494201982,0.5217391304347826
codex51,gaussian_nb,without_register_marker,modernize,pooled,335,0.473802577019572,0.46567164179104475
codex51,gaussian_nb,without_register_marker,modernize,0,112,0.44175592973322586,0.45535714285714285
codex51,gaussian_nb,without_register_marker,modernize,1,108,0.48710060465771593,0.46296296296296297
codex51,gaussian_nb,without_register_marker,modernize,2,115,0.4752344960355796,0.4782608695652174
codex51,gaussian_nb,without_register_marker,original,pooled,360,0.5677011120992507,0.5611111111111111
codex51,gaussian_nb,without_register_marker,original,0,120,0.548359411104509,0.5583333333333333
codex51,gaussian_nb,without_register_marker,original,1,120,0.5771277202589773,0.55
codex51,gaussian_nb,without_register_marker,original,2,120,0.5554435884586844,0.575
codex51,gaussian_nb,without_register_marker,paraphrase,pooled,332,0.4999977471388663,0.49096385542168675
codex51,gaussian_nb,without_register_marker,paraphrase,0,105,0.478946720807186,0.47619047619047616
codex51,gaussian_nb,without_register_marker,paraphrase,1,111,0.5077400994067661,0.4954954954954955
codex51,gaussian_nb,without_register_marker,paraphrase,2,116,0.48405058589224487,0.5
codex51,gaussian_nb,without_register_marker,simplify,pooled,335,0.4572501686371564,0.46865671641791046
codex51,gaussian_nb,without_register_marker,simplify,0,108,0.4259973742732363,0.4537037037037037
codex51,gaussian_nb,without_register_marker,simplify,1,112,0.47473326422972373,0.48214285714285715
codex51,gaussian_nb,without_register_marker,simplify,2,115,0.4532963276865716,0.46956521739130436
codex51,lda_ledoit_wolf_shrinkage,full,modernize,pooled,335,0.5452663293213628,0.5432835820895522
codex51,lda_ledoit_wolf_shrinkage,full,modernize,0,112,0.47383073301004996,0.5
codex51,lda_ledoit_wolf_shrinkage,full,modernize,1,108,0.5905767807051504,0.5925925925925926
codex51,lda_ledoit_wolf_shrinkage,full,modernize,2,115,0.5310454778196714,0.5391304347826087
codex51,lda_ledoit_wolf_shrinkage,full,original,pooled,360,0.72218054102773,0.7194444444444444
codex51,lda_ledoit_wolf_shrinkage,full,original,0,120,0.6650527738026814,0.675
codex51,lda_ledoit_wolf_shrinkage,full,original,1,120,0.7380014392892332,0.725
codex51,lda_ledoit_wolf_shrinkage,full,original,2,120,0.7535218131969902,0.7583333333333333
codex51,lda_ledoit_wolf_shrinkage,full,paraphrase,pooled,332,0.5606962572032659,0.5753012048192772
codex51,lda_ledoit_wolf_shrinkage,full,paraphrase,0,105,0.5623911814340528,0.5619047619047619
codex51,lda_ledoit_wolf_shrinkage,full,paraphrase,1,111,0.5479734690261007,0.5855855855855856
codex51,lda_ledoit_wolf_shrinkage,full,paraphrase,2,116,0.5266611120648388,0.5775862068965517
codex51,lda_ledoit_wolf_shrinkage,full,simplify,pooled,335,0.5329787785047223,0.5582089552238806
codex51,lda_ledoit_wolf_shrinkage,full,simplify,0,108,0.4715909090909091,0.5185185185185185
codex51,lda_ledoit_wolf_shrinkage,full,simplify,1,112,0.5349648158858685,0.5714285714285714
codex51,lda_ledoit_wolf_shrinkage,full,simplify,2,115,0.5539702908888955,0.5826086956521739
codex51,lda_ledoit_wolf_shrinkage,without_char3,modernize,pooled,335,0.4777747324508838,0.48955223880597015
codex51,lda_ledoit_wolf_shrinkage,without_char3,modernize,0,112,0.3951397111780539,0.42857142857142855
codex51,lda_ledoit_wolf_shrinkage,without_char3,modernize,1,108,0.5396329365079365,0.5555555555555556
codex51,lda_ledoit_wolf_shrinkage,without_char3,modernize,2,115,0.4493273921845351,0.48695652173913045
codex51,lda_ledoit_wolf_shrinkage,without_char3,original,pooled,360,0.6750571635761284,0.675
codex51,lda_ledoit_wolf_shrinkage,without_char3,original,0,120,0.6529072336246653,0.6666666666666666
codex51,lda_ledoit_wolf_shrinkage,without_char3,original,1,120,0.7081700572661837,0.7
codex51,lda_ledoit_wolf_shrinkage,without_char3,original,2,120,0.6479545853686483,0.6583333333333333
codex51,lda_ledoit_wolf_shrinkage,without_char3,paraphrase,pooled,332,0.5334010414850461,0.5421686746987951
codex51,lda_ledoit_wolf_shrinkage,without_char3,paraphrase,0,105,0.5562036654106547,0.5523809523809524
codex51,lda_ledoit_wolf_shrinkage,without_char3,paraphrase,1,111,0.5136551576768968,0.5315315315315315
codex51,lda_ledoit_wolf_shrinkage,without_char3,paraphrase,2,116,0.49016017974922077,0.5431034482758621
codex51,lda_ledoit_wolf_shrinkage,without_char3,simplify,pooled,335,0.5079997656758871,0.5194029850746269
codex51,lda_ledoit_wolf_shrinkage,without_char3,simplify,0,108,0.4279814305301562,0.4537037037037037
codex51,lda_ledoit_wolf_shrinkage,without_char3,simplify,1,112,0.5164691324558498,0.5446428571428571
codex51,lda_ledoit_wolf_shrinkage,without_char3,simplify,2,115,0.5208241514443065,0.5565217391304348
codex51,lda_ledoit_wolf_shrinkage,without_function_word,modernize,pooled,335,0.5233323906077804,0.5164179104477612
codex51,lda_ledoit_wolf_shrinkage,without_function_word,modernize,0,112,0.46473630757392376,0.49107142857142855
codex51,lda_ledoit_wolf_shrinkage,without_function_word,modernize,1,108,0.542275353885551,0.5555555555555556
codex51,lda_ledoit_wolf_shrinkage,without_function_word,modernize,2,115,0.49979975953574524,0.5043478260869565
codex51,lda_ledoit_wolf_shrinkage,without_function_word,original,pooled,360,0.6670566959529333,0.6666666666666666
codex51,lda_ledoit_wolf_shrinkage,without_function_word,original,0,120,0.5995473343626335,0.6166666666666667
codex51,lda_ledoit_wolf_shrinkage,without_function_word,original,1,120,0.6879384901410073,0.675
codex51,lda_ledoit_wolf_shrinkage,without_function_word,original,2,120,0.6978511737445373,0.7083333333333334
codex51,lda_ledoit_wolf_shrinkage,without_function_word,paraphrase,pooled,332,0.5676663600071702,0.5783132530120482
codex51,lda_ledoit_wolf_shrinkage,without_function_word,paraphrase,0,105,0.5598428215261246,0.5619047619047619
codex51,lda_ledoit_wolf_shrinkage,without_function_word,paraphrase,1,111,0.5665224878849774,0.5945945945945946
codex51,lda_ledoit_wolf_shrinkage,without_function_word,paraphrase,2,116,0.5162027481400883,0.5775862068965517
codex51,lda_ledoit_wolf_shrinkage,without_function_word,simplify,pooled,335,0.5146478216781715,0.5194029850746269
codex51,lda_ledoit_wolf_shrinkage,without_function_word,simplify,0,108,0.4802588479059067,0.5
codex51,lda_ledoit_wolf_shrinkage,without_function_word,simplify,1,112,0.5178811057434246,0.5535714285714286
codex51,lda_ledoit_wolf_shrinkage,without_function_word,simplify,2,115,0.49565654530735276,0.5043478260869565
codex51,lda_ledoit_wolf_shrinkage,without_length_rhythm,modernize,pooled,335,0.5424923886141733,0.5432835820895522
codex51,lda_ledoit_wolf_shrinkage,without_length_rhythm,modernize,0,112,0.462189422965285,0.49107142857142855
codex51,lda_ledoit_wolf_shrinkage,without_length_rhythm,modernize,1,108,0.5925824610035136,0.6018518518518519
codex51,lda_ledoit_wolf_shrinkage,without_length_rhythm,modernize,2,115,0.5311207311207311,0.5391304347826087
codex51,lda_ledoit_wolf_shrinkage,without_length_rhythm,original,pooled,360,0.7318859330406591,0.7305555555555555
codex51,lda_ledoit_wolf_shrinkage,without_length_rhythm,original,0,120,0.6730274101057702,0.6833333333333333
codex51,lda_ledoit_wolf_shrinkage,without_length_rhythm,original,1,120,0.7500544447362915,0.7416666666666667
codex51,lda_ledoit_wolf_shrinkage,without_length_rhythm,original,2,120,0.7624211752135919,0.7666666666666667
codex51,lda_ledoit_wolf_shrinkage,without_length_rhythm,paraphrase,pooled,332,0.5610519296803463,0.5813253012048193
codex51,lda_ledoit_wolf_shrinkage,without_length_rhythm,paraphrase,0,105,0.5390989729225023,0.5523809523809524
codex51,lda_ledoit_wolf_shrinkage,without_length_rhythm,paraphrase,1,111,0.544352821641906,0.5855855855855856
codex51,lda_ledoit_wolf_shrinkage,without_length_rhythm,paraphrase,2,116,0.5554368471035137,0.603448275862069
codex51,lda_ledoit_wolf_shrinkage,without_length_rhythm,simplify,pooled,335,0.5498625105595423,0.5761194029850746
codex51,lda_ledoit_wolf_shrinkage,without_length_rhythm,simplify,0,108,0.49638495073277683,0.5462962962962963
codex51,lda_ledoit_wolf_shrinkage,without_length_rhythm,simplify,1,112,0.5594100248362383,0.5892857142857143
codex51,lda_ledoit_wolf_shrinkage,without_length_rhythm,simplify,2,115,0.5579939668174964,0.591304347826087
codex51,lda_ledoit_wolf_shrinkage,without_lexical_richness,modernize,pooled,335,0.5479275475835846,0.5432835820895522
codex51,lda_ledoit_wolf_shrinkage,without_lexical_richness,modernize,0,112,0.486963882317676,0.5089285714285714
codex51,lda_ledoit_wolf_shrinkage,without_lexical_richness,modernize,1,108,0.5573845323684545,0.5555555555555556
codex51,lda_ledoit_wolf_shrinkage,without_lexical_richness,modernize,2,115,0.558071588091872,0.5652173913043478
codex51,lda_ledoit_wolf_shrinkage,without_lexical_richness,original,pooled,360,0.7262572135113441,0.7222222222222222
codex51,lda_ledoit_wolf_shrinkage,without_lexical_richness,original,0,120,0.6753859697211388,0.6833333333333333
codex51,lda_ledoit_wolf_shrinkage,without_lexical_richness,original,1,120,0.7404197183608948,0.725
codex51,lda_ledoit_wolf_shrinkage,without_lexical_richness,original,2,120,0.7538915867499604,0.7583333333333333
codex51,lda_ledoit_wolf_shrinkage,without_lexical_richness,paraphrase,pooled,332,0.597727099955868,0.6024096385542169
codex51,lda_ledoit_wolf_shrinkage,without_lexical_richness,paraphrase,0,105,0.5569343625071179,0.5619047619047619
codex51,lda_ledoit_wolf_shrinkage,without_lexical_richness,paraphrase,1,111,0.6055120000772175,0.6126126126126126
codex51,lda_ledoit_wolf_shrinkage,without_lexical_richness,paraphrase,2,116,0.5965942103873138,0.6293103448275862
codex51,lda_ledoit_wolf_shrinkage,without_lexical_richness,simplify,pooled,335,0.5587790241244701,0.5761194029850746
codex51,lda_ledoit_wolf_shrinkage,without_lexical_richness,simplify,0,108,0.4804378488984246,0.5277777777777778
codex51,lda_ledoit_wolf_shrinkage,without_lexical_richness,simplify,1,112,0.5666550858069326,0.5892857142857143
codex51,lda_ledoit_wolf_shrinkage,without_lexical_richness,simplify,2,115,0.593925146669049,0.6086956521739131
codex51,lda_ledoit_wolf_shrinkage,without_punctuation,modernize,pooled,335,0.5101317014163861,0.5104477611940299
codex51,lda_ledoit_wolf_shrinkage,without_punctuation,modernize,0,112,0.4365365780573645,0.4642857142857143
codex51,lda_ledoit_wolf_shrinkage,without_punctuation,modernize,1,108,0.5386767163784577,0.5462962962962963
codex51,lda_ledoit_wolf_shrinkage,without_punctuation,modernize,2,115,0.5054018445322793,0.5217391304347826
codex51,lda_ledoit_wolf_shrinkage,without_punctuation,original,pooled,360,0.7032168039081808,0.7
codex51,lda_ledoit_wolf_shrinkage,without_punctuation,original,0,120,0.6319787775580458,0.6416666666666667
codex51,lda_ledoit_wolf_shrinkage,without_punctuation,original,1,120,0.7333284761774465,0.7166666666666667
codex51,lda_ledoit_wolf_shrinkage,without_punctuation,original,2,120,0.7337154145999364,0.7416666666666667
codex51,lda_ledoit_wolf_shrinkage,without_punctuation,paraphrase,pooled,332,0.5548765805559804,0.5602409638554217
codex51,lda_ledoit_wolf_shrinkage,without_punctuation,paraphrase,0,105,0.5366298874188997,0.5333333333333333
codex51,lda_ledoit_wolf_shrinkage,without_punctuation,paraphrase,1,111,0.5677115167777307,0.5855855855855856
codex51,lda_ledoit_wolf_shrinkage,without_punctuation,paraphrase,2,116,0.5172475024891883,0.5603448275862069
codex51,lda_ledoit_wolf_shrinkage,without_punctuation,simplify,pooled,335,0.511448769644609,0.5313432835820896
codex51,lda_ledoit_wolf_shrinkage,without_punctuation,simplify,0,108,0.4551555238612872,0.5
codex51,lda_ledoit_wolf_shrinkage,without_punctuation,simplify,1,112,0.5262973108512479,0.5535714285714286
codex51,lda_ledoit_wolf_shrinkage,without_punctuation,simplify,2,115,0.500626225148929,0.5391304347826087
codex51,lda_ledoit_wolf_shrinkage,without_register_marker,modernize,pooled,335,0.5534232118884973,0.5462686567164179
codex51,lda_ledoit_wolf_shrinkage,without_register_marker,modernize,0,112,0.48025945960006683,0.5
codex51,lda_ledoit_wolf_shrinkage,without_register_marker,modernize,1,108,0.5683237995997102,0.5833333333333334
codex51,lda_ledoit_wolf_shrinkage,without_register_marker,modernize,2,115,0.5537029278964763,0.5565217391304348
codex51,lda_ledoit_wolf_shrinkage,without_register_marker,original,pooled,360,0.7170558145967982,0.7138888888888889
codex51,lda_ledoit_wolf_shrinkage,without_register_marker,original,0,120,0.6934137327234665,0.7
codex51,lda_ledoit_wolf_shrinkage,without_register_marker,original,1,120,0.713349816703229,0.7
codex51,lda_ledoit_wolf_shrinkage,without_register_marker,original,2,120,0.7389130518064428,0.7416666666666667
codex51,lda_ledoit_wolf_shrinkage,without_register_marker,paraphrase,pooled,332,0.5655072705924366,0.5783132530120482
codex51,lda_ledoit_wolf_shrinkage,without_register_marker,paraphrase,0,105,0.5658366894983881,0.5619047619047619
codex51,lda_ledoit_wolf_shrinkage,without_register_marker,paraphrase,1,111,0.5415061336113968,0.5855855855855856
codex51,lda_ledoit_wolf_shrinkage,without_register_marker,paraphrase,2,116,0.5447686044114616,0.5862068965517241
codex51,lda_ledoit_wolf_shrinkage,without_register_marker,simplify,pooled,335,0.5489055923924958,0.5671641791044776
codex51,lda_ledoit_wolf_shrinkage,without_register_marker,simplify,0,108,0.47219113156185655,0.5185185185185185
codex51,lda_ledoit_wolf_shrinkage,without_register_marker,simplify,1,112,0.5568314893845363,0.5803571428571429
codex51,lda_ledoit_wolf_shrinkage,without_register_marker,simplify,2,115,0.5858277869130583,0.6
codex51,nearest_centroid,full,modernize,pooled,335,0.4943928359452312,0.48955223880597015
codex51,nearest_centroid,full,modernize,0,112,0.45511982570806103,0.48214285714285715
codex51,nearest_centroid,full,modernize,1,108,0.47844987844987846,0.4537037037037037
codex51,nearest_centroid,full,modernize,2,115,0.5166278166278165,0.5304347826086957
codex51,nearest_centroid,full,original,pooled,360,0.6349380989380989,0.6361111111111111
codex51,nearest_centroid,full,original,0,120,0.5749398426953134,0.5916666666666667
codex51,nearest_centroid,full,original,1,120,0.6526537037860324,0.6333333333333333
codex51,nearest_centroid,full,original,2,120,0.6629114030328864,0.6833333333333333
codex51,nearest_centroid,full,paraphrase,pooled,332,0.5289548080237926,0.5271084337349398
codex51,nearest_centroid,full,paraphrase,0,105,0.5044341547906913,0.5047619047619047
codex51,nearest_centroid,full,paraphrase,1,111,0.5084264551307318,0.5135135135135135
codex51,nearest_centroid,full,paraphrase,2,116,0.5174241651021837,0.5603448275862069
codex51,nearest_centroid,full,simplify,pooled,335,0.48373723722919976,0.4955223880597015
codex51,nearest_centroid,full,simplify,0,108,0.3907239137750855,0.4444444444444444
codex51,nearest_centroid,full,simplify,1,112,0.4772348279905319,0.48214285714285715
codex51,nearest_centroid,full,simplify,2,115,0.5319153275528918,0.5565217391304348
codex51,nearest_centroid,without_char3,modernize,pooled,335,0.4387235918809469,0.44477611940298506
codex51,nearest_centroid,without_char3,modernize,0,112,0.3485321727257211,0.375
codex51,nearest_centroid,without_char3,modernize,1,108,0.4810070497696888,0.49074074074074076
codex51,nearest_centroid,without_char3,modernize,2,115,0.44908951202054653,0.46956521739130436
codex51,nearest_centroid,without_char3,original,pooled,360,0.5831137627074648,0.5805555555555556
codex51,nearest_centroid,without_char3,original,0,120,0.5859946579054528,0.6
codex51,nearest_centroid,without_char3,original,1,120,0.6054682419290812,0.6
codex51,nearest_centroid,without_char3,original,2,120,0.527926322043969,0.5416666666666666
codex51,nearest_centroid,without_char3,paraphrase,pooled,332,0.43607250541269277,0.4457831325301205
codex51,nearest_centroid,without_char3,paraphrase,0,105,0.4153195860743031,0.41904761904761906
codex51,nearest_centroid,without_char3,paraphrase,1,111,0.4144707159803038,0.4594594594594595
codex51,nearest_centroid,without_char3,paraphrase,2,116,0.4172637564790173,0.45689655172413796
codex51,nearest_centroid,without_char3,simplify,pooled,335,0.4399582935031306,0.44776119402985076
codex51,nearest_centroid,without_char3,simplify,0,108,0.3691979670656141,0.39814814814814814
codex51,nearest_centroid,without_char3,simplify,1,112,0.4766038794766565,0.49107142857142855
codex51,nearest_centroid,without_char3,simplify,2,115,0.42413839783405,0.45217391304347826
codex51,nearest_centroid,without_function_word,modernize,pooled,335,0.4681391390466463,0.4597014925373134
codex51,nearest_centroid,without_function_word,modernize,0,112,0.426973862108047,0.44642857142857145
codex51,nearest_centroid,without_function_word,modernize,1,108,0.4678917319649585,0.46296296296296297
codex51,nearest_centroid,without_function_word,modernize,2,115,0.46404428202738845,0.46956521739130436
codex51,nearest_centroid,without_function_word,original,pooled,360,0.6044559102075678,0.6055555555555555
codex51,nearest_centroid,without_function_word,original,0,120,0.583134553436192,0.6
codex51,nearest_centroid,without_function_word,original,1,120,0.5891175578985907,0.575
codex51,nearest_centroid,without_function_word,original,2,120,0.6158090256304541,0.6416666666666667
codex51,nearest_centroid,without_function_word,paraphrase,pooled,332,0.5025257940307222,0.5
codex51,nearest_centroid,without_function_word,paraphrase,0,105,0.4641515233627714,0.4666666666666667
codex51,nearest_centroid,without_function_word,paraphrase,1,111,0.4755981224758357,0.4864864864864865
codex51,nearest_centroid,without_function_word,paraphrase,2,116,0.4940413510705519,0.5431034482758621
codex51,nearest_centroid,without_function_word,simplify,pooled,335,0.45450342043279884,0.45671641791044776
codex51,nearest_centroid,without_function_word,simplify,0,108,0.3891990086151787,0.42592592592592593
codex51,nearest_centroid,without_function_word,simplify,1,112,0.4429015554015554,0.4642857142857143
codex51,nearest_centroid,without_function_word,simplify,2,115,0.4772651171231294,0.4782608695652174
codex51,nearest_centroid,without_length_rhythm,modernize,pooled,335,0.5029949040240451,0.5014925373134328
codex51,nearest_centroid,without_length_rhythm,modernize,0,112,0.4401720576392041,0.4732142857142857
codex51,nearest_centroid,without_length_rhythm,modernize,1,108,0.5065510604989475,0.48148148148148145
codex51,nearest_centroid,without_length_rhythm,modernize,2,115,0.5308627324055094,0.5478260869565217
codex51,nearest_centroid,without_length_rhythm,original,pooled,360,0.6379741772528408,0.6388888888888888
codex51,nearest_centroid,without_length_rhythm,original,0,120,0.5468432752842298,0.5666666666666667
codex51,nearest_centroid,without_length_rhythm,original,1,120,0.6582014614323336,0.6416666666666667
codex51,nearest_centroid,without_length_rhythm,original,2,120,0.6901193758119947,0.7083333333333334
codex51,nearest_centroid,without_length_rhythm,paraphrase,pooled,332,0.5376152502453859,0.5391566265060241
codex51,nearest_centroid,without_length_rhythm,paraphrase,0,105,0.5045875959079283,0.5142857142857142
codex51,nearest_centroid,without_length_rhythm,paraphrase,1,111,0.5248590912915014,0.5315315315315315
codex51,nearest_centroid,without_length_rhythm,paraphrase,2,116,0.5274089290423228,0.5689655172413793
codex51,nearest_centroid,without_length_rhythm,simplify,pooled,335,0.48520871927363124,0.5044776119402985
codex51,nearest_centroid,without_length_rhythm,simplify,0,108,0.38225437123833667,0.4444444444444444
codex51,nearest_centroid,without_length_rhythm,simplify,1,112,0.48297277547447454,0.49107142857142855
codex51,nearest_centroid,without_length_rhythm,simplify,2,115,0.5455317387103217,0.5739130434782609
codex51,nearest_centroid,without_lexical_richness,modernize,pooled,335,0.5207675060265154,0.5194029850746269
codex51,nearest_centroid,without_lexical_richness,modernize,0,112,0.4740771329006623,0.5
codex51,nearest_centroid,without_lexical_richness,modernize,1,108,0.4991280951353547,0.48148148148148145
codex51,nearest_centroid,without_lexical_richness,modernize,2,115,0.5702745849297574,0.5739130434782609
codex51,nearest_centroid,without_lexical_richness,original,pooled,360,0.627805108098874,0.6305555555555555
codex51,nearest_centroid,without_lexical_richness,original,0,120,0.5478986413269984,0.5666666666666667
codex51,nearest_centroid,without_lexical_richness,original,1,120,0.6589678899276422,0.6416666666666667
codex51,nearest_centroid,without_lexical_richness,original,2,120,0.6534335551726856,0.6833333333333333
codex51,nearest_centroid,without_lexical_richness,paraphrase,pooled,332,0.532749193617401,0.5271084337349398
codex51,nearest_centroid,without_lexical_richness,paraphrase,0,105,0.49879809622456683,0.5047619047619047
codex51,nearest_centroid,without_lexical_richness,paraphrase,1,111,0.4914795916460733,0.4864864864864865
codex51,nearest_centroid,without_lexical_richness,paraphrase,2,116,0.557309293906601,0.5862068965517241
codex51,nearest_centroid,without_lexical_richness,simplify,pooled,335,0.4843248767537192,0.4925373134328358
codex51,nearest_centroid,without_lexical_richness,simplify,0,108,0.3952309709082485,0.4444444444444444
codex51,nearest_centroid,without_lexical_richness,simplify,1,112,0.4653880070546737,0.45535714285714285
codex51,nearest_centroid,without_lexical_richness,simplify,2,115,0.5564664867296446,0.5739130434782609
codex51,nearest_centroid,without_punctuation,modernize,pooled,335,0.4749413475623776,0.4716417910447761
codex51,nearest_centroid,without_punctuation,modernize,0,112,0.42177808060161004,0.45535714285714285
codex51,nearest_centroid,without_punctuation,modernize,1,108,0.48511697181052016,0.46296296296296297
codex51,nearest_centroid,without_punctuation,modernize,2,115,0.47217583321191087,0.4956521739130435
codex51,nearest_centroid,without_punctuation,original,pooled,360,0.5861023117674907,0.5888888888888889
codex51,nearest_centroid,without_punctuation,original,0,120,0.5156942730472142,0.5416666666666666
codex51,nearest_centroid,without_punctuation,original,1,120,0.6220189681286546,0.6
codex51,nearest_centroid,without_punctuation,original,2,120,0.6002284005389594,0.625
codex51,nearest_centroid,without_punctuation,paraphrase,pooled,332,0.5090929112838565,0.5060240963855421
codex51,nearest_centroid,without_punctuation,paraphrase,0,105,0.45359514776663784,0.45714285714285713
codex51,nearest_centroid,without_punctuation,paraphrase,1,111,0.5246261627307515,0.5225225225225225
codex51,nearest_centroid,without_punctuation,paraphrase,2,116,0.47175654754602125,0.5344827586206896
codex51,nearest_centroid,without_punctuation,simplify,pooled,335,0.4695802960814179,0.4835820895522388
codex51,nearest_centroid,without_punctuation,simplify,0,108,0.38953537644013836,0.4444444444444444
codex51,nearest_centroid,without_punctuation,simplify,1,112,0.46246334000027556,0.4642857142857143
codex51,nearest_centroid,without_punctuation,simplify,2,115,0.5102088631797461,0.5391304347826087
codex51,nearest_centroid,without_register_marker,modernize,pooled,335,0.48978697550991623,0.4835820895522388
codex51,nearest_centroid,without_register_marker,modernize,0,112,0.44517171206826384,0.4732142857142857
codex51,nearest_centroid,without_register_marker,modernize,1,108,0.46520952138801114,0.4444444444444444
codex51,nearest_centroid,without_register_marker,modernize,2,115,0.5160925563450107,0.5304347826086957
codex51,nearest_centroid,without_register_marker,original,pooled,360,0.6173431332666968,0.6166666666666667
codex51,nearest_centroid,without_register_marker,original,0,120,0.5504758526358848,0.5666666666666667
codex51,nearest_centroid,without_register_marker,original,1,120,0.6276565079639213,0.6083333333333333
codex51,nearest_centroid,without_register_marker,original,2,120,0.6562711204566992,0.675
codex51,nearest_centroid,without_register_marker,paraphrase,pooled,332,0.5239690632462917,0.5210843373493976
codex51,nearest_centroid,without_register_marker,paraphrase,0,105,0.4850955319646022,0.4857142857142857
codex51,nearest_centroid,without_register_marker,paraphrase,1,111,0.5055594325852947,0.5135135135135135
codex51,nearest_centroid,without_register_marker,paraphrase,2,116,0.517459504362945,0.5603448275862069
codex51,nearest_centroid,without_register_marker,simplify,pooled,335,0.4690871649162584,0.4835820895522388
codex51,nearest_centroid,without_register_marker,simplify,0,108,0.3721625679478588,0.42592592592592593
codex51,nearest_centroid,without_register_marker,simplify,1,112,0.45049680529688013,0.4642857142857143
codex51,nearest_centroid,without_register_marker,simplify,2,115,0.5263733030471617,0.5565217391304348
luna56,gaussian_nb,full,modernize,pooled,328,0.513706741707049,0.5091463414634146
luna56,gaussian_nb,full,modernize,0,108,0.5117051099563833,0.5092592592592593
luna56,gaussian_nb,full,modernize,1,108,0.5066199532866199,0.5
luna56,gaussian_nb,full,modernize,2,112,0.5061667867442616,0.5178571428571429
luna56,gaussian_nb,full,original,pooled,360,0.5722037811950781,0.5666666666666667
luna56,gaussian_nb,full,original,0,120,0.5785233285233286,0.5833333333333334
luna56,gaussian_nb,full,original,1,120,0.5832490886254327,0.5583333333333333
luna56,gaussian_nb,full,original,2,120,0.5355575633095012,0.5583333333333333
luna56,gaussian_nb,full,paraphrase,pooled,326,0.48637529317186146,0.48466257668711654
luna56,gaussian_nb,full,paraphrase,0,102,0.42762854429521097,0.43137254901960786
luna56,gaussian_nb,full,paraphrase,1,108,0.5203026709640737,0.5277777777777778
luna56,gaussian_nb,full,paraphrase,2,116,0.469156523470249,0.49137931034482757
luna56,gaussian_nb,full,simplify,pooled,332,0.4672705365267172,0.463855421686747
luna56,gaussian_nb,full,simplify,0,108,0.39655950220378533,0.4166666666666667
luna56,gaussian_nb,full,simplify,1,110,0.4819232275754015,0.4727272727272727
luna56,gaussian_nb,full,simplify,2,114,0.4944619636146359,0.5
luna56,gaussian_nb,without_char3,modernize,pooled,328,0.46314411799210103,0.4573170731707317
luna56,gaussian_nb,without_char3,modernize,0,108,0.4733273685818413,0.48148148148148145
luna56,gaussian_nb,without_char3,modernize,1,108,0.45496316548948124,0.46296296296296297
luna56,gaussian_nb,without_char3,modernize,2,112,0.4132921392293887,0.42857142857142855
luna56,gaussian_nb,without_char3,original,pooled,360,0.4888808170230901,0.4861111111111111
luna56,gaussian_nb,without_char3,original,0,120,0.5569401048124452,0.5666666666666667
luna56,gaussian_nb,without_char3,original,1,120,0.5259785734828876,0.5166666666666667
luna56,gaussian_nb,without_char3,original,2,120,0.3560958187685019,0.375
luna56,gaussian_nb,without_char3,paraphrase,pooled,326,0.45075068414784836,0.450920245398773
luna56,gaussian_nb,without_char3,paraphrase,0,102,0.42474835039688846,0.43137254901960786
luna56,gaussian_nb,without_char3,paraphrase,1,108,0.5087351116669406,0.5092592592592593
luna56,gaussian_nb,without_char3,paraphrase,2,116,0.40321572966040536,0.41379310344827586
luna56,gaussian_nb,without_char3,simplify,pooled,332,0.4495103694871177,0.44879518072289154
luna56,gaussian_nb,without_char3,simplify,0,108,0.42376750537670077,0.4444444444444444
luna56,gaussian_nb,without_char3,simplify,1,110,0.4623862543610773,0.4727272727272727
luna56,gaussian_nb,without_char3,simplify,2,114,0.4236151225356482,0.4298245614035088
luna56,gaussian_nb,without_function_word,modernize,pooled,328,0.4699756882927851,0.46646341463414637
luna56,gaussian_nb,without_function_word,modernize,0,108,0.4955712577460527,0.5
luna56,gaussian_nb,without_function_word,modernize,1,108,0.4072651398309293,0.42592592592592593
luna56,gaussian_nb,without_function_word,modernize,2,112,0.4651450376090296,0.4732142857142857
luna56,gaussian_nb,without_function_word,original,pooled,360,0.5267102678552261,0.5305555555555556
luna56,gaussian_nb,without_function_word,original,0,120,0.5421367320592126,0.5583333333333333
luna56,gaussian_nb,without_function_word,original,1,120,0.5140566554563413,0.5166666666666667
luna56,gaussian_nb,without_function_word,original,2,120,0.49011343216531894,0.5166666666666667
luna56,gaussian_nb,without_function_word,paraphrase,pooled,326,0.45795844289118576,0.4601226993865031
luna56,gaussian_nb,without_function_word,paraphrase,0,102,0.4314590172986758,0.4411764705882353
luna56,gaussian_nb,without_function_word,paraphrase,1,108,0.4613018646892886,0.48148148148148145
luna56,gaussian_nb,without_function_word,paraphrase,2,116,0.4365568954854669,0.45689655172413796
luna56,gaussian_nb,without_function_word,simplify,pooled,332,0.4300131589428746,0.42168674698795183
luna56,gaussian_nb,without_function_word,simplify,0,108,0.3728637843754858,0.37962962962962965
luna56,gaussian_nb,without_function_word,simplify,1,110,0.3964094038699491,0.41818181818181815
luna56,gaussian_nb,without_function_word,simplify,2,114,0.4714584763310401,0.4649122807017544
luna56,gaussian_nb,without_length_rhythm,modernize,pooled,328,0.5167734624693018,0.5091463414634146
luna56,gaussian_nb,without_length_rhythm,modernize,0,108,0.5306671488736706,0.5277777777777778
luna56,gaussian_nb,without_length_rhythm,modernize,1,108,0.500919175041982,0.49074074074074076
luna56,gaussian_nb,without_length_rhythm,modernize,2,112,0.49568583870909455,0.5089285714285714
luna56,gaussian_nb,without_length_rhythm,original,pooled,360,0.5856094291836152,0.5777777777777777
luna56,gaussian_nb,without_length_rhythm,original,0,120,0.5668344016558302,0.575
luna56,gaussian_nb,without_length_rhythm,original,1,120,0.6108985426058596,0.5833333333333334
luna56,gaussian_nb,without_length_rhythm,original,2,120,0.5469088458711099,0.575
luna56,gaussian_nb,without_length_rhythm,paraphrase,pooled,326,0.4820543157683026,0.4785276073619632
luna56,gaussian_nb,without_length_rhythm,paraphrase,0,102,0.4211112243546409,0.4215686274509804
luna56,gaussian_nb,without_length_rhythm,paraphrase,1,108,0.5216707021791768,0.5185185185185185
luna56,gaussian_nb,without_length_rhythm,paraphrase,2,116,0.4614299261667683,0.49137931034482757
luna56,gaussian_nb,without_length_rhythm,simplify,pooled,332,0.48832719556998505,0.4789156626506024
luna56,gaussian_nb,without_length_rhythm,simplify,0,108,0.40189122471731165,0.4166666666666667
luna56,gaussian_nb,without_length_rhythm,simplify,1,110,0.49299737631204593,0.4727272727272727
luna56,gaussian_nb,without_length_rhythm,simplify,2,114,0.5317072878062391,0.543859649122807
luna56,gaussian_nb,without_lexical_richness,modernize,pooled,328,0.5061896048472881,0.5
luna56,gaussian_nb,without_lexical_richness,modernize,0,108,0.5216173169604542,0.5185185185185185
luna56,gaussian_nb,without_lexical_richness,modernize,1,108,0.5139924290867687,0.5
luna56,gaussian_nb,without_lexical_richness,modernize,2,112,0.46945442467891346,0.48214285714285715
luna56,gaussian_nb,without_lexical_richness,original,pooled,360,0.5768665255778934,0.5722222222222222
luna56,gaussian_nb,without_lexical_richness,original,0,120,0.5943285887675163,0.6
luna56,gaussian_nb,without_lexical_richness,original,1,120,0.6025295868243162,0.575
luna56,gaussian_nb,without_lexical_richness,original,2,120,0.5092005525338857,0.5416666666666666
luna56,gaussian_nb,without_lexical_richness,paraphrase,pooled,326,0.490442865506067,0.48773006134969327
luna56,gaussian_nb,without_lexical_richness,paraphrase,0,102,0.452422041707756,0.45098039215686275
luna56,gaussian_nb,without_lexical_richness,paraphrase,1,108,0.5365237285225982,0.5370370370370371
luna56,gaussian_nb,without_lexical_richness,paraphrase,2,116,0.45561790103194416,0.47413793103448276
luna56,gaussian_nb,without_lexical_richness,simplify,pooled,332,0.4825630106754201,0.4819277108433735
luna56,gaussian_nb,without_lexical_richness,simplify,0,108,0.44290540392883765,0.46296296296296297
luna56,gaussian_nb,without_lexical_richness,simplify,1,110,0.5041653261332896,0.4909090909090909
luna56,gaussian_nb,without_lexical_richness,simplify,2,114,0.48363492984690454,0.49122807017543857
luna56,gaussian_nb,without_punctuation,modernize,pooled,328,0.5212480755274816,0.5304878048780488
luna56,gaussian_nb,without_punctuation,modernize,0,108,0.512962037962038,0.5370370370370371
luna56,gaussian_nb,without_punctuation,modernize,1,108,0.5047963375861927,0.5
luna56,gaussian_nb,without_punctuation,modernize,2,112,0.5226153171805346,0.5535714285714286
luna56,gaussian_nb,without_punctuation,original,pooled,360,0.5852129490035858,0.5833333333333334
luna56,gaussian_nb,without_punctuation,original,0,120,0.5573704560546667,0.575
luna56,gaussian_nb,without_punctuation,original,1,120,0.566845759613911,0.5416666666666666
luna56,gaussian_nb,without_punctuation,original,2,120,0.60856779205421,0.6333333333333333
luna56,gaussian_nb,without_punctuation,paraphrase,pooled,326,0.5100333987453045,0.5184049079754601
luna56,gaussian_nb,without_punctuation,paraphrase,0,102,0.4992091561057079,0.5196078431372549
luna56,gaussian_nb,without_punctuation,paraphrase,1,108,0.5547075445530824,0.5462962962962963
luna56,gaussian_nb,without_punctuation,paraphrase,2,116,0.4391929305571359,0.49137931034482757
luna56,gaussian_nb,without_punctuation,simplify,pooled,332,0.45538924410276405,0.46686746987951805
luna56,gaussian_nb,without_punctuation,simplify,0,108,0.36177749719416386,0.4166666666666667
luna56,gaussian_nb,without_punctuation,simplify,1,110,0.49840519367877745,0.4909090909090909
luna56,gaussian_nb,without_punctuation,simplify,2,114,0.4690642150123095,0.49122807017543857
luna56,gaussian_nb,without_register_marker,modernize,pooled,328,0.5123850085034968,0.5060975609756098
luna56,gaussian_nb,without_register_marker,modernize,0,108,0.5036601307189542,0.5
luna56,gaussian_nb,without_register_marker,modernize,1,108,0.5066532494439471,0.5
luna56,gaussian_nb,without_register_marker,modernize,2,112,0.5062304485726293,0.5178571428571429
luna56,gaussian_nb,without_register_marker,original,pooled,360,0.5677011120992507,0.5611111111111111
luna56,gaussian_nb,without_register_marker,original,0,120,0.548359411104509,0.5583333333333333
luna56,gaussian_nb,without_register_marker,original,1,120,0.5771277202589773,0.55
luna56,gaussian_nb,without_register_marker,original,2,120,0.5554435884586844,0.575
luna56,gaussian_nb,without_register_marker,paraphrase,pooled,326,0.49172450929153005,0.49079754601226994
luna56,gaussian_nb,without_register_marker,paraphrase,0,102,0.4683806076349419,0.47058823529411764
luna56,gaussian_nb,without_register_marker,paraphrase,1,108,0.4909951891017809,0.49074074074074076
luna56,gaussian_nb,without_register_marker,paraphrase,2,116,0.4814398264736663,0.5086206896551724
luna56,gaussian_nb,without_register_marker,simplify,pooled,332,0.4547726862795356,0.45180722891566266
luna56,gaussian_nb,without_register_marker,simplify,0,108,0.3724148822849473,0.3888888888888889
luna56,gaussian_nb,without_register_marker,simplify,1,110,0.49059201371211353,0.4818181818181818
luna56,gaussian_nb,without_register_marker,simplify,2,114,0.46422797126903553,0.4824561403508772
luna56,lda_ledoit_wolf_shrinkage,full,modernize,pooled,328,0.6013157508126549,0.6067073170731707
luna56,lda_ledoit_wolf_shrinkage,full,modernize,0,108,0.5443082974816721,0.5648148148148148
luna56,lda_ledoit_wolf_shrinkage,full,modernize,1,108,0.6047794691959452,0.6203703703703703
luna56,lda_ledoit_wolf_shrinkage,full,modernize,2,112,0.5981471019041641,0.6339285714285714
luna56,lda_ledoit_wolf_shrinkage,full,original,pooled,360,0.72218054102773,0.7194444444444444
luna56,lda_ledoit_wolf_shrinkage,full,original,0,120,0.6650527738026814,0.675
luna56,lda_ledoit_wolf_shrinkage,full,original,1,120,0.7380014392892332,0.725
luna56,lda_ledoit_wolf_shrinkage,full,original,2,120,0.7535218131969902,0.7583333333333333
luna56,lda_ledoit_wolf_shrinkage,full,paraphrase,pooled,326,0.5778745190513092,0.5920245398773006
luna56,lda_ledoit_wolf_shrinkage,full,paraphrase,0,102,0.5542547927423044,0.5686274509803921
luna56,lda_ledoit_wolf_shrinkage,full,paraphrase,1,108,0.630067155067155,0.6481481481481481
luna56,lda_ledoit_wolf_shrinkage,full,paraphrase,2,116,0.5020961011070607,0.5603448275862069
luna56,lda_ledoit_wolf_shrinkage,full,simplify,pooled,332,0.5065144423296088,0.5150602409638554
luna56,lda_ledoit_wolf_shrinkage,full,simplify,0,108,0.4571687659922954,0.49074074074074076
luna56,lda_ledoit_wolf_shrinkage,full,simplify,1,110,0.507729458948971,0.5363636363636364
luna56,lda_ledoit_wolf_shrinkage,full,simplify,2,114,0.4995511935729327,0.5175438596491229
luna56,lda_ledoit_wolf_shrinkage,without_char3,modernize,pooled,328,0.5800764013102607,0.5914634146341463
luna56,lda_ledoit_wolf_shrinkage,without_char3,modernize,0,108,0.5087213545467815,0.5185185185185185
luna56,lda_ledoit_wolf_shrinkage,without_char3,modernize,1,108,0.6127038518141669,0.6388888888888888
luna56,lda_ledoit_wolf_shrinkage,without_char3,modernize,2,112,0.5664164338077381,0.6160714285714286
luna56,lda_ledoit_wolf_shrinkage,without_char3,original,pooled,360,0.6750571635761284,0.675
luna56,lda_ledoit_wolf_shrinkage,without_char3,original,0,120,0.6529072336246653,0.6666666666666666
luna56,lda_ledoit_wolf_shrinkage,without_char3,original,1,120,0.7081700572661837,0.7
luna56,lda_ledoit_wolf_shrinkage,without_char3,original,2,120,0.6479545853686483,0.6583333333333333
luna56,lda_ledoit_wolf_shrinkage,without_char3,paraphrase,pooled,326,0.5621152122115376,0.5797546012269938
luna56,lda_ledoit_wolf_shrinkage,without_char3,paraphrase,0,102,0.5314659197012138,0.5294117647058824
luna56,lda_ledoit_wolf_shrinkage,without_char3,paraphrase,1,108,0.6249737767690483,0.6481481481481481
luna56,lda_ledoit_wolf_shrinkage,without_char3,paraphrase,2,116,0.4978356117686573,0.5603448275862069
luna56,lda_ledoit_wolf_shrinkage,without_char3,simplify,pooled,332,0.4982334311108294,0.5060240963855421
luna56,lda_ledoit_wolf_shrinkage,without_char3,simplify,0,108,0.4348119052223432,0.4444444444444444
luna56,lda_ledoit_wolf_shrinkage,without_char3,simplify,1,110,0.5140170221330861,0.5454545454545454
luna56,lda_ledoit_wolf_shrinkage,without_char3,simplify,2,114,0.48090354090354087,0.5263157894736842
luna56,lda_ledoit_wolf_shrinkage,without_function_word,modernize,pooled,328,0.6193159308083979,0.6219512195121951
luna56,lda_ledoit_wolf_shrinkage,without_function_word,modernize,0,108,0.5524870590660064,0.5740740740740741
luna56,lda_ledoit_wolf_shrinkage,without_function_word,modernize,1,108,0.6534505423101914,0.6666666666666666
luna56,lda_ledoit_wolf_shrinkage,without_function_word,modernize,2,112,0.5970284815611832,0.625
luna56,lda_ledoit_wolf_shrinkage,without_function_word,original,pooled,360,0.6670566959529333,0.6666666666666666
luna56,lda_ledoit_wolf_shrinkage,without_function_word,original,0,120,0.5995473343626335,0.6166666666666667
luna56,lda_ledoit_wolf_shrinkage,without_function_word,original,1,120,0.6879384901410073,0.675
luna56,lda_ledoit_wolf_shrinkage,without_function_word,original,2,120,0.6978511737445373,0.7083333333333334
luna56,lda_ledoit_wolf_shrinkage,without_function_word,paraphrase,pooled,326,0.5885438141691954,0.6012269938650306
luna56,lda_ledoit_wolf_shrinkage,without_function_word,paraphrase,0,102,0.5480213437556714,0.5490196078431373
luna56,lda_ledoit_wolf_shrinkage,without_function_word,paraphrase,1,108,0.6479025636175586,0.6759259259259259
luna56,lda_ledoit_wolf_shrinkage,without_function_word,paraphrase,2,116,0.5096237029476804,0.5775862068965517
luna56,lda_ledoit_wolf_shrinkage,without_function_word,simplify,pooled,332,0.5048903929607019,0.5060240963855421
luna56,lda_ledoit_wolf_shrinkage,without_function_word,simplify,0,108,0.4565493571685522,0.4722222222222222
luna56,lda_ledoit_wolf_shrinkage,without_function_word,simplify,1,110,0.5373529692415141,0.5818181818181818
luna56,lda_ledoit_wolf_shrinkage,without_function_word,simplify,2,114,0.4368900791222454,0.4649122807017544
luna56,lda_ledoit_wolf_shrinkage,without_length_rhythm,modernize,pooled,328,0.5955968398447812,0.6036585365853658
luna56,lda_ledoit_wolf_shrinkage,without_length_rhythm,modernize,0,108,0.5465818120144934,0.5740740740740741
luna56,lda_ledoit_wolf_shrinkage,without_length_rhythm,modernize,1,108,0.5875107729798805,0.6111111111111112
luna56,lda_ledoit_wolf_shrinkage,without_length_rhythm,modernize,2,112,0.5903974667155044,0.625
luna56,lda_ledoit_wolf_shrinkage,without_length_rhythm,original,pooled,360,0.7318859330406591,0.7305555555555555
luna56,lda_ledoit_wolf_shrinkage,without_length_rhythm,original,0,120,0.6730274101057702,0.6833333333333333
luna56,lda_ledoit_wolf_shrinkage,without_length_rhythm,original,1,120,0.7500544447362915,0.7416666666666667
luna56,lda_ledoit_wolf_shrinkage,without_length_rhythm,original,2,120,0.7624211752135919,0.7666666666666667
luna56,lda_ledoit_wolf_shrinkage,without_length_rhythm,paraphrase,pooled,326,0.5867300110315328,0.6073619631901841
luna56,lda_ledoit_wolf_shrinkage,without_length_rhythm,paraphrase,0,102,0.5330240588001733,0.5686274509803921
luna56,lda_ledoit_wolf_shrinkage,without_length_rhythm,paraphrase,1,108,0.6438905865376453,0.6666666666666666
luna56,lda_ledoit_wolf_shrinkage,without_length_rhythm,paraphrase,2,116,0.536159868908817,0.5862068965517241
luna56,lda_ledoit_wolf_shrinkage,without_length_rhythm,simplify,pooled,332,0.5154327618594384,0.5271084337349398
luna56,lda_ledoit_wolf_shrinkage,without_length_rhythm,simplify,0,108,0.4593886142976396,0.5
luna56,lda_ledoit_wolf_shrinkage,without_length_rhythm,simplify,1,110,0.5116975058151528,0.5454545454545454
luna56,lda_ledoit_wolf_shrinkage,without_length_rhythm,simplify,2,114,0.5132009202184641,0.5350877192982456
luna56,lda_ledoit_wolf_shrinkage,without_lexical_richness,modernize,pooled,328,0.608385505260861,0.6128048780487805
luna56,lda_ledoit_wolf_shrinkage,without_lexical_richness,modernize,0,108,0.5437439174885373,0.5648148148148148
luna56,lda_ledoit_wolf_shrinkage,without_lexical_richness,modernize,1,108,0.6304191312819937,0.6388888888888888
luna56,lda_ledoit_wolf_shrinkage,without_lexical_richness,modernize,2,112,0.6040726817042607,0.6339285714285714
luna56,lda_ledoit_wolf_shrinkage,without_lexical_richness,original,pooled,360,0.7262572135113441,0.7222222222222222
luna56,lda_ledoit_wolf_shrinkage,without_lexical_richness,original,0,120,0.6753859697211388,0.6833333333333333
luna56,lda_ledoit_wolf_shrinkage,without_lexical_richness,original,1,120,0.7404197183608948,0.725
luna56,lda_ledoit_wolf_shrinkage,without_lexical_richness,original,2,120,0.7538915867499604,0.7583333333333333
luna56,lda_ledoit_wolf_shrinkage,without_lexical_richness,paraphrase,pooled,326,0.614107801185544,0.6257668711656442
luna56,lda_ledoit_wolf_shrinkage,without_lexical_richness,paraphrase,0,102,0.5749158367685232,0.5882352941176471
luna56,lda_ledoit_wolf_shrinkage,without_lexical_richness,paraphrase,1,108,0.6593637593637593,0.6759259259259259
luna56,lda_ledoit_wolf_shrinkage,without_lexical_richness,paraphrase,2,116,0.57833234572365,0.6120689655172413
luna56,lda_ledoit_wolf_shrinkage,without_lexical_richness,simplify,pooled,332,0.529053960509655,0.5331325301204819
luna56,lda_ledoit_wolf_shrinkage,without_lexical_richness,simplify,0,108,0.4692777695873671,0.5
luna56,lda_ledoit_wolf_shrinkage,without_lexical_richness,simplify,1,110,0.521330802852542,0.5454545454545454
luna56,lda_ledoit_wolf_shrinkage,without_lexical_richness,simplify,2,114,0.5347552089487574,0.5526315789473685
luna56,lda_ledoit_wolf_shrinkage,without_punctuation,modernize,pooled,328,0.5877599914109392,0.5945121951219512
luna56,lda_ledoit_wolf_shrinkage,without_punctuation,modernize,0,108,0.5315178485910194,0.5555555555555556
luna56,lda_ledoit_wolf_shrinkage,without_punctuation,modernize,1,108,0.5733044438674794,0.5925925925925926
luna56,lda_ledoit_wolf_shrinkage,without_punctuation,modernize,2,112,0.5996995113121557,0.6339285714285714
luna56,lda_ledoit_wolf_shrinkage,without_punctuation,original,pooled,360,0.7032168039081808,0.7
luna56,lda_ledoit_wolf_shrinkage,without_punctuation,original,0,120,0.6319787775580458,0.6416666666666667
luna56,lda_ledoit_wolf_shrinkage,without_punctuation,original,1,120,0.7333284761774465,0.7166666666666667
luna56,lda_ledoit_wolf_shrinkage,without_punctuation,original,2,120,0.7337154145999364,0.7416666666666667
luna56,lda_ledoit_wolf_shrinkage,without_punctuation,paraphrase,pooled,326,0.5475164759769658,0.558282208588957
luna56,lda_ledoit_wolf_shrinkage,without_punctuation,paraphrase,0,102,0.5283515295338331,0.5392156862745098
luna56,lda_ledoit_wolf_shrinkage,without_punctuation,paraphrase,1,108,0.566691742725677,0.5925925925925926
luna56,lda_ledoit_wolf_shrinkage,without_punctuation,paraphrase,2,116,0.4904652642184495,0.5431034482758621
luna56,lda_ledoit_wolf_shrinkage,without_punctuation,simplify,pooled,332,0.5193868005804148,0.5210843373493976
luna56,lda_ledoit_wolf_shrinkage,without_punctuation,simplify,0,108,0.4814719917694746,0.5
luna56,lda_ledoit_wolf_shrinkage,without_punctuation,simplify,1,110,0.5303419372991544,0.5454545454545454
luna56,lda_ledoit_wolf_shrinkage,without_punctuation,simplify,2,114,0.496093023099728,0.5175438596491229
luna56,lda_ledoit_wolf_shrinkage,without_register_marker,modernize,pooled,328,0.6067046438047051,0.6128048780487805
luna56,lda_ledoit_wolf_shrinkage,without_register_marker,modernize,0,108,0.5518270944741533,0.5740740740740741
luna56,lda_ledoit_wolf_shrinkage,without_register_marker,modernize,1,108,0.6079179973344733,0.6203703703703703
luna56,lda_ledoit_wolf_shrinkage,without_register_marker,modernize,2,112,0.6125033629270917,0.6428571428571429
luna56,lda_ledoit_wolf_shrinkage,without_register_marker,original,pooled,360,0.7170558145967982,0.7138888888888889
luna56,lda_ledoit_wolf_shrinkage,without_register_marker,original,0,120,0.6934137327234665,0.7
luna56,lda_ledoit_wolf_shrinkage,without_register_marker,original,1,120,0.713349816703229,0.7
luna56,lda_ledoit_wolf_shrinkage,without_register_marker,original,2,120,0.7389130518064428,0.7416666666666667
luna56,lda_ledoit_wolf_shrinkage,without_register_marker,paraphrase,pooled,326,0.5970722972562054,0.6104294478527608
luna56,lda_ledoit_wolf_shrinkage,without_register_marker,paraphrase,0,102,0.5759111462360644,0.5980392156862745
luna56,lda_ledoit_wolf_shrinkage,without_register_marker,paraphrase,1,108,0.6085150542108935,0.6388888888888888
luna56,lda_ledoit_wolf_shrinkage,without_register_marker,paraphrase,2,116,0.5517228853622163,0.5948275862068966
luna56,lda_ledoit_wolf_shrinkage,without_register_marker,simplify,pooled,332,0.5008698554131665,0.5120481927710844
luna56,lda_ledoit_wolf_shrinkage,without_register_marker,simplify,0,108,0.4675448893526369,0.5
luna56,lda_ledoit_wolf_shrinkage,without_register_marker,simplify,1,110,0.49001563738405834,0.5272727272727272
luna56,lda_ledoit_wolf_shrinkage,without_register_marker,simplify,2,114,0.4848933909133517,0.5087719298245614
luna56,nearest_centroid,full,modernize,pooled,328,0.5166148925860786,0.5182926829268293
luna56,nearest_centroid,full,modernize,0,108,0.4655554282659334,0.49074074074074076
luna56,nearest_centroid,full,modernize,1,108,0.4850585745109071,0.49074074074074076
luna56,nearest_centroid,full,modernize,2,112,0.5394379000975703,0.5714285714285714
luna56,nearest_centroid,full,original,pooled,360,0.6349380989380989,0.6361111111111111
luna56,nearest_centroid,full,original,0,120,0.5749398426953134,0.5916666666666667
luna56,nearest_centroid,full,original,1,120,0.6526537037860324,0.6333333333333333
luna56,nearest_centroid,full,original,2,120,0.6629114030328864,0.6833333333333333
luna56,nearest_centroid,full,paraphrase,pooled,326,0.5210895067548343,0.5306748466257669
luna56,nearest_centroid,full,paraphrase,0,102,0.5065425423325741,0.5196078431372549
luna56,nearest_centroid,full,paraphrase,1,108,0.5153279071883724,0.5185185185185185
luna56,nearest_centroid,full,paraphrase,2,116,0.48967461168488313,0.5517241379310345
luna56,nearest_centroid,full,simplify,pooled,332,0.4498152826584935,0.45481927710843373
luna56,nearest_centroid,full,simplify,0,108,0.3563001028871588,0.39814814814814814
luna56,nearest_centroid,full,simplify,1,110,0.4433849994194821,0.44545454545454544
luna56,nearest_centroid,full,simplify,2,114,0.4884058993793323,0.5175438596491229
luna56,nearest_centroid,without_char3,modernize,pooled,328,0.5080432632675428,0.5152439024390244
luna56,nearest_centroid,without_char3,modernize,0,108,0.4945046236712904,0.5092592592592593
luna56,nearest_centroid,without_char3,modernize,1,108,0.4444067839605365,0.4722222222222222
luna56,nearest_centroid,without_char3,modernize,2,112,0.5263189818970752,0.5625
luna56,nearest_centroid,without_char3,original,pooled,360,0.5831137627074648,0.5805555555555556
luna56,nearest_centroid,without_char3,original,0,120,0.5859946579054528,0.6
luna56,nearest_centroid,without_char3,original,1,120,0.6054682419290812,0.6
luna56,nearest_centroid,without_char3,original,2,120,0.527926322043969,0.5416666666666666
luna56,nearest_centroid,without_char3,paraphrase,pooled,326,0.47563014378952073,0.48466257668711654
luna56,nearest_centroid,without_char3,paraphrase,0,102,0.41857885711852877,0.4215686274509804
luna56,nearest_centroid,without_char3,paraphrase,1,108,0.49712854838905257,0.5185185185185185
luna56,nearest_centroid,without_char3,paraphrase,2,116,0.4578908782788093,0.5086206896551724
luna56,nearest_centroid,without_char3,simplify,pooled,332,0.4309023541018697,0.4427710843373494
luna56,nearest_centroid,without_char3,simplify,0,108,0.357653262181564,0.39814814814814814
luna56,nearest_centroid,without_char3,simplify,1,110,0.4132120122762521,0.43636363636363634
luna56,nearest_centroid,without_char3,simplify,2,114,0.4398616672733892,0.49122807017543857
luna56,nearest_centroid,without_function_word,modernize,pooled,328,0.5128364574893366,0.5152439024390244
luna56,nearest_centroid,without_function_word,modernize,0,108,0.4282103564712261,0.4537037037037037
luna56,nearest_centroid,without_function_word,modernize,1,108,0.4805400066269632,0.5
luna56,nearest_centroid,without_function_word,modernize,2,112,0.5573526067428506,0.5892857142857143
luna56,nearest_centroid,without_function_word,original,pooled,360,0.6044559102075678,0.6055555555555555
luna56,nearest_centroid,without_function_word,original,0,120,0.583134553436192,0.6
luna56,nearest_centroid,without_function_word,original,1,120,0.5891175578985907,0.575
luna56,nearest_centroid,without_function_word,original,2,120,0.6158090256304541,0.6416666666666667
luna56,nearest_centroid,without_function_word,paraphrase,pooled,326,0.500335741654961,0.5061349693251533
luna56,nearest_centroid,without_function_word,paraphrase,0,102,0.46732529973909287,0.47058823529411764
luna56,nearest_centroid,without_function_word,paraphrase,1,108,0.5271595835891322,0.5370370370370371
luna56,nearest_centroid,without_function_word,paraphrase,2,116,0.4560644102430329,0.5086206896551724
luna56,nearest_centroid,without_function_word,simplify,pooled,332,0.41135418722704115,0.4126506024096386
luna56,nearest_centroid,without_function_word,simplify,0,108,0.33946484213744355,0.37037037037037035
luna56,nearest_centroid,without_function_word,simplify,1,110,0.3858280104623908,0.41818181818181815
luna56,nearest_centroid,without_function_word,simplify,2,114,0.43818021743082175,0.4473684210526316
luna56,nearest_centroid,without_length_rhythm,modernize,pooled,328,0.5227249665519159,0.5304878048780488
luna56,nearest_centroid,without_length_rhythm,modernize,0,108,0.4698395919326151,0.5
luna56,nearest_centroid,without_length_rhythm,modernize,1,108,0.506542945083495,0.5
luna56,nearest_centroid,without_length_rhythm,modernize,2,112,0.5408207443091163,0.5892857142857143
luna56,nearest_centroid,without_length_rhythm,original,pooled,360,0.6379741772528408,0.6388888888888888
luna56,nearest_centroid,without_length_rhythm,original,0,120,0.5468432752842298,0.5666666666666667
luna56,nearest_centroid,without_length_rhythm,original,1,120,0.6582014614323336,0.6416666666666667
luna56,nearest_centroid,without_length_rhythm,original,2,120,0.6901193758119947,0.7083333333333334
luna56,nearest_centroid,without_length_rhythm,paraphrase,pooled,326,0.5383864803396752,0.549079754601227
luna56,nearest_centroid,without_length_rhythm,paraphrase,0,102,0.5117042435308027,0.5294117647058824
luna56,nearest_centroid,without_length_rhythm,paraphrase,1,108,0.5602151996637681,0.5555555555555556
luna56,nearest_centroid,without_length_rhythm,paraphrase,2,116,0.49608465608465613,0.5603448275862069
luna56,nearest_centroid,without_length_rhythm,simplify,pooled,332,0.46992286010977596,0.4789156626506024
luna56,nearest_centroid,without_length_rhythm,simplify,0,108,0.37653281886686263,0.4351851851851852
luna56,nearest_centroid,without_length_rhythm,simplify,1,110,0.467037037037037,0.4636363636363636
luna56,nearest_centroid,without_length_rhythm,simplify,2,114,0.4984464913871376,0.5350877192982456
luna56,nearest_centroid,without_lexical_richness,modernize,pooled,328,0.5343959170218652,0.5365853658536586
luna56,nearest_centroid,without_lexical_richness,modernize,0,108,0.4862096072419862,0.5092592592592593
luna56,nearest_centroid,without_lexical_richness,modernize,1,108,0.4798970554405337,0.48148148148148145
luna56,nearest_centroid,without_lexical_richness,modernize,2,112,0.5900540024268054,0.6160714285714286
luna56,nearest_centroid,without_lexical_richness,original,pooled,360,0.627805108098874,0.6305555555555555
luna56,nearest_centroid,without_lexical_richness,original,0,120,0.5478986413269984,0.5666666666666667
luna56,nearest_centroid,without_lexical_richness,original,1,120,0.6589678899276422,0.6416666666666667
luna56,nearest_centroid,without_lexical_richness,original,2,120,0.6534335551726856,0.6833333333333333
luna56,nearest_centroid,without_lexical_richness,paraphrase,pooled,326,0.5407381995602419,0.5460122699386503
luna56,nearest_centroid,without_lexical_richness,paraphrase,0,102,0.508334277362554,0.5196078431372549
luna56,nearest_centroid,without_lexical_richness,paraphrase,1,108,0.5285179268470145,0.5277777777777778
luna56,nearest_centroid,without_lexical_richness,paraphrase,2,116,0.5479026392484284,0.5862068965517241
luna56,nearest_centroid,without_lexical_richness,simplify,pooled,332,0.47571566533692794,0.4759036144578313
luna56,nearest_centroid,without_lexical_richness,simplify,0,108,0.39747917401629057,0.42592592592592593
luna56,nearest_centroid,without_lexical_richness,simplify,1,110,0.46945779635434803,0.4636363636363636
luna56,nearest_centroid,without_lexical_richness,simplify,2,114,0.5156911265938721,0.5350877192982456
luna56,nearest_centroid,without_punctuation,modernize,pooled,328,0.5040568813378731,0.5060975609756098
luna56,nearest_centroid,without_punctuation,modernize,0,108,0.4501499539573745,0.48148148148148145
luna56,nearest_centroid,without_punctuation,modernize,1,108,0.4768266370310043,0.4722222222222222
luna56,nearest_centroid,without_punctuation,modernize,2,112,0.5200746965452847,0.5625
luna56,nearest_centroid,without_punctuation,original,pooled,360,0.5861023117674907,0.5888888888888889
luna56,nearest_centroid,without_punctuation,original,0,120,0.5156942730472142,0.5416666666666666
luna56,nearest_centroid,without_punctuation,original,1,120,0.6220189681286546,0.6
luna56,nearest_centroid,without_punctuation,original,2,120,0.6002284005389594,0.625
luna56,nearest_centroid,without_punctuation,paraphrase,pooled,326,0.5039743499470182,0.50920245398773
luna56,nearest_centroid,without_punctuation,paraphrase,0,102,0.4684072326348749,0.47058823529411764
luna56,nearest_centroid,without_punctuation,paraphrase,1,108,0.5093826584198856,0.5092592592592593
luna56,nearest_centroid,without_punctuation,paraphrase,2,116,0.46915012190874256,0.5431034482758621
luna56,nearest_centroid,without_punctuation,simplify,pooled,332,0.4518985891507746,0.4608433734939759
luna56,nearest_centroid,without_punctuation,simplify,0,108,0.3560033605997543,0.4166666666666667
luna56,nearest_centroid,without_punctuation,simplify,1,110,0.4412878787878787,0.45454545454545453
luna56,nearest_centroid,without_punctuation,simplify,2,114,0.4795417394236603,0.5087719298245614
luna56,nearest_centroid,without_register_marker,modernize,pooled,328,0.5110934723441037,0.5152439024390244
luna56,nearest_centroid,without_register_marker,modernize,0,108,0.45871017028512284,0.49074074074074076
luna56,nearest_centroid,without_register_marker,modernize,1,108,0.49154708667092567,0.5
luna56,nearest_centroid,without_register_marker,modernize,2,112,0.5122525750111956,0.5535714285714286
luna56,nearest_centroid,without_register_marker,original,pooled,360,0.6173431332666968,0.6166666666666667
luna56,nearest_centroid,without_register_marker,original,0,120,0.5504758526358848,0.5666666666666667
luna56,nearest_centroid,without_register_marker,original,1,120,0.6276565079639213,0.6083333333333333
luna56,nearest_centroid,without_register_marker,original,2,120,0.6562711204566992,0.675
luna56,nearest_centroid,without_register_marker,paraphrase,pooled,326,0.511257192228461,0.5153374233128835
luna56,nearest_centroid,without_register_marker,paraphrase,0,102,0.46344720496894415,0.47058823529411764
luna56,nearest_centroid,without_register_marker,paraphrase,1,108,0.5295602295602295,0.5277777777777778
luna56,nearest_centroid,without_register_marker,paraphrase,2,116,0.49014373147378065,0.5431034482758621
luna56,nearest_centroid,without_register_marker,simplify,pooled,332,0.4625438051337816,0.46686746987951805
luna56,nearest_centroid,without_register_marker,simplify,0,108,0.3687460065611326,0.4166666666666667
luna56,nearest_centroid,without_register_marker,simplify,1,110,0.4468455311312809,0.44545454545454544
luna56,nearest_centroid,without_register_marker,simplify,2,114,0.5074720308747763,0.5350877192982456
terra56,gaussian_nb,full,modernize,pooled,331,0.5002358928131324,0.48942598187311176
terra56,gaussian_nb,full,modernize,0,108,0.467151652093313,0.48148148148148145
terra56,gaussian_nb,full,modernize,1,109,0.4661182039600465,0.45871559633027525
terra56,gaussian_nb,full,modernize,2,114,0.5176260001841397,0.5263157894736842
terra56,gaussian_nb,full,original,pooled,360,0.5722037811950781,0.5666666666666667
terra56,gaussian_nb,full,original,0,120,0.5785233285233286,0.5833333333333334
terra56,gaussian_nb,full,original,1,120,0.5832490886254327,0.5583333333333333
terra56,gaussian_nb,full,original,2,120,0.5355575633095012,0.5583333333333333
terra56,gaussian_nb,full,paraphrase,pooled,331,0.5159021796151388,0.5105740181268882
terra56,gaussian_nb,full,paraphrase,0,105,0.5647402597402597,0.5619047619047619
terra56,gaussian_nb,full,paraphrase,1,109,0.5122808291052835,0.5045871559633027
terra56,gaussian_nb,full,paraphrase,2,117,0.4513869616610135,0.4700854700854701
terra56,gaussian_nb,full,simplify,pooled,326,0.48084739150953415,0.4815950920245399
terra56,gaussian_nb,full,simplify,0,104,0.41617956511573534,0.4326923076923077
terra56,gaussian_nb,full,simplify,1,109,0.4896542481908335,0.48623853211009177
terra56,gaussian_nb,full,simplify,2,113,0.50757852077001,0.5221238938053098
terra56,gaussian_nb,without_char3,modernize,pooled,331,0.4479503641860661,0.44108761329305135
terra56,gaussian_nb,without_char3,modernize,0,108,0.43310259492816794,0.4444444444444444
terra56,gaussian_nb,without_char3,modernize,1,109,0.456269592476489,0.45871559633027525
terra56,gaussian_nb,without_char3,modernize,2,114,0.4216945091945092,0.42105263157894735
terra56,gaussian_nb,without_char3,original,pooled,360,0.4888808170230901,0.4861111111111111
terra56,gaussian_nb,without_char3,original,0,120,0.5569401048124452,0.5666666666666667
terra56,gaussian_nb,without_char3,original,1,120,0.5259785734828876,0.5166666666666667
terra56,gaussian_nb,without_char3,original,2,120,0.3560958187685019,0.375
terra56,gaussian_nb,without_char3,paraphrase,pooled,331,0.4484418852204399,0.4501510574018127
terra56,gaussian_nb,without_char3,paraphrase,0,105,0.48227666264218744,0.4857142857142857
terra56,gaussian_nb,without_char3,paraphrase,1,109,0.45927731416453216,0.45871559633027525
terra56,gaussian_nb,without_char3,paraphrase,2,117,0.4010100692698732,0.41025641025641024
terra56,gaussian_nb,without_char3,simplify,pooled,326,0.46510873703778355,0.4601226993865031
terra56,gaussian_nb,without_char3,simplify,0,104,0.4666293476638304,0.47115384615384615
terra56,gaussian_nb,without_char3,simplify,1,109,0.4667832167832168,0.46788990825688076
terra56,gaussian_nb,without_char3,simplify,2,113,0.441118918327565,0.4424778761061947
terra56,gaussian_nb,without_function_word,modernize,pooled,331,0.45741424219856314,0.4471299093655589
terra56,gaussian_nb,without_function_word,modernize,0,108,0.42285685759585334,0.4351851851851852
terra56,gaussian_nb,without_function_word,modernize,1,109,0.4367738435975823,0.44036697247706424
terra56,gaussian_nb,without_function_word,modernize,2,114,0.4594269633823386,0.4649122807017544
terra56,gaussian_nb,without_function_word,original,pooled,360,0.5267102678552261,0.5305555555555556
terra56,gaussian_nb,without_function_word,original,0,120,0.5421367320592126,0.5583333333333333
terra56,gaussian_nb,without_function_word,original,1,120,0.5140566554563413,0.5166666666666667
terra56,gaussian_nb,without_function_word,original,2,120,0.49011343216531894,0.5166666666666667
terra56,gaussian_nb,without_function_word,paraphrase,pooled,331,0.4534966488985199,0.45317220543806647
terra56,gaussian_nb,without_function_word,paraphrase,0,105,0.4352357320099256,0.44761904761904764
terra56,gaussian_nb,without_function_word,paraphrase,1,109,0.4540903540903542,0.46788990825688076
terra56,gaussian_nb,without_function_word,paraphrase,2,117,0.43223854235818343,0.4444444444444444
terra56,gaussian_nb,without_function_word,simplify,pooled,326,0.43062803703197794,0.4263803680981595
terra56,gaussian_nb,without_function_word,simplify,0,104,0.3986651894325965,0.40384615384615385
terra56,gaussian_nb,without_function_word,simplify,1,109,0.405572489783016,0.42201834862385323
terra56,gaussian_nb,without_function_word,simplify,2,113,0.4467376604636594,0.45132743362831856
terra56,gaussian_nb,without_length_rhythm,modernize,pooled,331,0.5078991474282532,0.4954682779456193
terra56,gaussian_nb,without_length_rhythm,modernize,0,108,0.4599734630694383,0.4722222222222222
terra56,gaussian_nb,without_length_rhythm,modernize,1,109,0.4764369099734953,0.45871559633027525
terra56,gaussian_nb,without_length_rhythm,modernize,2,114,0.5369225429474521,0.5526315789473685
terra56,gaussian_nb,without_length_rhythm,original,pooled,360,0.5856094291836152,0.5777777777777777
terra56,gaussian_nb,without_length_rhythm,original,0,120,0.5668344016558302,0.575
terra56,gaussian_nb,without_length_rhythm,original,1,120,0.6108985426058596,0.5833333333333334
terra56,gaussian_nb,without_length_rhythm,original,2,120,0.5469088458711099,0.575
terra56,gaussian_nb,without_length_rhythm,paraphrase,pooled,331,0.5151921208529395,0.5105740181268882
terra56,gaussian_nb,without_length_rhythm,paraphrase,0,105,0.5036679159867566,0.5047619047619047
terra56,gaussian_nb,without_length_rhythm,paraphrase,1,109,0.5227308467246548,0.5137614678899083
terra56,gaussian_nb,without_length_rhythm,paraphrase,2,117,0.4864467329550341,0.5128205128205128
terra56,gaussian_nb,without_length_rhythm,simplify,pooled,326,0.48856969517018306,0.48773006134969327
terra56,gaussian_nb,without_length_rhythm,simplify,0,104,0.4130643581224977,0.4326923076923077
terra56,gaussian_nb,without_length_rhythm,simplify,1,109,0.4894861578983795,0.47706422018348627
terra56,gaussian_nb,without_length_rhythm,simplify,2,113,0.5206291265495705,0.5486725663716814
terra56,gaussian_nb,without_lexical_richness,modernize,pooled,331,0.5176778501978824,0.5105740181268882
terra56,gaussian_nb,without_lexical_richness,modernize,0,108,0.4863568085899572,0.5
terra56,gaussian_nb,without_lexical_richness,modernize,1,109,0.5080078963888063,0.5045871559633027
terra56,gaussian_nb,without_lexical_richness,modernize,2,114,0.5151221323832922,0.5263157894736842
terra56,gaussian_nb,without_lexical_richness,original,pooled,360,0.5768665255778934,0.5722222222222222
terra56,gaussian_nb,without_lexical_richness,original,0,120,0.5943285887675163,0.6
terra56,gaussian_nb,without_lexical_richness,original,1,120,0.6025295868243162,0.575
terra56,gaussian_nb,without_lexical_richness,original,2,120,0.5092005525338857,0.5416666666666666
terra56,gaussian_nb,without_lexical_richness,paraphrase,pooled,331,0.5196769187626444,0.513595166163142
terra56,gaussian_nb,without_lexical_richness,paraphrase,0,105,0.5724669518787165,0.5714285714285714
terra56,gaussian_nb,without_lexical_richness,paraphrase,1,109,0.5353762431763074,0.5137614678899083
terra56,gaussian_nb,without_lexical_richness,paraphrase,2,117,0.4342661163034956,0.46153846153846156
terra56,gaussian_nb,without_lexical_richness,simplify,pooled,326,0.5003682019487025,0.5061349693251533
terra56,gaussian_nb,without_lexical_richness,simplify,0,104,0.46050575943218536,0.4807692307692308
terra56,gaussian_nb,without_lexical_richness,simplify,1,109,0.5165836919012963,0.5137614678899083
terra56,gaussian_nb,without_lexical_richness,simplify,2,113,0.5057396225082543,0.5221238938053098
terra56,gaussian_nb,without_punctuation,modernize,pooled,331,0.5164356541063216,0.5226586102719033
terra56,gaussian_nb,without_punctuation,modernize,0,108,0.4916200008330968,0.5277777777777778
terra56,gaussian_nb,without_punctuation,modernize,1,109,0.4913809065505172,0.48623853211009177
terra56,gaussian_nb,without_punctuation,modernize,2,114,0.5249225191238762,0.5526315789473685
terra56,gaussian_nb,without_punctuation,original,pooled,360,0.5852129490035858,0.5833333333333334
terra56,gaussian_nb,without_punctuation,original,0,120,0.5573704560546667,0.575
terra56,gaussian_nb,without_punctuation,original,1,120,0.566845759613911,0.5416666666666666
terra56,gaussian_nb,without_punctuation,original,2,120,0.60856779205421,0.6333333333333333
terra56,gaussian_nb,without_punctuation,paraphrase,pooled,331,0.5448502429221945,0.5438066465256798
terra56,gaussian_nb,without_punctuation,paraphrase,0,105,0.5270021621464746,0.5333333333333333
terra56,gaussian_nb,without_punctuation,paraphrase,1,109,0.5366607125942164,0.5137614678899083
terra56,gaussian_nb,without_punctuation,paraphrase,2,117,0.5347956012978275,0.5811965811965812
terra56,gaussian_nb,without_punctuation,simplify,pooled,326,0.48112113167608744,0.49693251533742333
terra56,gaussian_nb,without_punctuation,simplify,0,104,0.3933841957835766,0.4519230769230769
terra56,gaussian_nb,without_punctuation,simplify,1,109,0.5022926246330501,0.4954128440366973
terra56,gaussian_nb,without_punctuation,simplify,2,113,0.5062726318075308,0.5398230088495575
terra56,gaussian_nb,without_register_marker,modernize,pooled,331,0.5027895571235667,0.49244712990936557
terra56,gaussian_nb,without_register_marker,modernize,0,108,0.4798744973833626,0.49074074074074076
terra56,gaussian_nb,without_register_marker,modernize,1,109,0.4590479051332117,0.44954128440366975
terra56,gaussian_nb,without_register_marker,modernize,2,114,0.5220892953336344,0.5350877192982456
terra56,gaussian_nb,without_register_marker,original,pooled,360,0.5677011120992507,0.5611111111111111
terra56,gaussian_nb,without_register_marker,original,0,120,0.548359411104509,0.5583333333333333
terra56,gaussian_nb,without_register_marker,original,1,120,0.5771277202589773,0.55
terra56,gaussian_nb,without_register_marker,original,2,120,0.5554435884586844,0.575
terra56,gaussian_nb,without_register_marker,paraphrase,pooled,331,0.5025153883578343,0.49244712990936557
terra56,gaussian_nb,without_register_marker,paraphrase,0,105,0.5187051837051837,0.5142857142857142
terra56,gaussian_nb,without_register_marker,paraphrase,1,109,0.46704642606841595,0.45871559633027525
terra56,gaussian_nb,without_register_marker,paraphrase,2,117,0.4850811292258839,0.5042735042735043
terra56,gaussian_nb,without_register_marker,simplify,pooled,326,0.4849136068326156,0.48466257668711654
terra56,gaussian_nb,without_register_marker,simplify,0,104,0.43508747579062995,0.4519230769230769
terra56,gaussian_nb,without_register_marker,simplify,1,109,0.48161088997002305,0.47706422018348627
terra56,gaussian_nb,without_register_marker,simplify,2,113,0.5153746770025841,0.5221238938053098
terra56,lda_ledoit_wolf_shrinkage,full,modernize,pooled,331,0.6121603152745602,0.6163141993957704
terra56,lda_ledoit_wolf_shrinkage,full,modernize,0,108,0.5164165696707871,0.5462962962962963
terra56,lda_ledoit_wolf_shrinkage,full,modernize,1,109,0.6264577951076807,0.6422018348623854
terra56,lda_ledoit_wolf_shrinkage,full,modernize,2,114,0.6307289220451541,0.6578947368421053
terra56,lda_ledoit_wolf_shrinkage,full,original,pooled,360,0.72218054102773,0.7194444444444444
terra56,lda_ledoit_wolf_shrinkage,full,original,0,120,0.6650527738026814,0.675
terra56,lda_ledoit_wolf_shrinkage,full,original,1,120,0.7380014392892332,0.725
terra56,lda_ledoit_wolf_shrinkage,full,original,2,120,0.7535218131969902,0.7583333333333333
terra56,lda_ledoit_wolf_shrinkage,full,paraphrase,pooled,331,0.6081587035807573,0.6102719033232629
terra56,lda_ledoit_wolf_shrinkage,full,paraphrase,0,105,0.5624179530953997,0.5619047619047619
terra56,lda_ledoit_wolf_shrinkage,full,paraphrase,1,109,0.6481815188956749,0.6513761467889908
terra56,lda_ledoit_wolf_shrinkage,full,paraphrase,2,117,0.5795260465081964,0.6153846153846154
terra56,lda_ledoit_wolf_shrinkage,full,simplify,pooled,326,0.5607015704106598,0.5644171779141104
terra56,lda_ledoit_wolf_shrinkage,full,simplify,0,104,0.4535848597098043,0.4807692307692308
terra56,lda_ledoit_wolf_shrinkage,full,simplify,1,109,0.5611021032073664,0.5779816513761468
terra56,lda_ledoit_wolf_shrinkage,full,simplify,2,113,0.5994766357266357,0.6283185840707964
terra56,lda_ledoit_wolf_shrinkage,without_char3,modernize,pooled,331,0.600668556444921,0.6042296072507553
terra56,lda_ledoit_wolf_shrinkage,without_char3,modernize,0,108,0.5650315208825847,0.5833333333333334
terra56,lda_ledoit_wolf_shrinkage,without_char3,modernize,1,109,0.6293474673909456,0.6330275229357798
terra56,lda_ledoit_wolf_shrinkage,without_char3,modernize,2,114,0.5434155216763912,0.5964912280701754
terra56,lda_ledoit_wolf_shrinkage,without_char3,original,pooled,360,0.6750571635761284,0.675
terra56,lda_ledoit_wolf_shrinkage,without_char3,original,0,120,0.6529072336246653,0.6666666666666666
terra56,lda_ledoit_wolf_shrinkage,without_char3,original,1,120,0.7081700572661837,0.7
terra56,lda_ledoit_wolf_shrinkage,without_char3,original,2,120,0.6479545853686483,0.6583333333333333
terra56,lda_ledoit_wolf_shrinkage,without_char3,paraphrase,pooled,331,0.5796340077230296,0.5861027190332326
terra56,lda_ledoit_wolf_shrinkage,without_char3,paraphrase,0,105,0.5667892156862745,0.5619047619047619
terra56,lda_ledoit_wolf_shrinkage,without_char3,paraphrase,1,109,0.6249690239840718,0.6238532110091743
terra56,lda_ledoit_wolf_shrinkage,without_char3,paraphrase,2,117,0.5051870258514497,0.5726495726495726
terra56,lda_ledoit_wolf_shrinkage,without_char3,simplify,pooled,326,0.5633421059962506,0.5644171779141104
terra56,lda_ledoit_wolf_shrinkage,without_char3,simplify,0,104,0.5213189544309089,0.5192307692307693
terra56,lda_ledoit_wolf_shrinkage,without_char3,simplify,1,109,0.590741380143554,0.5963302752293578
terra56,lda_ledoit_wolf_shrinkage,without_char3,simplify,2,113,0.5269660894660894,0.5752212389380531
terra56,lda_ledoit_wolf_shrinkage,without_function_word,modernize,pooled,331,0.5905655913787431,0.5921450151057401
terra56,lda_ledoit_wolf_shrinkage,without_function_word,modernize,0,108,0.5071825461360345,0.5277777777777778
terra56,lda_ledoit_wolf_shrinkage,without_function_word,modernize,1,109,0.607757524372548,0.6330275229357798
terra56,lda_ledoit_wolf_shrinkage,without_function_word,modernize,2,114,0.5704673690239047,0.6140350877192983
terra56,lda_ledoit_wolf_shrinkage,without_function_word,original,pooled,360,0.6670566959529333,0.6666666666666666
terra56,lda_ledoit_wolf_shrinkage,without_function_word,original,0,120,0.5995473343626335,0.6166666666666667
terra56,lda_ledoit_wolf_shrinkage,without_function_word,original,1,120,0.6879384901410073,0.675
terra56,lda_ledoit_wolf_shrinkage,without_function_word,original,2,120,0.6978511737445373,0.7083333333333334
terra56,lda_ledoit_wolf_shrinkage,without_function_word,paraphrase,pooled,331,0.5933987316542989,0.5981873111782477
terra56,lda_ledoit_wolf_shrinkage,without_function_word,paraphrase,0,105,0.545546830786644,0.5428571428571428
terra56,lda_ledoit_wolf_shrinkage,without_function_word,paraphrase,1,109,0.6325955790241504,0.6422018348623854
terra56,lda_ledoit_wolf_shrinkage,without_function_word,paraphrase,2,117,0.5589494712613728,0.6068376068376068
terra56,lda_ledoit_wolf_shrinkage,without_function_word,simplify,pooled,326,0.5090101658259459,0.5153374233128835
terra56,lda_ledoit_wolf_shrinkage,without_function_word,simplify,0,104,0.4106902671660347,0.4326923076923077
terra56,lda_ledoit_wolf_shrinkage,without_function_word,simplify,1,109,0.5342821667887515,0.5688073394495413
terra56,lda_ledoit_wolf_shrinkage,without_function_word,simplify,2,113,0.5110786822583497,0.5398230088495575
terra56,lda_ledoit_wolf_shrinkage,without_length_rhythm,modernize,pooled,331,0.6050868693885124,0.6102719033232629
terra56,lda_ledoit_wolf_shrinkage,without_length_rhythm,modernize,0,108,0.52207824255347,0.5462962962962963
terra56,lda_ledoit_wolf_shrinkage,without_length_rhythm,modernize,1,109,0.5885629318818125,0.6055045871559633
terra56,lda_ledoit_wolf_shrinkage,without_length_rhythm,modernize,2,114,0.6504419191919192,0.6754385964912281
terra56,lda_ledoit_wolf_shrinkage,without_length_rhythm,original,pooled,360,0.7318859330406591,0.7305555555555555
terra56,lda_ledoit_wolf_shrinkage,without_length_rhythm,original,0,120,0.6730274101057702,0.6833333333333333
terra56,lda_ledoit_wolf_shrinkage,without_length_rhythm,original,1,120,0.7500544447362915,0.7416666666666667
terra56,lda_ledoit_wolf_shrinkage,without_length_rhythm,original,2,120,0.7624211752135919,0.7666666666666667
terra56,lda_ledoit_wolf_shrinkage,without_length_rhythm,paraphrase,pooled,331,0.6128982128982129,0.6193353474320241
terra56,lda_ledoit_wolf_shrinkage,without_length_rhythm,paraphrase,0,105,0.5855800168300168,0.5904761904761905
terra56,lda_ledoit_wolf_shrinkage,without_length_rhythm,paraphrase,1,109,0.6535381879304346,0.6605504587155964
terra56,lda_ledoit_wolf_shrinkage,without_length_rhythm,paraphrase,2,117,0.569195457318469,0.6068376068376068
terra56,lda_ledoit_wolf_shrinkage,without_length_rhythm,simplify,pooled,326,0.5494180606901365,0.558282208588957
terra56,lda_ledoit_wolf_shrinkage,without_length_rhythm,simplify,0,104,0.44129162512014813,0.47115384615384615
terra56,lda_ledoit_wolf_shrinkage,without_length_rhythm,simplify,1,109,0.5477428977984267,0.5688073394495413
terra56,lda_ledoit_wolf_shrinkage,without_length_rhythm,simplify,2,113,0.6031715138040066,0.6283185840707964
terra56,lda_ledoit_wolf_shrinkage,without_lexical_richness,modernize,pooled,331,0.6243747902221733,0.6283987915407855
terra56,lda_ledoit_wolf_shrinkage,without_lexical_richness,modernize,0,108,0.5370016363564751,0.5555555555555556
terra56,lda_ledoit_wolf_shrinkage,without_lexical_richness,modernize,1,109,0.6370378164065723,0.6422018348623854
terra56,lda_ledoit_wolf_shrinkage,without_lexical_richness,modernize,2,114,0.6594563245352342,0.6842105263157895
terra56,lda_ledoit_wolf_shrinkage,without_lexical_richness,original,pooled,360,0.7262572135113441,0.7222222222222222
terra56,lda_ledoit_wolf_shrinkage,without_lexical_richness,original,0,120,0.6753859697211388,0.6833333333333333
terra56,lda_ledoit_wolf_shrinkage,without_lexical_richness,original,1,120,0.7404197183608948,0.725
terra56,lda_ledoit_wolf_shrinkage,without_lexical_richness,original,2,120,0.7538915867499604,0.7583333333333333
terra56,lda_ledoit_wolf_shrinkage,without_lexical_richness,paraphrase,pooled,331,0.6223298799055884,0.622356495468278
terra56,lda_ledoit_wolf_shrinkage,without_lexical_richness,paraphrase,0,105,0.5718507751937985,0.5714285714285714
terra56,lda_ledoit_wolf_shrinkage,without_lexical_richness,paraphrase,1,109,0.6254495124886866,0.6238532110091743
terra56,lda_ledoit_wolf_shrinkage,without_lexical_richness,paraphrase,2,117,0.6367047154531854,0.6666666666666666
terra56,lda_ledoit_wolf_shrinkage,without_lexical_richness,simplify,pooled,326,0.5678649658313856,0.5705521472392638
terra56,lda_ledoit_wolf_shrinkage,without_lexical_richness,simplify,0,104,0.4611959007276345,0.49038461538461536
terra56,lda_ledoit_wolf_shrinkage,without_lexical_richness,simplify,1,109,0.5975226764700449,0.6055045871559633
terra56,lda_ledoit_wolf_shrinkage,without_lexical_richness,simplify,2,113,0.5919534050179212,0.6106194690265486
terra56,lda_ledoit_wolf_shrinkage,without_punctuation,modernize,pooled,331,0.5856544255915325,0.5800604229607251
terra56,lda_ledoit_wolf_shrinkage,without_punctuation,modernize,0,108,0.4860376121862225,0.5185185185185185
terra56,lda_ledoit_wolf_shrinkage,without_punctuation,modernize,1,109,0.5888138763106671,0.5779816513761468
terra56,lda_ledoit_wolf_shrinkage,without_punctuation,modernize,2,114,0.6178961164910263,0.6403508771929824
terra56,lda_ledoit_wolf_shrinkage,without_punctuation,original,pooled,360,0.7032168039081808,0.7
terra56,lda_ledoit_wolf_shrinkage,without_punctuation,original,0,120,0.6319787775580458,0.6416666666666667
terra56,lda_ledoit_wolf_shrinkage,without_punctuation,original,1,120,0.7333284761774465,0.7166666666666667
terra56,lda_ledoit_wolf_shrinkage,without_punctuation,original,2,120,0.7337154145999364,0.7416666666666667
terra56,lda_ledoit_wolf_shrinkage,without_punctuation,paraphrase,pooled,331,0.6016329753398719,0.5981873111782477
terra56,lda_ledoit_wolf_shrinkage,without_punctuation,paraphrase,0,105,0.5577154077154077,0.5523809523809524
terra56,lda_ledoit_wolf_shrinkage,without_punctuation,paraphrase,1,109,0.6263448993049373,0.6146788990825688
terra56,lda_ledoit_wolf_shrinkage,without_punctuation,paraphrase,2,117,0.5900612215392131,0.6239316239316239
terra56,lda_ledoit_wolf_shrinkage,without_punctuation,simplify,pooled,326,0.5506699480448455,0.549079754601227
terra56,lda_ledoit_wolf_shrinkage,without_punctuation,simplify,0,104,0.4556298388486057,0.4807692307692308
terra56,lda_ledoit_wolf_shrinkage,without_punctuation,simplify,1,109,0.5440011063695275,0.5504587155963303
terra56,lda_ledoit_wolf_shrinkage,without_punctuation,simplify,2,113,0.5883034801455854,0.6106194690265486
terra56,lda_ledoit_wolf_shrinkage,without_register_marker,modernize,pooled,331,0.604969980878515,0.6072507552870091
terra56,lda_ledoit_wolf_shrinkage,without_register_marker,modernize,0,108,0.512612273578496,0.5370370370370371
terra56,lda_ledoit_wolf_shrinkage,without_register_marker,modernize,1,109,0.6279999658047476,0.6330275229357798
terra56,lda_ledoit_wolf_shrinkage,without_register_marker,modernize,2,114,0.6178596307906653,0.6491228070175439
terra56,lda_ledoit_wolf_shrinkage,without_register_marker,original,pooled,360,0.7170558145967982,0.7138888888888889
terra56,lda_ledoit_wolf_shrinkage,without_register_marker,original,0,120,0.6934137327234665,0.7
terra56,lda_ledoit_wolf_shrinkage,without_register_marker,original,1,120,0.713349816703229,0.7
terra56,lda_ledoit_wolf_shrinkage,without_register_marker,original,2,120,0.7389130518064428,0.7416666666666667
terra56,lda_ledoit_wolf_shrinkage,without_register_marker,paraphrase,pooled,331,0.6102690211200031,0.6132930513595166
terra56,lda_ledoit_wolf_shrinkage,without_register_marker,paraphrase,0,105,0.5679893249476283,0.5714285714285714
terra56,lda_ledoit_wolf_shrinkage,without_register_marker,paraphrase,1,109,0.6490236506201595,0.6513761467889908
terra56,lda_ledoit_wolf_shrinkage,without_register_marker,paraphrase,2,117,0.5787183683525147,0.6153846153846154
terra56,lda_ledoit_wolf_shrinkage,without_register_marker,simplify,pooled,326,0.5622047683310404,0.5644171779141104
terra56,lda_ledoit_wolf_shrinkage,without_register_marker,simplify,0,104,0.4541581602831049,0.4807692307692308
terra56,lda_ledoit_wolf_shrinkage,without_register_marker,simplify,1,109,0.5811431732484365,0.5871559633027523
terra56,lda_ledoit_wolf_shrinkage,without_register_marker,simplify,2,113,0.5868996260122704,0.6194690265486725
terra56,nearest_centroid,full,modernize,pooled,331,0.533622542113308,0.5317220543806647
terra56,nearest_centroid,full,modernize,0,108,0.4912155477372868,0.5185185185185185
terra56,nearest_centroid,full,modernize,1,109,0.4883444028948299,0.4954128440366973
terra56,nearest_centroid,full,modernize,2,114,0.5377862179748972,0.5789473684210527
terra56,nearest_centroid,full,original,pooled,360,0.6349380989380989,0.6361111111111111
terra56,nearest_centroid,full,original,0,120,0.5749398426953134,0.5916666666666667
terra56,nearest_centroid,full,original,1,120,0.6526537037860324,0.6333333333333333
terra56,nearest_centroid,full,original,2,120,0.6629114030328864,0.6833333333333333
terra56,nearest_centroid,full,paraphrase,pooled,331,0.5605043481261093,0.5589123867069486
terra56,nearest_centroid,full,paraphrase,0,105,0.5223130955889577,0.5238095238095238
terra56,nearest_centroid,full,paraphrase,1,109,0.5764384087720731,0.5688073394495413
terra56,nearest_centroid,full,paraphrase,2,117,0.5375522667284681,0.5811965811965812
terra56,nearest_centroid,full,simplify,pooled,326,0.4631879394242196,0.4785276073619632
terra56,nearest_centroid,full,simplify,0,104,0.35745300826436727,0.41346153846153844
terra56,nearest_centroid,full,simplify,1,109,0.437089046694958,0.44954128440366975
terra56,nearest_centroid,full,simplify,2,113,0.532874113182643,0.5663716814159292
terra56,nearest_centroid,without_char3,modernize,pooled,331,0.4776081413540659,0.48036253776435045
terra56,nearest_centroid,without_char3,modernize,0,108,0.4290889656390298,0.4537037037037037
terra56,nearest_centroid,without_char3,modernize,1,109,0.42519740210741913,0.44954128440366975
terra56,nearest_centroid,without_char3,modernize,2,114,0.48707689493401846,0.5350877192982456
terra56,nearest_centroid,without_char3,original,pooled,360,0.5831137627074648,0.5805555555555556
terra56,nearest_centroid,without_char3,original,0,120,0.5859946579054528,0.6
terra56,nearest_centroid,without_char3,original,1,120,0.6054682419290812,0.6
terra56,nearest_centroid,without_char3,original,2,120,0.527926322043969,0.5416666666666666
terra56,nearest_centroid,without_char3,paraphrase,pooled,331,0.48825926607323167,0.49244712990936557
terra56,nearest_centroid,without_char3,paraphrase,0,105,0.47738886072219405,0.47619047619047616
terra56,nearest_centroid,without_char3,paraphrase,1,109,0.5084136330117331,0.5229357798165137
terra56,nearest_centroid,without_char3,paraphrase,2,117,0.4396761964349987,0.47863247863247865
terra56,nearest_centroid,without_char3,simplify,pooled,326,0.4725881894995867,0.4785276073619632
terra56,nearest_centroid,without_char3,simplify,0,104,0.37990674570230537,0.40384615384615385
terra56,nearest_centroid,without_char3,simplify,1,109,0.45474026001092066,0.46788990825688076
terra56,nearest_centroid,without_char3,simplify,2,113,0.513916342218229,0.5575221238938053
terra56,nearest_centroid,without_function_word,modernize,pooled,331,0.5047571362907145,0.5105740181268882
terra56,nearest_centroid,without_function_word,modernize,0,108,0.4494248499607189,0.48148148148148145
terra56,nearest_centroid,without_function_word,modernize,1,109,0.4839480072038212,0.5045871559633027
terra56,nearest_centroid,without_function_word,modernize,2,114,0.49662843592721645,0.543859649122807
terra56,nearest_centroid,without_function_word,original,pooled,360,0.6044559102075678,0.6055555555555555
terra56,nearest_centroid,without_function_word,original,0,120,0.583134553436192,0.6
terra56,nearest_centroid,without_function_word,original,1,120,0.5891175578985907,0.575
terra56,nearest_centroid,without_function_word,original,2,120,0.6158090256304541,0.6416666666666667
terra56,nearest_centroid,without_function_word,paraphrase,pooled,331,0.5280923689562483,0.5287009063444109
terra56,nearest_centroid,without_function_word,paraphrase,0,105,0.5535110796783658,0.5523809523809524
terra56,nearest_centroid,without_function_word,paraphrase,1,109,0.5042489000628535,0.5137614678899083
terra56,nearest_centroid,without_function_word,paraphrase,2,117,0.47839587839587844,0.5213675213675214
terra56,nearest_centroid,without_function_word,simplify,pooled,326,0.4728139919444167,0.4785276073619632
terra56,nearest_centroid,without_function_word,simplify,0,104,0.40265752765752766,0.4423076923076923
terra56,nearest_centroid,without_function_word,simplify,1,109,0.4221393263946456,0.43119266055045874
terra56,nearest_centroid,without_function_word,simplify,2,113,0.539182552340447,0.5575221238938053
terra56,nearest_centroid,without_length_rhythm,modernize,pooled,331,0.5505930034877403,0.5498489425981873
terra56,nearest_centroid,without_length_rhythm,modernize,0,108,0.5068630261441168,0.5370370370370371
terra56,nearest_centroid,without_length_rhythm,modernize,1,109,0.523073544360116,0.5137614678899083
terra56,nearest_centroid,without_length_rhythm,modernize,2,114,0.5520233093859016,0.5964912280701754
terra56,nearest_centroid,without_length_rhythm,original,pooled,360,0.6379741772528408,0.6388888888888888
terra56,nearest_centroid,without_length_rhythm,original,0,120,0.5468432752842298,0.5666666666666667
terra56,nearest_centroid,without_length_rhythm,original,1,120,0.6582014614323336,0.6416666666666667
terra56,nearest_centroid,without_length_rhythm,original,2,120,0.6901193758119947,0.7083333333333334
terra56,nearest_centroid,without_length_rhythm,paraphrase,pooled,331,0.563983214219329,0.5649546827794562
terra56,nearest_centroid,without_length_rhythm,paraphrase,0,105,0.5221758343709563,0.5238095238095238
terra56,nearest_centroid,without_length_rhythm,paraphrase,1,109,0.5619987134214777,0.5504587155963303
terra56,nearest_centroid,without_length_rhythm,paraphrase,2,117,0.5590597511954598,0.6153846153846154
terra56,nearest_centroid,without_length_rhythm,simplify,pooled,326,0.4882725031058619,0.5030674846625767
terra56,nearest_centroid,without_length_rhythm,simplify,0,104,0.3836729504921725,0.4326923076923077
terra56,nearest_centroid,without_length_rhythm,simplify,1,109,0.4670333880678708,0.46788990825688076
terra56,nearest_centroid,without_length_rhythm,simplify,2,113,0.5670719337948223,0.6017699115044248
terra56,nearest_centroid,without_lexical_richness,modernize,pooled,331,0.5354442118865244,0.5317220543806647
terra56,nearest_centroid,without_lexical_richness,modernize,0,108,0.4791127764497485,0.5
terra56,nearest_centroid,without_lexical_richness,modernize,1,109,0.47449494949494947,0.48623853211009177
terra56,nearest_centroid,without_lexical_richness,modernize,2,114,0.5797386726791363,0.6052631578947368
terra56,nearest_centroid,without_lexical_richness,original,pooled,360,0.627805108098874,0.6305555555555555
terra56,nearest_centroid,without_lexical_richness,original,0,120,0.5478986413269984,0.5666666666666667
terra56,nearest_centroid,without_lexical_richness,original,1,120,0.6589678899276422,0.6416666666666667
terra56,nearest_centroid,without_lexical_richness,original,2,120,0.6534335551726856,0.6833333333333333
terra56,nearest_centroid,without_lexical_richness,paraphrase,pooled,331,0.5623552485727039,0.5589123867069486
terra56,nearest_centroid,without_lexical_richness,paraphrase,0,105,0.515016465016465,0.5142857142857142
terra56,nearest_centroid,without_lexical_richness,paraphrase,1,109,0.5462920298191617,0.5412844036697247
terra56,nearest_centroid,without_lexical_richness,paraphrase,2,117,0.5891391114795369,0.6153846153846154
terra56,nearest_centroid,without_lexical_richness,simplify,pooled,326,0.4889560634742838,0.4938650306748466
terra56,nearest_centroid,without_lexical_richness,simplify,0,104,0.40807045131200326,0.4326923076923077
terra56,nearest_centroid,without_lexical_richness,simplify,1,109,0.460420251255097,0.45871559633027525
terra56,nearest_centroid,without_lexical_richness,simplify,2,113,0.5580814354727398,0.584070796460177
terra56,nearest_centroid,without_punctuation,modernize,pooled,331,0.5123696474211937,0.5105740181268882
terra56,nearest_centroid,without_punctuation,modernize,0,108,0.4575198363816249,0.49074074074074076
terra56,nearest_centroid,without_punctuation,modernize,1,109,0.47509309861198434,0.47706422018348627
terra56,nearest_centroid,without_punctuation,modernize,2,114,0.5145586206424508,0.5614035087719298
terra56,nearest_centroid,without_punctuation,original,pooled,360,0.5861023117674907,0.5888888888888889
terra56,nearest_centroid,without_punctuation,original,0,120,0.5156942730472142,0.5416666666666666
terra56,nearest_centroid,without_punctuation,original,1,120,0.6220189681286546,0.6
terra56,nearest_centroid,without_punctuation,original,2,120,0.6002284005389594,0.625
terra56,nearest_centroid,without_punctuation,paraphrase,pooled,331,0.5307265030669286,0.5287009063444109
terra56,nearest_centroid,without_punctuation,paraphrase,0,105,0.47689933523266864,0.47619047619047616
terra56,nearest_centroid,without_punctuation,paraphrase,1,109,0.5328930328930329,0.5229357798165137
terra56,nearest_centroid,without_punctuation,paraphrase,2,117,0.5250128104294771,0.5811965811965812
terra56,nearest_centroid,without_punctuation,simplify,pooled,326,0.45351800963513544,0.4570552147239264
terra56,nearest_centroid,without_punctuation,simplify,0,104,0.3352247458070527,0.3942307692307692
terra56,nearest_centroid,without_punctuation,simplify,1,109,0.4163865037178381,0.42201834862385323
terra56,nearest_centroid,without_punctuation,simplify,2,113,0.5312462377679769,0.5486725663716814
terra56,nearest_centroid,without_register_marker,modernize,pooled,331,0.5308965811122777,0.5287009063444109
terra56,nearest_centroid,without_register_marker,modernize,0,108,0.48432971725654655,0.5092592592592593
terra56,nearest_centroid,without_register_marker,modernize,1,109,0.4750990913146432,0.48623853211009177
terra56,nearest_centroid,without_register_marker,modernize,2,114,0.5482444493570416,0.5877192982456141
terra56,nearest_centroid,without_register_marker,original,pooled,360,0.6173431332666968,0.6166666666666667
terra56,nearest_centroid,without_register_marker,original,0,120,0.5504758526358848,0.5666666666666667
terra56,nearest_centroid,without_register_marker,original,1,120,0.6276565079639213,0.6083333333333333
terra56,nearest_centroid,without_register_marker,original,2,120,0.6562711204566992,0.675
terra56,nearest_centroid,without_register_marker,paraphrase,pooled,331,0.5720225680601594,0.5709969788519638
terra56,nearest_centroid,without_register_marker,paraphrase,0,105,0.5324799001106009,0.5333333333333333
terra56,nearest_centroid,without_register_marker,paraphrase,1,109,0.5748380978007738,0.5688073394495413
terra56,nearest_centroid,without_register_marker,paraphrase,2,117,0.5675167290911786,0.6068376068376068
terra56,nearest_centroid,without_register_marker,simplify,pooled,326,0.4676746545162922,0.4815950920245399
terra56,nearest_centroid,without_register_marker,simplify,0,104,0.3537588772882891,0.41346153846153844
terra56,nearest_centroid,without_register_marker,simplify,1,109,0.4237345612907832,0.44036697247706424
terra56,nearest_centroid,without_register_marker,simplify,2,113,0.554968064359309,0.584070796460177
astra_session,gaussian_nb,full,modernize,pooled,360,0.44842639028222386,0.4388888888888889
astra_session,gaussian_nb,full,modernize,0,120,0.44610908947302225,0.45
astra_session,gaussian_nb,full,modernize,1,120,0.4081401865783247,0.4
astra_session,gaussian_nb,full,modernize,2,120,0.4716239316239316,0.4666666666666667
astra_session,gaussian_nb,full,original,pooled,360,0.5722037811950781,0.5666666666666667
astra_session,gaussian_nb,full,original,0,120,0.5785233285233286,0.5833333333333334
astra_session,gaussian_nb,full,original,1,120,0.5832490886254327,0.5583333333333333
astra_session,gaussian_nb,full,original,2,120,0.5355575633095012,0.5583333333333333
astra_session,gaussian_nb,full,paraphrase,pooled,360,0.4697623632829453,0.4638888888888889
astra_session,gaussian_nb,full,paraphrase,0,120,0.4328650833552794,0.45
astra_session,gaussian_nb,full,paraphrase,1,120,0.514353908022094,0.5166666666666667
astra_session,gaussian_nb,full,paraphrase,2,120,0.39330759330759335,0.425
astra_session,gaussian_nb,full,simplify,pooled,360,0.41169646780587393,0.4111111111111111
astra_session,gaussian_nb,full,simplify,0,120,0.3950565594724773,0.425
astra_session,gaussian_nb,full,simplify,1,120,0.3784597554604922,0.375
astra_session,gaussian_nb,full,simplify,2,120,0.4258931669145735,0.43333333333333335
astra_session,gaussian_nb,without_char3,modernize,pooled,360,0.3955450123776208,0.39166666666666666
astra_session,gaussian_nb,without_char3,modernize,0,120,0.4061841812052072,0.425
astra_session,gaussian_nb,without_char3,modernize,1,120,0.390050181091602,0.39166666666666666
astra_session,gaussian_nb,without_char3,modernize,2,120,0.35597939080609886,0.35833333333333334
astra_session,gaussian_nb,without_char3,original,pooled,360,0.4888808170230901,0.4861111111111111
astra_session,gaussian_nb,without_char3,original,0,120,0.5569401048124452,0.5666666666666667
astra_session,gaussian_nb,without_char3,original,1,120,0.5259785734828876,0.5166666666666667
astra_session,gaussian_nb,without_char3,original,2,120,0.3560958187685019,0.375
astra_session,gaussian_nb,without_char3,paraphrase,pooled,360,0.4424882062738222,0.44166666666666665
astra_session,gaussian_nb,without_char3,paraphrase,0,120,0.39266378471975144,0.425
astra_session,gaussian_nb,without_char3,paraphrase,1,120,0.4796072262738929,0.49166666666666664
astra_session,gaussian_nb,without_char3,paraphrase,2,120,0.38957627213441165,0.4083333333333333
astra_session,gaussian_nb,without_char3,simplify,pooled,360,0.3930815886110004,0.3888888888888889
astra_session,gaussian_nb,without_char3,simplify,0,120,0.4150897503484414,0.425
astra_session,gaussian_nb,without_char3,simplify,1,120,0.38653887250160546,0.375
astra_session,gaussian_nb,without_char3,simplify,2,120,0.3635828441812546,0.36666666666666664
astra_session,gaussian_nb,without_function_word,modernize,pooled,360,0.4198301110922937,0.41388888888888886
astra_session,gaussian_nb,without_function_word,modernize,0,120,0.4195047830452936,0.43333333333333335
astra_session,gaussian_nb,without_function_word,modernize,1,120,0.38390859124517435,0.39166666666666666
astra_session,gaussian_nb,without_function_word,modernize,2,120,0.4137555376760634,0.4166666666666667
astra_session,gaussian_nb,without_function_word,original,pooled,360,0.5267102678552261,0.5305555555555556
astra_session,gaussian_nb,without_function_word,original,0,120,0.5421367320592126,0.5583333333333333
astra_session,gaussian_nb,without_function_word,original,1,120,0.5140566554563413,0.5166666666666667
astra_session,gaussian_nb,without_function_word,original,2,120,0.49011343216531894,0.5166666666666667
astra_session,gaussian_nb,without_function_word,paraphrase,pooled,360,0.4294828638792252,0.425
astra_session,gaussian_nb,without_function_word,paraphrase,0,120,0.42706557976423043,0.45
astra_session,gaussian_nb,without_function_word,paraphrase,1,120,0.425839914738572,0.44166666666666665
astra_session,gaussian_nb,without_function_word,paraphrase,2,120,0.3631463541304885,0.38333333333333336
astra_session,gaussian_nb,without_function_word,simplify,pooled,360,0.37416812581203657,0.36944444444444446
astra_session,gaussian_nb,without_function_word,simplify,0,120,0.34894516066842046,0.375
astra_session,gaussian_nb,without_function_word,simplify,1,120,0.2963068967621007,0.30833333333333335
astra_session,gaussian_nb,without_function_word,simplify,2,120,0.427786055687475,0.425
astra_session,gaussian_nb,without_length_rhythm,modernize,pooled,360,0.45168228224566337,0.4444444444444444
astra_session,gaussian_nb,without_length_rhythm,modernize,0,120,0.4494616846287353,0.4583333333333333
astra_session,gaussian_nb,without_length_rhythm,modernize,1,120,0.409165197158224,0.4
astra_session,gaussian_nb,without_length_rhythm,modernize,2,120,0.4667306010404322,0.475
astra_session,gaussian_nb,without_length_rhythm,original,pooled,360,0.5856094291836152,0.5777777777777777
astra_session,gaussian_nb,without_length_rhythm,original,0,120,0.5668344016558302,0.575
astra_session,gaussian_nb,without_length_rhythm,original,1,120,0.6108985426058596,0.5833333333333334
astra_session,gaussian_nb,without_length_rhythm,original,2,120,0.5469088458711099,0.575
astra_session,gaussian_nb,without_length_rhythm,paraphrase,pooled,360,0.47666270272699557,0.46944444444444444
astra_session,gaussian_nb,without_length_rhythm,paraphrase,0,120,0.44181431783922703,0.4583333333333333
astra_session,gaussian_nb,without_length_rhythm,paraphrase,1,120,0.485589230600262,0.48333333333333334
astra_session,gaussian_nb,without_length_rhythm,paraphrase,2,120,0.4252275220263025,0.4666666666666667
astra_session,gaussian_nb,without_length_rhythm,simplify,pooled,360,0.43326819041081005,0.43333333333333335
astra_session,gaussian_nb,without_length_rhythm,simplify,0,120,0.4313687547358485,0.4583333333333333
astra_session,gaussian_nb,without_length_rhythm,simplify,1,120,0.39256327171928196,0.38333333333333336
astra_session,gaussian_nb,without_length_rhythm,simplify,2,120,0.43878588241333344,0.4583333333333333
astra_session,gaussian_nb,without_lexical_richness,modernize,pooled,360,0.43654010162660456,0.42777777777777776
astra_session,gaussian_nb,without_lexical_richness,modernize,0,120,0.44270965962142433,0.45
astra_session,gaussian_nb,without_lexical_richness,modernize,1,120,0.41091284189558763,0.4
astra_session,gaussian_nb,without_lexical_richness,modernize,2,120,0.4386501696543493,0.43333333333333335
astra_session,gaussian_nb,without_lexical_richness,original,pooled,360,0.5768665255778934,0.5722222222222222
astra_session,gaussian_nb,without_lexical_richness,original,0,120,0.5943285887675163,0.6
astra_session,gaussian_nb,without_lexical_richness,original,1,120,0.6025295868243162,0.575
astra_session,gaussian_nb,without_lexical_richness,original,2,120,0.5092005525338857,0.5416666666666666
astra_session,gaussian_nb,without_lexical_richness,paraphrase,pooled,360,0.5053386160289358,0.5
astra_session,gaussian_nb,without_lexical_richness,paraphrase,0,120,0.49518960092730585,0.5
astra_session,gaussian_nb,without_lexical_richness,paraphrase,1,120,0.5595586993772478,0.55
astra_session,gaussian_nb,without_lexical_richness,paraphrase,2,120,0.4210451762020533,0.45
astra_session,gaussian_nb,without_lexical_richness,simplify,pooled,360,0.432791719558039,0.4305555555555556
astra_session,gaussian_nb,without_lexical_richness,simplify,0,120,0.4541107785683131,0.48333333333333334
astra_session,gaussian_nb,without_lexical_richness,simplify,1,120,0.43226410934744264,0.4166666666666667
astra_session,gaussian_nb,without_lexical_richness,simplify,2,120,0.4008930814631049,0.39166666666666666
astra_session,gaussian_nb,without_punctuation,modernize,pooled,360,0.45385434306150435,0.45
astra_session,gaussian_nb,without_punctuation,modernize,0,120,0.4405749754277675,0.4666666666666667
astra_session,gaussian_nb,without_punctuation,modernize,1,120,0.42148074064410973,0.4083333333333333
astra_session,gaussian_nb,without_punctuation,modernize,2,120,0.459469513674634,0.475
astra_session,gaussian_nb,without_punctuation,original,pooled,360,0.5852129490035858,0.5833333333333334
astra_session,gaussian_nb,without_punctuation,original,0,120,0.5573704560546667,0.575
astra_session,gaussian_nb,without_punctuation,original,1,120,0.566845759613911,0.5416666666666666
astra_session,gaussian_nb,without_punctuation,original,2,120,0.60856779205421,0.6333333333333333
astra_session,gaussian_nb,without_punctuation,paraphrase,pooled,360,0.4893118520816244,0.4888888888888889
astra_session,gaussian_nb,without_punctuation,paraphrase,0,120,0.49001303698933324,0.5083333333333333
astra_session,gaussian_nb,without_punctuation,paraphrase,1,120,0.4722131276753125,0.48333333333333334
astra_session,gaussian_nb,without_punctuation,paraphrase,2,120,0.42498405108276643,0.475
astra_session,gaussian_nb,without_punctuation,simplify,pooled,360,0.41349205600515604,0.4222222222222222
astra_session,gaussian_nb,without_punctuation,simplify,0,120,0.36410501569820647,0.4083333333333333
astra_session,gaussian_nb,without_punctuation,simplify,1,120,0.39436234263820463,0.39166666666666666
astra_session,gaussian_nb,without_punctuation,simplify,2,120,0.44412507046915645,0.4666666666666667
astra_session,gaussian_nb,without_register_marker,modernize,pooled,360,0.43158632846087414,0.4222222222222222
astra_session,gaussian_nb,without_register_marker,modernize,0,120,0.4668922774444291,0.475
astra_session,gaussian_nb,without_register_marker,modernize,1,120,0.3597063852579751,0.36666666666666664
astra_session,gaussian_nb,without_register_marker,modernize,2,120,0.4110702456230912,0.425
astra_session,gaussian_nb,without_register_marker,original,pooled,360,0.5677011120992507,0.5611111111111111
astra_session,gaussian_nb,without_register_marker,original,0,120,0.548359411104509,0.5583333333333333
astra_session,gaussian_nb,without_register_marker,original,1,120,0.5771277202589773,0.55
astra_session,gaussian_nb,without_register_marker,original,2,120,0.5554435884586844,0.575
astra_session,gaussian_nb,without_register_marker,paraphrase,pooled,360,0.4591194992613121,0.45
astra_session,gaussian_nb,without_register_marker,paraphrase,0,120,0.45005689097344365,0.4666666666666667
astra_session,gaussian_nb,without_register_marker,paraphrase,1,120,0.46758246100963846,0.4666666666666667
astra_session,gaussian_nb,without_register_marker,paraphrase,2,120,0.38609815516105633,0.4166666666666667
astra_session,gaussian_nb,without_register_marker,simplify,pooled,360,0.4098877091923496,0.4111111111111111
astra_session,gaussian_nb,without_register_marker,simplify,0,120,0.40280960732573634,0.425
astra_session,gaussian_nb,without_register_marker,simplify,1,120,0.36417452649336707,0.36666666666666664
astra_session,gaussian_nb,without_register_marker,simplify,2,120,0.41902964084184396,0.44166666666666665
astra_session,lda_ledoit_wolf_shrinkage,full,modernize,pooled,360,0.49522638974939875,0.49166666666666664
astra_session,lda_ledoit_wolf_shrinkage,full,modernize,0,120,0.4999382561882562,0.5083333333333333
astra_session,lda_ledoit_wolf_shrinkage,full,modernize,1,120,0.45957474371504475,0.5
astra_session,lda_ledoit_wolf_shrinkage,full,modernize,2,120,0.44759394496300237,0.4666666666666667
astra_session,lda_ledoit_wolf_shrinkage,full,original,pooled,360,0.72218054102773,0.7194444444444444
astra_session,lda_ledoit_wolf_shrinkage,full,original,0,120,0.6650527738026814,0.675
astra_session,lda_ledoit_wolf_shrinkage,full,original,1,120,0.7380014392892332,0.725
astra_session,lda_ledoit_wolf_shrinkage,full,original,2,120,0.7535218131969902,0.7583333333333333
astra_session,lda_ledoit_wolf_shrinkage,full,paraphrase,pooled,360,0.5736800721297132,0.5722222222222222
astra_session,lda_ledoit_wolf_shrinkage,full,paraphrase,0,120,0.5661849778781755,0.5666666666666667
astra_session,lda_ledoit_wolf_shrinkage,full,paraphrase,1,120,0.5591267834528425,0.5833333333333334
astra_session,lda_ledoit_wolf_shrinkage,full,paraphrase,2,120,0.5162768071222719,0.5666666666666667
astra_session,lda_ledoit_wolf_shrinkage,full,simplify,pooled,360,0.4443330751632708,0.4444444444444444
astra_session,lda_ledoit_wolf_shrinkage,full,simplify,0,120,0.4459363355396187,0.475
astra_session,lda_ledoit_wolf_shrinkage,full,simplify,1,120,0.4143986643986644,0.45
astra_session,lda_ledoit_wolf_shrinkage,full,simplify,2,120,0.39424522328701306,0.4083333333333333
astra_session,lda_ledoit_wolf_shrinkage,without_char3,modernize,pooled,360,0.40155087034548526,0.4111111111111111
astra_session,lda_ledoit_wolf_shrinkage,without_char3,modernize,0,120,0.3045954941116231,0.35
astra_session,lda_ledoit_wolf_shrinkage,without_char3,modernize,1,120,0.40660019121606555,0.43333333333333335
astra_session,lda_ledoit_wolf_shrinkage,without_char3,modernize,2,120,0.421273698990104,0.45
astra_session,lda_ledoit_wolf_shrinkage,without_char3,original,pooled,360,0.6750571635761284,0.675
astra_session,lda_ledoit_wolf_shrinkage,without_char3,original,0,120,0.6529072336246653,0.6666666666666666
astra_session,lda_ledoit_wolf_shrinkage,without_char3,original,1,120,0.7081700572661837,0.7
astra_session,lda_ledoit_wolf_shrinkage,without_char3,original,2,120,0.6479545853686483,0.6583333333333333
astra_session,lda_ledoit_wolf_shrinkage,without_char3,paraphrase,pooled,360,0.5140041408187891,0.5111111111111111
astra_session,lda_ledoit_wolf_shrinkage,without_char3,paraphrase,0,120,0.4770228031158567,0.5
astra_session,lda_ledoit_wolf_shrinkage,without_char3,paraphrase,1,120,0.5627370988672359,0.575
astra_session,lda_ledoit_wolf_shrinkage,without_char3,paraphrase,2,120,0.4101641414141415,0.4583333333333333
astra_session,lda_ledoit_wolf_shrinkage,without_char3,simplify,pooled,360,0.3782907274105643,0.39444444444444443
astra_session,lda_ledoit_wolf_shrinkage,without_char3,simplify,0,120,0.3311377366358939,0.38333333333333336
astra_session,lda_ledoit_wolf_shrinkage,without_char3,simplify,1,120,0.4005255483836046,0.4166666666666667
astra_session,lda_ledoit_wolf_shrinkage,without_char3,simplify,2,120,0.3461283973479096,0.38333333333333336
astra_session,lda_ledoit_wolf_shrinkage,without_function_word,modernize,pooled,360,0.4652898320644879,0.46111111111111114
astra_session,lda_ledoit_wolf_shrinkage,without_function_word,modernize,0,120,0.4610449735449735,0.475
astra_session,lda_ledoit_wolf_shrinkage,without_function_word,modernize,1,120,0.43205580477192035,0.475
astra_session,lda_ledoit_wolf_shrinkage,without_function_word,modernize,2,120,0.4186803056409809,0.43333333333333335
astra_session,lda_ledoit_wolf_shrinkage,without_function_word,original,pooled,360,0.6670566959529333,0.6666666666666666
astra_session,lda_ledoit_wolf_shrinkage,without_function_word,original,0,120,0.5995473343626335,0.6166666666666667
astra_session,lda_ledoit_wolf_shrinkage,without_function_word,original,1,120,0.6879384901410073,0.675
astra_session,lda_ledoit_wolf_shrinkage,without_function_word,original,2,120,0.6978511737445373,0.7083333333333334
astra_session,lda_ledoit_wolf_shrinkage,without_function_word,paraphrase,pooled,360,0.559258716623702,0.5555555555555556
astra_session,lda_ledoit_wolf_shrinkage,without_function_word,paraphrase,0,120,0.5334755257441811,0.5333333333333333
astra_session,lda_ledoit_wolf_shrinkage,without_function_word,paraphrase,1,120,0.5513684554052453,0.575
astra_session,lda_ledoit_wolf_shrinkage,without_function_word,paraphrase,2,120,0.5151498886858413,0.5583333333333333
astra_session,lda_ledoit_wolf_shrinkage,without_function_word,simplify,pooled,360,0.4140200399019905,0.41944444444444445
astra_session,lda_ledoit_wolf_shrinkage,without_function_word,simplify,0,120,0.41285381285381284,0.4583333333333333
astra_session,lda_ledoit_wolf_shrinkage,without_function_word,simplify,1,120,0.4002989347816934,0.44166666666666665
astra_session,lda_ledoit_wolf_shrinkage,without_function_word,simplify,2,120,0.33552896014401107,0.35833333333333334
astra_session,lda_ledoit_wolf_shrinkage,without_length_rhythm,modernize,pooled,360,0.5006479982838519,0.5
astra_session,lda_ledoit_wolf_shrinkage,without_length_rhythm,modernize,0,120,0.4788160435714566,0.5
astra_session,lda_ledoit_wolf_shrinkage,without_length_rhythm,modernize,1,120,0.4689587728555851,0.5083333333333333
astra_session,lda_ledoit_wolf_shrinkage,without_length_rhythm,modernize,2,120,0.476570629300763,0.49166666666666664
astra_session,lda_ledoit_wolf_shrinkage,without_length_rhythm,original,pooled,360,0.7318859330406591,0.7305555555555555
astra_session,lda_ledoit_wolf_shrinkage,without_length_rhythm,original,0,120,0.6730274101057702,0.6833333333333333
astra_session,lda_ledoit_wolf_shrinkage,without_length_rhythm,original,1,120,0.7500544447362915,0.7416666666666667
astra_session,lda_ledoit_wolf_shrinkage,without_length_rhythm,original,2,120,0.7624211752135919,0.7666666666666667
astra_session,lda_ledoit_wolf_shrinkage,without_length_rhythm,paraphrase,pooled,360,0.5701619103435399,0.5722222222222222
astra_session,lda_ledoit_wolf_shrinkage,without_length_rhythm,paraphrase,0,120,0.5940419229892914,0.6
astra_session,lda_ledoit_wolf_shrinkage,without_length_rhythm,paraphrase,1,120,0.5772608536377223,0.5916666666666667
astra_session,lda_ledoit_wolf_shrinkage,without_length_rhythm,paraphrase,2,120,0.4601191046242439,0.525
astra_session,lda_ledoit_wolf_shrinkage,without_length_rhythm,simplify,pooled,360,0.45293330015785144,0.4666666666666667
astra_session,lda_ledoit_wolf_shrinkage,without_length_rhythm,simplify,0,120,0.4366564425387955,0.48333333333333334
astra_session,lda_ledoit_wolf_shrinkage,without_length_rhythm,simplify,1,120,0.44191847767429154,0.475
astra_session,lda_ledoit_wolf_shrinkage,without_length_rhythm,simplify,2,120,0.40069166559352315,0.44166666666666665
astra_session,lda_ledoit_wolf_shrinkage,without_lexical_richness,modernize,pooled,360,0.5155392883298796,0.5055555555555555
astra_session,lda_ledoit_wolf_shrinkage,without_lexical_richness,modernize,0,120,0.5274544685484377,0.5333333333333333
astra_session,lda_ledoit_wolf_shrinkage,without_lexical_richness,modernize,1,120,0.47322448633661446,0.5
astra_session,lda_ledoit_wolf_shrinkage,without_lexical_richness,modernize,2,120,0.47508015376436424,0.48333333333333334
astra_session,lda_ledoit_wolf_shrinkage,without_lexical_richness,original,pooled,360,0.7262572135113441,0.7222222222222222
astra_session,lda_ledoit_wolf_shrinkage,without_lexical_richness,original,0,120,0.6753859697211388,0.6833333333333333
astra_session,lda_ledoit_wolf_shrinkage,without_lexical_richness,original,1,120,0.7404197183608948,0.725
astra_session,lda_ledoit_wolf_shrinkage,without_lexical_richness,original,2,120,0.7538915867499604,0.7583333333333333
astra_session,lda_ledoit_wolf_shrinkage,without_lexical_richness,paraphrase,pooled,360,0.5911021810099725,0.5888888888888889
astra_session,lda_ledoit_wolf_shrinkage,without_lexical_richness,paraphrase,0,120,0.6020483025746183,0.6083333333333333
astra_session,lda_ledoit_wolf_shrinkage,without_lexical_richness,paraphrase,1,120,0.5892126089608744,0.6
astra_session,lda_ledoit_wolf_shrinkage,without_lexical_richness,paraphrase,2,120,0.5108877597341909,0.5583333333333333
astra_session,lda_ledoit_wolf_shrinkage,without_lexical_richness,simplify,pooled,360,0.45658458514685335,0.4583333333333333
astra_session,lda_ledoit_wolf_shrinkage,without_lexical_richness,simplify,0,120,0.44176168987152287,0.475
astra_session,lda_ledoit_wolf_shrinkage,without_lexical_richness,simplify,1,120,0.461291528682833,0.49166666666666664
astra_session,lda_ledoit_wolf_shrinkage,without_lexical_richness,simplify,2,120,0.3980915891260719,0.4083333333333333
astra_session,lda_ledoit_wolf_shrinkage,without_punctuation,modernize,pooled,360,0.4954853623740582,0.49166666666666664
astra_session,lda_ledoit_wolf_shrinkage,without_punctuation,modernize,0,120,0.4812502590888364,0.5
astra_session,lda_ledoit_wolf_shrinkage,without_punctuation,modernize,1,120,0.46000167304515127,0.49166666666666664
astra_session,lda_ledoit_wolf_shrinkage,without_punctuation,modernize,2,120,0.4609514213599461,0.48333333333333334
astra_session,lda_ledoit_wolf_shrinkage,without_punctuation,original,pooled,360,0.7032168039081808,0.7
astra_session,lda_ledoit_wolf_shrinkage,without_punctuation,original,0,120,0.6319787775580458,0.6416666666666667
astra_session,lda_ledoit_wolf_shrinkage,without_punctuation,original,1,120,0.7333284761774465,0.7166666666666667
astra_session,lda_ledoit_wolf_shrinkage,without_punctuation,original,2,120,0.7337154145999364,0.7416666666666667
astra_session,lda_ledoit_wolf_shrinkage,without_punctuation,paraphrase,pooled,360,0.5521031609524902,0.5555555555555556
astra_session,lda_ledoit_wolf_shrinkage,without_punctuation,paraphrase,0,120,0.5606437966462177,0.5583333333333333
astra_session,lda_ledoit_wolf_shrinkage,without_punctuation,paraphrase,1,120,0.5115167990470654,0.55
astra_session,lda_ledoit_wolf_shrinkage,without_punctuation,paraphrase,2,120,0.4980299448384555,0.5583333333333333
astra_session,lda_ledoit_wolf_shrinkage,without_punctuation,simplify,pooled,360,0.47151455660193137,0.475
astra_session,lda_ledoit_wolf_shrinkage,without_punctuation,simplify,0,120,0.48181693285976596,0.525
astra_session,lda_ledoit_wolf_shrinkage,without_punctuation,simplify,1,120,0.4228692490887613,0.45
astra_session,lda_ledoit_wolf_shrinkage,without_punctuation,simplify,2,120,0.4184993640155817,0.45
astra_session,lda_ledoit_wolf_shrinkage,without_register_marker,modernize,pooled,360,0.48498185102419344,0.48333333333333334
astra_session,lda_ledoit_wolf_shrinkage,without_register_marker,modernize,0,120,0.4790929171686861,0.49166666666666664
astra_session,lda_ledoit_wolf_shrinkage,without_register_marker,modernize,1,120,0.45232456361830703,0.49166666666666664
astra_session,lda_ledoit_wolf_shrinkage,without_register_marker,modernize,2,120,0.4404666790504714,0.4666666666666667
astra_session,lda_ledoit_wolf_shrinkage,without_register_marker,original,pooled,360,0.7170558145967982,0.7138888888888889
astra_session,lda_ledoit_wolf_shrinkage,without_register_marker,original,0,120,0.6934137327234665,0.7
astra_session,lda_ledoit_wolf_shrinkage,without_register_marker,original,1,120,0.713349816703229,0.7
astra_session,lda_ledoit_wolf_shrinkage,without_register_marker,original,2,120,0.7389130518064428,0.7416666666666667
astra_session,lda_ledoit_wolf_shrinkage,without_register_marker,paraphrase,pooled,360,0.5670136914966025,0.5666666666666667
astra_session,lda_ledoit_wolf_shrinkage,without_register_marker,paraphrase,0,120,0.5511939060750606,0.55
astra_session,lda_ledoit_wolf_shrinkage,without_register_marker,paraphrase,1,120,0.5666438824333561,0.5916666666666667
astra_session,lda_ledoit_wolf_shrinkage,without_register_marker,paraphrase,2,120,0.5073855578267343,0.5583333333333333
astra_session,lda_ledoit_wolf_shrinkage,without_register_marker,simplify,pooled,360,0.44597956839136227,0.44722222222222224
astra_session,lda_ledoit_wolf_shrinkage,without_register_marker,simplify,0,120,0.43083027646363603,0.4583333333333333
astra_session,lda_ledoit_wolf_shrinkage,without_register_marker,simplify,1,120,0.41535676535676536,0.45
astra_session,lda_ledoit_wolf_shrinkage,without_register_marker,simplify,2,120,0.4146598903345529,0.43333333333333335
astra_session,nearest_centroid,full,modernize,pooled,360,0.45608007774742804,0.45
astra_session,nearest_centroid,full,modernize,0,120,0.4415592276484645,0.4583333333333333
astra_session,nearest_centroid,full,modernize,1,120,0.41429057829934485,0.43333333333333335
astra_session,nearest_centroid,full,modernize,2,120,0.4234222625526973,0.4583333333333333
astra_session,nearest_centroid,full,original,pooled,360,0.6349380989380989,0.6361111111111111
astra_session,nearest_centroid,full,original,0,120,0.5749398426953134,0.5916666666666667
astra_session,nearest_centroid,full,original,1,120,0.6526537037860324,0.6333333333333333
astra_session,nearest_centroid,full,original,2,120,0.6629114030328864,0.6833333333333333
astra_session,nearest_centroid,full,paraphrase,pooled,360,0.489385367924164,0.48333333333333334
astra_session,nearest_centroid,full,paraphrase,0,120,0.4921035686401676,0.48333333333333334
astra_session,nearest_centroid,full,paraphrase,1,120,0.4424543397235623,0.4583333333333333
astra_session,nearest_centroid,full,paraphrase,2,120,0.45034562864751543,0.5083333333333333
astra_session,nearest_centroid,full,simplify,pooled,360,0.4144793456060878,0.41388888888888886
astra_session,nearest_centroid,full,simplify,0,120,0.3704640140844302,0.425
astra_session,nearest_centroid,full,simplify,1,120,0.3717854024355703,0.38333333333333336
astra_session,nearest_centroid,full,simplify,2,120,0.41424714992930883,0.43333333333333335
astra_session,nearest_centroid,without_char3,modernize,pooled,360,0.4016770404762868,0.4
astra_session,nearest_centroid,without_char3,modernize,0,120,0.32141103331542903,0.35833333333333334
astra_session,nearest_centroid,without_char3,modernize,1,120,0.4086028665651953,0.43333333333333335
astra_session,nearest_centroid,without_char3,modernize,2,120,0.37434240439245997,0.4083333333333333
astra_session,nearest_centroid,without_char3,original,pooled,360,0.5831137627074648,0.5805555555555556
astra_session,nearest_centroid,without_char3,original,0,120,0.5859946579054528,0.6
astra_session,nearest_centroid,without_char3,original,1,120,0.6054682419290812,0.6
astra_session,nearest_centroid,without_char3,original,2,120,0.527926322043969,0.5416666666666666
astra_session,nearest_centroid,without_char3,paraphrase,pooled,360,0.45192795229344934,0.45
astra_session,nearest_centroid,without_char3,paraphrase,0,120,0.4003886731523179,0.43333333333333335
astra_session,nearest_centroid,without_char3,paraphrase,1,120,0.4434744268077601,0.4666666666666667
astra_session,nearest_centroid,without_char3,paraphrase,2,120,0.4067460317460318,0.45
astra_session,nearest_centroid,without_char3,simplify,pooled,360,0.36912467839008345,0.3638888888888889
astra_session,nearest_centroid,without_char3,simplify,0,120,0.27702127414771094,0.31666666666666665
astra_session,nearest_centroid,without_char3,simplify,1,120,0.3681838198608385,0.38333333333333336
astra_session,nearest_centroid,without_char3,simplify,2,120,0.3810354510252086,0.39166666666666666
astra_session,nearest_centroid,without_function_word,modernize,pooled,360,0.4413845459289471,0.4305555555555556
astra_session,nearest_centroid,without_function_word,modernize,0,120,0.4490584159054445,0.4583333333333333
astra_session,nearest_centroid,without_function_word,modernize,1,120,0.40306368924381347,0.425
astra_session,nearest_centroid,without_function_word,modernize,2,120,0.38028422195088857,0.4083333333333333
astra_session,nearest_centroid,without_function_word,original,pooled,360,0.6044559102075678,0.6055555555555555
astra_session,nearest_centroid,without_function_word,original,0,120,0.583134553436192,0.6
astra_session,nearest_centroid,without_function_word,original,1,120,0.5891175578985907,0.575
astra_session,nearest_centroid,without_function_word,original,2,120,0.6158090256304541,0.6416666666666667
astra_session,nearest_centroid,without_function_word,paraphrase,pooled,360,0.457680152173729,0.45
astra_session,nearest_centroid,without_function_word,paraphrase,0,120,0.4451611370551154,0.45
astra_session,nearest_centroid,without_function_word,paraphrase,1,120,0.41743589336399306,0.44166666666666665
astra_session,nearest_centroid,without_function_word,paraphrase,2,120,0.4105493596974907,0.4583333333333333
astra_session,nearest_centroid,without_function_word,simplify,pooled,360,0.3750683064872488,0.375
astra_session,nearest_centroid,without_function_word,simplify,0,120,0.3595289552383374,0.4
astra_session,nearest_centroid,without_function_word,simplify,1,120,0.3686286533823866,0.38333333333333336
astra_session,nearest_centroid,without_function_word,simplify,2,120,0.3193931528859226,0.3416666666666667
astra_session,nearest_centroid,without_length_rhythm,modernize,pooled,360,0.4774820198733242,0.48055555555555557
astra_session,nearest_centroid,without_length_rhythm,modernize,0,120,0.47122848947280466,0.49166666666666664
astra_session,nearest_centroid,without_length_rhythm,modernize,1,120,0.4374632448161859,0.45
astra_session,nearest_centroid,without_length_rhythm,modernize,2,120,0.4494784942153363,0.5
astra_session,nearest_centroid,without_length_rhythm,original,pooled,360,0.6379741772528408,0.6388888888888888
astra_session,nearest_centroid,without_length_rhythm,original,0,120,0.5468432752842298,0.5666666666666667
astra_session,nearest_centroid,without_length_rhythm,original,1,120,0.6582014614323336,0.6416666666666667
astra_session,nearest_centroid,without_length_rhythm,original,2,120,0.6901193758119947,0.7083333333333334
astra_session,nearest_centroid,without_length_rhythm,paraphrase,pooled,360,0.5080987643491529,0.5083333333333333
astra_session,nearest_centroid,without_length_rhythm,paraphrase,0,120,0.49622931201878573,0.5
astra_session,nearest_centroid,without_length_rhythm,paraphrase,1,120,0.49030450496277306,0.5
astra_session,nearest_centroid,without_length_rhythm,paraphrase,2,120,0.4593240868000347,0.525
astra_session,nearest_centroid,without_length_rhythm,simplify,pooled,360,0.43398766905258707,0.4444444444444444
astra_session,nearest_centroid,without_length_rhythm,simplify,0,120,0.3995872641509434,0.4583333333333333
astra_session,nearest_centroid,without_length_rhythm,simplify,1,120,0.3804215300900678,0.39166666666666666
astra_session,nearest_centroid,without_length_rhythm,simplify,2,120,0.45954518238417713,0.48333333333333334
astra_session,nearest_centroid,without_lexical_richness,modernize,pooled,360,0.4656346957502373,0.4583333333333333
astra_session,nearest_centroid,without_lexical_richness,modernize,0,120,0.4732228476130915,0.49166666666666664
astra_session,nearest_centroid,without_lexical_richness,modernize,1,120,0.39858510580055295,0.39166666666666666
astra_session,nearest_centroid,without_lexical_richness,modernize,2,120,0.46342611475167145,0.49166666666666664
astra_session,nearest_centroid,without_lexical_richness,original,pooled,360,0.627805108098874,0.6305555555555555
astra_session,nearest_centroid,without_lexical_richness,original,0,120,0.5478986413269984,0.5666666666666667
astra_session,nearest_centroid,without_lexical_richness,original,1,120,0.6589678899276422,0.6416666666666667
astra_session,nearest_centroid,without_lexical_richness,original,2,120,0.6534335551726856,0.6833333333333333
astra_session,nearest_centroid,without_lexical_richness,paraphrase,pooled,360,0.5255137935484051,0.5194444444444445
astra_session,nearest_centroid,without_lexical_richness,paraphrase,0,120,0.5098825593737711,0.5083333333333333
astra_session,nearest_centroid,without_lexical_richness,paraphrase,1,120,0.4873409612537021,0.48333333333333334
astra_session,nearest_centroid,without_lexical_richness,paraphrase,2,120,0.5151094957296508,0.5666666666666667
astra_session,nearest_centroid,without_lexical_richness,simplify,pooled,360,0.40621516730121016,0.4083333333333333
astra_session,nearest_centroid,without_lexical_richness,simplify,0,120,0.37886657188127776,0.43333333333333335
astra_session,nearest_centroid,without_lexical_richness,simplify,1,120,0.36822088385455637,0.375
astra_session,nearest_centroid,without_lexical_richness,simplify,2,120,0.4143732114928869,0.4166666666666667
astra_session,nearest_centroid,without_punctuation,modernize,pooled,360,0.45953004387628105,0.4583333333333333
astra_session,nearest_centroid,without_punctuation,modernize,0,120,0.46462804520880746,0.48333333333333334
astra_session,nearest_centroid,without_punctuation,modernize,1,120,0.38501655665834766,0.4083333333333333
astra_session,nearest_centroid,without_punctuation,modernize,2,120,0.43516841107771675,0.48333333333333334
astra_session,nearest_centroid,without_punctuation,original,pooled,360,0.5861023117674907,0.5888888888888889
astra_session,nearest_centroid,without_punctuation,original,0,120,0.5156942730472142,0.5416666666666666
astra_session,nearest_centroid,without_punctuation,original,1,120,0.6220189681286546,0.6
astra_session,nearest_centroid,without_punctuation,original,2,120,0.6002284005389594,0.625
astra_session,nearest_centroid,without_punctuation,paraphrase,pooled,360,0.49468211630552955,0.4861111111111111
astra_session,nearest_centroid,without_punctuation,paraphrase,0,120,0.49806687565308255,0.49166666666666664
astra_session,nearest_centroid,without_punctuation,paraphrase,1,120,0.43159138982207296,0.44166666666666665
astra_session,nearest_centroid,without_punctuation,paraphrase,2,120,0.4667223614592036,0.525
astra_session,nearest_centroid,without_punctuation,simplify,pooled,360,0.42285579077639807,0.425
astra_session,nearest_centroid,without_punctuation,simplify,0,120,0.388960139405206,0.45
astra_session,nearest_centroid,without_punctuation,simplify,1,120,0.3613730477605312,0.375
astra_session,nearest_centroid,without_punctuation,simplify,2,120,0.4300845419862131,0.45
astra_session,nearest_centroid,without_register_marker,modernize,pooled,360,0.4564877903208738,0.4527777777777778
astra_session,nearest_centroid,without_register_marker,modernize,0,120,0.44894075216655865,0.4666666666666667
astra_session,nearest_centroid,without_register_marker,modernize,1,120,0.4045627582469688,0.425
astra_session,nearest_centroid,without_register_marker,modernize,2,120,0.4273906535146845,0.4666666666666667
astra_session,nearest_centroid,without_register_marker,original,pooled,360,0.6173431332666968,0.6166666666666667
astra_session,nearest_centroid,without_register_marker,original,0,120,0.5504758526358848,0.5666666666666667
astra_session,nearest_centroid,without_register_marker,original,1,120,0.6276565079639213,0.6083333333333333
astra_session,nearest_centroid,without_register_marker,original,2,120,0.6562711204566992,0.675
astra_session,nearest_centroid,without_register_marker,paraphrase,pooled,360,0.48908496577378013,0.48055555555555557
astra_session,nearest_centroid,without_register_marker,paraphrase,0,120,0.4805979175887596,0.475
astra_session,nearest_centroid,without_register_marker,paraphrase,1,120,0.44439030340704205,0.4583333333333333
astra_session,nearest_centroid,without_register_marker,paraphrase,2,120,0.4518924028972335,0.5083333333333333
astra_session,nearest_centroid,without_register_marker,simplify,pooled,360,0.4370778965382534,0.4388888888888889
astra_session,nearest_centroid,without_register_marker,simplify,0,120,0.41686616606564425,0.4666666666666667
astra_session,nearest_centroid,without_register_marker,simplify,1,120,0.38455344559141974,0.4
astra_session,nearest_centroid,without_register_marker,simplify,2,120,0.42788149798829855,0.45
