model_key,panel,pipeline,train_domain,test_domain,passages,work_blocks,macro_f1,ci_low,ci_high,accuracy,confusion_json
gem31lite,valid_full,shared_stylometry_nc,original,original,359,18,0.6359056425797249,0.5534428245396432,0.7154183844282725,0.637883008356546,"[[51, 4, 1, 2, 0, 1], [7, 26, 3, 4, 8, 12], [1, 5, 49, 0, 1, 4], [5, 6, 7, 40, 0, 2], [1, 10, 1, 4, 35, 9], [2, 13, 5, 6, 6, 28]]"
gem31lite,valid_full,shared_stylometry_nc,original,paraphrase,359,18,0.3099771416000226,0.20872037688201672,0.393586302604392,0.34818941504178275,"[[18, 4, 0, 17, 0, 20], [8, 10, 2, 10, 1, 29], [0, 6, 16, 17, 1, 20], [1, 2, 8, 33, 0, 16], [4, 5, 4, 10, 2, 35], [2, 4, 2, 6, 0, 46]]"
gem31lite,valid_full,shared_stylometry_nc,original,modernize,359,18,0.363748591914242,0.2719929804233622,0.44717473622294884,0.3871866295264624,"[[28, 3, 0, 8, 0, 20], [9, 15, 1, 6, 1, 28], [0, 5, 15, 11, 1, 28], [4, 1, 4, 32, 0, 19], [6, 7, 4, 8, 4, 31], [2, 7, 2, 3, 1, 45]]"
gem31lite,valid_full,shared_stylometry_nc,original,simplify,359,18,0.30737160069942104,0.23315542108766826,0.38211771134988004,0.34540389972144847,"[[25, 3, 0, 9, 0, 22], [6, 10, 1, 9, 2, 32], [0, 6, 5, 12, 3, 34], [8, 1, 1, 29, 0, 21], [6, 5, 2, 7, 6, 34], [2, 4, 0, 3, 2, 49]]"
gem31lite,valid_full,shared_stylometry_nc,paraphrase,original,359,18,0.36659653288769317,0.2776036387998182,0.4519655380529461,0.3955431754874652,"[[40, 9, 0, 6, 4, 0], [7, 33, 1, 10, 6, 3], [0, 17, 7, 29, 5, 2], [14, 13, 0, 30, 3, 0], [5, 24, 1, 4, 26, 0], [6, 30, 2, 4, 12, 6]]"
gem31lite,valid_full,shared_stylometry_nc,paraphrase,paraphrase,359,18,0.45411981396099343,0.37075574941230577,0.5268518851984625,0.4596100278551532,"[[41, 6, 2, 5, 2, 3], [5, 22, 6, 7, 4, 16], [0, 8, 24, 10, 10, 8], [10, 7, 8, 29, 0, 6], [5, 15, 10, 4, 15, 11], [5, 13, 2, 2, 4, 34]]"
gem31lite,valid_full,shared_stylometry_nc,paraphrase,modernize,359,18,0.4306049268519923,0.3469564091791832,0.5066645749443581,0.43175487465181056,"[[39, 9, 1, 3, 6, 1], [3, 30, 6, 4, 8, 9], [0, 8, 22, 8, 14, 8], [9, 16, 8, 16, 4, 7], [2, 15, 9, 2, 23, 9], [6, 15, 5, 2, 7, 25]]"
gem31lite,valid_full,shared_stylometry_nc,paraphrase,simplify,359,18,0.37381136680787236,0.2956787665433981,0.4522217175206879,0.37604456824512533,"[[37, 8, 1, 2, 10, 1], [3, 22, 3, 5, 18, 9], [0, 8, 20, 3, 25, 4], [10, 16, 5, 11, 12, 6], [2, 14, 6, 2, 30, 6], [6, 16, 6, 2, 15, 15]]"
gem31lite,valid_full,shared_stylometry_nc,modernize,original,359,18,0.3804380943529723,0.2817994718779875,0.47523474702606666,0.41225626740947074,"[[47, 1, 0, 3, 8, 0], [8, 22, 0, 0, 26, 4], [3, 13, 7, 18, 15, 4], [25, 5, 0, 21, 9, 0], [6, 12, 1, 1, 39, 1], [10, 8, 2, 1, 27, 12]]"
gem31lite,valid_full,shared_stylometry_nc,modernize,paraphrase,359,18,0.40637030675925917,0.31613203511598764,0.49437913901949737,0.4233983286908078,"[[35, 5, 2, 10, 0, 7], [7, 14, 5, 9, 5, 20], [0, 8, 24, 14, 2, 12], [5, 6, 9, 33, 1, 6], [4, 11, 13, 9, 8, 15], [3, 10, 5, 4, 0, 38]]"
gem31lite,valid_full,shared_stylometry_nc,modernize,modernize,359,18,0.45590072610753446,0.37070709486132547,0.5337914604552283,0.4568245125348189,"[[39, 4, 1, 4, 6, 5], [5, 20, 6, 7, 10, 12], [0, 4, 26, 12, 7, 11], [7, 10, 6, 27, 3, 7], [4, 8, 11, 4, 22, 11], [6, 9, 6, 2, 7, 30]]"
gem31lite,valid_full,shared_stylometry_nc,modernize,simplify,359,18,0.4109188375191746,0.3289408855904009,0.4910368554776992,0.415041782729805,"[[39, 4, 1, 3, 10, 2], [7, 14, 4, 6, 14, 15], [1, 7, 22, 10, 13, 7], [10, 9, 8, 21, 7, 5], [3, 8, 9, 5, 25, 10], [7, 7, 9, 3, 6, 28]]"
gem31lite,valid_full,shared_stylometry_nc,simplify,original,359,18,0.4188213196298989,0.3149276550189393,0.5126117509836302,0.4206128133704735,"[[27, 7, 0, 14, 11, 0], [3, 25, 2, 18, 6, 6], [0, 12, 18, 25, 3, 2], [6, 9, 2, 41, 2, 0], [2, 13, 5, 10, 26, 4], [1, 22, 4, 8, 11, 14]]"
gem31lite,valid_full,shared_stylometry_nc,simplify,paraphrase,359,18,0.38951897425751225,0.3018759155133138,0.4686969964132786,0.40668523676880225,"[[29, 5, 2, 17, 0, 6], [5, 14, 6, 12, 1, 22], [0, 5, 25, 17, 1, 12], [4, 7, 11, 32, 0, 6], [3, 14, 11, 11, 7, 14], [3, 10, 6, 2, 0, 39]]"
gem31lite,valid_full,shared_stylometry_nc,simplify,modernize,359,18,0.4429276920984755,0.36413787200699665,0.5184784167107137,0.4456824512534819,"[[38, 7, 1, 8, 2, 3], [6, 19, 7, 10, 3, 15], [0, 5, 26, 15, 3, 11], [5, 11, 8, 29, 1, 6], [4, 11, 9, 6, 16, 14], [7, 11, 4, 3, 3, 32]]"
gem31lite,valid_full,shared_stylometry_nc,simplify,simplify,359,18,0.3986330387961486,0.32571861774363636,0.46622606092063135,0.4011142061281337,"[[37, 7, 1, 9, 3, 2], [8, 13, 5, 11, 7, 16], [1, 8, 22, 10, 9, 10], [7, 13, 9, 24, 2, 5], [2, 16, 7, 7, 16, 12], [7, 9, 7, 3, 2, 32]]"
gem31lite,valid_full,shared_function_words_nc,original,original,359,18,0.5568302069411488,0.46065525229623844,0.64424618653179,0.5598885793871866,"[[47, 5, 0, 4, 0, 3], [6, 11, 3, 12, 6, 22], [0, 8, 45, 3, 1, 3], [6, 9, 6, 32, 0, 7], [5, 4, 1, 3, 35, 12], [8, 11, 2, 3, 5, 31]]"
gem31lite,valid_full,shared_function_words_nc,original,paraphrase,359,18,0.33380350881168847,0.25675088157324544,0.4048741655051125,0.3565459610027855,"[[26, 7, 0, 7, 3, 16], [7, 8, 3, 17, 2, 23], [0, 8, 12, 20, 4, 16], [4, 6, 5, 34, 1, 10], [9, 8, 2, 15, 9, 17], [4, 10, 0, 5, 2, 39]]"
gem31lite,valid_full,shared_function_words_nc,original,modernize,359,18,0.3657670553893578,0.29626166540188886,0.4339375666165472,0.37604456824512533,"[[37, 2, 0, 4, 1, 15], [11, 12, 1, 13, 5, 18], [0, 11, 13, 19, 3, 14], [6, 11, 3, 27, 2, 11], [5, 6, 2, 13, 13, 21], [7, 11, 0, 3, 6, 33]]"
gem31lite,valid_full,shared_function_words_nc,original,simplify,359,18,0.3801553844743884,0.3149839983680201,0.44195989855424644,0.4011142061281337,"[[37, 3, 0, 5, 2, 12], [11, 11, 1, 14, 5, 18], [0, 12, 10, 16, 6, 16], [7, 10, 2, 34, 1, 6], [8, 6, 0, 10, 15, 21], [7, 8, 0, 3, 5, 37]]"
gem31lite,valid_full,shared_function_words_nc,paraphrase,original,359,18,0.4397947329730474,0.37418982987593674,0.5044252036451758,0.4428969359331476,"[[40, 8, 2, 2, 6, 1], [5, 18, 11, 7, 5, 14], [0, 9, 36, 10, 1, 4], [9, 14, 11, 18, 6, 2], [5, 10, 8, 0, 25, 12], [9, 14, 3, 1, 11, 22]]"
gem31lite,valid_full,shared_function_words_nc,paraphrase,paraphrase,359,18,0.38375279143003166,0.31438567955643976,0.4518625854932327,0.39275766016713093,"[[39, 4, 1, 4, 8, 3], [8, 9, 9, 12, 5, 17], [0, 9, 20, 16, 5, 10], [10, 8, 10, 26, 3, 3], [6, 10, 8, 5, 16, 15], [9, 14, 1, 1, 4, 31]]"
gem31lite,valid_full,shared_function_words_nc,paraphrase,modernize,359,18,0.3852193136133187,0.32643432035570047,0.44358387165339636,0.3871866295264624,"[[39, 7, 0, 2, 9, 2], [7, 16, 8, 10, 4, 15], [0, 7, 20, 13, 11, 9], [9, 12, 10, 23, 3, 3], [6, 15, 7, 5, 15, 12], [8, 15, 2, 1, 8, 26]]"
gem31lite,valid_full,shared_function_words_nc,paraphrase,simplify,359,18,0.37125822963899924,0.31299255369398,0.4281047395962582,0.37604456824512533,"[[43, 6, 0, 1, 8, 1], [10, 12, 4, 10, 9, 15], [1, 9, 20, 10, 13, 7], [12, 13, 7, 21, 5, 2], [8, 16, 5, 5, 14, 12], [10, 13, 4, 1, 7, 25]]"
gem31lite,valid_full,shared_function_words_nc,modernize,original,359,18,0.43218782338290546,0.35076606392210435,0.5085697957490569,0.4373259052924791,"[[34, 10, 2, 1, 11, 1], [5, 10, 12, 10, 8, 15], [0, 7, 39, 11, 0, 3], [7, 9, 11, 23, 7, 3], [5, 5, 7, 2, 27, 14], [7, 12, 5, 1, 11, 24]]"
gem31lite,valid_full,shared_function_words_nc,modernize,paraphrase,359,18,0.3773680876578007,0.3045994605220019,0.449813660874715,0.3955431754874652,"[[36, 4, 1, 3, 7, 8], [8, 7, 6, 15, 3, 21], [0, 6, 23, 17, 3, 11], [7, 8, 12, 25, 1, 7], [7, 8, 9, 9, 12, 15], [7, 8, 4, 1, 1, 39]]"
gem31lite,valid_full,shared_function_words_nc,modernize,modernize,359,18,0.39330967082415763,0.32055574656535135,0.4636232862502556,0.4011142061281337,"[[36, 6, 0, 3, 9, 5], [7, 12, 4, 13, 6, 18], [0, 6, 21, 14, 7, 12], [8, 11, 8, 25, 2, 6], [8, 8, 8, 6, 16, 14], [7, 8, 4, 2, 5, 34]]"
gem31lite,valid_full,shared_function_words_nc,modernize,simplify,359,18,0.3864619361099905,0.3180432056935711,0.45419356511349845,0.3955431754874652,"[[40, 6, 0, 1, 10, 2], [7, 11, 3, 13, 5, 21], [0, 6, 18, 17, 9, 10], [8, 12, 7, 25, 3, 5], [8, 7, 5, 7, 17, 16], [10, 9, 3, 2, 5, 31]]"
gem31lite,valid_full,shared_function_words_nc,simplify,original,359,18,0.43126064076768306,0.3539626785331797,0.5027284894568061,0.43175487465181056,"[[31, 12, 2, 3, 6, 5], [4, 9, 14, 9, 3, 21], [0, 6, 40, 7, 0, 7], [7, 7, 12, 22, 8, 4], [2, 7, 11, 2, 23, 15], [2, 19, 3, 1, 5, 30]]"
gem31lite,valid_full,shared_function_words_nc,simplify,paraphrase,359,18,0.3827944977070504,0.30357231521307015,0.4586707198457736,0.39275766016713093,"[[35, 6, 2, 4, 2, 10], [4, 8, 8, 15, 3, 22], [0, 7, 23, 16, 1, 13], [5, 8, 14, 26, 1, 6], [6, 10, 8, 6, 12, 18], [5, 12, 4, 1, 1, 37]]"
gem31lite,valid_full,shared_function_words_nc,simplify,modernize,359,18,0.375007079056668,0.30464777466945037,0.4448339086174838,0.3816155988857939,"[[33, 9, 1, 3, 7, 6], [7, 11, 10, 11, 3, 18], [0, 7, 21, 13, 6, 13], [7, 11, 10, 27, 1, 4], [6, 9, 7, 10, 12, 16], [4, 12, 3, 2, 6, 33]]"
gem31lite,valid_full,shared_function_words_nc,simplify,simplify,359,18,0.3573082149666207,0.2925619779923462,0.42071113970310986,0.3649025069637883,"[[38, 6, 0, 3, 7, 5], [7, 7, 6, 14, 5, 21], [0, 7, 20, 17, 4, 12], [7, 12, 9, 24, 3, 5], [7, 10, 6, 8, 13, 16], [8, 12, 2, 2, 7, 29]]"
gem31lite,valid_full,char3_5_tfidf_svm,original,original,359,18,0.8619982817274051,0.8007139563280693,0.914640534388266,0.8662952646239555,"[[57, 1, 0, 1, 0, 0], [2, 36, 3, 8, 7, 4], [0, 1, 54, 2, 2, 1], [1, 0, 0, 59, 0, 0], [0, 2, 0, 3, 54, 1], [2, 1, 2, 0, 4, 51]]"
gem31lite,valid_full,char3_5_tfidf_svm,original,paraphrase,359,18,0.47851680982493394,0.3778536782531113,0.5699196972521584,0.49025069637883006,"[[43, 2, 0, 13, 0, 1], [2, 11, 3, 34, 3, 7], [0, 1, 26, 22, 4, 7], [0, 0, 2, 57, 0, 1], [0, 1, 8, 32, 14, 5], [4, 2, 4, 24, 1, 25]]"
gem31lite,valid_full,char3_5_tfidf_svm,original,modernize,359,18,0.5813105630565347,0.4941179278949588,0.6629744217322995,0.6072423398328691,"[[52, 0, 0, 6, 0, 1], [5, 9, 1, 24, 9, 12], [1, 1, 22, 20, 7, 9], [1, 0, 1, 57, 1, 0], [0, 2, 2, 14, 36, 6], [0, 2, 1, 12, 3, 42]]"
gem31lite,valid_full,char3_5_tfidf_svm,original,simplify,359,18,0.557182400046026,0.45776864710647547,0.6434090614693033,0.5877437325905293,"[[54, 0, 0, 5, 0, 0], [3, 13, 1, 20, 12, 11], [0, 2, 13, 20, 14, 11], [1, 1, 1, 54, 1, 2], [0, 4, 1, 12, 34, 9], [2, 2, 0, 9, 4, 43]]"
gem31lite,valid_full,char3_5_tfidf_svm,paraphrase,original,359,18,0.6014375506898034,0.5331539112530074,0.6676493646888422,0.6211699164345403,"[[52, 4, 0, 3, 0, 0], [4, 36, 2, 8, 8, 2], [0, 14, 32, 8, 5, 1], [4, 5, 2, 47, 2, 0], [0, 11, 2, 0, 47, 0], [5, 27, 2, 1, 16, 9]]"
gem31lite,valid_full,char3_5_tfidf_svm,paraphrase,paraphrase,359,18,0.6476084082674413,0.5724111433521719,0.7169304016066623,0.6545961002785515,"[[54, 1, 0, 4, 0, 0], [4, 25, 0, 17, 10, 4], [1, 5, 30, 7, 11, 6], [0, 3, 0, 53, 4, 0], [0, 9, 2, 3, 42, 4], [4, 6, 3, 7, 9, 31]]"
gem31lite,valid_full,char3_5_tfidf_svm,paraphrase,modernize,359,18,0.6607648828460272,0.5927907326477477,0.7255277624546475,0.6713091922005571,"[[57, 1, 0, 1, 0, 0], [5, 27, 3, 6, 16, 3], [0, 4, 32, 4, 15, 5], [1, 3, 1, 50, 5, 0], [0, 5, 1, 2, 50, 2], [5, 10, 5, 5, 10, 25]]"
gem31lite,valid_full,char3_5_tfidf_svm,paraphrase,simplify,359,18,0.5901266111971982,0.5249564104682618,0.6505608599526876,0.6016713091922006,"[[54, 3, 1, 1, 0, 0], [4, 21, 2, 8, 22, 3], [0, 6, 25, 4, 21, 4], [2, 3, 1, 46, 8, 0], [0, 5, 0, 3, 51, 1], [5, 16, 1, 3, 16, 19]]"
gem31lite,valid_full,char3_5_tfidf_svm,modernize,original,359,18,0.6681930268126495,0.6017214112011099,0.7304538725846719,0.6880222841225627,"[[55, 1, 0, 3, 0, 0], [5, 20, 2, 8, 24, 1], [0, 1, 46, 5, 6, 2], [3, 0, 3, 54, 0, 0], [0, 5, 1, 2, 51, 1], [6, 8, 4, 3, 18, 21]]"
gem31lite,valid_full,char3_5_tfidf_svm,modernize,paraphrase,359,18,0.6820235525273874,0.6095995899940712,0.7523965045672838,0.6880222841225627,"[[54, 1, 0, 4, 0, 0], [2, 28, 1, 19, 7, 3], [1, 2, 41, 9, 3, 4], [0, 2, 2, 56, 0, 0], [1, 5, 8, 7, 36, 3], [8, 3, 4, 10, 3, 32]]"
gem31lite,valid_full,char3_5_tfidf_svm,modernize,modernize,359,18,0.6990605860244572,0.6356913667555683,0.7575405007269544,0.7075208913649025,"[[54, 0, 1, 4, 0, 0], [4, 32, 1, 10, 10, 3], [0, 5, 34, 7, 10, 4], [1, 1, 0, 58, 0, 0], [0, 5, 4, 4, 45, 2], [7, 8, 1, 8, 5, 31]]"
gem31lite,valid_full,char3_5_tfidf_svm,modernize,simplify,359,18,0.6807492764899975,0.6211280472750318,0.7382560493868486,0.6908077994428969,"[[55, 1, 1, 2, 0, 0], [5, 27, 0, 10, 15, 3], [0, 6, 30, 7, 13, 4], [0, 5, 0, 54, 1, 0], [0, 5, 0, 1, 53, 1], [4, 8, 1, 8, 10, 29]]"
gem31lite,valid_full,char3_5_tfidf_svm,simplify,original,359,18,0.7017988337933203,0.6155150841991263,0.7826701953437447,0.7103064066852368,"[[52, 3, 0, 4, 0, 0], [3, 31, 4, 13, 6, 3], [0, 2, 40, 13, 2, 3], [1, 0, 1, 58, 0, 0], [0, 6, 3, 3, 47, 1], [5, 9, 6, 6, 7, 27]]"
gem31lite,valid_full,char3_5_tfidf_svm,simplify,paraphrase,359,18,0.6275900030171809,0.5224786098629408,0.7132826684862663,0.637883008356546,"[[54, 0, 0, 5, 0, 0], [4, 25, 3, 20, 5, 3], [0, 0, 40, 11, 4, 5], [0, 3, 2, 55, 0, 0], [1, 9, 8, 10, 27, 5], [8, 6, 6, 11, 1, 28]]"
gem31lite,valid_full,char3_5_tfidf_svm,simplify,modernize,359,18,0.66653839203262,0.5891268856329888,0.7322735010907548,0.6713091922005571,"[[53, 0, 1, 5, 0, 0], [2, 28, 3, 15, 9, 3], [1, 3, 36, 11, 4, 5], [1, 4, 0, 55, 0, 0], [1, 7, 3, 7, 39, 3], [5, 8, 2, 10, 5, 30]]"
gem31lite,valid_full,char3_5_tfidf_svm,simplify,simplify,359,18,0.6449770345835856,0.5767914051002389,0.7082488782522935,0.6518105849582173,"[[52, 2, 1, 3, 0, 1], [6, 24, 1, 14, 11, 4], [0, 3, 34, 10, 8, 5], [1, 4, 0, 54, 1, 0], [0, 12, 2, 3, 41, 2], [8, 8, 0, 9, 6, 29]]"
gem31lite,matched200_full,shared_stylometry_nc,original,original,339,18,0.612444804181208,0.5160619105612251,0.699547019505308,0.6106194690265486,"[[44, 7, 1, 3, 0, 1], [7, 23, 3, 3, 7, 11], [1, 5, 44, 0, 1, 4], [7, 5, 7, 36, 0, 3], [0, 10, 1, 4, 32, 9], [2, 15, 4, 5, 6, 28]]"
gem31lite,matched200_full,shared_stylometry_nc,original,paraphrase,339,18,0.30877766314895744,0.2089467653936076,0.39396486893569865,0.35398230088495575,"[[19, 3, 0, 16, 0, 18], [8, 9, 2, 10, 1, 24], [0, 7, 14, 15, 0, 19], [1, 2, 9, 31, 0, 15], [4, 4, 4, 9, 1, 34], [2, 4, 2, 6, 0, 46]]"
gem31lite,matched200_full,shared_stylometry_nc,original,modernize,339,18,0.37719597251313935,0.28363145994408007,0.45493943985644597,0.40707964601769914,"[[29, 3, 0, 5, 0, 19], [9, 14, 1, 5, 1, 24], [0, 4, 13, 10, 1, 27], [4, 1, 4, 31, 0, 18], [5, 7, 4, 9, 4, 27], [2, 6, 2, 2, 1, 47]]"
gem31lite,matched200_full,shared_stylometry_nc,original,simplify,339,18,0.3314494469333983,0.25601875402380786,0.40341678991933155,0.3746312684365782,"[[26, 2, 0, 6, 0, 22], [6, 9, 1, 7, 2, 29], [0, 5, 6, 11, 1, 32], [8, 0, 4, 28, 0, 18], [6, 5, 2, 7, 6, 30], [2, 4, 0, 1, 1, 52]]"
gem31lite,matched200_full,shared_stylometry_nc,paraphrase,original,339,18,0.3420707917300332,0.2583987317459569,0.4219933090681375,0.37168141592920356,"[[30, 16, 0, 6, 4, 0], [2, 41, 0, 5, 3, 3], [0, 22, 8, 22, 2, 1], [11, 17, 0, 29, 1, 0], [1, 35, 1, 4, 15, 0], [6, 34, 5, 5, 7, 3]]"
gem31lite,matched200_full,shared_stylometry_nc,paraphrase,paraphrase,339,18,0.4497396987880866,0.367951309111861,0.5245708740976615,0.45427728613569324,"[[35, 8, 2, 5, 3, 3], [4, 22, 5, 8, 2, 13], [0, 8, 20, 11, 7, 9], [9, 8, 9, 28, 0, 4], [4, 14, 9, 4, 15, 10], [5, 14, 2, 1, 4, 34]]"
gem31lite,matched200_full,shared_stylometry_nc,paraphrase,modernize,339,18,0.40510145589749574,0.33280788193906047,0.47496005358726906,0.40707964601769914,"[[33, 11, 1, 3, 6, 2], [3, 27, 4, 5, 7, 8], [0, 8, 16, 9, 13, 9], [10, 14, 10, 14, 5, 5], [1, 19, 8, 1, 20, 7], [5, 14, 5, 2, 6, 28]]"
gem31lite,matched200_full,shared_stylometry_nc,paraphrase,simplify,339,18,0.3682895426448148,0.295358909409947,0.4350194744352387,0.37168141592920356,"[[32, 9, 1, 3, 10, 1], [3, 21, 3, 6, 13, 8], [0, 9, 20, 3, 19, 4], [10, 18, 6, 8, 11, 5], [2, 14, 6, 2, 27, 5], [6, 14, 8, 1, 13, 18]]"
gem31lite,matched200_full,shared_stylometry_nc,modernize,original,339,18,0.36827738944553995,0.25638200671288514,0.47273851653918414,0.40117994100294985,"[[44, 3, 0, 3, 6, 0], [8, 19, 0, 6, 18, 3], [3, 12, 10, 16, 11, 3], [26, 8, 1, 18, 5, 0], [6, 10, 2, 1, 37, 0], [14, 15, 2, 1, 20, 8]]"
gem31lite,matched200_full,shared_stylometry_nc,modernize,paraphrase,339,18,0.4114358475269749,0.3237702723317345,0.49528246393874614,0.4277286135693215,"[[32, 5, 2, 10, 0, 7], [7, 13, 6, 9, 2, 17], [0, 8, 18, 17, 1, 11], [6, 6, 9, 32, 0, 5], [3, 12, 8, 10, 10, 13], [2, 11, 3, 4, 0, 40]]"
gem31lite,matched200_full,shared_stylometry_nc,modernize,modernize,339,18,0.44858470965564884,0.3573419795100046,0.5295012869350947,0.45132743362831856,"[[36, 6, 1, 4, 4, 5], [6, 18, 7, 5, 8, 10], [1, 4, 23, 10, 7, 10], [8, 8, 11, 24, 2, 5], [3, 9, 10, 5, 21, 8], [6, 11, 5, 2, 5, 31]]"
gem31lite,matched200_full,shared_stylometry_nc,modernize,simplify,339,18,0.41254207627592115,0.3314209672151033,0.4915800626430534,0.41887905604719766,"[[38, 5, 1, 3, 7, 2], [6, 13, 4, 7, 11, 13], [1, 8, 18, 10, 11, 7], [10, 7, 9, 21, 7, 4], [3, 8, 7, 4, 26, 8], [7, 8, 9, 4, 6, 26]]"
gem31lite,matched200_full,shared_stylometry_nc,simplify,original,339,18,0.3906186734200976,0.285515484572383,0.4909909700627037,0.39233038348082594,"[[34, 4, 0, 12, 6, 0], [4, 20, 3, 17, 5, 5], [1, 11, 14, 24, 3, 2], [10, 8, 8, 31, 1, 0], [2, 16, 5, 8, 22, 3], [1, 23, 6, 8, 10, 12]]"
gem31lite,matched200_full,shared_stylometry_nc,simplify,paraphrase,339,18,0.376741122528692,0.29588864129037706,0.4537210051290814,0.40412979351032446,"[[31, 3, 0, 15, 0, 7], [7, 12, 6, 11, 1, 17], [0, 5, 20, 18, 0, 12], [4, 6, 11, 32, 0, 5], [3, 12, 9, 12, 4, 16], [2, 11, 5, 4, 0, 38]]"
gem31lite,matched200_full,shared_stylometry_nc,simplify,modernize,339,18,0.4147408661297551,0.3350378371248425,0.487118866626433,0.4218289085545723,"[[35, 6, 0, 8, 2, 5], [7, 14, 7, 9, 3, 14], [0, 4, 21, 15, 3, 12], [5, 10, 10, 28, 1, 4], [4, 11, 7, 8, 13, 13], [5, 11, 5, 4, 3, 32]]"
gem31lite,matched200_full,shared_stylometry_nc,simplify,simplify,339,18,0.416076556631541,0.33918729541093334,0.48708412498971565,0.4218289085545723,"[[38, 5, 0, 7, 4, 2], [7, 11, 4, 11, 6, 15], [0, 6, 22, 10, 8, 9], [6, 11, 10, 25, 3, 3], [2, 13, 5, 8, 16, 12], [7, 9, 8, 3, 2, 31]]"
gem31lite,matched200_full,shared_function_words_nc,original,original,339,18,0.5482584501541007,0.4614263025762206,0.6281538950683403,0.5457227138643068,"[[44, 3, 0, 4, 0, 5], [7, 8, 1, 12, 5, 21], [0, 9, 38, 4, 0, 4], [5, 12, 6, 30, 0, 5], [3, 4, 1, 3, 35, 10], [7, 15, 1, 3, 4, 30]]"
gem31lite,matched200_full,shared_function_words_nc,original,paraphrase,339,18,0.33443093082359016,0.2520820792815467,0.4105346613496462,0.36578171091445427,"[[25, 7, 0, 7, 2, 15], [7, 8, 3, 16, 2, 18], [0, 8, 8, 21, 4, 14], [4, 5, 5, 34, 1, 9], [8, 9, 2, 11, 9, 17], [4, 9, 0, 5, 2, 40]]"
gem31lite,matched200_full,shared_function_words_nc,original,modernize,339,18,0.36132631246152624,0.2861835583246192,0.42909161615142594,0.3746312684365782,"[[34, 3, 0, 4, 0, 15], [10, 7, 1, 14, 4, 18], [0, 11, 12, 17, 2, 13], [6, 11, 4, 27, 0, 10], [5, 6, 2, 12, 13, 18], [7, 12, 0, 2, 5, 34]]"
gem31lite,matched200_full,shared_function_words_nc,original,simplify,339,18,0.35637786706466557,0.288699163802759,0.4207927264059862,0.3834808259587021,"[[34, 3, 0, 5, 3, 11], [10, 6, 1, 15, 4, 18], [0, 11, 9, 14, 6, 15], [7, 11, 2, 32, 1, 5], [9, 6, 0, 9, 12, 20], [6, 9, 0, 3, 5, 37]]"
gem31lite,matched200_full,shared_function_words_nc,paraphrase,original,339,18,0.3995273530555805,0.3339690713914785,0.4647799949458792,0.40117994100294985,"[[36, 8, 2, 2, 7, 1], [4, 13, 8, 8, 7, 14], [0, 9, 27, 10, 4, 5], [11, 15, 11, 16, 5, 0], [5, 9, 9, 0, 20, 13], [7, 14, 5, 1, 9, 24]]"
gem31lite,matched200_full,shared_function_words_nc,paraphrase,paraphrase,339,18,0.37303614744990615,0.30293636937961815,0.4398789551541863,0.3864306784660767,"[[36, 6, 1, 4, 5, 4], [8, 12, 7, 10, 3, 14], [0, 8, 15, 15, 7, 10], [10, 7, 11, 26, 2, 2], [7, 11, 8, 4, 11, 15], [8, 12, 2, 1, 6, 31]]"
gem31lite,matched200_full,shared_function_words_nc,paraphrase,modernize,339,18,0.3648980605975465,0.2985505759033774,0.42827389407732236,0.37168141592920356,"[[37, 8, 0, 1, 8, 2], [7, 17, 6, 9, 2, 13], [0, 9, 15, 13, 10, 8], [11, 15, 9, 19, 1, 3], [6, 14, 6, 5, 11, 14], [7, 14, 2, 1, 9, 27]]"
gem31lite,matched200_full,shared_function_words_nc,paraphrase,simplify,339,18,0.3765373923298548,0.31136124346336397,0.44012757411319003,0.3805309734513274,"[[39, 8, 0, 1, 7, 1], [8, 12, 3, 9, 8, 14], [1, 10, 17, 10, 10, 7], [12, 11, 6, 21, 6, 2], [7, 16, 5, 3, 13, 12], [8, 14, 3, 1, 7, 27]]"
gem31lite,matched200_full,shared_function_words_nc,modernize,original,339,18,0.41221985505725844,0.33261328515667543,0.49137853736001813,0.41887905604719766,"[[31, 10, 1, 2, 11, 1], [5, 6, 10, 10, 8, 15], [0, 7, 35, 10, 0, 3], [8, 10, 13, 19, 5, 3], [4, 3, 7, 2, 26, 14], [5, 14, 6, 1, 9, 25]]"
gem31lite,matched200_full,shared_function_words_nc,modernize,paraphrase,339,18,0.35659259259259257,0.2827265390943765,0.4292888628279361,0.3775811209439528,"[[32, 6, 1, 4, 4, 9], [8, 7, 6, 14, 3, 16], [0, 5, 18, 17, 4, 11], [7, 8, 13, 24, 1, 5], [7, 10, 8, 7, 9, 15], [7, 9, 4, 1, 1, 38]]"
gem31lite,matched200_full,shared_function_words_nc,modernize,modernize,339,18,0.3809363982867951,0.3088784103396269,0.44857427528382077,0.39233038348082594,"[[34, 6, 0, 3, 9, 4], [7, 9, 3, 14, 6, 15], [0, 6, 19, 13, 7, 10], [10, 11, 7, 24, 1, 5], [8, 9, 6, 6, 13, 14], [7, 10, 4, 2, 3, 34]]"
gem31lite,matched200_full,shared_function_words_nc,modernize,simplify,339,18,0.37214519308267646,0.30208764293744084,0.4394951322110071,0.3834808259587021,"[[37, 6, 0, 3, 8, 2], [8, 8, 2, 12, 6, 18], [0, 4, 16, 18, 7, 10], [8, 13, 8, 22, 2, 5], [6, 8, 4, 7, 16, 15], [10, 9, 3, 2, 5, 31]]"
gem31lite,matched200_full,shared_function_words_nc,simplify,original,339,18,0.4024806892453951,0.3186288158828776,0.4803834354619561,0.40412979351032446,"[[31, 10, 2, 3, 6, 4], [4, 5, 14, 9, 3, 19], [0, 5, 34, 9, 0, 7], [7, 10, 13, 19, 5, 4], [2, 7, 10, 3, 20, 14], [2, 19, 4, 1, 6, 28]]"
gem31lite,matched200_full,shared_function_words_nc,simplify,paraphrase,339,18,0.3738716205892114,0.2879705668614471,0.45645183268730183,0.3864306784660767,"[[31, 5, 2, 4, 3, 11], [5, 8, 9, 13, 1, 18], [0, 7, 19, 15, 1, 13], [5, 7, 14, 26, 1, 5], [6, 9, 6, 8, 11, 16], [4, 12, 4, 1, 3, 36]]"
gem31lite,matched200_full,shared_function_words_nc,simplify,modernize,339,18,0.36339074665505383,0.2943988289631758,0.42926035040991684,0.3775811209439528,"[[33, 7, 0, 3, 5, 8], [8, 9, 8, 12, 3, 14], [0, 7, 17, 13, 5, 13], [6, 9, 12, 26, 0, 5], [5, 10, 5, 11, 9, 16], [4, 11, 4, 2, 5, 34]]"
gem31lite,matched200_full,shared_function_words_nc,simplify,simplify,339,18,0.3479953727352541,0.2878948255708596,0.40850338013983156,0.36283185840707965,"[[37, 7, 0, 3, 5, 4], [8, 4, 5, 16, 2, 19], [0, 6, 16, 18, 3, 12], [8, 14, 9, 22, 1, 4], [6, 11, 5, 8, 12, 14], [9, 8, 3, 2, 6, 32]]"
gem31lite,matched200_full,char3_5_tfidf_svm,original,original,339,18,0.866858694141988,0.8059588974044215,0.9203603133160883,0.8731563421828908,"[[55, 0, 0, 1, 0, 0], [1, 31, 2, 9, 7, 4], [0, 1, 49, 2, 2, 1], [1, 0, 0, 57, 0, 0], [0, 1, 0, 2, 51, 2], [2, 1, 1, 0, 3, 53]]"
gem31lite,matched200_full,char3_5_tfidf_svm,original,paraphrase,339,18,0.4708081688211785,0.38174158618154924,0.5504617034179051,0.48672566371681414,"[[41, 1, 0, 13, 0, 1], [2, 8, 2, 32, 3, 7], [0, 1, 24, 19, 3, 8], [0, 1, 2, 54, 0, 1], [0, 1, 7, 32, 13, 3], [5, 3, 3, 24, 0, 25]]"
gem31lite,matched200_full,char3_5_tfidf_svm,original,modernize,339,18,0.5671292320415128,0.4797728557749834,0.6409020139766533,0.5988200589970502,"[[49, 0, 0, 6, 0, 1], [3, 7, 1, 23, 9, 11], [1, 1, 18, 21, 7, 7], [1, 0, 1, 55, 1, 0], [0, 2, 2, 15, 32, 5], [0, 2, 1, 12, 3, 42]]"
gem31lite,matched200_full,char3_5_tfidf_svm,original,simplify,339,18,0.5570408020906222,0.4635866965872165,0.6396702657805671,0.6047197640117994,"[[51, 0, 0, 5, 0, 0], [3, 8, 1, 19, 11, 12], [0, 1, 11, 21, 12, 10], [1, 0, 1, 54, 1, 1], [0, 2, 1, 9, 34, 10], [2, 1, 0, 8, 2, 47]]"
gem31lite,matched200_full,char3_5_tfidf_svm,paraphrase,original,339,18,0.6007006640203012,0.5373351591477502,0.6622927604110264,0.6135693215339233,"[[48, 5, 0, 3, 0, 0], [3, 35, 0, 6, 8, 2], [0, 15, 29, 7, 3, 1], [4, 5, 2, 46, 1, 0], [0, 13, 3, 0, 40, 0], [5, 27, 2, 1, 15, 10]]"
gem31lite,matched200_full,char3_5_tfidf_svm,paraphrase,paraphrase,339,18,0.625799217324613,0.5577018157984571,0.6910406249128852,0.640117994100295,"[[52, 1, 0, 3, 0, 0], [3, 18, 2, 16, 11, 4], [1, 7, 24, 8, 9, 6], [1, 2, 1, 51, 3, 0], [0, 7, 4, 5, 38, 2], [4, 5, 3, 7, 7, 34]]"
gem31lite,matched200_full,char3_5_tfidf_svm,paraphrase,modernize,339,18,0.6480205724671108,0.573276866791703,0.713938119260458,0.6637168141592921,"[[54, 1, 0, 1, 0, 0], [5, 21, 2, 7, 16, 3], [0, 6, 24, 5, 14, 6], [1, 2, 0, 51, 4, 0], [0, 3, 1, 3, 46, 3], [5, 9, 3, 5, 9, 29]]"
gem31lite,matched200_full,char3_5_tfidf_svm,paraphrase,simplify,339,18,0.5839963154060295,0.5171460905032248,0.650112517768966,0.5929203539823009,"[[51, 3, 1, 1, 0, 0], [2, 19, 2, 8, 20, 3], [0, 6, 23, 4, 18, 4], [2, 4, 1, 44, 7, 0], [0, 8, 0, 2, 45, 1], [5, 15, 2, 2, 17, 19]]"
gem31lite,matched200_full,char3_5_tfidf_svm,modernize,original,339,18,0.6758461538461539,0.612613142553678,0.7372734048994879,0.6932153392330384,"[[52, 1, 0, 3, 0, 0], [5, 20, 1, 7, 19, 2], [0, 1, 41, 5, 6, 2], [3, 0, 3, 52, 0, 0], [0, 5, 1, 2, 47, 1], [9, 7, 3, 3, 15, 23]]"
gem31lite,matched200_full,char3_5_tfidf_svm,modernize,paraphrase,339,18,0.6647333227104781,0.6009636322885378,0.7261205702474174,0.672566371681416,"[[51, 1, 0, 4, 0, 0], [2, 23, 1, 18, 7, 3], [1, 2, 35, 10, 3, 4], [0, 2, 2, 54, 0, 0], [0, 7, 7, 8, 31, 3], [8, 3, 4, 9, 2, 34]]"
gem31lite,matched200_full,char3_5_tfidf_svm,modernize,modernize,339,18,0.6841381993111074,0.6207839335629831,0.7415081167264512,0.696165191740413,"[[51, 0, 1, 4, 0, 0], [3, 27, 1, 9, 11, 3], [1, 5, 27, 10, 8, 4], [1, 0, 0, 57, 0, 0], [0, 4, 3, 3, 42, 4], [6, 6, 1, 9, 6, 32]]"
gem31lite,matched200_full,char3_5_tfidf_svm,modernize,simplify,339,18,0.6357829729704205,0.5707298974252146,0.6952876576958712,0.6548672566371682,"[[52, 1, 1, 2, 0, 0], [5, 21, 0, 10, 15, 3], [0, 7, 19, 10, 14, 5], [0, 4, 0, 51, 2, 1], [0, 5, 0, 2, 48, 1], [5, 7, 1, 7, 9, 31]]"
gem31lite,matched200_full,char3_5_tfidf_svm,simplify,original,339,18,0.6804508868614841,0.5983617746191576,0.7544768912793405,0.6932153392330384,"[[49, 2, 0, 5, 0, 0], [3, 21, 3, 17, 7, 3], [0, 1, 34, 15, 2, 3], [1, 0, 1, 56, 0, 0], [0, 4, 2, 2, 47, 1], [5, 9, 6, 5, 7, 28]]"
gem31lite,matched200_full,char3_5_tfidf_svm,simplify,paraphrase,339,18,0.6101407366728787,0.5165173936788854,0.68748304688846,0.6224188790560472,"[[50, 1, 0, 5, 0, 0], [3, 21, 3, 19, 4, 4], [0, 0, 34, 14, 2, 5], [0, 2, 2, 54, 0, 0], [2, 9, 7, 11, 22, 5], [8, 5, 5, 11, 1, 30]]"
gem31lite,matched200_full,char3_5_tfidf_svm,simplify,modernize,339,18,0.6698685516481041,0.5973689566679166,0.7307345191281263,0.6755162241887905,"[[50, 0, 1, 5, 0, 0], [2, 25, 3, 14, 7, 3], [1, 2, 32, 11, 4, 5], [1, 4, 0, 53, 0, 0], [2, 5, 2, 8, 37, 2], [6, 6, 2, 9, 5, 32]]"
gem31lite,matched200_full,char3_5_tfidf_svm,simplify,simplify,339,18,0.6372121656269213,0.5623638428235346,0.7015470276157308,0.6489675516224189,"[[51, 1, 0, 3, 0, 1], [3, 19, 2, 15, 11, 4], [1, 4, 28, 11, 6, 5], [1, 3, 1, 52, 1, 0], [0, 8, 1, 5, 39, 3], [8, 6, 1, 9, 5, 31]]"
gem31lite,w200_prefix,shared_stylometry_nc,original,original,339,18,0.5388849605651195,0.4515239538852334,0.6177613017382583,0.5368731563421829,"[[38, 6, 4, 4, 3, 1], [5, 15, 2, 9, 6, 17], [3, 7, 36, 5, 0, 4], [4, 4, 8, 34, 0, 8], [2, 7, 3, 5, 30, 9], [5, 15, 4, 6, 1, 29]]"
gem31lite,w200_prefix,shared_stylometry_nc,original,paraphrase,339,18,0.308610006374234,0.21814755140664213,0.39130454077482735,0.36283185840707965,"[[33, 3, 0, 7, 0, 13], [9, 7, 5, 8, 0, 25], [2, 5, 12, 17, 0, 19], [7, 2, 9, 29, 0, 11], [7, 5, 6, 12, 0, 26], [6, 6, 1, 4, 1, 42]]"
gem31lite,w200_prefix,shared_stylometry_nc,original,modernize,339,18,0.3041323658424093,0.22737839074719085,0.3731720402936463,0.3421828908554572,"[[31, 5, 0, 3, 0, 17], [10, 6, 2, 7, 5, 24], [1, 7, 11, 13, 0, 23], [9, 5, 5, 23, 0, 16], [11, 5, 2, 7, 3, 28], [5, 9, 1, 2, 1, 42]]"
gem31lite,w200_prefix,shared_stylometry_nc,original,simplify,339,18,0.32636733970854687,0.26014701042033656,0.39136017741095347,0.37168141592920356,"[[37, 3, 0, 4, 0, 12], [9, 9, 2, 6, 5, 23], [1, 10, 6, 12, 1, 25], [12, 6, 3, 22, 0, 15], [11, 5, 2, 4, 6, 28], [4, 6, 1, 2, 1, 46]]"
gem31lite,w200_prefix,shared_stylometry_nc,paraphrase,original,339,18,0.3595829565788142,0.29765775830688357,0.41722641618491774,0.35988200589970504,"[[23, 19, 1, 2, 10, 1], [2, 26, 2, 4, 17, 3], [0, 12, 27, 4, 9, 3], [6, 15, 12, 17, 8, 0], [5, 22, 5, 1, 22, 1], [3, 20, 13, 2, 15, 7]]"
gem31lite,w200_prefix,shared_stylometry_nc,paraphrase,paraphrase,339,18,0.38105796656542473,0.29716356077533324,0.4612134499900872,0.3893805309734513,"[[33, 9, 0, 5, 3, 6], [5, 16, 7, 11, 3, 12], [1, 6, 16, 15, 5, 12], [10, 7, 11, 23, 2, 5], [6, 12, 8, 7, 12, 11], [5, 14, 2, 1, 6, 32]]"
gem31lite,w200_prefix,shared_stylometry_nc,paraphrase,modernize,339,18,0.3809673167670469,0.3158815035937264,0.44550353970561624,0.3775811209439528,"[[31, 12, 2, 4, 4, 3], [5, 20, 6, 7, 6, 10], [0, 12, 15, 8, 11, 9], [8, 16, 12, 15, 3, 4], [4, 15, 7, 2, 22, 6], [3, 16, 4, 4, 8, 25]]"
gem31lite,w200_prefix,shared_stylometry_nc,paraphrase,simplify,339,18,0.3536311732826574,0.28953955878385057,0.414296140842447,0.35693215339233036,"[[30, 14, 2, 2, 7, 1], [3, 22, 5, 6, 12, 6], [0, 12, 14, 8, 16, 5], [11, 15, 9, 9, 10, 4], [4, 15, 5, 1, 26, 5], [5, 15, 4, 2, 14, 20]]"
gem31lite,w200_prefix,shared_stylometry_nc,modernize,original,339,18,0.3942770818074317,0.31761582837818914,0.469470876112117,0.40117994100294985,"[[30, 9, 1, 5, 10, 1], [3, 12, 4, 6, 19, 10], [0, 7, 32, 7, 5, 4], [6, 5, 19, 17, 9, 2], [7, 9, 4, 2, 31, 3], [3, 13, 14, 4, 12, 14]]"
gem31lite,w200_prefix,shared_stylometry_nc,modernize,paraphrase,339,18,0.3606799179734029,0.27958726884455803,0.4397295098432584,0.3805309734513274,"[[33, 6, 1, 8, 1, 7], [5, 12, 4, 14, 2, 17], [0, 6, 16, 18, 1, 14], [6, 3, 12, 34, 0, 3], [7, 8, 7, 12, 6, 16], [2, 11, 5, 12, 2, 28]]"
gem31lite,w200_prefix,shared_stylometry_nc,modernize,modernize,339,18,0.41755424779739664,0.3373906694714071,0.49309760265295766,0.41887905604719766,"[[33, 10, 1, 5, 3, 4], [6, 15, 5, 9, 6, 13], [1, 6, 17, 13, 7, 11], [7, 7, 12, 29, 1, 2], [4, 10, 9, 5, 20, 8], [3, 14, 4, 6, 5, 28]]"
gem31lite,w200_prefix,shared_stylometry_nc,modernize,simplify,339,18,0.3761182915510432,0.3112793647769778,0.4406780371901727,0.3775811209439528,"[[32, 12, 2, 4, 4, 2], [7, 13, 4, 8, 8, 14], [0, 12, 17, 12, 6, 8], [10, 10, 11, 15, 7, 5], [6, 8, 6, 6, 23, 7], [6, 13, 7, 2, 4, 28]]"
gem31lite,w200_prefix,shared_stylometry_nc,simplify,original,339,18,0.3992902080910337,0.31979736031783856,0.4733807730043181,0.3952802359882006,"[[29, 9, 2, 8, 5, 3], [3, 11, 6, 8, 9, 17], [0, 7, 28, 10, 2, 8], [5, 6, 19, 20, 4, 4], [5, 10, 5, 3, 26, 7], [2, 17, 10, 5, 6, 20]]"
gem31lite,w200_prefix,shared_stylometry_nc,simplify,paraphrase,339,18,0.3714714704213584,0.28656693062878497,0.4541070967238205,0.3952802359882006,"[[34, 4, 3, 8, 0, 7], [5, 9, 5, 15, 2, 18], [0, 4, 19, 17, 1, 14], [6, 3, 12, 32, 0, 5], [5, 6, 9, 13, 6, 17], [1, 11, 7, 6, 1, 34]]"
gem31lite,w200_prefix,shared_stylometry_nc,simplify,modernize,339,18,0.35387912806391064,0.27665848590310077,0.4258641286901746,0.36283185840707965,"[[30, 9, 1, 5, 2, 9], [8, 9, 5, 10, 4, 18], [0, 9, 14, 15, 4, 13], [6, 6, 13, 28, 0, 5], [6, 12, 8, 7, 11, 12], [4, 16, 3, 5, 1, 31]]"
gem31lite,w200_prefix,shared_stylometry_nc,simplify,simplify,339,18,0.40555750783889377,0.3349344653236632,0.4723075585604049,0.40707964601769914,"[[32, 9, 0, 7, 4, 4], [7, 13, 4, 9, 4, 17], [0, 9, 21, 11, 3, 11], [5, 10, 10, 23, 4, 6], [6, 9, 6, 8, 17, 10], [7, 13, 4, 2, 2, 32]]"
gem31lite,w200_prefix,shared_function_words_nc,original,original,339,18,0.4671144654565707,0.3871045767430167,0.5440312237498539,0.471976401179941,"[[41, 5, 3, 4, 0, 3], [10, 5, 1, 16, 4, 18], [0, 9, 37, 4, 0, 5], [6, 11, 8, 21, 1, 11], [4, 5, 4, 5, 29, 9], [8, 10, 4, 6, 5, 27]]"
gem31lite,w200_prefix,shared_function_words_nc,original,paraphrase,339,18,0.3089464959104335,0.23779708664118213,0.38056296523354466,0.3392330383480826,"[[28, 4, 0, 5, 5, 14], [10, 6, 3, 16, 7, 12], [0, 10, 8, 22, 2, 13], [8, 5, 5, 28, 4, 8], [6, 8, 2, 12, 7, 21], [4, 9, 0, 1, 8, 38]]"
gem31lite,w200_prefix,shared_function_words_nc,original,modernize,339,18,0.3181468549932796,0.260357821349971,0.37618578690973387,0.3303834808259587,"[[29, 5, 1, 4, 5, 12], [10, 6, 1, 12, 8, 17], [0, 11, 14, 16, 3, 11], [9, 14, 3, 22, 2, 8], [7, 13, 3, 10, 7, 16], [6, 12, 0, 3, 5, 34]]"
gem31lite,w200_prefix,shared_function_words_nc,original,simplify,339,18,0.3257522296245122,0.2690080655742663,0.3831158109779892,0.3392330383480826,"[[33, 3, 0, 6, 3, 11], [10, 9, 1, 13, 6, 15], [1, 14, 10, 15, 5, 10], [10, 16, 1, 23, 2, 6], [10, 8, 2, 10, 10, 16], [6, 13, 0, 3, 8, 30]]"
gem31lite,w200_prefix,shared_function_words_nc,paraphrase,original,339,18,0.33303953214921056,0.26204153577307226,0.3981290621984824,0.3303834808259587,"[[29, 14, 0, 2, 7, 4], [4, 11, 7, 7, 9, 16], [0, 14, 25, 7, 3, 6], [7, 14, 11, 14, 7, 5], [8, 14, 7, 2, 10, 15], [7, 14, 6, 1, 9, 23]]"
gem31lite,w200_prefix,shared_function_words_nc,paraphrase,paraphrase,339,18,0.3515381345755126,0.28106427259873995,0.42156713832744697,0.36578171091445427,"[[31, 7, 1, 3, 5, 9], [7, 8, 10, 12, 5, 12], [0, 10, 18, 14, 3, 10], [9, 4, 12, 25, 6, 2], [7, 12, 7, 8, 9, 13], [7, 9, 3, 1, 7, 33]]"
gem31lite,w200_prefix,shared_function_words_nc,paraphrase,modernize,339,18,0.32642087540800224,0.26833101664407505,0.3839222072946133,0.3303834808259587,"[[30, 9, 2, 3, 6, 6], [7, 12, 7, 8, 6, 14], [0, 12, 15, 14, 4, 10], [9, 16, 9, 18, 3, 3], [6, 16, 7, 4, 8, 15], [4, 15, 3, 2, 7, 29]]"
gem31lite,w200_prefix,shared_function_words_nc,paraphrase,simplify,339,18,0.3393577611619673,0.2761172130900679,0.3997006410485622,0.3421828908554572,"[[35, 12, 0, 1, 4, 4], [8, 12, 3, 10, 6, 15], [0, 14, 18, 9, 6, 8], [12, 17, 10, 12, 4, 3], [7, 14, 5, 4, 13, 13], [8, 14, 4, 0, 8, 26]]"
gem31lite,w200_prefix,shared_function_words_nc,modernize,original,339,18,0.3583170597467944,0.2787460377461155,0.43795473002314694,0.36578171091445427,"[[30, 8, 0, 4, 9, 5], [4, 6, 8, 9, 10, 17], [0, 7, 29, 13, 1, 5], [6, 8, 14, 17, 8, 5], [7, 4, 6, 6, 16, 17], [7, 10, 7, 3, 7, 26]]"
gem31lite,w200_prefix,shared_function_words_nc,modernize,paraphrase,339,18,0.3269367825491915,0.25479887499596526,0.3986741511158869,0.3480825958702065,"[[30, 9, 0, 4, 4, 9], [7, 4, 5, 16, 8, 14], [0, 7, 16, 18, 3, 11], [11, 7, 14, 22, 1, 3], [7, 9, 6, 10, 9, 15], [6, 7, 5, 1, 4, 37]]"
gem31lite,w200_prefix,shared_function_words_nc,modernize,modernize,339,18,0.3389791771704224,0.2742130671455067,0.4042164309712814,0.35103244837758113,"[[30, 10, 0, 4, 5, 7], [8, 8, 5, 11, 7, 15], [0, 7, 16, 16, 5, 11], [8, 13, 11, 21, 2, 3], [6, 9, 7, 9, 10, 15], [7, 8, 3, 3, 5, 34]]"
gem31lite,w200_prefix,shared_function_words_nc,modernize,simplify,339,18,0.34775001254635446,0.28207072281077433,0.41345777193084876,0.35693215339233036,"[[31, 9, 0, 3, 9, 4], [9, 8, 3, 11, 8, 15], [0, 8, 16, 15, 6, 10], [9, 13, 8, 19, 5, 4], [7, 7, 5, 10, 13, 14], [7, 11, 3, 1, 4, 34]]"
gem31lite,w200_prefix,shared_function_words_nc,simplify,original,339,18,0.3541415489416147,0.279274907454815,0.42629769456507277,0.35988200589970504,"[[28, 11, 3, 6, 5, 3], [6, 6, 9, 7, 5, 21], [0, 7, 24, 13, 0, 11], [5, 7, 12, 24, 4, 6], [5, 6, 9, 6, 12, 18], [3, 12, 6, 3, 8, 28]]"
gem31lite,w200_prefix,shared_function_words_nc,simplify,paraphrase,339,18,0.3272338773847703,0.2523240232127821,0.4043778882349726,0.35103244837758113,"[[30, 9, 1, 4, 3, 9], [7, 6, 8, 15, 4, 14], [0, 7, 17, 19, 1, 11], [8, 7, 16, 24, 0, 3], [6, 11, 8, 11, 5, 15], [4, 9, 5, 1, 4, 37]]"
gem31lite,w200_prefix,shared_function_words_nc,simplify,modernize,339,18,0.3287763005044832,0.2632602937896706,0.3948055797065398,0.3421828908554572,"[[30, 11, 2, 2, 2, 9], [9, 7, 6, 15, 1, 16], [0, 6, 16, 15, 5, 13], [6, 10, 17, 20, 2, 3], [5, 11, 6, 11, 8, 15], [3, 12, 3, 2, 5, 35]]"
gem31lite,w200_prefix,shared_function_words_nc,simplify,simplify,339,18,0.32727462702002,0.26309250765575903,0.39075273186722254,0.3392330383480826,"[[32, 9, 1, 3, 5, 6], [8, 7, 4, 13, 3, 19], [0, 10, 14, 15, 5, 11], [9, 13, 8, 21, 2, 5], [6, 10, 5, 12, 9, 14], [6, 11, 4, 1, 6, 32]]"
gem31lite,w200_prefix,char3_5_tfidf_svm,original,original,339,18,0.7662698450730905,0.6909886091723655,0.8359922418078544,0.775811209439528,"[[52, 2, 1, 1, 0, 0], [3, 24, 3, 13, 7, 4], [1, 2, 43, 4, 3, 2], [2, 1, 3, 51, 0, 1], [0, 0, 2, 5, 46, 3], [3, 2, 4, 0, 4, 47]]"
gem31lite,w200_prefix,char3_5_tfidf_svm,original,paraphrase,339,18,0.4431383686003046,0.35908625513416975,0.5152933719420569,0.4778761061946903,"[[42, 1, 0, 12, 0, 1], [4, 3, 4, 34, 2, 7], [1, 1, 16, 30, 2, 5], [1, 0, 2, 53, 0, 2], [1, 1, 7, 26, 16, 5], [9, 0, 2, 16, 1, 32]]"
gem31lite,w200_prefix,char3_5_tfidf_svm,original,modernize,339,18,0.5341374613345059,0.45305334325224744,0.601041119965495,0.5811209439528023,"[[49, 0, 0, 6, 0, 1], [5, 2, 1, 27, 7, 12], [1, 1, 18, 25, 3, 7], [1, 0, 1, 54, 1, 1], [2, 0, 2, 13, 33, 6], [5, 1, 1, 11, 1, 41]]"
gem31lite,w200_prefix,char3_5_tfidf_svm,original,simplify,339,18,0.4872127142902103,0.40623496515319446,0.5550922692825043,0.5486725663716814,"[[47, 0, 0, 6, 1, 2], [6, 2, 1, 21, 9, 15], [2, 2, 11, 20, 10, 10], [2, 0, 1, 54, 0, 1], [1, 1, 1, 12, 29, 12], [4, 2, 1, 8, 2, 43]]"
gem31lite,w200_prefix,char3_5_tfidf_svm,paraphrase,original,339,18,0.5383426911952919,0.46349724346963755,0.6087273618722361,0.5427728613569321,"[[45, 7, 1, 2, 1, 0], [1, 24, 1, 7, 17, 4], [1, 12, 25, 5, 11, 1], [2, 9, 6, 38, 3, 0], [0, 13, 3, 0, 38, 2], [8, 16, 8, 3, 11, 14]]"
gem31lite,w200_prefix,char3_5_tfidf_svm,paraphrase,paraphrase,339,18,0.5690483120823678,0.4965288122668105,0.6373240539889499,0.5929203539823009,"[[52, 1, 0, 3, 0, 0], [7, 12, 2, 18, 10, 5], [1, 9, 21, 10, 9, 5], [2, 2, 2, 49, 3, 0], [2, 10, 3, 3, 35, 3], [13, 3, 2, 6, 4, 32]]"
gem31lite,w200_prefix,char3_5_tfidf_svm,paraphrase,modernize,339,18,0.5980149049177313,0.5284685338369521,0.6632648542062929,0.616519174041298,"[[51, 3, 0, 2, 0, 0], [5, 15, 3, 10, 18, 3], [1, 6, 25, 5, 13, 5], [3, 3, 1, 48, 2, 1], [0, 5, 3, 2, 46, 0], [5, 12, 3, 6, 10, 24]]"
gem31lite,w200_prefix,char3_5_tfidf_svm,paraphrase,simplify,339,18,0.5620646910530261,0.4991406350108687,0.6232094540912605,0.5722713864306784,"[[46, 5, 1, 3, 1, 0], [4, 16, 2, 9, 19, 4], [1, 7, 21, 6, 18, 2], [3, 5, 0, 43, 6, 1], [0, 6, 1, 3, 45, 1], [5, 11, 2, 3, 16, 23]]"
gem31lite,w200_prefix,char3_5_tfidf_svm,modernize,original,339,18,0.6084090694626002,0.5440755661822623,0.6718154056972405,0.6312684365781711,"[[51, 2, 1, 0, 2, 0], [5, 14, 1, 13, 16, 5], [2, 3, 37, 4, 7, 2], [2, 2, 5, 47, 1, 1], [1, 4, 2, 1, 44, 4], [8, 8, 10, 2, 11, 21]]"
gem31lite,w200_prefix,char3_5_tfidf_svm,modernize,paraphrase,339,18,0.5541898492596243,0.4688917965147553,0.6271921278674311,0.5752212389380531,"[[52, 1, 0, 3, 0, 0], [3, 14, 4, 21, 6, 6], [2, 6, 27, 11, 4, 5], [0, 3, 3, 51, 0, 1], [4, 11, 4, 9, 25, 3], [14, 2, 5, 10, 3, 26]]"
gem31lite,w200_prefix,char3_5_tfidf_svm,modernize,modernize,339,18,0.6192540901783781,0.5535722858584099,0.6784207230955454,0.6342182890855457,"[[52, 1, 0, 3, 0, 0], [4, 22, 1, 13, 10, 4], [1, 8, 24, 11, 6, 5], [1, 2, 2, 52, 0, 1], [0, 8, 2, 6, 39, 1], [10, 8, 2, 8, 6, 26]]"
gem31lite,w200_prefix,char3_5_tfidf_svm,modernize,simplify,339,18,0.5761233991846101,0.5104420457957304,0.637367797939968,0.5958702064896755,"[[49, 3, 1, 3, 0, 0], [5, 17, 2, 13, 12, 5], [1, 5, 19, 12, 14, 4], [1, 4, 0, 48, 4, 1], [1, 5, 1, 6, 42, 1], [10, 8, 2, 4, 9, 27]]"
gem31lite,w200_prefix,char3_5_tfidf_svm,simplify,original,339,18,0.5790709540256234,0.5081337805733743,0.6491757661584596,0.5958702064896755,"[[47, 3, 1, 4, 1, 0], [5, 16, 2, 15, 8, 8], [1, 2, 33, 15, 3, 1], [1, 2, 6, 47, 1, 1], [1, 6, 3, 3, 40, 3], [6, 9, 9, 8, 9, 19]]"
gem31lite,w200_prefix,char3_5_tfidf_svm,simplify,paraphrase,339,18,0.5362795270102665,0.4485379295135381,0.6127039091733282,0.56047197640118,"[[50, 0, 0, 6, 0, 0], [3, 10, 6, 22, 6, 7], [1, 3, 30, 14, 2, 5], [0, 1, 3, 53, 0, 1], [2, 8, 5, 16, 22, 3], [11, 1, 4, 16, 3, 25]]"
gem31lite,w200_prefix,char3_5_tfidf_svm,simplify,modernize,339,18,0.6287191386161056,0.5460584451444221,0.7022640865250689,0.640117994100295,"[[51, 0, 0, 5, 0, 0], [3, 19, 2, 17, 9, 4], [0, 5, 30, 12, 2, 6], [2, 1, 2, 52, 0, 1], [1, 7, 5, 7, 36, 0], [8, 4, 4, 11, 4, 29]]"
gem31lite,w200_prefix,char3_5_tfidf_svm,simplify,simplify,339,18,0.5705891566085068,0.4941704212258401,0.6386441716557523,0.5899705014749262,"[[49, 1, 1, 4, 0, 1], [6, 14, 3, 14, 11, 6], [1, 3, 24, 12, 7, 8], [1, 4, 0, 52, 0, 1], [1, 7, 1, 10, 35, 2], [9, 7, 2, 9, 7, 26]]"
gem31lite,w200_middle,shared_stylometry_nc,original,original,339,18,0.5100588221667391,0.4233569777653007,0.5880301028654233,0.5073746312684366,"[[33, 7, 3, 4, 0, 9], [11, 18, 3, 8, 4, 10], [5, 4, 32, 7, 1, 6], [10, 7, 8, 27, 0, 6], [1, 10, 2, 5, 31, 7], [9, 6, 5, 5, 4, 31]]"
gem31lite,w200_middle,shared_stylometry_nc,original,paraphrase,339,18,0.2913911841646883,0.2121322135012692,0.3657814817744689,0.3274336283185841,"[[24, 1, 4, 12, 0, 15], [11, 13, 5, 5, 0, 20], [4, 5, 13, 15, 1, 17], [9, 5, 10, 22, 0, 12], [9, 4, 10, 11, 1, 21], [8, 3, 5, 6, 0, 38]]"
gem31lite,w200_middle,shared_stylometry_nc,original,modernize,339,18,0.31212143577327095,0.23556321306942854,0.38074393826034253,0.3392330383480826,"[[29, 2, 0, 6, 0, 19], [15, 11, 3, 2, 0, 23], [3, 4, 14, 9, 1, 24], [14, 6, 5, 22, 0, 11], [10, 6, 4, 7, 3, 26], [10, 7, 2, 4, 1, 36]]"
gem31lite,w200_middle,shared_stylometry_nc,original,simplify,339,18,0.29992555174810775,0.23128620383820314,0.3683367517119222,0.3392330383480826,"[[32, 3, 0, 5, 0, 16], [10, 10, 2, 4, 1, 27], [1, 8, 9, 11, 1, 25], [14, 7, 3, 19, 0, 15], [9, 6, 3, 6, 3, 29], [9, 5, 1, 3, 0, 42]]"
gem31lite,w200_middle,shared_stylometry_nc,paraphrase,original,339,18,0.3431433156946895,0.27649638375838764,0.4105104412312463,0.3480825958702065,"[[24, 15, 1, 4, 11, 1], [2, 20, 7, 5, 18, 2], [0, 9, 25, 9, 8, 4], [9, 10, 15, 17, 6, 1], [1, 17, 8, 1, 26, 3], [3, 16, 16, 2, 17, 6]]"
gem31lite,w200_middle,shared_stylometry_nc,paraphrase,paraphrase,339,18,0.39992907975015823,0.32400069449183416,0.47085792689915007,0.41002949852507375,"[[37, 4, 2, 5, 4, 4], [3, 20, 4, 9, 7, 11], [0, 7, 14, 17, 8, 9], [9, 8, 12, 24, 2, 3], [3, 17, 7, 7, 11, 11], [7, 9, 3, 2, 6, 33]]"
gem31lite,w200_middle,shared_stylometry_nc,paraphrase,modernize,339,18,0.41133581466226393,0.3345412128907836,0.4827768140998969,0.41002949852507375,"[[32, 9, 2, 4, 8, 1], [4, 23, 6, 6, 7, 8], [0, 6, 18, 11, 11, 9], [9, 13, 11, 18, 4, 3], [2, 15, 7, 2, 21, 9], [5, 13, 4, 2, 9, 27]]"
gem31lite,w200_middle,shared_stylometry_nc,paraphrase,simplify,339,18,0.35376496971803434,0.2770350168372605,0.4264754124166307,0.35693215339233036,"[[32, 6, 2, 4, 11, 1], [2, 19, 4, 7, 15, 7], [0, 9, 15, 8, 19, 4], [10, 14, 12, 10, 7, 5], [4, 15, 4, 2, 26, 5], [8, 9, 5, 3, 16, 19]]"
gem31lite,w200_middle,shared_stylometry_nc,modernize,original,339,18,0.407168047392189,0.3389488318841012,0.474751402677146,0.41297935103244837,"[[27, 9, 3, 3, 12, 2], [2, 13, 7, 5, 23, 4], [0, 7, 31, 12, 3, 2], [11, 4, 16, 19, 6, 2], [1, 9, 7, 2, 34, 3], [3, 7, 11, 3, 20, 16]]"
gem31lite,w200_middle,shared_stylometry_nc,modernize,paraphrase,339,18,0.3519402866517444,0.2707281230204975,0.4265400122100071,0.3687315634218289,"[[24, 5, 1, 13, 0, 13], [5, 13, 6, 10, 6, 14], [0, 7, 18, 15, 3, 12], [6, 5, 13, 27, 1, 6], [4, 9, 11, 9, 7, 16], [4, 8, 5, 6, 1, 36]]"
gem31lite,w200_middle,shared_stylometry_nc,modernize,modernize,339,18,0.38048133688650854,0.30083902854786276,0.45515383676081966,0.3834808259587021,"[[26, 6, 1, 6, 6, 11], [4, 16, 8, 8, 5, 13], [0, 4, 18, 12, 9, 12], [9, 9, 11, 23, 3, 3], [4, 8, 8, 5, 17, 14], [8, 7, 6, 4, 5, 30]]"
gem31lite,w200_middle,shared_stylometry_nc,modernize,simplify,339,18,0.39400644213854835,0.3196114632095176,0.4650432912726241,0.40117994100294985,"[[32, 6, 0, 6, 7, 5], [4, 14, 5, 7, 7, 17], [2, 8, 19, 10, 8, 8], [10, 8, 14, 15, 6, 5], [4, 6, 8, 3, 24, 11], [8, 6, 6, 3, 5, 32]]"
gem31lite,w200_middle,shared_stylometry_nc,simplify,original,339,18,0.40391095329175825,0.33791286190496533,0.4713183994976591,0.40412979351032446,"[[22, 8, 4, 9, 8, 5], [2, 16, 8, 15, 9, 4], [0, 3, 32, 13, 2, 5], [11, 4, 17, 23, 3, 0], [1, 10, 9, 7, 24, 5], [3, 10, 11, 7, 9, 20]]"
gem31lite,w200_middle,shared_stylometry_nc,simplify,paraphrase,339,18,0.340839111814275,0.2605083500211649,0.41680712491787825,0.35693215339233036,"[[26, 5, 3, 12, 0, 10], [4, 12, 6, 17, 2, 13], [0, 6, 13, 22, 1, 13], [7, 6, 13, 28, 0, 4], [2, 10, 6, 15, 7, 16], [4, 8, 5, 7, 1, 35]]"
gem31lite,w200_middle,shared_stylometry_nc,simplify,modernize,339,18,0.3781941115369348,0.3084797063197665,0.446057549542554,0.3893805309734513,"[[31, 5, 1, 8, 2, 9], [5, 15, 8, 8, 4, 14], [0, 6, 16, 16, 4, 13], [8, 8, 11, 25, 2, 4], [5, 10, 7, 8, 11, 15], [7, 9, 4, 3, 3, 34]]"
gem31lite,w200_middle,shared_stylometry_nc,simplify,simplify,339,18,0.3549245951620375,0.2825486116025598,0.4239538824700758,0.35988200589970504,"[[34, 6, 0, 9, 2, 5], [5, 12, 4, 11, 5, 17], [0, 7, 18, 14, 6, 10], [6, 14, 15, 14, 5, 4], [3, 11, 5, 9, 13, 15], [9, 7, 7, 5, 1, 31]]"
gem31lite,w200_middle,shared_function_words_nc,original,original,339,18,0.4116169047453406,0.32971300702456346,0.48754699554859154,0.41297935103244837,"[[34, 5, 0, 11, 1, 5], [9, 7, 2, 16, 7, 13], [1, 6, 29, 11, 0, 8], [8, 16, 10, 22, 0, 2], [4, 7, 3, 4, 22, 16], [11, 6, 3, 5, 9, 26]]"
gem31lite,w200_middle,shared_function_words_nc,original,paraphrase,339,18,0.3137835830818377,0.24843533895380898,0.3747794864538718,0.3303834808259587,"[[32, 4, 1, 6, 1, 12], [7, 12, 2, 13, 6, 14], [0, 12, 8, 21, 4, 10], [7, 15, 8, 23, 1, 4], [6, 14, 4, 8, 7, 17], [7, 14, 1, 3, 5, 30]]"
gem31lite,w200_middle,shared_function_words_nc,original,modernize,339,18,0.3085678039392786,0.244147908681462,0.3718014777434751,0.32448377581120946,"[[33, 2, 1, 7, 1, 12], [11, 12, 1, 10, 7, 13], [2, 9, 8, 20, 3, 13], [10, 19, 6, 19, 1, 3], [10, 13, 1, 5, 10, 17], [8, 10, 1, 6, 7, 28]]"
gem31lite,w200_middle,shared_function_words_nc,original,simplify,339,18,0.3184886923091297,0.25458046110247945,0.37800476093913915,0.3392330383480826,"[[35, 3, 0, 6, 3, 9], [9, 7, 1, 13, 8, 16], [2, 12, 8, 13, 6, 14], [9, 21, 2, 21, 2, 3], [10, 9, 1, 7, 11, 18], [10, 7, 1, 4, 5, 33]]"
gem31lite,w200_middle,shared_function_words_nc,paraphrase,original,339,18,0.3532211720577059,0.29491393872389443,0.41212805164425764,0.35398230088495575,"[[29, 6, 3, 3, 13, 2], [5, 12, 7, 7, 13, 10], [0, 6, 27, 11, 6, 5], [11, 12, 15, 13, 5, 2], [3, 14, 4, 2, 18, 15], [8, 9, 4, 2, 16, 21]]"
gem31lite,w200_middle,shared_function_words_nc,paraphrase,paraphrase,339,18,0.3685166929797263,0.3065987727641223,0.4311382801763729,0.3805309734513274,"[[35, 3, 2, 2, 9, 5], [2, 15, 5, 13, 5, 14], [0, 6, 16, 16, 6, 11], [12, 7, 13, 20, 4, 2], [5, 11, 6, 7, 9, 18], [6, 9, 2, 2, 7, 34]]"
gem31lite,w200_middle,shared_function_words_nc,paraphrase,modernize,339,18,0.3625975248261855,0.30589857752362165,0.4190443712543423,0.3687315634218289,"[[36, 5, 4, 3, 7, 1], [8, 14, 3, 13, 3, 13], [0, 4, 18, 15, 7, 11], [10, 16, 8, 16, 4, 4], [5, 12, 6, 6, 13, 14], [7, 10, 3, 3, 9, 28]]"
gem31lite,w200_middle,shared_function_words_nc,paraphrase,simplify,339,18,0.34960427375606834,0.28645735789350807,0.412866208537416,0.35988200589970504,"[[37, 5, 2, 4, 6, 2], [5, 11, 4, 13, 5, 16], [0, 7, 15, 11, 13, 9], [12, 10, 10, 15, 7, 4], [6, 13, 3, 5, 14, 15], [9, 8, 3, 2, 8, 30]]"
gem31lite,w200_middle,shared_function_words_nc,modernize,original,339,18,0.3706984714817166,0.3028096231941897,0.4387753834141033,0.3746312684365782,"[[30, 8, 2, 5, 8, 3], [5, 10, 7, 10, 9, 13], [0, 6, 28, 12, 3, 6], [10, 10, 15, 17, 2, 4], [3, 7, 5, 5, 18, 18], [8, 8, 7, 3, 10, 24]]"
gem31lite,w200_middle,shared_function_words_nc,modernize,paraphrase,339,18,0.34893714619581534,0.2832448663960387,0.4143952387990106,0.36578171091445427,"[[31, 2, 3, 3, 3, 14], [4, 10, 5, 16, 3, 16], [0, 6, 17, 16, 4, 12], [9, 8, 16, 19, 1, 5], [4, 9, 6, 8, 9, 20], [6, 8, 2, 1, 5, 38]]"
gem31lite,w200_middle,shared_function_words_nc,modernize,modernize,339,18,0.3450457358793317,0.28542120109283836,0.40584035339404523,0.35693215339233036,"[[32, 5, 3, 2, 7, 7], [6, 10, 4, 17, 1, 16], [0, 5, 20, 15, 4, 11], [9, 12, 10, 19, 2, 6], [4, 9, 8, 7, 9, 19], [10, 6, 3, 2, 8, 31]]"
gem31lite,w200_middle,shared_function_words_nc,modernize,simplify,339,18,0.34907415764734706,0.2883495904802134,0.40837364288143707,0.35988200589970504,"[[32, 5, 2, 5, 9, 3], [4, 10, 5, 16, 2, 17], [1, 5, 17, 14, 6, 12], [11, 10, 10, 19, 3, 5], [6, 8, 5, 8, 12, 17], [9, 8, 2, 2, 7, 32]]"
gem31lite,w200_middle,shared_function_words_nc,simplify,original,339,18,0.35952769242628996,0.30011840050159294,0.4212045408362488,0.35988200589970504,"[[27, 7, 2, 8, 5, 7], [4, 9, 8, 14, 8, 11], [0, 6, 28, 10, 1, 10], [10, 13, 17, 16, 0, 2], [2, 11, 5, 5, 16, 17], [4, 13, 9, 2, 6, 26]]"
gem31lite,w200_middle,shared_function_words_nc,simplify,paraphrase,339,18,0.3229750385782012,0.25410513243506194,0.39353484863967236,0.3392330383480826,"[[27, 5, 3, 3, 4, 14], [3, 9, 7, 16, 4, 15], [0, 7, 14, 17, 2, 15], [7, 10, 16, 20, 1, 4], [3, 9, 7, 9, 7, 21], [4, 11, 1, 2, 4, 38]]"
gem31lite,w200_middle,shared_function_words_nc,simplify,modernize,339,18,0.3481423653825009,0.2893029430595523,0.4079075781945806,0.35988200589970504,"[[31, 4, 3, 5, 4, 9], [6, 9, 6, 16, 1, 16], [0, 5, 20, 13, 6, 11], [8, 11, 12, 19, 2, 6], [4, 10, 7, 7, 10, 18], [7, 7, 3, 2, 8, 33]]"
gem31lite,w200_middle,shared_function_words_nc,simplify,simplify,339,18,0.31329968389631535,0.25463844976818295,0.37495049799792707,0.3274336283185841,"[[30, 5, 2, 7, 6, 6], [6, 6, 5, 16, 2, 19], [0, 9, 14, 13, 6, 13], [9, 9, 14, 16, 5, 5], [4, 10, 6, 8, 11, 17], [8, 6, 3, 2, 7, 34]]"
gem31lite,w200_middle,char3_5_tfidf_svm,original,original,339,18,0.7209189755702031,0.6533016847318097,0.7840838511381714,0.7315634218289085,"[[49, 3, 1, 2, 0, 1], [3, 22, 4, 11, 11, 3], [2, 3, 39, 7, 1, 3], [1, 2, 2, 52, 1, 0], [0, 3, 2, 2, 45, 4], [5, 0, 4, 2, 8, 41]]"
gem31lite,w200_middle,char3_5_tfidf_svm,original,paraphrase,339,18,0.44470941000088193,0.3538446674449606,0.5244709149737472,0.4690265486725664,"[[38, 2, 1, 11, 0, 4], [2, 6, 2, 29, 3, 12], [1, 1, 19, 27, 2, 5], [0, 1, 0, 56, 0, 1], [0, 2, 5, 28, 14, 7], [5, 3, 5, 21, 0, 26]]"
gem31lite,w200_middle,char3_5_tfidf_svm,original,modernize,339,18,0.49128804202333615,0.4184572147272166,0.559713532513715,0.5250737463126843,"[[43, 1, 0, 8, 0, 4], [5, 6, 3, 18, 10, 12], [1, 1, 16, 22, 5, 10], [1, 0, 1, 54, 1, 1], [1, 0, 2, 13, 28, 12], [5, 4, 1, 14, 5, 31]]"
gem31lite,w200_middle,char3_5_tfidf_svm,original,simplify,339,18,0.4684107375331121,0.3862023997051568,0.541472186132523,0.5132743362831859,"[[43, 0, 0, 6, 1, 6], [3, 3, 2, 17, 10, 19], [1, 1, 13, 19, 9, 12], [2, 1, 2, 49, 1, 3], [1, 2, 1, 10, 28, 14], [7, 1, 0, 12, 2, 38]]"
gem31lite,w200_middle,char3_5_tfidf_svm,paraphrase,original,339,18,0.5171297406438548,0.43455212578445734,0.5939628635211963,0.5250737463126843,"[[42, 5, 0, 4, 5, 0], [4, 20, 8, 7, 13, 2], [0, 10, 28, 7, 7, 3], [7, 7, 3, 37, 1, 3], [1, 11, 7, 0, 37, 0], [4, 13, 9, 3, 17, 14]]"
gem31lite,w200_middle,char3_5_tfidf_svm,paraphrase,paraphrase,339,18,0.5915726361246642,0.509190327229699,0.6703981271699326,0.6017699115044248,"[[49, 2, 0, 4, 1, 0], [2, 21, 2, 13, 12, 4], [2, 4, 22, 12, 8, 7], [1, 4, 1, 48, 3, 1], [0, 12, 4, 4, 35, 1], [7, 8, 2, 8, 6, 29]]"
gem31lite,w200_middle,char3_5_tfidf_svm,paraphrase,modernize,339,18,0.6042922541092228,0.5348660098583234,0.6694628328565613,0.6194690265486725,"[[50, 3, 1, 2, 0, 0], [4, 18, 4, 11, 14, 3], [1, 7, 27, 6, 8, 6], [2, 2, 2, 48, 3, 1], [1, 7, 2, 1, 42, 3], [6, 5, 3, 10, 11, 25]]"
gem31lite,w200_middle,char3_5_tfidf_svm,paraphrase,simplify,339,18,0.5556436645884404,0.48570083720453205,0.6228841220096762,0.5722713864306784,"[[49, 2, 1, 2, 2, 0], [5, 14, 2, 12, 19, 2], [1, 7, 20, 8, 11, 8], [1, 4, 3, 41, 7, 2], [0, 7, 1, 4, 44, 0], [5, 7, 5, 8, 9, 26]]"
gem31lite,w200_middle,char3_5_tfidf_svm,modernize,original,339,18,0.5867556287583385,0.5119446664784152,0.6615551094235746,0.6135693215339233,"[[47, 2, 2, 4, 1, 0], [5, 15, 6, 11, 15, 2], [1, 3, 41, 3, 3, 4], [4, 2, 5, 46, 1, 0], [0, 7, 4, 1, 43, 1], [10, 4, 9, 8, 13, 16]]"
gem31lite,w200_middle,char3_5_tfidf_svm,modernize,paraphrase,339,18,0.6437921262768999,0.563406914308479,0.7178043779899583,0.6548672566371682,"[[50, 1, 0, 4, 1, 0], [3, 21, 5, 14, 7, 4], [1, 2, 35, 9, 2, 6], [0, 0, 3, 53, 1, 1], [1, 8, 4, 6, 33, 4], [8, 3, 6, 11, 2, 30]]"
gem31lite,w200_middle,char3_5_tfidf_svm,modernize,modernize,339,18,0.6373581729062849,0.5581633657650085,0.7084855444892896,0.6489675516224189,"[[49, 1, 1, 4, 1, 0], [5, 22, 1, 13, 10, 3], [1, 5, 28, 9, 7, 5], [1, 3, 0, 52, 0, 2], [1, 8, 2, 1, 41, 3], [7, 5, 2, 11, 7, 28]]"
gem31lite,w200_middle,char3_5_tfidf_svm,modernize,simplify,339,18,0.6186990369374444,0.5558735909151661,0.6797152648213443,0.6312684365781711,"[[51, 1, 1, 2, 1, 0], [7, 19, 1, 11, 13, 3], [1, 4, 27, 9, 10, 4], [0, 3, 1, 48, 4, 2], [1, 7, 1, 4, 41, 2], [6, 4, 2, 9, 11, 28]]"
gem31lite,w200_middle,char3_5_tfidf_svm,simplify,original,339,18,0.5807866566941625,0.5028928675203249,0.6554328288971755,0.5988200589970502,"[[42, 2, 4, 5, 2, 1], [5, 13, 7, 12, 14, 3], [1, 4, 34, 11, 2, 3], [2, 1, 2, 50, 0, 3], [1, 6, 7, 2, 38, 2], [6, 5, 5, 9, 9, 26]]"
gem31lite,w200_middle,char3_5_tfidf_svm,simplify,paraphrase,339,18,0.5648274859247205,0.48272685555592737,0.6358820079557314,0.5781710914454278,"[[48, 2, 0, 6, 0, 0], [3, 16, 6, 21, 4, 4], [1, 1, 28, 14, 5, 6], [0, 1, 3, 52, 1, 1], [2, 6, 6, 11, 27, 4], [8, 4, 6, 15, 2, 25]]"
gem31lite,w200_middle,char3_5_tfidf_svm,simplify,modernize,339,18,0.5919717009937147,0.5268816751174378,0.6544063814694652,0.6076696165191741,"[[48, 2, 1, 5, 0, 0], [4, 16, 5, 16, 8, 5], [1, 1, 29, 12, 3, 9], [1, 2, 2, 52, 0, 1], [1, 5, 4, 8, 36, 2], [8, 5, 3, 12, 7, 25]]"
gem31lite,w200_middle,char3_5_tfidf_svm,simplify,simplify,339,18,0.5652492317813119,0.49806891579360385,0.629908325963613,0.5811209439528023,"[[48, 2, 1, 3, 0, 2], [4, 13, 3, 15, 13, 6], [1, 6, 25, 11, 4, 8], [1, 3, 3, 49, 0, 2], [1, 8, 0, 8, 36, 3], [5, 4, 4, 13, 8, 26]]"
gem31lite,w200_suffix,shared_stylometry_nc,original,original,339,18,0.5317804728013079,0.43070549544353953,0.6202028580038345,0.5339233038348082,"[[41, 5, 3, 4, 0, 3], [5, 16, 4, 6, 11, 12], [4, 5, 35, 3, 2, 6], [7, 4, 10, 34, 0, 3], [0, 10, 3, 2, 33, 8], [5, 15, 6, 3, 9, 22]]"
gem31lite,w200_suffix,shared_stylometry_nc,original,paraphrase,339,18,0.2951931978586983,0.2195444610125368,0.36606568647474347,0.3274336283185841,"[[24, 0, 2, 18, 0, 12], [5, 8, 4, 14, 2, 21], [1, 4, 15, 15, 1, 19], [7, 3, 12, 28, 0, 8], [4, 5, 10, 18, 2, 17], [5, 4, 10, 7, 0, 34]]"
gem31lite,w200_suffix,shared_stylometry_nc,original,modernize,339,18,0.35303965429023904,0.2729615058744275,0.4296614358280815,0.3834808259587021,"[[31, 1, 0, 11, 0, 13], [9, 9, 2, 8, 3, 23], [0, 3, 17, 13, 1, 21], [13, 1, 7, 28, 1, 8], [6, 6, 6, 8, 5, 25], [5, 6, 2, 6, 1, 40]]"
gem31lite,w200_suffix,shared_stylometry_nc,original,simplify,339,18,0.32854967835621524,0.2517872162424627,0.40298500881238747,0.36578171091445427,"[[31, 2, 0, 11, 0, 12], [9, 6, 0, 10, 2, 27], [0, 4, 10, 17, 3, 21], [14, 1, 5, 26, 0, 12], [6, 3, 4, 10, 8, 25], [8, 3, 2, 3, 1, 43]]"
gem31lite,w200_suffix,shared_stylometry_nc,paraphrase,original,339,18,0.29739494173534403,0.24200988847154092,0.3528828778875246,0.31268436578171094,"[[21, 14, 1, 5, 13, 2], [5, 22, 4, 6, 15, 2], [1, 11, 18, 14, 10, 1], [12, 10, 11, 15, 8, 2], [0, 20, 5, 1, 28, 2], [5, 21, 9, 0, 23, 2]]"
gem31lite,w200_suffix,shared_stylometry_nc,paraphrase,paraphrase,339,18,0.3866434432385142,0.31762553526653625,0.4528999671668258,0.3952802359882006,"[[32, 4, 1, 10, 6, 3], [6, 18, 5, 8, 6, 11], [0, 4, 15, 16, 11, 9], [12, 7, 12, 22, 2, 3], [3, 13, 9, 7, 12, 12], [4, 9, 3, 4, 5, 35]]"
gem31lite,w200_suffix,shared_stylometry_nc,paraphrase,modernize,339,18,0.3777740136262147,0.30954760073140697,0.4436681853297464,0.3805309734513274,"[[33, 7, 0, 3, 10, 3], [4, 22, 4, 6, 11, 7], [0, 6, 12, 13, 15, 9], [11, 12, 10, 16, 4, 5], [2, 17, 4, 3, 21, 9], [6, 14, 2, 3, 10, 25]]"
gem31lite,w200_suffix,shared_stylometry_nc,paraphrase,simplify,339,18,0.36264005481152134,0.2974460505474692,0.42429111169981165,0.36578171091445427,"[[34, 7, 0, 4, 10, 1], [7, 18, 2, 5, 15, 7], [2, 6, 15, 8, 18, 6], [10, 15, 9, 11, 8, 5], [1, 18, 4, 3, 26, 4], [7, 8, 4, 3, 18, 20]]"
gem31lite,w200_suffix,shared_stylometry_nc,modernize,original,339,18,0.3631595452428675,0.2901502168203353,0.4358959109438716,0.3775811209439528,"[[24, 9, 1, 8, 11, 3], [4, 14, 6, 5, 19, 6], [1, 5, 29, 12, 6, 2], [15, 4, 14, 18, 4, 3], [1, 6, 7, 1, 35, 6], [5, 15, 14, 3, 15, 8]]"
gem31lite,w200_suffix,shared_stylometry_nc,modernize,paraphrase,339,18,0.3411114901107746,0.27577792627152914,0.406963367643673,0.35988200589970504,"[[27, 4, 1, 13, 2, 9], [5, 13, 6, 9, 4, 17], [1, 2, 17, 16, 8, 11], [7, 5, 15, 23, 0, 8], [3, 10, 13, 8, 5, 17], [3, 8, 5, 6, 1, 37]]"
gem31lite,w200_suffix,shared_stylometry_nc,modernize,modernize,339,18,0.3980450303325207,0.32158523165685865,0.47022123171437485,0.40707964601769914,"[[36, 6, 0, 5, 5, 4], [5, 15, 6, 6, 11, 11], [1, 2, 16, 13, 11, 12], [12, 8, 10, 21, 1, 6], [4, 10, 8, 4, 17, 13], [6, 8, 5, 4, 4, 33]]"
gem31lite,w200_suffix,shared_stylometry_nc,modernize,simplify,339,18,0.4043227004223468,0.32921703330338137,0.4795037308106119,0.41002949852507375,"[[35, 5, 0, 5, 9, 2], [5, 13, 3, 6, 13, 14], [1, 3, 19, 11, 12, 9], [10, 9, 8, 19, 5, 7], [4, 10, 7, 4, 23, 8], [8, 7, 5, 2, 8, 30]]"
gem31lite,w200_suffix,shared_stylometry_nc,simplify,original,339,18,0.3958893129754982,0.31909151114207135,0.4701201016446574,0.3952802359882006,"[[24, 5, 5, 12, 6, 4], [2, 16, 7, 8, 11, 10], [0, 4, 29, 15, 3, 4], [8, 5, 14, 22, 4, 5], [1, 7, 9, 1, 27, 11], [3, 15, 12, 5, 9, 16]]"
gem31lite,w200_suffix,shared_stylometry_nc,simplify,paraphrase,339,18,0.34372703258864457,0.2701134708948816,0.41404517507948546,0.35988200589970504,"[[26, 3, 2, 15, 1, 9], [6, 9, 5, 12, 3, 19], [0, 4, 19, 16, 3, 13], [6, 5, 13, 28, 0, 6], [2, 9, 10, 12, 7, 16], [2, 9, 8, 8, 0, 33]]"
gem31lite,w200_suffix,shared_stylometry_nc,simplify,modernize,339,18,0.402120117582432,0.3212652696774778,0.47764860379581897,0.40707964601769914,"[[34, 3, 3, 7, 2, 7], [3, 17, 7, 11, 6, 10], [0, 4, 17, 15, 7, 12], [8, 6, 13, 25, 0, 6], [3, 9, 9, 6, 14, 15], [6, 8, 7, 5, 3, 31]]"
gem31lite,w200_suffix,shared_stylometry_nc,simplify,simplify,339,18,0.395280839447512,0.32695920383246074,0.4616802163535849,0.40117994100294985,"[[34, 6, 0, 7, 4, 5], [5, 12, 5, 11, 7, 14], [0, 4, 20, 12, 8, 11], [7, 13, 12, 19, 1, 6], [2, 14, 6, 5, 16, 13], [7, 6, 5, 4, 3, 35]]"
gem31lite,w200_suffix,shared_function_words_nc,original,original,339,18,0.47420804122407395,0.3900476024175068,0.5491582428783727,0.4749262536873156,"[[38, 3, 1, 6, 0, 8], [6, 10, 3, 6, 8, 21], [3, 4, 33, 7, 3, 5], [8, 12, 9, 24, 1, 4], [1, 7, 3, 4, 34, 7], [7, 15, 4, 4, 8, 22]]"
gem31lite,w200_suffix,shared_function_words_nc,original,paraphrase,339,18,0.2892716056522322,0.2278840486046236,0.35549803498466004,0.32448377581120946,"[[26, 3, 0, 11, 0, 16], [9, 3, 0, 19, 4, 19], [0, 6, 9, 20, 5, 15], [6, 4, 12, 28, 1, 7], [5, 6, 3, 17, 6, 19], [5, 9, 0, 5, 3, 38]]"
gem31lite,w200_suffix,shared_function_words_nc,original,modernize,339,18,0.33519704995660254,0.25814174551228014,0.4062329211616112,0.35988200589970504,"[[26, 3, 0, 12, 0, 15], [9, 7, 2, 14, 5, 17], [2, 5, 11, 18, 5, 14], [9, 3, 5, 30, 1, 10], [5, 6, 2, 12, 11, 20], [8, 7, 0, 3, 5, 37]]"
gem31lite,w200_suffix,shared_function_words_nc,original,simplify,339,18,0.3185867461667255,0.24486803091656223,0.3844803370147021,0.34513274336283184,"[[33, 2, 0, 9, 1, 11], [10, 3, 0, 17, 4, 20], [1, 7, 7, 15, 9, 16], [9, 13, 3, 23, 3, 7], [3, 5, 2, 11, 16, 19], [9, 7, 1, 2, 6, 35]]"
gem31lite,w200_suffix,shared_function_words_nc,paraphrase,original,339,18,0.33201335779842167,0.25755923946654935,0.39983795980877856,0.3333333333333333,"[[30, 10, 1, 7, 4, 4], [5, 9, 5, 8, 11, 16], [0, 7, 17, 12, 7, 12], [13, 11, 11, 12, 6, 5], [2, 9, 7, 1, 21, 16], [6, 15, 3, 3, 9, 24]]"
gem31lite,w200_suffix,shared_function_words_nc,paraphrase,paraphrase,339,18,0.31439161686179845,0.2509622016158132,0.37896858115443993,0.336283185840708,"[[34, 4, 2, 4, 6, 6], [7, 7, 7, 12, 5, 16], [1, 5, 12, 14, 11, 12], [13, 8, 15, 15, 3, 4], [5, 8, 6, 8, 10, 19], [8, 7, 1, 1, 7, 36]]"
gem31lite,w200_suffix,shared_function_words_nc,paraphrase,modernize,339,18,0.3374200057226182,0.2736643333974967,0.4029861381316141,0.35103244837758113,"[[37, 4, 1, 4, 8, 2], [6, 9, 7, 12, 3, 17], [0, 5, 12, 15, 13, 10], [14, 13, 10, 16, 2, 3], [5, 11, 6, 4, 14, 16], [6, 9, 3, 2, 9, 31]]"
gem31lite,w200_suffix,shared_function_words_nc,paraphrase,simplify,339,18,0.3293525073642017,0.2627072363242688,0.3949717897028306,0.3421828908554572,"[[38, 6, 1, 4, 6, 1], [7, 7, 4, 14, 6, 16], [2, 5, 14, 11, 15, 8], [11, 8, 10, 15, 9, 5], [6, 12, 5, 5, 15, 13], [11, 8, 1, 2, 11, 27]]"
gem31lite,w200_suffix,shared_function_words_nc,modernize,original,339,18,0.36147643456544026,0.29483544895431296,0.4271441446634598,0.35988200589970504,"[[26, 10, 4, 6, 5, 5], [4, 9, 10, 7, 7, 17], [0, 6, 24, 14, 5, 6], [12, 13, 9, 15, 4, 5], [2, 6, 6, 3, 22, 17], [4, 16, 6, 4, 4, 26]]"
gem31lite,w200_suffix,shared_function_words_nc,modernize,paraphrase,339,18,0.33932118723829613,0.27182596187303926,0.40800988424634116,0.35988200589970504,"[[30, 3, 3, 4, 5, 11], [5, 9, 6, 12, 3, 19], [0, 3, 15, 16, 6, 15], [9, 10, 12, 20, 0, 7], [7, 6, 10, 7, 9, 17], [6, 8, 1, 2, 4, 39]]"
gem31lite,w200_suffix,shared_function_words_nc,modernize,modernize,339,18,0.32535477841246874,0.25621456750846094,0.3932459906238431,0.3392330383480826,"[[34, 5, 0, 3, 10, 4], [6, 8, 6, 11, 6, 17], [1, 5, 13, 15, 8, 13], [9, 14, 10, 16, 2, 7], [6, 8, 6, 7, 12, 17], [8, 7, 3, 3, 7, 32]]"
gem31lite,w200_suffix,shared_function_words_nc,modernize,simplify,339,18,0.3275381285594487,0.2605089901234554,0.39633152060601223,0.3392330383480826,"[[35, 6, 1, 5, 7, 2], [5, 9, 5, 12, 5, 18], [1, 5, 15, 12, 9, 13], [11, 10, 11, 15, 5, 6], [7, 7, 6, 5, 13, 18], [10, 7, 3, 2, 10, 28]]"
gem31lite,w200_suffix,shared_function_words_nc,simplify,original,339,18,0.335531582941854,0.2690374874620137,0.4009751206262543,0.336283185840708,"[[25, 5, 2, 11, 3, 10], [2, 7, 11, 9, 7, 18], [0, 4, 27, 12, 1, 11], [8, 12, 11, 18, 4, 5], [2, 9, 12, 4, 12, 17], [2, 17, 8, 4, 4, 25]]"
gem31lite,w200_suffix,shared_function_words_nc,simplify,paraphrase,339,18,0.31972155351759585,0.25224494742083803,0.38711682680658716,0.3333333333333333,"[[29, 1, 2, 8, 2, 14], [4, 7, 9, 11, 3, 20], [0, 4, 16, 15, 4, 16], [8, 9, 17, 16, 1, 7], [5, 9, 11, 6, 10, 15], [5, 10, 7, 1, 2, 35]]"
gem31lite,w200_suffix,shared_function_words_nc,simplify,modernize,339,18,0.31668671736087467,0.24982124368375477,0.38348252754139805,0.3274336283185841,"[[29, 3, 2, 6, 7, 9], [6, 7, 8, 14, 4, 15], [0, 4, 16, 15, 6, 14], [9, 12, 16, 16, 0, 5], [5, 9, 9, 7, 11, 15], [5, 10, 4, 4, 5, 32]]"
gem31lite,w200_suffix,shared_function_words_nc,simplify,simplify,339,18,0.32600131888791684,0.2659657299065019,0.387308011133495,0.336283185840708,"[[34, 5, 2, 6, 5, 4], [5, 6, 5, 14, 4, 20], [0, 3, 16, 13, 10, 13], [7, 11, 12, 17, 4, 7], [4, 13, 5, 7, 12, 15], [11, 8, 2, 2, 8, 29]]"
gem31lite,w200_suffix,char3_5_tfidf_svm,original,original,339,18,0.7450438355143021,0.6621595909355756,0.8179399949661343,0.7640117994100295,"[[52, 0, 0, 2, 1, 1], [9, 17, 3, 9, 9, 7], [0, 1, 46, 2, 3, 3], [3, 0, 3, 51, 0, 1], [0, 0, 2, 1, 47, 6], [2, 1, 1, 3, 7, 46]]"
gem31lite,w200_suffix,char3_5_tfidf_svm,original,paraphrase,339,18,0.47540402182906155,0.3845658486060995,0.5595112869135067,0.48672566371681414,"[[40, 0, 0, 14, 0, 2], [0, 11, 3, 32, 2, 6], [1, 1, 21, 22, 5, 5], [2, 0, 4, 52, 0, 0], [0, 2, 5, 25, 13, 11], [4, 3, 3, 22, 0, 28]]"
gem31lite,w200_suffix,char3_5_tfidf_svm,original,modernize,339,18,0.49568208012838477,0.4127380755213843,0.5685517348987541,0.5221238938053098,"[[45, 0, 1, 10, 0, 0], [4, 7, 2, 21, 10, 10], [0, 2, 18, 23, 4, 8], [3, 0, 2, 50, 1, 2], [0, 0, 2, 16, 23, 15], [4, 2, 1, 13, 6, 34]]"
gem31lite,w200_suffix,char3_5_tfidf_svm,original,simplify,339,18,0.5073034940357817,0.42711966234710447,0.5795741908804879,0.5427728613569321,"[[48, 0, 0, 6, 0, 2], [4, 9, 2, 14, 10, 15], [0, 1, 11, 22, 11, 10], [4, 1, 3, 46, 1, 3], [0, 0, 1, 10, 31, 14], [5, 1, 0, 11, 4, 39]]"
gem31lite,w200_suffix,char3_5_tfidf_svm,paraphrase,original,339,18,0.5438788525053296,0.4630003674506606,0.621024883560527,0.5634218289085545,"[[46, 6, 1, 2, 1, 0], [1, 35, 3, 5, 9, 1], [2, 10, 27, 7, 9, 0], [7, 4, 1, 41, 4, 1], [1, 17, 2, 2, 34, 0], [10, 20, 3, 4, 15, 8]]"
gem31lite,w200_suffix,char3_5_tfidf_svm,paraphrase,paraphrase,339,18,0.5713789536742214,0.49157177855473144,0.6463979265771187,0.5811209439528023,"[[48, 2, 1, 5, 0, 0], [6, 17, 0, 10, 16, 5], [1, 4, 26, 11, 7, 6], [3, 3, 2, 45, 4, 1], [0, 9, 4, 5, 35, 3], [4, 10, 3, 10, 7, 26]]"
gem31lite,w200_suffix,char3_5_tfidf_svm,paraphrase,modernize,339,18,0.5853437074594142,0.5163215375348627,0.6483625702280371,0.5958702064896755,"[[50, 3, 1, 2, 0, 0], [4, 21, 1, 7, 18, 3], [1, 4, 23, 10, 11, 6], [4, 1, 4, 44, 4, 1], [0, 9, 0, 4, 40, 3], [4, 12, 3, 5, 12, 24]]"
gem31lite,w200_suffix,char3_5_tfidf_svm,paraphrase,simplify,339,18,0.5127865196614245,0.449733459078848,0.5735537690009461,0.5250737463126843,"[[48, 4, 1, 2, 1, 0], [4, 18, 2, 8, 20, 2], [0, 3, 20, 7, 18, 7], [5, 7, 2, 37, 7, 0], [0, 12, 0, 2, 41, 1], [3, 13, 5, 7, 18, 14]]"
gem31lite,w200_suffix,char3_5_tfidf_svm,modernize,original,339,18,0.6048803166874027,0.5288573228214398,0.6811739424431348,0.6253687315634219,"[[50, 3, 1, 2, 0, 0], [4, 22, 5, 7, 13, 3], [0, 4, 38, 5, 5, 3], [4, 1, 4, 47, 2, 0], [0, 8, 2, 3, 42, 1], [7, 15, 5, 2, 18, 13]]"
gem31lite,w200_suffix,char3_5_tfidf_svm,modernize,paraphrase,339,18,0.6309198146691299,0.5556516654753985,0.707486309568342,0.640117994100295,"[[49, 2, 0, 5, 0, 0], [4, 21, 3, 15, 7, 4], [0, 2, 34, 10, 4, 5], [1, 1, 2, 53, 0, 1], [0, 8, 5, 10, 30, 3], [7, 6, 4, 10, 3, 30]]"
gem31lite,w200_suffix,char3_5_tfidf_svm,modernize,modernize,339,18,0.6462298266633573,0.5842788999496581,0.7068580413925218,0.6548672566371682,"[[50, 1, 1, 4, 0, 0], [2, 25, 3, 10, 10, 4], [1, 3, 28, 11, 7, 5], [1, 2, 2, 52, 1, 0], [1, 9, 2, 4, 36, 4], [6, 9, 1, 5, 8, 31]]"
gem31lite,w200_suffix,char3_5_tfidf_svm,modernize,simplify,339,18,0.6042879176535073,0.5416376557963101,0.6644713126112002,0.6194690265486725,"[[52, 2, 1, 1, 0, 0], [6, 19, 1, 10, 14, 4], [1, 3, 23, 10, 13, 5], [0, 2, 2, 49, 4, 1], [1, 8, 0, 4, 41, 2], [6, 9, 0, 8, 11, 26]]"
gem31lite,w200_suffix,char3_5_tfidf_svm,simplify,original,339,18,0.6085068006475504,0.5197978730018563,0.688630811102481,0.6253687315634219,"[[44, 1, 1, 7, 1, 2], [3, 21, 4, 12, 11, 3], [0, 5, 34, 10, 2, 4], [3, 1, 3, 49, 1, 1], [0, 4, 2, 3, 46, 1], [9, 10, 5, 7, 11, 18]]"
gem31lite,w200_suffix,char3_5_tfidf_svm,simplify,paraphrase,339,18,0.5644743864022272,0.47887122830861506,0.6380905508432749,0.5752212389380531,"[[49, 1, 0, 6, 0, 0], [2, 19, 4, 19, 6, 4], [0, 1, 27, 15, 5, 7], [1, 2, 4, 51, 0, 0], [1, 7, 8, 14, 23, 3], [7, 10, 4, 12, 1, 26]]"
gem31lite,w200_suffix,char3_5_tfidf_svm,simplify,modernize,339,18,0.5953350763343245,0.5278147107670718,0.6577344009567765,0.6047197640117994,"[[49, 0, 1, 5, 0, 1], [3, 23, 4, 12, 8, 4], [1, 3, 25, 17, 3, 6], [2, 3, 3, 49, 1, 0], [2, 5, 2, 7, 33, 7], [6, 12, 3, 8, 5, 26]]"
gem31lite,w200_suffix,char3_5_tfidf_svm,simplify,simplify,339,18,0.5434747454237682,0.470940446478454,0.6098876440091756,0.5575221238938053,"[[49, 3, 0, 3, 0, 1], [6, 14, 3, 13, 14, 4], [1, 5, 21, 14, 6, 8], [2, 6, 4, 44, 2, 0], [0, 7, 3, 6, 35, 5], [5, 11, 3, 7, 8, 26]]"
azure_replication,valid_full,shared_stylometry_nc,original,original,315,18,0.6287354836244259,0.5426745344290368,0.7133911766940046,0.6285714285714286,"[[47, 5, 2, 2, 0, 1], [7, 25, 3, 3, 6, 10], [1, 4, 38, 0, 0, 3], [5, 5, 7, 35, 1, 3], [0, 8, 1, 3, 27, 9], [0, 13, 4, 6, 5, 26]]"
azure_replication,valid_full,shared_stylometry_nc,original,paraphrase,315,18,0.5114992316080006,0.4138600820902237,0.6073390783788793,0.5079365079365079,"[[40, 9, 0, 2, 1, 5], [4, 20, 1, 2, 12, 15], [2, 7, 16, 6, 3, 12], [7, 6, 4, 27, 1, 11], [0, 10, 1, 2, 25, 10], [0, 14, 0, 4, 4, 32]]"
azure_replication,valid_full,shared_stylometry_nc,original,modernize,315,18,0.5151524020897722,0.41642593096748715,0.6061513527028384,0.5047619047619047,"[[36, 10, 0, 0, 3, 8], [3, 20, 0, 2, 10, 19], [0, 6, 18, 3, 5, 14], [9, 5, 4, 25, 0, 13], [0, 11, 1, 1, 26, 9], [1, 13, 0, 2, 4, 34]]"
azure_replication,valid_full,shared_stylometry_nc,original,simplify,315,18,0.4130462375726583,0.3245169272642995,0.5011328805187542,0.4380952380952381,"[[38, 7, 0, 1, 5, 6], [3, 20, 0, 2, 11, 18], [1, 7, 5, 4, 12, 17], [12, 7, 0, 14, 4, 19], [0, 11, 0, 0, 25, 12], [0, 12, 0, 0, 6, 36]]"
azure_replication,valid_full,shared_stylometry_nc,paraphrase,original,315,18,0.5842263183078057,0.49806144137856806,0.6718287305469062,0.5936507936507937,"[[49, 2, 1, 5, 0, 0], [9, 21, 4, 5, 5, 10], [0, 4, 33, 7, 0, 2], [5, 1, 7, 41, 0, 2], [1, 11, 2, 6, 24, 4], [4, 15, 6, 8, 2, 19]]"
azure_replication,valid_full,shared_stylometry_nc,paraphrase,paraphrase,315,18,0.5867747071427941,0.49331074180733087,0.6764203944870789,0.5873015873015873,"[[47, 5, 1, 3, 1, 0], [4, 21, 4, 4, 10, 11], [0, 5, 28, 8, 1, 4], [6, 2, 5, 37, 0, 6], [0, 13, 4, 1, 25, 5], [2, 15, 2, 6, 2, 27]]"
azure_replication,valid_full,shared_stylometry_nc,paraphrase,modernize,315,18,0.5734413099586749,0.47939028089210434,0.6638642700025852,0.5682539682539682,"[[42, 6, 0, 2, 4, 3], [4, 23, 4, 3, 8, 12], [0, 5, 27, 5, 2, 7], [6, 7, 7, 30, 0, 6], [0, 11, 3, 2, 28, 4], [2, 14, 3, 3, 3, 29]]"
azure_replication,valid_full,shared_stylometry_nc,paraphrase,simplify,315,18,0.541793700873604,0.454171885546399,0.6307650849733866,0.5428571428571428,"[[45, 7, 0, 1, 2, 2], [6, 22, 3, 2, 10, 11], [1, 4, 21, 2, 8, 10], [17, 3, 4, 27, 2, 3], [1, 13, 2, 1, 25, 6], [3, 15, 1, 1, 3, 31]]"
azure_replication,valid_full,shared_stylometry_nc,modernize,original,315,18,0.5570722939822964,0.4725302348268831,0.6421801731813748,0.5650793650793651,"[[44, 3, 2, 7, 0, 1], [8, 18, 6, 5, 6, 11], [0, 4, 33, 6, 0, 3], [3, 2, 8, 41, 0, 2], [0, 10, 3, 6, 24, 5], [4, 14, 6, 9, 3, 18]]"
azure_replication,valid_full,shared_stylometry_nc,modernize,paraphrase,315,18,0.5935378620994487,0.5009820132331222,0.6857034304549321,0.5968253968253968,"[[46, 5, 1, 4, 0, 1], [6, 22, 4, 4, 8, 10], [0, 4, 30, 7, 1, 4], [4, 2, 5, 41, 0, 4], [1, 9, 4, 2, 24, 8], [3, 15, 3, 6, 2, 25]]"
azure_replication,valid_full,shared_stylometry_nc,modernize,modernize,315,18,0.5775275616683786,0.4845248645079241,0.6661280555333385,0.5746031746031746,"[[40, 7, 1, 4, 3, 2], [5, 22, 4, 4, 7, 12], [0, 3, 32, 5, 1, 5], [5, 4, 9, 34, 0, 4], [0, 11, 4, 2, 26, 5], [4, 14, 4, 2, 3, 27]]"
azure_replication,valid_full,shared_stylometry_nc,modernize,simplify,315,18,0.5198346691520381,0.43126309074284,0.6080960918141729,0.5238095238095238,"[[46, 6, 0, 1, 3, 1], [8, 19, 3, 2, 12, 10], [1, 5, 19, 8, 7, 6], [13, 5, 4, 29, 2, 3], [1, 14, 2, 2, 23, 6], [4, 15, 1, 1, 4, 29]]"
azure_replication,valid_full,shared_stylometry_nc,simplify,original,315,18,0.5593063530893634,0.4625357288969402,0.6539821457943905,0.5587301587301587,"[[40, 5, 1, 9, 0, 2], [6, 19, 5, 8, 4, 12], [0, 4, 32, 5, 0, 5], [1, 1, 5, 40, 0, 9], [1, 9, 4, 6, 21, 7], [3, 15, 4, 6, 2, 24]]"
azure_replication,valid_full,shared_stylometry_nc,simplify,paraphrase,315,18,0.5705476293019379,0.4744262859742385,0.6694161108678921,0.5714285714285714,"[[42, 5, 1, 7, 0, 2], [4, 22, 4, 5, 9, 10], [0, 4, 26, 6, 0, 10], [2, 1, 4, 40, 0, 9], [1, 8, 8, 2, 22, 7], [1, 14, 3, 6, 2, 28]]"
azure_replication,valid_full,shared_stylometry_nc,simplify,modernize,315,18,0.5728216687255678,0.46570844930106436,0.6677129764938526,0.5682539682539682,"[[39, 7, 1, 7, 2, 1], [3, 23, 4, 4, 8, 12], [0, 3, 28, 4, 1, 10], [4, 4, 6, 33, 0, 9], [0, 8, 7, 2, 26, 5], [2, 14, 2, 2, 4, 30]]"
azure_replication,valid_full,shared_stylometry_nc,simplify,simplify,315,18,0.5636611753541461,0.48154836441802434,0.6438539860330147,0.5650793650793651,"[[44, 6, 1, 3, 2, 1], [4, 21, 4, 6, 10, 9], [0, 5, 25, 6, 2, 8], [10, 4, 6, 32, 1, 3], [0, 9, 5, 3, 26, 5], [3, 14, 2, 1, 4, 30]]"
azure_replication,valid_full,shared_function_words_nc,original,original,315,18,0.5456031214890181,0.45599454627157776,0.6303463665381983,0.5428571428571428,"[[46, 3, 0, 2, 0, 6], [7, 10, 3, 9, 5, 20], [1, 1, 36, 4, 1, 3], [4, 11, 5, 29, 0, 7], [3, 5, 1, 2, 27, 10], [6, 15, 1, 3, 6, 23]]"
azure_replication,valid_full,shared_function_words_nc,original,paraphrase,315,18,0.47654233540762986,0.3819540646758031,0.5715539234742534,0.4666666666666667,"[[43, 5, 0, 3, 0, 6], [3, 12, 0, 5, 8, 26], [0, 11, 17, 8, 0, 10], [7, 10, 3, 26, 1, 9], [2, 10, 0, 0, 19, 17], [2, 15, 0, 3, 4, 30]]"
azure_replication,valid_full,shared_function_words_nc,original,modernize,315,18,0.5093727596965909,0.4208047602442314,0.592943175448293,0.5015873015873016,"[[42, 3, 0, 2, 0, 10], [3, 12, 1, 5, 8, 25], [0, 9, 18, 8, 2, 9], [6, 14, 2, 24, 0, 10], [3, 7, 0, 0, 29, 9], [2, 11, 1, 2, 5, 33]]"
azure_replication,valid_full,shared_function_words_nc,original,simplify,315,18,0.45543418092437693,0.3799762314270851,0.5298006257088494,0.4666666666666667,"[[43, 4, 0, 1, 2, 7], [4, 15, 0, 6, 7, 22], [1, 18, 8, 6, 5, 8], [9, 15, 0, 23, 3, 6], [2, 9, 0, 1, 24, 12], [3, 11, 0, 1, 5, 34]]"
azure_replication,valid_full,shared_function_words_nc,paraphrase,original,315,18,0.5125257854174438,0.42916081781099286,0.5956504130065009,0.526984126984127,"[[46, 2, 1, 5, 0, 3], [7, 6, 8, 12, 2, 19], [1, 1, 37, 5, 1, 1], [4, 4, 7, 34, 0, 7], [3, 5, 3, 4, 25, 8], [5, 15, 3, 5, 8, 18]]"
azure_replication,valid_full,shared_function_words_nc,paraphrase,paraphrase,315,18,0.5583497560725394,0.4684990336607004,0.6449842563711622,0.5587301587301587,"[[47, 2, 0, 4, 0, 4], [4, 14, 5, 8, 5, 18], [0, 1, 29, 9, 1, 6], [5, 4, 5, 34, 1, 7], [2, 10, 2, 0, 26, 8], [2, 15, 3, 2, 6, 26]]"
azure_replication,valid_full,shared_function_words_nc,paraphrase,modernize,315,18,0.5300443504355393,0.4471868568081067,0.612449960217763,0.5365079365079365,"[[43, 3, 0, 4, 1, 6], [4, 7, 7, 11, 5, 20], [0, 1, 28, 9, 2, 6], [5, 7, 4, 31, 1, 8], [3, 6, 2, 0, 30, 7], [3, 9, 2, 4, 6, 30]]"
azure_replication,valid_full,shared_function_words_nc,paraphrase,simplify,315,18,0.49705408673478285,0.42415642127763364,0.5674453455492213,0.5015873015873016,"[[44, 4, 0, 2, 3, 4], [6, 12, 4, 10, 7, 15], [1, 7, 23, 8, 3, 4], [10, 6, 5, 29, 4, 2], [3, 9, 1, 3, 23, 9], [5, 11, 1, 1, 9, 27]]"
azure_replication,valid_full,shared_function_words_nc,modernize,original,315,18,0.5320791270912001,0.44275930015773596,0.6195008458631356,0.546031746031746,"[[48, 2, 1, 3, 0, 3], [6, 8, 7, 11, 3, 19], [0, 1, 39, 4, 1, 1], [5, 4, 10, 30, 0, 7], [2, 6, 3, 4, 24, 9], [6, 13, 4, 2, 6, 23]]"
azure_replication,valid_full,shared_function_words_nc,modernize,paraphrase,315,18,0.5312120743282455,0.43697771010967495,0.6240225864163949,0.5333333333333333,"[[48, 2, 0, 3, 0, 4], [6, 12, 5, 9, 5, 17], [0, 1, 29, 9, 0, 7], [7, 5, 8, 29, 1, 6], [2, 11, 3, 0, 23, 9], [4, 17, 0, 2, 4, 27]]"
azure_replication,valid_full,shared_function_words_nc,modernize,modernize,315,18,0.5178819527838562,0.433038461408304,0.6010542137352786,0.526984126984127,"[[46, 3, 0, 3, 0, 5], [5, 7, 8, 9, 5, 20], [0, 1, 29, 10, 1, 5], [7, 6, 7, 29, 1, 6], [3, 9, 3, 1, 25, 7], [5, 11, 2, 2, 4, 30]]"
azure_replication,valid_full,shared_function_words_nc,modernize,simplify,315,18,0.49222601186036946,0.41307106684559164,0.5705928282635829,0.4984126984126984,"[[46, 2, 0, 2, 4, 3], [8, 13, 4, 9, 4, 16], [1, 6, 22, 9, 3, 5], [10, 9, 6, 27, 2, 2], [3, 10, 2, 4, 22, 7], [6, 12, 1, 1, 7, 27]]"
azure_replication,valid_full,shared_function_words_nc,simplify,original,315,18,0.4922089634004547,0.4019498422136701,0.5801310494696562,0.49206349206349204,"[[41, 7, 1, 4, 0, 4], [5, 8, 8, 9, 1, 23], [0, 2, 36, 4, 0, 4], [4, 5, 9, 27, 0, 11], [4, 6, 5, 4, 18, 11], [2, 19, 3, 2, 3, 25]]"
azure_replication,valid_full,shared_function_words_nc,simplify,paraphrase,315,18,0.5165948112214435,0.4284167243007561,0.6025098346523176,0.5142857142857142,"[[45, 5, 0, 3, 0, 4], [4, 12, 7, 8, 3, 20], [0, 4, 27, 6, 0, 9], [4, 6, 8, 27, 0, 11], [2, 9, 6, 0, 21, 10], [2, 14, 2, 2, 4, 30]]"
azure_replication,valid_full,shared_function_words_nc,simplify,modernize,315,18,0.5196788279225267,0.4353110800131582,0.598849332948906,0.5142857142857142,"[[39, 6, 0, 3, 1, 8], [4, 11, 7, 7, 4, 21], [0, 4, 30, 6, 0, 6], [5, 7, 7, 24, 1, 12], [3, 8, 3, 0, 24, 10], [2, 13, 2, 1, 2, 34]]"
azure_replication,valid_full,shared_function_words_nc,simplify,simplify,315,18,0.49763897937724777,0.41957738901346725,0.5730003717813641,0.5015873015873016,"[[42, 5, 0, 2, 4, 4], [5, 13, 6, 13, 3, 14], [0, 4, 24, 10, 2, 6], [9, 4, 10, 27, 1, 5], [3, 8, 2, 2, 24, 9], [3, 12, 3, 1, 7, 28]]"
azure_replication,valid_full,char3_5_tfidf_svm,original,original,315,18,0.8626613403811149,0.7993576865497272,0.9171513782741614,0.8666666666666667,"[[55, 1, 0, 1, 0, 0], [2, 34, 2, 7, 7, 2], [0, 1, 41, 2, 1, 1], [1, 1, 0, 54, 0, 0], [0, 1, 1, 2, 42, 2], [2, 0, 1, 0, 4, 47]]"
azure_replication,valid_full,char3_5_tfidf_svm,original,paraphrase,315,18,0.7125255277138317,0.6234709628767718,0.7925787097004371,0.726984126984127,"[[54, 2, 0, 1, 0, 0], [1, 24, 1, 6, 18, 4], [0, 4, 23, 4, 11, 4], [2, 1, 1, 52, 0, 0], [0, 0, 0, 2, 45, 1], [2, 8, 0, 3, 10, 31]]"
azure_replication,valid_full,char3_5_tfidf_svm,original,modernize,315,18,0.7549760700133822,0.6803001583280612,0.8216442349018264,0.765079365079365,"[[55, 1, 0, 0, 1, 0], [2, 27, 1, 3, 17, 4], [0, 2, 26, 5, 10, 3], [2, 1, 0, 53, 0, 0], [0, 1, 0, 0, 46, 1], [2, 6, 0, 1, 11, 34]]"
azure_replication,valid_full,char3_5_tfidf_svm,original,simplify,315,18,0.6466528388060037,0.5601233344181146,0.7222197989754452,0.6698412698412698,"[[52, 1, 0, 1, 2, 1], [2, 23, 0, 4, 20, 5], [0, 2, 12, 5, 17, 10], [4, 1, 0, 45, 6, 0], [0, 0, 0, 0, 45, 3], [2, 5, 0, 0, 13, 34]]"
azure_replication,valid_full,char3_5_tfidf_svm,paraphrase,original,315,18,0.7852623148245731,0.7198235288505993,0.8445551474985977,0.7904761904761904,"[[56, 0, 0, 1, 0, 0], [6, 29, 3, 10, 3, 3], [1, 0, 36, 7, 1, 1], [3, 0, 0, 53, 0, 0], [0, 2, 1, 2, 41, 2], [9, 0, 3, 6, 2, 34]]"
azure_replication,valid_full,char3_5_tfidf_svm,paraphrase,paraphrase,315,18,0.770116615054735,0.7049799029771363,0.8345582456313458,0.7777777777777778,"[[53, 0, 0, 4, 0, 0], [1, 29, 1, 6, 13, 4], [1, 2, 31, 7, 3, 2], [1, 0, 0, 55, 0, 0], [0, 2, 1, 2, 41, 2], [2, 6, 2, 6, 2, 36]]"
azure_replication,valid_full,char3_5_tfidf_svm,paraphrase,modernize,315,18,0.7580419152261003,0.6881450302036007,0.8222574169170319,0.7682539682539683,"[[55, 0, 0, 2, 0, 0], [3, 26, 2, 4, 15, 4], [0, 2, 34, 5, 3, 2], [3, 0, 0, 53, 0, 0], [0, 1, 1, 1, 43, 2], [3, 8, 1, 1, 10, 31]]"
azure_replication,valid_full,char3_5_tfidf_svm,paraphrase,simplify,315,18,0.6886253203409218,0.5958751286818573,0.7663092723784776,0.7015873015873015,"[[54, 1, 0, 1, 0, 1], [1, 23, 2, 6, 18, 4], [0, 3, 23, 6, 11, 3], [3, 1, 0, 50, 2, 0], [0, 2, 0, 0, 43, 3], [1, 7, 1, 2, 15, 28]]"
azure_replication,valid_full,char3_5_tfidf_svm,modernize,original,315,18,0.800291015221057,0.7276209822641201,0.8646381011344919,0.8031746031746032,"[[53, 1, 0, 3, 0, 0], [1, 30, 2, 15, 3, 3], [0, 1, 40, 3, 1, 1], [1, 0, 0, 55, 0, 0], [0, 1, 2, 3, 39, 3], [7, 0, 3, 6, 2, 36]]"
azure_replication,valid_full,char3_5_tfidf_svm,modernize,paraphrase,315,18,0.7729881938920994,0.7030217079368732,0.8385952064829265,0.7777777777777778,"[[53, 0, 0, 4, 0, 0], [0, 31, 2, 11, 8, 2], [0, 2, 35, 5, 3, 1], [0, 0, 1, 55, 0, 0], [1, 1, 1, 5, 39, 1], [4, 8, 2, 6, 2, 32]]"
azure_replication,valid_full,char3_5_tfidf_svm,modernize,modernize,315,18,0.7707196241912696,0.6979145382676787,0.8360080028282113,0.7777777777777778,"[[53, 1, 0, 3, 0, 0], [4, 29, 2, 8, 8, 3], [0, 3, 32, 7, 2, 2], [1, 0, 1, 54, 0, 0], [1, 3, 0, 1, 40, 3], [4, 5, 1, 3, 4, 37]]"
azure_replication,valid_full,char3_5_tfidf_svm,modernize,simplify,315,18,0.6962906605234288,0.6101907818036283,0.7717514363347097,0.7174603174603175,"[[53, 1, 0, 3, 0, 0], [1, 24, 1, 9, 16, 3], [0, 5, 18, 8, 12, 3], [1, 0, 0, 55, 0, 0], [0, 1, 0, 2, 43, 2], [2, 7, 1, 3, 8, 33]]"
azure_replication,valid_full,char3_5_tfidf_svm,simplify,original,315,18,0.7322038059682144,0.6458600798162031,0.8094652472388162,0.7396825396825397,"[[53, 0, 0, 4, 0, 0], [4, 28, 5, 10, 4, 3], [0, 3, 37, 4, 1, 1], [2, 0, 3, 51, 0, 0], [0, 5, 4, 5, 32, 2], [9, 1, 5, 6, 1, 32]]"
azure_replication,valid_full,char3_5_tfidf_svm,simplify,paraphrase,315,18,0.7520248939700775,0.6690486913917655,0.8293166317469756,0.7587301587301587,"[[53, 0, 0, 4, 0, 0], [1, 31, 2, 9, 8, 3], [0, 2, 37, 4, 2, 1], [1, 0, 2, 53, 0, 0], [0, 6, 1, 5, 36, 0], [4, 7, 5, 6, 3, 29]]"
azure_replication,valid_full,char3_5_tfidf_svm,simplify,modernize,315,18,0.760372686789562,0.6855402158641242,0.8304425943082637,0.7682539682539683,"[[54, 0, 0, 3, 0, 0], [2, 28, 3, 9, 9, 3], [1, 2, 36, 4, 2, 1], [2, 0, 0, 54, 0, 0], [0, 7, 2, 1, 37, 1], [4, 7, 2, 4, 4, 33]]"
azure_replication,valid_full,char3_5_tfidf_svm,simplify,simplify,315,18,0.7078274005967069,0.6174337893412826,0.787724416619845,0.7206349206349206,"[[53, 1, 0, 3, 0, 0], [1, 25, 2, 11, 11, 4], [0, 3, 28, 6, 6, 3], [1, 0, 0, 55, 0, 0], [1, 5, 1, 3, 37, 1], [4, 7, 3, 6, 5, 29]]"
azure_replication,matched200_full,shared_stylometry_nc,original,original,315,18,0.6287354836244259,0.5426745344290368,0.7133911766940046,0.6285714285714286,"[[47, 5, 2, 2, 0, 1], [7, 25, 3, 3, 6, 10], [1, 4, 38, 0, 0, 3], [5, 5, 7, 35, 1, 3], [0, 8, 1, 3, 27, 9], [0, 13, 4, 6, 5, 26]]"
azure_replication,matched200_full,shared_stylometry_nc,original,paraphrase,315,18,0.5114992316080006,0.4138600820902237,0.6073390783788793,0.5079365079365079,"[[40, 9, 0, 2, 1, 5], [4, 20, 1, 2, 12, 15], [2, 7, 16, 6, 3, 12], [7, 6, 4, 27, 1, 11], [0, 10, 1, 2, 25, 10], [0, 14, 0, 4, 4, 32]]"
azure_replication,matched200_full,shared_stylometry_nc,original,modernize,315,18,0.5151524020897722,0.41642593096748715,0.6061513527028384,0.5047619047619047,"[[36, 10, 0, 0, 3, 8], [3, 20, 0, 2, 10, 19], [0, 6, 18, 3, 5, 14], [9, 5, 4, 25, 0, 13], [0, 11, 1, 1, 26, 9], [1, 13, 0, 2, 4, 34]]"
azure_replication,matched200_full,shared_stylometry_nc,original,simplify,315,18,0.4130462375726583,0.3245169272642995,0.5011328805187542,0.4380952380952381,"[[38, 7, 0, 1, 5, 6], [3, 20, 0, 2, 11, 18], [1, 7, 5, 4, 12, 17], [12, 7, 0, 14, 4, 19], [0, 11, 0, 0, 25, 12], [0, 12, 0, 0, 6, 36]]"
azure_replication,matched200_full,shared_stylometry_nc,paraphrase,original,315,18,0.5842263183078057,0.49806144137856806,0.6718287305469062,0.5936507936507937,"[[49, 2, 1, 5, 0, 0], [9, 21, 4, 5, 5, 10], [0, 4, 33, 7, 0, 2], [5, 1, 7, 41, 0, 2], [1, 11, 2, 6, 24, 4], [4, 15, 6, 8, 2, 19]]"
azure_replication,matched200_full,shared_stylometry_nc,paraphrase,paraphrase,315,18,0.5867747071427941,0.49331074180733087,0.6764203944870789,0.5873015873015873,"[[47, 5, 1, 3, 1, 0], [4, 21, 4, 4, 10, 11], [0, 5, 28, 8, 1, 4], [6, 2, 5, 37, 0, 6], [0, 13, 4, 1, 25, 5], [2, 15, 2, 6, 2, 27]]"
azure_replication,matched200_full,shared_stylometry_nc,paraphrase,modernize,315,18,0.5734413099586749,0.47939028089210434,0.6638642700025852,0.5682539682539682,"[[42, 6, 0, 2, 4, 3], [4, 23, 4, 3, 8, 12], [0, 5, 27, 5, 2, 7], [6, 7, 7, 30, 0, 6], [0, 11, 3, 2, 28, 4], [2, 14, 3, 3, 3, 29]]"
azure_replication,matched200_full,shared_stylometry_nc,paraphrase,simplify,315,18,0.541793700873604,0.454171885546399,0.6307650849733866,0.5428571428571428,"[[45, 7, 0, 1, 2, 2], [6, 22, 3, 2, 10, 11], [1, 4, 21, 2, 8, 10], [17, 3, 4, 27, 2, 3], [1, 13, 2, 1, 25, 6], [3, 15, 1, 1, 3, 31]]"
azure_replication,matched200_full,shared_stylometry_nc,modernize,original,315,18,0.5570722939822964,0.4725302348268831,0.6421801731813748,0.5650793650793651,"[[44, 3, 2, 7, 0, 1], [8, 18, 6, 5, 6, 11], [0, 4, 33, 6, 0, 3], [3, 2, 8, 41, 0, 2], [0, 10, 3, 6, 24, 5], [4, 14, 6, 9, 3, 18]]"
azure_replication,matched200_full,shared_stylometry_nc,modernize,paraphrase,315,18,0.5935378620994487,0.5009820132331222,0.6857034304549321,0.5968253968253968,"[[46, 5, 1, 4, 0, 1], [6, 22, 4, 4, 8, 10], [0, 4, 30, 7, 1, 4], [4, 2, 5, 41, 0, 4], [1, 9, 4, 2, 24, 8], [3, 15, 3, 6, 2, 25]]"
azure_replication,matched200_full,shared_stylometry_nc,modernize,modernize,315,18,0.5775275616683786,0.4845248645079241,0.6661280555333385,0.5746031746031746,"[[40, 7, 1, 4, 3, 2], [5, 22, 4, 4, 7, 12], [0, 3, 32, 5, 1, 5], [5, 4, 9, 34, 0, 4], [0, 11, 4, 2, 26, 5], [4, 14, 4, 2, 3, 27]]"
azure_replication,matched200_full,shared_stylometry_nc,modernize,simplify,315,18,0.5198346691520381,0.43126309074284,0.6080960918141729,0.5238095238095238,"[[46, 6, 0, 1, 3, 1], [8, 19, 3, 2, 12, 10], [1, 5, 19, 8, 7, 6], [13, 5, 4, 29, 2, 3], [1, 14, 2, 2, 23, 6], [4, 15, 1, 1, 4, 29]]"
azure_replication,matched200_full,shared_stylometry_nc,simplify,original,315,18,0.5593063530893634,0.4625357288969402,0.6539821457943905,0.5587301587301587,"[[40, 5, 1, 9, 0, 2], [6, 19, 5, 8, 4, 12], [0, 4, 32, 5, 0, 5], [1, 1, 5, 40, 0, 9], [1, 9, 4, 6, 21, 7], [3, 15, 4, 6, 2, 24]]"
azure_replication,matched200_full,shared_stylometry_nc,simplify,paraphrase,315,18,0.5705476293019379,0.4744262859742385,0.6694161108678921,0.5714285714285714,"[[42, 5, 1, 7, 0, 2], [4, 22, 4, 5, 9, 10], [0, 4, 26, 6, 0, 10], [2, 1, 4, 40, 0, 9], [1, 8, 8, 2, 22, 7], [1, 14, 3, 6, 2, 28]]"
azure_replication,matched200_full,shared_stylometry_nc,simplify,modernize,315,18,0.5728216687255678,0.46570844930106436,0.6677129764938526,0.5682539682539682,"[[39, 7, 1, 7, 2, 1], [3, 23, 4, 4, 8, 12], [0, 3, 28, 4, 1, 10], [4, 4, 6, 33, 0, 9], [0, 8, 7, 2, 26, 5], [2, 14, 2, 2, 4, 30]]"
azure_replication,matched200_full,shared_stylometry_nc,simplify,simplify,315,18,0.5636611753541461,0.48154836441802434,0.6438539860330147,0.5650793650793651,"[[44, 6, 1, 3, 2, 1], [4, 21, 4, 6, 10, 9], [0, 5, 25, 6, 2, 8], [10, 4, 6, 32, 1, 3], [0, 9, 5, 3, 26, 5], [3, 14, 2, 1, 4, 30]]"
azure_replication,matched200_full,shared_function_words_nc,original,original,315,18,0.5456031214890181,0.45599454627157776,0.6303463665381983,0.5428571428571428,"[[46, 3, 0, 2, 0, 6], [7, 10, 3, 9, 5, 20], [1, 1, 36, 4, 1, 3], [4, 11, 5, 29, 0, 7], [3, 5, 1, 2, 27, 10], [6, 15, 1, 3, 6, 23]]"
azure_replication,matched200_full,shared_function_words_nc,original,paraphrase,315,18,0.47654233540762986,0.3819540646758031,0.5715539234742534,0.4666666666666667,"[[43, 5, 0, 3, 0, 6], [3, 12, 0, 5, 8, 26], [0, 11, 17, 8, 0, 10], [7, 10, 3, 26, 1, 9], [2, 10, 0, 0, 19, 17], [2, 15, 0, 3, 4, 30]]"
azure_replication,matched200_full,shared_function_words_nc,original,modernize,315,18,0.5093727596965909,0.4208047602442314,0.592943175448293,0.5015873015873016,"[[42, 3, 0, 2, 0, 10], [3, 12, 1, 5, 8, 25], [0, 9, 18, 8, 2, 9], [6, 14, 2, 24, 0, 10], [3, 7, 0, 0, 29, 9], [2, 11, 1, 2, 5, 33]]"
azure_replication,matched200_full,shared_function_words_nc,original,simplify,315,18,0.45543418092437693,0.3799762314270851,0.5298006257088494,0.4666666666666667,"[[43, 4, 0, 1, 2, 7], [4, 15, 0, 6, 7, 22], [1, 18, 8, 6, 5, 8], [9, 15, 0, 23, 3, 6], [2, 9, 0, 1, 24, 12], [3, 11, 0, 1, 5, 34]]"
azure_replication,matched200_full,shared_function_words_nc,paraphrase,original,315,18,0.5125257854174438,0.42916081781099286,0.5956504130065009,0.526984126984127,"[[46, 2, 1, 5, 0, 3], [7, 6, 8, 12, 2, 19], [1, 1, 37, 5, 1, 1], [4, 4, 7, 34, 0, 7], [3, 5, 3, 4, 25, 8], [5, 15, 3, 5, 8, 18]]"
azure_replication,matched200_full,shared_function_words_nc,paraphrase,paraphrase,315,18,0.5583497560725394,0.4684990336607004,0.6449842563711622,0.5587301587301587,"[[47, 2, 0, 4, 0, 4], [4, 14, 5, 8, 5, 18], [0, 1, 29, 9, 1, 6], [5, 4, 5, 34, 1, 7], [2, 10, 2, 0, 26, 8], [2, 15, 3, 2, 6, 26]]"
azure_replication,matched200_full,shared_function_words_nc,paraphrase,modernize,315,18,0.5300443504355393,0.4471868568081067,0.612449960217763,0.5365079365079365,"[[43, 3, 0, 4, 1, 6], [4, 7, 7, 11, 5, 20], [0, 1, 28, 9, 2, 6], [5, 7, 4, 31, 1, 8], [3, 6, 2, 0, 30, 7], [3, 9, 2, 4, 6, 30]]"
azure_replication,matched200_full,shared_function_words_nc,paraphrase,simplify,315,18,0.49705408673478285,0.42415642127763364,0.5674453455492213,0.5015873015873016,"[[44, 4, 0, 2, 3, 4], [6, 12, 4, 10, 7, 15], [1, 7, 23, 8, 3, 4], [10, 6, 5, 29, 4, 2], [3, 9, 1, 3, 23, 9], [5, 11, 1, 1, 9, 27]]"
azure_replication,matched200_full,shared_function_words_nc,modernize,original,315,18,0.5320791270912001,0.44275930015773596,0.6195008458631356,0.546031746031746,"[[48, 2, 1, 3, 0, 3], [6, 8, 7, 11, 3, 19], [0, 1, 39, 4, 1, 1], [5, 4, 10, 30, 0, 7], [2, 6, 3, 4, 24, 9], [6, 13, 4, 2, 6, 23]]"
azure_replication,matched200_full,shared_function_words_nc,modernize,paraphrase,315,18,0.5312120743282455,0.43697771010967495,0.6240225864163949,0.5333333333333333,"[[48, 2, 0, 3, 0, 4], [6, 12, 5, 9, 5, 17], [0, 1, 29, 9, 0, 7], [7, 5, 8, 29, 1, 6], [2, 11, 3, 0, 23, 9], [4, 17, 0, 2, 4, 27]]"
azure_replication,matched200_full,shared_function_words_nc,modernize,modernize,315,18,0.5178819527838562,0.433038461408304,0.6010542137352786,0.526984126984127,"[[46, 3, 0, 3, 0, 5], [5, 7, 8, 9, 5, 20], [0, 1, 29, 10, 1, 5], [7, 6, 7, 29, 1, 6], [3, 9, 3, 1, 25, 7], [5, 11, 2, 2, 4, 30]]"
azure_replication,matched200_full,shared_function_words_nc,modernize,simplify,315,18,0.49222601186036946,0.41307106684559164,0.5705928282635829,0.4984126984126984,"[[46, 2, 0, 2, 4, 3], [8, 13, 4, 9, 4, 16], [1, 6, 22, 9, 3, 5], [10, 9, 6, 27, 2, 2], [3, 10, 2, 4, 22, 7], [6, 12, 1, 1, 7, 27]]"
azure_replication,matched200_full,shared_function_words_nc,simplify,original,315,18,0.4922089634004547,0.4019498422136701,0.5801310494696562,0.49206349206349204,"[[41, 7, 1, 4, 0, 4], [5, 8, 8, 9, 1, 23], [0, 2, 36, 4, 0, 4], [4, 5, 9, 27, 0, 11], [4, 6, 5, 4, 18, 11], [2, 19, 3, 2, 3, 25]]"
azure_replication,matched200_full,shared_function_words_nc,simplify,paraphrase,315,18,0.5165948112214435,0.4284167243007561,0.6025098346523176,0.5142857142857142,"[[45, 5, 0, 3, 0, 4], [4, 12, 7, 8, 3, 20], [0, 4, 27, 6, 0, 9], [4, 6, 8, 27, 0, 11], [2, 9, 6, 0, 21, 10], [2, 14, 2, 2, 4, 30]]"
azure_replication,matched200_full,shared_function_words_nc,simplify,modernize,315,18,0.5196788279225267,0.4353110800131582,0.598849332948906,0.5142857142857142,"[[39, 6, 0, 3, 1, 8], [4, 11, 7, 7, 4, 21], [0, 4, 30, 6, 0, 6], [5, 7, 7, 24, 1, 12], [3, 8, 3, 0, 24, 10], [2, 13, 2, 1, 2, 34]]"
azure_replication,matched200_full,shared_function_words_nc,simplify,simplify,315,18,0.49763897937724777,0.41957738901346725,0.5730003717813641,0.5015873015873016,"[[42, 5, 0, 2, 4, 4], [5, 13, 6, 13, 3, 14], [0, 4, 24, 10, 2, 6], [9, 4, 10, 27, 1, 5], [3, 8, 2, 2, 24, 9], [3, 12, 3, 1, 7, 28]]"
azure_replication,matched200_full,char3_5_tfidf_svm,original,original,315,18,0.8626613403811149,0.7993576865497272,0.9171513782741614,0.8666666666666667,"[[55, 1, 0, 1, 0, 0], [2, 34, 2, 7, 7, 2], [0, 1, 41, 2, 1, 1], [1, 1, 0, 54, 0, 0], [0, 1, 1, 2, 42, 2], [2, 0, 1, 0, 4, 47]]"
azure_replication,matched200_full,char3_5_tfidf_svm,original,paraphrase,315,18,0.7125255277138317,0.6234709628767718,0.7925787097004371,0.726984126984127,"[[54, 2, 0, 1, 0, 0], [1, 24, 1, 6, 18, 4], [0, 4, 23, 4, 11, 4], [2, 1, 1, 52, 0, 0], [0, 0, 0, 2, 45, 1], [2, 8, 0, 3, 10, 31]]"
azure_replication,matched200_full,char3_5_tfidf_svm,original,modernize,315,18,0.7549760700133822,0.6803001583280612,0.8216442349018264,0.765079365079365,"[[55, 1, 0, 0, 1, 0], [2, 27, 1, 3, 17, 4], [0, 2, 26, 5, 10, 3], [2, 1, 0, 53, 0, 0], [0, 1, 0, 0, 46, 1], [2, 6, 0, 1, 11, 34]]"
azure_replication,matched200_full,char3_5_tfidf_svm,original,simplify,315,18,0.6466528388060037,0.5601233344181146,0.7222197989754452,0.6698412698412698,"[[52, 1, 0, 1, 2, 1], [2, 23, 0, 4, 20, 5], [0, 2, 12, 5, 17, 10], [4, 1, 0, 45, 6, 0], [0, 0, 0, 0, 45, 3], [2, 5, 0, 0, 13, 34]]"
azure_replication,matched200_full,char3_5_tfidf_svm,paraphrase,original,315,18,0.7852623148245731,0.7198235288505993,0.8445551474985977,0.7904761904761904,"[[56, 0, 0, 1, 0, 0], [6, 29, 3, 10, 3, 3], [1, 0, 36, 7, 1, 1], [3, 0, 0, 53, 0, 0], [0, 2, 1, 2, 41, 2], [9, 0, 3, 6, 2, 34]]"
azure_replication,matched200_full,char3_5_tfidf_svm,paraphrase,paraphrase,315,18,0.770116615054735,0.7049799029771363,0.8345582456313458,0.7777777777777778,"[[53, 0, 0, 4, 0, 0], [1, 29, 1, 6, 13, 4], [1, 2, 31, 7, 3, 2], [1, 0, 0, 55, 0, 0], [0, 2, 1, 2, 41, 2], [2, 6, 2, 6, 2, 36]]"
azure_replication,matched200_full,char3_5_tfidf_svm,paraphrase,modernize,315,18,0.7580419152261003,0.6881450302036007,0.8222574169170319,0.7682539682539683,"[[55, 0, 0, 2, 0, 0], [3, 26, 2, 4, 15, 4], [0, 2, 34, 5, 3, 2], [3, 0, 0, 53, 0, 0], [0, 1, 1, 1, 43, 2], [3, 8, 1, 1, 10, 31]]"
azure_replication,matched200_full,char3_5_tfidf_svm,paraphrase,simplify,315,18,0.6886253203409218,0.5958751286818573,0.7663092723784776,0.7015873015873015,"[[54, 1, 0, 1, 0, 1], [1, 23, 2, 6, 18, 4], [0, 3, 23, 6, 11, 3], [3, 1, 0, 50, 2, 0], [0, 2, 0, 0, 43, 3], [1, 7, 1, 2, 15, 28]]"
azure_replication,matched200_full,char3_5_tfidf_svm,modernize,original,315,18,0.800291015221057,0.7276209822641201,0.8646381011344919,0.8031746031746032,"[[53, 1, 0, 3, 0, 0], [1, 30, 2, 15, 3, 3], [0, 1, 40, 3, 1, 1], [1, 0, 0, 55, 0, 0], [0, 1, 2, 3, 39, 3], [7, 0, 3, 6, 2, 36]]"
azure_replication,matched200_full,char3_5_tfidf_svm,modernize,paraphrase,315,18,0.7729881938920994,0.7030217079368732,0.8385952064829265,0.7777777777777778,"[[53, 0, 0, 4, 0, 0], [0, 31, 2, 11, 8, 2], [0, 2, 35, 5, 3, 1], [0, 0, 1, 55, 0, 0], [1, 1, 1, 5, 39, 1], [4, 8, 2, 6, 2, 32]]"
azure_replication,matched200_full,char3_5_tfidf_svm,modernize,modernize,315,18,0.7707196241912696,0.6979145382676787,0.8360080028282113,0.7777777777777778,"[[53, 1, 0, 3, 0, 0], [4, 29, 2, 8, 8, 3], [0, 3, 32, 7, 2, 2], [1, 0, 1, 54, 0, 0], [1, 3, 0, 1, 40, 3], [4, 5, 1, 3, 4, 37]]"
azure_replication,matched200_full,char3_5_tfidf_svm,modernize,simplify,315,18,0.6962906605234288,0.6101907818036283,0.7717514363347097,0.7174603174603175,"[[53, 1, 0, 3, 0, 0], [1, 24, 1, 9, 16, 3], [0, 5, 18, 8, 12, 3], [1, 0, 0, 55, 0, 0], [0, 1, 0, 2, 43, 2], [2, 7, 1, 3, 8, 33]]"
azure_replication,matched200_full,char3_5_tfidf_svm,simplify,original,315,18,0.7322038059682144,0.6458600798162031,0.8094652472388162,0.7396825396825397,"[[53, 0, 0, 4, 0, 0], [4, 28, 5, 10, 4, 3], [0, 3, 37, 4, 1, 1], [2, 0, 3, 51, 0, 0], [0, 5, 4, 5, 32, 2], [9, 1, 5, 6, 1, 32]]"
azure_replication,matched200_full,char3_5_tfidf_svm,simplify,paraphrase,315,18,0.7520248939700775,0.6690486913917655,0.8293166317469756,0.7587301587301587,"[[53, 0, 0, 4, 0, 0], [1, 31, 2, 9, 8, 3], [0, 2, 37, 4, 2, 1], [1, 0, 2, 53, 0, 0], [0, 6, 1, 5, 36, 0], [4, 7, 5, 6, 3, 29]]"
azure_replication,matched200_full,char3_5_tfidf_svm,simplify,modernize,315,18,0.760372686789562,0.6855402158641242,0.8304425943082637,0.7682539682539683,"[[54, 0, 0, 3, 0, 0], [2, 28, 3, 9, 9, 3], [1, 2, 36, 4, 2, 1], [2, 0, 0, 54, 0, 0], [0, 7, 2, 1, 37, 1], [4, 7, 2, 4, 4, 33]]"
azure_replication,matched200_full,char3_5_tfidf_svm,simplify,simplify,315,18,0.7078274005967069,0.6174337893412826,0.787724416619845,0.7206349206349206,"[[53, 1, 0, 3, 0, 0], [1, 25, 2, 11, 11, 4], [0, 3, 28, 6, 6, 3], [1, 0, 0, 55, 0, 0], [1, 5, 1, 3, 37, 1], [4, 7, 3, 6, 5, 29]]"
azure_replication,w200_prefix,shared_stylometry_nc,original,original,315,18,0.5678501179918686,0.4851974081107344,0.6497917028443949,0.5650793650793651,"[[40, 6, 3, 4, 2, 2], [3, 18, 2, 10, 6, 15], [1, 4, 33, 4, 0, 4], [4, 4, 6, 34, 2, 6], [2, 9, 3, 3, 23, 8], [4, 13, 2, 5, 0, 30]]"
azure_replication,w200_prefix,shared_stylometry_nc,original,paraphrase,315,18,0.4991058521020038,0.4072473369604484,0.5822317270996956,0.49206349206349204,"[[35, 10, 0, 4, 3, 5], [3, 24, 0, 6, 8, 13], [1, 8, 16, 8, 1, 12], [5, 5, 4, 27, 1, 14], [0, 6, 2, 1, 25, 14], [6, 13, 0, 3, 4, 28]]"
azure_replication,w200_prefix,shared_stylometry_nc,original,modernize,315,18,0.5014829558801603,0.4240882033853681,0.5730463318659449,0.4984126984126984,"[[36, 9, 0, 1, 7, 4], [3, 20, 1, 6, 11, 13], [0, 8, 16, 9, 2, 11], [4, 8, 4, 27, 1, 12], [1, 9, 3, 1, 28, 6], [4, 12, 2, 2, 4, 30]]"
azure_replication,w200_prefix,shared_stylometry_nc,original,simplify,315,18,0.41723021871530547,0.3448411410492815,0.48659741740182416,0.43492063492063493,"[[36, 8, 0, 1, 8, 4], [5, 22, 0, 3, 10, 14], [1, 14, 5, 4, 9, 13], [5, 13, 1, 18, 5, 14], [1, 9, 1, 0, 26, 11], [5, 11, 1, 0, 7, 30]]"
azure_replication,w200_prefix,shared_stylometry_nc,paraphrase,original,315,18,0.5358467163980084,0.4515198978710732,0.6214842549744859,0.5396825396825397,"[[43, 3, 4, 3, 2, 2], [3, 20, 7, 10, 3, 11], [1, 3, 28, 11, 0, 3], [6, 1, 8, 35, 0, 6], [5, 9, 3, 6, 21, 4], [5, 13, 6, 7, 0, 23]]"
azure_replication,w200_prefix,shared_stylometry_nc,paraphrase,paraphrase,315,18,0.5223217271147654,0.4302456801929096,0.6076669531404749,0.5206349206349207,"[[36, 7, 5, 2, 1, 6], [3, 27, 3, 7, 4, 10], [1, 6, 20, 9, 1, 9], [4, 2, 7, 34, 0, 9], [2, 11, 3, 3, 21, 8], [8, 13, 2, 4, 1, 26]]"
azure_replication,w200_prefix,shared_stylometry_nc,paraphrase,modernize,315,18,0.526025443744368,0.44266243910816283,0.6032094241892548,0.5206349206349207,"[[37, 9, 0, 1, 4, 6], [3, 22, 7, 5, 6, 11], [0, 6, 24, 8, 1, 7], [3, 5, 9, 31, 0, 8], [3, 9, 3, 3, 26, 4], [6, 14, 5, 2, 3, 24]]"
azure_replication,w200_prefix,shared_stylometry_nc,paraphrase,simplify,315,18,0.47946793134340454,0.39841591963839507,0.5571306649258359,0.47619047619047616,"[[36, 11, 0, 1, 5, 4], [6, 22, 1, 6, 10, 9], [0, 5, 21, 7, 5, 8], [9, 7, 7, 24, 0, 9], [4, 9, 3, 0, 23, 9], [6, 13, 3, 2, 6, 24]]"
azure_replication,w200_prefix,shared_stylometry_nc,modernize,original,315,18,0.5345523813814707,0.45374001360769695,0.6149000089749752,0.5396825396825397,"[[42, 4, 5, 4, 1, 1], [4, 15, 7, 10, 5, 13], [0, 5, 29, 8, 0, 4], [3, 2, 8, 37, 0, 6], [4, 8, 3, 7, 23, 3], [5, 10, 6, 7, 2, 24]]"
azure_replication,w200_prefix,shared_stylometry_nc,modernize,paraphrase,315,18,0.5140654725182952,0.4147905676458262,0.5996038223752203,0.5142857142857142,"[[38, 6, 3, 4, 2, 4], [4, 22, 5, 8, 4, 11], [0, 7, 22, 10, 0, 7], [3, 1, 8, 36, 0, 8], [3, 8, 2, 4, 20, 11], [7, 13, 3, 5, 2, 24]]"
azure_replication,w200_prefix,shared_stylometry_nc,modernize,modernize,315,18,0.5172795254922468,0.4387621489330479,0.5874990123248686,0.5206349206349207,"[[41, 6, 2, 2, 3, 3], [4, 17, 6, 7, 7, 13], [0, 6, 22, 11, 0, 7], [4, 3, 6, 34, 0, 9], [4, 7, 3, 6, 23, 5], [7, 11, 4, 2, 3, 27]]"
azure_replication,w200_prefix,shared_stylometry_nc,modernize,simplify,315,18,0.48686086255734345,0.4057823042334069,0.5618924682149208,0.4888888888888889,"[[41, 6, 0, 2, 6, 2], [5, 17, 2, 9, 8, 13], [0, 8, 18, 7, 5, 8], [6, 6, 3, 31, 1, 9], [3, 8, 3, 3, 22, 9], [9, 13, 2, 2, 3, 25]]"
azure_replication,w200_prefix,shared_stylometry_nc,simplify,original,315,18,0.49036457538033473,0.40705181081241165,0.5706898726341177,0.49206349206349204,"[[36, 5, 3, 7, 1, 5], [2, 17, 7, 8, 3, 17], [0, 4, 23, 9, 0, 10], [2, 2, 9, 34, 0, 9], [3, 8, 6, 6, 16, 9], [4, 11, 4, 5, 1, 29]]"
azure_replication,w200_prefix,shared_stylometry_nc,simplify,paraphrase,315,18,0.48373893601635803,0.38872908664893097,0.5719193708768526,0.48253968253968255,"[[36, 9, 2, 3, 0, 7], [2, 17, 8, 7, 4, 16], [0, 3, 20, 11, 0, 12], [3, 1, 8, 33, 0, 11], [3, 8, 5, 3, 17, 12], [4, 11, 2, 7, 1, 29]]"
azure_replication,w200_prefix,shared_stylometry_nc,simplify,modernize,315,18,0.5186328119829219,0.4324222056931371,0.5949841273312267,0.5206349206349207,"[[40, 7, 1, 3, 2, 4], [2, 18, 7, 7, 7, 13], [0, 5, 21, 11, 0, 9], [3, 2, 6, 34, 0, 11], [3, 9, 5, 3, 20, 8], [3, 11, 3, 4, 2, 31]]"
azure_replication,w200_prefix,shared_stylometry_nc,simplify,simplify,315,18,0.4805512885037762,0.40691995844846196,0.5485561269510791,0.48253968253968255,"[[39, 7, 1, 3, 4, 3], [5, 18, 3, 10, 7, 11], [0, 5, 23, 8, 2, 8], [5, 6, 10, 26, 0, 9], [3, 9, 5, 3, 18, 10], [6, 11, 1, 3, 5, 28]]"
azure_replication,w200_prefix,shared_function_words_nc,original,original,315,18,0.4787587057568894,0.40528881399692457,0.5530487288895791,0.48253968253968255,"[[42, 6, 0, 3, 0, 6], [9, 5, 4, 13, 5, 18], [1, 2, 36, 4, 0, 3], [3, 11, 6, 22, 2, 12], [4, 5, 2, 4, 22, 11], [6, 10, 2, 4, 7, 25]]"
azure_replication,w200_prefix,shared_function_words_nc,original,paraphrase,315,18,0.4567294991296249,0.38441848591081634,0.5257159496214807,0.4444444444444444,"[[36, 5, 0, 3, 4, 9], [3, 14, 1, 8, 6, 22], [1, 9, 19, 7, 0, 10], [5, 11, 3, 23, 2, 12], [4, 6, 1, 1, 21, 15], [4, 13, 1, 3, 6, 27]]"
azure_replication,w200_prefix,shared_function_words_nc,original,modernize,315,18,0.4715588481206067,0.3939292332333864,0.5406867539125219,0.4666666666666667,"[[42, 5, 0, 1, 5, 4], [3, 10, 2, 9, 8, 22], [0, 12, 18, 7, 2, 7], [3, 14, 3, 24, 2, 10], [4, 7, 1, 2, 23, 11], [5, 12, 1, 2, 4, 30]]"
azure_replication,w200_prefix,shared_function_words_nc,original,simplify,315,18,0.40339055251579214,0.331094213874175,0.47461054482120746,0.4158730158730159,"[[42, 7, 0, 1, 5, 2], [7, 15, 1, 8, 4, 19], [0, 17, 8, 11, 3, 7], [7, 13, 1, 20, 6, 9], [4, 3, 1, 3, 23, 14], [5, 9, 2, 2, 13, 23]]"
azure_replication,w200_prefix,shared_function_words_nc,paraphrase,original,315,18,0.4456274139268202,0.36955743539097663,0.5178746171077053,0.4666666666666667,"[[43, 1, 3, 2, 0, 8], [8, 5, 12, 10, 4, 15], [2, 1, 34, 6, 0, 3], [6, 5, 8, 26, 2, 9], [9, 5, 3, 4, 17, 10], [6, 10, 6, 4, 6, 22]]"
azure_replication,w200_prefix,shared_function_words_nc,paraphrase,paraphrase,315,18,0.4271145476551815,0.3533109386760189,0.49348730989344464,0.43174603174603177,"[[39, 1, 3, 3, 2, 9], [7, 6, 9, 6, 6, 20], [0, 5, 27, 6, 0, 8], [6, 3, 8, 26, 2, 11], [8, 5, 2, 1, 18, 14], [6, 15, 3, 2, 8, 20]]"
azure_replication,w200_prefix,shared_function_words_nc,paraphrase,modernize,315,18,0.4478114237998205,0.3667708234299494,0.5231368019511783,0.4603174603174603,"[[44, 1, 2, 2, 3, 5], [6, 5, 7, 11, 6, 19], [1, 3, 27, 9, 1, 5], [6, 8, 6, 26, 1, 9], [9, 3, 2, 4, 22, 8], [5, 13, 4, 3, 8, 21]]"
azure_replication,w200_prefix,shared_function_words_nc,paraphrase,simplify,315,18,0.4315997625838592,0.3470402027539466,0.5093309378079779,0.44126984126984126,"[[44, 2, 1, 1, 6, 3], [9, 10, 6, 9, 7, 13], [0, 7, 22, 10, 2, 5], [8, 7, 6, 26, 2, 7], [6, 5, 3, 3, 18, 13], [6, 13, 3, 1, 12, 19]]"
azure_replication,w200_prefix,shared_function_words_nc,modernize,original,315,18,0.4565650906111432,0.38765073323803234,0.5254017635197152,0.48253968253968255,"[[44, 2, 3, 1, 1, 6], [8, 4, 10, 11, 3, 18], [1, 0, 36, 3, 1, 5], [5, 6, 9, 26, 1, 9], [10, 5, 3, 4, 16, 10], [7, 7, 5, 3, 6, 26]]"
azure_replication,w200_prefix,shared_function_words_nc,modernize,paraphrase,315,18,0.4546042278767157,0.37631853217776673,0.5226611073835664,0.4603174603174603,"[[42, 1, 2, 2, 3, 7], [7, 7, 6, 6, 7, 21], [1, 3, 27, 5, 1, 9], [6, 4, 10, 26, 1, 9], [6, 7, 2, 1, 19, 13], [6, 15, 2, 2, 5, 24]]"
azure_replication,w200_prefix,shared_function_words_nc,modernize,modernize,315,18,0.4374727861983376,0.3653194533623717,0.5049951594352469,0.4507936507936508,"[[43, 2, 2, 1, 4, 5], [5, 5, 9, 9, 8, 18], [0, 4, 24, 11, 0, 7], [4, 8, 8, 26, 1, 9], [9, 5, 1, 4, 20, 9], [7, 10, 4, 2, 7, 24]]"
azure_replication,w200_prefix,shared_function_words_nc,modernize,simplify,315,18,0.43315636090710563,0.35159873562745236,0.5104906426887867,0.44126984126984126,"[[42, 5, 0, 1, 7, 2], [9, 12, 6, 9, 5, 13], [1, 4, 20, 12, 3, 6], [8, 7, 8, 23, 3, 7], [5, 8, 2, 3, 20, 10], [8, 10, 2, 2, 10, 22]]"
azure_replication,w200_prefix,shared_function_words_nc,simplify,original,315,18,0.42642259372174696,0.36064452991442814,0.4870871284586326,0.44126984126984126,"[[38, 3, 4, 1, 1, 10], [6, 4, 13, 9, 3, 19], [1, 3, 28, 9, 0, 5], [5, 6, 10, 25, 1, 9], [7, 2, 1, 4, 17, 17], [4, 8, 4, 3, 8, 27]]"
azure_replication,w200_prefix,shared_function_words_nc,simplify,paraphrase,315,18,0.4429025542685947,0.373167864875045,0.510499593819796,0.4444444444444444,"[[35, 7, 1, 3, 0, 11], [5, 7, 8, 7, 6, 21], [0, 4, 26, 8, 0, 8], [5, 4, 12, 25, 1, 9], [4, 6, 3, 1, 19, 15], [5, 10, 2, 3, 6, 28]]"
azure_replication,w200_prefix,shared_function_words_nc,simplify,modernize,315,18,0.43575014735922873,0.3639567534453906,0.4997314684782086,0.44761904761904764,"[[41, 5, 2, 1, 3, 5], [4, 4, 9, 11, 7, 19], [0, 4, 25, 11, 0, 6], [3, 6, 8, 27, 1, 11], [7, 5, 1, 3, 16, 16], [4, 11, 2, 3, 6, 28]]"
azure_replication,w200_prefix,shared_function_words_nc,simplify,simplify,315,18,0.4310714283837973,0.34751568273019734,0.5107797528953154,0.44126984126984126,"[[39, 9, 1, 1, 5, 2], [9, 9, 10, 7, 5, 14], [0, 6, 25, 9, 2, 4], [6, 7, 8, 26, 1, 8], [6, 7, 5, 3, 13, 14], [5, 9, 2, 1, 10, 27]]"
azure_replication,w200_prefix,char3_5_tfidf_svm,original,original,315,18,0.7803088299907969,0.6970802139526042,0.8523237757041678,0.7841269841269841,"[[52, 2, 1, 2, 0, 0], [2, 31, 2, 9, 9, 1], [0, 0, 39, 3, 2, 2], [2, 2, 2, 49, 1, 0], [1, 3, 2, 3, 36, 3], [5, 2, 1, 1, 5, 40]]"
azure_replication,w200_prefix,char3_5_tfidf_svm,original,paraphrase,315,18,0.6530511180784405,0.5791326351442543,0.723106053837317,0.6698412698412698,"[[53, 1, 0, 1, 2, 0], [3, 22, 0, 11, 15, 3], [0, 4, 20, 7, 11, 4], [3, 2, 3, 44, 3, 1], [0, 1, 1, 1, 44, 1], [6, 7, 0, 1, 12, 28]]"
azure_replication,w200_prefix,char3_5_tfidf_svm,original,modernize,315,18,0.6764417257529517,0.6021698380204784,0.7455692103432989,0.6888888888888889,"[[53, 1, 0, 2, 1, 0], [2, 24, 2, 8, 14, 4], [0, 5, 23, 8, 7, 3], [3, 3, 2, 46, 1, 1], [0, 2, 2, 2, 41, 1], [4, 5, 0, 1, 14, 30]]"
azure_replication,w200_prefix,char3_5_tfidf_svm,original,simplify,315,18,0.5353763248481856,0.46016856210716006,0.6014680324714089,0.5873015873015873,"[[50, 0, 0, 1, 5, 1], [3, 20, 0, 5, 18, 8], [2, 5, 2, 9, 24, 4], [5, 3, 0, 39, 6, 3], [0, 1, 1, 0, 44, 2], [3, 4, 0, 1, 16, 30]]"
azure_replication,w200_prefix,char3_5_tfidf_svm,paraphrase,original,315,18,0.658979822163221,0.5670485406960717,0.7418565308965397,0.6698412698412698,"[[54, 0, 1, 2, 0, 0], [5, 23, 1, 18, 3, 4], [2, 0, 29, 12, 2, 1], [4, 0, 3, 48, 0, 1], [2, 3, 3, 4, 33, 3], [10, 6, 4, 7, 3, 24]]"
azure_replication,w200_prefix,char3_5_tfidf_svm,paraphrase,paraphrase,315,18,0.679642493978589,0.5959401448012446,0.75580473903414,0.6888888888888889,"[[53, 1, 0, 3, 0, 0], [3, 27, 1, 12, 8, 3], [0, 3, 27, 11, 4, 1], [2, 2, 4, 47, 0, 1], [2, 2, 3, 4, 35, 2], [7, 9, 1, 3, 6, 28]]"
azure_replication,w200_prefix,char3_5_tfidf_svm,paraphrase,modernize,315,18,0.6881639887592611,0.6132243387766202,0.7577478344371307,0.7015873015873015,"[[53, 1, 0, 2, 1, 0], [2, 25, 2, 11, 12, 2], [2, 2, 27, 8, 5, 2], [2, 1, 2, 50, 0, 1], [1, 2, 3, 2, 39, 1], [4, 8, 2, 4, 9, 27]]"
azure_replication,w200_prefix,char3_5_tfidf_svm,paraphrase,simplify,315,18,0.6289625616736595,0.5413010061585574,0.704570776817344,0.6444444444444445,"[[53, 0, 0, 2, 2, 0], [3, 24, 1, 7, 14, 5], [3, 0, 20, 9, 13, 1], [4, 2, 1, 45, 3, 1], [3, 2, 2, 2, 37, 2], [4, 8, 1, 3, 14, 24]]"
azure_replication,w200_prefix,char3_5_tfidf_svm,modernize,original,315,18,0.6974556408283245,0.6075009512372251,0.7783207168441032,0.7015873015873015,"[[53, 2, 1, 1, 0, 0], [3, 26, 2, 18, 4, 1], [0, 1, 34, 7, 2, 2], [3, 1, 5, 45, 1, 1], [2, 3, 2, 6, 33, 2], [7, 1, 3, 8, 5, 30]]"
azure_replication,w200_prefix,char3_5_tfidf_svm,modernize,paraphrase,315,18,0.6881057572809922,0.6116779398568019,0.7609418337927121,0.6952380952380952,"[[53, 1, 0, 3, 0, 0], [3, 27, 2, 12, 8, 2], [0, 2, 31, 10, 3, 0], [2, 3, 3, 46, 0, 2], [3, 0, 2, 5, 36, 2], [9, 7, 2, 6, 4, 26]]"
azure_replication,w200_prefix,char3_5_tfidf_svm,modernize,modernize,315,18,0.7016342189032677,0.625925123147956,0.7728408666330766,0.7111111111111111,"[[54, 1, 0, 2, 0, 0], [2, 25, 2, 11, 11, 3], [0, 3, 28, 10, 2, 3], [3, 2, 3, 47, 1, 0], [2, 2, 2, 4, 38, 0], [7, 5, 1, 3, 6, 32]]"
azure_replication,w200_prefix,char3_5_tfidf_svm,modernize,simplify,315,18,0.6522861116611116,0.579107172048881,0.7215095979337615,0.6698412698412698,"[[54, 1, 0, 1, 1, 0], [3, 23, 4, 10, 11, 3], [2, 3, 20, 11, 9, 1], [4, 2, 2, 46, 1, 1], [1, 3, 1, 4, 38, 1], [7, 5, 1, 2, 9, 30]]"
azure_replication,w200_prefix,char3_5_tfidf_svm,simplify,original,315,18,0.6412740665366573,0.543343745029608,0.7316443476782022,0.6476190476190476,"[[50, 3, 1, 3, 0, 0], [3, 25, 1, 16, 3, 6], [3, 3, 27, 11, 0, 2], [3, 1, 4, 47, 0, 1], [1, 5, 2, 7, 26, 7], [9, 3, 3, 8, 2, 29]]"
azure_replication,w200_prefix,char3_5_tfidf_svm,simplify,paraphrase,315,18,0.6773684022607043,0.5936560534170975,0.7534691117860008,0.6825396825396826,"[[51, 2, 1, 2, 1, 0], [2, 27, 2, 14, 4, 5], [0, 3, 31, 9, 3, 0], [1, 2, 5, 46, 0, 2], [1, 3, 4, 5, 32, 3], [7, 10, 1, 5, 3, 28]]"
azure_replication,w200_prefix,char3_5_tfidf_svm,simplify,modernize,315,18,0.6678834675630778,0.5971208013299806,0.7346252596364835,0.6793650793650794,"[[54, 0, 0, 2, 1, 0], [3, 23, 3, 13, 8, 4], [2, 5, 27, 9, 1, 2], [3, 2, 3, 47, 0, 1], [2, 3, 4, 3, 33, 3], [6, 8, 0, 5, 5, 30]]"
azure_replication,w200_prefix,char3_5_tfidf_svm,simplify,simplify,315,18,0.644292482904299,0.5607161407148126,0.7246906836476985,0.6603174603174603,"[[53, 1, 0, 1, 1, 1], [1, 22, 2, 14, 9, 6], [3, 4, 23, 8, 5, 3], [2, 3, 2, 49, 0, 0], [2, 4, 2, 4, 33, 3], [6, 5, 2, 6, 7, 28]]"
azure_replication,w200_middle,shared_stylometry_nc,original,original,315,18,0.5171471385570291,0.4241207556283317,0.6075435213542327,0.5111111111111111,"[[32, 9, 3, 6, 0, 7], [13, 18, 1, 5, 7, 10], [4, 3, 30, 4, 0, 5], [8, 4, 6, 31, 1, 6], [2, 11, 1, 4, 23, 7], [6, 9, 3, 5, 4, 27]]"
azure_replication,w200_middle,shared_stylometry_nc,original,paraphrase,315,18,0.4852138813218539,0.39329937409327287,0.5738230964648516,0.4793650793650794,"[[31, 11, 0, 6, 0, 9], [9, 22, 0, 3, 8, 12], [4, 7, 18, 4, 0, 13], [7, 4, 2, 31, 3, 9], [1, 12, 2, 3, 20, 10], [5, 10, 3, 4, 3, 29]]"
azure_replication,w200_middle,shared_stylometry_nc,original,modernize,315,18,0.44180952351795405,0.3502603764407518,0.5300271456510419,0.43492063492063493,"[[26, 15, 0, 5, 1, 10], [9, 21, 1, 2, 7, 14], [2, 8, 17, 5, 3, 11], [11, 5, 4, 21, 2, 13], [1, 12, 2, 3, 21, 9], [3, 11, 2, 4, 3, 31]]"
azure_replication,w200_middle,shared_stylometry_nc,original,simplify,315,18,0.36755075249232144,0.2829560001274503,0.4433665599550017,0.3904761904761905,"[[34, 14, 0, 2, 0, 7], [10, 21, 0, 2, 8, 13], [4, 12, 9, 2, 5, 14], [19, 7, 1, 6, 6, 17], [2, 15, 0, 1, 20, 10], [5, 10, 1, 0, 5, 33]]"
azure_replication,w200_middle,shared_stylometry_nc,paraphrase,original,315,18,0.4797984245620985,0.39350105333744545,0.5658817423579541,0.48253968253968255,"[[36, 4, 3, 7, 0, 7], [10, 14, 6, 8, 5, 11], [4, 2, 26, 10, 0, 4], [7, 3, 7, 34, 0, 5], [4, 9, 3, 5, 24, 3], [7, 9, 4, 12, 4, 18]]"
azure_replication,w200_middle,shared_stylometry_nc,paraphrase,paraphrase,315,18,0.46582919360090896,0.38568627510074727,0.5477297065122867,0.4603174603174603,"[[30, 10, 2, 8, 0, 7], [9, 21, 3, 6, 6, 9], [3, 6, 20, 10, 0, 7], [7, 3, 9, 28, 0, 9], [1, 12, 3, 4, 22, 6], [5, 10, 4, 8, 3, 24]]"
azure_replication,w200_middle,shared_stylometry_nc,paraphrase,modernize,315,18,0.4596949592733312,0.3828191056436516,0.536840403363891,0.45714285714285713,"[[29, 10, 0, 5, 3, 10], [9, 18, 3, 5, 8, 11], [3, 5, 20, 8, 4, 6], [8, 3, 14, 21, 1, 9], [2, 9, 2, 2, 28, 5], [3, 11, 2, 7, 3, 28]]"
azure_replication,w200_middle,shared_stylometry_nc,paraphrase,simplify,315,18,0.40376004237457175,0.3262532769653315,0.47786212456551486,0.4126984126984127,"[[34, 14, 0, 3, 1, 5], [12, 17, 3, 2, 9, 11], [6, 7, 15, 6, 7, 5], [20, 1, 6, 12, 5, 12], [2, 12, 3, 1, 22, 8], [4, 11, 3, 2, 4, 30]]"
azure_replication,w200_middle,shared_stylometry_nc,modernize,original,315,18,0.4754008405008128,0.39374432157768885,0.5604767896190157,0.47619047619047616,"[[25, 11, 4, 10, 0, 7], [8, 14, 6, 9, 8, 9], [1, 2, 26, 11, 0, 6], [5, 4, 7, 36, 0, 4], [2, 8, 4, 7, 23, 4], [5, 7, 5, 7, 4, 26]]"
azure_replication,w200_middle,shared_stylometry_nc,modernize,paraphrase,315,18,0.4707028690079538,0.39105415195478843,0.5491116490813148,0.4666666666666667,"[[28, 11, 2, 10, 0, 6], [8, 20, 3, 7, 7, 9], [1, 6, 23, 10, 0, 6], [4, 3, 8, 31, 0, 10], [3, 8, 4, 5, 20, 8], [3, 10, 6, 7, 3, 25]]"
azure_replication,w200_middle,shared_stylometry_nc,modernize,modernize,315,18,0.47818424519557085,0.3937442057768563,0.5623912579306075,0.473015873015873,"[[27, 14, 1, 5, 2, 8], [9, 19, 3, 6, 6, 11], [1, 7, 22, 9, 2, 5], [5, 2, 9, 31, 0, 9], [1, 10, 4, 3, 24, 6], [5, 8, 4, 8, 3, 26]]"
azure_replication,w200_middle,shared_stylometry_nc,modernize,simplify,315,18,0.45238756247023404,0.3728234506776549,0.5263530206983957,0.4507936507936508,"[[33, 15, 0, 3, 0, 6], [11, 20, 2, 3, 7, 11], [2, 9, 18, 7, 6, 4], [10, 6, 6, 22, 4, 8], [4, 9, 3, 3, 21, 8], [6, 10, 4, 4, 2, 28]]"
azure_replication,w200_middle,shared_stylometry_nc,simplify,original,315,18,0.44498099479599995,0.3510658625579461,0.5331146587513398,0.44126984126984126,"[[18, 11, 4, 11, 0, 13], [7, 13, 6, 11, 5, 12], [0, 3, 26, 7, 0, 10], [3, 3, 8, 30, 0, 12], [2, 8, 3, 5, 22, 8], [3, 8, 5, 6, 2, 30]]"
azure_replication,w200_middle,shared_stylometry_nc,simplify,paraphrase,315,18,0.4541982928349231,0.36490059275691095,0.5408190879137763,0.4507936507936508,"[[25, 12, 3, 9, 0, 8], [5, 18, 5, 8, 7, 11], [0, 6, 22, 9, 0, 9], [5, 3, 8, 25, 0, 15], [1, 8, 5, 3, 19, 12], [3, 8, 2, 4, 4, 33]]"
azure_replication,w200_middle,shared_stylometry_nc,simplify,modernize,315,18,0.47993768732932424,0.39122016697085343,0.5627782726872353,0.47619047619047616,"[[30, 12, 2, 4, 0, 9], [7, 19, 5, 6, 6, 11], [0, 6, 21, 9, 1, 9], [6, 2, 10, 25, 0, 13], [1, 9, 5, 2, 22, 9], [1, 9, 5, 2, 4, 33]]"
azure_replication,w200_middle,shared_stylometry_nc,simplify,simplify,315,18,0.46730232669706884,0.3856322696288656,0.548710468381182,0.4666666666666667,"[[30, 15, 1, 4, 0, 7], [8, 18, 3, 6, 8, 11], [0, 4, 22, 13, 4, 3], [9, 4, 10, 23, 2, 8], [3, 8, 3, 3, 22, 9], [1, 8, 6, 2, 5, 32]]"
azure_replication,w200_middle,shared_function_words_nc,original,original,315,18,0.4385300417691391,0.35241439482611137,0.5234305955644244,0.44126984126984126,"[[38, 6, 0, 7, 1, 5], [10, 10, 3, 12, 4, 15], [2, 1, 29, 8, 0, 6], [9, 9, 8, 24, 2, 4], [5, 7, 2, 3, 17, 14], [7, 9, 3, 6, 8, 21]]"
azure_replication,w200_middle,shared_function_words_nc,original,paraphrase,315,18,0.41340460169205095,0.3416426115825496,0.4795361762255119,0.4158730158730159,"[[40, 6, 0, 3, 2, 6], [7, 16, 1, 6, 7, 17], [3, 6, 18, 10, 2, 7], [12, 14, 4, 15, 4, 7], [2, 8, 1, 2, 16, 19], [6, 11, 3, 3, 5, 26]]"
azure_replication,w200_middle,shared_function_words_nc,original,modernize,315,18,0.40590043821546645,0.3214797149990231,0.48474475792433497,0.40634920634920635,"[[32, 9, 0, 5, 2, 9], [10, 13, 1, 7, 7, 16], [1, 9, 18, 8, 3, 7], [14, 6, 7, 21, 3, 5], [3, 11, 2, 2, 16, 14], [4, 9, 3, 2, 8, 28]]"
azure_replication,w200_middle,shared_function_words_nc,original,simplify,315,18,0.37181718664067404,0.30594739776166285,0.4357942957549313,0.38412698412698415,"[[39, 8, 0, 2, 2, 6], [9, 14, 1, 7, 7, 16], [3, 14, 10, 7, 5, 7], [12, 13, 2, 14, 10, 5], [3, 9, 2, 3, 16, 15], [5, 10, 1, 5, 5, 28]]"
azure_replication,w200_middle,shared_function_words_nc,paraphrase,original,315,18,0.42030952965901197,0.34453883324614376,0.495229629498963,0.43492063492063493,"[[37, 4, 0, 8, 1, 7], [9, 7, 6, 11, 5, 16], [2, 1, 31, 7, 0, 5], [5, 4, 14, 26, 2, 5], [5, 6, 4, 4, 15, 14], [6, 7, 7, 4, 9, 21]]"
azure_replication,w200_middle,shared_function_words_nc,paraphrase,paraphrase,315,18,0.43296492312953844,0.36621698417286885,0.4989997543185301,0.44126984126984126,"[[38, 5, 0, 6, 2, 6], [8, 10, 5, 8, 8, 15], [2, 3, 28, 7, 0, 6], [6, 6, 14, 22, 2, 6], [2, 8, 6, 2, 16, 14], [6, 9, 5, 3, 6, 25]]"
azure_replication,w200_middle,shared_function_words_nc,paraphrase,modernize,315,18,0.4025694332267545,0.3235610789554727,0.47678391262581926,0.40634920634920635,"[[30, 8, 0, 7, 4, 8], [10, 8, 6, 10, 7, 13], [1, 5, 25, 9, 1, 5], [9, 5, 15, 21, 1, 5], [3, 7, 2, 4, 18, 14], [3, 9, 3, 3, 10, 26]]"
azure_replication,w200_middle,shared_function_words_nc,paraphrase,simplify,315,18,0.40497811547767054,0.34303687902194396,0.4660006092851834,0.4126984126984127,"[[40, 9, 0, 3, 0, 5], [11, 11, 3, 9, 7, 13], [1, 7, 18, 10, 4, 6], [11, 5, 12, 19, 6, 3], [3, 10, 2, 3, 17, 13], [4, 10, 2, 3, 10, 25]]"
azure_replication,w200_middle,shared_function_words_nc,modernize,original,315,18,0.3922014710919237,0.31423497076749124,0.4723143612444903,0.4031746031746032,"[[36, 6, 2, 9, 1, 3], [10, 9, 8, 10, 4, 13], [1, 1, 30, 10, 0, 4], [9, 8, 13, 20, 3, 3], [5, 7, 5, 4, 13, 14], [6, 12, 6, 4, 7, 19]]"
azure_replication,w200_middle,shared_function_words_nc,modernize,paraphrase,315,18,0.4334720830948058,0.3575402179721926,0.5057975475120576,0.43492063492063493,"[[34, 9, 1, 6, 2, 5], [10, 10, 4, 8, 9, 13], [1, 2, 26, 9, 0, 8], [9, 8, 11, 22, 2, 4], [2, 9, 3, 2, 20, 12], [5, 10, 5, 2, 7, 25]]"
azure_replication,w200_middle,shared_function_words_nc,modernize,modernize,315,18,0.40512334226449337,0.3285998256859519,0.48030625631649054,0.40634920634920635,"[[31, 11, 1, 6, 2, 6], [11, 10, 4, 11, 6, 12], [0, 3, 26, 11, 1, 5], [14, 7, 11, 20, 2, 2], [3, 8, 3, 4, 17, 13], [3, 9, 4, 4, 10, 24]]"
azure_replication,w200_middle,shared_function_words_nc,modernize,simplify,315,18,0.4237379478758789,0.35699057030373293,0.4906296653261283,0.42857142857142855,"[[41, 9, 0, 2, 0, 5], [12, 12, 2, 9, 6, 13], [2, 7, 22, 6, 4, 5], [11, 14, 8, 16, 5, 2], [3, 10, 2, 4, 16, 13], [4, 10, 4, 3, 5, 28]]"
azure_replication,w200_middle,shared_function_words_nc,simplify,original,315,18,0.39184953500917596,0.3158996213154375,0.4706110548567246,0.4,"[[25, 9, 3, 8, 3, 9], [6, 9, 10, 9, 5, 15], [2, 1, 29, 7, 0, 7], [5, 6, 16, 21, 0, 8], [3, 7, 4, 5, 13, 16], [3, 8, 5, 2, 7, 29]]"
azure_replication,w200_middle,shared_function_words_nc,simplify,paraphrase,315,18,0.4270220106989866,0.3461906039966924,0.49999534570522763,0.4253968253968254,"[[30, 9, 1, 9, 2, 6], [6, 13, 5, 8, 8, 14], [1, 4, 25, 6, 0, 10], [6, 9, 13, 21, 1, 6], [1, 10, 4, 2, 17, 14], [3, 9, 3, 3, 8, 28]]"
azure_replication,w200_middle,shared_function_words_nc,simplify,modernize,315,18,0.4017644209276872,0.3157503892482045,0.4812760928287325,0.4031746031746032,"[[26, 12, 1, 9, 2, 7], [6, 9, 7, 8, 8, 16], [0, 3, 25, 9, 2, 7], [7, 8, 13, 22, 1, 5], [4, 8, 3, 2, 17, 14], [2, 7, 4, 3, 10, 28]]"
azure_replication,w200_middle,shared_function_words_nc,simplify,simplify,315,18,0.41587178064066915,0.3505527749103536,0.4797055729516046,0.41904761904761906,"[[35, 11, 0, 3, 2, 6], [10, 14, 3, 11, 7, 9], [1, 5, 23, 7, 3, 7], [9, 10, 12, 16, 5, 4], [3, 11, 3, 2, 15, 14], [2, 10, 3, 2, 8, 29]]"
azure_replication,w200_middle,char3_5_tfidf_svm,original,original,315,18,0.7489460201914163,0.6773797479481297,0.8141422056526254,0.7587301587301587,"[[50, 2, 2, 3, 0, 0], [3, 25, 3, 9, 11, 3], [2, 2, 33, 6, 1, 2], [1, 1, 0, 54, 0, 0], [1, 4, 3, 2, 37, 1], [4, 0, 3, 3, 4, 40]]"
azure_replication,w200_middle,char3_5_tfidf_svm,original,paraphrase,315,18,0.6299596094238614,0.5495373911424357,0.7087681225769157,0.6412698412698413,"[[48, 3, 0, 3, 2, 1], [2, 22, 1, 7, 19, 3], [1, 4, 20, 6, 9, 6], [2, 2, 3, 45, 2, 2], [1, 4, 1, 2, 39, 1], [2, 9, 2, 2, 11, 28]]"
azure_replication,w200_middle,char3_5_tfidf_svm,original,modernize,315,18,0.6150718029457705,0.5482166579622484,0.6763580380011637,0.6222222222222222,"[[43, 5, 1, 3, 4, 1], [1, 20, 1, 6, 21, 5], [1, 4, 20, 5, 10, 6], [3, 2, 2, 42, 4, 3], [0, 3, 1, 2, 41, 1], [2, 11, 0, 4, 7, 30]]"
azure_replication,w200_middle,char3_5_tfidf_svm,original,simplify,315,18,0.544234154945947,0.47740304692815655,0.6080457789852225,0.5650793650793651,"[[45, 5, 0, 1, 3, 3], [2, 14, 0, 4, 26, 8], [1, 7, 10, 3, 19, 6], [5, 0, 0, 34, 12, 5], [0, 3, 1, 0, 44, 0], [1, 8, 0, 2, 12, 31]]"
azure_replication,w200_middle,char3_5_tfidf_svm,paraphrase,original,315,18,0.6508077289634554,0.5679810453182522,0.7247712482269404,0.6634920634920635,"[[52, 0, 2, 3, 0, 0], [7, 22, 4, 15, 4, 2], [4, 0, 31, 6, 2, 3], [2, 1, 3, 49, 0, 1], [3, 2, 3, 6, 33, 1], [13, 0, 5, 11, 3, 22]]"
azure_replication,w200_middle,char3_5_tfidf_svm,paraphrase,paraphrase,315,18,0.6435081495134437,0.5748843201939191,0.7162331591027472,0.6571428571428571,"[[52, 2, 1, 1, 0, 1], [5, 20, 2, 13, 12, 2], [2, 1, 27, 11, 2, 3], [4, 1, 3, 48, 0, 0], [4, 4, 2, 3, 34, 1], [5, 9, 3, 9, 2, 26]]"
azure_replication,w200_middle,char3_5_tfidf_svm,paraphrase,modernize,315,18,0.6384806185921216,0.5669415614602793,0.7033393083843612,0.653968253968254,"[[48, 3, 2, 2, 1, 1], [4, 19, 4, 10, 14, 3], [4, 2, 28, 4, 5, 3], [2, 1, 2, 49, 1, 1], [2, 4, 1, 2, 39, 0], [4, 11, 2, 3, 11, 23]]"
azure_replication,w200_middle,char3_5_tfidf_svm,paraphrase,simplify,315,18,0.5690851920928798,0.5050602719619718,0.6296950144766177,0.580952380952381,"[[49, 3, 0, 1, 3, 1], [3, 14, 1, 8, 21, 7], [3, 2, 22, 5, 12, 2], [5, 1, 2, 41, 6, 1], [3, 7, 2, 1, 34, 1], [5, 10, 2, 2, 12, 23]]"
azure_replication,w200_middle,char3_5_tfidf_svm,modernize,original,315,18,0.6752702698777245,0.5956034540300648,0.7457196307937661,0.6888888888888889,"[[50, 1, 2, 4, 0, 0], [6, 23, 5, 13, 5, 2], [1, 1, 35, 5, 1, 3], [1, 1, 1, 53, 0, 0], [3, 3, 5, 3, 33, 1], [11, 2, 6, 11, 1, 23]]"
azure_replication,w200_middle,char3_5_tfidf_svm,modernize,paraphrase,315,18,0.6329575182963415,0.558991410339824,0.7079997573094248,0.6444444444444445,"[[48, 4, 1, 3, 1, 0], [7, 23, 2, 12, 8, 2], [1, 4, 27, 7, 3, 4], [1, 1, 4, 49, 1, 0], [4, 3, 2, 3, 35, 1], [5, 11, 2, 14, 1, 21]]"
azure_replication,w200_middle,char3_5_tfidf_svm,modernize,modernize,315,18,0.6266226988640562,0.556214339437681,0.6970229407493556,0.6444444444444445,"[[49, 3, 1, 3, 1, 0], [6, 18, 6, 11, 11, 2], [3, 2, 26, 8, 4, 3], [2, 2, 1, 51, 0, 0], [1, 4, 3, 3, 35, 2], [5, 11, 4, 5, 5, 24]]"
azure_replication,w200_middle,char3_5_tfidf_svm,modernize,simplify,315,18,0.5880141133551561,0.5061991103047198,0.6632686421657964,0.6126984126984127,"[[47, 4, 0, 4, 0, 2], [5, 17, 2, 9, 16, 5], [2, 5, 15, 11, 8, 5], [2, 2, 0, 48, 3, 1], [3, 3, 0, 2, 39, 1], [4, 7, 2, 6, 8, 27]]"
azure_replication,w200_middle,char3_5_tfidf_svm,simplify,original,315,18,0.6416420764252501,0.5573579702709482,0.7233810643110498,0.653968253968254,"[[48, 2, 3, 4, 0, 0], [8, 18, 6, 13, 5, 4], [3, 1, 31, 7, 1, 3], [1, 1, 4, 49, 0, 1], [2, 5, 5, 4, 30, 2], [12, 0, 5, 7, 0, 30]]"
azure_replication,w200_middle,char3_5_tfidf_svm,simplify,paraphrase,315,18,0.6139344842380896,0.5273777671841932,0.6940436551871354,0.6253968253968254,"[[46, 5, 2, 4, 0, 0], [6, 22, 4, 11, 7, 4], [2, 5, 27, 8, 2, 2], [1, 0, 4, 49, 0, 2], [3, 4, 4, 5, 31, 1], [5, 9, 6, 10, 2, 22]]"
azure_replication,w200_middle,char3_5_tfidf_svm,simplify,modernize,315,18,0.6398140550027317,0.5700414638449471,0.7092921020662069,0.6507936507936508,"[[46, 4, 2, 5, 0, 0], [6, 19, 5, 12, 7, 5], [3, 3, 28, 5, 5, 2], [2, 2, 1, 50, 1, 0], [0, 8, 3, 1, 33, 3], [5, 7, 4, 6, 3, 29]]"
azure_replication,w200_middle,char3_5_tfidf_svm,simplify,simplify,315,18,0.6127683218464494,0.531196277117351,0.6886853636760824,0.6253968253968254,"[[46, 4, 0, 6, 0, 1], [4, 17, 4, 14, 9, 6], [1, 2, 26, 8, 6, 3], [1, 2, 2, 50, 1, 0], [3, 7, 2, 1, 33, 2], [4, 9, 3, 10, 3, 25]]"
azure_replication,w200_suffix,shared_stylometry_nc,original,original,315,18,0.47915952526046585,0.3866879743054813,0.5668567257315597,0.4793650793650794,"[[35, 7, 2, 9, 1, 3], [4, 17, 4, 6, 10, 13], [3, 4, 29, 2, 2, 6], [9, 3, 13, 26, 2, 3], [0, 9, 4, 0, 26, 9], [5, 13, 6, 3, 9, 18]]"
azure_replication,w200_suffix,shared_stylometry_nc,original,paraphrase,315,18,0.4505257486749283,0.3652937475963049,0.5386530181336939,0.44761904761904764,"[[33, 9, 1, 5, 1, 8], [5, 15, 2, 4, 11, 17], [4, 3, 16, 6, 4, 13], [12, 2, 5, 30, 1, 6], [0, 10, 3, 0, 24, 11], [2, 15, 3, 3, 8, 23]]"
azure_replication,w200_suffix,shared_stylometry_nc,original,modernize,315,18,0.438109742224649,0.35234332991946943,0.52448725845381,0.43174603174603177,"[[27, 9, 1, 5, 3, 12], [3, 14, 1, 3, 12, 21], [2, 3, 19, 6, 5, 11], [13, 3, 7, 25, 1, 7], [0, 11, 3, 0, 26, 8], [2, 11, 3, 3, 10, 25]]"
azure_replication,w200_suffix,shared_stylometry_nc,original,simplify,315,18,0.362026789709539,0.2729954098671276,0.45101592182048944,0.3746031746031746,"[[28, 7, 0, 3, 2, 17], [5, 12, 1, 1, 13, 22], [2, 5, 7, 5, 12, 15], [19, 4, 2, 15, 4, 12], [0, 8, 3, 0, 25, 12], [0, 15, 0, 0, 8, 31]]"
azure_replication,w200_suffix,shared_stylometry_nc,paraphrase,original,315,18,0.5220144002810571,0.43542284258598773,0.611490678416371,0.526984126984127,"[[37, 4, 3, 9, 1, 3], [4, 21, 9, 4, 9, 7], [2, 2, 29, 4, 3, 6], [9, 0, 11, 34, 0, 2], [0, 6, 7, 0, 29, 6], [3, 14, 8, 8, 5, 16]]"
azure_replication,w200_suffix,shared_stylometry_nc,paraphrase,paraphrase,315,18,0.48444341185834006,0.4034653677191147,0.5664959073270392,0.4857142857142857,"[[34, 4, 2, 9, 2, 6], [4, 18, 6, 5, 12, 9], [2, 3, 21, 6, 5, 9], [9, 1, 6, 34, 0, 6], [0, 10, 4, 0, 27, 7], [1, 15, 4, 8, 7, 19]]"
azure_replication,w200_suffix,shared_stylometry_nc,paraphrase,modernize,315,18,0.4908206917335347,0.40399708162783876,0.5775886778853068,0.4888888888888889,"[[29, 8, 2, 7, 3, 8], [4, 18, 5, 3, 11, 13], [2, 3, 23, 5, 4, 9], [13, 0, 7, 27, 2, 7], [0, 10, 4, 0, 31, 3], [0, 13, 4, 3, 8, 26]]"
azure_replication,w200_suffix,shared_stylometry_nc,paraphrase,simplify,315,18,0.4266728409127301,0.33480086640016715,0.5182721925052345,0.42857142857142855,"[[30, 9, 1, 4, 3, 10], [4, 19, 3, 3, 12, 13], [3, 4, 13, 7, 9, 10], [16, 4, 3, 21, 4, 8], [0, 10, 4, 1, 25, 8], [1, 16, 1, 1, 8, 27]]"
azure_replication,w200_suffix,shared_stylometry_nc,modernize,original,315,18,0.48515226786111637,0.3954197022169575,0.5750453250419265,0.49206349206349204,"[[34, 5, 3, 11, 1, 3], [5, 19, 11, 3, 7, 9], [1, 3, 31, 7, 2, 2], [5, 0, 13, 35, 0, 3], [1, 10, 7, 1, 24, 5], [6, 17, 8, 7, 4, 12]]"
azure_replication,w200_suffix,shared_stylometry_nc,modernize,paraphrase,315,18,0.47508807027485794,0.39027042746295476,0.5625298032923144,0.47619047619047616,"[[32, 6, 4, 10, 2, 3], [5, 20, 5, 5, 8, 11], [3, 1, 23, 6, 5, 8], [7, 0, 9, 35, 0, 5], [0, 11, 5, 1, 22, 9], [2, 17, 5, 7, 5, 18]]"
azure_replication,w200_suffix,shared_stylometry_nc,modernize,modernize,315,18,0.462207126930849,0.37696759146934666,0.547079279912557,0.45714285714285713,"[[33, 6, 3, 6, 2, 7], [4, 15, 5, 2, 11, 17], [1, 2, 22, 6, 4, 11], [11, 1, 10, 28, 0, 6], [0, 11, 6, 0, 25, 6], [3, 19, 5, 3, 3, 21]]"
azure_replication,w200_suffix,shared_stylometry_nc,modernize,simplify,315,18,0.43679774190136084,0.35088253882733195,0.5247843634076498,0.43174603174603177,"[[28, 8, 1, 7, 3, 10], [4, 18, 2, 3, 12, 15], [2, 5, 16, 7, 8, 8], [12, 4, 5, 28, 1, 6], [0, 12, 5, 1, 24, 6], [3, 21, 2, 3, 3, 22]]"
azure_replication,w200_suffix,shared_stylometry_nc,simplify,original,315,18,0.46182772363904445,0.3657913755152977,0.5593045258805861,0.45714285714285713,"[[30, 3, 5, 12, 1, 6], [5, 21, 10, 5, 5, 8], [0, 3, 28, 6, 0, 9], [8, 0, 15, 26, 1, 6], [0, 10, 10, 2, 22, 4], [5, 15, 11, 5, 1, 17]]"
azure_replication,w200_suffix,shared_stylometry_nc,simplify,paraphrase,315,18,0.46570796001346704,0.3696324633011304,0.5628096540279203,0.4634920634920635,"[[31, 3, 5, 8, 4, 6], [5, 20, 9, 5, 7, 8], [0, 2, 26, 6, 2, 10], [6, 0, 17, 27, 1, 5], [0, 9, 10, 1, 19, 9], [1, 15, 8, 2, 5, 23]]"
azure_replication,w200_suffix,shared_stylometry_nc,simplify,modernize,315,18,0.4782012644284401,0.38731885129341176,0.5692096174357174,0.473015873015873,"[[30, 4, 6, 7, 3, 7], [4, 20, 7, 2, 8, 13], [0, 1, 25, 2, 3, 15], [9, 0, 15, 25, 1, 6], [0, 10, 8, 1, 24, 5], [1, 15, 6, 2, 5, 25]]"
azure_replication,w200_suffix,shared_stylometry_nc,simplify,simplify,315,18,0.46634884312229846,0.38413640066683585,0.5488462222593357,0.4634920634920635,"[[28, 7, 5, 8, 3, 6], [4, 20, 4, 3, 13, 10], [1, 3, 22, 7, 4, 9], [11, 2, 8, 28, 1, 6], [0, 12, 5, 1, 24, 6], [4, 16, 5, 2, 3, 24]]"
azure_replication,w200_suffix,shared_function_words_nc,original,original,315,18,0.4433369362237649,0.3641132587847937,0.5225879809890186,0.4444444444444444,"[[35, 3, 2, 9, 1, 7], [6, 9, 4, 7, 8, 20], [2, 4, 24, 7, 3, 6], [10, 6, 8, 26, 2, 4], [0, 5, 5, 4, 26, 8], [5, 15, 3, 3, 8, 20]]"
azure_replication,w200_suffix,shared_function_words_nc,original,paraphrase,315,18,0.39288123065637354,0.3158851048019564,0.47090789317763243,0.38412698412698415,"[[34, 3, 0, 8, 1, 11], [5, 6, 3, 4, 12, 24], [1, 9, 13, 9, 2, 12], [9, 14, 2, 22, 4, 5], [0, 11, 3, 2, 24, 8], [0, 20, 2, 3, 7, 22]]"
azure_replication,w200_suffix,shared_function_words_nc,original,modernize,315,18,0.4294358733283305,0.3619820657546326,0.4942325986327045,0.4222222222222222,"[[37, 4, 1, 6, 1, 8], [4, 9, 3, 4, 10, 24], [1, 7, 14, 6, 2, 16], [8, 11, 3, 23, 6, 5], [0, 11, 1, 2, 29, 5], [2, 19, 1, 5, 6, 21]]"
azure_replication,w200_suffix,shared_function_words_nc,original,simplify,315,18,0.36233589685215223,0.2948405630038209,0.43140396426718935,0.37777777777777777,"[[33, 5, 0, 5, 4, 10], [7, 11, 2, 5, 10, 19], [4, 9, 5, 7, 9, 12], [12, 10, 0, 20, 8, 6], [0, 5, 1, 3, 27, 12], [3, 19, 1, 2, 6, 23]]"
azure_replication,w200_suffix,shared_function_words_nc,paraphrase,original,315,18,0.4351929270402177,0.3551649603294479,0.5142157591681643,0.44126984126984126,"[[35, 4, 2, 10, 2, 4], [6, 9, 7, 8, 8, 16], [4, 2, 28, 6, 3, 3], [8, 3, 10, 24, 4, 7], [0, 3, 4, 7, 25, 9], [7, 13, 3, 5, 8, 18]]"
azure_replication,w200_suffix,shared_function_words_nc,paraphrase,paraphrase,315,18,0.4358035018760775,0.3600609119297464,0.5075268905100175,0.43174603174603177,"[[31, 5, 0, 11, 2, 8], [5, 11, 5, 7, 11, 15], [3, 2, 22, 5, 4, 10], [11, 5, 3, 26, 3, 8], [0, 7, 3, 3, 27, 8], [3, 16, 4, 5, 7, 19]]"
azure_replication,w200_suffix,shared_function_words_nc,paraphrase,modernize,315,18,0.41353451370375494,0.33711251918771346,0.48581588805400666,0.4158730158730159,"[[34, 4, 0, 10, 1, 8], [6, 8, 5, 9, 9, 17], [3, 5, 16, 8, 5, 9], [9, 4, 7, 24, 3, 9], [0, 6, 2, 5, 29, 6], [2, 15, 2, 7, 8, 20]]"
azure_replication,w200_suffix,shared_function_words_nc,paraphrase,simplify,315,18,0.3855782975005951,0.3141298213162753,0.45833232176547856,0.3904761904761905,"[[29, 4, 0, 10, 5, 9], [7, 10, 3, 9, 9, 16], [3, 9, 12, 7, 9, 6], [11, 3, 2, 26, 6, 8], [0, 5, 2, 4, 26, 11], [4, 14, 3, 6, 7, 20]]"
azure_replication,w200_suffix,shared_function_words_nc,modernize,original,315,18,0.43389670018969545,0.358150080555,0.51071907335128,0.43492063492063493,"[[35, 4, 2, 10, 2, 4], [5, 9, 6, 7, 7, 20], [2, 3, 26, 8, 4, 3], [7, 4, 11, 25, 1, 8], [1, 8, 4, 5, 24, 6], [7, 16, 1, 4, 8, 18]]"
azure_replication,w200_suffix,shared_function_words_nc,modernize,paraphrase,315,18,0.40838240659062003,0.33198474254216476,0.4863206860533291,0.4031746031746032,"[[31, 4, 4, 11, 2, 5], [5, 9, 6, 8, 8, 18], [1, 5, 23, 7, 1, 9], [10, 5, 8, 23, 3, 7], [0, 12, 3, 4, 23, 6], [5, 18, 4, 3, 6, 18]]"
azure_replication,w200_suffix,shared_function_words_nc,modernize,modernize,315,18,0.41293432540649105,0.3445350811024062,0.4796282919760833,0.4095238095238095,"[[36, 5, 0, 9, 1, 6], [6, 4, 5, 8, 7, 24], [1, 7, 19, 8, 3, 8], [12, 4, 8, 22, 2, 8], [0, 9, 2, 3, 29, 5], [6, 19, 1, 5, 4, 19]]"
azure_replication,w200_suffix,shared_function_words_nc,modernize,simplify,315,18,0.39618377790631615,0.3186780483187983,0.4734538435863579,0.3968253968253968,"[[31, 7, 0, 8, 4, 7], [6, 11, 3, 8, 11, 15], [2, 8, 14, 8, 10, 4], [13, 5, 2, 24, 6, 6], [1, 8, 1, 5, 24, 9], [7, 15, 2, 5, 4, 21]]"
azure_replication,w200_suffix,shared_function_words_nc,simplify,original,315,18,0.4187315111338615,0.34077868957633917,0.5009897164516741,0.4126984126984127,"[[30, 5, 2, 10, 2, 8], [2, 13, 9, 10, 3, 17], [1, 5, 20, 6, 3, 11], [8, 2, 8, 24, 2, 12], [1, 9, 4, 6, 21, 7], [5, 16, 0, 3, 8, 22]]"
azure_replication,w200_suffix,shared_function_words_nc,simplify,paraphrase,315,18,0.4214964055817214,0.3482510961110461,0.49407833597475903,0.4158730158730159,"[[30, 7, 4, 10, 3, 3], [5, 12, 8, 10, 6, 13], [0, 5, 22, 4, 2, 13], [11, 4, 7, 20, 3, 11], [0, 11, 5, 3, 22, 7], [2, 18, 0, 3, 6, 25]]"
azure_replication,w200_suffix,shared_function_words_nc,simplify,modernize,315,18,0.42964649249838965,0.35991626798507775,0.4998914453662743,0.4253968253968254,"[[33, 3, 1, 6, 3, 11], [5, 11, 7, 8, 7, 16], [2, 5, 20, 4, 3, 12], [11, 4, 8, 22, 3, 8], [0, 9, 4, 4, 25, 6], [2, 19, 0, 4, 6, 23]]"
azure_replication,w200_suffix,shared_function_words_nc,simplify,simplify,315,18,0.4145600018911371,0.3481444085021329,0.4793098013070494,0.4126984126984127,"[[30, 6, 2, 7, 6, 6], [7, 12, 3, 7, 10, 15], [3, 5, 18, 9, 4, 7], [13, 5, 6, 22, 4, 6], [0, 10, 3, 4, 24, 7], [4, 17, 1, 2, 6, 24]]"
azure_replication,w200_suffix,char3_5_tfidf_svm,original,original,315,18,0.7553343243447963,0.6857737424273425,0.8197651372000367,0.765079365079365,"[[53, 0, 0, 2, 1, 1], [8, 23, 4, 8, 8, 3], [0, 1, 38, 4, 2, 1], [3, 0, 2, 50, 0, 1], [0, 1, 2, 3, 37, 5], [2, 3, 0, 5, 4, 40]]"
azure_replication,w200_suffix,char3_5_tfidf_svm,original,paraphrase,315,18,0.6382631417015127,0.5684091884960552,0.7045951944257628,0.6507936507936508,"[[50, 0, 0, 3, 3, 1], [4, 25, 1, 6, 15, 3], [0, 4, 22, 7, 8, 5], [4, 0, 1, 48, 1, 2], [0, 3, 1, 5, 35, 4], [5, 8, 2, 2, 12, 25]]"
azure_replication,w200_suffix,char3_5_tfidf_svm,original,modernize,315,18,0.6478057371659691,0.5799800370743222,0.7119027134319081,0.6603174603174603,"[[48, 0, 0, 4, 3, 2], [6, 21, 1, 5, 16, 5], [1, 3, 23, 6, 8, 5], [4, 0, 2, 48, 1, 1], [0, 3, 0, 1, 41, 3], [2, 10, 0, 3, 12, 27]]"
azure_replication,w200_suffix,char3_5_tfidf_svm,original,simplify,315,18,0.5402076789738804,0.468127063025328,0.6112742034725849,0.5682539682539682,"[[42, 1, 0, 4, 8, 2], [2, 16, 1, 5, 21, 9], [2, 3, 9, 8, 15, 9], [8, 1, 0, 42, 1, 4], [0, 3, 0, 1, 38, 6], [2, 6, 1, 1, 12, 32]]"
azure_replication,w200_suffix,char3_5_tfidf_svm,paraphrase,original,315,18,0.6225405788181458,0.5577617425820861,0.6862553322592606,0.6476190476190476,"[[55, 0, 0, 1, 0, 1], [13, 19, 4, 10, 6, 2], [1, 3, 34, 3, 2, 3], [5, 0, 3, 47, 0, 1], [0, 2, 2, 5, 35, 4], [12, 6, 4, 14, 4, 14]]"
azure_replication,w200_suffix,char3_5_tfidf_svm,paraphrase,paraphrase,315,18,0.6591071524652713,0.5805261796104593,0.7301454073111127,0.6761904761904762,"[[52, 1, 0, 2, 1, 1], [4, 22, 2, 7, 14, 5], [0, 4, 30, 6, 3, 3], [3, 0, 1, 52, 0, 0], [0, 3, 2, 4, 36, 3], [6, 9, 3, 10, 5, 21]]"
azure_replication,w200_suffix,char3_5_tfidf_svm,paraphrase,modernize,315,18,0.6381021886676493,0.5660447843198894,0.7051639403749884,0.653968253968254,"[[52, 2, 0, 1, 1, 1], [8, 21, 3, 5, 13, 4], [0, 4, 29, 6, 3, 4], [5, 0, 3, 46, 1, 1], [0, 4, 2, 2, 38, 2], [4, 12, 1, 7, 10, 20]]"
azure_replication,w200_suffix,char3_5_tfidf_svm,paraphrase,simplify,315,18,0.5891230142342077,0.5127738825244562,0.6609554857153475,0.6031746031746031,"[[46, 2, 0, 6, 2, 1], [3, 20, 1, 4, 20, 6], [0, 5, 22, 8, 8, 3], [8, 0, 0, 45, 1, 2], [0, 4, 0, 3, 38, 3], [6, 10, 2, 8, 9, 19]]"
azure_replication,w200_suffix,char3_5_tfidf_svm,modernize,original,315,18,0.6432108635902535,0.5660989401456047,0.7146662785845398,0.653968253968254,"[[48, 1, 0, 7, 0, 1], [12, 22, 4, 9, 5, 2], [1, 4, 34, 5, 2, 0], [4, 0, 3, 48, 0, 1], [0, 2, 3, 6, 33, 4], [10, 8, 4, 9, 2, 21]]"
azure_replication,w200_suffix,char3_5_tfidf_svm,modernize,paraphrase,315,18,0.6304744434893584,0.5550162874917518,0.6991395108771394,0.6444444444444445,"[[49, 0, 1, 6, 1, 0], [6, 26, 1, 7, 9, 5], [0, 6, 25, 10, 2, 3], [5, 0, 2, 49, 0, 0], [0, 4, 1, 6, 35, 2], [7, 11, 4, 10, 3, 19]]"
azure_replication,w200_suffix,char3_5_tfidf_svm,modernize,modernize,315,18,0.6657404987762972,0.5889607069745416,0.7372083415062011,0.6730158730158731,"[[48, 0, 0, 6, 1, 2], [9, 23, 2, 8, 8, 4], [2, 3, 30, 4, 3, 4], [3, 0, 4, 48, 0, 1], [0, 6, 2, 1, 35, 4], [6, 13, 0, 4, 3, 28]]"
azure_replication,w200_suffix,char3_5_tfidf_svm,modernize,simplify,315,18,0.6109052419475234,0.5361708202839602,0.6831554537141574,0.6253968253968254,"[[45, 1, 1, 7, 2, 1], [4, 19, 2, 7, 14, 8], [0, 4, 22, 12, 4, 4], [5, 0, 0, 51, 0, 0], [0, 5, 1, 4, 35, 3], [7, 12, 1, 6, 3, 25]]"
azure_replication,w200_suffix,char3_5_tfidf_svm,simplify,original,315,18,0.6368339381834955,0.5592091991785425,0.7120606525251965,0.6476190476190476,"[[48, 1, 0, 6, 0, 2], [12, 22, 5, 7, 5, 3], [1, 3, 35, 4, 0, 3], [5, 0, 5, 46, 0, 0], [0, 3, 3, 6, 33, 3], [10, 9, 6, 8, 1, 20]]"
azure_replication,w200_suffix,char3_5_tfidf_svm,simplify,paraphrase,315,18,0.6422321050497449,0.5675976629624759,0.7127191118590769,0.653968253968254,"[[47, 0, 1, 7, 1, 1], [6, 26, 4, 8, 7, 3], [0, 3, 29, 9, 2, 3], [4, 0, 3, 49, 0, 0], [0, 7, 2, 3, 35, 1], [7, 9, 4, 10, 4, 20]]"
azure_replication,w200_suffix,char3_5_tfidf_svm,simplify,modernize,315,18,0.65176541346165,0.5747699873134817,0.721301169774367,0.6634920634920635,"[[48, 1, 0, 5, 1, 2], [10, 23, 4, 5, 7, 5], [0, 2, 31, 5, 2, 6], [4, 0, 3, 49, 0, 0], [0, 5, 3, 2, 36, 2], [8, 12, 4, 6, 2, 22]]"
azure_replication,w200_suffix,char3_5_tfidf_svm,simplify,simplify,315,18,0.6194546726939154,0.5419653722861519,0.6896494631963614,0.638095238095238,"[[48, 2, 0, 4, 1, 2], [7, 22, 2, 6, 11, 6], [0, 4, 26, 9, 4, 3], [5, 0, 0, 51, 0, 0], [0, 3, 1, 6, 37, 1], [8, 13, 5, 8, 3, 17]]"
azure_replication,matched300_full,shared_stylometry_nc,original,original,315,18,0.6287354836244259,0.5426745344290368,0.7133911766940046,0.6285714285714286,"[[47, 5, 2, 2, 0, 1], [7, 25, 3, 3, 6, 10], [1, 4, 38, 0, 0, 3], [5, 5, 7, 35, 1, 3], [0, 8, 1, 3, 27, 9], [0, 13, 4, 6, 5, 26]]"
azure_replication,matched300_full,shared_stylometry_nc,original,paraphrase,315,18,0.5114992316080006,0.4138600820902237,0.6073390783788793,0.5079365079365079,"[[40, 9, 0, 2, 1, 5], [4, 20, 1, 2, 12, 15], [2, 7, 16, 6, 3, 12], [7, 6, 4, 27, 1, 11], [0, 10, 1, 2, 25, 10], [0, 14, 0, 4, 4, 32]]"
azure_replication,matched300_full,shared_stylometry_nc,original,modernize,315,18,0.5151524020897722,0.41642593096748715,0.6061513527028384,0.5047619047619047,"[[36, 10, 0, 0, 3, 8], [3, 20, 0, 2, 10, 19], [0, 6, 18, 3, 5, 14], [9, 5, 4, 25, 0, 13], [0, 11, 1, 1, 26, 9], [1, 13, 0, 2, 4, 34]]"
azure_replication,matched300_full,shared_stylometry_nc,original,simplify,315,18,0.4130462375726583,0.3245169272642995,0.5011328805187542,0.4380952380952381,"[[38, 7, 0, 1, 5, 6], [3, 20, 0, 2, 11, 18], [1, 7, 5, 4, 12, 17], [12, 7, 0, 14, 4, 19], [0, 11, 0, 0, 25, 12], [0, 12, 0, 0, 6, 36]]"
azure_replication,matched300_full,shared_stylometry_nc,paraphrase,original,315,18,0.5842263183078057,0.49806144137856806,0.6718287305469062,0.5936507936507937,"[[49, 2, 1, 5, 0, 0], [9, 21, 4, 5, 5, 10], [0, 4, 33, 7, 0, 2], [5, 1, 7, 41, 0, 2], [1, 11, 2, 6, 24, 4], [4, 15, 6, 8, 2, 19]]"
azure_replication,matched300_full,shared_stylometry_nc,paraphrase,paraphrase,315,18,0.5867747071427941,0.49331074180733087,0.6764203944870789,0.5873015873015873,"[[47, 5, 1, 3, 1, 0], [4, 21, 4, 4, 10, 11], [0, 5, 28, 8, 1, 4], [6, 2, 5, 37, 0, 6], [0, 13, 4, 1, 25, 5], [2, 15, 2, 6, 2, 27]]"
azure_replication,matched300_full,shared_stylometry_nc,paraphrase,modernize,315,18,0.5734413099586749,0.47939028089210434,0.6638642700025852,0.5682539682539682,"[[42, 6, 0, 2, 4, 3], [4, 23, 4, 3, 8, 12], [0, 5, 27, 5, 2, 7], [6, 7, 7, 30, 0, 6], [0, 11, 3, 2, 28, 4], [2, 14, 3, 3, 3, 29]]"
azure_replication,matched300_full,shared_stylometry_nc,paraphrase,simplify,315,18,0.541793700873604,0.454171885546399,0.6307650849733866,0.5428571428571428,"[[45, 7, 0, 1, 2, 2], [6, 22, 3, 2, 10, 11], [1, 4, 21, 2, 8, 10], [17, 3, 4, 27, 2, 3], [1, 13, 2, 1, 25, 6], [3, 15, 1, 1, 3, 31]]"
azure_replication,matched300_full,shared_stylometry_nc,modernize,original,315,18,0.5570722939822964,0.4725302348268831,0.6421801731813748,0.5650793650793651,"[[44, 3, 2, 7, 0, 1], [8, 18, 6, 5, 6, 11], [0, 4, 33, 6, 0, 3], [3, 2, 8, 41, 0, 2], [0, 10, 3, 6, 24, 5], [4, 14, 6, 9, 3, 18]]"
azure_replication,matched300_full,shared_stylometry_nc,modernize,paraphrase,315,18,0.5935378620994487,0.5009820132331222,0.6857034304549321,0.5968253968253968,"[[46, 5, 1, 4, 0, 1], [6, 22, 4, 4, 8, 10], [0, 4, 30, 7, 1, 4], [4, 2, 5, 41, 0, 4], [1, 9, 4, 2, 24, 8], [3, 15, 3, 6, 2, 25]]"
azure_replication,matched300_full,shared_stylometry_nc,modernize,modernize,315,18,0.5775275616683786,0.4845248645079241,0.6661280555333385,0.5746031746031746,"[[40, 7, 1, 4, 3, 2], [5, 22, 4, 4, 7, 12], [0, 3, 32, 5, 1, 5], [5, 4, 9, 34, 0, 4], [0, 11, 4, 2, 26, 5], [4, 14, 4, 2, 3, 27]]"
azure_replication,matched300_full,shared_stylometry_nc,modernize,simplify,315,18,0.5198346691520381,0.43126309074284,0.6080960918141729,0.5238095238095238,"[[46, 6, 0, 1, 3, 1], [8, 19, 3, 2, 12, 10], [1, 5, 19, 8, 7, 6], [13, 5, 4, 29, 2, 3], [1, 14, 2, 2, 23, 6], [4, 15, 1, 1, 4, 29]]"
azure_replication,matched300_full,shared_stylometry_nc,simplify,original,315,18,0.5593063530893634,0.4625357288969402,0.6539821457943905,0.5587301587301587,"[[40, 5, 1, 9, 0, 2], [6, 19, 5, 8, 4, 12], [0, 4, 32, 5, 0, 5], [1, 1, 5, 40, 0, 9], [1, 9, 4, 6, 21, 7], [3, 15, 4, 6, 2, 24]]"
azure_replication,matched300_full,shared_stylometry_nc,simplify,paraphrase,315,18,0.5705476293019379,0.4744262859742385,0.6694161108678921,0.5714285714285714,"[[42, 5, 1, 7, 0, 2], [4, 22, 4, 5, 9, 10], [0, 4, 26, 6, 0, 10], [2, 1, 4, 40, 0, 9], [1, 8, 8, 2, 22, 7], [1, 14, 3, 6, 2, 28]]"
azure_replication,matched300_full,shared_stylometry_nc,simplify,modernize,315,18,0.5728216687255678,0.46570844930106436,0.6677129764938526,0.5682539682539682,"[[39, 7, 1, 7, 2, 1], [3, 23, 4, 4, 8, 12], [0, 3, 28, 4, 1, 10], [4, 4, 6, 33, 0, 9], [0, 8, 7, 2, 26, 5], [2, 14, 2, 2, 4, 30]]"
azure_replication,matched300_full,shared_stylometry_nc,simplify,simplify,315,18,0.5636611753541461,0.48154836441802434,0.6438539860330147,0.5650793650793651,"[[44, 6, 1, 3, 2, 1], [4, 21, 4, 6, 10, 9], [0, 5, 25, 6, 2, 8], [10, 4, 6, 32, 1, 3], [0, 9, 5, 3, 26, 5], [3, 14, 2, 1, 4, 30]]"
azure_replication,matched300_full,shared_function_words_nc,original,original,315,18,0.5456031214890181,0.45599454627157776,0.6303463665381983,0.5428571428571428,"[[46, 3, 0, 2, 0, 6], [7, 10, 3, 9, 5, 20], [1, 1, 36, 4, 1, 3], [4, 11, 5, 29, 0, 7], [3, 5, 1, 2, 27, 10], [6, 15, 1, 3, 6, 23]]"
azure_replication,matched300_full,shared_function_words_nc,original,paraphrase,315,18,0.47654233540762986,0.3819540646758031,0.5715539234742534,0.4666666666666667,"[[43, 5, 0, 3, 0, 6], [3, 12, 0, 5, 8, 26], [0, 11, 17, 8, 0, 10], [7, 10, 3, 26, 1, 9], [2, 10, 0, 0, 19, 17], [2, 15, 0, 3, 4, 30]]"
azure_replication,matched300_full,shared_function_words_nc,original,modernize,315,18,0.5093727596965909,0.4208047602442314,0.592943175448293,0.5015873015873016,"[[42, 3, 0, 2, 0, 10], [3, 12, 1, 5, 8, 25], [0, 9, 18, 8, 2, 9], [6, 14, 2, 24, 0, 10], [3, 7, 0, 0, 29, 9], [2, 11, 1, 2, 5, 33]]"
azure_replication,matched300_full,shared_function_words_nc,original,simplify,315,18,0.45543418092437693,0.3799762314270851,0.5298006257088494,0.4666666666666667,"[[43, 4, 0, 1, 2, 7], [4, 15, 0, 6, 7, 22], [1, 18, 8, 6, 5, 8], [9, 15, 0, 23, 3, 6], [2, 9, 0, 1, 24, 12], [3, 11, 0, 1, 5, 34]]"
azure_replication,matched300_full,shared_function_words_nc,paraphrase,original,315,18,0.5125257854174438,0.42916081781099286,0.5956504130065009,0.526984126984127,"[[46, 2, 1, 5, 0, 3], [7, 6, 8, 12, 2, 19], [1, 1, 37, 5, 1, 1], [4, 4, 7, 34, 0, 7], [3, 5, 3, 4, 25, 8], [5, 15, 3, 5, 8, 18]]"
azure_replication,matched300_full,shared_function_words_nc,paraphrase,paraphrase,315,18,0.5583497560725394,0.4684990336607004,0.6449842563711622,0.5587301587301587,"[[47, 2, 0, 4, 0, 4], [4, 14, 5, 8, 5, 18], [0, 1, 29, 9, 1, 6], [5, 4, 5, 34, 1, 7], [2, 10, 2, 0, 26, 8], [2, 15, 3, 2, 6, 26]]"
azure_replication,matched300_full,shared_function_words_nc,paraphrase,modernize,315,18,0.5300443504355393,0.4471868568081067,0.612449960217763,0.5365079365079365,"[[43, 3, 0, 4, 1, 6], [4, 7, 7, 11, 5, 20], [0, 1, 28, 9, 2, 6], [5, 7, 4, 31, 1, 8], [3, 6, 2, 0, 30, 7], [3, 9, 2, 4, 6, 30]]"
azure_replication,matched300_full,shared_function_words_nc,paraphrase,simplify,315,18,0.49705408673478285,0.42415642127763364,0.5674453455492213,0.5015873015873016,"[[44, 4, 0, 2, 3, 4], [6, 12, 4, 10, 7, 15], [1, 7, 23, 8, 3, 4], [10, 6, 5, 29, 4, 2], [3, 9, 1, 3, 23, 9], [5, 11, 1, 1, 9, 27]]"
azure_replication,matched300_full,shared_function_words_nc,modernize,original,315,18,0.5320791270912001,0.44275930015773596,0.6195008458631356,0.546031746031746,"[[48, 2, 1, 3, 0, 3], [6, 8, 7, 11, 3, 19], [0, 1, 39, 4, 1, 1], [5, 4, 10, 30, 0, 7], [2, 6, 3, 4, 24, 9], [6, 13, 4, 2, 6, 23]]"
azure_replication,matched300_full,shared_function_words_nc,modernize,paraphrase,315,18,0.5312120743282455,0.43697771010967495,0.6240225864163949,0.5333333333333333,"[[48, 2, 0, 3, 0, 4], [6, 12, 5, 9, 5, 17], [0, 1, 29, 9, 0, 7], [7, 5, 8, 29, 1, 6], [2, 11, 3, 0, 23, 9], [4, 17, 0, 2, 4, 27]]"
azure_replication,matched300_full,shared_function_words_nc,modernize,modernize,315,18,0.5178819527838562,0.433038461408304,0.6010542137352786,0.526984126984127,"[[46, 3, 0, 3, 0, 5], [5, 7, 8, 9, 5, 20], [0, 1, 29, 10, 1, 5], [7, 6, 7, 29, 1, 6], [3, 9, 3, 1, 25, 7], [5, 11, 2, 2, 4, 30]]"
azure_replication,matched300_full,shared_function_words_nc,modernize,simplify,315,18,0.49222601186036946,0.41307106684559164,0.5705928282635829,0.4984126984126984,"[[46, 2, 0, 2, 4, 3], [8, 13, 4, 9, 4, 16], [1, 6, 22, 9, 3, 5], [10, 9, 6, 27, 2, 2], [3, 10, 2, 4, 22, 7], [6, 12, 1, 1, 7, 27]]"
azure_replication,matched300_full,shared_function_words_nc,simplify,original,315,18,0.4922089634004547,0.4019498422136701,0.5801310494696562,0.49206349206349204,"[[41, 7, 1, 4, 0, 4], [5, 8, 8, 9, 1, 23], [0, 2, 36, 4, 0, 4], [4, 5, 9, 27, 0, 11], [4, 6, 5, 4, 18, 11], [2, 19, 3, 2, 3, 25]]"
azure_replication,matched300_full,shared_function_words_nc,simplify,paraphrase,315,18,0.5165948112214435,0.4284167243007561,0.6025098346523176,0.5142857142857142,"[[45, 5, 0, 3, 0, 4], [4, 12, 7, 8, 3, 20], [0, 4, 27, 6, 0, 9], [4, 6, 8, 27, 0, 11], [2, 9, 6, 0, 21, 10], [2, 14, 2, 2, 4, 30]]"
azure_replication,matched300_full,shared_function_words_nc,simplify,modernize,315,18,0.5196788279225267,0.4353110800131582,0.598849332948906,0.5142857142857142,"[[39, 6, 0, 3, 1, 8], [4, 11, 7, 7, 4, 21], [0, 4, 30, 6, 0, 6], [5, 7, 7, 24, 1, 12], [3, 8, 3, 0, 24, 10], [2, 13, 2, 1, 2, 34]]"
azure_replication,matched300_full,shared_function_words_nc,simplify,simplify,315,18,0.49763897937724777,0.41957738901346725,0.5730003717813641,0.5015873015873016,"[[42, 5, 0, 2, 4, 4], [5, 13, 6, 13, 3, 14], [0, 4, 24, 10, 2, 6], [9, 4, 10, 27, 1, 5], [3, 8, 2, 2, 24, 9], [3, 12, 3, 1, 7, 28]]"
azure_replication,matched300_full,char3_5_tfidf_svm,original,original,315,18,0.8626613403811149,0.7993576865497272,0.9171513782741614,0.8666666666666667,"[[55, 1, 0, 1, 0, 0], [2, 34, 2, 7, 7, 2], [0, 1, 41, 2, 1, 1], [1, 1, 0, 54, 0, 0], [0, 1, 1, 2, 42, 2], [2, 0, 1, 0, 4, 47]]"
azure_replication,matched300_full,char3_5_tfidf_svm,original,paraphrase,315,18,0.7125255277138317,0.6234709628767718,0.7925787097004371,0.726984126984127,"[[54, 2, 0, 1, 0, 0], [1, 24, 1, 6, 18, 4], [0, 4, 23, 4, 11, 4], [2, 1, 1, 52, 0, 0], [0, 0, 0, 2, 45, 1], [2, 8, 0, 3, 10, 31]]"
azure_replication,matched300_full,char3_5_tfidf_svm,original,modernize,315,18,0.7549760700133822,0.6803001583280612,0.8216442349018264,0.765079365079365,"[[55, 1, 0, 0, 1, 0], [2, 27, 1, 3, 17, 4], [0, 2, 26, 5, 10, 3], [2, 1, 0, 53, 0, 0], [0, 1, 0, 0, 46, 1], [2, 6, 0, 1, 11, 34]]"
azure_replication,matched300_full,char3_5_tfidf_svm,original,simplify,315,18,0.6466528388060037,0.5601233344181146,0.7222197989754452,0.6698412698412698,"[[52, 1, 0, 1, 2, 1], [2, 23, 0, 4, 20, 5], [0, 2, 12, 5, 17, 10], [4, 1, 0, 45, 6, 0], [0, 0, 0, 0, 45, 3], [2, 5, 0, 0, 13, 34]]"
azure_replication,matched300_full,char3_5_tfidf_svm,paraphrase,original,315,18,0.7852623148245731,0.7198235288505993,0.8445551474985977,0.7904761904761904,"[[56, 0, 0, 1, 0, 0], [6, 29, 3, 10, 3, 3], [1, 0, 36, 7, 1, 1], [3, 0, 0, 53, 0, 0], [0, 2, 1, 2, 41, 2], [9, 0, 3, 6, 2, 34]]"
azure_replication,matched300_full,char3_5_tfidf_svm,paraphrase,paraphrase,315,18,0.770116615054735,0.7049799029771363,0.8345582456313458,0.7777777777777778,"[[53, 0, 0, 4, 0, 0], [1, 29, 1, 6, 13, 4], [1, 2, 31, 7, 3, 2], [1, 0, 0, 55, 0, 0], [0, 2, 1, 2, 41, 2], [2, 6, 2, 6, 2, 36]]"
azure_replication,matched300_full,char3_5_tfidf_svm,paraphrase,modernize,315,18,0.7580419152261003,0.6881450302036007,0.8222574169170319,0.7682539682539683,"[[55, 0, 0, 2, 0, 0], [3, 26, 2, 4, 15, 4], [0, 2, 34, 5, 3, 2], [3, 0, 0, 53, 0, 0], [0, 1, 1, 1, 43, 2], [3, 8, 1, 1, 10, 31]]"
azure_replication,matched300_full,char3_5_tfidf_svm,paraphrase,simplify,315,18,0.6886253203409218,0.5958751286818573,0.7663092723784776,0.7015873015873015,"[[54, 1, 0, 1, 0, 1], [1, 23, 2, 6, 18, 4], [0, 3, 23, 6, 11, 3], [3, 1, 0, 50, 2, 0], [0, 2, 0, 0, 43, 3], [1, 7, 1, 2, 15, 28]]"
azure_replication,matched300_full,char3_5_tfidf_svm,modernize,original,315,18,0.800291015221057,0.7276209822641201,0.8646381011344919,0.8031746031746032,"[[53, 1, 0, 3, 0, 0], [1, 30, 2, 15, 3, 3], [0, 1, 40, 3, 1, 1], [1, 0, 0, 55, 0, 0], [0, 1, 2, 3, 39, 3], [7, 0, 3, 6, 2, 36]]"
azure_replication,matched300_full,char3_5_tfidf_svm,modernize,paraphrase,315,18,0.7729881938920994,0.7030217079368732,0.8385952064829265,0.7777777777777778,"[[53, 0, 0, 4, 0, 0], [0, 31, 2, 11, 8, 2], [0, 2, 35, 5, 3, 1], [0, 0, 1, 55, 0, 0], [1, 1, 1, 5, 39, 1], [4, 8, 2, 6, 2, 32]]"
azure_replication,matched300_full,char3_5_tfidf_svm,modernize,modernize,315,18,0.7707196241912696,0.6979145382676787,0.8360080028282113,0.7777777777777778,"[[53, 1, 0, 3, 0, 0], [4, 29, 2, 8, 8, 3], [0, 3, 32, 7, 2, 2], [1, 0, 1, 54, 0, 0], [1, 3, 0, 1, 40, 3], [4, 5, 1, 3, 4, 37]]"
azure_replication,matched300_full,char3_5_tfidf_svm,modernize,simplify,315,18,0.6962906605234288,0.6101907818036283,0.7717514363347097,0.7174603174603175,"[[53, 1, 0, 3, 0, 0], [1, 24, 1, 9, 16, 3], [0, 5, 18, 8, 12, 3], [1, 0, 0, 55, 0, 0], [0, 1, 0, 2, 43, 2], [2, 7, 1, 3, 8, 33]]"
azure_replication,matched300_full,char3_5_tfidf_svm,simplify,original,315,18,0.7322038059682144,0.6458600798162031,0.8094652472388162,0.7396825396825397,"[[53, 0, 0, 4, 0, 0], [4, 28, 5, 10, 4, 3], [0, 3, 37, 4, 1, 1], [2, 0, 3, 51, 0, 0], [0, 5, 4, 5, 32, 2], [9, 1, 5, 6, 1, 32]]"
azure_replication,matched300_full,char3_5_tfidf_svm,simplify,paraphrase,315,18,0.7520248939700775,0.6690486913917655,0.8293166317469756,0.7587301587301587,"[[53, 0, 0, 4, 0, 0], [1, 31, 2, 9, 8, 3], [0, 2, 37, 4, 2, 1], [1, 0, 2, 53, 0, 0], [0, 6, 1, 5, 36, 0], [4, 7, 5, 6, 3, 29]]"
azure_replication,matched300_full,char3_5_tfidf_svm,simplify,modernize,315,18,0.760372686789562,0.6855402158641242,0.8304425943082637,0.7682539682539683,"[[54, 0, 0, 3, 0, 0], [2, 28, 3, 9, 9, 3], [1, 2, 36, 4, 2, 1], [2, 0, 0, 54, 0, 0], [0, 7, 2, 1, 37, 1], [4, 7, 2, 4, 4, 33]]"
azure_replication,matched300_full,char3_5_tfidf_svm,simplify,simplify,315,18,0.7078274005967069,0.6174337893412826,0.787724416619845,0.7206349206349206,"[[53, 1, 0, 3, 0, 0], [1, 25, 2, 11, 11, 4], [0, 3, 28, 6, 6, 3], [1, 0, 0, 55, 0, 0], [1, 5, 1, 3, 37, 1], [4, 7, 3, 6, 5, 29]]"
azure_replication,w300_middle,shared_stylometry_nc,original,original,315,18,0.5809700580809842,0.48857816537096543,0.670658524123218,0.580952380952381,"[[43, 5, 2, 3, 0, 4], [6, 24, 3, 4, 6, 11], [2, 4, 31, 3, 2, 4], [8, 5, 7, 31, 1, 4], [1, 11, 1, 5, 25, 5], [7, 6, 2, 6, 4, 29]]"
azure_replication,w300_middle,shared_stylometry_nc,original,paraphrase,315,18,0.47118939746454874,0.3825669534762354,0.558607627577563,0.4666666666666667,"[[36, 7, 0, 6, 2, 6], [3, 20, 1, 3, 10, 17], [4, 6, 17, 5, 3, 11], [11, 6, 5, 25, 0, 9], [0, 13, 0, 4, 21, 10], [1, 13, 2, 7, 3, 28]]"
azure_replication,w300_middle,shared_stylometry_nc,original,modernize,315,18,0.46261802355036874,0.3718887819878082,0.5453473637732258,0.4507936507936508,"[[32, 12, 0, 2, 1, 10], [1, 22, 2, 1, 11, 17], [0, 9, 19, 5, 3, 10], [12, 7, 5, 19, 0, 13], [0, 13, 0, 2, 23, 10], [3, 13, 3, 4, 4, 27]]"
azure_replication,w300_middle,shared_stylometry_nc,original,simplify,315,18,0.38828342456953874,0.29427379793832675,0.4782205017011745,0.4158730158730159,"[[38, 7, 0, 1, 4, 7], [3, 24, 0, 1, 11, 15], [3, 11, 8, 4, 6, 14], [15, 11, 1, 7, 4, 18], [1, 12, 0, 0, 19, 16], [2, 11, 0, 0, 6, 35]]"
azure_replication,w300_middle,shared_stylometry_nc,paraphrase,original,315,18,0.5058547961810186,0.41792671713738067,0.5958457489380914,0.5111111111111111,"[[41, 0, 4, 6, 0, 6], [9, 16, 3, 7, 8, 11], [3, 2, 29, 10, 1, 1], [10, 2, 10, 29, 1, 4], [2, 8, 4, 7, 23, 4], [7, 9, 3, 9, 3, 23]]"
azure_replication,w300_middle,shared_stylometry_nc,paraphrase,paraphrase,315,18,0.5004691799528197,0.4111933310651294,0.587389695138496,0.5015873015873016,"[[40, 7, 1, 7, 0, 2], [6, 22, 3, 6, 8, 9], [4, 4, 22, 9, 2, 5], [7, 3, 9, 30, 0, 7], [0, 11, 3, 3, 21, 10], [4, 11, 3, 10, 3, 23]]"
azure_replication,w300_middle,shared_stylometry_nc,paraphrase,modernize,315,18,0.5026667901303191,0.4291254999063364,0.5760596818107075,0.4984126984126984,"[[36, 11, 1, 3, 1, 5], [3, 20, 4, 4, 11, 12], [2, 6, 25, 7, 2, 4], [8, 5, 11, 23, 0, 9], [2, 9, 4, 2, 26, 5], [3, 13, 2, 5, 4, 27]]"
azure_replication,w300_middle,shared_stylometry_nc,paraphrase,simplify,315,18,0.47188420235708733,0.3940122611743605,0.5507121976187814,0.4793650793650794,"[[40, 8, 0, 2, 2, 5], [8, 21, 3, 3, 10, 9], [2, 4, 18, 9, 8, 5], [17, 4, 8, 20, 2, 5], [2, 13, 2, 2, 21, 8], [5, 10, 3, 0, 5, 31]]"
azure_replication,w300_middle,shared_stylometry_nc,modernize,original,315,18,0.5081171646832147,0.41379402339906807,0.6044610524937973,0.5142857142857142,"[[38, 3, 6, 8, 0, 2], [9, 17, 3, 8, 6, 11], [1, 3, 30, 9, 1, 2], [4, 2, 10, 36, 0, 4], [1, 7, 4, 6, 23, 7], [8, 9, 7, 9, 3, 18]]"
azure_replication,w300_middle,shared_stylometry_nc,modernize,paraphrase,315,18,0.4822793019844696,0.39625009728048494,0.5723654360287441,0.48253968253968255,"[[36, 5, 3, 8, 1, 4], [8, 19, 2, 7, 8, 10], [0, 6, 24, 9, 1, 6], [6, 5, 9, 31, 0, 5], [1, 9, 4, 4, 19, 11], [5, 11, 4, 8, 3, 23]]"
azure_replication,w300_middle,shared_stylometry_nc,modernize,modernize,315,18,0.498628888491786,0.40908300683369914,0.5836046472633629,0.49523809523809526,"[[35, 9, 2, 5, 1, 5], [4, 19, 4, 6, 10, 11], [0, 6, 25, 8, 2, 5], [8, 4, 10, 28, 0, 6], [1, 8, 5, 4, 23, 7], [2, 13, 4, 6, 3, 26]]"
azure_replication,w300_middle,shared_stylometry_nc,modernize,simplify,315,18,0.4964148978024741,0.4198264738945893,0.5750941803420475,0.5015873015873016,"[[42, 7, 0, 2, 2, 4], [8, 21, 2, 4, 8, 11], [0, 5, 20, 10, 8, 3], [13, 4, 6, 26, 2, 5], [2, 10, 3, 2, 20, 11], [4, 12, 3, 3, 3, 29]]"
azure_replication,w300_middle,shared_stylometry_nc,simplify,original,315,18,0.4825386068599997,0.3871311326932617,0.578612897438793,0.4793650793650794,"[[30, 4, 6, 10, 0, 7], [5, 18, 6, 9, 4, 12], [0, 4, 30, 6, 0, 6], [5, 2, 13, 27, 0, 9], [2, 8, 5, 5, 20, 8], [6, 10, 3, 6, 3, 26]]"
azure_replication,w300_middle,shared_stylometry_nc,simplify,paraphrase,315,18,0.5016513430445788,0.4079178797543451,0.591182684697499,0.5015873015873016,"[[31, 7, 4, 10, 0, 5], [6, 21, 4, 5, 7, 11], [0, 5, 25, 8, 1, 7], [1, 1, 9, 33, 0, 12], [1, 11, 6, 2, 17, 11], [2, 11, 3, 4, 3, 31]]"
azure_replication,w300_middle,shared_stylometry_nc,simplify,modernize,315,18,0.5011525431735783,0.40406708316418843,0.587000036546605,0.49523809523809526,"[[33, 11, 2, 6, 1, 4], [2, 23, 4, 6, 6, 13], [0, 6, 24, 9, 1, 6], [4, 3, 13, 24, 0, 12], [1, 8, 6, 4, 21, 8], [1, 13, 3, 3, 3, 31]]"
azure_replication,w300_middle,shared_stylometry_nc,simplify,simplify,315,18,0.5029635085794505,0.4233770637514749,0.5810607776120796,0.5047619047619047,"[[37, 10, 1, 7, 0, 2], [4, 22, 4, 6, 7, 11], [0, 6, 24, 9, 3, 4], [10, 3, 11, 26, 1, 5], [2, 11, 3, 2, 18, 12], [2, 11, 3, 2, 4, 32]]"
azure_replication,w300_middle,shared_function_words_nc,original,original,315,18,0.4854080897861197,0.4081729615164039,0.56551897910951,0.48253968253968255,"[[38, 5, 1, 4, 1, 8], [8, 15, 2, 10, 4, 15], [1, 3, 32, 5, 2, 3], [9, 10, 4, 27, 1, 5], [2, 10, 4, 2, 18, 12], [6, 10, 2, 7, 7, 22]]"
azure_replication,w300_middle,shared_function_words_nc,original,paraphrase,315,18,0.4495968538655632,0.3663339409825639,0.5266813217211792,0.44761904761904764,"[[41, 4, 0, 3, 1, 8], [6, 11, 2, 6, 8, 21], [2, 9, 17, 9, 1, 8], [8, 16, 3, 21, 3, 5], [4, 10, 1, 0, 22, 11], [5, 10, 1, 5, 4, 29]]"
azure_replication,w300_middle,shared_function_words_nc,original,modernize,315,18,0.4504110372494517,0.3677129778498303,0.5279505059904838,0.4444444444444444,"[[35, 8, 0, 3, 3, 8], [4, 14, 1, 6, 9, 20], [0, 10, 18, 8, 3, 7], [9, 11, 4, 24, 1, 7], [3, 9, 1, 2, 20, 13], [3, 8, 0, 5, 9, 29]]"
azure_replication,w300_middle,shared_function_words_nc,original,simplify,315,18,0.4002312180104781,0.32200439319502827,0.475158689521254,0.4095238095238095,"[[40, 7, 0, 1, 2, 7], [6, 13, 1, 8, 7, 19], [1, 16, 8, 8, 4, 9], [10, 13, 2, 20, 8, 3], [2, 10, 1, 1, 21, 13], [3, 12, 2, 3, 7, 27]]"
azure_replication,w300_middle,shared_function_words_nc,paraphrase,original,315,18,0.4738350104095748,0.39471024318075904,0.5548008251954891,0.49206349206349204,"[[44, 1, 1, 4, 0, 7], [10, 7, 5, 10, 7, 15], [1, 1, 35, 4, 2, 3], [6, 4, 9, 28, 1, 8], [5, 7, 4, 3, 17, 12], [6, 9, 4, 5, 6, 24]]"
azure_replication,w300_middle,shared_function_words_nc,paraphrase,paraphrase,315,18,0.48574707807723666,0.40100824538020946,0.5633802483356053,0.49206349206349204,"[[44, 3, 1, 3, 2, 4], [6, 13, 4, 8, 7, 16], [1, 3, 29, 8, 2, 3], [8, 5, 8, 26, 3, 6], [3, 9, 4, 2, 20, 10], [5, 11, 2, 5, 8, 23]]"
azure_replication,w300_middle,shared_function_words_nc,paraphrase,modernize,315,18,0.45073643854358525,0.37931630706840813,0.5179936814653405,0.45396825396825397,"[[37, 6, 0, 6, 2, 6], [4, 9, 5, 10, 10, 16], [0, 3, 29, 8, 2, 4], [6, 7, 10, 26, 1, 6], [4, 9, 4, 3, 18, 10], [3, 10, 3, 5, 9, 24]]"
azure_replication,w300_middle,shared_function_words_nc,paraphrase,simplify,315,18,0.4409241758803391,0.37594093480681695,0.5037820465947663,0.4444444444444444,"[[42, 5, 0, 3, 2, 5], [6, 14, 3, 10, 7, 14], [1, 5, 22, 9, 4, 5], [11, 9, 7, 20, 6, 3], [4, 9, 3, 4, 17, 11], [2, 12, 1, 5, 9, 25]]"
azure_replication,w300_middle,shared_function_words_nc,modernize,original,315,18,0.4614963893578921,0.38083921977495344,0.5413444302666013,0.46984126984126984,"[[41, 5, 2, 3, 0, 6], [8, 12, 8, 9, 4, 13], [1, 1, 33, 4, 2, 5], [8, 5, 12, 23, 1, 7], [4, 10, 4, 2, 17, 11], [5, 12, 4, 5, 6, 22]]"
azure_replication,w300_middle,shared_function_words_nc,modernize,paraphrase,315,18,0.48687606565259883,0.405858416583312,0.5630206480272532,0.4888888888888889,"[[43, 4, 2, 3, 1, 4], [6, 16, 4, 8, 5, 15], [1, 4, 29, 6, 0, 6], [9, 11, 8, 21, 1, 6], [3, 10, 3, 3, 18, 11], [5, 12, 2, 4, 4, 27]]"
azure_replication,w300_middle,shared_function_words_nc,modernize,modernize,315,18,0.46286539323533593,0.38773946415356847,0.5325604207935053,0.4666666666666667,"[[41, 7, 0, 4, 2, 3], [5, 13, 5, 8, 7, 16], [0, 2, 29, 9, 1, 5], [8, 8, 8, 24, 1, 7], [4, 12, 3, 3, 16, 10], [5, 10, 4, 4, 7, 24]]"
azure_replication,w300_middle,shared_function_words_nc,modernize,simplify,315,18,0.4651481891217426,0.3923760030170061,0.5361102897613433,0.46984126984126984,"[[44, 5, 0, 2, 1, 5], [7, 14, 3, 9, 7, 14], [1, 6, 23, 9, 4, 3], [11, 12, 4, 22, 5, 2], [3, 12, 2, 4, 16, 11], [5, 9, 2, 3, 6, 29]]"
azure_replication,w300_middle,shared_function_words_nc,simplify,original,315,18,0.4133644087219055,0.3311921956542319,0.49332331258291295,0.41904761904761906,"[[32, 7, 3, 5, 0, 10], [6, 12, 7, 10, 4, 15], [1, 2, 30, 6, 1, 6], [4, 7, 13, 23, 1, 8], [4, 12, 3, 5, 11, 13], [4, 9, 4, 4, 9, 24]]"
azure_replication,w300_middle,shared_function_words_nc,simplify,paraphrase,315,18,0.4706632479748265,0.39274590897039136,0.5415753437203582,0.473015873015873,"[[38, 6, 2, 4, 1, 6], [3, 14, 7, 7, 6, 17], [0, 4, 28, 8, 0, 6], [7, 7, 9, 21, 3, 9], [4, 10, 3, 2, 18, 11], [4, 9, 2, 2, 7, 30]]"
azure_replication,w300_middle,shared_function_words_nc,simplify,modernize,315,18,0.43947825606845586,0.36731195233493397,0.5084193071553121,0.4380952380952381,"[[30, 10, 0, 5, 3, 9], [2, 12, 7, 9, 6, 18], [0, 3, 30, 9, 0, 4], [6, 6, 11, 22, 2, 9], [5, 11, 2, 3, 16, 11], [2, 9, 3, 4, 8, 28]]"
azure_replication,w300_middle,shared_function_words_nc,simplify,simplify,315,18,0.4463374301012391,0.38142905272003885,0.5110935165199719,0.44761904761904764,"[[37, 8, 0, 2, 4, 6], [5, 15, 4, 10, 6, 14], [0, 7, 25, 7, 2, 5], [7, 13, 11, 20, 2, 3], [4, 10, 2, 3, 15, 14], [3, 8, 3, 2, 9, 29]]"
azure_replication,w300_middle,char3_5_tfidf_svm,original,original,315,18,0.8109781484668046,0.7403423295667363,0.8766889054103917,0.819047619047619,"[[55, 0, 0, 1, 0, 1], [2, 29, 4, 7, 8, 4], [2, 1, 38, 2, 1, 2], [1, 1, 0, 54, 0, 0], [0, 4, 1, 1, 40, 2], [2, 1, 3, 3, 3, 42]]"
azure_replication,w300_middle,char3_5_tfidf_svm,original,paraphrase,315,18,0.6574059155652693,0.5724252151516435,0.7346236252418639,0.6761904761904762,"[[51, 2, 0, 3, 0, 1], [3, 21, 2, 7, 18, 3], [1, 4, 19, 7, 10, 5], [1, 2, 1, 51, 1, 0], [0, 3, 1, 2, 42, 0], [3, 9, 0, 3, 10, 29]]"
azure_replication,w300_middle,char3_5_tfidf_svm,original,modernize,315,18,0.6863541225607491,0.6100957016935198,0.7549678007616166,0.7015873015873015,"[[52, 3, 0, 2, 0, 0], [0, 22, 1, 5, 20, 6], [1, 5, 22, 5, 9, 4], [1, 1, 2, 51, 1, 0], [0, 1, 0, 1, 46, 0], [2, 7, 1, 1, 15, 28]]"
azure_replication,w300_middle,char3_5_tfidf_svm,original,simplify,315,18,0.5921024630680085,0.5186034507181492,0.6606223408489329,0.6190476190476191,"[[49, 4, 0, 1, 1, 2], [1, 20, 0, 4, 22, 7], [0, 7, 9, 5, 18, 7], [3, 0, 0, 41, 9, 3], [0, 2, 0, 0, 44, 2], [3, 7, 0, 1, 11, 32]]"
azure_replication,w300_middle,char3_5_tfidf_svm,paraphrase,original,315,18,0.7035628975829412,0.629422508975479,0.7713356782215172,0.7174603174603175,"[[57, 0, 0, 0, 0, 0], [5, 24, 3, 15, 5, 2], [3, 1, 33, 5, 2, 2], [2, 0, 2, 51, 0, 1], [2, 2, 2, 4, 36, 2], [14, 0, 4, 8, 3, 25]]"
azure_replication,w300_middle,char3_5_tfidf_svm,paraphrase,paraphrase,315,18,0.6923498568176228,0.607416699370424,0.7719584539636808,0.7047619047619048,"[[51, 1, 2, 3, 0, 0], [3, 24, 2, 9, 13, 3], [2, 2, 28, 8, 3, 3], [2, 1, 2, 51, 0, 0], [0, 2, 4, 2, 38, 2], [4, 8, 3, 6, 3, 30]]"
azure_replication,w300_middle,char3_5_tfidf_svm,paraphrase,modernize,315,18,0.7107695020627774,0.6294569614407038,0.7854866408389579,0.7206349206349206,"[[50, 3, 1, 3, 0, 0], [3, 25, 4, 7, 12, 3], [1, 3, 29, 6, 4, 3], [1, 2, 3, 49, 0, 1], [0, 1, 2, 1, 42, 2], [2, 7, 2, 2, 9, 32]]"
azure_replication,w300_middle,char3_5_tfidf_svm,paraphrase,simplify,315,18,0.640946664260868,0.5502906906763545,0.7231549069989334,0.6571428571428571,"[[51, 5, 0, 0, 0, 1], [3, 17, 2, 7, 21, 4], [2, 5, 22, 7, 8, 2], [4, 1, 0, 47, 4, 0], [2, 2, 0, 0, 42, 2], [4, 6, 2, 2, 12, 28]]"
azure_replication,w300_middle,char3_5_tfidf_svm,modernize,original,315,18,0.7522156374562995,0.6757611251163719,0.8194742801784058,0.7619047619047619,"[[53, 0, 1, 2, 0, 1], [3, 28, 4, 11, 6, 2], [2, 1, 36, 3, 2, 2], [1, 0, 1, 54, 0, 0], [1, 4, 2, 2, 37, 2], [8, 1, 5, 5, 3, 32]]"
azure_replication,w300_middle,char3_5_tfidf_svm,modernize,paraphrase,315,18,0.7076587343906685,0.6245209738398374,0.7841971514141796,0.7174603174603175,"[[52, 1, 1, 3, 0, 0], [4, 27, 4, 13, 5, 1], [1, 3, 27, 9, 3, 3], [0, 0, 2, 54, 0, 0], [2, 4, 1, 2, 36, 3], [6, 8, 0, 8, 2, 30]]"
azure_replication,w300_middle,char3_5_tfidf_svm,modernize,modernize,315,18,0.7194116632514064,0.6387325623229615,0.7913248725047373,0.7301587301587301,"[[50, 2, 1, 4, 0, 0], [2, 26, 3, 11, 9, 3], [1, 4, 28, 8, 3, 2], [1, 1, 1, 53, 0, 0], [1, 2, 1, 1, 41, 2], [5, 5, 2, 2, 8, 32]]"
azure_replication,w300_middle,char3_5_tfidf_svm,modernize,simplify,315,18,0.6606703848610926,0.5611960695975212,0.7453243741792003,0.6761904761904762,"[[48, 5, 0, 3, 0, 1], [2, 22, 3, 11, 14, 2], [1, 6, 22, 7, 7, 3], [1, 1, 0, 53, 1, 0], [2, 2, 0, 1, 40, 3], [5, 5, 1, 3, 12, 28]]"
azure_replication,w300_middle,char3_5_tfidf_svm,simplify,original,315,18,0.7126387977750723,0.614050332210948,0.8029767950439394,0.7238095238095238,"[[52, 1, 1, 3, 0, 0], [3, 25, 5, 12, 5, 4], [2, 1, 36, 3, 1, 3], [1, 0, 2, 52, 0, 1], [1, 7, 5, 5, 29, 1], [7, 2, 6, 4, 1, 34]]"
azure_replication,w300_middle,char3_5_tfidf_svm,simplify,paraphrase,315,18,0.6965253743343632,0.6066258745605039,0.7812069241905403,0.7047619047619048,"[[51, 2, 0, 4, 0, 0], [4, 25, 4, 12, 5, 4], [2, 3, 31, 5, 2, 3], [1, 0, 2, 52, 0, 1], [0, 8, 2, 4, 34, 0], [5, 7, 4, 7, 2, 29]]"
azure_replication,w300_middle,char3_5_tfidf_svm,simplify,modernize,315,18,0.6899813300762067,0.60843266391581,0.763937849661962,0.7015873015873015,"[[50, 2, 1, 4, 0, 0], [4, 22, 4, 11, 7, 6], [2, 2, 30, 4, 4, 4], [1, 1, 2, 51, 0, 1], [0, 6, 2, 1, 36, 3], [5, 6, 3, 3, 5, 32]]"
azure_replication,w300_middle,char3_5_tfidf_svm,simplify,simplify,315,18,0.6727101308384301,0.591102554007779,0.7473283972362819,0.6857142857142857,"[[49, 4, 0, 3, 0, 1], [2, 20, 4, 13, 10, 5], [1, 5, 26, 8, 4, 2], [1, 0, 1, 53, 1, 0], [1, 6, 1, 1, 38, 1], [5, 8, 3, 4, 4, 30]]"
codex51,valid_full,shared_stylometry_nc,original,original,321,18,0.6388109648403995,0.554668487763487,0.7213214379352905,0.6386292834890965,"[[49, 5, 1, 1, 0, 2], [8, 25, 1, 5, 5, 10], [1, 6, 39, 1, 0, 3], [5, 5, 7, 38, 0, 2], [0, 8, 1, 3, 27, 8], [1, 13, 3, 7, 4, 27]]"
codex51,valid_full,shared_stylometry_nc,original,paraphrase,321,18,0.5137113977388665,0.40754013493259406,0.6199308417746653,0.5202492211838006,"[[40, 6, 0, 7, 0, 5], [5, 20, 1, 4, 4, 20], [1, 5, 18, 8, 2, 16], [2, 2, 4, 41, 0, 8], [0, 10, 2, 5, 14, 16], [1, 12, 1, 6, 1, 34]]"
codex51,valid_full,shared_stylometry_nc,original,modernize,321,18,0.4935952368745438,0.4003218874579553,0.584029448803959,0.48909657320872274,"[[35, 11, 0, 2, 2, 8], [2, 20, 0, 3, 6, 23], [0, 4, 14, 7, 7, 18], [6, 6, 2, 29, 0, 14], [0, 8, 1, 2, 22, 14], [1, 11, 0, 1, 5, 37]]"
codex51,valid_full,shared_stylometry_nc,original,simplify,321,18,0.4795265247546041,0.38347348239062334,0.5754714213072989,0.5015576323987538,"[[43, 5, 0, 3, 0, 7], [6, 21, 0, 1, 8, 18], [1, 7, 6, 9, 6, 21], [6, 5, 1, 33, 1, 11], [0, 11, 1, 2, 20, 13], [1, 11, 0, 1, 4, 38]]"
codex51,valid_full,shared_stylometry_nc,paraphrase,original,321,18,0.5935380453797803,0.5175351759680041,0.6706299001782282,0.6043613707165109,"[[52, 2, 1, 0, 2, 1], [6, 24, 1, 3, 13, 7], [2, 3, 30, 8, 4, 3], [11, 3, 3, 32, 6, 2], [0, 6, 1, 2, 37, 1], [5, 15, 4, 1, 11, 19]]"
codex51,valid_full,shared_stylometry_nc,paraphrase,paraphrase,321,18,0.5737233948591897,0.4833836688739987,0.6656874508960555,0.5794392523364486,"[[48, 4, 1, 4, 0, 1], [4, 21, 5, 4, 8, 12], [0, 3, 27, 11, 5, 4], [7, 4, 7, 37, 0, 2], [0, 12, 2, 5, 22, 6], [3, 14, 2, 2, 3, 31]]"
codex51,valid_full,shared_stylometry_nc,paraphrase,modernize,321,18,0.5450388595401164,0.4683694303858279,0.621369625276856,0.5451713395638629,"[[43, 10, 0, 0, 3, 2], [3, 23, 3, 2, 14, 9], [0, 4, 21, 7, 12, 6], [10, 5, 3, 33, 3, 3], [0, 7, 2, 2, 29, 7], [2, 13, 2, 2, 10, 26]]"
codex51,valid_full,shared_stylometry_nc,paraphrase,simplify,321,18,0.5470345662153806,0.45718683972360513,0.6325637549200548,0.5514018691588785,"[[45, 6, 1, 1, 1, 4], [6, 24, 3, 1, 11, 9], [1, 6, 20, 4, 13, 6], [12, 6, 5, 29, 3, 2], [0, 6, 4, 2, 33, 2], [1, 16, 2, 2, 8, 26]]"
codex51,valid_full,shared_stylometry_nc,modernize,original,321,18,0.5834906428333507,0.498074012454953,0.664890096560827,0.5950155763239875,"[[49, 3, 1, 2, 1, 2], [9, 19, 2, 4, 9, 11], [0, 6, 28, 12, 1, 3], [4, 0, 4, 45, 2, 2], [2, 8, 1, 4, 30, 2], [3, 15, 5, 7, 5, 20]]"
codex51,valid_full,shared_stylometry_nc,modernize,paraphrase,321,18,0.5524060366087552,0.44703381581277296,0.6588300604379749,0.5669781931464174,"[[46, 3, 0, 6, 0, 3], [5, 19, 5, 6, 7, 12], [0, 2, 26, 11, 4, 7], [2, 1, 5, 43, 0, 6], [1, 11, 3, 7, 15, 10], [4, 12, 1, 4, 1, 33]]"
codex51,valid_full,shared_stylometry_nc,modernize,modernize,321,18,0.5496785015152139,0.46345877230152316,0.6409581935646947,0.5545171339563862,"[[44, 8, 0, 2, 2, 2], [7, 20, 5, 4, 7, 11], [0, 2, 26, 11, 5, 6], [6, 4, 5, 38, 1, 3], [1, 10, 4, 2, 21, 9], [3, 14, 3, 3, 3, 29]]"
codex51,valid_full,shared_stylometry_nc,modernize,simplify,321,18,0.5714321094101137,0.4776268448327272,0.6602500848984149,0.5794392523364486,"[[47, 3, 0, 3, 1, 4], [11, 19, 4, 2, 6, 12], [0, 5, 24, 10, 4, 7], [4, 1, 5, 42, 0, 5], [0, 9, 4, 4, 23, 7], [1, 15, 1, 3, 4, 31]]"
codex51,valid_full,shared_stylometry_nc,simplify,original,321,18,0.5865833809733106,0.5109995749979958,0.6621978886795764,0.5981308411214953,"[[52, 1, 0, 0, 0, 5], [11, 18, 2, 3, 8, 12], [1, 6, 22, 13, 1, 7], [5, 2, 3, 41, 2, 4], [2, 5, 2, 2, 32, 4], [6, 13, 2, 2, 5, 27]]"
codex51,valid_full,shared_stylometry_nc,simplify,paraphrase,321,18,0.5330932170774034,0.4313097429563536,0.6358444786624333,0.5420560747663551,"[[40, 3, 0, 8, 0, 7], [5, 20, 4, 5, 5, 15], [0, 4, 22, 14, 2, 8], [1, 1, 3, 44, 0, 8], [0, 12, 3, 6, 15, 11], [3, 12, 1, 5, 1, 33]]"
codex51,valid_full,shared_stylometry_nc,simplify,modernize,321,18,0.5541874193559586,0.47442259100029854,0.6339925602888427,0.5514018691588785,"[[39, 9, 0, 2, 2, 6], [4, 19, 5, 2, 9, 15], [1, 2, 25, 9, 5, 8], [8, 4, 3, 36, 0, 6], [0, 8, 3, 2, 26, 8], [1, 15, 3, 2, 2, 32]]"
codex51,valid_full,shared_stylometry_nc,simplify,simplify,321,18,0.5711211568076923,0.47665815149452273,0.6605079883312379,0.573208722741433,"[[44, 5, 0, 3, 0, 6], [8, 20, 5, 2, 7, 12], [0, 4, 27, 9, 3, 7], [5, 3, 5, 38, 0, 6], [0, 9, 4, 4, 23, 7], [1, 14, 2, 2, 4, 32]]"
codex51,valid_full,shared_function_words_nc,original,original,321,18,0.560149065774866,0.47240168587334425,0.6443067843289678,0.557632398753894,"[[45, 4, 0, 3, 0, 6], [7, 11, 3, 9, 5, 19], [1, 4, 39, 3, 0, 3], [4, 10, 5, 31, 0, 7], [2, 5, 2, 2, 28, 8], [7, 14, 1, 3, 5, 25]]"
codex51,valid_full,shared_function_words_nc,original,paraphrase,321,18,0.5054286283127797,0.42377077834707666,0.5865429641019284,0.4953271028037383,"[[37, 6, 1, 6, 1, 7], [5, 13, 0, 9, 7, 20], [0, 9, 21, 14, 1, 5], [3, 9, 2, 31, 1, 11], [1, 9, 1, 1, 25, 10], [1, 13, 0, 3, 6, 32]]"
codex51,valid_full,shared_function_words_nc,original,modernize,321,18,0.4731871069023874,0.39191587404826334,0.548938752250787,0.4735202492211838,"[[36, 8, 0, 2, 3, 9], [5, 12, 0, 9, 8, 20], [0, 9, 13, 16, 4, 8], [5, 10, 2, 31, 2, 7], [0, 8, 0, 0, 31, 8], [3, 12, 0, 3, 8, 29]]"
codex51,valid_full,shared_function_words_nc,original,simplify,321,18,0.482195128391883,0.40683340139628943,0.5543054607988329,0.48909657320872274,"[[45, 4, 0, 2, 1, 6], [7, 12, 0, 8, 8, 19], [0, 13, 12, 10, 6, 9], [6, 10, 1, 30, 3, 7], [1, 11, 0, 1, 29, 5], [3, 12, 0, 3, 8, 29]]"
codex51,valid_full,shared_function_words_nc,paraphrase,original,321,18,0.5130290488204708,0.4294443816445718,0.599429786322355,0.5233644859813084,"[[48, 2, 2, 2, 0, 4], [6, 9, 10, 11, 1, 17], [1, 3, 39, 3, 3, 1], [7, 9, 11, 25, 0, 5], [2, 10, 4, 1, 23, 7], [8, 14, 1, 2, 6, 24]]"
codex51,valid_full,shared_function_words_nc,paraphrase,paraphrase,321,18,0.5072364981283388,0.4279307637232084,0.5868452018708747,0.5109034267912772,"[[45, 4, 1, 4, 1, 3], [5, 11, 4, 10, 7, 17], [0, 3, 27, 11, 5, 4], [6, 6, 7, 32, 1, 5], [2, 12, 2, 1, 23, 7], [3, 15, 2, 2, 7, 26]]"
codex51,valid_full,shared_function_words_nc,paraphrase,modernize,321,18,0.4852612363162119,0.41088295476029435,0.5639042457181059,0.4953271028037383,"[[45, 5, 0, 1, 3, 4], [7, 9, 5, 8, 7, 18], [0, 4, 21, 12, 7, 6], [12, 7, 5, 29, 2, 2], [2, 9, 3, 0, 27, 6], [3, 11, 1, 2, 10, 28]]"
codex51,valid_full,shared_function_words_nc,paraphrase,simplify,321,18,0.48171919735693763,0.40977113108904606,0.5528286289702026,0.4953271028037383,"[[50, 2, 1, 1, 1, 3], [9, 11, 4, 10, 5, 15], [0, 3, 20, 10, 12, 5], [8, 11, 5, 29, 1, 3], [4, 9, 2, 2, 26, 4], [6, 12, 3, 2, 9, 23]]"
codex51,valid_full,shared_function_words_nc,modernize,original,321,18,0.4985148517374462,0.4134278192025128,0.5824716582743981,0.514018691588785,"[[48, 2, 1, 2, 0, 5], [6, 8, 11, 8, 1, 20], [0, 6, 38, 5, 0, 1], [7, 3, 13, 26, 1, 7], [4, 5, 5, 3, 20, 10], [7, 12, 4, 2, 5, 25]]"
codex51,valid_full,shared_function_words_nc,modernize,paraphrase,321,18,0.48888577262345945,0.41049822260769403,0.5665509661166039,0.4984423676012461,"[[44, 4, 1, 3, 2, 4], [7, 9, 7, 11, 4, 16], [0, 5, 30, 11, 1, 3], [6, 5, 8, 33, 1, 4], [4, 10, 3, 2, 18, 10], [2, 14, 4, 2, 7, 26]]"
codex51,valid_full,shared_function_words_nc,modernize,modernize,321,18,0.5069689195755999,0.4328035617389554,0.5803118370823002,0.5171339563862928,"[[48, 4, 0, 2, 1, 3], [4, 9, 7, 10, 4, 20], [0, 5, 22, 14, 2, 7], [10, 6, 7, 31, 2, 1], [4, 6, 3, 1, 25, 8], [3, 14, 2, 1, 4, 31]]"
codex51,valid_full,shared_function_words_nc,modernize,simplify,321,18,0.4768672074625088,0.40846309368636774,0.5444881853621764,0.48909657320872274,"[[46, 1, 1, 2, 3, 5], [10, 12, 4, 9, 4, 15], [0, 5, 23, 13, 4, 5], [10, 7, 7, 30, 1, 2], [4, 7, 4, 2, 20, 10], [4, 11, 4, 2, 8, 26]]"
codex51,valid_full,shared_function_words_nc,simplify,original,321,18,0.513133968663635,0.42975451544139154,0.5957023712984076,0.514018691588785,"[[43, 3, 1, 2, 0, 9], [7, 8, 8, 8, 2, 21], [0, 8, 32, 6, 0, 4], [5, 4, 10, 29, 1, 8], [3, 8, 4, 0, 23, 9], [5, 13, 3, 2, 2, 30]]"
codex51,valid_full,shared_function_words_nc,simplify,paraphrase,321,18,0.4857761236874621,0.3991698045023625,0.574816061788874,0.49221183800623053,"[[42, 4, 1, 2, 2, 7], [6, 10, 6, 9, 5, 18], [0, 6, 27, 11, 1, 5], [4, 7, 8, 32, 0, 6], [3, 8, 7, 0, 16, 13], [2, 15, 3, 0, 4, 31]]"
codex51,valid_full,shared_function_words_nc,simplify,modernize,321,18,0.46749108204787043,0.38952018233177066,0.5488265595687241,0.4735202492211838,"[[40, 8, 0, 2, 3, 5], [4, 6, 5, 9, 7, 23], [0, 4, 22, 12, 4, 8], [5, 5, 9, 32, 1, 5], [2, 8, 5, 0, 23, 9], [3, 12, 2, 1, 8, 29]]"
codex51,valid_full,shared_function_words_nc,simplify,simplify,321,18,0.4898238853550117,0.41091852750856317,0.5687609854635902,0.5015576323987538,"[[47, 2, 0, 1, 2, 6], [8, 11, 5, 9, 5, 16], [0, 3, 26, 11, 5, 5], [5, 8, 6, 32, 1, 5], [4, 7, 4, 2, 18, 12], [3, 12, 5, 1, 7, 27]]"
codex51,valid_full,char3_5_tfidf_svm,original,original,321,18,0.8612544897976,0.7990747322057813,0.913850273928193,0.8660436137071651,"[[56, 1, 0, 1, 0, 0], [2, 35, 2, 7, 6, 2], [0, 2, 42, 3, 2, 1], [1, 1, 0, 55, 0, 0], [0, 1, 2, 2, 41, 1], [2, 0, 1, 0, 3, 49]]"
codex51,valid_full,char3_5_tfidf_svm,original,paraphrase,321,18,0.7104508754195153,0.6401675875509524,0.7735458833483743,0.7165109034267912,"[[53, 0, 0, 4, 0, 1], [0, 26, 1, 18, 8, 1], [0, 1, 25, 14, 7, 3], [0, 0, 0, 57, 0, 0], [0, 1, 2, 8, 34, 2], [2, 4, 1, 10, 3, 35]]"
codex51,valid_full,char3_5_tfidf_svm,original,modernize,321,18,0.7098525167955646,0.6334118539220343,0.7792900897008475,0.7258566978193146,"[[50, 3, 0, 3, 1, 1], [0, 26, 0, 8, 17, 3], [0, 2, 19, 7, 16, 6], [1, 0, 0, 55, 1, 0], [0, 1, 0, 0, 45, 1], [0, 5, 1, 1, 10, 38]]"
codex51,valid_full,char3_5_tfidf_svm,original,simplify,321,18,0.6609573856911266,0.5867757120729342,0.7280054726616587,0.7009345794392523,"[[54, 0, 0, 4, 0, 0], [1, 24, 0, 12, 13, 4], [0, 5, 9, 15, 16, 5], [0, 0, 0, 57, 0, 0], [0, 2, 0, 1, 42, 2], [1, 5, 0, 3, 7, 39]]"
codex51,valid_full,char3_5_tfidf_svm,paraphrase,original,321,18,0.7763671671581559,0.7077618709873189,0.8349813782762693,0.7850467289719626,"[[57, 1, 0, 0, 0, 0], [5, 33, 2, 4, 7, 3], [3, 2, 35, 5, 3, 2], [3, 1, 0, 53, 0, 0], [0, 2, 1, 2, 40, 2], [3, 4, 3, 2, 9, 34]]"
codex51,valid_full,char3_5_tfidf_svm,paraphrase,paraphrase,321,18,0.7495934465816353,0.6595814106217177,0.8275770009192646,0.7601246105919003,"[[56, 0, 0, 2, 0, 0], [3, 28, 1, 8, 11, 3], [1, 3, 33, 6, 4, 3], [1, 0, 0, 56, 0, 0], [0, 4, 1, 4, 37, 1], [6, 5, 1, 5, 4, 34]]"
codex51,valid_full,char3_5_tfidf_svm,paraphrase,modernize,321,18,0.7004205746792062,0.6248620537875649,0.7690675767151378,0.7102803738317757,"[[53, 3, 0, 0, 1, 1], [3, 24, 2, 4, 19, 2], [0, 3, 23, 5, 17, 2], [2, 1, 0, 52, 2, 0], [0, 2, 0, 0, 44, 1], [1, 7, 1, 0, 14, 32]]"
codex51,valid_full,char3_5_tfidf_svm,paraphrase,simplify,321,18,0.6961538695217214,0.6179679093147898,0.7675175855820277,0.7133956386292835,"[[55, 1, 0, 1, 1, 0], [2, 24, 2, 6, 17, 3], [1, 3, 22, 7, 14, 3], [1, 1, 0, 55, 0, 0], [0, 2, 0, 1, 43, 1], [1, 8, 1, 2, 13, 30]]"
codex51,valid_full,char3_5_tfidf_svm,modernize,original,321,18,0.784540122849109,0.7122121590446431,0.8434385428989425,0.7881619937694704,"[[55, 1, 0, 2, 0, 0], [6, 34, 0, 8, 3, 3], [1, 3, 38, 5, 1, 2], [2, 0, 0, 55, 0, 0], [0, 0, 2, 4, 39, 2], [10, 3, 3, 6, 1, 32]]"
codex51,valid_full,char3_5_tfidf_svm,modernize,paraphrase,321,18,0.6936711765450149,0.6095302945610277,0.7661882860753304,0.6978193146417445,"[[53, 0, 1, 4, 0, 0], [4, 27, 1, 17, 5, 0], [0, 2, 28, 13, 5, 2], [0, 0, 0, 57, 0, 0], [0, 0, 1, 15, 31, 0], [9, 5, 1, 11, 1, 28]]"
codex51,valid_full,char3_5_tfidf_svm,modernize,modernize,321,18,0.7515573535023344,0.6828452765893315,0.8133273622201115,0.7632398753894081,"[[57, 0, 0, 1, 0, 0], [0, 29, 0, 12, 11, 2], [1, 3, 29, 7, 7, 3], [1, 0, 0, 56, 0, 0], [0, 2, 1, 4, 39, 1], [6, 4, 2, 3, 5, 35]]"
codex51,valid_full,char3_5_tfidf_svm,modernize,simplify,321,18,0.7271607559331345,0.6594131360811669,0.787983317018448,0.7383177570093458,"[[54, 1, 0, 2, 0, 1], [2, 30, 0, 11, 8, 3], [0, 2, 23, 16, 7, 2], [1, 0, 0, 56, 0, 0], [0, 0, 0, 6, 39, 2], [5, 5, 1, 5, 4, 35]]"
codex51,valid_full,char3_5_tfidf_svm,simplify,original,321,18,0.796537596033641,0.7307875922325704,0.8566463870795964,0.8037383177570093,"[[58, 0, 0, 0, 0, 0], [4, 33, 0, 8, 5, 4], [3, 2, 36, 7, 1, 1], [2, 0, 1, 54, 0, 0], [1, 4, 2, 2, 36, 2], [5, 0, 2, 2, 5, 41]]"
codex51,valid_full,char3_5_tfidf_svm,simplify,paraphrase,321,18,0.6869512654724469,0.5981818434603532,0.7667036079339666,0.6978193146417445,"[[55, 0, 0, 3, 0, 0], [2, 27, 1, 15, 7, 2], [2, 2, 28, 12, 3, 3], [0, 0, 0, 57, 0, 0], [0, 4, 2, 10, 30, 1], [8, 6, 2, 11, 1, 27]]"
codex51,valid_full,char3_5_tfidf_svm,simplify,modernize,321,18,0.750205094785104,0.6785765493670393,0.8170823023818016,0.7601246105919003,"[[56, 2, 0, 0, 0, 0], [1, 27, 0, 11, 12, 3], [0, 1, 29, 8, 10, 2], [1, 0, 0, 55, 1, 0], [1, 2, 0, 4, 39, 1], [2, 3, 2, 2, 8, 38]]"
codex51,valid_full,char3_5_tfidf_svm,simplify,simplify,321,18,0.7552090641507306,0.69206933650505,0.8113980567621337,0.7663551401869159,"[[55, 0, 0, 2, 0, 1], [1, 28, 0, 12, 10, 3], [1, 2, 29, 8, 7, 3], [0, 0, 0, 57, 0, 0], [1, 1, 1, 2, 40, 2], [4, 6, 1, 4, 3, 37]]"
codex51,matched200_full,shared_stylometry_nc,original,original,321,18,0.6388109648403995,0.554668487763487,0.7213214379352905,0.6386292834890965,"[[49, 5, 1, 1, 0, 2], [8, 25, 1, 5, 5, 10], [1, 6, 39, 1, 0, 3], [5, 5, 7, 38, 0, 2], [0, 8, 1, 3, 27, 8], [1, 13, 3, 7, 4, 27]]"
codex51,matched200_full,shared_stylometry_nc,original,paraphrase,321,18,0.5137113977388665,0.40754013493259406,0.6199308417746653,0.5202492211838006,"[[40, 6, 0, 7, 0, 5], [5, 20, 1, 4, 4, 20], [1, 5, 18, 8, 2, 16], [2, 2, 4, 41, 0, 8], [0, 10, 2, 5, 14, 16], [1, 12, 1, 6, 1, 34]]"
codex51,matched200_full,shared_stylometry_nc,original,modernize,321,18,0.4935952368745438,0.4003218874579553,0.584029448803959,0.48909657320872274,"[[35, 11, 0, 2, 2, 8], [2, 20, 0, 3, 6, 23], [0, 4, 14, 7, 7, 18], [6, 6, 2, 29, 0, 14], [0, 8, 1, 2, 22, 14], [1, 11, 0, 1, 5, 37]]"
codex51,matched200_full,shared_stylometry_nc,original,simplify,321,18,0.4795265247546041,0.38347348239062334,0.5754714213072989,0.5015576323987538,"[[43, 5, 0, 3, 0, 7], [6, 21, 0, 1, 8, 18], [1, 7, 6, 9, 6, 21], [6, 5, 1, 33, 1, 11], [0, 11, 1, 2, 20, 13], [1, 11, 0, 1, 4, 38]]"
codex51,matched200_full,shared_stylometry_nc,paraphrase,original,321,18,0.5935380453797803,0.5175351759680041,0.6706299001782282,0.6043613707165109,"[[52, 2, 1, 0, 2, 1], [6, 24, 1, 3, 13, 7], [2, 3, 30, 8, 4, 3], [11, 3, 3, 32, 6, 2], [0, 6, 1, 2, 37, 1], [5, 15, 4, 1, 11, 19]]"
codex51,matched200_full,shared_stylometry_nc,paraphrase,paraphrase,321,18,0.5737233948591897,0.4833836688739987,0.6656874508960555,0.5794392523364486,"[[48, 4, 1, 4, 0, 1], [4, 21, 5, 4, 8, 12], [0, 3, 27, 11, 5, 4], [7, 4, 7, 37, 0, 2], [0, 12, 2, 5, 22, 6], [3, 14, 2, 2, 3, 31]]"
codex51,matched200_full,shared_stylometry_nc,paraphrase,modernize,321,18,0.5450388595401164,0.4683694303858279,0.621369625276856,0.5451713395638629,"[[43, 10, 0, 0, 3, 2], [3, 23, 3, 2, 14, 9], [0, 4, 21, 7, 12, 6], [10, 5, 3, 33, 3, 3], [0, 7, 2, 2, 29, 7], [2, 13, 2, 2, 10, 26]]"
codex51,matched200_full,shared_stylometry_nc,paraphrase,simplify,321,18,0.5470345662153806,0.45718683972360513,0.6325637549200548,0.5514018691588785,"[[45, 6, 1, 1, 1, 4], [6, 24, 3, 1, 11, 9], [1, 6, 20, 4, 13, 6], [12, 6, 5, 29, 3, 2], [0, 6, 4, 2, 33, 2], [1, 16, 2, 2, 8, 26]]"
codex51,matched200_full,shared_stylometry_nc,modernize,original,321,18,0.5834906428333507,0.498074012454953,0.664890096560827,0.5950155763239875,"[[49, 3, 1, 2, 1, 2], [9, 19, 2, 4, 9, 11], [0, 6, 28, 12, 1, 3], [4, 0, 4, 45, 2, 2], [2, 8, 1, 4, 30, 2], [3, 15, 5, 7, 5, 20]]"
codex51,matched200_full,shared_stylometry_nc,modernize,paraphrase,321,18,0.5524060366087552,0.44703381581277296,0.6588300604379749,0.5669781931464174,"[[46, 3, 0, 6, 0, 3], [5, 19, 5, 6, 7, 12], [0, 2, 26, 11, 4, 7], [2, 1, 5, 43, 0, 6], [1, 11, 3, 7, 15, 10], [4, 12, 1, 4, 1, 33]]"
codex51,matched200_full,shared_stylometry_nc,modernize,modernize,321,18,0.5496785015152139,0.46345877230152316,0.6409581935646947,0.5545171339563862,"[[44, 8, 0, 2, 2, 2], [7, 20, 5, 4, 7, 11], [0, 2, 26, 11, 5, 6], [6, 4, 5, 38, 1, 3], [1, 10, 4, 2, 21, 9], [3, 14, 3, 3, 3, 29]]"
codex51,matched200_full,shared_stylometry_nc,modernize,simplify,321,18,0.5714321094101137,0.4776268448327272,0.6602500848984149,0.5794392523364486,"[[47, 3, 0, 3, 1, 4], [11, 19, 4, 2, 6, 12], [0, 5, 24, 10, 4, 7], [4, 1, 5, 42, 0, 5], [0, 9, 4, 4, 23, 7], [1, 15, 1, 3, 4, 31]]"
codex51,matched200_full,shared_stylometry_nc,simplify,original,321,18,0.5865833809733106,0.5109995749979958,0.6621978886795764,0.5981308411214953,"[[52, 1, 0, 0, 0, 5], [11, 18, 2, 3, 8, 12], [1, 6, 22, 13, 1, 7], [5, 2, 3, 41, 2, 4], [2, 5, 2, 2, 32, 4], [6, 13, 2, 2, 5, 27]]"
codex51,matched200_full,shared_stylometry_nc,simplify,paraphrase,321,18,0.5330932170774034,0.4313097429563536,0.6358444786624333,0.5420560747663551,"[[40, 3, 0, 8, 0, 7], [5, 20, 4, 5, 5, 15], [0, 4, 22, 14, 2, 8], [1, 1, 3, 44, 0, 8], [0, 12, 3, 6, 15, 11], [3, 12, 1, 5, 1, 33]]"
codex51,matched200_full,shared_stylometry_nc,simplify,modernize,321,18,0.5541874193559586,0.47442259100029854,0.6339925602888427,0.5514018691588785,"[[39, 9, 0, 2, 2, 6], [4, 19, 5, 2, 9, 15], [1, 2, 25, 9, 5, 8], [8, 4, 3, 36, 0, 6], [0, 8, 3, 2, 26, 8], [1, 15, 3, 2, 2, 32]]"
codex51,matched200_full,shared_stylometry_nc,simplify,simplify,321,18,0.5711211568076923,0.47665815149452273,0.6605079883312379,0.573208722741433,"[[44, 5, 0, 3, 0, 6], [8, 20, 5, 2, 7, 12], [0, 4, 27, 9, 3, 7], [5, 3, 5, 38, 0, 6], [0, 9, 4, 4, 23, 7], [1, 14, 2, 2, 4, 32]]"
codex51,matched200_full,shared_function_words_nc,original,original,321,18,0.560149065774866,0.47240168587334425,0.6443067843289678,0.557632398753894,"[[45, 4, 0, 3, 0, 6], [7, 11, 3, 9, 5, 19], [1, 4, 39, 3, 0, 3], [4, 10, 5, 31, 0, 7], [2, 5, 2, 2, 28, 8], [7, 14, 1, 3, 5, 25]]"
codex51,matched200_full,shared_function_words_nc,original,paraphrase,321,18,0.5054286283127797,0.42377077834707666,0.5865429641019284,0.4953271028037383,"[[37, 6, 1, 6, 1, 7], [5, 13, 0, 9, 7, 20], [0, 9, 21, 14, 1, 5], [3, 9, 2, 31, 1, 11], [1, 9, 1, 1, 25, 10], [1, 13, 0, 3, 6, 32]]"
codex51,matched200_full,shared_function_words_nc,original,modernize,321,18,0.4731871069023874,0.39191587404826334,0.548938752250787,0.4735202492211838,"[[36, 8, 0, 2, 3, 9], [5, 12, 0, 9, 8, 20], [0, 9, 13, 16, 4, 8], [5, 10, 2, 31, 2, 7], [0, 8, 0, 0, 31, 8], [3, 12, 0, 3, 8, 29]]"
codex51,matched200_full,shared_function_words_nc,original,simplify,321,18,0.482195128391883,0.40683340139628943,0.5543054607988329,0.48909657320872274,"[[45, 4, 0, 2, 1, 6], [7, 12, 0, 8, 8, 19], [0, 13, 12, 10, 6, 9], [6, 10, 1, 30, 3, 7], [1, 11, 0, 1, 29, 5], [3, 12, 0, 3, 8, 29]]"
codex51,matched200_full,shared_function_words_nc,paraphrase,original,321,18,0.5130290488204708,0.4294443816445718,0.599429786322355,0.5233644859813084,"[[48, 2, 2, 2, 0, 4], [6, 9, 10, 11, 1, 17], [1, 3, 39, 3, 3, 1], [7, 9, 11, 25, 0, 5], [2, 10, 4, 1, 23, 7], [8, 14, 1, 2, 6, 24]]"
codex51,matched200_full,shared_function_words_nc,paraphrase,paraphrase,321,18,0.5072364981283388,0.4279307637232084,0.5868452018708747,0.5109034267912772,"[[45, 4, 1, 4, 1, 3], [5, 11, 4, 10, 7, 17], [0, 3, 27, 11, 5, 4], [6, 6, 7, 32, 1, 5], [2, 12, 2, 1, 23, 7], [3, 15, 2, 2, 7, 26]]"
codex51,matched200_full,shared_function_words_nc,paraphrase,modernize,321,18,0.4852612363162119,0.41088295476029435,0.5639042457181059,0.4953271028037383,"[[45, 5, 0, 1, 3, 4], [7, 9, 5, 8, 7, 18], [0, 4, 21, 12, 7, 6], [12, 7, 5, 29, 2, 2], [2, 9, 3, 0, 27, 6], [3, 11, 1, 2, 10, 28]]"
codex51,matched200_full,shared_function_words_nc,paraphrase,simplify,321,18,0.48171919735693763,0.40977113108904606,0.5528286289702026,0.4953271028037383,"[[50, 2, 1, 1, 1, 3], [9, 11, 4, 10, 5, 15], [0, 3, 20, 10, 12, 5], [8, 11, 5, 29, 1, 3], [4, 9, 2, 2, 26, 4], [6, 12, 3, 2, 9, 23]]"
codex51,matched200_full,shared_function_words_nc,modernize,original,321,18,0.4985148517374462,0.4134278192025128,0.5824716582743981,0.514018691588785,"[[48, 2, 1, 2, 0, 5], [6, 8, 11, 8, 1, 20], [0, 6, 38, 5, 0, 1], [7, 3, 13, 26, 1, 7], [4, 5, 5, 3, 20, 10], [7, 12, 4, 2, 5, 25]]"
codex51,matched200_full,shared_function_words_nc,modernize,paraphrase,321,18,0.48888577262345945,0.41049822260769403,0.5665509661166039,0.4984423676012461,"[[44, 4, 1, 3, 2, 4], [7, 9, 7, 11, 4, 16], [0, 5, 30, 11, 1, 3], [6, 5, 8, 33, 1, 4], [4, 10, 3, 2, 18, 10], [2, 14, 4, 2, 7, 26]]"
codex51,matched200_full,shared_function_words_nc,modernize,modernize,321,18,0.5069689195755999,0.4328035617389554,0.5803118370823002,0.5171339563862928,"[[48, 4, 0, 2, 1, 3], [4, 9, 7, 10, 4, 20], [0, 5, 22, 14, 2, 7], [10, 6, 7, 31, 2, 1], [4, 6, 3, 1, 25, 8], [3, 14, 2, 1, 4, 31]]"
codex51,matched200_full,shared_function_words_nc,modernize,simplify,321,18,0.4768672074625088,0.40846309368636774,0.5444881853621764,0.48909657320872274,"[[46, 1, 1, 2, 3, 5], [10, 12, 4, 9, 4, 15], [0, 5, 23, 13, 4, 5], [10, 7, 7, 30, 1, 2], [4, 7, 4, 2, 20, 10], [4, 11, 4, 2, 8, 26]]"
codex51,matched200_full,shared_function_words_nc,simplify,original,321,18,0.513133968663635,0.42975451544139154,0.5957023712984076,0.514018691588785,"[[43, 3, 1, 2, 0, 9], [7, 8, 8, 8, 2, 21], [0, 8, 32, 6, 0, 4], [5, 4, 10, 29, 1, 8], [3, 8, 4, 0, 23, 9], [5, 13, 3, 2, 2, 30]]"
codex51,matched200_full,shared_function_words_nc,simplify,paraphrase,321,18,0.4857761236874621,0.3991698045023625,0.574816061788874,0.49221183800623053,"[[42, 4, 1, 2, 2, 7], [6, 10, 6, 9, 5, 18], [0, 6, 27, 11, 1, 5], [4, 7, 8, 32, 0, 6], [3, 8, 7, 0, 16, 13], [2, 15, 3, 0, 4, 31]]"
codex51,matched200_full,shared_function_words_nc,simplify,modernize,321,18,0.46749108204787043,0.38952018233177066,0.5488265595687241,0.4735202492211838,"[[40, 8, 0, 2, 3, 5], [4, 6, 5, 9, 7, 23], [0, 4, 22, 12, 4, 8], [5, 5, 9, 32, 1, 5], [2, 8, 5, 0, 23, 9], [3, 12, 2, 1, 8, 29]]"
codex51,matched200_full,shared_function_words_nc,simplify,simplify,321,18,0.4898238853550117,0.41091852750856317,0.5687609854635902,0.5015576323987538,"[[47, 2, 0, 1, 2, 6], [8, 11, 5, 9, 5, 16], [0, 3, 26, 11, 5, 5], [5, 8, 6, 32, 1, 5], [4, 7, 4, 2, 18, 12], [3, 12, 5, 1, 7, 27]]"
codex51,matched200_full,char3_5_tfidf_svm,original,original,321,18,0.8612544897976,0.7990747322057813,0.913850273928193,0.8660436137071651,"[[56, 1, 0, 1, 0, 0], [2, 35, 2, 7, 6, 2], [0, 2, 42, 3, 2, 1], [1, 1, 0, 55, 0, 0], [0, 1, 2, 2, 41, 1], [2, 0, 1, 0, 3, 49]]"
codex51,matched200_full,char3_5_tfidf_svm,original,paraphrase,321,18,0.7104508754195153,0.6401675875509524,0.7735458833483743,0.7165109034267912,"[[53, 0, 0, 4, 0, 1], [0, 26, 1, 18, 8, 1], [0, 1, 25, 14, 7, 3], [0, 0, 0, 57, 0, 0], [0, 1, 2, 8, 34, 2], [2, 4, 1, 10, 3, 35]]"
codex51,matched200_full,char3_5_tfidf_svm,original,modernize,321,18,0.7098525167955646,0.6334118539220343,0.7792900897008475,0.7258566978193146,"[[50, 3, 0, 3, 1, 1], [0, 26, 0, 8, 17, 3], [0, 2, 19, 7, 16, 6], [1, 0, 0, 55, 1, 0], [0, 1, 0, 0, 45, 1], [0, 5, 1, 1, 10, 38]]"
codex51,matched200_full,char3_5_tfidf_svm,original,simplify,321,18,0.6609573856911266,0.5867757120729342,0.7280054726616587,0.7009345794392523,"[[54, 0, 0, 4, 0, 0], [1, 24, 0, 12, 13, 4], [0, 5, 9, 15, 16, 5], [0, 0, 0, 57, 0, 0], [0, 2, 0, 1, 42, 2], [1, 5, 0, 3, 7, 39]]"
codex51,matched200_full,char3_5_tfidf_svm,paraphrase,original,321,18,0.7763671671581559,0.7077618709873189,0.8349813782762693,0.7850467289719626,"[[57, 1, 0, 0, 0, 0], [5, 33, 2, 4, 7, 3], [3, 2, 35, 5, 3, 2], [3, 1, 0, 53, 0, 0], [0, 2, 1, 2, 40, 2], [3, 4, 3, 2, 9, 34]]"
codex51,matched200_full,char3_5_tfidf_svm,paraphrase,paraphrase,321,18,0.7495934465816353,0.6595814106217177,0.8275770009192646,0.7601246105919003,"[[56, 0, 0, 2, 0, 0], [3, 28, 1, 8, 11, 3], [1, 3, 33, 6, 4, 3], [1, 0, 0, 56, 0, 0], [0, 4, 1, 4, 37, 1], [6, 5, 1, 5, 4, 34]]"
codex51,matched200_full,char3_5_tfidf_svm,paraphrase,modernize,321,18,0.7004205746792062,0.6248620537875649,0.7690675767151378,0.7102803738317757,"[[53, 3, 0, 0, 1, 1], [3, 24, 2, 4, 19, 2], [0, 3, 23, 5, 17, 2], [2, 1, 0, 52, 2, 0], [0, 2, 0, 0, 44, 1], [1, 7, 1, 0, 14, 32]]"
codex51,matched200_full,char3_5_tfidf_svm,paraphrase,simplify,321,18,0.6961538695217214,0.6179679093147898,0.7675175855820277,0.7133956386292835,"[[55, 1, 0, 1, 1, 0], [2, 24, 2, 6, 17, 3], [1, 3, 22, 7, 14, 3], [1, 1, 0, 55, 0, 0], [0, 2, 0, 1, 43, 1], [1, 8, 1, 2, 13, 30]]"
codex51,matched200_full,char3_5_tfidf_svm,modernize,original,321,18,0.784540122849109,0.7122121590446431,0.8434385428989425,0.7881619937694704,"[[55, 1, 0, 2, 0, 0], [6, 34, 0, 8, 3, 3], [1, 3, 38, 5, 1, 2], [2, 0, 0, 55, 0, 0], [0, 0, 2, 4, 39, 2], [10, 3, 3, 6, 1, 32]]"
codex51,matched200_full,char3_5_tfidf_svm,modernize,paraphrase,321,18,0.6936711765450149,0.6095302945610277,0.7661882860753304,0.6978193146417445,"[[53, 0, 1, 4, 0, 0], [4, 27, 1, 17, 5, 0], [0, 2, 28, 13, 5, 2], [0, 0, 0, 57, 0, 0], [0, 0, 1, 15, 31, 0], [9, 5, 1, 11, 1, 28]]"
codex51,matched200_full,char3_5_tfidf_svm,modernize,modernize,321,18,0.7515573535023344,0.6828452765893315,0.8133273622201115,0.7632398753894081,"[[57, 0, 0, 1, 0, 0], [0, 29, 0, 12, 11, 2], [1, 3, 29, 7, 7, 3], [1, 0, 0, 56, 0, 0], [0, 2, 1, 4, 39, 1], [6, 4, 2, 3, 5, 35]]"
codex51,matched200_full,char3_5_tfidf_svm,modernize,simplify,321,18,0.7271607559331345,0.6594131360811669,0.787983317018448,0.7383177570093458,"[[54, 1, 0, 2, 0, 1], [2, 30, 0, 11, 8, 3], [0, 2, 23, 16, 7, 2], [1, 0, 0, 56, 0, 0], [0, 0, 0, 6, 39, 2], [5, 5, 1, 5, 4, 35]]"
codex51,matched200_full,char3_5_tfidf_svm,simplify,original,321,18,0.796537596033641,0.7307875922325704,0.8566463870795964,0.8037383177570093,"[[58, 0, 0, 0, 0, 0], [4, 33, 0, 8, 5, 4], [3, 2, 36, 7, 1, 1], [2, 0, 1, 54, 0, 0], [1, 4, 2, 2, 36, 2], [5, 0, 2, 2, 5, 41]]"
codex51,matched200_full,char3_5_tfidf_svm,simplify,paraphrase,321,18,0.6869512654724469,0.5981818434603532,0.7667036079339666,0.6978193146417445,"[[55, 0, 0, 3, 0, 0], [2, 27, 1, 15, 7, 2], [2, 2, 28, 12, 3, 3], [0, 0, 0, 57, 0, 0], [0, 4, 2, 10, 30, 1], [8, 6, 2, 11, 1, 27]]"
codex51,matched200_full,char3_5_tfidf_svm,simplify,modernize,321,18,0.750205094785104,0.6785765493670393,0.8170823023818016,0.7601246105919003,"[[56, 2, 0, 0, 0, 0], [1, 27, 0, 11, 12, 3], [0, 1, 29, 8, 10, 2], [1, 0, 0, 55, 1, 0], [1, 2, 0, 4, 39, 1], [2, 3, 2, 2, 8, 38]]"
codex51,matched200_full,char3_5_tfidf_svm,simplify,simplify,321,18,0.7552090641507306,0.69206933650505,0.8113980567621337,0.7663551401869159,"[[55, 0, 0, 2, 0, 1], [1, 28, 0, 12, 10, 3], [1, 2, 29, 8, 7, 3], [0, 0, 0, 57, 0, 0], [1, 1, 1, 2, 40, 2], [4, 6, 1, 4, 3, 37]]"
codex51,w200_prefix,shared_stylometry_nc,original,original,321,18,0.5648763739215449,0.48182711968577857,0.6459929508074838,0.5638629283489096,"[[43, 6, 3, 3, 1, 2], [4, 16, 3, 9, 6, 16], [1, 6, 33, 5, 0, 5], [4, 4, 5, 35, 2, 7], [2, 9, 2, 4, 24, 6], [5, 12, 2, 5, 1, 30]]"
codex51,w200_prefix,shared_stylometry_nc,original,paraphrase,321,18,0.4594470743901884,0.3746237785939549,0.546621043648088,0.4735202492211838,"[[39, 5, 1, 3, 0, 10], [4, 14, 2, 11, 7, 16], [2, 8, 12, 12, 1, 15], [3, 2, 1, 41, 0, 10], [2, 8, 2, 3, 16, 16], [7, 9, 3, 5, 1, 30]]"
codex51,w200_prefix,shared_stylometry_nc,original,modernize,321,18,0.44162741762967417,0.36472203029526357,0.5151852433187288,0.4517133956386293,"[[36, 6, 1, 2, 4, 9], [5, 15, 0, 5, 10, 19], [0, 10, 8, 15, 4, 13], [5, 7, 1, 30, 0, 14], [0, 7, 2, 1, 23, 14], [2, 10, 1, 4, 5, 33]]"
codex51,w200_prefix,shared_stylometry_nc,original,simplify,321,18,0.4198839659281706,0.34132609344722187,0.49825548559404553,0.4392523364485981,"[[40, 6, 0, 3, 1, 8], [6, 14, 0, 6, 10, 18], [2, 10, 5, 10, 4, 19], [6, 6, 1, 29, 0, 15], [3, 8, 2, 1, 21, 12], [4, 12, 1, 3, 3, 32]]"
codex51,w200_prefix,shared_stylometry_nc,paraphrase,original,321,18,0.5061630508722336,0.42712444526364446,0.5850791829879737,0.5077881619937694,"[[39, 8, 3, 2, 4, 2], [2, 24, 4, 10, 8, 6], [2, 4, 29, 11, 2, 2], [5, 7, 7, 27, 4, 7], [1, 10, 3, 4, 28, 1], [4, 14, 12, 4, 5, 16]]"
codex51,w200_prefix,shared_stylometry_nc,paraphrase,paraphrase,321,18,0.47360344014695316,0.3798394110502835,0.5677815418463202,0.48286604361370716,"[[40, 6, 4, 3, 0, 5], [2, 17, 2, 9, 10, 14], [2, 4, 16, 16, 5, 7], [3, 2, 7, 37, 1, 7], [2, 12, 3, 4, 19, 7], [7, 11, 4, 5, 2, 26]]"
codex51,w200_prefix,shared_stylometry_nc,paraphrase,modernize,321,18,0.46119464082259,0.38689205781406205,0.5389331274329425,0.46105919003115264,"[[33, 9, 1, 1, 8, 6], [3, 18, 4, 7, 15, 7], [0, 8, 16, 12, 8, 6], [6, 7, 4, 29, 3, 8], [0, 7, 1, 3, 28, 8], [4, 13, 4, 2, 8, 24]]"
codex51,w200_prefix,shared_stylometry_nc,paraphrase,simplify,321,18,0.46647952458217185,0.38174541009308327,0.5477081441013288,0.4735202492211838,"[[40, 11, 0, 1, 2, 4], [3, 22, 1, 8, 10, 10], [3, 8, 13, 8, 9, 9], [9, 9, 3, 27, 3, 6], [4, 6, 4, 2, 26, 5], [6, 13, 2, 5, 5, 24]]"
codex51,w200_prefix,shared_stylometry_nc,modernize,original,321,18,0.5370590742403082,0.45038082486362374,0.6161542863903822,0.5389408099688473,"[[40, 6, 4, 5, 1, 2], [3, 20, 6, 10, 3, 12], [0, 6, 28, 11, 1, 4], [2, 2, 6, 40, 0, 7], [6, 8, 4, 3, 21, 5], [6, 13, 7, 5, 0, 24]]"
codex51,w200_prefix,shared_stylometry_nc,modernize,paraphrase,321,18,0.4555683317364902,0.3670609375965988,0.5476222463621678,0.4735202492211838,"[[42, 2, 3, 3, 0, 8], [3, 14, 6, 9, 5, 17], [1, 6, 16, 16, 3, 8], [2, 1, 5, 40, 0, 9], [4, 11, 2, 7, 13, 10], [8, 10, 4, 5, 1, 27]]"
codex51,w200_prefix,shared_stylometry_nc,modernize,modernize,321,18,0.4704791291268902,0.3913531639281819,0.5496110097247703,0.4766355140186916,"[[39, 7, 1, 2, 2, 7], [3, 17, 4, 9, 5, 16], [1, 8, 16, 14, 3, 8], [5, 3, 6, 34, 0, 9], [5, 8, 1, 4, 18, 11], [4, 11, 4, 4, 3, 29]]"
codex51,w200_prefix,shared_stylometry_nc,modernize,simplify,321,18,0.49462233434795205,0.41817312819238084,0.570487131922299,0.4984423676012461,"[[44, 4, 0, 3, 1, 6], [7, 20, 4, 7, 2, 14], [0, 9, 18, 12, 2, 9], [6, 4, 3, 34, 0, 10], [5, 10, 3, 3, 19, 7], [8, 13, 2, 5, 2, 25]]"
codex51,w200_prefix,shared_stylometry_nc,simplify,original,321,18,0.5062567571158514,0.4232737077231204,0.5906444468252142,0.5046728971962616,"[[40, 6, 3, 2, 1, 6], [3, 17, 8, 8, 5, 13], [0, 7, 28, 10, 0, 5], [4, 3, 9, 32, 0, 9], [5, 7, 3, 4, 21, 7], [5, 13, 8, 4, 1, 24]]"
codex51,w200_prefix,shared_stylometry_nc,simplify,paraphrase,321,18,0.4574404312437678,0.36775388781280066,0.5472265702605373,0.4672897196261682,"[[40, 4, 4, 4, 0, 6], [4, 12, 5, 9, 6, 18], [1, 8, 18, 15, 0, 8], [2, 1, 7, 37, 0, 10], [5, 9, 3, 5, 16, 9], [8, 10, 4, 6, 0, 27]]"
codex51,w200_prefix,shared_stylometry_nc,simplify,modernize,321,18,0.48206258729020957,0.40345690528245265,0.5591536319469725,0.48286604361370716,"[[34, 10, 1, 3, 3, 7], [5, 16, 7, 6, 5, 15], [0, 6, 21, 15, 1, 7], [5, 3, 8, 32, 0, 9], [3, 6, 2, 7, 20, 9], [4, 11, 4, 2, 2, 32]]"
codex51,w200_prefix,shared_stylometry_nc,simplify,simplify,321,18,0.4793900059466026,0.3984859605780222,0.5575423390539386,0.48286604361370716,"[[40, 5, 0, 3, 1, 9], [6, 16, 5, 6, 5, 16], [1, 7, 18, 11, 2, 11], [7, 2, 5, 34, 0, 9], [5, 8, 2, 6, 19, 7], [6, 14, 3, 4, 0, 28]]"
codex51,w200_prefix,shared_function_words_nc,original,original,321,18,0.47782728847000283,0.4007577486165615,0.5540775524447105,0.48286604361370716,"[[42, 6, 1, 1, 1, 7], [8, 6, 4, 13, 4, 19], [1, 5, 36, 4, 0, 4], [3, 9, 6, 25, 1, 13], [5, 6, 2, 4, 20, 10], [6, 9, 2, 4, 8, 26]]"
codex51,w200_prefix,shared_function_words_nc,original,paraphrase,321,18,0.4202970130564432,0.3344914726662866,0.5047568020499252,0.4174454828660436,"[[38, 5, 4, 2, 3, 6], [6, 9, 2, 9, 7, 21], [0, 12, 18, 9, 2, 9], [3, 11, 3, 25, 1, 14], [6, 8, 1, 3, 18, 11], [3, 12, 2, 3, 9, 26]]"
codex51,w200_prefix,shared_function_words_nc,original,modernize,321,18,0.4219970247730549,0.3527264952827927,0.48711388331698546,0.4205607476635514,"[[33, 8, 1, 2, 6, 8], [5, 10, 1, 11, 8, 19], [1, 16, 14, 11, 1, 7], [4, 11, 1, 26, 4, 11], [5, 3, 0, 2, 25, 12], [3, 8, 2, 4, 11, 27]]"
codex51,w200_prefix,shared_function_words_nc,original,simplify,321,18,0.4015541340914475,0.3289291032790866,0.47380720638246776,0.40498442367601245,"[[38, 6, 0, 3, 3, 8], [10, 8, 1, 11, 7, 17], [0, 14, 12, 11, 3, 10], [6, 10, 2, 24, 6, 9], [5, 7, 0, 2, 23, 10], [3, 13, 1, 2, 11, 25]]"
codex51,w200_prefix,shared_function_words_nc,paraphrase,original,321,18,0.45327586407880166,0.38067212912279,0.5258470828891151,0.470404984423676,"[[43, 3, 3, 0, 1, 8], [10, 6, 6, 8, 4, 20], [2, 2, 37, 4, 2, 3], [4, 11, 9, 24, 1, 8], [8, 5, 3, 3, 19, 9], [8, 5, 6, 4, 10, 22]]"
codex51,w200_prefix,shared_function_words_nc,paraphrase,paraphrase,321,18,0.42732372639984284,0.35011483992848674,0.5039503653996957,0.4392523364485981,"[[41, 3, 4, 4, 4, 2], [10, 5, 8, 8, 8, 15], [0, 5, 26, 8, 4, 7], [3, 10, 6, 28, 1, 9], [6, 8, 3, 3, 18, 9], [7, 10, 4, 4, 7, 23]]"
codex51,w200_prefix,shared_function_words_nc,paraphrase,modernize,321,18,0.42346840525138135,0.35472730085408555,0.49064572672258144,0.42679127725856697,"[[36, 7, 1, 2, 6, 6], [7, 9, 6, 11, 5, 16], [0, 9, 18, 13, 4, 6], [7, 10, 4, 28, 2, 6], [6, 4, 2, 2, 23, 10], [4, 11, 4, 3, 10, 23]]"
codex51,w200_prefix,shared_function_words_nc,paraphrase,simplify,321,18,0.4114907799945135,0.3349393777225693,0.48673509681194355,0.4236760124610592,"[[43, 4, 2, 1, 4, 4], [11, 6, 5, 9, 6, 17], [0, 8, 20, 10, 6, 6], [6, 10, 5, 29, 3, 4], [7, 6, 2, 3, 19, 10], [6, 10, 4, 4, 12, 19]]"
codex51,w200_prefix,shared_function_words_nc,modernize,original,321,18,0.4463685953652969,0.3746922536689234,0.5186682234745785,0.46417445482866043,"[[41, 4, 3, 0, 1, 9], [9, 5, 9, 9, 1, 21], [1, 4, 33, 6, 2, 4], [5, 5, 7, 30, 1, 9], [7, 5, 4, 3, 15, 13], [9, 7, 4, 2, 8, 25]]"
codex51,w200_prefix,shared_function_words_nc,modernize,paraphrase,321,18,0.43481747025601863,0.362672229747415,0.5071909875116938,0.4454828660436137,"[[37, 5, 3, 3, 4, 6], [10, 8, 10, 6, 4, 16], [0, 8, 27, 8, 3, 4], [3, 8, 5, 33, 0, 8], [9, 5, 3, 3, 14, 13], [7, 10, 4, 3, 7, 24]]"
codex51,w200_prefix,shared_function_words_nc,modernize,modernize,321,18,0.42073843840610636,0.35172063443130946,0.49272113718716004,0.42990654205607476,"[[36, 7, 1, 1, 4, 9], [9, 6, 8, 9, 4, 18], [0, 9, 21, 11, 2, 7], [6, 5, 6, 32, 0, 8], [10, 4, 2, 2, 17, 12], [4, 10, 4, 2, 9, 26]]"
codex51,w200_prefix,shared_function_words_nc,modernize,simplify,321,18,0.4091172962483372,0.3363334024651117,0.47975055836019176,0.4236760124610592,"[[43, 3, 2, 3, 2, 5], [12, 5, 7, 8, 3, 19], [0, 9, 22, 8, 3, 8], [5, 10, 9, 26, 1, 6], [8, 5, 3, 2, 16, 13], [4, 7, 3, 3, 14, 24]]"
codex51,w200_prefix,shared_function_words_nc,simplify,original,321,18,0.4513403778656285,0.3746946232398699,0.5274248839939423,0.45794392523364486,"[[38, 5, 2, 0, 2, 11], [9, 8, 8, 5, 4, 20], [1, 7, 34, 4, 0, 4], [3, 8, 8, 26, 1, 11], [8, 4, 2, 4, 16, 13], [7, 8, 4, 4, 7, 25]]"
codex51,w200_prefix,shared_function_words_nc,simplify,paraphrase,321,18,0.40780046144286947,0.33762653387455066,0.482498538553226,0.4174454828660436,"[[35, 5, 5, 3, 4, 6], [7, 8, 10, 6, 5, 18], [0, 7, 27, 10, 1, 5], [2, 8, 8, 29, 0, 10], [5, 8, 3, 3, 10, 18], [4, 11, 5, 3, 7, 25]]"
codex51,w200_prefix,shared_function_words_nc,simplify,modernize,321,18,0.4355899619953303,0.3684136114889581,0.5066696526819522,0.4392523364485981,"[[38, 7, 1, 3, 2, 7], [9, 8, 9, 9, 2, 17], [0, 6, 24, 11, 3, 6], [5, 11, 5, 29, 0, 7], [7, 4, 2, 2, 17, 15], [4, 12, 3, 3, 8, 25]]"
codex51,w200_prefix,shared_function_words_nc,simplify,simplify,321,18,0.4193366739158302,0.35388006961388174,0.48664044722480493,0.42990654205607476,"[[39, 5, 2, 3, 2, 7], [10, 7, 7, 9, 3, 18], [0, 8, 24, 10, 2, 6], [4, 7, 8, 29, 2, 7], [6, 6, 4, 2, 14, 15], [3, 9, 3, 4, 11, 25]]"
codex51,w200_prefix,char3_5_tfidf_svm,original,original,321,18,0.7821389901400476,0.6974606926600373,0.8535217031514967,0.7881619937694704,"[[54, 2, 1, 1, 0, 0], [3, 30, 2, 10, 7, 2], [0, 2, 41, 2, 3, 2], [2, 2, 2, 50, 1, 0], [1, 2, 2, 3, 36, 3], [4, 1, 1, 1, 6, 42]]"
codex51,w200_prefix,char3_5_tfidf_svm,original,paraphrase,321,18,0.6589947048399478,0.5739347614905863,0.7317291182718342,0.6728971962616822,"[[55, 1, 0, 2, 0, 0], [2, 25, 2, 17, 6, 2], [0, 2, 21, 19, 5, 3], [1, 2, 1, 52, 1, 0], [1, 1, 1, 6, 35, 3], [7, 5, 4, 7, 4, 28]]"
codex51,w200_prefix,char3_5_tfidf_svm,original,modernize,321,18,0.6358188762918399,0.5647489875594375,0.7012119678497662,0.6666666666666666,"[[55, 1, 0, 2, 0, 0], [1, 20, 0, 11, 17, 5], [0, 3, 13, 15, 14, 5], [1, 1, 0, 53, 2, 0], [2, 1, 1, 2, 39, 2], [2, 6, 0, 3, 10, 34]]"
codex51,w200_prefix,char3_5_tfidf_svm,original,simplify,321,18,0.5926243980307054,0.5209707758426182,0.6626969418741829,0.6355140186915887,"[[53, 1, 0, 4, 0, 0], [2, 21, 0, 12, 13, 6], [0, 3, 7, 21, 15, 4], [1, 2, 0, 54, 0, 0], [1, 3, 0, 2, 36, 5], [2, 5, 0, 4, 11, 33]]"
codex51,w200_prefix,char3_5_tfidf_svm,paraphrase,original,321,18,0.6916475003244184,0.6132338185191256,0.7618481621261944,0.7040498442367601,"[[55, 2, 0, 1, 0, 0], [5, 27, 2, 8, 7, 5], [1, 4, 30, 9, 4, 2], [3, 2, 3, 49, 0, 0], [0, 4, 3, 3, 37, 0], [5, 3, 3, 4, 12, 28]]"
codex51,w200_prefix,char3_5_tfidf_svm,paraphrase,paraphrase,321,18,0.6524321561972165,0.57571949449739,0.722529314604533,0.6697819314641744,"[[57, 0, 0, 1, 0, 0], [3, 25, 2, 13, 6, 5], [3, 4, 26, 11, 4, 2], [0, 2, 2, 51, 1, 1], [1, 6, 1, 5, 31, 3], [10, 5, 2, 6, 7, 25]]"
codex51,w200_prefix,char3_5_tfidf_svm,paraphrase,modernize,321,18,0.5939644343410935,0.5154013614704511,0.6620538452433057,0.616822429906542,"[[52, 3, 0, 2, 0, 1], [3, 21, 1, 6, 18, 5], [1, 7, 15, 7, 19, 1], [1, 3, 2, 49, 1, 1], [0, 3, 1, 2, 38, 3], [2, 7, 4, 6, 13, 23]]"
codex51,w200_prefix,char3_5_tfidf_svm,paraphrase,simplify,321,18,0.6111687079138933,0.5277728203969733,0.684437698812874,0.6386292834890965,"[[54, 1, 0, 2, 0, 1], [4, 26, 0, 7, 16, 1], [2, 5, 13, 12, 16, 2], [1, 3, 1, 50, 2, 0], [0, 4, 0, 2, 39, 2], [3, 10, 2, 2, 15, 23]]"
codex51,w200_prefix,char3_5_tfidf_svm,modernize,original,321,18,0.6778593006942631,0.5986491112226294,0.7522645202057544,0.6884735202492211,"[[55, 1, 1, 1, 0, 0], [3, 26, 1, 15, 4, 5], [2, 3, 32, 9, 2, 2], [2, 1, 2, 51, 1, 0], [1, 4, 2, 6, 29, 5], [9, 6, 2, 7, 3, 28]]"
codex51,w200_prefix,char3_5_tfidf_svm,modernize,paraphrase,321,18,0.6548282457231595,0.5747331350430209,0.7274583306595998,0.660436137071651,"[[54, 1, 0, 3, 0, 0], [2, 23, 2, 20, 3, 4], [0, 2, 24, 18, 4, 2], [1, 2, 2, 52, 0, 0], [0, 2, 1, 10, 31, 3], [7, 5, 2, 12, 1, 28]]"
codex51,w200_prefix,char3_5_tfidf_svm,modernize,modernize,321,18,0.6935353021579226,0.6167265649275783,0.7655947892373022,0.7071651090342679,"[[55, 1, 0, 2, 0, 0], [4, 23, 1, 12, 10, 4], [1, 4, 28, 10, 5, 2], [1, 2, 2, 52, 0, 0], [2, 2, 1, 3, 37, 2], [5, 5, 2, 5, 6, 32]]"
codex51,w200_prefix,char3_5_tfidf_svm,modernize,simplify,321,18,0.6481447710319962,0.5750128067410069,0.7165700692508519,0.6666666666666666,"[[53, 1, 0, 3, 0, 1], [3, 22, 0, 17, 8, 4], [2, 3, 19, 16, 8, 2], [1, 2, 1, 52, 1, 0], [1, 4, 1, 2, 35, 4], [5, 5, 1, 4, 7, 33]]"
codex51,w200_prefix,char3_5_tfidf_svm,simplify,original,321,18,0.6680130191159602,0.5806372278715207,0.7451249508004546,0.67601246105919,"[[54, 1, 1, 2, 0, 0], [2, 29, 2, 11, 5, 5], [2, 3, 28, 9, 3, 5], [4, 2, 5, 45, 0, 1], [1, 3, 2, 5, 32, 4], [9, 4, 2, 7, 4, 29]]"
codex51,w200_prefix,char3_5_tfidf_svm,simplify,paraphrase,321,18,0.6439935497965076,0.5647572423944461,0.7176914671823599,0.6542056074766355,"[[55, 1, 0, 2, 0, 0], [0, 23, 4, 19, 5, 3], [1, 4, 25, 14, 3, 3], [2, 2, 2, 50, 0, 1], [1, 1, 4, 12, 27, 2], [9, 5, 1, 8, 2, 30]]"
codex51,w200_prefix,char3_5_tfidf_svm,simplify,modernize,321,18,0.676830808080808,0.6019074028036863,0.7442144592136543,0.6884735202492211,"[[52, 3, 1, 2, 0, 0], [4, 24, 2, 10, 11, 3], [1, 2, 28, 7, 8, 4], [1, 2, 3, 50, 0, 1], [2, 4, 2, 1, 36, 2], [2, 7, 2, 5, 8, 31]]"
codex51,w200_prefix,char3_5_tfidf_svm,simplify,simplify,321,18,0.6788638510012123,0.5998384401557384,0.7522598332591711,0.6915887850467289,"[[53, 1, 0, 4, 0, 0], [2, 27, 2, 12, 8, 3], [2, 2, 23, 14, 6, 3], [0, 2, 1, 54, 0, 0], [1, 3, 2, 6, 32, 3], [5, 4, 2, 7, 4, 33]]"
codex51,w200_middle,shared_stylometry_nc,original,original,321,18,0.5366001998310901,0.45797804366683026,0.6178383600444426,0.5327102803738317,"[[34, 9, 3, 4, 0, 8], [14, 18, 2, 5, 5, 10], [3, 2, 32, 6, 1, 6], [7, 4, 5, 34, 1, 6], [2, 8, 1, 4, 24, 8], [5, 10, 2, 4, 5, 29]]"
codex51,w200_middle,shared_stylometry_nc,original,paraphrase,321,18,0.4518471099786771,0.35483786025713426,0.548752550484567,0.45482866043613707,"[[32, 8, 3, 8, 0, 7], [10, 20, 0, 8, 5, 11], [6, 3, 18, 13, 3, 7], [9, 6, 0, 33, 0, 9], [1, 9, 1, 7, 15, 14], [6, 8, 5, 8, 0, 28]]"
codex51,w200_middle,shared_stylometry_nc,original,modernize,321,18,0.4225241476078115,0.3432651954160791,0.5033255732034999,0.42679127725856697,"[[29, 14, 1, 5, 2, 7], [7, 21, 1, 5, 8, 12], [4, 7, 13, 10, 4, 12], [13, 4, 2, 25, 0, 13], [1, 9, 2, 3, 17, 15], [5, 10, 2, 2, 4, 32]]"
codex51,w200_middle,shared_stylometry_nc,original,simplify,321,18,0.42642336819135024,0.3246592431590141,0.5302686108492237,0.4423676012461059,"[[38, 8, 0, 4, 0, 8], [11, 18, 0, 2, 7, 16], [5, 6, 9, 10, 6, 14], [12, 7, 2, 24, 1, 11], [2, 8, 3, 2, 18, 14], [6, 10, 0, 2, 2, 35]]"
codex51,w200_middle,shared_stylometry_nc,paraphrase,original,321,18,0.5018110266628187,0.4150840127330664,0.5820886136390778,0.4984423676012461,"[[31, 13, 4, 3, 0, 7], [3, 19, 3, 5, 17, 7], [0, 3, 30, 7, 7, 3], [10, 6, 4, 27, 4, 6], [1, 6, 4, 1, 30, 5], [4, 14, 4, 1, 9, 23]]"
codex51,w200_middle,shared_stylometry_nc,paraphrase,paraphrase,321,18,0.47291114150098096,0.3867555250994486,0.5605983346762208,0.4797507788161994,"[[36, 5, 1, 6, 1, 9], [3, 20, 2, 10, 9, 10], [6, 3, 16, 14, 6, 5], [7, 3, 5, 33, 3, 6], [0, 9, 2, 6, 20, 10], [1, 8, 7, 5, 5, 29]]"
codex51,w200_middle,shared_stylometry_nc,paraphrase,modernize,321,18,0.502200690856153,0.42001917141903183,0.5819677118101007,0.5015576323987538,"[[36, 11, 1, 2, 4, 4], [4, 22, 2, 2, 14, 10], [2, 4, 21, 6, 12, 5], [10, 5, 3, 26, 5, 8], [0, 6, 4, 2, 28, 7], [2, 9, 4, 3, 9, 28]]"
codex51,w200_middle,shared_stylometry_nc,paraphrase,simplify,321,18,0.43655963769034445,0.351413470501127,0.52367834520805,0.4454828660436137,"[[37, 8, 1, 2, 2, 8], [7, 18, 2, 2, 15, 10], [2, 3, 12, 11, 12, 10], [12, 6, 6, 24, 3, 6], [0, 8, 5, 3, 25, 6], [4, 12, 4, 2, 6, 27]]"
codex51,w200_middle,shared_stylometry_nc,modernize,original,321,18,0.4865986824959161,0.40332465624921077,0.5705106957296886,0.48598130841121495,"[[29, 6, 6, 6, 1, 10], [7, 19, 6, 9, 5, 8], [1, 2, 24, 15, 4, 4], [9, 3, 7, 32, 1, 5], [2, 6, 1, 7, 24, 7], [3, 10, 3, 5, 6, 28]]"
codex51,w200_middle,shared_stylometry_nc,modernize,paraphrase,321,18,0.4584035432699432,0.3632847957625841,0.5568380786129487,0.4672897196261682,"[[35, 6, 2, 6, 0, 9], [7, 19, 4, 8, 4, 12], [1, 4, 16, 16, 4, 9], [8, 1, 5, 35, 1, 7], [0, 7, 5, 6, 16, 13], [7, 6, 6, 5, 2, 29]]"
codex51,w200_middle,shared_stylometry_nc,modernize,modernize,321,18,0.45742072417058943,0.37342620740545357,0.5417016675774659,0.46105919003115264,"[[36, 10, 1, 3, 0, 8], [8, 18, 4, 4, 9, 11], [0, 5, 22, 10, 6, 7], [11, 3, 6, 25, 1, 11], [2, 10, 2, 3, 16, 14], [3, 9, 4, 3, 5, 31]]"
codex51,w200_middle,shared_stylometry_nc,modernize,simplify,321,18,0.4653264480151363,0.37331129763214077,0.5618367706458324,0.4797507788161994,"[[41, 6, 0, 3, 1, 7], [9, 16, 4, 6, 9, 10], [1, 4, 16, 12, 11, 6], [10, 2, 5, 32, 2, 6], [0, 8, 4, 7, 17, 11], [4, 10, 3, 3, 3, 32]]"
codex51,w200_middle,shared_stylometry_nc,simplify,original,321,18,0.4837078838030256,0.39059066504441897,0.5739494058942902,0.48909657320872274,"[[35, 6, 3, 6, 0, 8], [12, 12, 5, 6, 9, 10], [4, 4, 24, 13, 3, 2], [10, 2, 6, 32, 0, 7], [2, 7, 3, 2, 26, 7], [4, 9, 4, 3, 7, 28]]"
codex51,w200_middle,shared_stylometry_nc,simplify,paraphrase,321,18,0.4568520341609566,0.34879596010452746,0.5624948606372211,0.46417445482866043,"[[32, 6, 0, 7, 0, 13], [7, 19, 6, 7, 4, 11], [1, 2, 19, 16, 4, 8], [7, 2, 6, 32, 0, 10], [1, 9, 5, 6, 14, 12], [3, 8, 6, 4, 1, 33]]"
codex51,w200_middle,shared_stylometry_nc,simplify,modernize,321,18,0.4587823102810166,0.37612593076793016,0.5424537193636759,0.46105919003115264,"[[29, 12, 2, 4, 0, 11], [8, 20, 5, 4, 6, 11], [1, 3, 20, 11, 8, 7], [11, 4, 8, 26, 1, 7], [1, 7, 2, 3, 19, 15], [3, 9, 3, 2, 4, 34]]"
codex51,w200_middle,shared_stylometry_nc,simplify,simplify,321,18,0.46238750535131484,0.37030998208047156,0.5557588060634763,0.4735202492211838,"[[40, 5, 0, 3, 0, 10], [8, 15, 4, 3, 11, 13], [2, 3, 17, 10, 10, 8], [9, 2, 9, 29, 2, 6], [3, 9, 3, 3, 19, 10], [4, 10, 3, 3, 3, 32]]"
codex51,w200_middle,shared_function_words_nc,original,original,321,18,0.4421534763902779,0.3581044868639508,0.5302835041290664,0.4485981308411215,"[[40, 6, 0, 5, 1, 6], [10, 11, 2, 12, 4, 15], [4, 1, 29, 9, 0, 7], [8, 11, 9, 23, 2, 4], [5, 6, 2, 3, 16, 15], [5, 8, 5, 5, 7, 25]]"
codex51,w200_middle,shared_function_words_nc,original,paraphrase,321,18,0.4090694274501019,0.33348591286792045,0.48798512811196804,0.411214953271028,"[[35, 8, 1, 4, 2, 8], [4, 18, 2, 12, 8, 10], [5, 10, 13, 14, 1, 7], [6, 13, 5, 26, 3, 4], [3, 9, 2, 2, 18, 13], [4, 12, 3, 6, 8, 22]]"
codex51,w200_middle,shared_function_words_nc,original,modernize,321,18,0.4293584279984785,0.3549346185847467,0.5052675404690073,0.42990654205607476,"[[37, 10, 1, 2, 2, 6], [7, 17, 1, 8, 6, 15], [2, 7, 17, 10, 8, 6], [9, 14, 4, 17, 6, 7], [2, 10, 1, 1, 21, 12], [3, 11, 2, 2, 8, 29]]"
codex51,w200_middle,shared_function_words_nc,original,simplify,321,18,0.3877748917748918,0.3115762498203284,0.46518106232366213,0.3925233644859813,"[[36, 8, 1, 5, 2, 6], [11, 11, 2, 9, 10, 11], [0, 15, 10, 12, 9, 4], [9, 14, 2, 24, 6, 2], [2, 10, 3, 1, 21, 10], [4, 13, 2, 2, 10, 24]]"
codex51,w200_middle,shared_function_words_nc,paraphrase,original,321,18,0.4352154480764662,0.3618057472505499,0.5138027416288095,0.4454828660436137,"[[38, 5, 1, 5, 2, 7], [5, 12, 8, 8, 7, 14], [0, 3, 31, 9, 2, 5], [9, 7, 16, 20, 1, 4], [5, 5, 4, 2, 17, 14], [6, 6, 6, 3, 9, 25]]"
codex51,w200_middle,shared_function_words_nc,paraphrase,paraphrase,321,18,0.41521426993194693,0.3402893785308854,0.49564276612120634,0.4205607476635514,"[[38, 6, 1, 5, 1, 7], [5, 11, 5, 11, 7, 15], [1, 3, 24, 13, 4, 5], [10, 8, 12, 22, 2, 3], [1, 10, 5, 2, 16, 13], [3, 9, 4, 4, 11, 24]]"
codex51,w200_middle,shared_function_words_nc,paraphrase,modernize,321,18,0.43543496454016156,0.36532009212211214,0.5108051911895717,0.4454828660436137,"[[40, 8, 1, 2, 2, 5], [10, 12, 4, 8, 7, 13], [1, 2, 22, 12, 8, 5], [12, 8, 7, 21, 5, 4], [2, 11, 3, 2, 17, 12], [4, 6, 4, 2, 8, 31]]"
codex51,w200_middle,shared_function_words_nc,paraphrase,simplify,321,18,0.40826324222069893,0.3385887993169391,0.4796265606930999,0.4236760124610592,"[[42, 4, 1, 4, 0, 7], [12, 9, 2, 8, 8, 15], [1, 2, 17, 13, 11, 6], [11, 6, 11, 23, 4, 2], [2, 9, 4, 2, 18, 12], [4, 8, 3, 1, 12, 27]]"
codex51,w200_middle,shared_function_words_nc,modernize,original,321,18,0.42669845582816096,0.35650306937964477,0.500440106864548,0.4392523364485981,"[[33, 8, 2, 6, 1, 8], [5, 10, 9, 12, 6, 12], [0, 2, 34, 6, 1, 7], [7, 9, 16, 21, 1, 3], [4, 9, 3, 4, 13, 14], [3, 5, 6, 2, 9, 30]]"
codex51,w200_middle,shared_function_words_nc,modernize,paraphrase,321,18,0.4217520316258803,0.35463307548016776,0.49292916619857463,0.43302180685358255,"[[36, 7, 1, 6, 3, 5], [6, 11, 6, 10, 8, 13], [1, 5, 28, 9, 4, 3], [9, 6, 12, 24, 1, 5], [3, 10, 6, 4, 11, 13], [3, 10, 3, 3, 7, 29]]"
codex51,w200_middle,shared_function_words_nc,modernize,modernize,321,18,0.4174295942957201,0.3442934103402808,0.48900110816517495,0.42679127725856697,"[[36, 10, 1, 3, 1, 7], [8, 8, 7, 11, 5, 15], [1, 2, 27, 8, 7, 5], [12, 7, 11, 19, 3, 5], [2, 10, 3, 4, 16, 12], [2, 9, 3, 2, 8, 31]]"
codex51,w200_middle,shared_function_words_nc,modernize,simplify,321,18,0.4164099749733501,0.34570411247018357,0.4861927384900408,0.42679127725856697,"[[39, 6, 1, 3, 3, 6], [9, 10, 3, 10, 8, 14], [0, 4, 21, 14, 6, 5], [11, 6, 11, 25, 1, 3], [3, 9, 3, 4, 15, 13], [4, 10, 3, 2, 9, 27]]"
codex51,w200_middle,shared_function_words_nc,simplify,original,321,18,0.4136218179543824,0.3429628845205982,0.48412963863564995,0.4205607476635514,"[[30, 7, 1, 8, 2, 10], [5, 11, 6, 11, 7, 14], [1, 2, 29, 10, 2, 6], [5, 9, 13, 23, 0, 7], [3, 8, 4, 4, 13, 15], [4, 7, 6, 1, 8, 29]]"
codex51,w200_middle,shared_function_words_nc,simplify,paraphrase,321,18,0.4001501233142188,0.3269439503063102,0.476678575385678,0.411214953271028,"[[36, 7, 1, 5, 3, 6], [4, 7, 6, 13, 7, 17], [1, 6, 24, 10, 4, 5], [5, 6, 12, 26, 1, 7], [2, 12, 7, 4, 10, 12], [2, 10, 5, 3, 6, 29]]"
codex51,w200_middle,shared_function_words_nc,simplify,modernize,321,18,0.43642776976110315,0.36049218461834126,0.5111618042505779,0.4423676012461059,"[[34, 11, 1, 3, 1, 8], [7, 11, 6, 9, 5, 16], [0, 3, 26, 8, 7, 6], [7, 7, 11, 23, 3, 6], [2, 13, 4, 3, 14, 11], [2, 9, 1, 2, 7, 34]]"
codex51,w200_middle,shared_function_words_nc,simplify,simplify,321,18,0.4321356112865989,0.3629007211185952,0.5038414557843837,0.4454828660436137,"[[40, 5, 2, 4, 1, 6], [7, 11, 4, 8, 9, 15], [0, 3, 25, 10, 6, 6], [7, 6, 11, 26, 2, 5], [2, 11, 4, 5, 11, 14], [4, 8, 3, 1, 9, 30]]"
codex51,w200_middle,char3_5_tfidf_svm,original,original,321,18,0.7406427554242899,0.6773716223587443,0.80204133649584,0.7538940809968847,"[[52, 2, 2, 2, 0, 0], [4, 23, 4, 8, 12, 3], [2, 2, 35, 6, 2, 3], [1, 1, 0, 55, 0, 0], [1, 4, 3, 1, 36, 2], [5, 0, 3, 3, 3, 41]]"
codex51,w200_middle,char3_5_tfidf_svm,original,paraphrase,321,18,0.6336518364151468,0.5606749558650366,0.7041124152295604,0.6417445482866043,"[[47, 1, 0, 9, 0, 1], [1, 21, 3, 17, 9, 3], [2, 2, 22, 16, 5, 3], [0, 2, 1, 53, 1, 0], [1, 1, 2, 6, 32, 5], [3, 6, 2, 12, 1, 31]]"
codex51,w200_middle,char3_5_tfidf_svm,original,modernize,321,18,0.6015696495888312,0.5372282467106134,0.6699098698529281,0.6230529595015576,"[[47, 5, 1, 3, 1, 1], [2, 17, 1, 10, 19, 5], [2, 2, 16, 14, 10, 6], [0, 1, 0, 51, 5, 0], [1, 5, 0, 1, 37, 3], [2, 7, 1, 7, 6, 32]]"
codex51,w200_middle,char3_5_tfidf_svm,original,simplify,321,18,0.5819645274746396,0.516381436997398,0.6493388650571476,0.6105919003115264,"[[48, 3, 0, 6, 0, 1], [2, 19, 0, 11, 15, 7], [1, 2, 12, 16, 13, 6], [2, 1, 0, 52, 2, 0], [1, 4, 1, 3, 35, 3], [4, 8, 0, 7, 6, 30]]"
codex51,w200_middle,char3_5_tfidf_svm,paraphrase,original,321,18,0.6972655936329617,0.6254672918225382,0.76634733867962,0.7040498442367601,"[[51, 5, 1, 1, 0, 0], [5, 27, 2, 5, 11, 4], [4, 3, 34, 3, 3, 3], [4, 3, 2, 48, 0, 0], [2, 5, 4, 2, 33, 1], [7, 4, 2, 2, 7, 33]]"
codex51,w200_middle,char3_5_tfidf_svm,paraphrase,paraphrase,321,18,0.6473263897189326,0.5743807203108523,0.7160409722692074,0.660436137071651,"[[55, 2, 0, 0, 0, 1], [6, 23, 2, 9, 10, 4], [4, 2, 28, 10, 3, 3], [1, 3, 4, 48, 0, 1], [0, 8, 2, 5, 30, 2], [6, 10, 2, 5, 4, 28]]"
codex51,w200_middle,char3_5_tfidf_svm,paraphrase,modernize,321,18,0.6039668360672165,0.5371388782675947,0.6674936068119804,0.6137071651090342,"[[46, 7, 0, 1, 3, 1], [3, 18, 1, 10, 18, 4], [1, 3, 20, 6, 18, 2], [3, 2, 0, 46, 5, 1], [1, 4, 0, 1, 41, 0], [2, 10, 1, 2, 14, 26]]"
codex51,w200_middle,char3_5_tfidf_svm,paraphrase,simplify,321,18,0.6136154874182872,0.5536454927249408,0.6750358140252383,0.6355140186915887,"[[54, 2, 0, 1, 0, 1], [4, 24, 2, 5, 16, 3], [1, 4, 16, 9, 14, 6], [1, 3, 2, 49, 2, 0], [1, 7, 0, 2, 36, 1], [6, 12, 2, 1, 9, 25]]"
codex51,w200_middle,char3_5_tfidf_svm,modernize,original,321,18,0.6699970525195992,0.6014463685264289,0.7356621861279414,0.6853582554517134,"[[52, 1, 2, 2, 1, 0], [9, 19, 6, 11, 6, 3], [3, 2, 34, 5, 3, 3], [1, 2, 2, 51, 0, 1], [2, 4, 3, 3, 34, 1], [12, 1, 4, 5, 3, 30]]"
codex51,w200_middle,char3_5_tfidf_svm,modernize,paraphrase,321,18,0.6006836498603286,0.5301290786693973,0.6699234380029069,0.6199376947040498,"[[52, 2, 0, 3, 0, 1], [6, 19, 4, 16, 5, 4], [1, 3, 24, 17, 3, 2], [0, 1, 2, 54, 0, 0], [1, 6, 2, 8, 27, 3], [13, 5, 2, 9, 3, 23]]"
codex51,w200_middle,char3_5_tfidf_svm,modernize,modernize,321,18,0.6573888646044058,0.5997546631515752,0.7151263473141423,0.67601246105919,"[[54, 3, 0, 0, 0, 1], [7, 18, 4, 10, 10, 5], [2, 2, 26, 12, 7, 1], [1, 1, 2, 52, 0, 1], [1, 6, 0, 4, 36, 0], [7, 7, 2, 3, 5, 31]]"
codex51,w200_middle,char3_5_tfidf_svm,modernize,simplify,321,18,0.6439733742959549,0.5798241046938801,0.7058889174224757,0.6635514018691588,"[[51, 3, 0, 2, 0, 2], [4, 22, 1, 11, 11, 5], [2, 2, 21, 16, 7, 2], [1, 0, 0, 55, 1, 0], [1, 5, 1, 3, 36, 1], [9, 7, 2, 6, 3, 28]]"
codex51,w200_middle,char3_5_tfidf_svm,simplify,original,321,18,0.6760800192836015,0.6042082100893323,0.7452935850082514,0.6915887850467289,"[[55, 1, 1, 1, 0, 0], [7, 21, 4, 10, 8, 4], [7, 2, 30, 4, 2, 5], [2, 1, 3, 50, 0, 1], [3, 2, 5, 3, 33, 1], [9, 0, 5, 5, 3, 33]]"
codex51,w200_middle,char3_5_tfidf_svm,simplify,paraphrase,321,18,0.6140888189220631,0.5353145896102117,0.6907291574881376,0.632398753894081,"[[54, 0, 1, 2, 0, 1], [3, 20, 4, 16, 6, 5], [5, 1, 24, 13, 2, 5], [1, 2, 2, 51, 0, 1], [3, 6, 4, 7, 25, 2], [8, 6, 3, 8, 1, 29]]"
codex51,w200_middle,char3_5_tfidf_svm,simplify,modernize,321,18,0.6384702370009498,0.5748121710667161,0.7001281765970515,0.6573208722741433,"[[54, 3, 0, 0, 0, 1], [4, 17, 3, 12, 13, 5], [2, 3, 27, 7, 9, 2], [1, 0, 5, 48, 3, 0], [1, 4, 3, 3, 36, 0], [8, 7, 2, 2, 7, 29]]"
codex51,w200_middle,char3_5_tfidf_svm,simplify,simplify,321,18,0.6558268138099274,0.5849205670604485,0.7275118352125782,0.67601246105919,"[[53, 3, 0, 1, 0, 1], [4, 21, 2, 10, 12, 5], [2, 3, 23, 11, 6, 5], [2, 0, 1, 54, 0, 0], [1, 4, 4, 3, 34, 1], [7, 6, 3, 4, 3, 32]]"
codex51,w200_suffix,shared_stylometry_nc,original,original,321,18,0.5258410812853404,0.43036642121067537,0.6118473295604081,0.5264797507788161,"[[39, 7, 2, 6, 1, 3], [7, 17, 4, 4, 8, 14], [2, 5, 32, 2, 3, 6], [7, 4, 10, 32, 1, 3], [0, 7, 4, 0, 29, 7], [5, 13, 6, 1, 10, 20]]"
codex51,w200_suffix,shared_stylometry_nc,original,paraphrase,321,18,0.4252728143378992,0.3268763932638987,0.5277052043608486,0.42679127725856697,"[[24, 4, 2, 14, 1, 13], [6, 14, 2, 5, 4, 23], [2, 3, 21, 10, 2, 12], [7, 1, 7, 33, 0, 9], [0, 11, 5, 3, 15, 13], [3, 9, 5, 5, 3, 30]]"
codex51,w200_suffix,shared_stylometry_nc,original,modernize,321,18,0.43012578816233765,0.34882156966072875,0.5129181463501434,0.42990654205607476,"[[23, 8, 0, 12, 1, 14], [1, 15, 1, 4, 11, 22], [2, 4, 14, 11, 7, 12], [8, 2, 5, 32, 1, 9], [0, 8, 2, 1, 25, 11], [2, 13, 3, 2, 6, 29]]"
codex51,w200_suffix,shared_stylometry_nc,original,simplify,321,18,0.43687533171682885,0.3314149676979301,0.5373690791338814,0.4423676012461059,"[[29, 5, 0, 6, 1, 17], [5, 17, 1, 4, 9, 18], [3, 5, 10, 8, 9, 15], [5, 3, 2, 35, 1, 11], [0, 11, 4, 3, 22, 7], [2, 13, 2, 4, 5, 29]]"
codex51,w200_suffix,shared_stylometry_nc,paraphrase,original,321,18,0.45798801478458007,0.38546692494442836,0.5324546740117239,0.46417445482866043,"[[35, 9, 2, 5, 2, 5], [5, 20, 4, 3, 15, 7], [4, 4, 24, 9, 4, 5], [19, 3, 7, 23, 3, 2], [0, 7, 4, 0, 33, 3], [4, 17, 5, 4, 11, 14]]"
codex51,w200_suffix,shared_stylometry_nc,paraphrase,paraphrase,321,18,0.4560547052450164,0.37891148701435795,0.5367430019331945,0.45794392523364486,"[[34, 5, 2, 12, 2, 3], [5, 17, 3, 2, 12, 15], [3, 3, 23, 10, 6, 5], [12, 1, 8, 29, 0, 7], [0, 11, 7, 1, 22, 6], [1, 13, 6, 5, 8, 22]]"
codex51,w200_suffix,shared_stylometry_nc,paraphrase,modernize,321,18,0.41494181431538185,0.34096811565219654,0.4881935493613812,0.4205607476635514,"[[32, 10, 2, 5, 2, 7], [2, 18, 2, 2, 17, 13], [3, 3, 14, 10, 12, 8], [17, 2, 10, 21, 1, 6], [0, 6, 6, 0, 31, 4], [3, 16, 4, 2, 11, 19]]"
codex51,w200_suffix,shared_stylometry_nc,paraphrase,simplify,321,18,0.4149875776664942,0.33891672177471543,0.49224247578924796,0.4205607476635514,"[[31, 8, 1, 6, 3, 9], [5, 19, 2, 2, 16, 10], [4, 4, 12, 8, 12, 10], [13, 5, 7, 22, 5, 5], [0, 8, 5, 0, 29, 5], [2, 16, 4, 3, 8, 22]]"
codex51,w200_suffix,shared_stylometry_nc,modernize,original,321,18,0.49910160981293133,0.41444425811079644,0.5792343051430056,0.5046728971962616,"[[36, 2, 5, 10, 3, 2], [3, 22, 7, 7, 8, 7], [1, 4, 29, 9, 3, 4], [11, 1, 12, 30, 1, 2], [0, 8, 6, 0, 30, 3], [5, 15, 8, 3, 9, 15]]"
codex51,w200_suffix,shared_stylometry_nc,modernize,paraphrase,321,18,0.4676724463041948,0.3651918697022171,0.5747422029212267,0.470404984423676,"[[34, 4, 2, 13, 1, 4], [5, 20, 2, 5, 6, 16], [0, 3, 23, 13, 3, 8], [8, 0, 10, 33, 0, 6], [0, 10, 9, 3, 16, 9], [2, 13, 4, 7, 4, 25]]"
codex51,w200_suffix,shared_stylometry_nc,modernize,modernize,321,18,0.484635249823552,0.4127825192626016,0.5591414362091545,0.48598130841121495,"[[32, 5, 3, 10, 2, 6], [5, 22, 1, 4, 10, 12], [2, 2, 21, 10, 8, 7], [13, 1, 6, 32, 0, 5], [0, 10, 5, 1, 23, 8], [3, 13, 4, 4, 5, 26]]"
codex51,w200_suffix,shared_stylometry_nc,modernize,simplify,321,18,0.48590442643221143,0.40832852845196355,0.5646051343609471,0.48909657320872274,"[[37, 4, 0, 8, 2, 7], [4, 21, 3, 4, 10, 12], [1, 4, 17, 11, 9, 8], [9, 1, 6, 32, 2, 7], [0, 10, 6, 1, 25, 5], [2, 16, 3, 3, 6, 25]]"
codex51,w200_suffix,shared_stylometry_nc,simplify,original,321,18,0.5050550125573824,0.4371919492721941,0.5744304055477739,0.5109034267912772,"[[40, 5, 2, 6, 3, 2], [5, 19, 6, 5, 9, 10], [3, 3, 25, 12, 2, 5], [10, 1, 10, 32, 0, 4], [0, 7, 6, 0, 31, 3], [5, 16, 7, 2, 8, 17]]"
codex51,w200_suffix,shared_stylometry_nc,simplify,paraphrase,321,18,0.4583726150392818,0.35848256086603786,0.5608972274919608,0.46105919003115264,"[[29, 6, 0, 15, 1, 7], [7, 14, 3, 4, 6, 20], [0, 4, 25, 14, 2, 5], [5, 0, 10, 35, 0, 7], [0, 9, 10, 3, 17, 8], [1, 13, 1, 7, 5, 28]]"
codex51,w200_suffix,shared_stylometry_nc,simplify,modernize,321,18,0.47705037265817024,0.40147412453126274,0.5544193514907947,0.4766355140186916,"[[26, 10, 2, 9, 2, 9], [1, 21, 2, 3, 11, 16], [1, 2, 21, 14, 7, 5], [9, 1, 9, 32, 0, 6], [0, 7, 8, 0, 24, 8], [1, 12, 2, 5, 6, 29]]"
codex51,w200_suffix,shared_stylometry_nc,simplify,simplify,321,18,0.48752807137410586,0.41113014153284533,0.5639927608694632,0.48909657320872274,"[[33, 5, 0, 10, 2, 8], [5, 17, 3, 4, 10, 15], [0, 4, 19, 14, 5, 8], [7, 2, 4, 36, 0, 8], [0, 10, 6, 1, 24, 6], [2, 14, 3, 2, 6, 28]]"
codex51,w200_suffix,shared_function_words_nc,original,original,321,18,0.4740725113766467,0.39656120189752175,0.5519339553837334,0.4735202492211838,"[[35, 4, 2, 9, 1, 7], [6, 10, 4, 7, 9, 18], [2, 5, 29, 5, 2, 7], [7, 8, 6, 30, 2, 4], [0, 5, 5, 4, 28, 5], [6, 16, 3, 2, 8, 20]]"
codex51,w200_suffix,shared_function_words_nc,original,paraphrase,321,18,0.4075341513369935,0.3331817033328905,0.47592676174121196,0.40186915887850466,"[[27, 3, 1, 10, 2, 15], [5, 5, 2, 9, 12, 21], [1, 8, 17, 11, 4, 9], [4, 12, 4, 28, 3, 6], [1, 11, 2, 2, 27, 4], [3, 16, 1, 3, 7, 25]]"
codex51,w200_suffix,shared_function_words_nc,original,modernize,321,18,0.4087998390040284,0.3263210458296277,0.4888652326895753,0.40809968847352024,"[[32, 6, 0, 5, 3, 12], [3, 9, 2, 10, 12, 18], [0, 5, 13, 11, 10, 11], [9, 11, 4, 24, 5, 4], [0, 9, 2, 1, 29, 6], [3, 19, 1, 1, 7, 24]]"
codex51,w200_suffix,shared_function_words_nc,original,simplify,321,18,0.40785076682639726,0.33005740464163946,0.4837731949751716,0.411214953271028,"[[33, 1, 0, 7, 2, 15], [7, 10, 1, 9, 9, 18], [0, 7, 11, 12, 8, 12], [7, 10, 2, 27, 5, 6], [0, 8, 3, 3, 26, 7], [3, 18, 0, 0, 9, 25]]"
codex51,w200_suffix,shared_function_words_nc,paraphrase,original,321,18,0.4229947811012367,0.34065333404904546,0.5059686335788584,0.42990654205607476,"[[36, 2, 1, 8, 3, 8], [8, 8, 6, 6, 9, 17], [2, 5, 31, 5, 2, 5], [12, 6, 14, 18, 1, 6], [1, 8, 6, 1, 24, 7], [10, 13, 3, 2, 6, 21]]"
codex51,w200_suffix,shared_function_words_nc,paraphrase,paraphrase,321,18,0.42351821552299423,0.3510657544638829,0.4967297780201142,0.42679127725856697,"[[35, 1, 0, 10, 2, 10], [6, 6, 5, 10, 12, 15], [0, 7, 23, 9, 4, 7], [12, 5, 8, 23, 1, 8], [1, 9, 4, 1, 25, 7], [3, 14, 2, 4, 7, 25]]"
codex51,w200_suffix,shared_function_words_nc,paraphrase,modernize,321,18,0.38467647864564986,0.31846000543029573,0.4540528827772377,0.3956386292834891,"[[36, 3, 0, 7, 5, 7], [6, 5, 5, 9, 11, 18], [2, 5, 15, 10, 8, 10], [16, 5, 9, 22, 1, 4], [1, 9, 5, 2, 24, 6], [4, 15, 2, 2, 7, 25]]"
codex51,w200_suffix,shared_function_words_nc,paraphrase,simplify,321,18,0.3936313900507433,0.32935889443299543,0.4580199219457041,0.40186915887850466,"[[37, 2, 0, 7, 4, 8], [7, 9, 5, 7, 9, 17], [2, 4, 14, 12, 11, 7], [13, 8, 8, 23, 0, 5], [1, 8, 4, 2, 23, 9], [5, 16, 2, 2, 7, 23]]"
codex51,w200_suffix,shared_function_words_nc,modernize,original,321,18,0.4505421589339125,0.3722169480033045,0.5314272847371276,0.45482866043613707,"[[36, 4, 2, 10, 3, 3], [5, 13, 7, 6, 7, 16], [3, 3, 32, 4, 4, 4], [11, 7, 12, 23, 0, 4], [1, 11, 4, 4, 22, 5], [9, 12, 4, 2, 8, 20]]"
codex51,w200_suffix,shared_function_words_nc,modernize,paraphrase,321,18,0.43599610224755997,0.3609509279703228,0.5099453624115282,0.43613707165109034,"[[34, 2, 0, 11, 1, 10], [6, 9, 6, 7, 10, 16], [0, 6, 24, 6, 6, 8], [9, 5, 10, 26, 1, 6], [0, 11, 4, 2, 21, 9], [2, 15, 3, 3, 6, 26]]"
codex51,w200_suffix,shared_function_words_nc,modernize,modernize,321,18,0.44275590688617505,0.37399450733100753,0.5143788246940375,0.4485981308411215,"[[38, 5, 0, 6, 2, 7], [4, 8, 4, 9, 11, 18], [2, 1, 23, 9, 7, 8], [14, 6, 8, 23, 2, 4], [0, 9, 5, 2, 24, 7], [4, 14, 1, 3, 5, 28]]"
codex51,w200_suffix,shared_function_words_nc,modernize,simplify,321,18,0.41012418579324433,0.3434668166731917,0.4782900650753946,0.4143302180685358,"[[35, 3, 0, 8, 3, 9], [8, 8, 5, 8, 9, 16], [1, 4, 21, 12, 7, 5], [12, 6, 9, 22, 2, 6], [0, 9, 5, 4, 22, 7], [4, 14, 1, 4, 7, 25]]"
codex51,w200_suffix,shared_function_words_nc,simplify,original,321,18,0.4373248335384479,0.3534363311300236,0.523133988034261,0.43613707165109034,"[[32, 4, 1, 9, 3, 9], [5, 11, 7, 5, 7, 19], [2, 7, 25, 6, 3, 7], [8, 6, 11, 25, 3, 4], [1, 8, 5, 4, 22, 7], [7, 15, 2, 1, 5, 25]]"
codex51,w200_suffix,shared_function_words_nc,simplify,paraphrase,321,18,0.43136943636514635,0.3452290043242363,0.5131641327003075,0.42990654205607476,"[[31, 3, 1, 12, 2, 9], [6, 6, 6, 10, 11, 15], [0, 7, 25, 8, 3, 7], [5, 5, 9, 28, 0, 10], [0, 10, 4, 2, 21, 10], [2, 16, 2, 4, 4, 27]]"
codex51,w200_suffix,shared_function_words_nc,simplify,modernize,321,18,0.42297276779574483,0.3437146889266093,0.502127728484441,0.42679127725856697,"[[33, 5, 0, 8, 4, 8], [5, 7, 6, 9, 10, 17], [2, 4, 21, 9, 6, 8], [11, 5, 9, 25, 2, 5], [0, 9, 5, 2, 23, 8], [4, 15, 0, 3, 5, 28]]"
codex51,w200_suffix,shared_function_words_nc,simplify,simplify,321,18,0.3996290183893703,0.33160708861467375,0.46975922805680187,0.40498442367601245,"[[35, 4, 0, 8, 1, 10], [7, 6, 9, 7, 9, 16], [0, 4, 20, 11, 8, 7], [8, 5, 9, 25, 2, 8], [0, 9, 6, 5, 19, 8], [3, 15, 1, 2, 9, 25]]"
codex51,w200_suffix,char3_5_tfidf_svm,original,original,321,18,0.7479016895797318,0.6727288976193795,0.814325880988939,0.7601246105919003,"[[55, 0, 0, 2, 0, 1], [10, 22, 3, 8, 8, 3], [0, 2, 39, 3, 3, 3], [3, 0, 2, 51, 0, 1], [0, 2, 2, 3, 37, 3], [2, 3, 0, 5, 5, 40]]"
codex51,w200_suffix,char3_5_tfidf_svm,original,paraphrase,321,18,0.6151852508279144,0.5413017228982783,0.6820437880150106,0.6292834890965732,"[[46, 0, 0, 9, 1, 2], [5, 24, 1, 11, 9, 4], [1, 3, 23, 14, 5, 4], [1, 0, 0, 55, 0, 1], [0, 2, 1, 3, 33, 8], [4, 11, 2, 11, 6, 21]]"
codex51,w200_suffix,char3_5_tfidf_svm,original,modernize,321,18,0.614003882777897,0.545172933457272,0.6805550516567838,0.6292834890965732,"[[45, 1, 0, 7, 3, 2], [2, 23, 0, 10, 14, 5], [0, 2, 17, 13, 14, 4], [3, 2, 0, 51, 1, 0], [0, 1, 1, 3, 37, 5], [2, 7, 1, 3, 13, 29]]"
codex51,w200_suffix,char3_5_tfidf_svm,original,simplify,321,18,0.5836518839949397,0.5116283127670902,0.650994051018115,0.616822429906542,"[[49, 0, 0, 6, 0, 3], [1, 22, 1, 12, 12, 6], [0, 3, 9, 15, 16, 7], [2, 0, 0, 53, 1, 1], [0, 3, 0, 5, 33, 6], [3, 6, 0, 7, 7, 32]]"
codex51,w200_suffix,char3_5_tfidf_svm,paraphrase,original,321,18,0.6633663732250689,0.5897343403156924,0.7288048815344654,0.6791277258566978,"[[56, 0, 0, 1, 1, 0], [11, 23, 1, 5, 10, 4], [2, 4, 31, 7, 3, 3], [7, 0, 2, 46, 0, 2], [0, 3, 1, 3, 39, 1], [6, 10, 3, 4, 9, 23]]"
codex51,w200_suffix,char3_5_tfidf_svm,paraphrase,paraphrase,321,18,0.6219708672976524,0.5578722322724139,0.6848574252546707,0.6386292834890965,"[[51, 0, 0, 5, 1, 1], [7, 20, 1, 9, 12, 5], [0, 3, 28, 9, 4, 6], [4, 0, 1, 50, 0, 2], [1, 4, 2, 4, 34, 2], [7, 11, 4, 7, 4, 22]]"
codex51,w200_suffix,char3_5_tfidf_svm,paraphrase,modernize,321,18,0.609153119177824,0.5318787081251131,0.6822588204356889,0.6292834890965732,"[[52, 0, 1, 1, 3, 1], [4, 21, 0, 6, 20, 3], [2, 4, 19, 6, 15, 4], [3, 0, 2, 48, 3, 1], [0, 0, 2, 3, 39, 3], [6, 8, 5, 1, 12, 23]]"
codex51,w200_suffix,char3_5_tfidf_svm,paraphrase,simplify,321,18,0.6107583887587986,0.5466712668211067,0.6713966476723152,0.6355140186915887,"[[54, 0, 0, 1, 3, 0], [4, 21, 0, 6, 18, 5], [0, 4, 16, 13, 13, 4], [4, 1, 0, 48, 3, 1], [0, 1, 0, 4, 40, 2], [5, 10, 1, 5, 9, 25]]"
codex51,w200_suffix,char3_5_tfidf_svm,modernize,original,321,18,0.6606960613851028,0.5953069873616691,0.7219253070811513,0.67601246105919,"[[56, 0, 0, 2, 0, 0], [11, 23, 3, 10, 4, 3], [2, 4, 34, 4, 3, 3], [6, 0, 2, 49, 0, 0], [1, 3, 2, 4, 36, 1], [16, 11, 1, 6, 2, 19]]"
codex51,w200_suffix,char3_5_tfidf_svm,modernize,paraphrase,321,18,0.6007122851156333,0.5146508413791492,0.680943466564196,0.616822429906542,"[[52, 0, 0, 5, 0, 1], [8, 24, 2, 13, 3, 4], [0, 1, 24, 16, 5, 4], [2, 1, 0, 53, 0, 1], [0, 3, 2, 16, 23, 3], [9, 11, 3, 8, 2, 22]]"
codex51,w200_suffix,char3_5_tfidf_svm,modernize,modernize,321,18,0.6292362410853626,0.5600621697033297,0.6939401737518212,0.6448598130841121,"[[51, 0, 0, 3, 2, 2], [4, 23, 2, 11, 10, 4], [1, 4, 26, 8, 8, 3], [5, 1, 3, 48, 0, 0], [0, 1, 2, 4, 36, 4], [7, 14, 4, 2, 5, 23]]"
codex51,w200_suffix,char3_5_tfidf_svm,modernize,simplify,321,18,0.6096756910415175,0.5395100144956766,0.6727201978563168,0.632398753894081,"[[51, 0, 0, 4, 1, 2], [5, 24, 1, 11, 10, 3], [1, 3, 17, 16, 9, 4], [2, 0, 1, 54, 0, 0], [0, 2, 1, 9, 34, 1], [9, 12, 1, 9, 1, 23]]"
codex51,w200_suffix,char3_5_tfidf_svm,simplify,original,321,18,0.6560543535295963,0.581402183855954,0.7287976756361517,0.6728971962616822,"[[57, 0, 0, 1, 0, 0], [14, 19, 4, 6, 7, 4], [2, 4, 29, 9, 3, 3], [6, 0, 3, 47, 0, 1], [0, 2, 4, 4, 35, 2], [10, 5, 3, 6, 2, 29]]"
codex51,w200_suffix,char3_5_tfidf_svm,simplify,paraphrase,321,18,0.5833226191356996,0.5020397605298474,0.6609168017882425,0.6043613707165109,"[[53, 0, 0, 4, 0, 1], [8, 21, 1, 13, 8, 3], [0, 4, 20, 18, 3, 5], [3, 0, 1, 52, 0, 1], [1, 4, 4, 10, 27, 1], [6, 11, 5, 10, 2, 21]]"
codex51,w200_suffix,char3_5_tfidf_svm,simplify,modernize,321,18,0.6371904996008296,0.5797073904821628,0.6943908014559359,0.6542056074766355,"[[52, 0, 0, 2, 3, 1], [5, 21, 1, 10, 14, 3], [0, 2, 26, 10, 10, 2], [3, 0, 3, 49, 1, 1], [0, 0, 3, 3, 37, 4], [5, 7, 5, 5, 8, 25]]"
codex51,w200_suffix,char3_5_tfidf_svm,simplify,simplify,321,18,0.6373231666820887,0.5695689404461455,0.701145112834137,0.6573208722741433,"[[56, 0, 0, 1, 0, 1], [6, 23, 0, 9, 11, 5], [1, 1, 23, 15, 5, 5], [3, 0, 1, 52, 0, 1], [0, 3, 3, 6, 33, 2], [6, 12, 2, 8, 3, 24]]"
codex51,matched300_full,shared_stylometry_nc,original,original,321,18,0.6388109648403995,0.554668487763487,0.7213214379352905,0.6386292834890965,"[[49, 5, 1, 1, 0, 2], [8, 25, 1, 5, 5, 10], [1, 6, 39, 1, 0, 3], [5, 5, 7, 38, 0, 2], [0, 8, 1, 3, 27, 8], [1, 13, 3, 7, 4, 27]]"
codex51,matched300_full,shared_stylometry_nc,original,paraphrase,321,18,0.5137113977388665,0.40754013493259406,0.6199308417746653,0.5202492211838006,"[[40, 6, 0, 7, 0, 5], [5, 20, 1, 4, 4, 20], [1, 5, 18, 8, 2, 16], [2, 2, 4, 41, 0, 8], [0, 10, 2, 5, 14, 16], [1, 12, 1, 6, 1, 34]]"
codex51,matched300_full,shared_stylometry_nc,original,modernize,321,18,0.4935952368745438,0.4003218874579553,0.584029448803959,0.48909657320872274,"[[35, 11, 0, 2, 2, 8], [2, 20, 0, 3, 6, 23], [0, 4, 14, 7, 7, 18], [6, 6, 2, 29, 0, 14], [0, 8, 1, 2, 22, 14], [1, 11, 0, 1, 5, 37]]"
codex51,matched300_full,shared_stylometry_nc,original,simplify,321,18,0.4795265247546041,0.38347348239062334,0.5754714213072989,0.5015576323987538,"[[43, 5, 0, 3, 0, 7], [6, 21, 0, 1, 8, 18], [1, 7, 6, 9, 6, 21], [6, 5, 1, 33, 1, 11], [0, 11, 1, 2, 20, 13], [1, 11, 0, 1, 4, 38]]"
codex51,matched300_full,shared_stylometry_nc,paraphrase,original,321,18,0.5935380453797803,0.5175351759680041,0.6706299001782282,0.6043613707165109,"[[52, 2, 1, 0, 2, 1], [6, 24, 1, 3, 13, 7], [2, 3, 30, 8, 4, 3], [11, 3, 3, 32, 6, 2], [0, 6, 1, 2, 37, 1], [5, 15, 4, 1, 11, 19]]"
codex51,matched300_full,shared_stylometry_nc,paraphrase,paraphrase,321,18,0.5737233948591897,0.4833836688739987,0.6656874508960555,0.5794392523364486,"[[48, 4, 1, 4, 0, 1], [4, 21, 5, 4, 8, 12], [0, 3, 27, 11, 5, 4], [7, 4, 7, 37, 0, 2], [0, 12, 2, 5, 22, 6], [3, 14, 2, 2, 3, 31]]"
codex51,matched300_full,shared_stylometry_nc,paraphrase,modernize,321,18,0.5450388595401164,0.4683694303858279,0.621369625276856,0.5451713395638629,"[[43, 10, 0, 0, 3, 2], [3, 23, 3, 2, 14, 9], [0, 4, 21, 7, 12, 6], [10, 5, 3, 33, 3, 3], [0, 7, 2, 2, 29, 7], [2, 13, 2, 2, 10, 26]]"
codex51,matched300_full,shared_stylometry_nc,paraphrase,simplify,321,18,0.5470345662153806,0.45718683972360513,0.6325637549200548,0.5514018691588785,"[[45, 6, 1, 1, 1, 4], [6, 24, 3, 1, 11, 9], [1, 6, 20, 4, 13, 6], [12, 6, 5, 29, 3, 2], [0, 6, 4, 2, 33, 2], [1, 16, 2, 2, 8, 26]]"
codex51,matched300_full,shared_stylometry_nc,modernize,original,321,18,0.5834906428333507,0.498074012454953,0.664890096560827,0.5950155763239875,"[[49, 3, 1, 2, 1, 2], [9, 19, 2, 4, 9, 11], [0, 6, 28, 12, 1, 3], [4, 0, 4, 45, 2, 2], [2, 8, 1, 4, 30, 2], [3, 15, 5, 7, 5, 20]]"
codex51,matched300_full,shared_stylometry_nc,modernize,paraphrase,321,18,0.5524060366087552,0.44703381581277296,0.6588300604379749,0.5669781931464174,"[[46, 3, 0, 6, 0, 3], [5, 19, 5, 6, 7, 12], [0, 2, 26, 11, 4, 7], [2, 1, 5, 43, 0, 6], [1, 11, 3, 7, 15, 10], [4, 12, 1, 4, 1, 33]]"
codex51,matched300_full,shared_stylometry_nc,modernize,modernize,321,18,0.5496785015152139,0.46345877230152316,0.6409581935646947,0.5545171339563862,"[[44, 8, 0, 2, 2, 2], [7, 20, 5, 4, 7, 11], [0, 2, 26, 11, 5, 6], [6, 4, 5, 38, 1, 3], [1, 10, 4, 2, 21, 9], [3, 14, 3, 3, 3, 29]]"
codex51,matched300_full,shared_stylometry_nc,modernize,simplify,321,18,0.5714321094101137,0.4776268448327272,0.6602500848984149,0.5794392523364486,"[[47, 3, 0, 3, 1, 4], [11, 19, 4, 2, 6, 12], [0, 5, 24, 10, 4, 7], [4, 1, 5, 42, 0, 5], [0, 9, 4, 4, 23, 7], [1, 15, 1, 3, 4, 31]]"
codex51,matched300_full,shared_stylometry_nc,simplify,original,321,18,0.5865833809733106,0.5109995749979958,0.6621978886795764,0.5981308411214953,"[[52, 1, 0, 0, 0, 5], [11, 18, 2, 3, 8, 12], [1, 6, 22, 13, 1, 7], [5, 2, 3, 41, 2, 4], [2, 5, 2, 2, 32, 4], [6, 13, 2, 2, 5, 27]]"
codex51,matched300_full,shared_stylometry_nc,simplify,paraphrase,321,18,0.5330932170774034,0.4313097429563536,0.6358444786624333,0.5420560747663551,"[[40, 3, 0, 8, 0, 7], [5, 20, 4, 5, 5, 15], [0, 4, 22, 14, 2, 8], [1, 1, 3, 44, 0, 8], [0, 12, 3, 6, 15, 11], [3, 12, 1, 5, 1, 33]]"
codex51,matched300_full,shared_stylometry_nc,simplify,modernize,321,18,0.5541874193559586,0.47442259100029854,0.6339925602888427,0.5514018691588785,"[[39, 9, 0, 2, 2, 6], [4, 19, 5, 2, 9, 15], [1, 2, 25, 9, 5, 8], [8, 4, 3, 36, 0, 6], [0, 8, 3, 2, 26, 8], [1, 15, 3, 2, 2, 32]]"
codex51,matched300_full,shared_stylometry_nc,simplify,simplify,321,18,0.5711211568076923,0.47665815149452273,0.6605079883312379,0.573208722741433,"[[44, 5, 0, 3, 0, 6], [8, 20, 5, 2, 7, 12], [0, 4, 27, 9, 3, 7], [5, 3, 5, 38, 0, 6], [0, 9, 4, 4, 23, 7], [1, 14, 2, 2, 4, 32]]"
codex51,matched300_full,shared_function_words_nc,original,original,321,18,0.560149065774866,0.47240168587334425,0.6443067843289678,0.557632398753894,"[[45, 4, 0, 3, 0, 6], [7, 11, 3, 9, 5, 19], [1, 4, 39, 3, 0, 3], [4, 10, 5, 31, 0, 7], [2, 5, 2, 2, 28, 8], [7, 14, 1, 3, 5, 25]]"
codex51,matched300_full,shared_function_words_nc,original,paraphrase,321,18,0.5054286283127797,0.42377077834707666,0.5865429641019284,0.4953271028037383,"[[37, 6, 1, 6, 1, 7], [5, 13, 0, 9, 7, 20], [0, 9, 21, 14, 1, 5], [3, 9, 2, 31, 1, 11], [1, 9, 1, 1, 25, 10], [1, 13, 0, 3, 6, 32]]"
codex51,matched300_full,shared_function_words_nc,original,modernize,321,18,0.4731871069023874,0.39191587404826334,0.548938752250787,0.4735202492211838,"[[36, 8, 0, 2, 3, 9], [5, 12, 0, 9, 8, 20], [0, 9, 13, 16, 4, 8], [5, 10, 2, 31, 2, 7], [0, 8, 0, 0, 31, 8], [3, 12, 0, 3, 8, 29]]"
codex51,matched300_full,shared_function_words_nc,original,simplify,321,18,0.482195128391883,0.40683340139628943,0.5543054607988329,0.48909657320872274,"[[45, 4, 0, 2, 1, 6], [7, 12, 0, 8, 8, 19], [0, 13, 12, 10, 6, 9], [6, 10, 1, 30, 3, 7], [1, 11, 0, 1, 29, 5], [3, 12, 0, 3, 8, 29]]"
codex51,matched300_full,shared_function_words_nc,paraphrase,original,321,18,0.5130290488204708,0.4294443816445718,0.599429786322355,0.5233644859813084,"[[48, 2, 2, 2, 0, 4], [6, 9, 10, 11, 1, 17], [1, 3, 39, 3, 3, 1], [7, 9, 11, 25, 0, 5], [2, 10, 4, 1, 23, 7], [8, 14, 1, 2, 6, 24]]"
codex51,matched300_full,shared_function_words_nc,paraphrase,paraphrase,321,18,0.5072364981283388,0.4279307637232084,0.5868452018708747,0.5109034267912772,"[[45, 4, 1, 4, 1, 3], [5, 11, 4, 10, 7, 17], [0, 3, 27, 11, 5, 4], [6, 6, 7, 32, 1, 5], [2, 12, 2, 1, 23, 7], [3, 15, 2, 2, 7, 26]]"
codex51,matched300_full,shared_function_words_nc,paraphrase,modernize,321,18,0.4852612363162119,0.41088295476029435,0.5639042457181059,0.4953271028037383,"[[45, 5, 0, 1, 3, 4], [7, 9, 5, 8, 7, 18], [0, 4, 21, 12, 7, 6], [12, 7, 5, 29, 2, 2], [2, 9, 3, 0, 27, 6], [3, 11, 1, 2, 10, 28]]"
codex51,matched300_full,shared_function_words_nc,paraphrase,simplify,321,18,0.48171919735693763,0.40977113108904606,0.5528286289702026,0.4953271028037383,"[[50, 2, 1, 1, 1, 3], [9, 11, 4, 10, 5, 15], [0, 3, 20, 10, 12, 5], [8, 11, 5, 29, 1, 3], [4, 9, 2, 2, 26, 4], [6, 12, 3, 2, 9, 23]]"
codex51,matched300_full,shared_function_words_nc,modernize,original,321,18,0.4985148517374462,0.4134278192025128,0.5824716582743981,0.514018691588785,"[[48, 2, 1, 2, 0, 5], [6, 8, 11, 8, 1, 20], [0, 6, 38, 5, 0, 1], [7, 3, 13, 26, 1, 7], [4, 5, 5, 3, 20, 10], [7, 12, 4, 2, 5, 25]]"
codex51,matched300_full,shared_function_words_nc,modernize,paraphrase,321,18,0.48888577262345945,0.41049822260769403,0.5665509661166039,0.4984423676012461,"[[44, 4, 1, 3, 2, 4], [7, 9, 7, 11, 4, 16], [0, 5, 30, 11, 1, 3], [6, 5, 8, 33, 1, 4], [4, 10, 3, 2, 18, 10], [2, 14, 4, 2, 7, 26]]"
codex51,matched300_full,shared_function_words_nc,modernize,modernize,321,18,0.5069689195755999,0.4328035617389554,0.5803118370823002,0.5171339563862928,"[[48, 4, 0, 2, 1, 3], [4, 9, 7, 10, 4, 20], [0, 5, 22, 14, 2, 7], [10, 6, 7, 31, 2, 1], [4, 6, 3, 1, 25, 8], [3, 14, 2, 1, 4, 31]]"
codex51,matched300_full,shared_function_words_nc,modernize,simplify,321,18,0.4768672074625088,0.40846309368636774,0.5444881853621764,0.48909657320872274,"[[46, 1, 1, 2, 3, 5], [10, 12, 4, 9, 4, 15], [0, 5, 23, 13, 4, 5], [10, 7, 7, 30, 1, 2], [4, 7, 4, 2, 20, 10], [4, 11, 4, 2, 8, 26]]"
codex51,matched300_full,shared_function_words_nc,simplify,original,321,18,0.513133968663635,0.42975451544139154,0.5957023712984076,0.514018691588785,"[[43, 3, 1, 2, 0, 9], [7, 8, 8, 8, 2, 21], [0, 8, 32, 6, 0, 4], [5, 4, 10, 29, 1, 8], [3, 8, 4, 0, 23, 9], [5, 13, 3, 2, 2, 30]]"
codex51,matched300_full,shared_function_words_nc,simplify,paraphrase,321,18,0.4857761236874621,0.3991698045023625,0.574816061788874,0.49221183800623053,"[[42, 4, 1, 2, 2, 7], [6, 10, 6, 9, 5, 18], [0, 6, 27, 11, 1, 5], [4, 7, 8, 32, 0, 6], [3, 8, 7, 0, 16, 13], [2, 15, 3, 0, 4, 31]]"
codex51,matched300_full,shared_function_words_nc,simplify,modernize,321,18,0.46749108204787043,0.38952018233177066,0.5488265595687241,0.4735202492211838,"[[40, 8, 0, 2, 3, 5], [4, 6, 5, 9, 7, 23], [0, 4, 22, 12, 4, 8], [5, 5, 9, 32, 1, 5], [2, 8, 5, 0, 23, 9], [3, 12, 2, 1, 8, 29]]"
codex51,matched300_full,shared_function_words_nc,simplify,simplify,321,18,0.4898238853550117,0.41091852750856317,0.5687609854635902,0.5015576323987538,"[[47, 2, 0, 1, 2, 6], [8, 11, 5, 9, 5, 16], [0, 3, 26, 11, 5, 5], [5, 8, 6, 32, 1, 5], [4, 7, 4, 2, 18, 12], [3, 12, 5, 1, 7, 27]]"
codex51,matched300_full,char3_5_tfidf_svm,original,original,321,18,0.8612544897976,0.7990747322057813,0.913850273928193,0.8660436137071651,"[[56, 1, 0, 1, 0, 0], [2, 35, 2, 7, 6, 2], [0, 2, 42, 3, 2, 1], [1, 1, 0, 55, 0, 0], [0, 1, 2, 2, 41, 1], [2, 0, 1, 0, 3, 49]]"
codex51,matched300_full,char3_5_tfidf_svm,original,paraphrase,321,18,0.7104508754195153,0.6401675875509524,0.7735458833483743,0.7165109034267912,"[[53, 0, 0, 4, 0, 1], [0, 26, 1, 18, 8, 1], [0, 1, 25, 14, 7, 3], [0, 0, 0, 57, 0, 0], [0, 1, 2, 8, 34, 2], [2, 4, 1, 10, 3, 35]]"
codex51,matched300_full,char3_5_tfidf_svm,original,modernize,321,18,0.7098525167955646,0.6334118539220343,0.7792900897008475,0.7258566978193146,"[[50, 3, 0, 3, 1, 1], [0, 26, 0, 8, 17, 3], [0, 2, 19, 7, 16, 6], [1, 0, 0, 55, 1, 0], [0, 1, 0, 0, 45, 1], [0, 5, 1, 1, 10, 38]]"
codex51,matched300_full,char3_5_tfidf_svm,original,simplify,321,18,0.6609573856911266,0.5867757120729342,0.7280054726616587,0.7009345794392523,"[[54, 0, 0, 4, 0, 0], [1, 24, 0, 12, 13, 4], [0, 5, 9, 15, 16, 5], [0, 0, 0, 57, 0, 0], [0, 2, 0, 1, 42, 2], [1, 5, 0, 3, 7, 39]]"
codex51,matched300_full,char3_5_tfidf_svm,paraphrase,original,321,18,0.7763671671581559,0.7077618709873189,0.8349813782762693,0.7850467289719626,"[[57, 1, 0, 0, 0, 0], [5, 33, 2, 4, 7, 3], [3, 2, 35, 5, 3, 2], [3, 1, 0, 53, 0, 0], [0, 2, 1, 2, 40, 2], [3, 4, 3, 2, 9, 34]]"
codex51,matched300_full,char3_5_tfidf_svm,paraphrase,paraphrase,321,18,0.7495934465816353,0.6595814106217177,0.8275770009192646,0.7601246105919003,"[[56, 0, 0, 2, 0, 0], [3, 28, 1, 8, 11, 3], [1, 3, 33, 6, 4, 3], [1, 0, 0, 56, 0, 0], [0, 4, 1, 4, 37, 1], [6, 5, 1, 5, 4, 34]]"
codex51,matched300_full,char3_5_tfidf_svm,paraphrase,modernize,321,18,0.7004205746792062,0.6248620537875649,0.7690675767151378,0.7102803738317757,"[[53, 3, 0, 0, 1, 1], [3, 24, 2, 4, 19, 2], [0, 3, 23, 5, 17, 2], [2, 1, 0, 52, 2, 0], [0, 2, 0, 0, 44, 1], [1, 7, 1, 0, 14, 32]]"
codex51,matched300_full,char3_5_tfidf_svm,paraphrase,simplify,321,18,0.6961538695217214,0.6179679093147898,0.7675175855820277,0.7133956386292835,"[[55, 1, 0, 1, 1, 0], [2, 24, 2, 6, 17, 3], [1, 3, 22, 7, 14, 3], [1, 1, 0, 55, 0, 0], [0, 2, 0, 1, 43, 1], [1, 8, 1, 2, 13, 30]]"
codex51,matched300_full,char3_5_tfidf_svm,modernize,original,321,18,0.784540122849109,0.7122121590446431,0.8434385428989425,0.7881619937694704,"[[55, 1, 0, 2, 0, 0], [6, 34, 0, 8, 3, 3], [1, 3, 38, 5, 1, 2], [2, 0, 0, 55, 0, 0], [0, 0, 2, 4, 39, 2], [10, 3, 3, 6, 1, 32]]"
codex51,matched300_full,char3_5_tfidf_svm,modernize,paraphrase,321,18,0.6936711765450149,0.6095302945610277,0.7661882860753304,0.6978193146417445,"[[53, 0, 1, 4, 0, 0], [4, 27, 1, 17, 5, 0], [0, 2, 28, 13, 5, 2], [0, 0, 0, 57, 0, 0], [0, 0, 1, 15, 31, 0], [9, 5, 1, 11, 1, 28]]"
codex51,matched300_full,char3_5_tfidf_svm,modernize,modernize,321,18,0.7515573535023344,0.6828452765893315,0.8133273622201115,0.7632398753894081,"[[57, 0, 0, 1, 0, 0], [0, 29, 0, 12, 11, 2], [1, 3, 29, 7, 7, 3], [1, 0, 0, 56, 0, 0], [0, 2, 1, 4, 39, 1], [6, 4, 2, 3, 5, 35]]"
codex51,matched300_full,char3_5_tfidf_svm,modernize,simplify,321,18,0.7271607559331345,0.6594131360811669,0.787983317018448,0.7383177570093458,"[[54, 1, 0, 2, 0, 1], [2, 30, 0, 11, 8, 3], [0, 2, 23, 16, 7, 2], [1, 0, 0, 56, 0, 0], [0, 0, 0, 6, 39, 2], [5, 5, 1, 5, 4, 35]]"
codex51,matched300_full,char3_5_tfidf_svm,simplify,original,321,18,0.796537596033641,0.7307875922325704,0.8566463870795964,0.8037383177570093,"[[58, 0, 0, 0, 0, 0], [4, 33, 0, 8, 5, 4], [3, 2, 36, 7, 1, 1], [2, 0, 1, 54, 0, 0], [1, 4, 2, 2, 36, 2], [5, 0, 2, 2, 5, 41]]"
codex51,matched300_full,char3_5_tfidf_svm,simplify,paraphrase,321,18,0.6869512654724469,0.5981818434603532,0.7667036079339666,0.6978193146417445,"[[55, 0, 0, 3, 0, 0], [2, 27, 1, 15, 7, 2], [2, 2, 28, 12, 3, 3], [0, 0, 0, 57, 0, 0], [0, 4, 2, 10, 30, 1], [8, 6, 2, 11, 1, 27]]"
codex51,matched300_full,char3_5_tfidf_svm,simplify,modernize,321,18,0.750205094785104,0.6785765493670393,0.8170823023818016,0.7601246105919003,"[[56, 2, 0, 0, 0, 0], [1, 27, 0, 11, 12, 3], [0, 1, 29, 8, 10, 2], [1, 0, 0, 55, 1, 0], [1, 2, 0, 4, 39, 1], [2, 3, 2, 2, 8, 38]]"
codex51,matched300_full,char3_5_tfidf_svm,simplify,simplify,321,18,0.7552090641507306,0.69206933650505,0.8113980567621337,0.7663551401869159,"[[55, 0, 0, 2, 0, 1], [1, 28, 0, 12, 10, 3], [1, 2, 29, 8, 7, 3], [0, 0, 0, 57, 0, 0], [1, 1, 1, 2, 40, 2], [4, 6, 1, 4, 3, 37]]"
codex51,w300_middle,shared_stylometry_nc,original,original,321,18,0.5758664957175751,0.48841501408404664,0.6656027286569038,0.5763239875389408,"[[42, 4, 3, 4, 0, 5], [5, 23, 2, 5, 7, 12], [3, 3, 33, 4, 3, 4], [10, 6, 6, 31, 0, 4], [1, 9, 1, 5, 24, 7], [6, 8, 2, 4, 3, 32]]"
codex51,w300_middle,shared_stylometry_nc,original,paraphrase,321,18,0.4997566585519224,0.3990817566306937,0.6029599017244142,0.5046728971962616,"[[35, 5, 2, 9, 0, 7], [3, 26, 1, 3, 6, 15], [3, 4, 18, 10, 3, 12], [7, 3, 0, 36, 0, 11], [1, 8, 3, 6, 15, 14], [3, 8, 3, 8, 1, 32]]"
codex51,w300_middle,shared_stylometry_nc,original,modernize,321,18,0.45941826018756676,0.37784273210639446,0.5434155821351221,0.46105919003115264,"[[34, 12, 0, 2, 2, 8], [4, 21, 0, 2, 7, 20], [2, 9, 12, 10, 6, 11], [8, 6, 1, 29, 0, 13], [0, 12, 1, 4, 20, 10], [2, 9, 1, 5, 6, 32]]"
codex51,w300_middle,shared_stylometry_nc,original,simplify,321,18,0.4747006587344349,0.38094592582768544,0.5720314659046234,0.48598130841121495,"[[39, 7, 0, 2, 0, 10], [7, 22, 0, 1, 6, 18], [1, 8, 10, 11, 7, 13], [9, 6, 2, 30, 1, 9], [1, 11, 0, 3, 20, 12], [3, 10, 0, 1, 6, 35]]"
codex51,w300_middle,shared_stylometry_nc,paraphrase,original,321,18,0.5548605826856428,0.4715876807812385,0.6376282913642577,0.557632398753894,"[[41, 5, 4, 4, 1, 3], [5, 23, 3, 4, 11, 8], [2, 2, 32, 6, 7, 1], [13, 4, 6, 26, 4, 4], [2, 8, 1, 2, 32, 2], [7, 12, 4, 0, 7, 25]]"
codex51,w300_middle,shared_stylometry_nc,paraphrase,paraphrase,321,18,0.5331166557998706,0.43351286365299785,0.6379838460570655,0.5389408099688473,"[[41, 4, 1, 7, 0, 5], [3, 28, 2, 5, 8, 8], [2, 3, 21, 13, 6, 5], [7, 1, 7, 35, 2, 5], [1, 10, 3, 5, 20, 8], [2, 13, 4, 4, 4, 28]]"
codex51,w300_middle,shared_stylometry_nc,paraphrase,modernize,321,18,0.5027147719525215,0.42768108100425273,0.5814194040687899,0.5046728971962616,"[[39, 9, 0, 2, 4, 4], [4, 24, 3, 3, 11, 9], [2, 6, 18, 8, 11, 5], [11, 7, 4, 28, 4, 3], [0, 9, 3, 2, 26, 7], [2, 10, 3, 2, 11, 27]]"
codex51,w300_middle,shared_stylometry_nc,paraphrase,simplify,321,18,0.5012010796221323,0.4150055754649143,0.586566861604529,0.5077881619937694,"[[41, 7, 1, 2, 2, 5], [3, 23, 2, 3, 14, 9], [2, 3, 14, 8, 16, 7], [8, 6, 4, 27, 5, 7], [0, 10, 3, 2, 28, 4], [2, 12, 2, 1, 8, 30]]"
codex51,w300_middle,shared_stylometry_nc,modernize,original,321,18,0.531338603329734,0.4365123175516196,0.6274322340465287,0.5358255451713395,"[[39, 4, 5, 5, 1, 4], [8, 18, 4, 6, 8, 10], [0, 5, 30, 11, 3, 1], [6, 2, 12, 35, 0, 2], [3, 7, 2, 3, 24, 8], [6, 10, 5, 5, 3, 26]]"
codex51,w300_middle,shared_stylometry_nc,modernize,paraphrase,321,18,0.5220718763830329,0.4245094779477301,0.6233389251930394,0.5358255451713395,"[[37, 4, 2, 9, 0, 6], [4, 22, 5, 6, 6, 11], [1, 2, 25, 14, 3, 5], [4, 0, 7, 41, 1, 4], [2, 9, 4, 6, 13, 13], [3, 9, 1, 5, 3, 34]]"
codex51,w300_middle,shared_stylometry_nc,modernize,modernize,321,18,0.5287511083607208,0.4456361367768779,0.6147229968222587,0.5358255451713395,"[[42, 6, 1, 3, 2, 4], [6, 20, 3, 4, 10, 11], [1, 3, 25, 10, 6, 5], [7, 3, 5, 37, 3, 2], [1, 9, 5, 2, 19, 11], [4, 11, 3, 4, 4, 29]]"
codex51,w300_middle,shared_stylometry_nc,modernize,simplify,321,18,0.546491207790604,0.4479404709754157,0.6397569753391459,0.557632398753894,"[[45, 3, 0, 5, 0, 5], [7, 24, 3, 3, 7, 10], [0, 4, 18, 12, 8, 8], [3, 2, 6, 39, 2, 5], [1, 9, 4, 3, 21, 9], [3, 11, 2, 3, 4, 32]]"
codex51,w300_middle,shared_stylometry_nc,simplify,original,321,18,0.5456004349801865,0.4618381684305274,0.632601369909626,0.5482866043613707,"[[43, 3, 1, 3, 0, 8], [10, 18, 3, 6, 5, 12], [1, 6, 31, 8, 2, 2], [10, 2, 9, 33, 1, 2], [2, 8, 3, 1, 25, 8], [6, 11, 6, 3, 3, 26]]"
codex51,w300_middle,shared_stylometry_nc,simplify,paraphrase,321,18,0.5025630896922476,0.4044789653014245,0.6025255154670964,0.5109034267912772,"[[35, 5, 0, 9, 0, 9], [4, 18, 5, 6, 5, 16], [0, 3, 23, 14, 3, 7], [5, 0, 8, 39, 0, 5], [0, 8, 6, 3, 15, 15], [3, 11, 2, 4, 1, 34]]"
codex51,w300_middle,shared_stylometry_nc,simplify,modernize,321,18,0.5210345017010282,0.43059550065353025,0.6129698719247103,0.5233644859813084,"[[36, 9, 0, 4, 2, 7], [6, 20, 5, 3, 8, 12], [1, 3, 27, 10, 5, 4], [6, 4, 9, 35, 1, 2], [1, 8, 5, 2, 19, 12], [2, 13, 3, 1, 5, 31]]"
codex51,w300_middle,shared_stylometry_nc,simplify,simplify,321,18,0.5454919118093555,0.4543686100838309,0.6358421764221952,0.5545171339563862,"[[47, 3, 0, 2, 0, 6], [7, 24, 3, 3, 5, 12], [0, 5, 21, 12, 5, 7], [5, 2, 9, 36, 1, 4], [1, 10, 3, 3, 19, 11], [2, 12, 2, 2, 6, 31]]"
codex51,w300_middle,shared_function_words_nc,original,original,321,18,0.5002424817288538,0.42235064909500375,0.5769571961559499,0.4984423676012461,"[[40, 4, 1, 4, 1, 8], [9, 14, 2, 10, 4, 15], [1, 5, 33, 5, 2, 4], [7, 12, 4, 27, 1, 6], [2, 8, 4, 2, 21, 10], [4, 9, 2, 7, 8, 25]]"
codex51,w300_middle,shared_function_words_nc,original,paraphrase,321,18,0.467137137709744,0.37939786652873053,0.5511222964738243,0.46417445482866043,"[[37, 7, 2, 3, 1, 8], [4, 20, 0, 8, 8, 14], [3, 6, 17, 12, 4, 8], [3, 16, 1, 28, 2, 7], [1, 11, 3, 3, 19, 10], [1, 9, 1, 5, 11, 28]]"
codex51,w300_middle,shared_function_words_nc,original,modernize,321,18,0.4583963841801925,0.3808131494459189,0.5299995411410827,0.45482866043613707,"[[39, 8, 0, 1, 3, 7], [5, 15, 0, 9, 7, 18], [0, 9, 15, 14, 4, 8], [8, 17, 1, 22, 3, 6], [2, 10, 0, 1, 26, 8], [3, 9, 0, 5, 9, 29]]"
codex51,w300_middle,shared_function_words_nc,original,simplify,321,18,0.45193382761052064,0.37014866705766497,0.5304455302956279,0.45794392523364486,"[[41, 7, 1, 1, 3, 5], [7, 16, 0, 7, 8, 16], [1, 10, 11, 13, 5, 10], [5, 15, 1, 26, 4, 6], [3, 10, 0, 0, 26, 8], [4, 10, 1, 4, 9, 27]]"
codex51,w300_middle,shared_function_words_nc,paraphrase,original,321,18,0.4507893543337284,0.3751813157340886,0.5335562161068724,0.46417445482866043,"[[42, 3, 1, 3, 1, 8], [6, 10, 9, 9, 7, 13], [1, 2, 37, 3, 5, 2], [8, 10, 12, 20, 3, 4], [4, 9, 4, 0, 18, 12], [6, 10, 4, 5, 8, 22]]"
codex51,w300_middle,shared_function_words_nc,paraphrase,paraphrase,321,18,0.47657009510505616,0.40461781804290936,0.5523493404580381,0.4797507788161994,"[[40, 5, 2, 3, 3, 5], [3, 14, 5, 8, 9, 15], [2, 4, 29, 8, 4, 3], [4, 8, 11, 28, 1, 5], [2, 11, 4, 1, 18, 11], [2, 9, 5, 5, 9, 25]]"
codex51,w300_middle,shared_function_words_nc,paraphrase,modernize,321,18,0.45914990176981424,0.38392710837841204,0.5372007460952685,0.470404984423676,"[[46, 4, 1, 1, 2, 4], [7, 9, 6, 8, 10, 14], [0, 2, 22, 14, 7, 5], [7, 10, 6, 27, 3, 4], [1, 9, 5, 2, 21, 9], [4, 10, 4, 2, 9, 26]]"
codex51,w300_middle,shared_function_words_nc,paraphrase,simplify,321,18,0.4531368868524937,0.37451292727737334,0.5320244449660609,0.4672897196261682,"[[48, 2, 1, 2, 2, 3], [10, 11, 5, 6, 9, 13], [1, 2, 19, 12, 10, 6], [8, 10, 7, 26, 2, 4], [2, 10, 3, 3, 20, 9], [4, 10, 1, 2, 12, 26]]"
codex51,w300_middle,shared_function_words_nc,modernize,original,321,18,0.4442732542344318,0.36522973409705134,0.5226378245622132,0.4517133956386293,"[[38, 7, 0, 3, 1, 9], [8, 8, 9, 10, 4, 15], [0, 5, 35, 6, 2, 2], [8, 8, 16, 21, 0, 4], [5, 8, 1, 2, 18, 13], [7, 11, 6, 2, 4, 25]]"
codex51,w300_middle,shared_function_words_nc,modernize,paraphrase,321,18,0.4722447905033285,0.3935417087113744,0.5489329942425655,0.48286604361370716,"[[41, 6, 1, 3, 3, 4], [5, 13, 9, 10, 5, 12], [1, 6, 27, 8, 4, 4], [6, 4, 11, 31, 1, 4], [5, 9, 4, 2, 15, 12], [3, 10, 5, 3, 6, 28]]"
codex51,w300_middle,shared_function_words_nc,modernize,modernize,321,18,0.46637475569030046,0.39652332342873353,0.5383057082077517,0.4735202492211838,"[[42, 6, 0, 2, 4, 4], [6, 11, 7, 10, 4, 16], [0, 2, 25, 10, 6, 7], [9, 11, 7, 25, 2, 3], [3, 10, 2, 2, 19, 11], [4, 9, 5, 1, 6, 30]]"
codex51,w300_middle,shared_function_words_nc,modernize,simplify,321,18,0.4450041842963594,0.3719321540134614,0.5166910005109804,0.45482866043613707,"[[45, 5, 1, 2, 1, 4], [9, 12, 3, 11, 5, 14], [0, 4, 24, 11, 8, 3], [8, 11, 8, 25, 3, 2], [4, 8, 3, 4, 16, 12], [5, 12, 5, 2, 7, 24]]"
codex51,w300_middle,shared_function_words_nc,simplify,original,321,18,0.4563837900774921,0.37983320790505065,0.5324270554984352,0.46105919003115264,"[[38, 5, 0, 3, 1, 11], [7, 8, 6, 8, 4, 21], [1, 6, 29, 8, 1, 5], [5, 7, 13, 26, 1, 5], [5, 7, 4, 1, 18, 12], [5, 11, 4, 2, 4, 29]]"
codex51,w300_middle,shared_function_words_nc,simplify,paraphrase,321,18,0.4572044533782455,0.3698896551003566,0.5461195746692746,0.46417445482866043,"[[38, 7, 1, 4, 3, 5], [4, 13, 7, 9, 3, 18], [0, 7, 23, 11, 3, 6], [4, 4, 9, 32, 1, 7], [3, 9, 5, 2, 14, 14], [4, 10, 5, 3, 4, 29]]"
codex51,w300_middle,shared_function_words_nc,simplify,modernize,321,18,0.46590954546687463,0.391169372008971,0.5410466041933168,0.470404984423676,"[[37, 8, 1, 2, 3, 7], [6, 10, 5, 9, 5, 19], [0, 5, 27, 10, 3, 5], [7, 9, 7, 27, 1, 6], [3, 8, 5, 2, 19, 10], [4, 7, 5, 2, 6, 31]]"
codex51,w300_middle,shared_function_words_nc,simplify,simplify,321,18,0.46877570800742324,0.3910526834240115,0.5471892353884839,0.48286604361370716,"[[46, 3, 1, 2, 1, 5], [8, 12, 4, 9, 6, 15], [0, 4, 25, 10, 6, 5], [6, 6, 9, 28, 2, 6], [3, 10, 6, 2, 15, 11], [3, 8, 4, 2, 9, 29]]"
codex51,w300_middle,char3_5_tfidf_svm,original,original,321,18,0.8031046750237582,0.7300742411759066,0.8695894958078381,0.8130841121495327,"[[56, 0, 0, 1, 0, 1], [2, 28, 4, 8, 8, 4], [2, 1, 39, 3, 3, 2], [1, 1, 0, 55, 0, 0], [1, 3, 1, 1, 39, 2], [2, 1, 3, 1, 4, 44]]"
codex51,w300_middle,char3_5_tfidf_svm,original,paraphrase,321,18,0.6785397175548863,0.6091401895548607,0.7423341002167392,0.6884735202492211,"[[53, 0, 0, 5, 0, 0], [0, 23, 2, 17, 9, 3], [2, 1, 26, 14, 3, 4], [0, 0, 0, 57, 0, 0], [0, 0, 2, 7, 34, 4], [3, 7, 2, 13, 2, 28]]"
codex51,w300_middle,char3_5_tfidf_svm,original,modernize,321,18,0.656995988184777,0.5840009453579775,0.727038313788915,0.6791277258566978,"[[52, 3, 0, 2, 0, 1], [0, 24, 0, 9, 16, 5], [0, 2, 16, 11, 14, 7], [0, 0, 0, 55, 2, 0], [0, 3, 1, 2, 40, 1], [1, 7, 2, 5, 9, 31]]"
codex51,w300_middle,char3_5_tfidf_svm,original,simplify,321,18,0.6321990912967642,0.5609035001951116,0.6981977553055694,0.6728971962616822,"[[52, 2, 0, 4, 0, 0], [0, 23, 0, 10, 16, 5], [1, 4, 8, 17, 15, 5], [0, 0, 0, 57, 0, 0], [0, 3, 0, 2, 39, 3], [1, 6, 0, 4, 7, 37]]"
codex51,w300_middle,char3_5_tfidf_svm,paraphrase,original,321,18,0.738719119398362,0.6751203091644511,0.7993480351514662,0.7476635514018691,"[[54, 2, 1, 1, 0, 0], [5, 28, 2, 6, 8, 5], [3, 3, 36, 1, 4, 3], [4, 2, 2, 49, 0, 0], [1, 1, 2, 1, 41, 1], [5, 4, 4, 2, 8, 32]]"
codex51,w300_middle,char3_5_tfidf_svm,paraphrase,paraphrase,321,18,0.7058483634664151,0.6253531216395006,0.7808540457198543,0.7165109034267912,"[[53, 2, 0, 2, 0, 1], [4, 27, 1, 8, 9, 5], [3, 2, 29, 11, 4, 1], [1, 1, 1, 54, 0, 0], [0, 4, 2, 5, 35, 1], [4, 7, 2, 5, 5, 32]]"
codex51,w300_middle,char3_5_tfidf_svm,paraphrase,modernize,321,18,0.656836429232173,0.5878736387777261,0.72058880820307,0.6697819314641744,"[[51, 2, 0, 1, 3, 1], [2, 21, 0, 6, 22, 3], [0, 2, 22, 5, 17, 4], [1, 0, 1, 52, 3, 0], [0, 3, 0, 1, 43, 0], [4, 7, 2, 1, 15, 26]]"
codex51,w300_middle,char3_5_tfidf_svm,paraphrase,simplify,321,18,0.6731985252777987,0.5976860380879965,0.7432567411912929,0.6947040498442367,"[[55, 1, 0, 1, 1, 0], [2, 22, 1, 7, 19, 3], [2, 3, 19, 8, 14, 4], [2, 0, 1, 54, 0, 0], [0, 3, 1, 0, 43, 0], [1, 6, 2, 1, 15, 30]]"
codex51,w300_middle,char3_5_tfidf_svm,modernize,original,321,18,0.7458695725580018,0.6815727628515982,0.8083192432467187,0.7538940809968847,"[[53, 0, 1, 3, 0, 1], [6, 29, 3, 7, 6, 3], [2, 3, 37, 4, 2, 2], [1, 0, 3, 53, 0, 0], [0, 3, 3, 4, 36, 1], [10, 1, 3, 3, 4, 34]]"
codex51,w300_middle,char3_5_tfidf_svm,modernize,paraphrase,321,18,0.6598043928327657,0.5822808531003585,0.7330341158508874,0.6697819314641744,"[[52, 2, 0, 3, 0, 1], [1, 26, 2, 17, 5, 3], [0, 2, 25, 16, 4, 3], [0, 0, 0, 57, 0, 0], [0, 3, 3, 11, 30, 0], [8, 6, 3, 12, 1, 25]]"
codex51,w300_middle,char3_5_tfidf_svm,modernize,modernize,321,18,0.7297758440477581,0.6649111223895727,0.7908604809048873,0.7414330218068536,"[[54, 1, 0, 2, 0, 1], [1, 27, 0, 11, 11, 4], [1, 4, 28, 10, 5, 2], [0, 0, 1, 56, 0, 0], [0, 3, 0, 5, 39, 0], [6, 4, 3, 3, 5, 34]]"
codex51,w300_middle,char3_5_tfidf_svm,modernize,simplify,321,18,0.7141272273670217,0.6473850385250495,0.7776236847887796,0.7258566978193146,"[[52, 2, 0, 3, 0, 1], [0, 28, 0, 15, 7, 4], [1, 3, 24, 13, 7, 2], [0, 0, 0, 57, 0, 0], [1, 2, 2, 3, 39, 0], [6, 5, 2, 6, 3, 33]]"
codex51,w300_middle,char3_5_tfidf_svm,simplify,original,321,18,0.7561178581795643,0.6881300878415317,0.8203394362688347,0.7663551401869159,"[[57, 0, 0, 1, 0, 0], [6, 27, 2, 7, 7, 5], [4, 3, 35, 3, 3, 2], [2, 1, 2, 52, 0, 0], [2, 1, 4, 3, 37, 0], [6, 2, 2, 4, 3, 38]]"
codex51,w300_middle,char3_5_tfidf_svm,simplify,paraphrase,321,18,0.690907455129476,0.619606797602408,0.753645230139604,0.7009345794392523,"[[55, 0, 0, 3, 0, 0], [2, 26, 3, 14, 5, 4], [2, 2, 27, 12, 3, 4], [0, 0, 2, 55, 0, 0], [0, 4, 2, 9, 30, 2], [4, 6, 4, 9, 0, 32]]"
codex51,w300_middle,char3_5_tfidf_svm,simplify,modernize,321,18,0.7215399023779289,0.6540378180817847,0.7848451417585404,0.7320872274143302,"[[54, 3, 1, 0, 0, 0], [1, 27, 1, 9, 11, 5], [0, 3, 28, 6, 11, 2], [1, 1, 2, 52, 1, 0], [0, 2, 3, 3, 39, 0], [3, 5, 2, 3, 7, 35]]"
codex51,w300_middle,char3_5_tfidf_svm,simplify,simplify,321,18,0.7332321384801356,0.6657567754219202,0.7981841701923799,0.7476635514018691,"[[56, 1, 0, 1, 0, 0], [1, 25, 0, 12, 12, 4], [1, 3, 28, 7, 8, 3], [1, 0, 0, 56, 0, 0], [1, 4, 2, 3, 37, 0], [4, 5, 3, 2, 3, 38]]"
luna56,valid_full,shared_stylometry_nc,original,original,317,18,0.6596071499004598,0.57826111033122,0.7399672176489311,0.6593059936908517,"[[49, 5, 1, 2, 0, 1], [7, 24, 2, 4, 5, 10], [1, 5, 39, 0, 0, 3], [4, 6, 7, 38, 0, 2], [0, 9, 1, 3, 28, 8], [0, 12, 1, 4, 5, 31]]"
luna56,valid_full,shared_stylometry_nc,original,paraphrase,317,18,0.5017424476628559,0.39707957113242337,0.6041512845539017,0.5110410094637224,"[[42, 6, 0, 6, 0, 4], [6, 21, 1, 3, 3, 18], [2, 9, 20, 7, 1, 9], [5, 5, 4, 34, 0, 9], [2, 14, 1, 3, 11, 18], [1, 11, 2, 3, 2, 34]]"
luna56,valid_full,shared_stylometry_nc,original,modernize,317,18,0.5227318453697732,0.41615461889691835,0.6212769194069903,0.5299684542586751,"[[49, 4, 0, 2, 0, 3], [5, 18, 2, 3, 6, 18], [1, 9, 17, 8, 2, 11], [4, 8, 2, 34, 0, 9], [1, 17, 0, 3, 15, 13], [1, 13, 0, 1, 3, 35]]"
luna56,valid_full,shared_stylometry_nc,original,simplify,317,18,0.44866575272007386,0.35420103778079953,0.5389145392996078,0.45741324921135645,"[[42, 7, 0, 1, 0, 8], [6, 19, 0, 2, 4, 21], [2, 10, 9, 8, 3, 16], [9, 7, 1, 26, 0, 14], [2, 15, 0, 0, 16, 16], [3, 13, 0, 0, 4, 33]]"
luna56,valid_full,shared_stylometry_nc,paraphrase,original,317,18,0.5982264162088723,0.5278953445926733,0.6699500445092715,0.6056782334384858,"[[49, 5, 1, 2, 1, 0], [8, 19, 3, 2, 12, 8], [0, 3, 34, 6, 3, 2], [7, 4, 3, 37, 4, 2], [1, 9, 3, 2, 32, 2], [3, 13, 3, 2, 11, 21]]"
luna56,valid_full,shared_stylometry_nc,paraphrase,paraphrase,317,18,0.5768624759414073,0.4899235812812515,0.6633228219262509,0.583596214511041,"[[46, 6, 2, 4, 0, 0], [4, 21, 4, 4, 9, 10], [0, 3, 28, 7, 4, 6], [4, 4, 4, 39, 2, 4], [1, 14, 4, 3, 19, 8], [2, 11, 3, 2, 3, 32]]"
luna56,valid_full,shared_stylometry_nc,paraphrase,modernize,317,18,0.5501488034043115,0.4696848328124833,0.6322331877034101,0.5583596214511041,"[[49, 5, 0, 2, 0, 2], [6, 19, 4, 4, 8, 11], [1, 3, 24, 8, 7, 5], [6, 5, 6, 35, 2, 3], [4, 12, 3, 0, 23, 7], [3, 11, 2, 2, 8, 27]]"
luna56,valid_full,shared_stylometry_nc,paraphrase,simplify,317,18,0.5166551661510496,0.429213605590429,0.6030603001659502,0.5236593059936908,"[[51, 5, 0, 0, 0, 2], [7, 19, 2, 2, 11, 11], [0, 4, 21, 4, 12, 7], [11, 6, 5, 28, 3, 4], [4, 13, 3, 0, 20, 9], [3, 12, 2, 0, 9, 27]]"
luna56,valid_full,shared_stylometry_nc,modernize,original,317,18,0.5847692106007168,0.5091459582464347,0.6627513868394113,0.5930599369085173,"[[48, 5, 1, 3, 0, 1], [7, 17, 4, 2, 13, 9], [0, 5, 34, 5, 0, 4], [5, 3, 5, 39, 3, 2], [1, 10, 3, 2, 29, 4], [3, 12, 3, 4, 10, 21]]"
luna56,valid_full,shared_stylometry_nc,modernize,paraphrase,317,18,0.5517899246347522,0.4615277692453799,0.6501513608175601,0.5646687697160884,"[[43, 7, 2, 6, 0, 0], [6, 18, 5, 7, 4, 12], [0, 3, 28, 9, 2, 6], [2, 1, 6, 45, 0, 3], [1, 14, 4, 3, 15, 12], [2, 13, 3, 3, 2, 30]]"
luna56,valid_full,shared_stylometry_nc,modernize,modernize,317,18,0.5444540922715629,0.4616162433998136,0.6305891199927812,0.5520504731861199,"[[47, 6, 0, 4, 0, 1], [6, 16, 4, 4, 8, 14], [0, 3, 27, 9, 4, 5], [6, 5, 7, 36, 0, 3], [3, 11, 5, 2, 20, 8], [1, 14, 2, 4, 3, 29]]"
luna56,valid_full,shared_stylometry_nc,modernize,simplify,317,18,0.5318195330005213,0.4453358157694029,0.6175811445834452,0.5362776025236593,"[[48, 6, 0, 1, 0, 3], [7, 17, 4, 3, 9, 12], [0, 4, 24, 7, 5, 8], [6, 6, 4, 31, 1, 9], [3, 12, 4, 1, 20, 9], [2, 14, 2, 1, 4, 30]]"
luna56,valid_full,shared_stylometry_nc,simplify,original,317,18,0.5684197844258617,0.4829680342087116,0.6542639298570684,0.5741324921135647,"[[43, 6, 1, 6, 0, 2], [6, 17, 4, 3, 12, 10], [0, 4, 30, 9, 1, 4], [4, 1, 5, 42, 1, 4], [2, 10, 2, 2, 27, 6], [2, 14, 3, 4, 7, 23]]"
luna56,valid_full,shared_stylometry_nc,simplify,paraphrase,317,18,0.5321815101796376,0.44063543534237615,0.6307807122404814,0.5520504731861199,"[[42, 7, 1, 8, 0, 0], [6, 16, 5, 7, 5, 13], [0, 3, 27, 9, 2, 7], [3, 0, 3, 46, 0, 5], [3, 12, 4, 6, 12, 12], [3, 12, 2, 2, 2, 32]]"
luna56,valid_full,shared_stylometry_nc,simplify,modernize,317,18,0.5593776487358967,0.4755224001079045,0.6467467444265445,0.5678233438485805,"[[46, 6, 1, 5, 0, 0], [5, 16, 4, 5, 8, 14], [0, 1, 28, 8, 4, 7], [5, 1, 5, 40, 0, 6], [2, 11, 5, 2, 20, 9], [0, 15, 2, 4, 2, 30]]"
luna56,valid_full,shared_stylometry_nc,simplify,simplify,317,18,0.5418814322883282,0.458147436012301,0.6278620551088743,0.5488958990536278,"[[47, 6, 0, 3, 0, 2], [6, 19, 4, 4, 8, 11], [0, 2, 26, 7, 4, 9], [4, 4, 6, 34, 2, 7], [3, 12, 4, 3, 18, 9], [2, 13, 2, 1, 5, 30]]"
luna56,valid_full,shared_function_words_nc,original,original,317,18,0.5627459245411716,0.48006147566263513,0.6436996088915429,0.5678233438485805,"[[48, 3, 0, 2, 0, 5], [7, 9, 3, 10, 4, 19], [1, 2, 39, 2, 1, 3], [5, 8, 5, 32, 0, 7], [4, 4, 1, 2, 29, 9], [7, 14, 1, 3, 5, 23]]"
luna56,valid_full,shared_function_words_nc,original,paraphrase,317,18,0.4655797362403537,0.36585486798599287,0.565788966559376,0.47003154574132494,"[[44, 2, 0, 4, 1, 7], [6, 10, 3, 10, 3, 20], [1, 11, 15, 14, 1, 6], [4, 9, 5, 29, 1, 9], [4, 7, 2, 1, 22, 13], [4, 15, 0, 1, 4, 29]]"
luna56,valid_full,shared_function_words_nc,original,modernize,317,18,0.4523037199269951,0.3666448458208599,0.5369199835010056,0.4637223974763407,"[[49, 2, 0, 2, 0, 5], [7, 7, 2, 8, 5, 23], [2, 8, 14, 15, 2, 7], [6, 11, 2, 29, 1, 8], [4, 11, 1, 0, 19, 14], [4, 15, 1, 1, 3, 29]]"
luna56,valid_full,shared_function_words_nc,original,simplify,317,18,0.4433154868293798,0.3650394617059564,0.5199350788401144,0.45425867507886436,"[[44, 4, 0, 2, 2, 6], [8, 9, 1, 7, 5, 22], [0, 13, 9, 17, 1, 8], [6, 13, 2, 29, 1, 6], [4, 8, 1, 0, 24, 12], [3, 15, 0, 1, 5, 29]]"
luna56,valid_full,shared_function_words_nc,paraphrase,original,317,18,0.49065617144729895,0.41467902643971305,0.5696725675395115,0.5078864353312302,"[[46, 2, 1, 3, 2, 4], [6, 5, 9, 9, 3, 20], [0, 3, 37, 4, 1, 3], [6, 7, 11, 26, 3, 4], [3, 7, 4, 1, 24, 10], [3, 11, 1, 2, 13, 23]]"
luna56,valid_full,shared_function_words_nc,paraphrase,paraphrase,317,18,0.49782337850073105,0.4266590438043624,0.5734453061392372,0.5078864353312302,"[[48, 2, 1, 3, 1, 3], [7, 9, 8, 8, 4, 16], [0, 4, 28, 7, 3, 6], [5, 9, 9, 28, 1, 5], [3, 11, 3, 1, 22, 9], [5, 11, 0, 3, 8, 26]]"
luna56,valid_full,shared_function_words_nc,paraphrase,modernize,317,18,0.47233633500682176,0.3926803080421291,0.5534241796536291,0.4889589905362776,"[[50, 1, 0, 2, 3, 2], [6, 6, 6, 9, 7, 18], [1, 4, 23, 9, 5, 6], [6, 10, 8, 26, 2, 5], [4, 11, 2, 0, 22, 10], [3, 9, 3, 1, 9, 28]]"
luna56,valid_full,shared_function_words_nc,paraphrase,simplify,317,18,0.43755677964319356,0.3694843265026945,0.5032516895952215,0.45741324921135645,"[[46, 1, 1, 2, 5, 3], [8, 6, 7, 8, 5, 18], [0, 3, 18, 13, 10, 4], [8, 6, 8, 27, 3, 5], [6, 11, 2, 2, 21, 7], [4, 10, 2, 1, 9, 27]]"
luna56,valid_full,shared_function_words_nc,modernize,original,317,18,0.4990226128030107,0.4196644816622255,0.5816055075582278,0.5078864353312302,"[[43, 4, 1, 4, 1, 5], [6, 6, 7, 9, 3, 21], [0, 5, 36, 5, 0, 2], [5, 6, 12, 27, 1, 6], [3, 6, 4, 0, 26, 10], [3, 13, 2, 2, 10, 23]]"
luna56,valid_full,shared_function_words_nc,modernize,paraphrase,317,18,0.4682006379138996,0.38859424445641183,0.552242502765795,0.4794952681388013,"[[46, 5, 0, 3, 1, 3], [6, 7, 8, 8, 6, 17], [0, 4, 26, 11, 2, 5], [5, 7, 10, 28, 1, 6], [3, 11, 4, 2, 17, 12], [2, 13, 3, 2, 5, 28]]"
luna56,valid_full,shared_function_words_nc,modernize,modernize,317,18,0.47951088788814217,0.3884816238030615,0.570811927560425,0.4921135646687697,"[[49, 2, 0, 2, 2, 3], [6, 7, 6, 9, 4, 20], [0, 5, 23, 15, 2, 3], [6, 7, 10, 26, 1, 7], [4, 10, 2, 1, 21, 11], [1, 13, 3, 1, 5, 30]]"
luna56,valid_full,shared_function_words_nc,modernize,simplify,317,18,0.4711842968007997,0.3936680749870139,0.546716003811407,0.48264984227129337,"[[44, 3, 1, 2, 4, 4], [7, 8, 6, 9, 3, 19], [0, 2, 23, 16, 2, 5], [9, 8, 6, 28, 1, 5], [6, 10, 2, 2, 20, 9], [2, 12, 2, 1, 6, 30]]"
luna56,valid_full,shared_function_words_nc,simplify,original,317,18,0.4988853916466876,0.41921325148330296,0.583000152013804,0.5078864353312302,"[[41, 4, 1, 3, 2, 7], [5, 6, 8, 9, 3, 21], [0, 6, 34, 5, 0, 3], [4, 5, 14, 28, 1, 5], [2, 5, 6, 1, 24, 11], [0, 11, 2, 3, 9, 28]]"
luna56,valid_full,shared_function_words_nc,simplify,paraphrase,317,18,0.4798756001009779,0.40178533352687795,0.560978240766777,0.4889589905362776,"[[41, 7, 0, 3, 2, 5], [5, 8, 8, 9, 4, 18], [0, 3, 28, 10, 2, 5], [3, 6, 11, 31, 1, 5], [3, 11, 4, 2, 16, 13], [2, 12, 2, 2, 4, 31]]"
luna56,valid_full,shared_function_words_nc,simplify,modernize,317,18,0.47421192272397644,0.383515235879022,0.5632387297042545,0.48580441640378547,"[[45, 3, 0, 2, 3, 5], [6, 6, 7, 9, 4, 20], [0, 5, 25, 11, 2, 5], [5, 6, 9, 29, 2, 6], [4, 11, 3, 1, 18, 12], [0, 13, 3, 2, 4, 31]]"
luna56,valid_full,shared_function_words_nc,simplify,simplify,317,18,0.4638340807045329,0.38358169924320035,0.5451770998530623,0.47318611987381703,"[[43, 4, 1, 2, 4, 4], [7, 8, 7, 9, 3, 18], [0, 5, 24, 12, 2, 5], [5, 8, 10, 28, 1, 5], [6, 10, 3, 2, 19, 9], [2, 12, 2, 1, 8, 28]]"
luna56,valid_full,char3_5_tfidf_svm,original,original,317,18,0.8506418269912777,0.783389713430862,0.909176702545517,0.8580441640378549,"[[56, 1, 0, 1, 0, 0], [2, 29, 2, 7, 10, 2], [0, 1, 42, 3, 1, 1], [1, 0, 0, 56, 0, 0], [0, 1, 1, 2, 44, 1], [2, 0, 1, 0, 5, 45]]"
luna56,valid_full,char3_5_tfidf_svm,original,paraphrase,317,18,0.7389991277822077,0.6421410625781737,0.820581483810896,0.7476340694006309,"[[54, 1, 0, 3, 0, 0], [0, 23, 2, 15, 10, 2], [1, 1, 32, 7, 4, 3], [0, 0, 0, 57, 0, 0], [1, 2, 0, 10, 34, 2], [1, 1, 3, 7, 4, 37]]"
luna56,valid_full,char3_5_tfidf_svm,original,modernize,317,18,0.7499237361397374,0.6773288486545249,0.8202737542297768,0.7665615141955836,"[[53, 1, 0, 4, 0, 0], [2, 21, 3, 10, 13, 3], [0, 2, 30, 7, 5, 4], [0, 0, 0, 57, 0, 0], [1, 2, 1, 3, 38, 4], [3, 0, 1, 1, 4, 44]]"
luna56,valid_full,char3_5_tfidf_svm,original,simplify,317,18,0.7245429947863576,0.6334800889176183,0.8027593938644493,0.7444794952681388,"[[53, 1, 0, 4, 0, 0], [2, 23, 0, 7, 15, 5], [1, 2, 21, 13, 6, 5], [0, 1, 0, 56, 0, 0], [1, 1, 0, 4, 39, 4], [2, 0, 1, 2, 4, 44]]"
luna56,valid_full,char3_5_tfidf_svm,paraphrase,original,317,18,0.7937299801329933,0.7111505476880018,0.861014646344624,0.804416403785489,"[[57, 1, 0, 0, 0, 0], [3, 26, 3, 5, 12, 3], [1, 1, 36, 4, 4, 2], [3, 0, 0, 54, 0, 0], [0, 1, 1, 2, 44, 1], [2, 0, 2, 1, 10, 38]]"
luna56,valid_full,char3_5_tfidf_svm,paraphrase,paraphrase,317,18,0.7536791832514687,0.6664583233381188,0.827512530948812,0.7665615141955836,"[[55, 1, 0, 2, 0, 0], [2, 22, 0, 13, 13, 2], [2, 2, 31, 5, 4, 4], [1, 1, 1, 54, 0, 0], [0, 3, 2, 3, 40, 1], [2, 0, 1, 4, 5, 41]]"
luna56,valid_full,char3_5_tfidf_svm,paraphrase,modernize,317,18,0.7359153222940035,0.6485328044799369,0.8111338829118047,0.750788643533123,"[[56, 1, 0, 1, 0, 0], [1, 24, 1, 8, 15, 3], [2, 2, 28, 7, 6, 3], [1, 1, 0, 55, 0, 0], [0, 1, 3, 3, 41, 1], [1, 2, 3, 5, 8, 34]]"
luna56,valid_full,char3_5_tfidf_svm,paraphrase,simplify,317,18,0.7188576619176948,0.6141863066664188,0.8018586567106885,0.7381703470031545,"[[56, 1, 0, 1, 0, 0], [5, 21, 0, 5, 18, 3], [1, 3, 23, 7, 10, 4], [2, 1, 0, 53, 0, 1], [1, 1, 0, 1, 45, 1], [1, 1, 1, 3, 11, 36]]"
luna56,valid_full,char3_5_tfidf_svm,modernize,original,317,18,0.807369072361038,0.7382731967985662,0.867771545962174,0.8170347003154574,"[[56, 1, 0, 0, 0, 1], [3, 27, 3, 8, 8, 3], [2, 2, 36, 4, 3, 1], [2, 0, 1, 54, 0, 0], [1, 1, 0, 2, 44, 1], [2, 0, 1, 0, 8, 42]]"
luna56,valid_full,char3_5_tfidf_svm,modernize,paraphrase,317,18,0.7189991235513253,0.6371352047680052,0.7913461798210351,0.7287066246056783,"[[53, 1, 0, 4, 0, 0], [0, 24, 2, 14, 9, 3], [2, 2, 30, 9, 3, 2], [0, 1, 1, 55, 0, 0], [1, 5, 2, 6, 34, 1], [3, 3, 3, 5, 4, 35]]"
luna56,valid_full,char3_5_tfidf_svm,modernize,modernize,317,18,0.7495419297059724,0.6691978223363458,0.8188681281363537,0.7634069400630915,"[[56, 1, 0, 1, 0, 0], [2, 24, 2, 9, 12, 3], [1, 2, 31, 7, 5, 2], [2, 0, 0, 55, 0, 0], [1, 2, 2, 3, 40, 1], [3, 2, 3, 4, 5, 36]]"
luna56,valid_full,char3_5_tfidf_svm,modernize,simplify,317,18,0.759312387961801,0.6769792845385831,0.8319588591452802,0.7697160883280757,"[[55, 1, 0, 2, 0, 0], [4, 27, 0, 6, 12, 3], [1, 2, 29, 7, 6, 3], [1, 1, 1, 54, 0, 0], [1, 3, 0, 3, 40, 2], [2, 2, 1, 1, 8, 39]]"
luna56,valid_full,char3_5_tfidf_svm,simplify,original,317,18,0.7947360272503614,0.7131038551099029,0.8622959150586653,0.8012618296529969,"[[55, 1, 0, 2, 0, 0], [1, 31, 3, 9, 5, 3], [2, 1, 33, 7, 3, 2], [3, 0, 0, 54, 0, 0], [1, 2, 1, 2, 42, 1], [2, 1, 2, 4, 5, 39]]"
luna56,valid_full,char3_5_tfidf_svm,simplify,paraphrase,317,18,0.7179026006943072,0.6243642593811307,0.794426444699325,0.7255520504731862,"[[53, 1, 0, 4, 0, 0], [1, 26, 1, 16, 7, 1], [1, 1, 33, 9, 3, 1], [0, 0, 1, 56, 0, 0], [0, 7, 6, 5, 31, 0], [3, 3, 3, 9, 4, 31]]"
luna56,valid_full,char3_5_tfidf_svm,simplify,modernize,317,18,0.7433682880223308,0.6741710836633429,0.8071145896549412,0.7539432176656151,"[[55, 1, 0, 2, 0, 0], [0, 26, 2, 13, 9, 2], [1, 1, 31, 9, 4, 2], [1, 0, 0, 56, 0, 0], [0, 4, 3, 4, 37, 1], [2, 3, 4, 5, 5, 34]]"
luna56,valid_full,char3_5_tfidf_svm,simplify,simplify,317,18,0.7474436800730148,0.6576115650108687,0.8201617399177996,0.7570977917981072,"[[55, 1, 0, 2, 0, 0], [2, 26, 0, 11, 10, 3], [1, 2, 30, 8, 5, 2], [1, 1, 0, 55, 0, 0], [1, 3, 0, 4, 39, 2], [2, 3, 2, 5, 6, 35]]"
luna56,matched200_full,shared_stylometry_nc,original,original,317,18,0.6596071499004598,0.57826111033122,0.7399672176489311,0.6593059936908517,"[[49, 5, 1, 2, 0, 1], [7, 24, 2, 4, 5, 10], [1, 5, 39, 0, 0, 3], [4, 6, 7, 38, 0, 2], [0, 9, 1, 3, 28, 8], [0, 12, 1, 4, 5, 31]]"
luna56,matched200_full,shared_stylometry_nc,original,paraphrase,317,18,0.5017424476628559,0.39707957113242337,0.6041512845539017,0.5110410094637224,"[[42, 6, 0, 6, 0, 4], [6, 21, 1, 3, 3, 18], [2, 9, 20, 7, 1, 9], [5, 5, 4, 34, 0, 9], [2, 14, 1, 3, 11, 18], [1, 11, 2, 3, 2, 34]]"
luna56,matched200_full,shared_stylometry_nc,original,modernize,317,18,0.5227318453697732,0.41615461889691835,0.6212769194069903,0.5299684542586751,"[[49, 4, 0, 2, 0, 3], [5, 18, 2, 3, 6, 18], [1, 9, 17, 8, 2, 11], [4, 8, 2, 34, 0, 9], [1, 17, 0, 3, 15, 13], [1, 13, 0, 1, 3, 35]]"
luna56,matched200_full,shared_stylometry_nc,original,simplify,317,18,0.44866575272007386,0.35420103778079953,0.5389145392996078,0.45741324921135645,"[[42, 7, 0, 1, 0, 8], [6, 19, 0, 2, 4, 21], [2, 10, 9, 8, 3, 16], [9, 7, 1, 26, 0, 14], [2, 15, 0, 0, 16, 16], [3, 13, 0, 0, 4, 33]]"
luna56,matched200_full,shared_stylometry_nc,paraphrase,original,317,18,0.5982264162088723,0.5278953445926733,0.6699500445092715,0.6056782334384858,"[[49, 5, 1, 2, 1, 0], [8, 19, 3, 2, 12, 8], [0, 3, 34, 6, 3, 2], [7, 4, 3, 37, 4, 2], [1, 9, 3, 2, 32, 2], [3, 13, 3, 2, 11, 21]]"
luna56,matched200_full,shared_stylometry_nc,paraphrase,paraphrase,317,18,0.5768624759414073,0.4899235812812515,0.6633228219262509,0.583596214511041,"[[46, 6, 2, 4, 0, 0], [4, 21, 4, 4, 9, 10], [0, 3, 28, 7, 4, 6], [4, 4, 4, 39, 2, 4], [1, 14, 4, 3, 19, 8], [2, 11, 3, 2, 3, 32]]"
luna56,matched200_full,shared_stylometry_nc,paraphrase,modernize,317,18,0.5501488034043115,0.4696848328124833,0.6322331877034101,0.5583596214511041,"[[49, 5, 0, 2, 0, 2], [6, 19, 4, 4, 8, 11], [1, 3, 24, 8, 7, 5], [6, 5, 6, 35, 2, 3], [4, 12, 3, 0, 23, 7], [3, 11, 2, 2, 8, 27]]"
luna56,matched200_full,shared_stylometry_nc,paraphrase,simplify,317,18,0.5166551661510496,0.429213605590429,0.6030603001659502,0.5236593059936908,"[[51, 5, 0, 0, 0, 2], [7, 19, 2, 2, 11, 11], [0, 4, 21, 4, 12, 7], [11, 6, 5, 28, 3, 4], [4, 13, 3, 0, 20, 9], [3, 12, 2, 0, 9, 27]]"
luna56,matched200_full,shared_stylometry_nc,modernize,original,317,18,0.5847692106007168,0.5091459582464347,0.6627513868394113,0.5930599369085173,"[[48, 5, 1, 3, 0, 1], [7, 17, 4, 2, 13, 9], [0, 5, 34, 5, 0, 4], [5, 3, 5, 39, 3, 2], [1, 10, 3, 2, 29, 4], [3, 12, 3, 4, 10, 21]]"
luna56,matched200_full,shared_stylometry_nc,modernize,paraphrase,317,18,0.5517899246347522,0.4615277692453799,0.6501513608175601,0.5646687697160884,"[[43, 7, 2, 6, 0, 0], [6, 18, 5, 7, 4, 12], [0, 3, 28, 9, 2, 6], [2, 1, 6, 45, 0, 3], [1, 14, 4, 3, 15, 12], [2, 13, 3, 3, 2, 30]]"
luna56,matched200_full,shared_stylometry_nc,modernize,modernize,317,18,0.5444540922715629,0.4616162433998136,0.6305891199927812,0.5520504731861199,"[[47, 6, 0, 4, 0, 1], [6, 16, 4, 4, 8, 14], [0, 3, 27, 9, 4, 5], [6, 5, 7, 36, 0, 3], [3, 11, 5, 2, 20, 8], [1, 14, 2, 4, 3, 29]]"
luna56,matched200_full,shared_stylometry_nc,modernize,simplify,317,18,0.5318195330005213,0.4453358157694029,0.6175811445834452,0.5362776025236593,"[[48, 6, 0, 1, 0, 3], [7, 17, 4, 3, 9, 12], [0, 4, 24, 7, 5, 8], [6, 6, 4, 31, 1, 9], [3, 12, 4, 1, 20, 9], [2, 14, 2, 1, 4, 30]]"
luna56,matched200_full,shared_stylometry_nc,simplify,original,317,18,0.5684197844258617,0.4829680342087116,0.6542639298570684,0.5741324921135647,"[[43, 6, 1, 6, 0, 2], [6, 17, 4, 3, 12, 10], [0, 4, 30, 9, 1, 4], [4, 1, 5, 42, 1, 4], [2, 10, 2, 2, 27, 6], [2, 14, 3, 4, 7, 23]]"
luna56,matched200_full,shared_stylometry_nc,simplify,paraphrase,317,18,0.5321815101796376,0.44063543534237615,0.6307807122404814,0.5520504731861199,"[[42, 7, 1, 8, 0, 0], [6, 16, 5, 7, 5, 13], [0, 3, 27, 9, 2, 7], [3, 0, 3, 46, 0, 5], [3, 12, 4, 6, 12, 12], [3, 12, 2, 2, 2, 32]]"
luna56,matched200_full,shared_stylometry_nc,simplify,modernize,317,18,0.5593776487358967,0.4755224001079045,0.6467467444265445,0.5678233438485805,"[[46, 6, 1, 5, 0, 0], [5, 16, 4, 5, 8, 14], [0, 1, 28, 8, 4, 7], [5, 1, 5, 40, 0, 6], [2, 11, 5, 2, 20, 9], [0, 15, 2, 4, 2, 30]]"
luna56,matched200_full,shared_stylometry_nc,simplify,simplify,317,18,0.5418814322883282,0.458147436012301,0.6278620551088743,0.5488958990536278,"[[47, 6, 0, 3, 0, 2], [6, 19, 4, 4, 8, 11], [0, 2, 26, 7, 4, 9], [4, 4, 6, 34, 2, 7], [3, 12, 4, 3, 18, 9], [2, 13, 2, 1, 5, 30]]"
luna56,matched200_full,shared_function_words_nc,original,original,317,18,0.5627459245411716,0.48006147566263513,0.6436996088915429,0.5678233438485805,"[[48, 3, 0, 2, 0, 5], [7, 9, 3, 10, 4, 19], [1, 2, 39, 2, 1, 3], [5, 8, 5, 32, 0, 7], [4, 4, 1, 2, 29, 9], [7, 14, 1, 3, 5, 23]]"
luna56,matched200_full,shared_function_words_nc,original,paraphrase,317,18,0.4655797362403537,0.36585486798599287,0.565788966559376,0.47003154574132494,"[[44, 2, 0, 4, 1, 7], [6, 10, 3, 10, 3, 20], [1, 11, 15, 14, 1, 6], [4, 9, 5, 29, 1, 9], [4, 7, 2, 1, 22, 13], [4, 15, 0, 1, 4, 29]]"
luna56,matched200_full,shared_function_words_nc,original,modernize,317,18,0.4523037199269951,0.3666448458208599,0.5369199835010056,0.4637223974763407,"[[49, 2, 0, 2, 0, 5], [7, 7, 2, 8, 5, 23], [2, 8, 14, 15, 2, 7], [6, 11, 2, 29, 1, 8], [4, 11, 1, 0, 19, 14], [4, 15, 1, 1, 3, 29]]"
luna56,matched200_full,shared_function_words_nc,original,simplify,317,18,0.4433154868293798,0.3650394617059564,0.5199350788401144,0.45425867507886436,"[[44, 4, 0, 2, 2, 6], [8, 9, 1, 7, 5, 22], [0, 13, 9, 17, 1, 8], [6, 13, 2, 29, 1, 6], [4, 8, 1, 0, 24, 12], [3, 15, 0, 1, 5, 29]]"
luna56,matched200_full,shared_function_words_nc,paraphrase,original,317,18,0.49065617144729895,0.41467902643971305,0.5696725675395115,0.5078864353312302,"[[46, 2, 1, 3, 2, 4], [6, 5, 9, 9, 3, 20], [0, 3, 37, 4, 1, 3], [6, 7, 11, 26, 3, 4], [3, 7, 4, 1, 24, 10], [3, 11, 1, 2, 13, 23]]"
luna56,matched200_full,shared_function_words_nc,paraphrase,paraphrase,317,18,0.49782337850073105,0.4266590438043624,0.5734453061392372,0.5078864353312302,"[[48, 2, 1, 3, 1, 3], [7, 9, 8, 8, 4, 16], [0, 4, 28, 7, 3, 6], [5, 9, 9, 28, 1, 5], [3, 11, 3, 1, 22, 9], [5, 11, 0, 3, 8, 26]]"
luna56,matched200_full,shared_function_words_nc,paraphrase,modernize,317,18,0.47233633500682176,0.3926803080421291,0.5534241796536291,0.4889589905362776,"[[50, 1, 0, 2, 3, 2], [6, 6, 6, 9, 7, 18], [1, 4, 23, 9, 5, 6], [6, 10, 8, 26, 2, 5], [4, 11, 2, 0, 22, 10], [3, 9, 3, 1, 9, 28]]"
luna56,matched200_full,shared_function_words_nc,paraphrase,simplify,317,18,0.43755677964319356,0.3694843265026945,0.5032516895952215,0.45741324921135645,"[[46, 1, 1, 2, 5, 3], [8, 6, 7, 8, 5, 18], [0, 3, 18, 13, 10, 4], [8, 6, 8, 27, 3, 5], [6, 11, 2, 2, 21, 7], [4, 10, 2, 1, 9, 27]]"
luna56,matched200_full,shared_function_words_nc,modernize,original,317,18,0.4990226128030107,0.4196644816622255,0.5816055075582278,0.5078864353312302,"[[43, 4, 1, 4, 1, 5], [6, 6, 7, 9, 3, 21], [0, 5, 36, 5, 0, 2], [5, 6, 12, 27, 1, 6], [3, 6, 4, 0, 26, 10], [3, 13, 2, 2, 10, 23]]"
luna56,matched200_full,shared_function_words_nc,modernize,paraphrase,317,18,0.4682006379138996,0.38859424445641183,0.552242502765795,0.4794952681388013,"[[46, 5, 0, 3, 1, 3], [6, 7, 8, 8, 6, 17], [0, 4, 26, 11, 2, 5], [5, 7, 10, 28, 1, 6], [3, 11, 4, 2, 17, 12], [2, 13, 3, 2, 5, 28]]"
luna56,matched200_full,shared_function_words_nc,modernize,modernize,317,18,0.47951088788814217,0.3884816238030615,0.570811927560425,0.4921135646687697,"[[49, 2, 0, 2, 2, 3], [6, 7, 6, 9, 4, 20], [0, 5, 23, 15, 2, 3], [6, 7, 10, 26, 1, 7], [4, 10, 2, 1, 21, 11], [1, 13, 3, 1, 5, 30]]"
luna56,matched200_full,shared_function_words_nc,modernize,simplify,317,18,0.4711842968007997,0.3936680749870139,0.546716003811407,0.48264984227129337,"[[44, 3, 1, 2, 4, 4], [7, 8, 6, 9, 3, 19], [0, 2, 23, 16, 2, 5], [9, 8, 6, 28, 1, 5], [6, 10, 2, 2, 20, 9], [2, 12, 2, 1, 6, 30]]"
luna56,matched200_full,shared_function_words_nc,simplify,original,317,18,0.4988853916466876,0.41921325148330296,0.583000152013804,0.5078864353312302,"[[41, 4, 1, 3, 2, 7], [5, 6, 8, 9, 3, 21], [0, 6, 34, 5, 0, 3], [4, 5, 14, 28, 1, 5], [2, 5, 6, 1, 24, 11], [0, 11, 2, 3, 9, 28]]"
luna56,matched200_full,shared_function_words_nc,simplify,paraphrase,317,18,0.4798756001009779,0.40178533352687795,0.560978240766777,0.4889589905362776,"[[41, 7, 0, 3, 2, 5], [5, 8, 8, 9, 4, 18], [0, 3, 28, 10, 2, 5], [3, 6, 11, 31, 1, 5], [3, 11, 4, 2, 16, 13], [2, 12, 2, 2, 4, 31]]"
luna56,matched200_full,shared_function_words_nc,simplify,modernize,317,18,0.47421192272397644,0.383515235879022,0.5632387297042545,0.48580441640378547,"[[45, 3, 0, 2, 3, 5], [6, 6, 7, 9, 4, 20], [0, 5, 25, 11, 2, 5], [5, 6, 9, 29, 2, 6], [4, 11, 3, 1, 18, 12], [0, 13, 3, 2, 4, 31]]"
luna56,matched200_full,shared_function_words_nc,simplify,simplify,317,18,0.4638340807045329,0.38358169924320035,0.5451770998530623,0.47318611987381703,"[[43, 4, 1, 2, 4, 4], [7, 8, 7, 9, 3, 18], [0, 5, 24, 12, 2, 5], [5, 8, 10, 28, 1, 5], [6, 10, 3, 2, 19, 9], [2, 12, 2, 1, 8, 28]]"
luna56,matched200_full,char3_5_tfidf_svm,original,original,317,18,0.8506418269912777,0.783389713430862,0.909176702545517,0.8580441640378549,"[[56, 1, 0, 1, 0, 0], [2, 29, 2, 7, 10, 2], [0, 1, 42, 3, 1, 1], [1, 0, 0, 56, 0, 0], [0, 1, 1, 2, 44, 1], [2, 0, 1, 0, 5, 45]]"
luna56,matched200_full,char3_5_tfidf_svm,original,paraphrase,317,18,0.7389991277822077,0.6421410625781737,0.820581483810896,0.7476340694006309,"[[54, 1, 0, 3, 0, 0], [0, 23, 2, 15, 10, 2], [1, 1, 32, 7, 4, 3], [0, 0, 0, 57, 0, 0], [1, 2, 0, 10, 34, 2], [1, 1, 3, 7, 4, 37]]"
luna56,matched200_full,char3_5_tfidf_svm,original,modernize,317,18,0.7499237361397374,0.6773288486545249,0.8202737542297768,0.7665615141955836,"[[53, 1, 0, 4, 0, 0], [2, 21, 3, 10, 13, 3], [0, 2, 30, 7, 5, 4], [0, 0, 0, 57, 0, 0], [1, 2, 1, 3, 38, 4], [3, 0, 1, 1, 4, 44]]"
luna56,matched200_full,char3_5_tfidf_svm,original,simplify,317,18,0.7245429947863576,0.6334800889176183,0.8027593938644493,0.7444794952681388,"[[53, 1, 0, 4, 0, 0], [2, 23, 0, 7, 15, 5], [1, 2, 21, 13, 6, 5], [0, 1, 0, 56, 0, 0], [1, 1, 0, 4, 39, 4], [2, 0, 1, 2, 4, 44]]"
luna56,matched200_full,char3_5_tfidf_svm,paraphrase,original,317,18,0.7937299801329933,0.7111505476880018,0.861014646344624,0.804416403785489,"[[57, 1, 0, 0, 0, 0], [3, 26, 3, 5, 12, 3], [1, 1, 36, 4, 4, 2], [3, 0, 0, 54, 0, 0], [0, 1, 1, 2, 44, 1], [2, 0, 2, 1, 10, 38]]"
luna56,matched200_full,char3_5_tfidf_svm,paraphrase,paraphrase,317,18,0.7536791832514687,0.6664583233381188,0.827512530948812,0.7665615141955836,"[[55, 1, 0, 2, 0, 0], [2, 22, 0, 13, 13, 2], [2, 2, 31, 5, 4, 4], [1, 1, 1, 54, 0, 0], [0, 3, 2, 3, 40, 1], [2, 0, 1, 4, 5, 41]]"
luna56,matched200_full,char3_5_tfidf_svm,paraphrase,modernize,317,18,0.7359153222940035,0.6485328044799369,0.8111338829118047,0.750788643533123,"[[56, 1, 0, 1, 0, 0], [1, 24, 1, 8, 15, 3], [2, 2, 28, 7, 6, 3], [1, 1, 0, 55, 0, 0], [0, 1, 3, 3, 41, 1], [1, 2, 3, 5, 8, 34]]"
luna56,matched200_full,char3_5_tfidf_svm,paraphrase,simplify,317,18,0.7188576619176948,0.6141863066664188,0.8018586567106885,0.7381703470031545,"[[56, 1, 0, 1, 0, 0], [5, 21, 0, 5, 18, 3], [1, 3, 23, 7, 10, 4], [2, 1, 0, 53, 0, 1], [1, 1, 0, 1, 45, 1], [1, 1, 1, 3, 11, 36]]"
luna56,matched200_full,char3_5_tfidf_svm,modernize,original,317,18,0.807369072361038,0.7382731967985662,0.867771545962174,0.8170347003154574,"[[56, 1, 0, 0, 0, 1], [3, 27, 3, 8, 8, 3], [2, 2, 36, 4, 3, 1], [2, 0, 1, 54, 0, 0], [1, 1, 0, 2, 44, 1], [2, 0, 1, 0, 8, 42]]"
luna56,matched200_full,char3_5_tfidf_svm,modernize,paraphrase,317,18,0.7189991235513253,0.6371352047680052,0.7913461798210351,0.7287066246056783,"[[53, 1, 0, 4, 0, 0], [0, 24, 2, 14, 9, 3], [2, 2, 30, 9, 3, 2], [0, 1, 1, 55, 0, 0], [1, 5, 2, 6, 34, 1], [3, 3, 3, 5, 4, 35]]"
luna56,matched200_full,char3_5_tfidf_svm,modernize,modernize,317,18,0.7495419297059724,0.6691978223363458,0.8188681281363537,0.7634069400630915,"[[56, 1, 0, 1, 0, 0], [2, 24, 2, 9, 12, 3], [1, 2, 31, 7, 5, 2], [2, 0, 0, 55, 0, 0], [1, 2, 2, 3, 40, 1], [3, 2, 3, 4, 5, 36]]"
luna56,matched200_full,char3_5_tfidf_svm,modernize,simplify,317,18,0.759312387961801,0.6769792845385831,0.8319588591452802,0.7697160883280757,"[[55, 1, 0, 2, 0, 0], [4, 27, 0, 6, 12, 3], [1, 2, 29, 7, 6, 3], [1, 1, 1, 54, 0, 0], [1, 3, 0, 3, 40, 2], [2, 2, 1, 1, 8, 39]]"
luna56,matched200_full,char3_5_tfidf_svm,simplify,original,317,18,0.7947360272503614,0.7131038551099029,0.8622959150586653,0.8012618296529969,"[[55, 1, 0, 2, 0, 0], [1, 31, 3, 9, 5, 3], [2, 1, 33, 7, 3, 2], [3, 0, 0, 54, 0, 0], [1, 2, 1, 2, 42, 1], [2, 1, 2, 4, 5, 39]]"
luna56,matched200_full,char3_5_tfidf_svm,simplify,paraphrase,317,18,0.7179026006943072,0.6243642593811307,0.794426444699325,0.7255520504731862,"[[53, 1, 0, 4, 0, 0], [1, 26, 1, 16, 7, 1], [1, 1, 33, 9, 3, 1], [0, 0, 1, 56, 0, 0], [0, 7, 6, 5, 31, 0], [3, 3, 3, 9, 4, 31]]"
luna56,matched200_full,char3_5_tfidf_svm,simplify,modernize,317,18,0.7433682880223308,0.6741710836633429,0.8071145896549412,0.7539432176656151,"[[55, 1, 0, 2, 0, 0], [0, 26, 2, 13, 9, 2], [1, 1, 31, 9, 4, 2], [1, 0, 0, 56, 0, 0], [0, 4, 3, 4, 37, 1], [2, 3, 4, 5, 5, 34]]"
luna56,matched200_full,char3_5_tfidf_svm,simplify,simplify,317,18,0.7474436800730148,0.6576115650108687,0.8201617399177996,0.7570977917981072,"[[55, 1, 0, 2, 0, 0], [2, 26, 0, 11, 10, 3], [1, 2, 30, 8, 5, 2], [1, 1, 0, 55, 0, 0], [1, 3, 0, 4, 39, 2], [2, 3, 2, 5, 6, 35]]"
luna56,w200_prefix,shared_stylometry_nc,original,original,317,18,0.568510369868735,0.48559197010828453,0.645450807867189,0.5678233438485805,"[[41, 6, 3, 4, 2, 2], [4, 17, 1, 8, 6, 16], [1, 5, 32, 4, 0, 6], [4, 3, 6, 36, 1, 7], [2, 8, 2, 4, 25, 8], [4, 11, 3, 5, 1, 29]]"
luna56,w200_prefix,shared_stylometry_nc,original,paraphrase,317,18,0.5105459728849833,0.4156132655491419,0.5974149558779316,0.5173501577287066,"[[39, 9, 0, 3, 1, 6], [5, 18, 0, 8, 3, 18], [2, 8, 20, 8, 0, 10], [5, 2, 4, 37, 0, 9], [4, 13, 2, 2, 14, 14], [5, 9, 0, 2, 1, 36]]"
luna56,w200_prefix,shared_stylometry_nc,original,modernize,317,18,0.47339614846084827,0.3837666537042551,0.5579074169432537,0.48264984227129337,"[[44, 5, 0, 3, 1, 5], [4, 17, 1, 6, 5, 19], [2, 8, 16, 9, 1, 12], [8, 4, 1, 31, 0, 13], [8, 10, 1, 2, 14, 14], [4, 12, 2, 2, 2, 31]]"
luna56,w200_prefix,shared_stylometry_nc,original,simplify,317,18,0.4495794554350419,0.3646863950631349,0.5321038933923562,0.4637223974763407,"[[39, 9, 0, 2, 2, 6], [5, 18, 0, 4, 8, 17], [3, 7, 10, 12, 2, 14], [8, 5, 3, 28, 0, 13], [7, 11, 1, 1, 17, 12], [2, 12, 0, 0, 4, 35]]"
luna56,w200_prefix,shared_stylometry_nc,paraphrase,original,317,18,0.5452032308649956,0.4596208233092617,0.627114908531351,0.5488958990536278,"[[41, 5, 4, 3, 3, 2], [3, 20, 3, 8, 9, 9], [2, 5, 29, 9, 0, 3], [4, 3, 9, 33, 3, 5], [5, 8, 3, 4, 28, 1], [4, 11, 6, 5, 4, 23]]"
luna56,w200_prefix,shared_stylometry_nc,paraphrase,paraphrase,317,18,0.4890920829307633,0.4024782143533809,0.5706844905855397,0.4921135646687697,"[[39, 5, 3, 3, 4, 4], [2, 18, 3, 7, 9, 13], [1, 7, 23, 9, 1, 7], [2, 4, 8, 33, 0, 10], [5, 12, 4, 3, 18, 7], [5, 11, 4, 6, 2, 25]]"
luna56,w200_prefix,shared_stylometry_nc,paraphrase,modernize,317,18,0.4882821186099875,0.39445383084274777,0.5727264057323963,0.4889589905362776,"[[41, 8, 0, 2, 2, 5], [6, 18, 2, 6, 8, 12], [1, 7, 22, 9, 2, 7], [6, 6, 5, 27, 3, 10], [6, 8, 4, 1, 21, 9], [5, 13, 3, 3, 3, 26]]"
luna56,w200_prefix,shared_stylometry_nc,paraphrase,simplify,317,18,0.4790858726652148,0.391414243370027,0.5606641847115684,0.48264984227129337,"[[37, 10, 0, 2, 4, 5], [5, 21, 2, 4, 9, 11], [2, 8, 16, 8, 7, 7], [7, 8, 4, 27, 2, 9], [6, 7, 3, 2, 23, 8], [6, 10, 2, 2, 4, 29]]"
luna56,w200_prefix,shared_stylometry_nc,modernize,original,317,18,0.5206967058982924,0.449327990307075,0.590787317601891,0.5236593059936908,"[[40, 4, 4, 3, 3, 4], [4, 15, 6, 6, 9, 12], [0, 5, 27, 11, 1, 4], [4, 3, 9, 33, 0, 8], [3, 8, 3, 4, 27, 4], [4, 12, 5, 6, 2, 24]]"
luna56,w200_prefix,shared_stylometry_nc,modernize,paraphrase,317,18,0.48326369341380754,0.3970434158514733,0.56813467645586,0.4889589905362776,"[[40, 7, 2, 2, 3, 4], [3, 17, 4, 7, 4, 17], [0, 5, 21, 13, 1, 8], [3, 2, 6, 36, 0, 10], [4, 13, 3, 4, 15, 10], [4, 12, 4, 6, 1, 26]]"
luna56,w200_prefix,shared_stylometry_nc,modernize,modernize,317,18,0.47543537366340777,0.3955668120631709,0.5528471482655712,0.4794952681388013,"[[42, 7, 0, 2, 2, 5], [5, 13, 4, 6, 7, 17], [0, 4, 22, 11, 2, 9], [6, 3, 3, 30, 3, 12], [7, 8, 3, 1, 18, 12], [5, 13, 3, 4, 1, 27]]"
luna56,w200_prefix,shared_stylometry_nc,modernize,simplify,317,18,0.47551468013981407,0.38955170814224005,0.5598845542089681,0.4794952681388013,"[[40, 9, 0, 2, 3, 4], [7, 18, 2, 5, 6, 14], [0, 9, 17, 12, 3, 7], [8, 6, 5, 28, 0, 10], [6, 8, 2, 3, 20, 10], [5, 11, 2, 3, 3, 29]]"
luna56,w200_prefix,shared_stylometry_nc,simplify,original,317,18,0.5052594568401084,0.4278070435810443,0.588228303235319,0.5110410094637224,"[[38, 5, 4, 5, 2, 4], [2, 14, 8, 7, 9, 12], [0, 5, 31, 8, 0, 4], [3, 2, 11, 33, 0, 8], [4, 8, 5, 5, 21, 6], [4, 9, 5, 6, 4, 25]]"
luna56,w200_prefix,shared_stylometry_nc,simplify,paraphrase,317,18,0.4758916822069243,0.3851852380361203,0.5641125135066863,0.48580441640378547,"[[38, 8, 3, 3, 1, 5], [4, 16, 4, 7, 6, 15], [1, 5, 22, 12, 1, 7], [3, 1, 5, 37, 0, 11], [5, 12, 3, 5, 13, 11], [4, 10, 3, 7, 1, 28]]"
luna56,w200_prefix,shared_stylometry_nc,simplify,modernize,317,18,0.5025768717346927,0.4168466556793809,0.5861768693308832,0.5047318611987381,"[[39, 8, 2, 1, 2, 6], [3, 16, 5, 6, 5, 17], [1, 4, 26, 9, 1, 7], [5, 4, 5, 33, 1, 9], [6, 7, 3, 3, 18, 12], [5, 11, 3, 4, 2, 28]]"
luna56,w200_prefix,shared_stylometry_nc,simplify,simplify,317,18,0.5018899275797193,0.41244110125156186,0.5851101339994693,0.5047318611987381,"[[39, 8, 2, 1, 4, 4], [5, 18, 4, 6, 6, 13], [1, 7, 22, 10, 0, 8], [5, 3, 6, 34, 0, 9], [6, 7, 1, 5, 20, 10], [5, 11, 4, 4, 2, 27]]"
luna56,w200_prefix,shared_function_words_nc,original,original,317,18,0.4848312814521365,0.4114321819411787,0.5599928029445689,0.4889589905362776,"[[42, 6, 0, 3, 0, 7], [7, 6, 4, 12, 6, 17], [0, 5, 36, 3, 0, 4], [4, 10, 5, 25, 1, 12], [6, 4, 1, 4, 22, 12], [7, 9, 3, 4, 6, 24]]"
luna56,w200_prefix,shared_function_words_nc,original,paraphrase,317,18,0.39839520440672516,0.3272234228524467,0.4737295440013157,0.40063091482649843,"[[42, 6, 1, 2, 1, 6], [7, 7, 2, 10, 5, 21], [1, 14, 16, 11, 0, 6], [3, 10, 2, 28, 2, 12], [8, 12, 1, 2, 12, 14], [4, 15, 1, 2, 9, 22]]"
luna56,w200_prefix,shared_function_words_nc,original,modernize,317,18,0.4084958776762937,0.33458589134994565,0.48296786277005366,0.416403785488959,"[[44, 6, 0, 1, 1, 6], [7, 6, 2, 12, 6, 19], [1, 11, 15, 11, 3, 7], [5, 11, 1, 26, 3, 11], [9, 12, 1, 1, 14, 12], [4, 13, 1, 2, 6, 27]]"
luna56,w200_prefix,shared_function_words_nc,original,simplify,317,18,0.38147559772223216,0.30681080240853237,0.45377719526172744,0.3911671924290221,"[[41, 8, 0, 1, 2, 6], [10, 7, 3, 10, 5, 17], [0, 15, 12, 12, 3, 6], [6, 12, 2, 26, 2, 9], [11, 5, 0, 2, 13, 18], [5, 15, 0, 2, 6, 25]]"
luna56,w200_prefix,shared_function_words_nc,paraphrase,original,317,18,0.43627671818204733,0.375665497175345,0.49890241100768645,0.45741324921135645,"[[42, 3, 4, 1, 2, 6], [7, 4, 10, 7, 5, 19], [0, 4, 35, 5, 0, 4], [6, 9, 10, 22, 1, 9], [8, 4, 4, 3, 17, 13], [7, 7, 5, 3, 6, 25]]"
luna56,w200_prefix,shared_function_words_nc,paraphrase,paraphrase,317,18,0.4367570928653273,0.3645271231399802,0.5093798744643118,0.4479495268138801,"[[39, 4, 3, 2, 5, 5], [6, 8, 8, 7, 7, 16], [0, 3, 31, 8, 1, 5], [2, 10, 5, 28, 1, 11], [10, 10, 2, 2, 12, 13], [5, 7, 2, 5, 10, 24]]"
luna56,w200_prefix,shared_function_words_nc,paraphrase,modernize,317,18,0.407773361679667,0.33966761963547903,0.4750954072772419,0.4227129337539432,"[[42, 3, 3, 1, 4, 5], [9, 4, 7, 6, 9, 17], [1, 7, 23, 10, 2, 5], [6, 10, 5, 25, 2, 9], [9, 7, 1, 2, 14, 16], [3, 9, 3, 3, 9, 26]]"
luna56,w200_prefix,shared_function_words_nc,paraphrase,simplify,317,18,0.387329430732211,0.31749387325902184,0.45815251386405553,0.40063091482649843,"[[40, 5, 3, 1, 6, 3], [12, 5, 6, 5, 10, 14], [0, 10, 20, 9, 4, 5], [8, 9, 6, 23, 2, 9], [10, 5, 1, 3, 16, 14], [5, 7, 5, 3, 10, 23]]"
luna56,w200_prefix,shared_function_words_nc,modernize,original,317,18,0.4402202546614024,0.3709476184649865,0.5091280788981618,0.4605678233438486,"[[39, 4, 3, 1, 2, 9], [5, 2, 11, 7, 9, 18], [0, 4, 34, 6, 0, 4], [4, 7, 8, 26, 1, 11], [7, 4, 3, 4, 19, 12], [7, 6, 4, 4, 6, 26]]"
luna56,w200_prefix,shared_function_words_nc,modernize,paraphrase,317,18,0.4267158009805068,0.3537636554481976,0.5020205752442407,0.4353312302839117,"[[38, 5, 2, 2, 4, 7], [7, 6, 8, 6, 6, 19], [0, 6, 26, 10, 2, 4], [2, 10, 4, 30, 1, 10], [10, 9, 1, 2, 13, 14], [4, 8, 2, 4, 10, 25]]"
luna56,w200_prefix,shared_function_words_nc,modernize,modernize,317,18,0.4199694531239662,0.346952354452348,0.49534880121123787,0.43217665615141954,"[[40, 5, 0, 1, 4, 8], [9, 3, 7, 7, 6, 20], [0, 8, 24, 10, 1, 5], [4, 9, 5, 27, 1, 11], [8, 8, 1, 4, 15, 13], [4, 7, 3, 2, 9, 28]]"
luna56,w200_prefix,shared_function_words_nc,modernize,simplify,317,18,0.41630213086507,0.3364823987311939,0.4962475471512626,0.42902208201892744,"[[39, 6, 2, 1, 6, 4], [10, 3, 7, 7, 7, 18], [0, 7, 23, 11, 3, 4], [8, 10, 5, 26, 0, 8], [10, 5, 1, 2, 19, 12], [5, 8, 3, 3, 8, 26]]"
luna56,w200_prefix,shared_function_words_nc,simplify,original,317,18,0.4155386132862311,0.34359346429987975,0.4908493273542511,0.43217665615141954,"[[35, 3, 4, 1, 4, 11], [8, 4, 8, 5, 8, 19], [0, 5, 33, 6, 0, 4], [4, 7, 10, 25, 1, 10], [7, 3, 3, 4, 15, 17], [6, 5, 4, 4, 9, 25]]"
luna56,w200_prefix,shared_function_words_nc,simplify,paraphrase,317,18,0.4214525509147958,0.35151169072718425,0.4927945904370796,0.4384858044164038,"[[38, 4, 3, 2, 4, 7], [10, 5, 8, 6, 5, 18], [0, 4, 29, 10, 1, 4], [3, 7, 6, 30, 1, 10], [9, 7, 2, 3, 12, 16], [3, 7, 4, 4, 10, 25]]"
luna56,w200_prefix,shared_function_words_nc,simplify,modernize,317,18,0.4269990653430589,0.3556798933342503,0.5005934421197943,0.4416403785488959,"[[39, 6, 1, 1, 4, 7], [9, 5, 8, 7, 3, 20], [0, 6, 27, 9, 1, 5], [5, 6, 7, 27, 1, 11], [8, 7, 1, 4, 13, 16], [4, 7, 2, 2, 9, 29]]"
luna56,w200_prefix,shared_function_words_nc,simplify,simplify,317,18,0.39912488833973797,0.32283803135410927,0.48022324175103875,0.41324921135646686,"[[38, 7, 2, 1, 4, 6], [10, 7, 7, 9, 4, 15], [0, 8, 22, 11, 2, 5], [8, 6, 8, 25, 1, 9], [11, 4, 2, 3, 13, 16], [4, 7, 2, 3, 11, 26]]"
luna56,w200_prefix,char3_5_tfidf_svm,original,original,317,18,0.791652862450059,0.7173477714515402,0.8561567253885662,0.7981072555205048,"[[53, 2, 1, 2, 0, 0], [3, 28, 2, 8, 11, 0], [0, 2, 39, 3, 2, 2], [2, 2, 1, 52, 0, 0], [1, 1, 2, 2, 40, 3], [4, 1, 1, 0, 6, 41]]"
luna56,w200_prefix,char3_5_tfidf_svm,original,paraphrase,317,18,0.663741980130007,0.561733468293559,0.7545466148885026,0.6782334384858044,"[[53, 2, 0, 3, 0, 0], [4, 21, 2, 15, 7, 3], [1, 1, 27, 13, 4, 2], [1, 2, 0, 54, 0, 0], [2, 4, 4, 10, 25, 4], [5, 2, 1, 7, 3, 35]]"
luna56,w200_prefix,char3_5_tfidf_svm,original,modernize,317,18,0.7027800421373369,0.6251982909683049,0.7737754541022779,0.7160883280757098,"[[54, 1, 0, 3, 0, 0], [4, 23, 1, 13, 6, 5], [1, 3, 24, 15, 3, 2], [2, 2, 0, 52, 0, 1], [1, 1, 1, 5, 37, 4], [5, 1, 1, 2, 7, 37]]"
luna56,w200_prefix,char3_5_tfidf_svm,original,simplify,317,18,0.6325679572000327,0.5395900245115166,0.7163390908010934,0.6593059936908517,"[[54, 2, 0, 2, 0, 0], [4, 19, 0, 11, 11, 7], [3, 2, 15, 20, 5, 3], [2, 3, 0, 50, 0, 2], [1, 2, 0, 6, 33, 7], [3, 0, 0, 4, 8, 38]]"
luna56,w200_prefix,char3_5_tfidf_svm,paraphrase,original,317,18,0.7043782956216571,0.6159734375086419,0.7793945105858807,0.7129337539432177,"[[53, 2, 1, 2, 0, 0], [1, 27, 1, 11, 8, 4], [0, 2, 30, 10, 3, 3], [2, 2, 3, 48, 1, 1], [1, 1, 2, 3, 40, 2], [3, 4, 2, 7, 9, 28]]"
luna56,w200_prefix,char3_5_tfidf_svm,paraphrase,paraphrase,317,18,0.6729974682949305,0.5750056917523482,0.7559763021625838,0.6876971608832808,"[[54, 1, 0, 3, 0, 0], [3, 22, 2, 16, 6, 3], [3, 2, 25, 10, 5, 3], [2, 2, 1, 52, 0, 0], [2, 5, 1, 3, 33, 5], [8, 2, 1, 6, 4, 32]]"
luna56,w200_prefix,char3_5_tfidf_svm,paraphrase,modernize,317,18,0.6888396389435033,0.5946646760727355,0.7685218581751737,0.7066246056782335,"[[55, 0, 0, 2, 1, 0], [1, 27, 2, 11, 8, 3], [2, 4, 23, 11, 6, 2], [2, 2, 0, 53, 0, 0], [1, 2, 1, 2, 39, 4], [5, 4, 2, 2, 13, 27]]"
luna56,w200_prefix,char3_5_tfidf_svm,paraphrase,simplify,317,18,0.6684814764761452,0.5854600712832863,0.7418714821712301,0.6845425867507886,"[[55, 1, 0, 2, 0, 0], [2, 22, 0, 9, 14, 5], [1, 4, 22, 8, 11, 2], [3, 3, 1, 47, 1, 2], [1, 1, 0, 2, 41, 4], [4, 2, 1, 3, 13, 30]]"
luna56,w200_prefix,char3_5_tfidf_svm,modernize,original,317,18,0.7291830334576165,0.6534815879426089,0.7958360335719715,0.7350157728706624,"[[51, 2, 1, 3, 0, 1], [2, 26, 1, 14, 8, 1], [0, 2, 33, 6, 4, 3], [2, 2, 3, 48, 1, 1], [2, 0, 2, 3, 40, 2], [4, 1, 2, 3, 8, 35]]"
luna56,w200_prefix,char3_5_tfidf_svm,modernize,paraphrase,317,18,0.6643372162791966,0.5758793217519722,0.74607337395611,0.6750788643533123,"[[53, 1, 0, 4, 0, 0], [2, 22, 1, 18, 6, 3], [0, 3, 30, 10, 3, 2], [3, 2, 3, 49, 0, 0], [2, 7, 3, 4, 27, 6], [8, 1, 1, 5, 5, 33]]"
luna56,w200_prefix,char3_5_tfidf_svm,modernize,modernize,317,18,0.7099208663533804,0.6409725204251974,0.7739751970365752,0.722397476340694,"[[54, 2, 0, 2, 0, 0], [3, 26, 1, 12, 6, 4], [1, 3, 29, 9, 5, 1], [2, 2, 0, 53, 0, 0], [2, 1, 2, 4, 38, 2], [6, 4, 3, 3, 8, 29]]"
luna56,w200_prefix,char3_5_tfidf_svm,modernize,simplify,317,18,0.7080647797096441,0.621680263768044,0.7831770365151871,0.7192429022082019,"[[55, 1, 0, 2, 0, 0], [4, 24, 0, 11, 9, 4], [1, 2, 28, 10, 6, 1], [3, 2, 1, 50, 0, 1], [2, 2, 0, 3, 38, 4], [5, 3, 1, 2, 9, 33]]"
luna56,w200_prefix,char3_5_tfidf_svm,simplify,original,317,18,0.6942365183683359,0.6166086429214349,0.7624474073939771,0.7003154574132492,"[[52, 2, 1, 3, 0, 0], [1, 27, 1, 13, 7, 3], [0, 4, 31, 8, 2, 3], [2, 2, 3, 48, 1, 1], [2, 2, 2, 5, 35, 3], [5, 4, 2, 8, 5, 29]]"
luna56,w200_prefix,char3_5_tfidf_svm,simplify,paraphrase,317,18,0.6692397996109958,0.5765164788520303,0.7505126700307878,0.6782334384858044,"[[53, 1, 0, 4, 0, 0], [1, 26, 1, 17, 4, 3], [1, 2, 29, 11, 3, 2], [2, 2, 3, 50, 0, 0], [2, 6, 3, 7, 27, 4], [8, 1, 5, 6, 3, 30]]"
luna56,w200_prefix,char3_5_tfidf_svm,simplify,modernize,317,18,0.6831921453618351,0.6044845145157353,0.7536981812840974,0.694006309148265,"[[54, 1, 0, 3, 0, 0], [1, 26, 2, 13, 5, 5], [1, 2, 28, 11, 3, 3], [2, 3, 2, 50, 0, 0], [2, 1, 4, 6, 33, 3], [5, 6, 2, 4, 7, 29]]"
luna56,w200_prefix,char3_5_tfidf_svm,simplify,simplify,317,18,0.6996821129885645,0.6201058186150812,0.7715652087657136,0.7097791798107256,"[[55, 1, 0, 2, 0, 0], [2, 27, 0, 13, 7, 3], [1, 3, 27, 10, 6, 1], [2, 2, 2, 50, 0, 1], [2, 3, 2, 5, 34, 3], [6, 2, 1, 3, 9, 32]]"
luna56,w200_middle,shared_stylometry_nc,original,original,317,18,0.5360595054795718,0.4447680864590573,0.6270010013085442,0.5331230283911672,"[[34, 9, 3, 5, 0, 7], [12, 17, 1, 5, 8, 9], [4, 2, 32, 5, 1, 4], [10, 4, 4, 33, 0, 6], [2, 12, 1, 4, 24, 6], [5, 8, 3, 3, 5, 29]]"
luna56,w200_middle,shared_stylometry_nc,original,paraphrase,317,18,0.4169290147581309,0.3256300373332399,0.5132470251001909,0.42586750788643535,"[[32, 11, 1, 8, 0, 6], [13, 16, 1, 7, 3, 12], [4, 6, 17, 11, 1, 9], [12, 4, 1, 26, 1, 13], [3, 12, 3, 5, 11, 15], [7, 7, 3, 2, 1, 33]]"
luna56,w200_middle,shared_stylometry_nc,original,modernize,317,18,0.41268292028084824,0.3240551676127091,0.5019069628898811,0.4227129337539432,"[[33, 11, 0, 8, 0, 6], [14, 17, 1, 3, 3, 14], [5, 6, 14, 7, 3, 13], [12, 5, 1, 27, 1, 11], [4, 14, 2, 4, 11, 14], [6, 8, 1, 4, 2, 32]]"
luna56,w200_middle,shared_stylometry_nc,original,simplify,317,18,0.3858385126249129,0.3033602242438171,0.46673542324147377,0.3943217665615142,"[[34, 11, 0, 5, 0, 8], [14, 14, 1, 4, 6, 13], [5, 6, 16, 6, 3, 12], [15, 6, 1, 17, 1, 17], [4, 15, 2, 1, 11, 16], [7, 7, 2, 0, 4, 33]]"
luna56,w200_middle,shared_stylometry_nc,paraphrase,original,317,18,0.4942341647127124,0.4118700037177236,0.5774611696917494,0.4952681388012618,"[[35, 6, 4, 5, 6, 2], [7, 15, 1, 4, 20, 5], [3, 4, 30, 4, 4, 3], [10, 5, 5, 30, 4, 3], [3, 11, 2, 2, 27, 4], [3, 9, 5, 5, 11, 20]]"
luna56,w200_middle,shared_stylometry_nc,paraphrase,paraphrase,317,18,0.4367806961532332,0.3470542162686545,0.5308238405200819,0.444794952681388,"[[35, 10, 3, 7, 0, 3], [6, 14, 2, 7, 13, 10], [1, 5, 20, 11, 4, 7], [7, 5, 8, 25, 3, 9], [3, 14, 4, 2, 14, 12], [4, 6, 3, 3, 4, 33]]"
luna56,w200_middle,shared_stylometry_nc,paraphrase,modernize,317,18,0.4360679558038049,0.3586884721876309,0.5140672408898018,0.444794952681388,"[[38, 8, 1, 5, 2, 4], [7, 15, 2, 4, 16, 8], [3, 4, 16, 8, 8, 9], [10, 6, 6, 25, 4, 6], [3, 14, 1, 4, 17, 10], [6, 7, 4, 3, 3, 30]]"
luna56,w200_middle,shared_stylometry_nc,paraphrase,simplify,317,18,0.4289654330651678,0.3500958358323076,0.505930931397977,0.4384858044164038,"[[41, 7, 0, 1, 2, 7], [11, 15, 0, 4, 12, 10], [3, 5, 20, 3, 10, 7], [13, 9, 8, 15, 3, 9], [4, 14, 2, 2, 19, 8], [5, 7, 5, 1, 6, 29]]"
luna56,w200_middle,shared_stylometry_nc,modernize,original,317,18,0.47808604923450854,0.396867302008238,0.5607922867936462,0.4794952681388013,"[[27, 13, 3, 7, 1, 7], [3, 15, 3, 7, 18, 6], [2, 3, 30, 6, 4, 3], [7, 3, 11, 31, 3, 2], [4, 8, 2, 5, 26, 4], [4, 8, 5, 6, 7, 23]]"
luna56,w200_middle,shared_stylometry_nc,modernize,paraphrase,317,18,0.4163648982432922,0.32690970915333945,0.5092779053219266,0.42902208201892744,"[[31, 10, 4, 7, 0, 6], [6, 15, 5, 7, 9, 10], [1, 5, 20, 13, 3, 6], [7, 2, 9, 28, 2, 9], [3, 13, 5, 4, 10, 14], [4, 6, 5, 2, 4, 32]]"
luna56,w200_middle,shared_stylometry_nc,modernize,modernize,317,18,0.43784816380652464,0.3509533593081988,0.5274453953600358,0.4479495268138801,"[[34, 9, 2, 6, 2, 5], [4, 15, 3, 7, 14, 9], [2, 3, 20, 9, 7, 7], [6, 4, 7, 29, 2, 9], [3, 13, 5, 5, 12, 11], [5, 6, 4, 4, 2, 32]]"
luna56,w200_middle,shared_stylometry_nc,modernize,simplify,317,18,0.4361319615001004,0.35022598168983665,0.5192384475509237,0.444794952681388,"[[37, 9, 0, 4, 1, 7], [9, 16, 3, 4, 9, 11], [2, 3, 20, 6, 10, 7], [11, 5, 8, 21, 2, 10], [4, 13, 3, 3, 15, 11], [5, 6, 3, 2, 5, 32]]"
luna56,w200_middle,shared_stylometry_nc,simplify,original,317,18,0.470795691401752,0.39009620367391984,0.5573800790045164,0.47634069400630913,"[[29, 9, 4, 7, 0, 9], [8, 12, 6, 7, 12, 7], [0, 2, 31, 9, 3, 3], [8, 2, 12, 29, 2, 4], [3, 6, 2, 5, 27, 6], [2, 7, 7, 7, 7, 23]]"
luna56,w200_middle,shared_stylometry_nc,simplify,paraphrase,317,18,0.44573082578639484,0.363942922703211,0.5339850790895004,0.4605678233438486,"[[33, 7, 4, 10, 0, 4], [5, 12, 5, 10, 9, 11], [1, 4, 22, 11, 3, 7], [6, 2, 7, 34, 2, 6], [2, 12, 5, 3, 12, 15], [3, 6, 3, 4, 4, 33]]"
luna56,w200_middle,shared_stylometry_nc,simplify,modernize,317,18,0.45269758140749494,0.37523610471849256,0.5343050984231459,0.4637223974763407,"[[35, 8, 3, 6, 2, 4], [6, 14, 4, 6, 12, 10], [2, 3, 21, 8, 6, 8], [6, 2, 9, 32, 2, 6], [3, 13, 5, 4, 14, 10], [3, 6, 4, 6, 3, 31]]"
luna56,w200_middle,shared_stylometry_nc,simplify,simplify,317,18,0.4604835513260445,0.3841462434381469,0.5386443277267614,0.47318611987381703,"[[39, 9, 1, 4, 0, 5], [8, 15, 5, 4, 10, 10], [1, 3, 24, 7, 6, 7], [8, 2, 8, 28, 2, 9], [3, 11, 5, 5, 12, 13], [3, 6, 5, 1, 6, 32]]"
luna56,w200_middle,shared_function_words_nc,original,original,317,18,0.43170077153010533,0.35032169451049566,0.5170682857297019,0.4384858044164038,"[[39, 6, 0, 7, 1, 5], [8, 10, 4, 13, 6, 11], [3, 2, 29, 10, 0, 4], [8, 12, 9, 23, 2, 3], [5, 8, 3, 3, 17, 13], [5, 7, 5, 6, 9, 21]]"
luna56,w200_middle,shared_function_words_nc,original,paraphrase,317,18,0.3808627627904751,0.3145868511821432,0.45078377761327637,0.38801261829652994,"[[38, 6, 0, 4, 4, 6], [9, 12, 3, 10, 8, 10], [1, 8, 14, 19, 2, 4], [10, 13, 5, 22, 3, 4], [3, 13, 3, 2, 14, 14], [6, 10, 3, 4, 7, 23]]"
luna56,w200_middle,shared_function_words_nc,original,modernize,317,18,0.38025897379069,0.3086322025482012,0.45734880927750476,0.3911671924290221,"[[41, 6, 0, 2, 2, 7], [10, 10, 2, 9, 8, 13], [4, 10, 13, 16, 2, 3], [10, 9, 4, 23, 4, 7], [3, 16, 3, 1, 13, 13], [7, 13, 2, 3, 4, 24]]"
luna56,w200_middle,shared_function_words_nc,original,simplify,317,18,0.3777141801731965,0.3067646305197006,0.4476192038080909,0.38801261829652994,"[[42, 7, 1, 2, 1, 5], [9, 12, 2, 7, 9, 13], [2, 11, 12, 14, 3, 6], [12, 13, 3, 19, 6, 4], [4, 14, 3, 2, 14, 12], [5, 13, 1, 4, 6, 24]]"
luna56,w200_middle,shared_function_words_nc,paraphrase,original,317,18,0.3960967645815809,0.32664227958341474,0.4696561035820431,0.41324921135646686,"[[36, 4, 3, 6, 2, 7], [8, 9, 8, 6, 10, 11], [1, 2, 32, 6, 2, 5], [8, 8, 17, 18, 3, 3], [4, 8, 5, 4, 11, 17], [3, 5, 6, 2, 12, 25]]"
luna56,w200_middle,shared_function_words_nc,paraphrase,paraphrase,317,18,0.3796863494098739,0.31803541502960114,0.44437436347186815,0.3911671924290221,"[[42, 4, 1, 3, 3, 5], [6, 9, 5, 10, 9, 13], [0, 4, 19, 16, 5, 4], [8, 14, 11, 17, 4, 3], [4, 12, 4, 2, 12, 15], [2, 5, 6, 3, 12, 25]]"
luna56,w200_middle,shared_function_words_nc,paraphrase,modernize,317,18,0.3654083173162703,0.3033318557835895,0.4308795397041391,0.38170347003154576,"[[42, 4, 1, 3, 2, 6], [6, 8, 6, 9, 12, 11], [1, 3, 22, 12, 6, 4], [11, 8, 14, 13, 6, 5], [5, 13, 4, 3, 11, 13], [4, 6, 3, 3, 12, 25]]"
luna56,w200_middle,shared_function_words_nc,paraphrase,simplify,317,18,0.38303166337268774,0.309761251576194,0.4541290563743908,0.3943217665615142,"[[42, 4, 1, 2, 3, 6], [8, 12, 3, 6, 13, 10], [1, 2, 19, 15, 6, 5], [12, 11, 10, 15, 5, 4], [5, 10, 3, 3, 13, 15], [2, 9, 3, 2, 13, 24]]"
luna56,w200_middle,shared_function_words_nc,modernize,original,317,18,0.37204877793113084,0.3026757206651904,0.4432078501751707,0.38485804416403785,"[[31, 7, 3, 7, 1, 9], [7, 7, 9, 8, 10, 11], [0, 2, 30, 10, 1, 5], [8, 10, 18, 18, 0, 3], [4, 9, 5, 4, 12, 15], [3, 4, 6, 4, 12, 24]]"
luna56,w200_middle,shared_function_words_nc,modernize,paraphrase,317,18,0.3998143117448026,0.33035018785654235,0.47103004486131234,0.41324921135646686,"[[42, 5, 1, 4, 1, 5], [6, 11, 6, 9, 9, 11], [0, 4, 17, 18, 4, 5], [8, 11, 12, 21, 1, 4], [3, 11, 4, 3, 12, 16], [2, 6, 4, 4, 9, 28]]"
luna56,w200_middle,shared_function_words_nc,modernize,modernize,317,18,0.362048737504558,0.3021327730657574,0.4274397782348977,0.3753943217665615,"[[40, 4, 1, 6, 2, 5], [7, 7, 6, 10, 13, 9], [2, 4, 18, 16, 4, 4], [9, 11, 12, 16, 4, 5], [4, 15, 4, 3, 11, 12], [4, 6, 3, 3, 10, 27]]"
luna56,w200_middle,shared_function_words_nc,modernize,simplify,317,18,0.37677043717317255,0.3139255036682943,0.44196942233535347,0.39747634069400634,"[[44, 5, 1, 2, 1, 5], [10, 9, 4, 8, 11, 10], [2, 3, 15, 17, 4, 7], [12, 8, 9, 19, 5, 4], [5, 11, 4, 4, 11, 14], [2, 8, 2, 3, 10, 28]]"
luna56,w200_middle,shared_function_words_nc,simplify,original,317,18,0.38243603176701124,0.3141829110897459,0.4527234359815604,0.39747634069400634,"[[30, 7, 3, 7, 2, 9], [3, 7, 9, 8, 11, 14], [0, 1, 32, 9, 1, 5], [6, 6, 18, 22, 2, 3], [4, 8, 4, 5, 9, 19], [2, 6, 4, 3, 12, 26]]"
luna56,w200_middle,shared_function_words_nc,simplify,paraphrase,317,18,0.39561837729982385,0.32913164698950986,0.46416323974495505,0.4069400630914827,"[[40, 5, 1, 3, 1, 8], [4, 10, 7, 10, 9, 12], [0, 3, 24, 12, 3, 6], [6, 10, 13, 20, 1, 7], [5, 9, 5, 3, 10, 17], [1, 8, 5, 2, 12, 25]]"
luna56,w200_middle,shared_function_words_nc,simplify,modernize,317,18,0.3892352573495699,0.323339464925674,0.45588330713375663,0.40063091482649843,"[[36, 5, 2, 5, 2, 8], [6, 9, 5, 10, 9, 13], [0, 3, 23, 12, 4, 6], [6, 8, 17, 19, 2, 5], [3, 11, 6, 3, 12, 14], [4, 6, 4, 2, 9, 28]]"
luna56,w200_middle,shared_function_words_nc,simplify,simplify,317,18,0.4022216726179217,0.3328772583069067,0.46923527597872655,0.41324921135646686,"[[39, 6, 1, 3, 2, 7], [8, 13, 3, 7, 11, 10], [1, 2, 21, 13, 5, 6], [11, 8, 12, 20, 2, 4], [6, 11, 3, 3, 11, 15], [1, 9, 3, 2, 11, 27]]"
luna56,w200_middle,char3_5_tfidf_svm,original,original,317,18,0.734911017606597,0.6667240725088196,0.7987719395741787,0.750788643533123,"[[52, 2, 1, 2, 0, 1], [4, 20, 4, 8, 13, 3], [2, 1, 34, 7, 2, 2], [1, 1, 0, 55, 0, 0], [1, 4, 2, 2, 38, 2], [4, 0, 3, 3, 4, 39]]"
luna56,w200_middle,char3_5_tfidf_svm,original,paraphrase,317,18,0.5936691943352916,0.49939731218809025,0.6802550477190579,0.6151419558359621,"[[48, 2, 1, 6, 0, 1], [5, 16, 5, 14, 9, 3], [4, 2, 22, 13, 3, 4], [1, 1, 0, 54, 0, 1], [2, 5, 7, 5, 26, 4], [6, 2, 1, 14, 1, 29]]"
luna56,w200_middle,char3_5_tfidf_svm,original,modernize,317,18,0.6527896864841082,0.5760670331371804,0.7239576848610264,0.6782334384858044,"[[51, 1, 1, 4, 0, 1], [5, 16, 3, 12, 12, 4], [3, 1, 23, 12, 4, 5], [1, 1, 0, 55, 0, 0], [1, 5, 4, 1, 32, 6], [5, 2, 1, 4, 3, 38]]"
luna56,w200_middle,char3_5_tfidf_svm,original,simplify,317,18,0.6109203026507363,0.5297671662124879,0.6883475695424491,0.6403785488958991,"[[47, 3, 1, 4, 1, 2], [8, 13, 0, 11, 15, 5], [2, 1, 18, 17, 4, 6], [1, 2, 1, 52, 0, 1], [2, 4, 3, 1, 35, 4], [2, 1, 2, 5, 5, 38]]"
luna56,w200_middle,char3_5_tfidf_svm,paraphrase,original,317,18,0.6806129419120664,0.6021413224376991,0.7513605190351068,0.6971608832807571,"[[52, 3, 1, 1, 1, 0], [3, 18, 5, 7, 14, 5], [5, 3, 31, 2, 5, 2], [2, 2, 3, 49, 0, 1], [1, 2, 3, 3, 38, 2], [5, 2, 2, 2, 9, 33]]"
luna56,w200_middle,char3_5_tfidf_svm,paraphrase,paraphrase,317,18,0.6341314774025784,0.5588531294353513,0.7066801871487631,0.6624605678233438,"[[53, 2, 0, 1, 1, 1], [4, 14, 4, 15, 14, 1], [5, 2, 21, 12, 3, 5], [1, 1, 0, 55, 0, 0], [3, 7, 4, 3, 31, 1], [5, 1, 2, 8, 1, 36]]"
luna56,w200_middle,char3_5_tfidf_svm,paraphrase,modernize,317,18,0.6565474450093048,0.5837322625687528,0.7226130843791906,0.6845425867507886,"[[53, 2, 1, 1, 1, 0], [6, 12, 3, 13, 16, 2], [5, 1, 25, 8, 6, 3], [3, 1, 1, 52, 0, 0], [1, 3, 3, 3, 38, 1], [5, 2, 1, 5, 3, 37]]"
luna56,w200_middle,char3_5_tfidf_svm,paraphrase,simplify,317,18,0.6490175086527352,0.5689561892914068,0.7221991044001771,0.6782334384858044,"[[54, 2, 0, 0, 1, 1], [6, 14, 2, 10, 16, 4], [3, 4, 21, 10, 5, 5], [4, 0, 3, 49, 1, 0], [2, 2, 3, 1, 40, 1], [6, 1, 1, 3, 5, 37]]"
luna56,w200_middle,char3_5_tfidf_svm,modernize,original,317,18,0.6768469596972183,0.600426931051893,0.7486409018485176,0.6908517350157729,"[[50, 3, 2, 3, 0, 0], [2, 20, 5, 11, 11, 3], [4, 2, 29, 5, 5, 3], [2, 2, 3, 50, 0, 0], [1, 4, 4, 3, 35, 2], [4, 1, 3, 4, 6, 35]]"
luna56,w200_middle,char3_5_tfidf_svm,modernize,paraphrase,317,18,0.5933429832649598,0.5146495692963534,0.6696511511987514,0.6151419558359621,"[[48, 5, 2, 3, 0, 0], [4, 15, 5, 16, 10, 2], [4, 2, 21, 15, 3, 3], [1, 1, 0, 55, 0, 0], [2, 6, 6, 4, 30, 1], [5, 3, 4, 14, 1, 26]]"
luna56,w200_middle,char3_5_tfidf_svm,modernize,modernize,317,18,0.639374288097043,0.5635635711261089,0.7072152610159493,0.6624605678233438,"[[49, 4, 2, 3, 0, 0], [8, 14, 3, 11, 13, 3], [3, 2, 22, 14, 4, 3], [2, 2, 1, 52, 0, 0], [1, 3, 3, 3, 38, 1], [4, 2, 2, 7, 3, 35]]"
luna56,w200_middle,char3_5_tfidf_svm,modernize,simplify,317,18,0.6583886511437105,0.5829924046851888,0.7318013833876975,0.6845425867507886,"[[53, 4, 0, 0, 0, 1], [8, 14, 2, 13, 12, 3], [2, 2, 23, 13, 4, 4], [2, 1, 3, 50, 1, 0], [3, 2, 2, 1, 39, 2], [5, 1, 1, 2, 6, 38]]"
luna56,w200_middle,char3_5_tfidf_svm,simplify,original,317,18,0.6734180313785929,0.5889867736073756,0.7495965150353304,0.6876971608832808,"[[51, 2, 2, 2, 1, 0], [5, 19, 5, 10, 8, 5], [4, 2, 31, 6, 2, 3], [2, 1, 5, 48, 1, 0], [1, 6, 6, 2, 33, 1], [3, 2, 3, 4, 5, 36]]"
luna56,w200_middle,char3_5_tfidf_svm,simplify,paraphrase,317,18,0.6284802430797263,0.550785214486755,0.70489959030944,0.6403785488958991,"[[45, 6, 3, 4, 0, 0], [4, 18, 5, 16, 8, 1], [2, 2, 26, 13, 3, 2], [1, 0, 1, 55, 0, 0], [2, 7, 4, 7, 29, 0], [5, 3, 4, 10, 1, 30]]"
luna56,w200_middle,char3_5_tfidf_svm,simplify,modernize,317,18,0.651161409047947,0.5767251217126549,0.7241526251257316,0.668769716088328,"[[48, 5, 2, 3, 0, 0], [8, 15, 2, 14, 11, 2], [2, 2, 29, 9, 3, 3], [1, 0, 2, 54, 0, 0], [1, 5, 5, 4, 33, 1], [5, 4, 2, 7, 2, 33]]"
luna56,w200_middle,char3_5_tfidf_svm,simplify,simplify,317,18,0.6382435620190161,0.5560412422452338,0.7128410682622848,0.6593059936908517,"[[51, 4, 1, 2, 0, 0], [6, 15, 3, 16, 9, 3], [2, 2, 23, 15, 4, 2], [0, 0, 3, 53, 0, 1], [2, 5, 5, 3, 34, 0], [7, 1, 1, 8, 3, 33]]"
luna56,w200_suffix,shared_stylometry_nc,original,original,317,18,0.524672698945729,0.4320056733852475,0.6091215948428685,0.526813880126183,"[[40, 7, 2, 6, 0, 3], [5, 17, 3, 5, 9, 13], [2, 4, 32, 2, 3, 5], [7, 5, 11, 31, 0, 3], [0, 8, 3, 0, 29, 9], [5, 13, 6, 1, 10, 18]]"
luna56,w200_suffix,shared_stylometry_nc,original,paraphrase,317,18,0.42555860237913506,0.3347830362775263,0.5161536983646982,0.42902208201892744,"[[35, 5, 2, 8, 0, 8], [6, 16, 2, 5, 5, 18], [5, 4, 15, 9, 2, 13], [6, 3, 6, 32, 1, 9], [1, 12, 2, 5, 15, 14], [2, 14, 5, 5, 4, 23]]"
luna56,w200_suffix,shared_stylometry_nc,original,modernize,317,18,0.4143779178565079,0.3374442228065165,0.49406876120092663,0.416403785488959,"[[33, 6, 1, 6, 0, 12], [5, 15, 3, 5, 7, 17], [5, 4, 13, 11, 3, 12], [8, 3, 6, 31, 1, 8], [2, 12, 1, 1, 18, 15], [4, 13, 5, 3, 6, 22]]"
luna56,w200_suffix,shared_stylometry_nc,original,simplify,317,18,0.3919302340734388,0.30117712997766977,0.4825677354538322,0.40063091482649843,"[[33, 6, 0, 7, 0, 12], [6, 14, 0, 2, 8, 22], [5, 4, 10, 12, 6, 11], [13, 4, 3, 26, 1, 10], [1, 12, 3, 2, 16, 15], [4, 12, 1, 1, 7, 28]]"
luna56,w200_suffix,shared_stylometry_nc,paraphrase,original,317,18,0.4670451909127795,0.39542608794369816,0.5371107648795977,0.47634069400630913,"[[38, 7, 4, 5, 2, 2], [4, 16, 6, 4, 16, 6], [3, 4, 25, 7, 4, 5], [10, 4, 9, 27, 4, 3], [1, 9, 5, 0, 32, 2], [5, 16, 7, 1, 11, 13]]"
luna56,w200_suffix,shared_stylometry_nc,paraphrase,paraphrase,317,18,0.45162624346306407,0.3703686893751766,0.5331560403270078,0.45741324921135645,"[[37, 4, 3, 9, 1, 4], [6, 14, 6, 4, 14, 8], [1, 4, 23, 9, 4, 7], [7, 2, 8, 34, 2, 4], [1, 16, 5, 2, 18, 7], [3, 15, 5, 3, 8, 19]]"
luna56,w200_suffix,shared_stylometry_nc,paraphrase,modernize,317,18,0.42424004923162323,0.35410851951267275,0.4943686236847266,0.42586750788643535,"[[37, 7, 2, 5, 2, 5], [5, 11, 4, 3, 17, 12], [2, 4, 18, 8, 8, 8], [10, 3, 5, 29, 3, 7], [1, 16, 5, 0, 21, 6], [2, 15, 4, 3, 10, 19]]"
luna56,w200_suffix,shared_stylometry_nc,paraphrase,simplify,317,18,0.4201891368100452,0.344822583156875,0.4944512619021638,0.4227129337539432,"[[37, 8, 1, 4, 3, 5], [6, 14, 4, 1, 17, 10], [3, 3, 16, 8, 9, 9], [13, 3, 7, 24, 3, 7], [1, 14, 4, 1, 22, 7], [2, 16, 3, 1, 10, 21]]"
luna56,w200_suffix,shared_stylometry_nc,modernize,original,317,18,0.48291207529188657,0.4041145256680594,0.5624440452521474,0.48580441640378547,"[[33, 10, 4, 7, 1, 3], [4, 18, 8, 5, 10, 7], [1, 6, 26, 8, 3, 4], [11, 2, 10, 33, 0, 1], [1, 9, 6, 0, 28, 5], [4, 16, 5, 3, 9, 16]]"
luna56,w200_suffix,shared_stylometry_nc,modernize,paraphrase,317,18,0.4441925757100637,0.3522537522491286,0.5414004798285448,0.4479495268138801,"[[32, 7, 4, 11, 0, 4], [5, 16, 4, 4, 10, 13], [1, 6, 25, 9, 2, 5], [7, 2, 8, 34, 0, 6], [1, 11, 8, 5, 17, 7], [3, 15, 6, 4, 7, 18]]"
luna56,w200_suffix,shared_stylometry_nc,modernize,modernize,317,18,0.4198612614995993,0.34215969919107525,0.49815965586907907,0.4195583596214511,"[[33, 9, 1, 8, 1, 6], [5, 13, 4, 5, 13, 12], [2, 5, 19, 10, 4, 8], [10, 3, 9, 27, 2, 6], [1, 12, 5, 0, 22, 9], [1, 15, 4, 4, 10, 19]]"
luna56,w200_suffix,shared_stylometry_nc,modernize,simplify,317,18,0.43662412572349424,0.3603804342728597,0.5108423035155228,0.4416403785488959,"[[37, 8, 1, 6, 1, 5], [5, 14, 3, 4, 14, 12], [3, 4, 15, 9, 8, 9], [11, 3, 6, 30, 0, 7], [1, 11, 5, 1, 22, 9], [3, 16, 3, 1, 8, 22]]"
luna56,w200_suffix,shared_stylometry_nc,simplify,original,317,18,0.46405996855435055,0.3859378725970973,0.5435857935559041,0.47003154574132494,"[[31, 7, 6, 9, 1, 4], [4, 16, 9, 4, 11, 8], [0, 2, 33, 7, 3, 3], [8, 1, 16, 29, 0, 3], [1, 11, 7, 0, 26, 4], [3, 15, 7, 5, 9, 14]]"
luna56,w200_suffix,shared_stylometry_nc,simplify,paraphrase,317,18,0.4380493450738743,0.3525914390976057,0.5289632032273802,0.444794952681388,"[[33, 4, 2, 13, 1, 5], [5, 15, 5, 6, 8, 13], [0, 2, 26, 11, 2, 7], [6, 1, 10, 34, 0, 6], [2, 12, 10, 3, 15, 7], [1, 13, 7, 7, 7, 18]]"
luna56,w200_suffix,shared_stylometry_nc,simplify,modernize,317,18,0.42341874232615373,0.3487876500016483,0.5028230657442646,0.42902208201892744,"[[36, 7, 4, 7, 0, 4], [5, 16, 4, 5, 10, 12], [1, 4, 22, 11, 4, 6], [10, 1, 9, 30, 2, 5], [2, 14, 9, 0, 16, 8], [2, 15, 6, 8, 6, 16]]"
luna56,w200_suffix,shared_stylometry_nc,simplify,simplify,317,18,0.4176075421668816,0.3435956629795769,0.4876810159624924,0.4227129337539432,"[[36, 7, 0, 8, 0, 7], [5, 13, 3, 6, 12, 13], [0, 2, 21, 10, 6, 9], [11, 1, 8, 29, 1, 7], [1, 14, 9, 2, 15, 8], [4, 14, 5, 2, 8, 20]]"
luna56,w200_suffix,shared_function_words_nc,original,original,317,18,0.47820213915633863,0.3988698179017199,0.5577329662004596,0.4794952681388013,"[[37, 3, 2, 9, 1, 6], [6, 10, 4, 7, 7, 18], [2, 4, 29, 5, 3, 5], [10, 7, 6, 29, 1, 4], [1, 6, 5, 4, 27, 6], [4, 17, 3, 4, 5, 20]]"
luna56,w200_suffix,shared_function_words_nc,original,paraphrase,317,18,0.37045354189329877,0.2936283901437099,0.45118200523424606,0.3753943217665615,"[[36, 4, 0, 8, 1, 9], [7, 7, 4, 7, 6, 21], [4, 10, 8, 10, 5, 11], [7, 10, 5, 25, 4, 6], [3, 13, 1, 1, 23, 8], [3, 19, 3, 4, 4, 20]]"
luna56,w200_suffix,shared_function_words_nc,original,modernize,317,18,0.36906365833112137,0.29633415370840815,0.4460418551261756,0.3722397476340694,"[[33, 3, 0, 7, 2, 13], [7, 4, 3, 8, 8, 22], [3, 7, 11, 11, 6, 10], [8, 12, 2, 26, 4, 5], [3, 10, 2, 2, 23, 9], [3, 18, 3, 3, 5, 21]]"
luna56,w200_suffix,shared_function_words_nc,original,simplify,317,18,0.3650256157924659,0.28758259629449306,0.4476508186623571,0.3753943217665615,"[[37, 3, 0, 6, 3, 9], [5, 6, 1, 9, 11, 20], [2, 9, 8, 11, 8, 10], [9, 12, 3, 23, 4, 6], [3, 9, 3, 0, 22, 12], [4, 18, 0, 2, 6, 23]]"
luna56,w200_suffix,shared_function_words_nc,paraphrase,original,317,18,0.4395195127803939,0.360980373961357,0.5176745592730675,0.4479495268138801,"[[38, 4, 2, 7, 2, 5], [4, 8, 8, 5, 9, 18], [2, 3, 30, 7, 2, 4], [7, 6, 13, 24, 2, 5], [2, 6, 6, 3, 25, 7], [6, 14, 4, 3, 9, 17]]"
luna56,w200_suffix,shared_function_words_nc,paraphrase,paraphrase,317,18,0.41620937207676767,0.33894661365020173,0.49339430666068035,0.4227129337539432,"[[38, 4, 1, 6, 2, 7], [6, 6, 8, 9, 8, 15], [2, 5, 20, 9, 5, 7], [7, 8, 7, 25, 4, 6], [2, 8, 8, 1, 23, 7], [2, 14, 2, 5, 8, 22]]"
luna56,w200_suffix,shared_function_words_nc,paraphrase,modernize,317,18,0.3880120961367588,0.31138479208275044,0.45822035906736247,0.3943217665615142,"[[37, 3, 0, 7, 2, 9], [6, 7, 7, 7, 8, 17], [2, 4, 17, 10, 10, 5], [8, 9, 9, 22, 3, 6], [3, 8, 5, 1, 22, 10], [5, 15, 2, 5, 6, 20]]"
luna56,w200_suffix,shared_function_words_nc,paraphrase,simplify,317,18,0.35900913500913495,0.2947892687150959,0.4212696403290428,0.3753943217665615,"[[37, 3, 0, 8, 3, 7], [7, 3, 6, 10, 7, 19], [4, 3, 12, 8, 13, 8], [10, 8, 5, 24, 5, 5], [3, 9, 4, 1, 21, 11], [6, 13, 2, 3, 7, 22]]"
luna56,w200_suffix,shared_function_words_nc,modernize,original,317,18,0.43337739496276084,0.3505296772150677,0.5203742068276472,0.4384858044164038,"[[34, 4, 2, 9, 1, 8], [4, 6, 5, 7, 9, 21], [2, 3, 29, 8, 2, 4], [6, 6, 12, 27, 1, 5], [1, 6, 6, 5, 21, 10], [5, 15, 2, 2, 7, 22]]"
luna56,w200_suffix,shared_function_words_nc,modernize,paraphrase,317,18,0.41887334202989934,0.3399247919572597,0.500693301341132,0.4195583596214511,"[[36, 4, 1, 7, 2, 8], [6, 7, 7, 8, 6, 18], [3, 4, 21, 9, 5, 6], [5, 7, 9, 27, 2, 7], [1, 12, 7, 2, 19, 8], [2, 19, 1, 4, 4, 23]]"
luna56,w200_suffix,shared_function_words_nc,modernize,modernize,317,18,0.3754091316891876,0.2958063173418393,0.4513090954868469,0.3785488958990536,"[[35, 5, 0, 7, 2, 9], [7, 5, 6, 8, 6, 20], [2, 4, 16, 11, 8, 7], [9, 8, 10, 22, 1, 7], [2, 11, 5, 2, 20, 9], [3, 17, 1, 5, 5, 22]]"
luna56,w200_suffix,shared_function_words_nc,modernize,simplify,317,18,0.3630659751451933,0.29826016161721575,0.42945561867302473,0.3722397476340694,"[[37, 4, 0, 7, 3, 7], [7, 5, 7, 10, 8, 15], [2, 6, 13, 11, 8, 8], [10, 9, 8, 23, 2, 5], [2, 11, 4, 4, 18, 10], [6, 16, 1, 3, 5, 22]]"
luna56,w200_suffix,shared_function_words_nc,simplify,original,317,18,0.4500196110074226,0.37174407438734947,0.5307447499946882,0.45425867507886436,"[[34, 3, 3, 7, 2, 9], [4, 8, 9, 6, 6, 19], [1, 3, 32, 5, 2, 5], [5, 6, 11, 26, 2, 7], [1, 7, 8, 1, 19, 13], [2, 14, 1, 4, 7, 25]]"
luna56,w200_suffix,shared_function_words_nc,simplify,paraphrase,317,18,0.4189188881934079,0.3358634499320283,0.5034594545412625,0.4195583596214511,"[[37, 6, 0, 5, 3, 7], [8, 8, 6, 8, 5, 17], [2, 4, 20, 9, 5, 8], [7, 6, 8, 27, 1, 8], [1, 10, 6, 2, 19, 11], [2, 19, 2, 4, 4, 22]]"
luna56,w200_suffix,shared_function_words_nc,simplify,modernize,317,18,0.38644058225666744,0.31613017211397737,0.45449456463935833,0.3911671924290221,"[[35, 4, 0, 7, 3, 9], [5, 7, 6, 8, 7, 19], [2, 4, 17, 11, 7, 7], [9, 7, 10, 22, 1, 8], [2, 10, 6, 1, 18, 12], [3, 15, 1, 5, 4, 25]]"
luna56,w200_suffix,shared_function_words_nc,simplify,simplify,317,18,0.3740376488399632,0.310803432689317,0.43662379122587114,0.38485804416403785,"[[40, 3, 0, 5, 4, 6], [7, 8, 6, 10, 6, 15], [1, 6, 15, 10, 8, 8], [12, 7, 10, 22, 1, 5], [2, 12, 4, 3, 15, 13], [5, 14, 2, 5, 5, 22]]"
luna56,w200_suffix,char3_5_tfidf_svm,original,original,317,18,0.735280429775023,0.6580783844124659,0.8032401956596769,0.7539432176656151,"[[54, 0, 0, 2, 1, 1], [9, 17, 4, 8, 11, 3], [0, 1, 39, 4, 2, 2], [3, 0, 2, 52, 0, 0], [0, 0, 2, 3, 40, 4], [2, 1, 0, 5, 8, 37]]"
luna56,w200_suffix,char3_5_tfidf_svm,original,paraphrase,317,18,0.5961240983248061,0.4943469302436219,0.6872216992391506,0.6182965299684543,"[[50, 0, 0, 7, 0, 1], [7, 16, 3, 15, 9, 2], [0, 4, 22, 14, 5, 3], [1, 0, 1, 55, 0, 0], [0, 1, 3, 11, 27, 7], [6, 4, 2, 10, 5, 26]]"
luna56,w200_suffix,char3_5_tfidf_svm,original,modernize,317,18,0.6303422875214326,0.5397809748609499,0.711644551333803,0.6466876971608833,"[[51, 0, 0, 7, 0, 0], [5, 20, 3, 11, 11, 2], [1, 4, 22, 11, 5, 5], [3, 0, 2, 51, 0, 1], [0, 3, 2, 6, 31, 7], [4, 3, 0, 10, 6, 30]]"
luna56,w200_suffix,char3_5_tfidf_svm,original,simplify,317,18,0.6174449366772764,0.5357559910797107,0.6935109220115807,0.637223974763407,"[[50, 0, 0, 6, 0, 2], [8, 21, 0, 8, 10, 5], [0, 2, 17, 15, 7, 7], [4, 0, 0, 52, 0, 1], [0, 3, 1, 6, 29, 10], [4, 1, 0, 11, 4, 33]]"
luna56,w200_suffix,char3_5_tfidf_svm,paraphrase,original,317,18,0.6535355275002385,0.5685247549011015,0.7272030179997255,0.6719242902208202,"[[53, 2, 0, 1, 1, 1], [13, 17, 1, 7, 11, 3], [3, 5, 30, 4, 2, 4], [7, 0, 3, 45, 0, 2], [0, 1, 3, 2, 42, 1], [4, 4, 0, 5, 14, 26]]"
luna56,w200_suffix,char3_5_tfidf_svm,paraphrase,paraphrase,317,18,0.6354465960651184,0.5370272651421889,0.7209549961458148,0.6529968454258676,"[[53, 0, 0, 4, 1, 0], [10, 19, 0, 9, 12, 2], [0, 5, 25, 10, 3, 5], [3, 0, 2, 51, 0, 1], [0, 4, 2, 8, 32, 3], [6, 7, 1, 7, 5, 27]]"
luna56,w200_suffix,char3_5_tfidf_svm,paraphrase,modernize,317,18,0.6157723080663343,0.5209598848505534,0.7022674081578429,0.637223974763407,"[[54, 0, 1, 3, 0, 0], [6, 20, 1, 8, 14, 3], [1, 3, 21, 11, 8, 4], [7, 0, 3, 46, 0, 1], [0, 2, 3, 4, 36, 4], [6, 7, 2, 6, 7, 25]]"
luna56,w200_suffix,char3_5_tfidf_svm,paraphrase,simplify,317,18,0.6313440988303302,0.5337601391639035,0.7150217239991639,0.6529968454258676,"[[52, 1, 0, 3, 0, 2], [5, 20, 0, 7, 16, 4], [0, 3, 19, 13, 9, 4], [5, 0, 3, 49, 0, 0], [0, 1, 1, 6, 40, 1], [3, 7, 1, 5, 10, 27]]"
luna56,w200_suffix,char3_5_tfidf_svm,modernize,original,317,18,0.6891934915179697,0.5989719700748645,0.767415510741595,0.7034700315457413,"[[54, 0, 0, 3, 0, 1], [13, 21, 1, 7, 7, 3], [1, 5, 33, 4, 2, 3], [6, 0, 2, 47, 1, 1], [0, 1, 2, 2, 41, 3], [4, 6, 2, 4, 10, 27]]"
luna56,w200_suffix,char3_5_tfidf_svm,modernize,paraphrase,317,18,0.6110149458470905,0.5125142084429396,0.698496843460555,0.6309148264984227,"[[52, 0, 0, 4, 1, 1], [7, 19, 1, 11, 12, 2], [0, 3, 25, 12, 3, 5], [4, 0, 1, 52, 0, 0], [0, 3, 3, 9, 30, 4], [7, 6, 3, 11, 4, 22]]"
luna56,w200_suffix,char3_5_tfidf_svm,modernize,modernize,317,18,0.6376302111188249,0.5420095302780333,0.7205776212110155,0.6529968454258676,"[[53, 0, 1, 3, 0, 1], [7, 23, 1, 8, 10, 3], [0, 4, 26, 11, 3, 4], [4, 0, 3, 49, 0, 1], [0, 3, 2, 6, 32, 6], [5, 8, 2, 9, 5, 24]]"
luna56,w200_suffix,char3_5_tfidf_svm,modernize,simplify,317,18,0.62663263052952,0.5410413645045192,0.6995335140130082,0.6435331230283912,"[[50, 0, 0, 5, 1, 2], [5, 23, 0, 9, 12, 3], [0, 4, 20, 12, 7, 5], [4, 0, 3, 50, 0, 0], [0, 1, 2, 5, 36, 5], [4, 5, 1, 11, 7, 25]]"
luna56,w200_suffix,char3_5_tfidf_svm,simplify,original,317,18,0.7067843150911916,0.6240447585609786,0.7808356359852218,0.7160883280757098,"[[53, 1, 1, 3, 0, 0], [10, 25, 2, 6, 7, 2], [0, 6, 31, 7, 2, 2], [4, 0, 4, 48, 0, 1], [0, 3, 2, 3, 37, 4], [4, 6, 1, 4, 5, 33]]"
luna56,w200_suffix,char3_5_tfidf_svm,simplify,paraphrase,317,18,0.6568503326110936,0.5594810520593472,0.7387247516395397,0.6719242902208202,"[[53, 0, 1, 4, 0, 0], [5, 24, 3, 9, 9, 2], [0, 4, 26, 12, 3, 3], [1, 0, 3, 53, 0, 0], [1, 5, 2, 5, 31, 5], [5, 7, 3, 11, 1, 26]]"
luna56,w200_suffix,char3_5_tfidf_svm,simplify,modernize,317,18,0.6539934494688145,0.5515105924713471,0.7444811373721398,0.6719242902208202,"[[54, 0, 1, 3, 0, 0], [4, 24, 3, 7, 11, 3], [1, 2, 24, 13, 4, 4], [2, 0, 2, 52, 0, 1], [1, 4, 2, 6, 32, 4], [6, 7, 3, 6, 4, 27]]"
luna56,w200_suffix,char3_5_tfidf_svm,simplify,simplify,317,18,0.6472475799213065,0.5540022297688969,0.7281065387788943,0.6624605678233438,"[[50, 0, 0, 4, 1, 3], [2, 25, 2, 8, 11, 4], [0, 3, 23, 12, 5, 5], [2, 0, 2, 53, 0, 0], [1, 2, 3, 5, 33, 5], [6, 4, 3, 10, 4, 26]]"
luna56,matched300_full,shared_stylometry_nc,original,original,317,18,0.6596071499004598,0.57826111033122,0.7399672176489311,0.6593059936908517,"[[49, 5, 1, 2, 0, 1], [7, 24, 2, 4, 5, 10], [1, 5, 39, 0, 0, 3], [4, 6, 7, 38, 0, 2], [0, 9, 1, 3, 28, 8], [0, 12, 1, 4, 5, 31]]"
luna56,matched300_full,shared_stylometry_nc,original,paraphrase,317,18,0.5017424476628559,0.39707957113242337,0.6041512845539017,0.5110410094637224,"[[42, 6, 0, 6, 0, 4], [6, 21, 1, 3, 3, 18], [2, 9, 20, 7, 1, 9], [5, 5, 4, 34, 0, 9], [2, 14, 1, 3, 11, 18], [1, 11, 2, 3, 2, 34]]"
luna56,matched300_full,shared_stylometry_nc,original,modernize,317,18,0.5227318453697732,0.41615461889691835,0.6212769194069903,0.5299684542586751,"[[49, 4, 0, 2, 0, 3], [5, 18, 2, 3, 6, 18], [1, 9, 17, 8, 2, 11], [4, 8, 2, 34, 0, 9], [1, 17, 0, 3, 15, 13], [1, 13, 0, 1, 3, 35]]"
luna56,matched300_full,shared_stylometry_nc,original,simplify,317,18,0.44866575272007386,0.35420103778079953,0.5389145392996078,0.45741324921135645,"[[42, 7, 0, 1, 0, 8], [6, 19, 0, 2, 4, 21], [2, 10, 9, 8, 3, 16], [9, 7, 1, 26, 0, 14], [2, 15, 0, 0, 16, 16], [3, 13, 0, 0, 4, 33]]"
luna56,matched300_full,shared_stylometry_nc,paraphrase,original,317,18,0.5982264162088723,0.5278953445926733,0.6699500445092715,0.6056782334384858,"[[49, 5, 1, 2, 1, 0], [8, 19, 3, 2, 12, 8], [0, 3, 34, 6, 3, 2], [7, 4, 3, 37, 4, 2], [1, 9, 3, 2, 32, 2], [3, 13, 3, 2, 11, 21]]"
luna56,matched300_full,shared_stylometry_nc,paraphrase,paraphrase,317,18,0.5768624759414073,0.4899235812812515,0.6633228219262509,0.583596214511041,"[[46, 6, 2, 4, 0, 0], [4, 21, 4, 4, 9, 10], [0, 3, 28, 7, 4, 6], [4, 4, 4, 39, 2, 4], [1, 14, 4, 3, 19, 8], [2, 11, 3, 2, 3, 32]]"
luna56,matched300_full,shared_stylometry_nc,paraphrase,modernize,317,18,0.5501488034043115,0.4696848328124833,0.6322331877034101,0.5583596214511041,"[[49, 5, 0, 2, 0, 2], [6, 19, 4, 4, 8, 11], [1, 3, 24, 8, 7, 5], [6, 5, 6, 35, 2, 3], [4, 12, 3, 0, 23, 7], [3, 11, 2, 2, 8, 27]]"
luna56,matched300_full,shared_stylometry_nc,paraphrase,simplify,317,18,0.5166551661510496,0.429213605590429,0.6030603001659502,0.5236593059936908,"[[51, 5, 0, 0, 0, 2], [7, 19, 2, 2, 11, 11], [0, 4, 21, 4, 12, 7], [11, 6, 5, 28, 3, 4], [4, 13, 3, 0, 20, 9], [3, 12, 2, 0, 9, 27]]"
luna56,matched300_full,shared_stylometry_nc,modernize,original,317,18,0.5847692106007168,0.5091459582464347,0.6627513868394113,0.5930599369085173,"[[48, 5, 1, 3, 0, 1], [7, 17, 4, 2, 13, 9], [0, 5, 34, 5, 0, 4], [5, 3, 5, 39, 3, 2], [1, 10, 3, 2, 29, 4], [3, 12, 3, 4, 10, 21]]"
luna56,matched300_full,shared_stylometry_nc,modernize,paraphrase,317,18,0.5517899246347522,0.4615277692453799,0.6501513608175601,0.5646687697160884,"[[43, 7, 2, 6, 0, 0], [6, 18, 5, 7, 4, 12], [0, 3, 28, 9, 2, 6], [2, 1, 6, 45, 0, 3], [1, 14, 4, 3, 15, 12], [2, 13, 3, 3, 2, 30]]"
luna56,matched300_full,shared_stylometry_nc,modernize,modernize,317,18,0.5444540922715629,0.4616162433998136,0.6305891199927812,0.5520504731861199,"[[47, 6, 0, 4, 0, 1], [6, 16, 4, 4, 8, 14], [0, 3, 27, 9, 4, 5], [6, 5, 7, 36, 0, 3], [3, 11, 5, 2, 20, 8], [1, 14, 2, 4, 3, 29]]"
luna56,matched300_full,shared_stylometry_nc,modernize,simplify,317,18,0.5318195330005213,0.4453358157694029,0.6175811445834452,0.5362776025236593,"[[48, 6, 0, 1, 0, 3], [7, 17, 4, 3, 9, 12], [0, 4, 24, 7, 5, 8], [6, 6, 4, 31, 1, 9], [3, 12, 4, 1, 20, 9], [2, 14, 2, 1, 4, 30]]"
luna56,matched300_full,shared_stylometry_nc,simplify,original,317,18,0.5684197844258617,0.4829680342087116,0.6542639298570684,0.5741324921135647,"[[43, 6, 1, 6, 0, 2], [6, 17, 4, 3, 12, 10], [0, 4, 30, 9, 1, 4], [4, 1, 5, 42, 1, 4], [2, 10, 2, 2, 27, 6], [2, 14, 3, 4, 7, 23]]"
luna56,matched300_full,shared_stylometry_nc,simplify,paraphrase,317,18,0.5321815101796376,0.44063543534237615,0.6307807122404814,0.5520504731861199,"[[42, 7, 1, 8, 0, 0], [6, 16, 5, 7, 5, 13], [0, 3, 27, 9, 2, 7], [3, 0, 3, 46, 0, 5], [3, 12, 4, 6, 12, 12], [3, 12, 2, 2, 2, 32]]"
luna56,matched300_full,shared_stylometry_nc,simplify,modernize,317,18,0.5593776487358967,0.4755224001079045,0.6467467444265445,0.5678233438485805,"[[46, 6, 1, 5, 0, 0], [5, 16, 4, 5, 8, 14], [0, 1, 28, 8, 4, 7], [5, 1, 5, 40, 0, 6], [2, 11, 5, 2, 20, 9], [0, 15, 2, 4, 2, 30]]"
luna56,matched300_full,shared_stylometry_nc,simplify,simplify,317,18,0.5418814322883282,0.458147436012301,0.6278620551088743,0.5488958990536278,"[[47, 6, 0, 3, 0, 2], [6, 19, 4, 4, 8, 11], [0, 2, 26, 7, 4, 9], [4, 4, 6, 34, 2, 7], [3, 12, 4, 3, 18, 9], [2, 13, 2, 1, 5, 30]]"
luna56,matched300_full,shared_function_words_nc,original,original,317,18,0.5627459245411716,0.48006147566263513,0.6436996088915429,0.5678233438485805,"[[48, 3, 0, 2, 0, 5], [7, 9, 3, 10, 4, 19], [1, 2, 39, 2, 1, 3], [5, 8, 5, 32, 0, 7], [4, 4, 1, 2, 29, 9], [7, 14, 1, 3, 5, 23]]"
luna56,matched300_full,shared_function_words_nc,original,paraphrase,317,18,0.4655797362403537,0.36585486798599287,0.565788966559376,0.47003154574132494,"[[44, 2, 0, 4, 1, 7], [6, 10, 3, 10, 3, 20], [1, 11, 15, 14, 1, 6], [4, 9, 5, 29, 1, 9], [4, 7, 2, 1, 22, 13], [4, 15, 0, 1, 4, 29]]"
luna56,matched300_full,shared_function_words_nc,original,modernize,317,18,0.4523037199269951,0.3666448458208599,0.5369199835010056,0.4637223974763407,"[[49, 2, 0, 2, 0, 5], [7, 7, 2, 8, 5, 23], [2, 8, 14, 15, 2, 7], [6, 11, 2, 29, 1, 8], [4, 11, 1, 0, 19, 14], [4, 15, 1, 1, 3, 29]]"
luna56,matched300_full,shared_function_words_nc,original,simplify,317,18,0.4433154868293798,0.3650394617059564,0.5199350788401144,0.45425867507886436,"[[44, 4, 0, 2, 2, 6], [8, 9, 1, 7, 5, 22], [0, 13, 9, 17, 1, 8], [6, 13, 2, 29, 1, 6], [4, 8, 1, 0, 24, 12], [3, 15, 0, 1, 5, 29]]"
luna56,matched300_full,shared_function_words_nc,paraphrase,original,317,18,0.49065617144729895,0.41467902643971305,0.5696725675395115,0.5078864353312302,"[[46, 2, 1, 3, 2, 4], [6, 5, 9, 9, 3, 20], [0, 3, 37, 4, 1, 3], [6, 7, 11, 26, 3, 4], [3, 7, 4, 1, 24, 10], [3, 11, 1, 2, 13, 23]]"
luna56,matched300_full,shared_function_words_nc,paraphrase,paraphrase,317,18,0.49782337850073105,0.4266590438043624,0.5734453061392372,0.5078864353312302,"[[48, 2, 1, 3, 1, 3], [7, 9, 8, 8, 4, 16], [0, 4, 28, 7, 3, 6], [5, 9, 9, 28, 1, 5], [3, 11, 3, 1, 22, 9], [5, 11, 0, 3, 8, 26]]"
luna56,matched300_full,shared_function_words_nc,paraphrase,modernize,317,18,0.47233633500682176,0.3926803080421291,0.5534241796536291,0.4889589905362776,"[[50, 1, 0, 2, 3, 2], [6, 6, 6, 9, 7, 18], [1, 4, 23, 9, 5, 6], [6, 10, 8, 26, 2, 5], [4, 11, 2, 0, 22, 10], [3, 9, 3, 1, 9, 28]]"
luna56,matched300_full,shared_function_words_nc,paraphrase,simplify,317,18,0.43755677964319356,0.3694843265026945,0.5032516895952215,0.45741324921135645,"[[46, 1, 1, 2, 5, 3], [8, 6, 7, 8, 5, 18], [0, 3, 18, 13, 10, 4], [8, 6, 8, 27, 3, 5], [6, 11, 2, 2, 21, 7], [4, 10, 2, 1, 9, 27]]"
luna56,matched300_full,shared_function_words_nc,modernize,original,317,18,0.4990226128030107,0.4196644816622255,0.5816055075582278,0.5078864353312302,"[[43, 4, 1, 4, 1, 5], [6, 6, 7, 9, 3, 21], [0, 5, 36, 5, 0, 2], [5, 6, 12, 27, 1, 6], [3, 6, 4, 0, 26, 10], [3, 13, 2, 2, 10, 23]]"
luna56,matched300_full,shared_function_words_nc,modernize,paraphrase,317,18,0.4682006379138996,0.38859424445641183,0.552242502765795,0.4794952681388013,"[[46, 5, 0, 3, 1, 3], [6, 7, 8, 8, 6, 17], [0, 4, 26, 11, 2, 5], [5, 7, 10, 28, 1, 6], [3, 11, 4, 2, 17, 12], [2, 13, 3, 2, 5, 28]]"
luna56,matched300_full,shared_function_words_nc,modernize,modernize,317,18,0.47951088788814217,0.3884816238030615,0.570811927560425,0.4921135646687697,"[[49, 2, 0, 2, 2, 3], [6, 7, 6, 9, 4, 20], [0, 5, 23, 15, 2, 3], [6, 7, 10, 26, 1, 7], [4, 10, 2, 1, 21, 11], [1, 13, 3, 1, 5, 30]]"
luna56,matched300_full,shared_function_words_nc,modernize,simplify,317,18,0.4711842968007997,0.3936680749870139,0.546716003811407,0.48264984227129337,"[[44, 3, 1, 2, 4, 4], [7, 8, 6, 9, 3, 19], [0, 2, 23, 16, 2, 5], [9, 8, 6, 28, 1, 5], [6, 10, 2, 2, 20, 9], [2, 12, 2, 1, 6, 30]]"
luna56,matched300_full,shared_function_words_nc,simplify,original,317,18,0.4988853916466876,0.41921325148330296,0.583000152013804,0.5078864353312302,"[[41, 4, 1, 3, 2, 7], [5, 6, 8, 9, 3, 21], [0, 6, 34, 5, 0, 3], [4, 5, 14, 28, 1, 5], [2, 5, 6, 1, 24, 11], [0, 11, 2, 3, 9, 28]]"
luna56,matched300_full,shared_function_words_nc,simplify,paraphrase,317,18,0.4798756001009779,0.40178533352687795,0.560978240766777,0.4889589905362776,"[[41, 7, 0, 3, 2, 5], [5, 8, 8, 9, 4, 18], [0, 3, 28, 10, 2, 5], [3, 6, 11, 31, 1, 5], [3, 11, 4, 2, 16, 13], [2, 12, 2, 2, 4, 31]]"
luna56,matched300_full,shared_function_words_nc,simplify,modernize,317,18,0.47421192272397644,0.383515235879022,0.5632387297042545,0.48580441640378547,"[[45, 3, 0, 2, 3, 5], [6, 6, 7, 9, 4, 20], [0, 5, 25, 11, 2, 5], [5, 6, 9, 29, 2, 6], [4, 11, 3, 1, 18, 12], [0, 13, 3, 2, 4, 31]]"
luna56,matched300_full,shared_function_words_nc,simplify,simplify,317,18,0.4638340807045329,0.38358169924320035,0.5451770998530623,0.47318611987381703,"[[43, 4, 1, 2, 4, 4], [7, 8, 7, 9, 3, 18], [0, 5, 24, 12, 2, 5], [5, 8, 10, 28, 1, 5], [6, 10, 3, 2, 19, 9], [2, 12, 2, 1, 8, 28]]"
luna56,matched300_full,char3_5_tfidf_svm,original,original,317,18,0.8506418269912777,0.783389713430862,0.909176702545517,0.8580441640378549,"[[56, 1, 0, 1, 0, 0], [2, 29, 2, 7, 10, 2], [0, 1, 42, 3, 1, 1], [1, 0, 0, 56, 0, 0], [0, 1, 1, 2, 44, 1], [2, 0, 1, 0, 5, 45]]"
luna56,matched300_full,char3_5_tfidf_svm,original,paraphrase,317,18,0.7389991277822077,0.6421410625781737,0.820581483810896,0.7476340694006309,"[[54, 1, 0, 3, 0, 0], [0, 23, 2, 15, 10, 2], [1, 1, 32, 7, 4, 3], [0, 0, 0, 57, 0, 0], [1, 2, 0, 10, 34, 2], [1, 1, 3, 7, 4, 37]]"
luna56,matched300_full,char3_5_tfidf_svm,original,modernize,317,18,0.7499237361397374,0.6773288486545249,0.8202737542297768,0.7665615141955836,"[[53, 1, 0, 4, 0, 0], [2, 21, 3, 10, 13, 3], [0, 2, 30, 7, 5, 4], [0, 0, 0, 57, 0, 0], [1, 2, 1, 3, 38, 4], [3, 0, 1, 1, 4, 44]]"
luna56,matched300_full,char3_5_tfidf_svm,original,simplify,317,18,0.7245429947863576,0.6334800889176183,0.8027593938644493,0.7444794952681388,"[[53, 1, 0, 4, 0, 0], [2, 23, 0, 7, 15, 5], [1, 2, 21, 13, 6, 5], [0, 1, 0, 56, 0, 0], [1, 1, 0, 4, 39, 4], [2, 0, 1, 2, 4, 44]]"
luna56,matched300_full,char3_5_tfidf_svm,paraphrase,original,317,18,0.7937299801329933,0.7111505476880018,0.861014646344624,0.804416403785489,"[[57, 1, 0, 0, 0, 0], [3, 26, 3, 5, 12, 3], [1, 1, 36, 4, 4, 2], [3, 0, 0, 54, 0, 0], [0, 1, 1, 2, 44, 1], [2, 0, 2, 1, 10, 38]]"
luna56,matched300_full,char3_5_tfidf_svm,paraphrase,paraphrase,317,18,0.7536791832514687,0.6664583233381188,0.827512530948812,0.7665615141955836,"[[55, 1, 0, 2, 0, 0], [2, 22, 0, 13, 13, 2], [2, 2, 31, 5, 4, 4], [1, 1, 1, 54, 0, 0], [0, 3, 2, 3, 40, 1], [2, 0, 1, 4, 5, 41]]"
luna56,matched300_full,char3_5_tfidf_svm,paraphrase,modernize,317,18,0.7359153222940035,0.6485328044799369,0.8111338829118047,0.750788643533123,"[[56, 1, 0, 1, 0, 0], [1, 24, 1, 8, 15, 3], [2, 2, 28, 7, 6, 3], [1, 1, 0, 55, 0, 0], [0, 1, 3, 3, 41, 1], [1, 2, 3, 5, 8, 34]]"
luna56,matched300_full,char3_5_tfidf_svm,paraphrase,simplify,317,18,0.7188576619176948,0.6141863066664188,0.8018586567106885,0.7381703470031545,"[[56, 1, 0, 1, 0, 0], [5, 21, 0, 5, 18, 3], [1, 3, 23, 7, 10, 4], [2, 1, 0, 53, 0, 1], [1, 1, 0, 1, 45, 1], [1, 1, 1, 3, 11, 36]]"
luna56,matched300_full,char3_5_tfidf_svm,modernize,original,317,18,0.807369072361038,0.7382731967985662,0.867771545962174,0.8170347003154574,"[[56, 1, 0, 0, 0, 1], [3, 27, 3, 8, 8, 3], [2, 2, 36, 4, 3, 1], [2, 0, 1, 54, 0, 0], [1, 1, 0, 2, 44, 1], [2, 0, 1, 0, 8, 42]]"
luna56,matched300_full,char3_5_tfidf_svm,modernize,paraphrase,317,18,0.7189991235513253,0.6371352047680052,0.7913461798210351,0.7287066246056783,"[[53, 1, 0, 4, 0, 0], [0, 24, 2, 14, 9, 3], [2, 2, 30, 9, 3, 2], [0, 1, 1, 55, 0, 0], [1, 5, 2, 6, 34, 1], [3, 3, 3, 5, 4, 35]]"
luna56,matched300_full,char3_5_tfidf_svm,modernize,modernize,317,18,0.7495419297059724,0.6691978223363458,0.8188681281363537,0.7634069400630915,"[[56, 1, 0, 1, 0, 0], [2, 24, 2, 9, 12, 3], [1, 2, 31, 7, 5, 2], [2, 0, 0, 55, 0, 0], [1, 2, 2, 3, 40, 1], [3, 2, 3, 4, 5, 36]]"
luna56,matched300_full,char3_5_tfidf_svm,modernize,simplify,317,18,0.759312387961801,0.6769792845385831,0.8319588591452802,0.7697160883280757,"[[55, 1, 0, 2, 0, 0], [4, 27, 0, 6, 12, 3], [1, 2, 29, 7, 6, 3], [1, 1, 1, 54, 0, 0], [1, 3, 0, 3, 40, 2], [2, 2, 1, 1, 8, 39]]"
luna56,matched300_full,char3_5_tfidf_svm,simplify,original,317,18,0.7947360272503614,0.7131038551099029,0.8622959150586653,0.8012618296529969,"[[55, 1, 0, 2, 0, 0], [1, 31, 3, 9, 5, 3], [2, 1, 33, 7, 3, 2], [3, 0, 0, 54, 0, 0], [1, 2, 1, 2, 42, 1], [2, 1, 2, 4, 5, 39]]"
luna56,matched300_full,char3_5_tfidf_svm,simplify,paraphrase,317,18,0.7179026006943072,0.6243642593811307,0.794426444699325,0.7255520504731862,"[[53, 1, 0, 4, 0, 0], [1, 26, 1, 16, 7, 1], [1, 1, 33, 9, 3, 1], [0, 0, 1, 56, 0, 0], [0, 7, 6, 5, 31, 0], [3, 3, 3, 9, 4, 31]]"
luna56,matched300_full,char3_5_tfidf_svm,simplify,modernize,317,18,0.7433682880223308,0.6741710836633429,0.8071145896549412,0.7539432176656151,"[[55, 1, 0, 2, 0, 0], [0, 26, 2, 13, 9, 2], [1, 1, 31, 9, 4, 2], [1, 0, 0, 56, 0, 0], [0, 4, 3, 4, 37, 1], [2, 3, 4, 5, 5, 34]]"
luna56,matched300_full,char3_5_tfidf_svm,simplify,simplify,317,18,0.7474436800730148,0.6576115650108687,0.8201617399177996,0.7570977917981072,"[[55, 1, 0, 2, 0, 0], [2, 26, 0, 11, 10, 3], [1, 2, 30, 8, 5, 2], [1, 1, 0, 55, 0, 0], [1, 3, 0, 4, 39, 2], [2, 3, 2, 5, 6, 35]]"
luna56,w300_middle,shared_stylometry_nc,original,original,317,18,0.5785357777197843,0.4861695209627664,0.6674114226445717,0.580441640378549,"[[44, 5, 2, 3, 0, 4], [8, 21, 2, 4, 8, 9], [1, 4, 34, 3, 3, 3], [9, 6, 6, 32, 0, 4], [1, 10, 1, 4, 24, 9], [8, 7, 2, 5, 2, 29]]"
luna56,w300_middle,shared_stylometry_nc,original,paraphrase,317,18,0.48621671933456834,0.3850903417741138,0.5869215818836921,0.49842271293375395,"[[41, 5, 1, 4, 0, 7], [4, 22, 3, 6, 3, 14], [4, 7, 17, 9, 2, 9], [8, 6, 3, 29, 1, 10], [2, 14, 1, 4, 13, 15], [3, 8, 2, 3, 1, 36]]"
luna56,w300_middle,shared_stylometry_nc,original,modernize,317,18,0.4739743165279677,0.3813586038698051,0.5626814024301656,0.48580441640378547,"[[44, 4, 0, 2, 0, 8], [6, 18, 3, 3, 7, 15], [4, 7, 16, 8, 3, 10], [11, 6, 1, 30, 0, 9], [3, 12, 2, 3, 15, 14], [5, 7, 2, 5, 3, 31]]"
luna56,w300_middle,shared_stylometry_nc,original,simplify,317,18,0.4582642879109853,0.3601696683142537,0.5538244558772161,0.47318611987381703,"[[46, 4, 0, 2, 0, 6], [6, 20, 1, 1, 7, 17], [0, 10, 13, 10, 5, 10], [12, 8, 1, 22, 1, 13], [3, 14, 2, 1, 15, 14], [5, 9, 1, 0, 4, 34]]"
luna56,w300_middle,shared_stylometry_nc,paraphrase,original,317,18,0.5347701319603616,0.4580098856230726,0.6161964713424047,0.5394321766561514,"[[41, 5, 5, 3, 1, 3], [5, 19, 2, 6, 14, 6], [1, 2, 31, 7, 5, 2], [11, 3, 8, 32, 2, 1], [2, 12, 2, 3, 27, 3], [6, 12, 2, 4, 8, 21]]"
luna56,w300_middle,shared_stylometry_nc,paraphrase,paraphrase,317,18,0.5195362554183621,0.43365503352959833,0.6054403549954528,0.5299684542586751,"[[46, 4, 2, 3, 0, 3], [6, 18, 4, 5, 10, 9], [0, 5, 22, 8, 7, 6], [8, 3, 4, 34, 4, 4], [1, 16, 1, 4, 17, 10], [4, 8, 3, 2, 5, 31]]"
luna56,w300_middle,shared_stylometry_nc,paraphrase,modernize,317,18,0.5034978154726424,0.42842648760710417,0.584474801251024,0.5173501577287066,"[[51, 4, 0, 0, 0, 3], [6, 17, 4, 5, 10, 10], [2, 4, 21, 8, 8, 5], [9, 3, 5, 30, 3, 7], [3, 14, 3, 1, 18, 10], [4, 9, 3, 4, 6, 27]]"
luna56,w300_middle,shared_stylometry_nc,paraphrase,simplify,317,18,0.4835960566584445,0.4069687747690213,0.5602563940228316,0.4921135646687697,"[[48, 4, 0, 0, 3, 3], [8, 16, 2, 3, 13, 10], [1, 4, 21, 7, 12, 3], [11, 5, 4, 26, 4, 7], [4, 13, 2, 1, 16, 13], [4, 11, 3, 0, 6, 29]]"
luna56,w300_middle,shared_stylometry_nc,modernize,original,317,18,0.529018855121214,0.43292594982854743,0.6219166069165705,0.5331230283911672,"[[38, 7, 6, 4, 0, 3], [4, 18, 4, 5, 13, 8], [0, 3, 33, 6, 4, 2], [8, 3, 13, 30, 0, 3], [2, 8, 2, 3, 24, 10], [5, 10, 2, 4, 6, 26]]"
luna56,w300_middle,shared_stylometry_nc,modernize,paraphrase,317,18,0.4904254011096117,0.40734810296814256,0.5763344972504042,0.501577287066246,"[[39, 5, 4, 9, 0, 1], [6, 17, 4, 7, 10, 8], [0, 6, 24, 10, 3, 5], [6, 2, 10, 33, 2, 4], [2, 11, 3, 5, 14, 14], [3, 9, 3, 4, 2, 32]]"
luna56,w300_middle,shared_stylometry_nc,modernize,modernize,317,18,0.49725656560728565,0.41800476597556224,0.58084254383368,0.5078864353312302,"[[45, 6, 1, 3, 0, 3], [4, 18, 4, 7, 9, 10], [0, 4, 23, 11, 6, 4], [7, 3, 10, 30, 1, 6], [3, 8, 5, 3, 16, 14], [3, 12, 3, 3, 3, 29]]"
luna56,w300_middle,shared_stylometry_nc,modernize,simplify,317,18,0.4708116044207294,0.3908339455990591,0.5526902804912233,0.48264984227129337,"[[45, 6, 0, 2, 2, 3], [8, 16, 2, 5, 9, 12], [0, 6, 20, 9, 8, 5], [9, 4, 7, 26, 2, 9], [4, 10, 3, 4, 15, 13], [3, 10, 3, 0, 6, 31]]"
luna56,w300_middle,shared_stylometry_nc,simplify,original,317,18,0.5086253014210004,0.41339119206799635,0.6034023166733868,0.5141955835962145,"[[34, 6, 5, 8, 1, 4], [4, 17, 5, 5, 12, 9], [0, 2, 34, 6, 5, 1], [5, 2, 14, 33, 0, 3], [2, 11, 3, 4, 20, 9], [5, 10, 3, 4, 6, 25]]"
luna56,w300_middle,shared_stylometry_nc,simplify,paraphrase,317,18,0.50784407044736,0.4204874658017099,0.6018848996131818,0.5236593059936908,"[[37, 4, 4, 10, 0, 3], [6, 18, 4, 7, 9, 8], [0, 3, 27, 9, 3, 6], [3, 1, 7, 39, 2, 5], [3, 11, 4, 6, 12, 13], [4, 8, 3, 3, 2, 33]]"
luna56,w300_middle,shared_stylometry_nc,simplify,modernize,317,18,0.4878508426019119,0.4083297504909306,0.5710696445262998,0.49842271293375395,"[[41, 5, 2, 7, 1, 2], [5, 16, 4, 7, 9, 11], [0, 2, 25, 9, 6, 6], [4, 2, 10, 33, 2, 6], [3, 11, 5, 3, 14, 13], [2, 11, 3, 4, 4, 29]]"
luna56,w300_middle,shared_stylometry_nc,simplify,simplify,317,18,0.4935700028048484,0.4150168746285648,0.5775437181321966,0.5047318611987381,"[[44, 5, 0, 3, 2, 4], [6, 17, 3, 5, 10, 11], [0, 3, 25, 9, 5, 6], [7, 3, 6, 33, 2, 6], [2, 14, 4, 5, 12, 12], [3, 11, 3, 1, 6, 29]]"
luna56,w300_middle,shared_function_words_nc,original,original,317,18,0.48794482998151495,0.41067933344526814,0.564814198129548,0.4889589905362776,"[[39, 4, 1, 5, 1, 8], [9, 13, 2, 10, 4, 14], [1, 4, 32, 5, 2, 4], [9, 11, 4, 27, 1, 5], [3, 7, 4, 2, 20, 13], [5, 7, 2, 7, 8, 24]]"
luna56,w300_middle,shared_function_words_nc,original,paraphrase,317,18,0.43296628130435527,0.3531624838987775,0.5124015225717732,0.4384858044164038,"[[43, 5, 0, 5, 0, 5], [6, 14, 3, 9, 6, 14], [1, 8, 14, 15, 4, 6], [4, 17, 2, 25, 1, 8], [4, 12, 2, 0, 17, 14], [5, 9, 2, 5, 6, 26]]"
luna56,w300_middle,shared_function_words_nc,original,modernize,317,18,0.42221410738461973,0.3485216141267688,0.49883274179418263,0.43217665615141954,"[[42, 4, 0, 3, 1, 8], [7, 13, 2, 10, 7, 13], [2, 7, 13, 16, 4, 6], [4, 16, 3, 25, 1, 8], [4, 13, 1, 0, 15, 16], [5, 8, 1, 4, 6, 29]]"
luna56,w300_middle,shared_function_words_nc,original,simplify,317,18,0.3988384785476465,0.33370112021833753,0.46282343401922627,0.41009463722397477,"[[40, 7, 1, 3, 2, 5], [8, 12, 1, 7, 8, 16], [1, 10, 10, 15, 5, 7], [7, 18, 2, 23, 3, 4], [3, 12, 1, 1, 16, 16], [4, 7, 1, 4, 8, 29]]"
luna56,w300_middle,shared_function_words_nc,paraphrase,original,317,18,0.4224675138500756,0.3516563202309612,0.5010651119189254,0.4384858044164038,"[[40, 5, 2, 2, 2, 7], [5, 6, 10, 9, 9, 13], [1, 2, 34, 5, 3, 3], [8, 10, 13, 19, 2, 5], [5, 7, 6, 1, 18, 12], [2, 7, 3, 5, 14, 22]]"
luna56,w300_middle,shared_function_words_nc,paraphrase,paraphrase,317,18,0.45331598077176394,0.3831885292364636,0.524151356118043,0.4605678233438486,"[[40, 6, 1, 2, 3, 6], [6, 11, 6, 9, 8, 12], [0, 3, 25, 9, 7, 4], [5, 8, 9, 27, 2, 6], [5, 12, 3, 1, 18, 10], [4, 4, 3, 4, 13, 25]]"
luna56,w300_middle,shared_function_words_nc,paraphrase,modernize,317,18,0.43982092995877275,0.3768725543278179,0.5076968694046996,0.45425867507886436,"[[42, 3, 1, 2, 5, 5], [6, 8, 6, 9, 10, 13], [0, 3, 21, 12, 6, 6], [7, 10, 6, 25, 3, 6], [5, 8, 5, 1, 18, 12], [4, 5, 2, 3, 9, 30]]"
luna56,w300_middle,shared_function_words_nc,paraphrase,simplify,317,18,0.4407950859684821,0.38022063112703425,0.5033821268000747,0.45110410094637227,"[[44, 3, 1, 2, 5, 3], [6, 12, 3, 9, 10, 12], [0, 4, 21, 13, 6, 4], [9, 10, 6, 24, 4, 4], [5, 10, 3, 2, 15, 14], [4, 6, 2, 2, 12, 27]]"
luna56,w300_middle,shared_function_words_nc,modernize,original,317,18,0.4058626130853685,0.33395786821610546,0.4859183989448936,0.416403785488959,"[[33, 6, 2, 3, 2, 12], [6, 8, 8, 10, 7, 13], [1, 4, 32, 7, 1, 3], [8, 9, 15, 19, 1, 5], [4, 10, 6, 1, 15, 13], [4, 5, 3, 5, 11, 25]]"
luna56,w300_middle,shared_function_words_nc,modernize,paraphrase,317,18,0.4268122457382313,0.3553149390456522,0.4995317549320012,0.43217665615141954,"[[38, 11, 1, 2, 2, 4], [4, 11, 6, 10, 9, 12], [0, 3, 26, 12, 2, 5], [5, 7, 11, 24, 1, 9], [5, 12, 3, 3, 13, 13], [2, 9, 4, 5, 8, 25]]"
luna56,w300_middle,shared_function_words_nc,modernize,modernize,317,18,0.43324470757311717,0.3687758606410296,0.5006613615238857,0.444794952681388,"[[44, 4, 1, 2, 2, 5], [5, 10, 6, 9, 9, 13], [0, 4, 19, 15, 5, 5], [6, 10, 8, 24, 2, 7], [5, 12, 3, 2, 16, 11], [3, 8, 2, 3, 9, 28]]"
luna56,w300_middle,shared_function_words_nc,modernize,simplify,317,18,0.4392026239615576,0.37210000843721636,0.5084890059237152,0.45110410094637227,"[[42, 5, 1, 2, 3, 5], [8, 12, 3, 9, 7, 13], [0, 5, 21, 14, 4, 4], [9, 8, 8, 25, 2, 5], [5, 10, 3, 3, 14, 14], [4, 8, 2, 1, 9, 29]]"
luna56,w300_middle,shared_function_words_nc,simplify,original,317,18,0.4134504929797689,0.33917253346966963,0.4927909252391346,0.4227129337539432,"[[32, 7, 1, 3, 4, 11], [5, 9, 9, 10, 6, 13], [0, 4, 30, 8, 2, 4], [4, 7, 17, 23, 1, 5], [5, 8, 5, 2, 14, 15], [4, 6, 5, 3, 9, 26]]"
luna56,w300_middle,shared_function_words_nc,simplify,paraphrase,317,18,0.43245238205381614,0.36384592254301146,0.5025368257288969,0.4384858044164038,"[[36, 9, 1, 4, 2, 6], [4, 13, 5, 9, 9, 12], [0, 4, 24, 12, 3, 5], [4, 7, 10, 27, 1, 8], [4, 11, 4, 3, 12, 15], [3, 6, 3, 3, 11, 27]]"
luna56,w300_middle,shared_function_words_nc,simplify,modernize,317,18,0.42541236026993423,0.35334806657350587,0.5010278454237104,0.4353312302839117,"[[38, 6, 2, 2, 5, 5], [5, 11, 6, 10, 8, 12], [0, 4, 22, 13, 5, 4], [5, 6, 12, 25, 2, 7], [5, 12, 4, 2, 13, 13], [3, 7, 3, 2, 9, 29]]"
luna56,w300_middle,shared_function_words_nc,simplify,simplify,317,18,0.42214607891832495,0.3538944022294241,0.4930281702643108,0.42902208201892744,"[[39, 8, 1, 2, 4, 4], [6, 12, 3, 10, 9, 12], [0, 5, 19, 15, 4, 5], [6, 11, 7, 26, 1, 6], [4, 11, 3, 2, 14, 15], [5, 7, 4, 0, 11, 26]]"
luna56,w300_middle,char3_5_tfidf_svm,original,original,317,18,0.7910028486650185,0.7128714164801887,0.8606214650785621,0.804416403785489,"[[55, 0, 1, 1, 0, 1], [2, 24, 4, 8, 10, 4], [2, 1, 37, 3, 3, 2], [0, 1, 0, 56, 0, 0], [0, 4, 1, 1, 41, 2], [2, 0, 3, 2, 4, 42]]"
luna56,w300_middle,char3_5_tfidf_svm,original,paraphrase,317,18,0.6964804189070474,0.5882173771296483,0.786134841593632,0.7097791798107256,"[[53, 1, 1, 3, 0, 0], [1, 21, 2, 14, 10, 4], [3, 2, 26, 12, 2, 3], [0, 0, 1, 56, 0, 0], [2, 6, 1, 8, 32, 0], [2, 0, 2, 9, 3, 37]]"
luna56,w300_middle,char3_5_tfidf_svm,original,modernize,317,18,0.6911253819334213,0.5995989927813699,0.7706299956351408,0.7129337539432177,"[[53, 1, 1, 3, 0, 0], [2, 20, 3, 12, 11, 4], [2, 2, 22, 14, 4, 4], [0, 0, 0, 57, 0, 0], [2, 5, 2, 2, 36, 2], [5, 0, 1, 6, 3, 38]]"
luna56,w300_middle,char3_5_tfidf_svm,original,simplify,317,18,0.6721156545244452,0.5808137787126113,0.7540656058993195,0.7003154574132492,"[[54, 1, 1, 2, 0, 0], [3, 20, 0, 10, 14, 5], [2, 2, 17, 17, 5, 5], [0, 0, 0, 55, 0, 2], [2, 6, 1, 3, 35, 2], [3, 1, 2, 2, 4, 41]]"
luna56,w300_middle,char3_5_tfidf_svm,paraphrase,original,317,18,0.74065065591815,0.6568626619311585,0.8176413889590705,0.7539432176656151,"[[54, 3, 0, 0, 0, 1], [3, 22, 3, 6, 14, 4], [2, 1, 34, 3, 6, 2], [3, 1, 3, 50, 0, 0], [2, 0, 0, 2, 44, 1], [3, 0, 4, 2, 9, 35]]"
luna56,w300_middle,char3_5_tfidf_svm,paraphrase,paraphrase,317,18,0.7021501363718997,0.6034057705243124,0.7877949943480274,0.7192429022082019,"[[54, 2, 0, 1, 0, 1], [3, 18, 1, 13, 14, 3], [3, 2, 28, 9, 3, 3], [1, 1, 1, 54, 0, 0], [2, 3, 1, 6, 37, 0], [2, 1, 2, 6, 5, 37]]"
luna56,w300_middle,char3_5_tfidf_svm,paraphrase,modernize,317,18,0.7048027098717756,0.619682207768316,0.7822014395613313,0.722397476340694,"[[54, 2, 0, 0, 0, 2], [3, 20, 1, 9, 15, 4], [3, 2, 29, 7, 4, 3], [1, 1, 1, 54, 0, 0], [1, 3, 2, 4, 38, 1], [4, 2, 3, 3, 7, 34]]"
luna56,w300_middle,char3_5_tfidf_svm,paraphrase,simplify,317,18,0.6899081606026213,0.5926681622144098,0.7744970576127124,0.7129337539432177,"[[57, 1, 0, 0, 0, 0], [3, 21, 0, 9, 15, 4], [2, 6, 21, 10, 5, 4], [3, 1, 1, 52, 0, 0], [1, 3, 1, 2, 41, 1], [4, 1, 2, 3, 9, 34]]"
luna56,w300_middle,char3_5_tfidf_svm,modernize,original,317,18,0.7614840047962582,0.6710496607394462,0.84123304172457,0.7728706624605678,"[[55, 1, 1, 0, 0, 1], [3, 25, 3, 8, 10, 3], [2, 2, 33, 7, 3, 1], [1, 0, 3, 52, 0, 1], [1, 3, 2, 2, 41, 0], [2, 0, 3, 4, 5, 39]]"
luna56,w300_middle,char3_5_tfidf_svm,modernize,paraphrase,317,18,0.660173062904625,0.5769921766718157,0.7351772137930882,0.6750788643533123,"[[52, 2, 1, 3, 0, 0], [3, 20, 3, 13, 10, 3], [2, 2, 25, 13, 3, 3], [1, 1, 2, 53, 0, 0], [2, 4, 1, 6, 35, 1], [5, 2, 3, 11, 3, 29]]"
luna56,w300_middle,char3_5_tfidf_svm,modernize,modernize,317,18,0.7118603336260652,0.6254596057520664,0.7891759505676179,0.7318611987381703,"[[54, 1, 1, 1, 0, 1], [5, 19, 3, 10, 11, 4], [2, 2, 29, 7, 5, 3], [1, 0, 0, 56, 0, 0], [1, 2, 2, 5, 39, 0], [3, 3, 3, 4, 5, 35]]"
luna56,w300_middle,char3_5_tfidf_svm,modernize,simplify,317,18,0.7072857340297313,0.6266699049813992,0.7792489852830567,0.7287066246056783,"[[57, 1, 0, 0, 0, 0], [6, 20, 0, 8, 13, 5], [2, 3, 25, 10, 5, 3], [1, 1, 2, 53, 0, 0], [2, 3, 1, 2, 41, 0], [3, 1, 3, 4, 7, 35]]"
luna56,w300_middle,char3_5_tfidf_svm,simplify,original,317,18,0.7554217671095841,0.6717312740162039,0.828473056080546,0.7634069400630915,"[[53, 1, 1, 2, 0, 1], [2, 26, 3, 11, 7, 3], [2, 1, 35, 5, 3, 2], [2, 1, 3, 51, 0, 0], [1, 5, 2, 2, 39, 0], [2, 0, 3, 5, 5, 38]]"
luna56,w300_middle,char3_5_tfidf_svm,simplify,paraphrase,317,18,0.6694610041538275,0.5815579205281878,0.7490706468914203,0.6813880126182965,"[[52, 1, 1, 4, 0, 0], [2, 21, 2, 16, 8, 3], [2, 1, 29, 12, 2, 2], [1, 1, 1, 54, 0, 0], [1, 7, 4, 6, 30, 1], [5, 1, 4, 10, 3, 30]]"
luna56,w300_middle,char3_5_tfidf_svm,simplify,modernize,317,18,0.7134128039463766,0.6413694945874339,0.7819449247992832,0.7287066246056783,"[[53, 1, 1, 3, 0, 0], [3, 21, 3, 12, 9, 4], [2, 2, 31, 7, 3, 3], [1, 1, 0, 55, 0, 0], [1, 4, 6, 3, 35, 0], [4, 2, 4, 5, 2, 36]]"
luna56,w300_middle,char3_5_tfidf_svm,simplify,simplify,317,18,0.7269476605306558,0.6435223775976096,0.8003264013011536,0.7413249211356467,"[[56, 0, 2, 0, 0, 0], [3, 22, 0, 15, 9, 3], [2, 2, 30, 7, 4, 3], [2, 0, 2, 53, 0, 0], [1, 2, 3, 4, 39, 0], [4, 1, 3, 6, 4, 35]]"
terra56,valid_full,shared_stylometry_nc,original,original,318,18,0.6427550349574175,0.5559603190146545,0.7302449033250393,0.6415094339622641,"[[48, 6, 1, 3, 0, 2], [7, 24, 3, 3, 6, 10], [1, 4, 38, 0, 0, 4], [5, 6, 6, 37, 0, 2], [0, 9, 1, 3, 28, 8], [1, 13, 4, 2, 4, 29]]"
terra56,valid_full,shared_stylometry_nc,original,paraphrase,318,18,0.562415889220702,0.45113812657597147,0.6757095125214095,0.5660377358490566,"[[43, 7, 0, 5, 0, 5], [2, 24, 1, 4, 5, 17], [0, 6, 24, 6, 0, 11], [4, 3, 5, 39, 0, 5], [1, 17, 1, 5, 15, 10], [2, 11, 2, 2, 1, 35]]"
terra56,valid_full,shared_stylometry_nc,original,modernize,318,18,0.527086369916772,0.4111860021887632,0.6362017217565882,0.5283018867924528,"[[46, 5, 0, 3, 0, 6], [6, 20, 1, 2, 5, 19], [3, 8, 19, 6, 1, 10], [6, 8, 3, 30, 0, 9], [0, 16, 1, 2, 17, 13], [2, 12, 1, 1, 1, 36]]"
terra56,valid_full,shared_stylometry_nc,original,simplify,318,18,0.48503669008082945,0.3735668133949478,0.590159793979892,0.4937106918238994,"[[47, 5, 0, 1, 0, 7], [5, 22, 0, 2, 6, 18], [2, 11, 11, 8, 2, 13], [9, 9, 1, 26, 0, 11], [1, 18, 0, 1, 18, 11], [5, 13, 0, 0, 2, 33]]"
terra56,valid_full,shared_stylometry_nc,paraphrase,original,318,18,0.6030544955728169,0.5294457985144985,0.6765957425702265,0.610062893081761,"[[49, 4, 2, 2, 3, 0], [7, 18, 3, 1, 15, 9], [0, 2, 38, 1, 3, 3], [6, 2, 5, 35, 5, 3], [1, 10, 1, 2, 33, 2], [3, 13, 6, 0, 10, 21]]"
terra56,valid_full,shared_stylometry_nc,paraphrase,paraphrase,318,18,0.6081567499524155,0.5198693320556618,0.6994134402553486,0.6132075471698113,"[[48, 5, 2, 2, 0, 3], [4, 22, 3, 4, 11, 9], [0, 1, 29, 6, 4, 7], [3, 4, 5, 42, 0, 2], [1, 13, 2, 2, 24, 7], [3, 12, 3, 2, 3, 30]]"
terra56,valid_full,shared_stylometry_nc,paraphrase,modernize,318,18,0.5594938879221879,0.47018802441525454,0.6484788690242774,0.5628930817610063,"[[50, 4, 0, 2, 0, 4], [6, 20, 3, 3, 12, 9], [1, 3, 25, 5, 6, 7], [8, 6, 5, 32, 3, 2], [2, 14, 3, 0, 24, 6], [3, 15, 2, 0, 5, 28]]"
terra56,valid_full,shared_stylometry_nc,paraphrase,simplify,318,18,0.5350002178537164,0.430151586846989,0.6345087930076558,0.5377358490566038,"[[50, 6, 0, 0, 0, 4], [5, 18, 1, 2, 16, 11], [0, 3, 21, 4, 11, 8], [9, 7, 4, 26, 6, 4], [2, 10, 2, 0, 28, 7], [3, 12, 0, 0, 10, 28]]"
terra56,valid_full,shared_stylometry_nc,modernize,original,318,18,0.5784869223669977,0.5025784621399398,0.6553221864090786,0.5817610062893082,"[[44, 4, 2, 4, 3, 3], [6, 18, 4, 3, 13, 9], [0, 2, 36, 3, 2, 4], [4, 4, 6, 36, 3, 3], [0, 12, 2, 2, 29, 4], [3, 15, 5, 3, 5, 22]]"
terra56,valid_full,shared_stylometry_nc,modernize,paraphrase,318,18,0.579234301966611,0.4839056212370469,0.6780292700570735,0.5817610062893082,"[[40, 7, 1, 6, 0, 6], [4, 21, 4, 5, 7, 12], [0, 3, 28, 9, 1, 6], [2, 3, 4, 45, 0, 2], [0, 14, 4, 3, 21, 7], [2, 13, 4, 3, 1, 30]]"
terra56,valid_full,shared_stylometry_nc,modernize,modernize,318,18,0.5528941426927368,0.46528766840436375,0.6424976548911631,0.5566037735849056,"[[47, 7, 0, 2, 0, 4], [8, 17, 4, 6, 9, 9], [0, 2, 29, 7, 3, 6], [5, 5, 6, 35, 1, 4], [2, 15, 3, 1, 21, 7], [3, 14, 4, 2, 2, 28]]"
terra56,valid_full,shared_stylometry_nc,modernize,simplify,318,18,0.546214155404522,0.4589023737794097,0.6378430834913135,0.5471698113207547,"[[48, 8, 0, 1, 0, 3], [8, 18, 3, 4, 11, 9], [0, 3, 26, 6, 6, 6], [7, 7, 3, 32, 2, 5], [2, 14, 3, 1, 21, 8], [2, 15, 2, 2, 3, 29]]"
terra56,valid_full,shared_stylometry_nc,simplify,original,318,18,0.565594870674497,0.4868193359304274,0.6466577525405842,0.5691823899371069,"[[42, 4, 2, 8, 2, 2], [6, 19, 5, 4, 10, 9], [0, 4, 34, 5, 0, 4], [4, 2, 7, 37, 2, 4], [1, 11, 2, 3, 28, 4], [3, 15, 4, 6, 4, 21]]"
terra56,valid_full,shared_stylometry_nc,simplify,paraphrase,318,18,0.5848100099378647,0.4798597412559592,0.6925184878747138,0.5911949685534591,"[[42, 6, 1, 5, 0, 6], [3, 21, 4, 6, 6, 13], [0, 4, 29, 9, 0, 5], [1, 0, 6, 45, 0, 4], [0, 13, 4, 6, 19, 7], [3, 11, 3, 3, 1, 32]]"
terra56,valid_full,shared_stylometry_nc,simplify,modernize,318,18,0.5725600645434601,0.4832979996423452,0.6637657065465771,0.5786163522012578,"[[46, 7, 0, 3, 0, 4], [8, 15, 4, 7, 9, 10], [0, 1, 32, 6, 3, 5], [2, 4, 5, 41, 0, 4], [1, 14, 4, 2, 22, 6], [3, 13, 4, 3, 2, 28]]"
terra56,valid_full,shared_stylometry_nc,simplify,simplify,318,18,0.5578152608739307,0.4718846595099884,0.6473128558278797,0.559748427672956,"[[47, 8, 0, 1, 0, 4], [8, 17, 4, 5, 9, 10], [0, 4, 29, 6, 3, 5], [4, 6, 5, 36, 1, 4], [2, 14, 4, 1, 21, 7], [3, 14, 3, 3, 2, 28]]"
terra56,valid_full,shared_function_words_nc,original,original,318,18,0.5524858571172845,0.46929864365137103,0.6380541832232676,0.5534591194968553,"[[47, 4, 0, 3, 0, 6], [7, 8, 3, 10, 6, 19], [1, 3, 37, 3, 0, 3], [4, 9, 5, 30, 0, 8], [3, 4, 1, 2, 30, 9], [5, 15, 1, 3, 5, 24]]"
terra56,valid_full,shared_function_words_nc,original,paraphrase,318,18,0.5149111576459569,0.4320453250327235,0.600768939084737,0.5125786163522013,"[[42, 6, 0, 3, 0, 9], [5, 7, 2, 11, 7, 21], [0, 4, 25, 8, 1, 9], [3, 11, 3, 33, 1, 5], [5, 10, 1, 1, 22, 10], [1, 13, 1, 2, 2, 34]]"
terra56,valid_full,shared_function_words_nc,original,modernize,318,18,0.4779954206374754,0.3870630374740575,0.5668430447599857,0.48427672955974843,"[[49, 2, 0, 3, 0, 6], [6, 12, 2, 10, 4, 19], [2, 9, 17, 10, 0, 9], [8, 11, 4, 27, 1, 5], [5, 11, 0, 0, 20, 13], [6, 12, 1, 1, 4, 29]]"
terra56,valid_full,shared_function_words_nc,original,simplify,318,18,0.4524277354178789,0.3626207153714883,0.5401890631370172,0.4591194968553459,"[[49, 3, 0, 2, 0, 6], [6, 10, 1, 10, 6, 20], [2, 12, 12, 11, 1, 9], [8, 14, 2, 26, 1, 5], [5, 10, 0, 0, 21, 13], [5, 17, 0, 1, 2, 28]]"
terra56,valid_full,shared_function_words_nc,paraphrase,original,318,18,0.5141432474200422,0.4347385461090233,0.5975073346764328,0.5314465408805031,"[[46, 2, 1, 3, 1, 7], [7, 6, 6, 10, 4, 20], [0, 3, 40, 2, 0, 2], [6, 7, 10, 27, 1, 5], [3, 5, 3, 0, 27, 11], [6, 7, 4, 2, 11, 23]]"
terra56,valid_full,shared_function_words_nc,paraphrase,paraphrase,318,18,0.5214466081456275,0.4406164580656415,0.6072385723846854,0.5283018867924528,"[[47, 4, 0, 2, 0, 7], [6, 8, 6, 11, 4, 18], [0, 2, 30, 6, 2, 7], [4, 10, 6, 32, 1, 3], [4, 6, 3, 0, 24, 12], [5, 12, 2, 1, 6, 27]]"
terra56,valid_full,shared_function_words_nc,paraphrase,modernize,318,18,0.49728960995628674,0.420532230275354,0.5746097548628459,0.5094339622641509,"[[49, 2, 0, 2, 1, 6], [7, 11, 6, 10, 4, 15], [1, 1, 25, 9, 3, 8], [10, 10, 6, 27, 1, 2], [4, 9, 2, 1, 23, 10], [6, 8, 3, 1, 8, 27]]"
terra56,valid_full,shared_function_words_nc,paraphrase,simplify,318,18,0.47306267572879596,0.39603510958564214,0.5599654661214483,0.48427672955974843,"[[48, 1, 0, 2, 2, 7], [8, 8, 6, 8, 5, 18], [2, 4, 23, 5, 5, 8], [9, 12, 4, 25, 4, 2], [5, 8, 1, 1, 25, 9], [7, 9, 2, 1, 9, 25]]"
terra56,valid_full,shared_function_words_nc,modernize,original,318,18,0.499197987988057,0.4162116350285326,0.5873438905224028,0.5094339622641509,"[[44, 2, 1, 4, 2, 7], [7, 7, 6, 9, 4, 20], [0, 3, 36, 6, 0, 2], [4, 5, 9, 29, 2, 7], [3, 8, 3, 2, 23, 10], [4, 12, 2, 3, 9, 23]]"
terra56,valid_full,shared_function_words_nc,modernize,paraphrase,318,18,0.48718969155905373,0.4096478483053859,0.5695243792574665,0.4968553459119497,"[[40, 6, 1, 5, 0, 8], [6, 7, 6, 11, 3, 20], [0, 2, 31, 7, 2, 5], [4, 6, 6, 36, 0, 4], [4, 11, 4, 3, 15, 12], [0, 14, 4, 2, 4, 29]]"
terra56,valid_full,shared_function_words_nc,modernize,modernize,318,18,0.5030109163193867,0.42831682728273723,0.5808748728250788,0.5157232704402516,"[[48, 2, 0, 3, 0, 7], [6, 10, 7, 9, 5, 16], [0, 1, 27, 10, 4, 5], [6, 8, 7, 31, 2, 2], [3, 11, 3, 1, 19, 12], [3, 11, 3, 1, 6, 29]]"
terra56,valid_full,shared_function_words_nc,modernize,simplify,318,18,0.47570989044631684,0.4034343834067661,0.555959315424248,0.48742138364779874,"[[49, 2, 0, 2, 3, 4], [6, 9, 6, 9, 5, 18], [0, 2, 26, 9, 4, 6], [7, 10, 6, 28, 2, 3], [4, 12, 4, 1, 17, 11], [4, 13, 1, 1, 8, 26]]"
terra56,valid_full,shared_function_words_nc,simplify,original,318,18,0.5087711860220372,0.42337936699758516,0.6000647227028163,0.5157232704402516,"[[41, 3, 1, 3, 0, 12], [5, 5, 7, 10, 4, 22], [0, 3, 37, 5, 0, 2], [4, 4, 9, 30, 1, 8], [1, 4, 4, 3, 26, 11], [2, 14, 2, 3, 7, 25]]"
terra56,valid_full,shared_function_words_nc,simplify,paraphrase,318,18,0.49789318661499116,0.41383226606745865,0.5853516406398166,0.5,"[[38, 8, 1, 5, 0, 8], [5, 7, 7, 11, 2, 21], [0, 4, 29, 7, 1, 6], [4, 5, 6, 36, 0, 5], [3, 8, 4, 3, 20, 11], [1, 14, 4, 2, 3, 29]]"
terra56,valid_full,shared_function_words_nc,simplify,modernize,318,18,0.49302012915914223,0.4104621931524193,0.5757663523036,0.5031446540880503,"[[46, 3, 0, 3, 1, 7], [6, 11, 7, 10, 4, 15], [0, 2, 25, 13, 1, 6], [6, 9, 9, 29, 1, 2], [4, 9, 4, 2, 18, 12], [0, 13, 2, 2, 5, 31]]"
terra56,valid_full,shared_function_words_nc,simplify,simplify,318,18,0.472519365161977,0.3931763791590389,0.5553817163528834,0.4811320754716981,"[[45, 3, 0, 2, 2, 8], [6, 7, 8, 9, 4, 19], [0, 3, 26, 9, 3, 6], [7, 9, 6, 29, 2, 3], [4, 10, 4, 1, 18, 12], [2, 15, 2, 2, 4, 28]]"
terra56,valid_full,char3_5_tfidf_svm,original,original,318,18,0.8758216230337506,0.8154229672148885,0.9292746170278746,0.8805031446540881,"[[58, 1, 0, 1, 0, 0], [1, 35, 3, 6, 6, 2], [0, 2, 42, 2, 0, 1], [1, 0, 0, 55, 0, 0], [1, 1, 0, 2, 43, 2], [1, 0, 1, 0, 4, 47]]"
terra56,valid_full,char3_5_tfidf_svm,original,paraphrase,318,18,0.7574024759333954,0.6632563956768444,0.8377693951611233,0.7641509433962265,"[[57, 0, 0, 3, 0, 0], [2, 30, 1, 13, 5, 2], [0, 2, 34, 7, 2, 2], [0, 1, 1, 54, 0, 0], [0, 3, 4, 7, 32, 3], [2, 2, 5, 7, 1, 36]]"
terra56,valid_full,char3_5_tfidf_svm,original,modernize,318,18,0.7738906499626452,0.693329576460273,0.8495307579428908,0.7861635220125787,"[[56, 1, 0, 3, 0, 0], [2, 25, 1, 9, 13, 3], [0, 2, 31, 8, 3, 3], [1, 0, 0, 55, 0, 0], [1, 3, 1, 2, 39, 3], [2, 0, 2, 2, 3, 44]]"
terra56,valid_full,char3_5_tfidf_svm,original,simplify,318,18,0.7361630382787271,0.6489288671451895,0.8144204399396673,0.7547169811320755,"[[55, 1, 0, 3, 0, 1], [3, 23, 1, 7, 15, 4], [0, 3, 23, 9, 6, 6], [3, 1, 0, 52, 0, 0], [0, 2, 0, 3, 40, 4], [1, 0, 0, 2, 3, 47]]"
terra56,valid_full,char3_5_tfidf_svm,paraphrase,original,318,18,0.8043126617633751,0.7354746968793315,0.8683657070321296,0.8144654088050315,"[[58, 1, 0, 1, 0, 0], [4, 25, 3, 3, 13, 5], [1, 1, 40, 1, 3, 1], [2, 1, 2, 51, 0, 0], [0, 0, 1, 2, 44, 2], [1, 1, 1, 0, 9, 41]]"
terra56,valid_full,char3_5_tfidf_svm,paraphrase,paraphrase,318,18,0.7913346797225183,0.7169129419908128,0.8594270919191044,0.7987421383647799,"[[57, 1, 0, 2, 0, 0], [0, 29, 1, 10, 11, 2], [1, 2, 36, 4, 2, 2], [1, 1, 1, 53, 0, 0], [0, 3, 2, 3, 39, 2], [1, 1, 4, 5, 2, 40]]"
terra56,valid_full,char3_5_tfidf_svm,paraphrase,modernize,318,18,0.7698604615170365,0.6934742991971851,0.8401078460008214,0.7861635220125787,"[[59, 0, 0, 1, 0, 0], [5, 22, 1, 5, 17, 3], [1, 3, 30, 5, 5, 3], [2, 0, 1, 53, 0, 0], [1, 1, 0, 2, 44, 1], [1, 1, 2, 0, 7, 42]]"
terra56,valid_full,char3_5_tfidf_svm,paraphrase,simplify,318,18,0.7355827157418368,0.6446732785805422,0.810411261003587,0.7547169811320755,"[[58, 0, 0, 1, 1, 0], [4, 23, 1, 3, 18, 4], [1, 5, 22, 5, 11, 3], [3, 1, 1, 51, 0, 0], [0, 0, 0, 1, 46, 2], [1, 0, 1, 2, 9, 40]]"
terra56,valid_full,char3_5_tfidf_svm,modernize,original,318,18,0.7986911511327656,0.7178042349937405,0.8665768137176054,0.8081761006289309,"[[59, 1, 0, 0, 0, 0], [2, 28, 3, 7, 10, 3], [0, 2, 38, 3, 2, 2], [2, 0, 3, 51, 0, 0], [0, 1, 1, 3, 43, 1], [1, 1, 2, 4, 7, 38]]"
terra56,valid_full,char3_5_tfidf_svm,modernize,paraphrase,318,18,0.7743061064751023,0.6959480460820806,0.841488725611659,0.779874213836478,"[[58, 0, 0, 2, 0, 0], [1, 32, 1, 13, 4, 2], [0, 3, 36, 6, 1, 1], [1, 0, 1, 54, 0, 0], [0, 4, 3, 6, 35, 1], [3, 2, 6, 8, 1, 33]]"
terra56,valid_full,char3_5_tfidf_svm,modernize,modernize,318,18,0.8116682124526821,0.7361674995894348,0.880590906793606,0.8207547169811321,"[[58, 1, 0, 1, 0, 0], [1, 28, 1, 8, 12, 3], [0, 2, 36, 4, 3, 2], [1, 0, 0, 55, 0, 0], [1, 4, 1, 2, 40, 1], [1, 0, 2, 4, 2, 44]]"
terra56,valid_full,char3_5_tfidf_svm,modernize,simplify,318,18,0.7476888746629329,0.6453410954655717,0.833387558901825,0.7610062893081762,"[[57, 1, 0, 1, 0, 1], [3, 25, 1, 6, 14, 4], [0, 4, 28, 6, 6, 3], [2, 2, 1, 51, 0, 0], [0, 1, 1, 2, 42, 3], [1, 1, 2, 6, 4, 39]]"
terra56,valid_full,char3_5_tfidf_svm,simplify,original,318,18,0.8074187717044015,0.7256381058956122,0.8739140868754313,0.8144654088050315,"[[59, 1, 0, 0, 0, 0], [2, 31, 3, 7, 8, 2], [0, 2, 39, 4, 1, 1], [3, 0, 3, 50, 0, 0], [0, 1, 1, 3, 42, 2], [1, 2, 2, 4, 6, 38]]"
terra56,valid_full,char3_5_tfidf_svm,simplify,paraphrase,318,18,0.7649845580783586,0.6568684568916001,0.8488838520450326,0.7704402515723271,"[[57, 0, 0, 3, 0, 0], [3, 32, 3, 11, 3, 1], [1, 2, 34, 8, 1, 1], [1, 0, 1, 54, 0, 0], [0, 3, 6, 8, 32, 0], [2, 2, 5, 6, 2, 36]]"
terra56,valid_full,char3_5_tfidf_svm,simplify,modernize,318,18,0.7908063242842315,0.6973333278417786,0.8700665634192801,0.7987421383647799,"[[57, 1, 0, 2, 0, 0], [4, 28, 1, 10, 7, 3], [1, 1, 36, 6, 2, 1], [1, 0, 1, 54, 0, 0], [0, 4, 3, 3, 38, 1], [1, 1, 3, 5, 2, 41]]"
terra56,valid_full,char3_5_tfidf_svm,simplify,simplify,318,18,0.7596888480374276,0.6723542610837935,0.8348704806544355,0.7704402515723271,"[[56, 1, 1, 2, 0, 0], [4, 25, 1, 9, 11, 3], [1, 1, 31, 8, 5, 1], [2, 1, 1, 52, 0, 0], [0, 2, 1, 2, 41, 3], [1, 1, 2, 5, 4, 40]]"
terra56,matched200_full,shared_stylometry_nc,original,original,318,18,0.6427550349574175,0.5559603190146545,0.7302449033250393,0.6415094339622641,"[[48, 6, 1, 3, 0, 2], [7, 24, 3, 3, 6, 10], [1, 4, 38, 0, 0, 4], [5, 6, 6, 37, 0, 2], [0, 9, 1, 3, 28, 8], [1, 13, 4, 2, 4, 29]]"
terra56,matched200_full,shared_stylometry_nc,original,paraphrase,318,18,0.562415889220702,0.45113812657597147,0.6757095125214095,0.5660377358490566,"[[43, 7, 0, 5, 0, 5], [2, 24, 1, 4, 5, 17], [0, 6, 24, 6, 0, 11], [4, 3, 5, 39, 0, 5], [1, 17, 1, 5, 15, 10], [2, 11, 2, 2, 1, 35]]"
terra56,matched200_full,shared_stylometry_nc,original,modernize,318,18,0.527086369916772,0.4111860021887632,0.6362017217565882,0.5283018867924528,"[[46, 5, 0, 3, 0, 6], [6, 20, 1, 2, 5, 19], [3, 8, 19, 6, 1, 10], [6, 8, 3, 30, 0, 9], [0, 16, 1, 2, 17, 13], [2, 12, 1, 1, 1, 36]]"
terra56,matched200_full,shared_stylometry_nc,original,simplify,318,18,0.48503669008082945,0.3735668133949478,0.590159793979892,0.4937106918238994,"[[47, 5, 0, 1, 0, 7], [5, 22, 0, 2, 6, 18], [2, 11, 11, 8, 2, 13], [9, 9, 1, 26, 0, 11], [1, 18, 0, 1, 18, 11], [5, 13, 0, 0, 2, 33]]"
terra56,matched200_full,shared_stylometry_nc,paraphrase,original,318,18,0.6030544955728169,0.5294457985144985,0.6765957425702265,0.610062893081761,"[[49, 4, 2, 2, 3, 0], [7, 18, 3, 1, 15, 9], [0, 2, 38, 1, 3, 3], [6, 2, 5, 35, 5, 3], [1, 10, 1, 2, 33, 2], [3, 13, 6, 0, 10, 21]]"
terra56,matched200_full,shared_stylometry_nc,paraphrase,paraphrase,318,18,0.6081567499524155,0.5198693320556618,0.6994134402553486,0.6132075471698113,"[[48, 5, 2, 2, 0, 3], [4, 22, 3, 4, 11, 9], [0, 1, 29, 6, 4, 7], [3, 4, 5, 42, 0, 2], [1, 13, 2, 2, 24, 7], [3, 12, 3, 2, 3, 30]]"
terra56,matched200_full,shared_stylometry_nc,paraphrase,modernize,318,18,0.5594938879221879,0.47018802441525454,0.6484788690242774,0.5628930817610063,"[[50, 4, 0, 2, 0, 4], [6, 20, 3, 3, 12, 9], [1, 3, 25, 5, 6, 7], [8, 6, 5, 32, 3, 2], [2, 14, 3, 0, 24, 6], [3, 15, 2, 0, 5, 28]]"
terra56,matched200_full,shared_stylometry_nc,paraphrase,simplify,318,18,0.5350002178537164,0.430151586846989,0.6345087930076558,0.5377358490566038,"[[50, 6, 0, 0, 0, 4], [5, 18, 1, 2, 16, 11], [0, 3, 21, 4, 11, 8], [9, 7, 4, 26, 6, 4], [2, 10, 2, 0, 28, 7], [3, 12, 0, 0, 10, 28]]"
terra56,matched200_full,shared_stylometry_nc,modernize,original,318,18,0.5784869223669977,0.5025784621399398,0.6553221864090786,0.5817610062893082,"[[44, 4, 2, 4, 3, 3], [6, 18, 4, 3, 13, 9], [0, 2, 36, 3, 2, 4], [4, 4, 6, 36, 3, 3], [0, 12, 2, 2, 29, 4], [3, 15, 5, 3, 5, 22]]"
terra56,matched200_full,shared_stylometry_nc,modernize,paraphrase,318,18,0.579234301966611,0.4839056212370469,0.6780292700570735,0.5817610062893082,"[[40, 7, 1, 6, 0, 6], [4, 21, 4, 5, 7, 12], [0, 3, 28, 9, 1, 6], [2, 3, 4, 45, 0, 2], [0, 14, 4, 3, 21, 7], [2, 13, 4, 3, 1, 30]]"
terra56,matched200_full,shared_stylometry_nc,modernize,modernize,318,18,0.5528941426927368,0.46528766840436375,0.6424976548911631,0.5566037735849056,"[[47, 7, 0, 2, 0, 4], [8, 17, 4, 6, 9, 9], [0, 2, 29, 7, 3, 6], [5, 5, 6, 35, 1, 4], [2, 15, 3, 1, 21, 7], [3, 14, 4, 2, 2, 28]]"
terra56,matched200_full,shared_stylometry_nc,modernize,simplify,318,18,0.546214155404522,0.4589023737794097,0.6378430834913135,0.5471698113207547,"[[48, 8, 0, 1, 0, 3], [8, 18, 3, 4, 11, 9], [0, 3, 26, 6, 6, 6], [7, 7, 3, 32, 2, 5], [2, 14, 3, 1, 21, 8], [2, 15, 2, 2, 3, 29]]"
terra56,matched200_full,shared_stylometry_nc,simplify,original,318,18,0.565594870674497,0.4868193359304274,0.6466577525405842,0.5691823899371069,"[[42, 4, 2, 8, 2, 2], [6, 19, 5, 4, 10, 9], [0, 4, 34, 5, 0, 4], [4, 2, 7, 37, 2, 4], [1, 11, 2, 3, 28, 4], [3, 15, 4, 6, 4, 21]]"
terra56,matched200_full,shared_stylometry_nc,simplify,paraphrase,318,18,0.5848100099378647,0.4798597412559592,0.6925184878747138,0.5911949685534591,"[[42, 6, 1, 5, 0, 6], [3, 21, 4, 6, 6, 13], [0, 4, 29, 9, 0, 5], [1, 0, 6, 45, 0, 4], [0, 13, 4, 6, 19, 7], [3, 11, 3, 3, 1, 32]]"
terra56,matched200_full,shared_stylometry_nc,simplify,modernize,318,18,0.5725600645434601,0.4832979996423452,0.6637657065465771,0.5786163522012578,"[[46, 7, 0, 3, 0, 4], [8, 15, 4, 7, 9, 10], [0, 1, 32, 6, 3, 5], [2, 4, 5, 41, 0, 4], [1, 14, 4, 2, 22, 6], [3, 13, 4, 3, 2, 28]]"
terra56,matched200_full,shared_stylometry_nc,simplify,simplify,318,18,0.5578152608739307,0.4718846595099884,0.6473128558278797,0.559748427672956,"[[47, 8, 0, 1, 0, 4], [8, 17, 4, 5, 9, 10], [0, 4, 29, 6, 3, 5], [4, 6, 5, 36, 1, 4], [2, 14, 4, 1, 21, 7], [3, 14, 3, 3, 2, 28]]"
terra56,matched200_full,shared_function_words_nc,original,original,318,18,0.5524858571172845,0.46929864365137103,0.6380541832232676,0.5534591194968553,"[[47, 4, 0, 3, 0, 6], [7, 8, 3, 10, 6, 19], [1, 3, 37, 3, 0, 3], [4, 9, 5, 30, 0, 8], [3, 4, 1, 2, 30, 9], [5, 15, 1, 3, 5, 24]]"
terra56,matched200_full,shared_function_words_nc,original,paraphrase,318,18,0.5149111576459569,0.4320453250327235,0.600768939084737,0.5125786163522013,"[[42, 6, 0, 3, 0, 9], [5, 7, 2, 11, 7, 21], [0, 4, 25, 8, 1, 9], [3, 11, 3, 33, 1, 5], [5, 10, 1, 1, 22, 10], [1, 13, 1, 2, 2, 34]]"
terra56,matched200_full,shared_function_words_nc,original,modernize,318,18,0.4779954206374754,0.3870630374740575,0.5668430447599857,0.48427672955974843,"[[49, 2, 0, 3, 0, 6], [6, 12, 2, 10, 4, 19], [2, 9, 17, 10, 0, 9], [8, 11, 4, 27, 1, 5], [5, 11, 0, 0, 20, 13], [6, 12, 1, 1, 4, 29]]"
terra56,matched200_full,shared_function_words_nc,original,simplify,318,18,0.4524277354178789,0.3626207153714883,0.5401890631370172,0.4591194968553459,"[[49, 3, 0, 2, 0, 6], [6, 10, 1, 10, 6, 20], [2, 12, 12, 11, 1, 9], [8, 14, 2, 26, 1, 5], [5, 10, 0, 0, 21, 13], [5, 17, 0, 1, 2, 28]]"
terra56,matched200_full,shared_function_words_nc,paraphrase,original,318,18,0.5141432474200422,0.4347385461090233,0.5975073346764328,0.5314465408805031,"[[46, 2, 1, 3, 1, 7], [7, 6, 6, 10, 4, 20], [0, 3, 40, 2, 0, 2], [6, 7, 10, 27, 1, 5], [3, 5, 3, 0, 27, 11], [6, 7, 4, 2, 11, 23]]"
terra56,matched200_full,shared_function_words_nc,paraphrase,paraphrase,318,18,0.5214466081456275,0.4406164580656415,0.6072385723846854,0.5283018867924528,"[[47, 4, 0, 2, 0, 7], [6, 8, 6, 11, 4, 18], [0, 2, 30, 6, 2, 7], [4, 10, 6, 32, 1, 3], [4, 6, 3, 0, 24, 12], [5, 12, 2, 1, 6, 27]]"
terra56,matched200_full,shared_function_words_nc,paraphrase,modernize,318,18,0.49728960995628674,0.420532230275354,0.5746097548628459,0.5094339622641509,"[[49, 2, 0, 2, 1, 6], [7, 11, 6, 10, 4, 15], [1, 1, 25, 9, 3, 8], [10, 10, 6, 27, 1, 2], [4, 9, 2, 1, 23, 10], [6, 8, 3, 1, 8, 27]]"
terra56,matched200_full,shared_function_words_nc,paraphrase,simplify,318,18,0.47306267572879596,0.39603510958564214,0.5599654661214483,0.48427672955974843,"[[48, 1, 0, 2, 2, 7], [8, 8, 6, 8, 5, 18], [2, 4, 23, 5, 5, 8], [9, 12, 4, 25, 4, 2], [5, 8, 1, 1, 25, 9], [7, 9, 2, 1, 9, 25]]"
terra56,matched200_full,shared_function_words_nc,modernize,original,318,18,0.499197987988057,0.4162116350285326,0.5873438905224028,0.5094339622641509,"[[44, 2, 1, 4, 2, 7], [7, 7, 6, 9, 4, 20], [0, 3, 36, 6, 0, 2], [4, 5, 9, 29, 2, 7], [3, 8, 3, 2, 23, 10], [4, 12, 2, 3, 9, 23]]"
terra56,matched200_full,shared_function_words_nc,modernize,paraphrase,318,18,0.48718969155905373,0.4096478483053859,0.5695243792574665,0.4968553459119497,"[[40, 6, 1, 5, 0, 8], [6, 7, 6, 11, 3, 20], [0, 2, 31, 7, 2, 5], [4, 6, 6, 36, 0, 4], [4, 11, 4, 3, 15, 12], [0, 14, 4, 2, 4, 29]]"
terra56,matched200_full,shared_function_words_nc,modernize,modernize,318,18,0.5030109163193867,0.42831682728273723,0.5808748728250788,0.5157232704402516,"[[48, 2, 0, 3, 0, 7], [6, 10, 7, 9, 5, 16], [0, 1, 27, 10, 4, 5], [6, 8, 7, 31, 2, 2], [3, 11, 3, 1, 19, 12], [3, 11, 3, 1, 6, 29]]"
terra56,matched200_full,shared_function_words_nc,modernize,simplify,318,18,0.47570989044631684,0.4034343834067661,0.555959315424248,0.48742138364779874,"[[49, 2, 0, 2, 3, 4], [6, 9, 6, 9, 5, 18], [0, 2, 26, 9, 4, 6], [7, 10, 6, 28, 2, 3], [4, 12, 4, 1, 17, 11], [4, 13, 1, 1, 8, 26]]"
terra56,matched200_full,shared_function_words_nc,simplify,original,318,18,0.5087711860220372,0.42337936699758516,0.6000647227028163,0.5157232704402516,"[[41, 3, 1, 3, 0, 12], [5, 5, 7, 10, 4, 22], [0, 3, 37, 5, 0, 2], [4, 4, 9, 30, 1, 8], [1, 4, 4, 3, 26, 11], [2, 14, 2, 3, 7, 25]]"
terra56,matched200_full,shared_function_words_nc,simplify,paraphrase,318,18,0.49789318661499116,0.41383226606745865,0.5853516406398166,0.5,"[[38, 8, 1, 5, 0, 8], [5, 7, 7, 11, 2, 21], [0, 4, 29, 7, 1, 6], [4, 5, 6, 36, 0, 5], [3, 8, 4, 3, 20, 11], [1, 14, 4, 2, 3, 29]]"
terra56,matched200_full,shared_function_words_nc,simplify,modernize,318,18,0.49302012915914223,0.4104621931524193,0.5757663523036,0.5031446540880503,"[[46, 3, 0, 3, 1, 7], [6, 11, 7, 10, 4, 15], [0, 2, 25, 13, 1, 6], [6, 9, 9, 29, 1, 2], [4, 9, 4, 2, 18, 12], [0, 13, 2, 2, 5, 31]]"
terra56,matched200_full,shared_function_words_nc,simplify,simplify,318,18,0.472519365161977,0.3931763791590389,0.5553817163528834,0.4811320754716981,"[[45, 3, 0, 2, 2, 8], [6, 7, 8, 9, 4, 19], [0, 3, 26, 9, 3, 6], [7, 9, 6, 29, 2, 3], [4, 10, 4, 1, 18, 12], [2, 15, 2, 2, 4, 28]]"
terra56,matched200_full,char3_5_tfidf_svm,original,original,318,18,0.8758216230337506,0.8154229672148885,0.9292746170278746,0.8805031446540881,"[[58, 1, 0, 1, 0, 0], [1, 35, 3, 6, 6, 2], [0, 2, 42, 2, 0, 1], [1, 0, 0, 55, 0, 0], [1, 1, 0, 2, 43, 2], [1, 0, 1, 0, 4, 47]]"
terra56,matched200_full,char3_5_tfidf_svm,original,paraphrase,318,18,0.7574024759333954,0.6632563956768444,0.8377693951611233,0.7641509433962265,"[[57, 0, 0, 3, 0, 0], [2, 30, 1, 13, 5, 2], [0, 2, 34, 7, 2, 2], [0, 1, 1, 54, 0, 0], [0, 3, 4, 7, 32, 3], [2, 2, 5, 7, 1, 36]]"
terra56,matched200_full,char3_5_tfidf_svm,original,modernize,318,18,0.7738906499626452,0.693329576460273,0.8495307579428908,0.7861635220125787,"[[56, 1, 0, 3, 0, 0], [2, 25, 1, 9, 13, 3], [0, 2, 31, 8, 3, 3], [1, 0, 0, 55, 0, 0], [1, 3, 1, 2, 39, 3], [2, 0, 2, 2, 3, 44]]"
terra56,matched200_full,char3_5_tfidf_svm,original,simplify,318,18,0.7361630382787271,0.6489288671451895,0.8144204399396673,0.7547169811320755,"[[55, 1, 0, 3, 0, 1], [3, 23, 1, 7, 15, 4], [0, 3, 23, 9, 6, 6], [3, 1, 0, 52, 0, 0], [0, 2, 0, 3, 40, 4], [1, 0, 0, 2, 3, 47]]"
terra56,matched200_full,char3_5_tfidf_svm,paraphrase,original,318,18,0.8043126617633751,0.7354746968793315,0.8683657070321296,0.8144654088050315,"[[58, 1, 0, 1, 0, 0], [4, 25, 3, 3, 13, 5], [1, 1, 40, 1, 3, 1], [2, 1, 2, 51, 0, 0], [0, 0, 1, 2, 44, 2], [1, 1, 1, 0, 9, 41]]"
terra56,matched200_full,char3_5_tfidf_svm,paraphrase,paraphrase,318,18,0.7913346797225183,0.7169129419908128,0.8594270919191044,0.7987421383647799,"[[57, 1, 0, 2, 0, 0], [0, 29, 1, 10, 11, 2], [1, 2, 36, 4, 2, 2], [1, 1, 1, 53, 0, 0], [0, 3, 2, 3, 39, 2], [1, 1, 4, 5, 2, 40]]"
terra56,matched200_full,char3_5_tfidf_svm,paraphrase,modernize,318,18,0.7698604615170365,0.6934742991971851,0.8401078460008214,0.7861635220125787,"[[59, 0, 0, 1, 0, 0], [5, 22, 1, 5, 17, 3], [1, 3, 30, 5, 5, 3], [2, 0, 1, 53, 0, 0], [1, 1, 0, 2, 44, 1], [1, 1, 2, 0, 7, 42]]"
terra56,matched200_full,char3_5_tfidf_svm,paraphrase,simplify,318,18,0.7355827157418368,0.6446732785805422,0.810411261003587,0.7547169811320755,"[[58, 0, 0, 1, 1, 0], [4, 23, 1, 3, 18, 4], [1, 5, 22, 5, 11, 3], [3, 1, 1, 51, 0, 0], [0, 0, 0, 1, 46, 2], [1, 0, 1, 2, 9, 40]]"
terra56,matched200_full,char3_5_tfidf_svm,modernize,original,318,18,0.7986911511327656,0.7178042349937405,0.8665768137176054,0.8081761006289309,"[[59, 1, 0, 0, 0, 0], [2, 28, 3, 7, 10, 3], [0, 2, 38, 3, 2, 2], [2, 0, 3, 51, 0, 0], [0, 1, 1, 3, 43, 1], [1, 1, 2, 4, 7, 38]]"
terra56,matched200_full,char3_5_tfidf_svm,modernize,paraphrase,318,18,0.7743061064751023,0.6959480460820806,0.841488725611659,0.779874213836478,"[[58, 0, 0, 2, 0, 0], [1, 32, 1, 13, 4, 2], [0, 3, 36, 6, 1, 1], [1, 0, 1, 54, 0, 0], [0, 4, 3, 6, 35, 1], [3, 2, 6, 8, 1, 33]]"
terra56,matched200_full,char3_5_tfidf_svm,modernize,modernize,318,18,0.8116682124526821,0.7361674995894348,0.880590906793606,0.8207547169811321,"[[58, 1, 0, 1, 0, 0], [1, 28, 1, 8, 12, 3], [0, 2, 36, 4, 3, 2], [1, 0, 0, 55, 0, 0], [1, 4, 1, 2, 40, 1], [1, 0, 2, 4, 2, 44]]"
terra56,matched200_full,char3_5_tfidf_svm,modernize,simplify,318,18,0.7476888746629329,0.6453410954655717,0.833387558901825,0.7610062893081762,"[[57, 1, 0, 1, 0, 1], [3, 25, 1, 6, 14, 4], [0, 4, 28, 6, 6, 3], [2, 2, 1, 51, 0, 0], [0, 1, 1, 2, 42, 3], [1, 1, 2, 6, 4, 39]]"
terra56,matched200_full,char3_5_tfidf_svm,simplify,original,318,18,0.8074187717044015,0.7256381058956122,0.8739140868754313,0.8144654088050315,"[[59, 1, 0, 0, 0, 0], [2, 31, 3, 7, 8, 2], [0, 2, 39, 4, 1, 1], [3, 0, 3, 50, 0, 0], [0, 1, 1, 3, 42, 2], [1, 2, 2, 4, 6, 38]]"
terra56,matched200_full,char3_5_tfidf_svm,simplify,paraphrase,318,18,0.7649845580783586,0.6568684568916001,0.8488838520450326,0.7704402515723271,"[[57, 0, 0, 3, 0, 0], [3, 32, 3, 11, 3, 1], [1, 2, 34, 8, 1, 1], [1, 0, 1, 54, 0, 0], [0, 3, 6, 8, 32, 0], [2, 2, 5, 6, 2, 36]]"
terra56,matched200_full,char3_5_tfidf_svm,simplify,modernize,318,18,0.7908063242842315,0.6973333278417786,0.8700665634192801,0.7987421383647799,"[[57, 1, 0, 2, 0, 0], [4, 28, 1, 10, 7, 3], [1, 1, 36, 6, 2, 1], [1, 0, 1, 54, 0, 0], [0, 4, 3, 3, 38, 1], [1, 1, 3, 5, 2, 41]]"
terra56,matched200_full,char3_5_tfidf_svm,simplify,simplify,318,18,0.7596888480374276,0.6723542610837935,0.8348704806544355,0.7704402515723271,"[[56, 1, 1, 2, 0, 0], [4, 25, 1, 9, 11, 3], [1, 1, 31, 8, 5, 1], [2, 1, 1, 52, 0, 0], [0, 2, 1, 2, 41, 3], [1, 1, 2, 5, 4, 40]]"
terra56,w200_prefix,shared_stylometry_nc,original,original,318,18,0.5775167568729475,0.494809283289992,0.6598113750690218,0.5754716981132075,"[[42, 7, 3, 4, 1, 3], [5, 18, 2, 9, 6, 13], [1, 5, 34, 3, 0, 4], [4, 4, 5, 36, 1, 6], [2, 10, 3, 3, 24, 7], [4, 13, 2, 5, 0, 29]]"
terra56,w200_prefix,shared_stylometry_nc,original,paraphrase,318,18,0.5145201680434064,0.41369749369688286,0.6115589998858939,0.5125786163522013,"[[39, 10, 1, 2, 0, 8], [2, 18, 0, 10, 4, 19], [1, 6, 23, 7, 0, 10], [5, 3, 4, 35, 0, 9], [2, 10, 2, 5, 16, 14], [8, 10, 1, 2, 0, 32]]"
terra56,w200_prefix,shared_stylometry_nc,original,modernize,318,18,0.49475618620312095,0.39072028330400427,0.5983015769400665,0.4968553459119497,"[[44, 7, 0, 2, 0, 7], [5, 18, 1, 7, 4, 18], [2, 7, 21, 7, 0, 10], [7, 5, 3, 29, 0, 12], [7, 14, 1, 1, 14, 12], [6, 12, 1, 0, 2, 32]]"
terra56,w200_prefix,shared_stylometry_nc,original,simplify,318,18,0.47690249077276853,0.3658028021325661,0.5800513407753335,0.48427672955974843,"[[41, 8, 0, 2, 2, 7], [6, 20, 0, 6, 6, 15], [1, 12, 13, 7, 2, 12], [7, 5, 0, 31, 1, 12], [6, 14, 3, 0, 16, 10], [7, 11, 0, 0, 2, 33]]"
terra56,w200_prefix,shared_stylometry_nc,paraphrase,original,318,18,0.5555386585403693,0.4724051053162816,0.6379140633226283,0.559748427672956,"[[40, 5, 4, 3, 4, 4], [5, 23, 3, 7, 8, 7], [2, 4, 37, 3, 0, 1], [6, 6, 9, 26, 4, 5], [4, 9, 3, 2, 30, 1], [4, 9, 6, 5, 7, 22]]"
terra56,w200_prefix,shared_stylometry_nc,paraphrase,paraphrase,318,18,0.5192543057521393,0.4262050451740787,0.6128560877558792,0.5220125786163522,"[[39, 7, 5, 2, 3, 4], [2, 24, 2, 10, 4, 11], [1, 5, 21, 11, 1, 8], [4, 2, 5, 36, 3, 6], [3, 9, 2, 4, 23, 8], [6, 11, 4, 5, 4, 23]]"
terra56,w200_prefix,shared_stylometry_nc,paraphrase,modernize,318,18,0.4990253859520683,0.4046957052874467,0.5906122956768994,0.5031446540880503,"[[43, 6, 0, 1, 4, 6], [4, 24, 1, 7, 7, 10], [1, 7, 20, 10, 2, 7], [8, 7, 7, 25, 2, 7], [7, 11, 1, 1, 22, 7], [6, 9, 4, 3, 5, 26]]"
terra56,w200_prefix,shared_stylometry_nc,paraphrase,simplify,318,18,0.4995912082788443,0.4132452305834851,0.5824497043280039,0.5031446540880503,"[[41, 6, 0, 1, 4, 8], [4, 23, 1, 6, 9, 10], [1, 8, 17, 7, 7, 7], [7, 9, 3, 24, 4, 9], [6, 8, 3, 0, 26, 6], [5, 11, 2, 1, 5, 29]]"
terra56,w200_prefix,shared_stylometry_nc,modernize,original,318,18,0.538659477595501,0.46195893767151514,0.617597460116617,0.5408805031446541,"[[39, 7, 3, 3, 2, 6], [3, 19, 6, 7, 7, 11], [1, 3, 34, 5, 1, 3], [3, 3, 10, 31, 2, 7], [3, 10, 3, 4, 25, 4], [4, 9, 6, 5, 5, 24]]"
terra56,w200_prefix,shared_stylometry_nc,modernize,paraphrase,318,18,0.5098285143739689,0.41960708324370966,0.5991386268038146,0.5125786163522013,"[[40, 9, 3, 3, 1, 4], [3, 20, 4, 7, 4, 15], [0, 4, 22, 13, 1, 7], [2, 3, 5, 38, 0, 8], [2, 10, 4, 6, 18, 9], [5, 12, 3, 7, 1, 25]]"
terra56,w200_prefix,shared_stylometry_nc,modernize,modernize,318,18,0.50061092129779,0.4145424712696568,0.5892962508924274,0.5062893081761006,"[[43, 5, 1, 1, 4, 6], [4, 20, 3, 8, 7, 11], [0, 5, 24, 9, 2, 7], [6, 5, 7, 30, 0, 8], [7, 11, 2, 3, 17, 9], [5, 11, 4, 4, 2, 27]]"
terra56,w200_prefix,shared_stylometry_nc,modernize,simplify,318,18,0.5192410785491317,0.4337362108194478,0.5991158118356472,0.5188679245283019,"[[41, 7, 1, 1, 4, 6], [3, 20, 1, 8, 10, 11], [0, 7, 22, 9, 4, 5], [7, 7, 4, 30, 0, 8], [4, 8, 2, 2, 24, 9], [4, 11, 3, 3, 4, 28]]"
terra56,w200_prefix,shared_stylometry_nc,simplify,original,318,18,0.5142967961595413,0.4411242881443976,0.590363860882978,0.5188679245283019,"[[38, 7, 4, 5, 1, 5], [3, 15, 6, 8, 9, 12], [0, 4, 34, 7, 0, 2], [3, 2, 9, 33, 1, 8], [4, 10, 3, 5, 22, 5], [4, 9, 7, 7, 3, 23]]"
terra56,w200_prefix,shared_stylometry_nc,simplify,paraphrase,318,18,0.4978193904858441,0.4065444877721922,0.5884434572205557,0.5062893081761006,"[[39, 9, 4, 4, 0, 4], [2, 18, 4, 9, 4, 16], [0, 5, 23, 12, 0, 7], [3, 2, 5, 37, 1, 8], [4, 10, 5, 7, 14, 9], [5, 10, 2, 6, 0, 30]]"
terra56,w200_prefix,shared_stylometry_nc,simplify,modernize,318,18,0.5135050618817011,0.42004136252333524,0.60426374297897,0.5188679245283019,"[[42, 7, 1, 1, 2, 7], [3, 19, 2, 9, 6, 14], [0, 5, 27, 10, 0, 5], [4, 5, 5, 34, 0, 8], [7, 10, 2, 6, 15, 9], [5, 10, 4, 5, 1, 28]]"
terra56,w200_prefix,shared_stylometry_nc,simplify,simplify,318,18,0.517995897864319,0.4327485025649073,0.6077773295092173,0.5188679245283019,"[[39, 10, 1, 2, 2, 6], [3, 21, 2, 7, 7, 13], [0, 6, 26, 8, 2, 5], [5, 5, 6, 31, 0, 9], [7, 8, 4, 3, 18, 9], [3, 11, 4, 5, 0, 30]]"
terra56,w200_prefix,shared_function_words_nc,original,original,318,18,0.4931310354483851,0.4132110395925311,0.5750731003126699,0.4968553459119497,"[[44, 6, 1, 2, 1, 6], [8, 7, 3, 13, 4, 18], [1, 4, 34, 4, 0, 4], [3, 9, 7, 24, 1, 12], [5, 6, 2, 2, 23, 11], [6, 10, 1, 3, 7, 26]]"
terra56,w200_prefix,shared_function_words_nc,original,paraphrase,318,18,0.44295336862788787,0.3607799706858951,0.5268757992973188,0.44025157232704404,"[[39, 8, 0, 2, 2, 9], [6, 5, 3, 13, 4, 22], [0, 7, 26, 6, 0, 8], [3, 10, 4, 28, 1, 10], [5, 8, 1, 3, 16, 16], [8, 10, 1, 1, 7, 26]]"
terra56,w200_prefix,shared_function_words_nc,original,modernize,318,18,0.4249243828696816,0.3426309279108776,0.5072686949640103,0.4276729559748428,"[[41, 8, 0, 2, 1, 8], [8, 11, 1, 11, 5, 17], [1, 10, 19, 9, 0, 8], [7, 10, 4, 23, 2, 10], [9, 8, 0, 3, 14, 15], [5, 10, 1, 2, 7, 28]]"
terra56,w200_prefix,shared_function_words_nc,original,simplify,318,18,0.41376409039642076,0.331573510035791,0.49456039672721197,0.41823899371069184,"[[43, 6, 0, 1, 3, 7], [9, 12, 1, 10, 4, 17], [1, 11, 16, 8, 1, 10], [7, 10, 3, 24, 3, 9], [9, 7, 1, 3, 14, 15], [7, 14, 0, 1, 7, 24]]"
terra56,w200_prefix,shared_function_words_nc,paraphrase,original,318,18,0.43305571045732544,0.37009891996113037,0.49559556930629467,0.44654088050314467,"[[40, 4, 5, 1, 1, 9], [8, 4, 6, 7, 7, 21], [0, 4, 35, 4, 1, 3], [6, 11, 8, 22, 1, 8], [6, 4, 4, 2, 20, 13], [7, 7, 6, 3, 9, 21]]"
terra56,w200_prefix,shared_function_words_nc,paraphrase,paraphrase,318,18,0.44265118378021606,0.37728296568513214,0.5072481124898217,0.449685534591195,"[[37, 7, 2, 2, 4, 8], [7, 8, 3, 10, 7, 18], [1, 3, 28, 6, 1, 8], [2, 8, 6, 32, 2, 6], [9, 4, 2, 3, 15, 16], [8, 7, 3, 2, 10, 23]]"
terra56,w200_prefix,shared_function_words_nc,paraphrase,modernize,318,18,0.4272013937374193,0.36065204963350894,0.4951352481168407,0.4339622641509434,"[[37, 5, 1, 2, 5, 10], [7, 8, 3, 9, 10, 16], [2, 7, 21, 8, 2, 7], [7, 9, 4, 27, 3, 6], [10, 5, 2, 3, 19, 10], [5, 7, 4, 2, 9, 26]]"
terra56,w200_prefix,shared_function_words_nc,paraphrase,simplify,318,18,0.45245177139828224,0.37541800179905627,0.5287087235800738,0.46226415094339623,"[[43, 5, 1, 1, 5, 5], [10, 10, 4, 8, 8, 13], [0, 3, 26, 8, 5, 5], [7, 8, 5, 26, 2, 8], [9, 3, 2, 2, 20, 13], [8, 8, 5, 2, 8, 22]]"
terra56,w200_prefix,shared_function_words_nc,modernize,original,318,18,0.4368672748378631,0.3724758047351956,0.5007709440447548,0.4559748427672956,"[[41, 4, 4, 1, 1, 9], [8, 4, 11, 6, 5, 19], [0, 3, 34, 6, 0, 4], [4, 9, 9, 25, 1, 8], [6, 6, 2, 3, 15, 17], [6, 5, 4, 3, 9, 26]]"
terra56,w200_prefix,shared_function_words_nc,modernize,paraphrase,318,18,0.43982780883550077,0.37681462998647736,0.5035637440662151,0.4528301886792453,"[[38, 5, 4, 2, 4, 7], [7, 7, 7, 8, 4, 20], [0, 1, 28, 8, 2, 8], [2, 6, 6, 32, 1, 9], [8, 7, 2, 3, 13, 16], [4, 7, 3, 2, 11, 26]]"
terra56,w200_prefix,shared_function_words_nc,modernize,modernize,318,18,0.4213317315541148,0.34909163520438663,0.4953403823576722,0.4308176100628931,"[[39, 7, 1, 1, 5, 7], [8, 8, 4, 8, 8, 17], [0, 2, 26, 9, 4, 6], [6, 6, 5, 27, 2, 10], [9, 8, 1, 4, 11, 16], [3, 8, 3, 3, 10, 26]]"
terra56,w200_prefix,shared_function_words_nc,modernize,simplify,318,18,0.4342848113978886,0.3577156732683139,0.5110509909004439,0.44339622641509435,"[[39, 8, 2, 1, 4, 6], [10, 7, 7, 8, 6, 15], [0, 2, 27, 10, 3, 5], [7, 7, 4, 26, 3, 9], [9, 3, 1, 3, 17, 16], [4, 9, 2, 2, 11, 25]]"
terra56,w200_prefix,shared_function_words_nc,simplify,original,318,18,0.4326152316637541,0.36460324716210435,0.498156344068253,0.4528301886792453,"[[38, 6, 2, 2, 2, 10], [8, 2, 10, 8, 6, 19], [0, 3, 31, 7, 0, 6], [4, 6, 7, 30, 1, 8], [7, 5, 2, 5, 16, 14], [7, 5, 3, 3, 8, 27]]"
terra56,w200_prefix,shared_function_words_nc,simplify,paraphrase,318,18,0.4412874718938224,0.3689160025849835,0.5115171511254274,0.4528301886792453,"[[38, 7, 2, 2, 3, 8], [6, 7, 7, 9, 4, 20], [0, 3, 26, 10, 0, 8], [4, 5, 4, 33, 1, 9], [7, 7, 3, 3, 13, 16], [5, 8, 1, 3, 9, 27]]"
terra56,w200_prefix,shared_function_words_nc,simplify,modernize,318,18,0.41417262728483456,0.34548837882185557,0.4841083983470135,0.42452830188679247,"[[37, 9, 1, 1, 5, 7], [8, 5, 6, 9, 8, 17], [0, 5, 24, 11, 1, 6], [6, 7, 4, 29, 3, 7], [9, 9, 2, 4, 13, 12], [5, 8, 2, 3, 8, 27]]"
terra56,w200_prefix,shared_function_words_nc,simplify,simplify,318,18,0.4293983176768783,0.3535118025920775,0.5071682631368828,0.4339622641509434,"[[37, 10, 2, 1, 5, 5], [8, 8, 7, 9, 6, 15], [0, 3, 26, 11, 1, 6], [6, 9, 5, 25, 3, 8], [9, 6, 1, 3, 17, 13], [5, 9, 1, 2, 11, 25]]"
terra56,w200_prefix,char3_5_tfidf_svm,original,original,318,18,0.7794724748303521,0.7044966819744377,0.8485379353112878,0.7861635220125787,"[[55, 2, 1, 2, 0, 0], [3, 28, 2, 10, 9, 1], [0, 1, 41, 2, 1, 2], [2, 2, 1, 50, 1, 0], [1, 2, 2, 2, 37, 5], [4, 2, 1, 1, 6, 39]]"
terra56,w200_prefix,char3_5_tfidf_svm,original,paraphrase,318,18,0.6820909506423769,0.5722523644287038,0.7748815557782972,0.6949685534591195,"[[56, 1, 0, 3, 0, 0], [3, 24, 2, 16, 4, 4], [1, 2, 30, 11, 2, 1], [1, 2, 1, 52, 0, 0], [1, 4, 4, 5, 31, 4], [7, 4, 5, 6, 3, 28]]"
terra56,w200_prefix,char3_5_tfidf_svm,original,modernize,318,18,0.7131258345299836,0.640221339132065,0.7810923673569612,0.7232704402515723,"[[56, 2, 0, 2, 0, 0], [5, 24, 0, 10, 7, 7], [1, 2, 27, 13, 2, 2], [1, 3, 0, 50, 0, 2], [3, 3, 0, 4, 36, 3], [7, 1, 0, 2, 6, 37]]"
terra56,w200_prefix,char3_5_tfidf_svm,original,simplify,318,18,0.6498515425433796,0.5616096324852473,0.7279499667949321,0.6729559748427673,"[[57, 2, 0, 1, 0, 0], [6, 24, 0, 11, 8, 4], [1, 4, 15, 20, 3, 4], [3, 4, 0, 44, 2, 3], [1, 3, 1, 3, 36, 5], [5, 3, 0, 1, 6, 38]]"
terra56,w200_prefix,char3_5_tfidf_svm,paraphrase,original,318,18,0.7298562398688935,0.645715420798023,0.8036628076294974,0.7358490566037735,"[[53, 3, 1, 2, 1, 0], [5, 29, 0, 7, 8, 4], [1, 2, 35, 3, 3, 3], [4, 2, 3, 45, 1, 1], [0, 3, 2, 3, 41, 0], [3, 4, 2, 2, 11, 31]]"
terra56,w200_prefix,char3_5_tfidf_svm,paraphrase,paraphrase,318,18,0.7176242836073635,0.6300319510237873,0.7915158066589745,0.7264150943396226,"[[57, 1, 0, 2, 0, 0], [1, 28, 2, 16, 5, 1], [2, 3, 28, 10, 1, 3], [3, 2, 2, 49, 0, 0], [0, 4, 1, 4, 35, 5], [6, 2, 3, 3, 5, 34]]"
terra56,w200_prefix,char3_5_tfidf_svm,paraphrase,modernize,318,18,0.6825408184321716,0.5864227869886217,0.7617924168626091,0.7012578616352201,"[[56, 1, 0, 2, 1, 0], [4, 27, 1, 8, 9, 4], [1, 6, 19, 11, 7, 3], [4, 2, 2, 47, 0, 1], [1, 3, 0, 3, 41, 1], [4, 2, 2, 1, 11, 33]]"
terra56,w200_prefix,char3_5_tfidf_svm,paraphrase,simplify,318,18,0.6481883284294364,0.5479991454175173,0.7282961422408079,0.6729559748427673,"[[56, 1, 0, 1, 2, 0], [4, 24, 1, 5, 14, 5], [2, 5, 15, 12, 12, 1], [5, 3, 3, 44, 0, 1], [0, 2, 2, 0, 42, 3], [5, 3, 0, 2, 10, 33]]"
terra56,w200_prefix,char3_5_tfidf_svm,modernize,original,318,18,0.7185808562977575,0.6426896855752489,0.7892722625690481,0.7264150943396226,"[[54, 2, 1, 3, 0, 0], [2, 25, 2, 11, 9, 4], [0, 3, 36, 3, 2, 3], [3, 2, 3, 46, 1, 1], [2, 0, 2, 4, 38, 3], [2, 2, 3, 8, 6, 32]]"
terra56,w200_prefix,char3_5_tfidf_svm,modernize,paraphrase,318,18,0.6940804748484509,0.5897894276306326,0.7806109425280972,0.7012578616352201,"[[52, 3, 2, 3, 0, 0], [1, 26, 4, 16, 5, 1], [0, 3, 31, 9, 2, 2], [1, 2, 2, 51, 0, 0], [1, 2, 3, 7, 33, 3], [7, 4, 5, 5, 2, 30]]"
terra56,w200_prefix,char3_5_tfidf_svm,modernize,modernize,318,18,0.7286767771173134,0.6464557405304262,0.7994240330734198,0.7389937106918238,"[[56, 2, 0, 2, 0, 0], [1, 29, 2, 12, 7, 2], [2, 3, 28, 9, 2, 3], [1, 2, 1, 52, 0, 0], [2, 1, 2, 3, 38, 3], [6, 3, 3, 6, 3, 32]]"
terra56,w200_prefix,char3_5_tfidf_svm,modernize,simplify,318,18,0.7190403799279657,0.627217044984113,0.7944918229934008,0.7327044025157232,"[[57, 1, 0, 1, 0, 1], [3, 26, 1, 11, 10, 2], [1, 3, 26, 9, 7, 1], [3, 3, 1, 49, 0, 0], [2, 0, 2, 1, 42, 2], [6, 4, 2, 3, 5, 33]]"
terra56,w200_prefix,char3_5_tfidf_svm,simplify,original,318,18,0.7070458696779723,0.6129623893431353,0.7878754350124239,0.7138364779874213,"[[55, 1, 1, 3, 0, 0], [1, 25, 1, 13, 10, 3], [0, 5, 33, 6, 0, 3], [4, 2, 4, 45, 0, 1], [2, 0, 2, 6, 37, 2], [2, 3, 3, 7, 6, 32]]"
terra56,w200_prefix,char3_5_tfidf_svm,simplify,paraphrase,318,18,0.674240886972913,0.567317008382063,0.7656149358449438,0.6792452830188679,"[[53, 2, 0, 5, 0, 0], [3, 28, 3, 17, 1, 1], [1, 3, 27, 11, 2, 3], [1, 3, 2, 50, 0, 0], [1, 4, 4, 10, 28, 2], [6, 5, 3, 7, 2, 30]]"
terra56,w200_prefix,char3_5_tfidf_svm,simplify,modernize,318,18,0.7133773386429144,0.6292981637423926,0.783699253772692,0.720125786163522,"[[54, 3, 0, 3, 0, 0], [1, 28, 3, 13, 5, 3], [1, 3, 29, 9, 3, 2], [1, 1, 3, 50, 0, 1], [2, 2, 1, 7, 34, 3], [5, 2, 3, 6, 3, 34]]"
terra56,w200_prefix,char3_5_tfidf_svm,simplify,simplify,318,18,0.7117476138937038,0.6128800929710967,0.794766191152073,0.7232704402515723,"[[57, 1, 0, 2, 0, 0], [3, 26, 2, 12, 8, 2], [2, 2, 28, 9, 4, 2], [1, 4, 3, 48, 0, 0], [2, 2, 2, 3, 37, 3], [6, 2, 3, 3, 5, 34]]"
terra56,w200_middle,shared_stylometry_nc,original,original,318,18,0.5539866069312687,0.46533983205838764,0.6426280217984452,0.550314465408805,"[[37, 7, 3, 5, 0, 8], [13, 19, 2, 5, 5, 9], [4, 2, 33, 4, 1, 3], [9, 5, 4, 31, 1, 6], [2, 10, 1, 4, 25, 7], [6, 7, 2, 3, 5, 30]]"
terra56,w200_middle,shared_stylometry_nc,original,paraphrase,318,18,0.47252401122036963,0.3524467299767766,0.5850145249955169,0.4779874213836478,"[[37, 7, 1, 7, 0, 8], [14, 18, 0, 6, 1, 14], [5, 3, 19, 11, 1, 8], [6, 5, 2, 36, 0, 7], [2, 12, 3, 2, 14, 16], [6, 9, 3, 6, 1, 28]]"
terra56,w200_middle,shared_stylometry_nc,original,modernize,318,18,0.43271523753152064,0.35017132922518496,0.5187529223792611,0.44025157232704404,"[[37, 9, 1, 5, 0, 8], [12, 16, 2, 3, 5, 15], [7, 3, 17, 10, 2, 8], [11, 6, 2, 23, 1, 13], [3, 12, 2, 2, 14, 16], [7, 6, 3, 3, 1, 33]]"
terra56,w200_middle,shared_stylometry_nc,original,simplify,318,18,0.4237718688196101,0.33113742304211957,0.5185913824387479,0.4339622641509434,"[[42, 7, 0, 2, 0, 9], [14, 16, 1, 3, 4, 15], [5, 7, 15, 5, 2, 13], [12, 5, 1, 23, 2, 13], [3, 15, 2, 0, 11, 18], [8, 8, 1, 2, 3, 31]]"
terra56,w200_middle,shared_stylometry_nc,paraphrase,original,318,18,0.4910032750334634,0.4133695427543632,0.5694625002998123,0.49056603773584906,"[[31, 12, 4, 4, 4, 5], [6, 15, 3, 3, 21, 5], [2, 4, 32, 2, 4, 3], [9, 4, 8, 27, 5, 3], [3, 6, 3, 1, 32, 4], [4, 14, 4, 1, 11, 19]]"
terra56,w200_middle,shared_stylometry_nc,paraphrase,paraphrase,318,18,0.4651991715385866,0.3692000605495824,0.5602134694236507,0.46855345911949686,"[[33, 9, 4, 6, 1, 7], [9, 18, 2, 7, 9, 8], [1, 2, 19, 13, 5, 7], [7, 6, 7, 30, 1, 5], [3, 11, 2, 3, 22, 8], [7, 6, 6, 3, 4, 27]]"
terra56,w200_middle,shared_stylometry_nc,paraphrase,modernize,318,18,0.4664879168451151,0.3813830746727615,0.554244497091854,0.4748427672955975,"[[42, 6, 1, 2, 2, 7], [10, 17, 2, 3, 13, 8], [5, 4, 18, 7, 5, 8], [12, 5, 5, 22, 4, 8], [4, 12, 4, 0, 23, 6], [6, 8, 4, 1, 5, 29]]"
terra56,w200_middle,shared_stylometry_nc,paraphrase,simplify,318,18,0.44698505687845086,0.3586465714443052,0.5345711748518591,0.4559748427672956,"[[41, 8, 0, 2, 2, 7], [10, 16, 1, 2, 15, 9], [6, 4, 19, 3, 8, 7], [15, 5, 7, 16, 5, 8], [3, 11, 3, 0, 26, 6], [6, 9, 4, 2, 5, 27]]"
terra56,w200_middle,shared_stylometry_nc,modernize,original,318,18,0.4763014960924116,0.3964549473816797,0.5619061807419997,0.4779874213836478,"[[29, 9, 5, 7, 1, 9], [9, 16, 4, 6, 12, 6], [2, 2, 31, 5, 2, 5], [8, 4, 11, 27, 3, 3], [2, 9, 6, 3, 25, 4], [3, 9, 5, 5, 7, 24]]"
terra56,w200_middle,shared_stylometry_nc,modernize,paraphrase,318,18,0.44944548121713485,0.35566010346180355,0.5458371103008738,0.4528301886792453,"[[28, 9, 3, 9, 1, 10], [9, 16, 3, 7, 7, 11], [1, 2, 21, 12, 2, 9], [8, 4, 7, 32, 0, 5], [1, 10, 4, 6, 18, 10], [4, 6, 6, 5, 3, 29]]"
terra56,w200_middle,shared_stylometry_nc,modernize,modernize,318,18,0.44849389055012345,0.3670418843574476,0.5359192940783135,0.4559748427672956,"[[37, 7, 2, 7, 1, 6], [8, 16, 4, 6, 8, 11], [1, 4, 19, 11, 4, 8], [9, 4, 7, 27, 2, 7], [4, 12, 4, 1, 17, 11], [4, 7, 4, 5, 4, 29]]"
terra56,w200_middle,shared_stylometry_nc,modernize,simplify,318,18,0.44092187894504314,0.35800322328231904,0.5301111914863973,0.44339622641509435,"[[34, 9, 0, 3, 4, 10], [12, 13, 2, 5, 11, 10], [1, 5, 21, 8, 5, 7], [9, 6, 7, 27, 1, 6], [4, 12, 4, 1, 18, 10], [6, 8, 4, 4, 3, 28]]"
terra56,w200_middle,shared_stylometry_nc,simplify,original,318,18,0.4793399907492326,0.39431679683144294,0.5665069234889636,0.4811320754716981,"[[28, 9, 4, 8, 0, 11], [6, 16, 5, 6, 12, 8], [1, 3, 31, 7, 3, 2], [8, 3, 13, 28, 1, 3], [2, 6, 4, 3, 27, 7], [3, 9, 5, 5, 8, 23]]"
terra56,w200_middle,shared_stylometry_nc,simplify,paraphrase,318,18,0.4462070610763718,0.35134973251513163,0.5468812224054205,0.4528301886792453,"[[30, 8, 3, 8, 0, 11], [9, 15, 4, 8, 6, 11], [1, 1, 22, 13, 2, 8], [5, 2, 8, 34, 0, 7], [0, 10, 5, 8, 15, 11], [3, 6, 5, 8, 3, 28]]"
terra56,w200_middle,shared_stylometry_nc,simplify,modernize,318,18,0.4339383248291638,0.3606866319981619,0.5126167353407647,0.44339622641509435,"[[35, 9, 2, 8, 0, 6], [8, 12, 6, 5, 10, 12], [0, 3, 23, 12, 3, 6], [8, 4, 8, 28, 1, 7], [2, 11, 5, 6, 14, 11], [4, 6, 4, 6, 4, 29]]"
terra56,w200_middle,shared_stylometry_nc,simplify,simplify,318,18,0.42481949512204453,0.3429166329481297,0.512462326559276,0.4339622641509434,"[[37, 10, 1, 3, 0, 9], [10, 13, 5, 4, 11, 10], [2, 5, 19, 9, 5, 7], [9, 6, 7, 26, 1, 7], [2, 9, 7, 6, 15, 10], [3, 7, 5, 6, 4, 28]]"
terra56,w200_middle,shared_function_words_nc,original,original,318,18,0.4415308235255606,0.35809255231546994,0.528676699263929,0.44654088050314467,"[[40, 5, 1, 7, 1, 6], [9, 10, 3, 12, 5, 14], [3, 3, 28, 10, 0, 3], [9, 10, 7, 24, 2, 4], [4, 10, 2, 3, 17, 13], [5, 8, 4, 6, 7, 23]]"
terra56,w200_middle,shared_function_words_nc,original,paraphrase,318,18,0.4318561585919349,0.3520098356607241,0.5157891097090821,0.4371069182389937,"[[38, 8, 1, 6, 1, 6], [8, 10, 2, 14, 8, 11], [1, 6, 20, 17, 0, 3], [6, 10, 5, 28, 2, 5], [3, 15, 2, 2, 13, 14], [3, 10, 3, 3, 4, 30]]"
terra56,w200_middle,shared_function_words_nc,original,modernize,318,18,0.4155612246736892,0.3446323307972574,0.48872161554709476,0.41823899371069184,"[[39, 10, 0, 2, 2, 7], [10, 14, 2, 8, 8, 11], [2, 7, 17, 14, 2, 5], [12, 15, 4, 19, 1, 5], [3, 13, 3, 1, 16, 13], [6, 10, 1, 3, 5, 28]]"
terra56,w200_middle,shared_function_words_nc,original,simplify,318,18,0.3932142939950784,0.32035149446337025,0.46811732914751686,0.39937106918238996,"[[43, 9, 0, 1, 1, 6], [11, 15, 2, 8, 7, 10], [2, 10, 15, 13, 3, 4], [13, 15, 3, 19, 1, 5], [4, 14, 2, 1, 14, 14], [6, 14, 3, 2, 7, 21]]"
terra56,w200_middle,shared_function_words_nc,paraphrase,original,318,18,0.43872432971189473,0.36198017032578916,0.5154621174209763,0.4528301886792453,"[[38, 5, 2, 6, 2, 7], [7, 11, 6, 9, 7, 13], [2, 1, 34, 6, 1, 3], [9, 8, 16, 18, 2, 3], [5, 5, 4, 2, 18, 15], [4, 4, 6, 3, 11, 25]]"
terra56,w200_middle,shared_function_words_nc,paraphrase,paraphrase,318,18,0.43203658741623613,0.36222626824899623,0.5051652570278817,0.44025157232704404,"[[40, 5, 0, 6, 2, 7], [8, 13, 3, 11, 5, 13], [0, 3, 22, 15, 3, 4], [11, 8, 9, 21, 3, 4], [3, 10, 4, 3, 16, 13], [3, 7, 5, 3, 7, 28]]"
terra56,w200_middle,shared_function_words_nc,paraphrase,modernize,318,18,0.39820659252284546,0.3349153989666634,0.46389687650250505,0.4119496855345912,"[[42, 5, 1, 4, 2, 6], [12, 9, 5, 9, 9, 9], [1, 3, 22, 10, 5, 6], [13, 12, 5, 16, 6, 4], [5, 7, 4, 3, 16, 14], [3, 6, 5, 4, 9, 26]]"
terra56,w200_middle,shared_function_words_nc,paraphrase,simplify,318,18,0.4145278055566441,0.34908301954342524,0.48482269838998215,0.4308176100628931,"[[45, 6, 1, 1, 1, 6], [11, 11, 3, 7, 11, 10], [2, 4, 22, 7, 8, 4], [12, 14, 9, 15, 4, 2], [4, 8, 4, 2, 15, 16], [4, 5, 3, 2, 10, 29]]"
terra56,w200_middle,shared_function_words_nc,modernize,original,318,18,0.4032911174149511,0.3322846853714558,0.47592123056007757,0.41823899371069184,"[[32, 5, 3, 9, 3, 8], [6, 9, 9, 8, 7, 14], [0, 2, 35, 6, 1, 3], [8, 6, 16, 20, 2, 4], [4, 9, 4, 5, 12, 15], [2, 5, 6, 3, 12, 25]]"
terra56,w200_middle,shared_function_words_nc,modernize,paraphrase,318,18,0.42105109330719087,0.3541616616468526,0.4919721097561337,0.4308176100628931,"[[36, 7, 1, 6, 2, 8], [5, 10, 3, 14, 7, 14], [0, 2, 26, 13, 1, 5], [7, 7, 9, 29, 1, 3], [2, 9, 5, 7, 11, 15], [1, 8, 5, 5, 9, 25]]"
terra56,w200_middle,shared_function_words_nc,modernize,modernize,318,18,0.3997423758838896,0.33214170664547854,0.472619679420618,0.4088050314465409,"[[36, 8, 1, 5, 2, 8], [9, 9, 4, 11, 9, 11], [1, 3, 22, 11, 3, 7], [7, 10, 8, 23, 3, 5], [5, 8, 5, 4, 13, 14], [3, 7, 3, 5, 8, 27]]"
terra56,w200_middle,shared_function_words_nc,modernize,simplify,318,18,0.38797751933178115,0.3265363275622397,0.45760318729008026,0.39937106918238996,"[[39, 7, 1, 4, 1, 8], [8, 9, 4, 9, 11, 12], [1, 3, 21, 11, 4, 7], [7, 12, 9, 21, 4, 3], [4, 9, 7, 5, 11, 13], [2, 6, 4, 4, 11, 26]]"
terra56,w200_middle,shared_function_words_nc,simplify,original,318,18,0.4072820174212232,0.33027927211326896,0.48162134381603017,0.41509433962264153,"[[29, 7, 3, 9, 2, 10], [4, 8, 8, 11, 9, 13], [0, 2, 29, 11, 0, 5], [6, 6, 14, 23, 1, 6], [3, 7, 3, 5, 16, 15], [2, 5, 5, 3, 11, 27]]"
terra56,w200_middle,shared_function_words_nc,simplify,paraphrase,318,18,0.41262262966902835,0.3493940531114225,0.47718785050614954,0.42138364779874216,"[[34, 9, 1, 7, 1, 8], [5, 7, 4, 15, 8, 14], [0, 2, 24, 15, 1, 5], [4, 6, 12, 29, 1, 4], [2, 13, 3, 6, 12, 13], [1, 7, 4, 6, 7, 28]]"
terra56,w200_middle,shared_function_words_nc,simplify,modernize,318,18,0.3924098884831926,0.3181698074775944,0.4719350410292296,0.4056603773584906,"[[35, 10, 2, 4, 1, 8], [9, 8, 7, 10, 9, 10], [1, 3, 22, 12, 2, 7], [7, 8, 10, 24, 2, 5], [4, 9, 6, 4, 11, 15], [3, 7, 3, 4, 7, 29]]"
terra56,w200_middle,shared_function_words_nc,simplify,simplify,318,18,0.38714275200035475,0.3194120943966804,0.4608337280530727,0.39937106918238996,"[[39, 10, 1, 3, 0, 7], [7, 8, 5, 12, 9, 12], [1, 3, 20, 12, 5, 6], [6, 10, 12, 21, 2, 5], [2, 9, 6, 5, 11, 16], [2, 7, 4, 2, 10, 28]]"
terra56,w200_middle,char3_5_tfidf_svm,original,original,318,18,0.7439237271420142,0.6709441146982679,0.8107156220565137,0.7578616352201258,"[[54, 2, 2, 2, 0, 0], [4, 22, 4, 9, 11, 3], [2, 1, 36, 5, 1, 2], [1, 1, 0, 54, 0, 0], [1, 4, 3, 2, 37, 2], [4, 0, 3, 3, 5, 38]]"
terra56,w200_middle,char3_5_tfidf_svm,original,paraphrase,318,18,0.6506454360728752,0.557092352769705,0.7348942507120592,0.6635220125786163,"[[51, 2, 1, 5, 0, 1], [5, 20, 2, 17, 5, 4], [4, 2, 29, 8, 1, 3], [2, 1, 1, 52, 0, 0], [2, 6, 5, 5, 27, 4], [7, 0, 2, 10, 2, 32]]"
terra56,w200_middle,char3_5_tfidf_svm,original,modernize,318,18,0.6600571293111224,0.5894254260060118,0.7285110389804669,0.6761006289308176,"[[53, 2, 0, 4, 0, 1], [7, 20, 3, 11, 8, 4], [5, 1, 23, 12, 2, 4], [2, 1, 1, 50, 0, 2], [1, 5, 3, 3, 33, 4], [6, 0, 0, 9, 2, 36]]"
terra56,w200_middle,char3_5_tfidf_svm,original,simplify,318,18,0.6323625189671483,0.5563014770771267,0.7056123955881523,0.6572327044025157,"[[51, 2, 1, 5, 0, 1], [4, 17, 1, 12, 12, 7], [5, 1, 18, 13, 4, 6], [2, 1, 2, 48, 1, 2], [2, 4, 1, 1, 35, 6], [6, 0, 0, 4, 3, 40]]"
terra56,w200_middle,char3_5_tfidf_svm,paraphrase,original,318,18,0.7175075081682962,0.6483007673230828,0.7800072343193035,0.7295597484276729,"[[55, 2, 2, 0, 1, 0], [2, 22, 4, 6, 14, 5], [4, 2, 33, 1, 4, 3], [2, 2, 5, 46, 1, 0], [1, 1, 3, 2, 40, 2], [3, 1, 3, 0, 10, 36]]"
terra56,w200_middle,char3_5_tfidf_svm,paraphrase,paraphrase,318,18,0.6583710637996335,0.564548114036525,0.7422981395479752,0.6792452830188679,"[[53, 4, 1, 1, 0, 1], [7, 17, 2, 12, 10, 5], [3, 2, 31, 5, 3, 3], [2, 0, 1, 53, 0, 0], [1, 5, 5, 3, 30, 5], [8, 1, 4, 5, 3, 32]]"
terra56,w200_middle,char3_5_tfidf_svm,paraphrase,modernize,318,18,0.6705175438596491,0.6035351132315177,0.7353741177031544,0.6886792452830188,"[[52, 4, 0, 2, 1, 1], [5, 18, 1, 6, 19, 4], [5, 3, 25, 8, 2, 4], [3, 1, 1, 51, 0, 0], [3, 4, 4, 1, 36, 1], [5, 1, 2, 1, 7, 37]]"
terra56,w200_middle,char3_5_tfidf_svm,paraphrase,simplify,318,18,0.6362990381120153,0.5699439685883156,0.7018719109136304,0.660377358490566,"[[52, 5, 0, 1, 1, 1], [5, 15, 1, 4, 22, 6], [4, 3, 19, 8, 10, 3], [2, 0, 2, 49, 2, 1], [3, 3, 0, 1, 38, 4], [5, 1, 1, 1, 8, 37]]"
terra56,w200_middle,char3_5_tfidf_svm,modernize,original,318,18,0.7082102411159897,0.6411587368506282,0.7725421311509097,0.7264150943396226,"[[56, 1, 3, 0, 0, 0], [6, 18, 5, 6, 13, 5], [3, 2, 38, 1, 1, 2], [2, 1, 5, 48, 0, 0], [1, 2, 6, 4, 35, 1], [5, 1, 3, 5, 3, 36]]"
terra56,w200_middle,char3_5_tfidf_svm,modernize,paraphrase,318,18,0.623649094381803,0.5341434176532533,0.705781306941027,0.6446540880503144,"[[54, 3, 0, 2, 0, 1], [7, 17, 4, 15, 6, 4], [3, 2, 23, 13, 3, 3], [1, 2, 1, 52, 0, 0], [2, 3, 4, 6, 31, 3], [7, 1, 5, 11, 1, 28]]"
terra56,w200_middle,char3_5_tfidf_svm,modernize,modernize,318,18,0.6827307514694084,0.6146089167925451,0.7458026395996761,0.7012578616352201,"[[54, 3, 0, 2, 0, 1], [7, 18, 2, 13, 10, 3], [4, 1, 28, 9, 1, 4], [1, 0, 1, 54, 0, 0], [2, 4, 4, 4, 35, 0], [5, 1, 2, 7, 4, 34]]"
terra56,w200_middle,char3_5_tfidf_svm,modernize,simplify,318,18,0.6626232781939217,0.5895914451478966,0.7274233825868617,0.6823899371069182,"[[53, 4, 0, 1, 1, 1], [8, 16, 1, 11, 15, 2], [3, 2, 24, 11, 4, 3], [2, 2, 1, 51, 0, 0], [3, 3, 1, 3, 37, 2], [7, 1, 1, 6, 2, 36]]"
terra56,w200_middle,char3_5_tfidf_svm,simplify,original,318,18,0.7160422795646039,0.6355846202669568,0.7883725130980828,0.7295597484276729,"[[54, 3, 2, 1, 0, 0], [5, 22, 5, 8, 9, 4], [4, 1, 35, 3, 1, 3], [2, 1, 3, 50, 0, 0], [2, 1, 7, 2, 35, 2], [4, 2, 3, 4, 4, 36]]"
terra56,w200_middle,char3_5_tfidf_svm,simplify,paraphrase,318,18,0.6150284085158743,0.5248967504520907,0.6954197404421002,0.6320754716981132,"[[51, 4, 1, 3, 0, 1], [7, 18, 4, 15, 6, 3], [4, 2, 23, 15, 2, 1], [1, 2, 2, 51, 0, 0], [3, 3, 5, 8, 27, 3], [5, 0, 7, 8, 2, 31]]"
terra56,w200_middle,char3_5_tfidf_svm,simplify,modernize,318,18,0.669493617904008,0.5958886195723446,0.742595768694086,0.6855345911949685,"[[53, 3, 0, 3, 0, 1], [6, 19, 4, 13, 8, 3], [4, 1, 27, 10, 3, 2], [1, 2, 2, 51, 0, 0], [2, 5, 5, 3, 32, 2], [3, 1, 3, 7, 3, 36]]"
terra56,w200_middle,char3_5_tfidf_svm,simplify,simplify,318,18,0.6382249048478065,0.5599885167456838,0.7110644357323579,0.660377358490566,"[[53, 4, 0, 2, 0, 1], [8, 15, 2, 14, 13, 1], [3, 2, 22, 15, 4, 1], [2, 2, 2, 50, 0, 0], [2, 3, 4, 2, 35, 3], [7, 1, 2, 5, 3, 35]]"
terra56,w200_suffix,shared_stylometry_nc,original,original,318,18,0.5020021798271587,0.4094178097480972,0.5907542710901803,0.5031446540880503,"[[38, 7, 2, 9, 1, 3], [7, 16, 6, 2, 9, 13], [3, 4, 30, 2, 2, 6], [8, 4, 11, 29, 1, 3], [0, 10, 3, 0, 28, 8], [5, 13, 6, 1, 9, 19]]"
terra56,w200_suffix,shared_stylometry_nc,original,paraphrase,318,18,0.4766842295110863,0.37876166041610504,0.5731181041624496,0.4748427672955975,"[[35, 5, 1, 8, 1, 10], [4, 17, 2, 8, 6, 16], [3, 3, 22, 7, 2, 10], [4, 4, 7, 35, 1, 5], [0, 13, 3, 2, 20, 11], [5, 12, 6, 4, 4, 22]]"
terra56,w200_suffix,shared_stylometry_nc,original,modernize,318,18,0.4333711554864439,0.3372458645368491,0.5328361697938157,0.4339622641509434,"[[34, 4, 0, 6, 1, 15], [7, 14, 2, 6, 8, 16], [3, 4, 17, 8, 2, 13], [10, 3, 6, 32, 1, 4], [0, 15, 2, 2, 17, 13], [3, 13, 4, 5, 4, 24]]"
terra56,w200_suffix,shared_stylometry_nc,original,simplify,318,18,0.4198177003861075,0.3293250546667413,0.5144223089372864,0.42138364779874216,"[[35, 4, 0, 7, 1, 13], [5, 15, 2, 2, 10, 19], [3, 4, 12, 9, 4, 15], [12, 4, 2, 28, 1, 9], [1, 15, 1, 1, 18, 13], [3, 15, 2, 1, 6, 26]]"
terra56,w200_suffix,shared_stylometry_nc,paraphrase,original,318,18,0.47662825079024757,0.3972226241781956,0.5530028930309292,0.48427672955974843,"[[36, 9, 5, 4, 3, 3], [4, 16, 6, 3, 17, 7], [3, 3, 33, 1, 2, 5], [10, 2, 11, 26, 4, 3], [0, 10, 6, 0, 31, 2], [3, 17, 8, 1, 12, 12]]"
terra56,w200_suffix,shared_stylometry_nc,paraphrase,paraphrase,318,18,0.4687737967372096,0.3843598176847034,0.5568587847501925,0.4748427672955975,"[[38, 6, 5, 6, 1, 4], [4, 15, 3, 5, 14, 12], [3, 3, 26, 7, 2, 6], [8, 2, 6, 36, 0, 4], [0, 14, 4, 3, 20, 8], [2, 14, 7, 7, 7, 16]]"
terra56,w200_suffix,shared_stylometry_nc,paraphrase,modernize,318,18,0.432228450821963,0.35579533680305525,0.50808343095578,0.4339622641509434,"[[34, 7, 0, 7, 3, 9], [6, 11, 4, 3, 17, 12], [4, 4, 21, 6, 5, 7], [12, 2, 8, 29, 3, 2], [0, 14, 4, 0, 25, 6], [3, 15, 7, 3, 7, 18]]"
terra56,w200_suffix,shared_stylometry_nc,paraphrase,simplify,318,18,0.43246364818733385,0.35191470444522166,0.5140993121465479,0.4339622641509434,"[[40, 6, 1, 4, 3, 6], [5, 14, 2, 2, 19, 11], [3, 4, 16, 7, 7, 10], [13, 7, 4, 23, 1, 8], [0, 15, 3, 1, 23, 7], [2, 16, 3, 1, 9, 22]]"
terra56,w200_suffix,shared_stylometry_nc,modernize,original,318,18,0.4761034338773418,0.3883165727255865,0.5581870006695775,0.48427672955974843,"[[34, 7, 6, 9, 2, 2], [4, 16, 9, 5, 13, 6], [1, 3, 33, 4, 2, 4], [10, 1, 13, 28, 1, 3], [0, 10, 5, 0, 30, 4], [5, 17, 8, 1, 9, 13]]"
terra56,w200_suffix,shared_stylometry_nc,modernize,paraphrase,318,18,0.4609461404073758,0.3756482112144217,0.5503572981193682,0.46540880503144655,"[[32, 6, 3, 9, 1, 9], [4, 14, 4, 6, 14, 11], [2, 3, 28, 8, 2, 4], [7, 1, 8, 36, 0, 4], [0, 13, 7, 3, 19, 7], [3, 15, 6, 5, 5, 19]]"
terra56,w200_suffix,shared_stylometry_nc,modernize,modernize,318,18,0.45559316237892816,0.37596179741709823,0.5328130630464156,0.4591194968553459,"[[36, 8, 2, 7, 1, 6], [5, 13, 4, 5, 14, 12], [2, 4, 24, 8, 2, 7], [10, 1, 6, 35, 1, 3], [0, 15, 7, 1, 20, 6], [3, 16, 7, 3, 6, 18]]"
terra56,w200_suffix,shared_stylometry_nc,modernize,simplify,318,18,0.43086189329985425,0.3468806081025079,0.5118612533702268,0.4308176100628931,"[[36, 10, 1, 5, 2, 6], [7, 13, 4, 4, 14, 11], [2, 5, 17, 8, 5, 10], [12, 1, 5, 31, 1, 6], [0, 19, 4, 0, 19, 7], [3, 17, 3, 2, 7, 21]]"
terra56,w200_suffix,shared_stylometry_nc,simplify,original,318,18,0.4566527192577941,0.3753719351193505,0.5414739334168409,0.46540880503144655,"[[33, 6, 7, 8, 2, 4], [4, 15, 8, 6, 12, 8], [2, 3, 30, 6, 2, 4], [7, 1, 13, 32, 0, 3], [0, 10, 8, 0, 27, 4], [3, 14, 13, 3, 9, 11]]"
terra56,w200_suffix,shared_stylometry_nc,simplify,paraphrase,318,18,0.44825700828509824,0.3617715205210378,0.5400138502055947,0.4528301886792453,"[[31, 3, 4, 8, 1, 13], [4, 14, 4, 6, 13, 12], [2, 3, 29, 7, 2, 4], [5, 1, 11, 35, 0, 4], [0, 11, 9, 2, 19, 8], [3, 15, 8, 6, 5, 16]]"
terra56,w200_suffix,shared_stylometry_nc,simplify,modernize,318,18,0.4493812511778214,0.37268536613289505,0.5305267246959376,0.4559748427672956,"[[37, 3, 2, 8, 2, 8], [5, 14, 5, 6, 13, 10], [2, 4, 26, 7, 2, 6], [9, 1, 9, 32, 1, 4], [0, 13, 10, 2, 18, 6], [2, 15, 8, 4, 6, 18]]"
terra56,w200_suffix,shared_stylometry_nc,simplify,simplify,318,18,0.4202266967994171,0.33576004455337505,0.5039981792599308,0.42138364779874216,"[[33, 7, 3, 8, 1, 8], [7, 13, 4, 5, 13, 11], [2, 5, 19, 8, 4, 9], [8, 2, 9, 31, 0, 6], [1, 16, 5, 1, 18, 8], [2, 16, 5, 4, 6, 20]]"
terra56,w200_suffix,shared_function_words_nc,original,original,318,18,0.4772095069582937,0.4029238455143214,0.5534702416848168,0.4779874213836478,"[[37, 3, 2, 10, 1, 7], [6, 10, 4, 7, 8, 18], [2, 4, 28, 5, 2, 6], [7, 8, 6, 29, 2, 4], [0, 6, 3, 4, 29, 7], [5, 15, 3, 2, 9, 19]]"
terra56,w200_suffix,shared_function_words_nc,original,paraphrase,318,18,0.4291905663885139,0.3573395148754481,0.5006450382958744,0.4276729559748428,"[[37, 4, 1, 8, 3, 7], [5, 9, 1, 8, 9, 21], [2, 8, 16, 7, 3, 11], [7, 8, 5, 28, 3, 5], [3, 8, 1, 1, 25, 11], [2, 17, 2, 4, 7, 21]]"
terra56,w200_suffix,shared_function_words_nc,original,modernize,318,18,0.40821694640877726,0.3291295775015269,0.48852438308891605,0.4056603773584906,"[[37, 4, 0, 7, 2, 10], [5, 6, 3, 10, 10, 19], [2, 7, 16, 9, 3, 10], [8, 10, 3, 27, 4, 4], [1, 10, 2, 0, 26, 10], [4, 19, 3, 4, 6, 17]]"
terra56,w200_suffix,shared_function_words_nc,original,simplify,318,18,0.3881370058094817,0.31009351915472844,0.46740775607655277,0.39308176100628933,"[[36, 3, 0, 8, 2, 11], [8, 7, 0, 9, 10, 19], [4, 8, 11, 10, 4, 10], [12, 9, 1, 25, 3, 6], [3, 8, 2, 0, 25, 11], [3, 18, 2, 3, 6, 21]]"
terra56,w200_suffix,shared_function_words_nc,paraphrase,original,318,18,0.4570081920272812,0.3832974003591022,0.5282933589472413,0.46855345911949686,"[[39, 4, 4, 7, 2, 4], [4, 7, 8, 7, 10, 17], [4, 2, 32, 4, 2, 3], [7, 8, 12, 23, 3, 3], [1, 6, 4, 0, 30, 8], [6, 13, 4, 2, 10, 18]]"
terra56,w200_suffix,shared_function_words_nc,paraphrase,paraphrase,318,18,0.4370509116611969,0.3523207754605719,0.5182883167571498,0.44339622641509435,"[[40, 4, 0, 6, 3, 7], [7, 7, 5, 10, 8, 16], [3, 5, 21, 6, 4, 8], [8, 5, 8, 28, 1, 6], [1, 11, 5, 0, 23, 9], [2, 13, 4, 3, 9, 22]]"
terra56,w200_suffix,shared_function_words_nc,paraphrase,modernize,318,18,0.41925935025528527,0.35123468973231325,0.48947139884316465,0.42452830188679247,"[[38, 5, 0, 5, 3, 9], [6, 7, 6, 10, 9, 15], [2, 5, 22, 9, 4, 5], [10, 5, 9, 25, 2, 5], [2, 9, 4, 0, 22, 12], [5, 14, 3, 3, 7, 21]]"
terra56,w200_suffix,shared_function_words_nc,paraphrase,simplify,318,18,0.40612378539347,0.3395506769408555,0.4749346603522277,0.41509433962264153,"[[40, 3, 0, 6, 1, 10], [7, 8, 6, 10, 7, 15], [4, 3, 17, 6, 9, 8], [12, 8, 6, 23, 2, 5], [2, 7, 4, 0, 24, 12], [5, 13, 3, 4, 8, 20]]"
terra56,w200_suffix,shared_function_words_nc,modernize,original,318,18,0.4298897518372891,0.3439151386827988,0.5121694623525745,0.4308176100628931,"[[33, 5, 2, 10, 3, 7], [5, 6, 8, 5, 6, 23], [3, 2, 30, 6, 2, 4], [7, 5, 12, 25, 2, 5], [1, 12, 4, 1, 24, 7], [5, 17, 3, 2, 7, 19]]"
terra56,w200_suffix,shared_function_words_nc,modernize,paraphrase,318,18,0.4195051029067522,0.3315755472929244,0.49931401956252736,0.42138364779874216,"[[36, 5, 1, 9, 2, 7], [7, 6, 6, 10, 6, 18], [2, 4, 24, 8, 2, 7], [8, 5, 10, 27, 0, 6], [0, 14, 5, 2, 19, 9], [2, 15, 2, 4, 8, 22]]"
terra56,w200_suffix,shared_function_words_nc,modernize,modernize,318,18,0.41620031713655486,0.34198406796091124,0.4866645715016139,0.41823899371069184,"[[36, 4, 1, 5, 4, 10], [7, 7, 6, 9, 8, 16], [0, 5, 20, 11, 4, 7], [10, 3, 8, 29, 1, 5], [0, 13, 3, 0, 20, 13], [4, 17, 2, 5, 4, 21]]"
terra56,w200_suffix,shared_function_words_nc,modernize,simplify,318,18,0.37547896434307976,0.30499864359181394,0.44554804783019186,0.3805031446540881,"[[36, 3, 0, 7, 3, 11], [7, 4, 7, 10, 8, 17], [3, 3, 18, 8, 6, 9], [10, 5, 6, 26, 2, 7], [2, 12, 2, 0, 18, 15], [4, 16, 3, 4, 7, 19]]"
terra56,w200_suffix,shared_function_words_nc,simplify,original,318,18,0.4121021935570009,0.32531664343277106,0.50048274357087,0.41509433962264153,"[[32, 6, 3, 9, 2, 8], [4, 7, 7, 7, 8, 20], [3, 1, 30, 5, 2, 6], [8, 5, 10, 25, 3, 5], [2, 11, 6, 2, 20, 8], [5, 15, 3, 2, 10, 18]]"
terra56,w200_suffix,shared_function_words_nc,simplify,paraphrase,318,18,0.41721360854238826,0.3322480146531932,0.4993517719113193,0.41509433962264153,"[[33, 7, 1, 8, 2, 9], [5, 8, 5, 10, 8, 17], [1, 3, 25, 6, 3, 9], [7, 7, 7, 27, 2, 6], [0, 12, 7, 2, 17, 11], [1, 15, 2, 5, 8, 22]]"
terra56,w200_suffix,shared_function_words_nc,simplify,modernize,318,18,0.40842235787593234,0.3329689503252172,0.4865176293587418,0.4119496855345912,"[[34, 5, 2, 6, 3, 10], [6, 7, 6, 9, 8, 17], [0, 6, 22, 9, 4, 6], [9, 2, 8, 29, 3, 5], [3, 15, 4, 1, 16, 10], [2, 15, 2, 6, 5, 23]]"
terra56,w200_suffix,shared_function_words_nc,simplify,simplify,318,18,0.37421269555240966,0.29886435385713783,0.447648158225474,0.37735849056603776,"[[34, 4, 1, 7, 2, 12], [7, 4, 8, 9, 9, 16], [1, 3, 21, 7, 7, 8], [10, 6, 6, 27, 1, 6], [2, 14, 4, 0, 16, 13], [4, 15, 2, 5, 9, 18]]"
terra56,w200_suffix,char3_5_tfidf_svm,original,original,318,18,0.7493369511276339,0.6753793180236713,0.8129897444153904,0.7672955974842768,"[[56, 0, 0, 2, 1, 1], [9, 18, 4, 8, 11, 3], [0, 1, 40, 3, 1, 2], [3, 0, 2, 51, 0, 0], [0, 0, 3, 2, 39, 5], [3, 0, 0, 4, 6, 40]]"
terra56,w200_suffix,char3_5_tfidf_svm,original,paraphrase,318,18,0.6490113978226674,0.5484407576311693,0.7350983777491507,0.660377358490566,"[[53, 0, 0, 7, 0, 0], [4, 24, 2, 10, 11, 2], [0, 4, 28, 11, 2, 2], [2, 2, 1, 51, 0, 0], [0, 2, 5, 7, 30, 5], [2, 6, 3, 15, 3, 24]]"
terra56,w200_suffix,char3_5_tfidf_svm,original,modernize,318,18,0.6768580564725338,0.572196546781113,0.767266036251976,0.6886792452830188,"[[53, 0, 0, 5, 0, 2], [6, 21, 2, 12, 9, 3], [0, 3, 26, 9, 4, 5], [4, 0, 1, 51, 0, 0], [0, 4, 0, 7, 32, 6], [2, 1, 0, 9, 5, 36]]"
terra56,w200_suffix,char3_5_tfidf_svm,original,simplify,318,18,0.6109377569316717,0.5229148519196258,0.693482885475774,0.6383647798742138,"[[52, 0, 0, 5, 0, 3], [9, 16, 1, 9, 13, 5], [0, 3, 17, 14, 6, 7], [5, 0, 0, 50, 0, 1], [0, 4, 0, 4, 31, 10], [4, 2, 1, 6, 3, 37]]"
terra56,w200_suffix,char3_5_tfidf_svm,paraphrase,original,318,18,0.694071772261163,0.6108024937724919,0.7674469154897163,0.710691823899371,"[[55, 1, 1, 1, 2, 0], [10, 21, 4, 5, 11, 2], [1, 3, 39, 0, 1, 3], [6, 0, 3, 46, 0, 1], [0, 1, 2, 4, 41, 1], [6, 4, 2, 4, 13, 24]]"
terra56,w200_suffix,char3_5_tfidf_svm,paraphrase,paraphrase,318,18,0.6464701391279363,0.5461931101974078,0.734939401425513,0.660377358490566,"[[52, 1, 0, 5, 1, 1], [10, 21, 1, 7, 9, 5], [0, 4, 30, 7, 3, 3], [4, 0, 2, 48, 0, 2], [0, 3, 3, 6, 33, 4], [4, 6, 6, 8, 3, 26]]"
terra56,w200_suffix,char3_5_tfidf_svm,paraphrase,modernize,318,18,0.638022262503581,0.5487653870331547,0.7188644948594655,0.6572327044025157,"[[56, 0, 0, 2, 1, 1], [10, 17, 3, 9, 12, 2], [2, 5, 27, 6, 3, 4], [6, 0, 2, 45, 2, 1], [0, 4, 2, 3, 35, 5], [5, 5, 2, 5, 7, 29]]"
terra56,w200_suffix,char3_5_tfidf_svm,paraphrase,simplify,318,18,0.639432315601698,0.5450773055741445,0.7181998154252486,0.660377358490566,"[[56, 0, 0, 1, 1, 2], [12, 17, 0, 7, 14, 3], [2, 3, 24, 8, 6, 4], [5, 1, 2, 45, 2, 1], [0, 4, 1, 3, 39, 2], [4, 4, 3, 4, 9, 29]]"
terra56,w200_suffix,char3_5_tfidf_svm,modernize,original,318,18,0.7116487223434987,0.616606847924215,0.7875160882447941,0.7264150943396226,"[[55, 1, 0, 1, 2, 1], [9, 21, 4, 8, 10, 1], [0, 4, 41, 0, 1, 1], [5, 0, 3, 47, 0, 1], [0, 1, 4, 2, 39, 3], [3, 7, 2, 6, 7, 28]]"
terra56,w200_suffix,char3_5_tfidf_svm,modernize,paraphrase,318,18,0.6360029648241968,0.5270512932319746,0.7255224092735371,0.6509433962264151,"[[53, 1, 0, 5, 1, 0], [9, 22, 3, 9, 8, 2], [0, 3, 28, 10, 2, 4], [4, 0, 2, 49, 0, 1], [0, 3, 6, 7, 31, 2], [5, 6, 5, 11, 2, 24]]"
terra56,w200_suffix,char3_5_tfidf_svm,modernize,modernize,318,18,0.6480304385774822,0.558691721292076,0.7270680456772223,0.6666666666666666,"[[55, 1, 1, 3, 0, 0], [6, 20, 4, 9, 11, 3], [0, 5, 27, 8, 3, 4], [4, 0, 2, 50, 0, 0], [0, 4, 3, 5, 32, 5], [6, 5, 3, 7, 4, 28]]"
terra56,w200_suffix,char3_5_tfidf_svm,modernize,simplify,318,18,0.6420931332128426,0.5481035402923498,0.7239368446742981,0.660377358490566,"[[53, 2, 0, 3, 1, 1], [9, 18, 1, 9, 13, 3], [0, 4, 25, 9, 5, 4], [5, 1, 0, 49, 0, 1], [0, 3, 3, 4, 35, 4], [4, 5, 4, 6, 4, 30]]"
terra56,w200_suffix,char3_5_tfidf_svm,simplify,original,318,18,0.7012489848755084,0.6177407954965067,0.7748261397717234,0.7138364779874213,"[[55, 2, 1, 1, 0, 1], [8, 24, 4, 6, 9, 2], [1, 2, 39, 4, 1, 0], [7, 0, 3, 45, 0, 1], [0, 2, 2, 3, 38, 4], [3, 6, 4, 8, 6, 26]]"
terra56,w200_suffix,char3_5_tfidf_svm,simplify,paraphrase,318,18,0.6201205661588175,0.5037219774417415,0.7189050478675141,0.6415094339622641,"[[55, 0, 0, 4, 1, 0], [8, 21, 5, 8, 8, 3], [1, 1, 29, 10, 2, 4], [3, 0, 2, 51, 0, 0], [2, 3, 6, 9, 27, 2], [4, 8, 5, 13, 2, 21]]"
terra56,w200_suffix,char3_5_tfidf_svm,simplify,modernize,318,18,0.6445938009367949,0.5495571141647178,0.7304550749888308,0.6635220125786163,"[[56, 0, 1, 3, 0, 0], [10, 19, 3, 9, 9, 3], [0, 3, 28, 10, 2, 4], [4, 0, 2, 50, 0, 0], [0, 5, 5, 6, 30, 3], [5, 6, 3, 9, 2, 28]]"
terra56,w200_suffix,char3_5_tfidf_svm,simplify,simplify,318,18,0.627600533681861,0.5272338587189085,0.716565125952625,0.6477987421383647,"[[55, 1, 1, 3, 0, 0], [9, 17, 3, 9, 11, 4], [0, 3, 27, 10, 3, 4], [4, 1, 3, 48, 0, 0], [0, 4, 3, 4, 32, 6], [4, 6, 3, 9, 4, 27]]"
terra56,matched300_full,shared_stylometry_nc,original,original,318,18,0.6427550349574175,0.5559603190146545,0.7302449033250393,0.6415094339622641,"[[48, 6, 1, 3, 0, 2], [7, 24, 3, 3, 6, 10], [1, 4, 38, 0, 0, 4], [5, 6, 6, 37, 0, 2], [0, 9, 1, 3, 28, 8], [1, 13, 4, 2, 4, 29]]"
terra56,matched300_full,shared_stylometry_nc,original,paraphrase,318,18,0.562415889220702,0.45113812657597147,0.6757095125214095,0.5660377358490566,"[[43, 7, 0, 5, 0, 5], [2, 24, 1, 4, 5, 17], [0, 6, 24, 6, 0, 11], [4, 3, 5, 39, 0, 5], [1, 17, 1, 5, 15, 10], [2, 11, 2, 2, 1, 35]]"
terra56,matched300_full,shared_stylometry_nc,original,modernize,318,18,0.527086369916772,0.4111860021887632,0.6362017217565882,0.5283018867924528,"[[46, 5, 0, 3, 0, 6], [6, 20, 1, 2, 5, 19], [3, 8, 19, 6, 1, 10], [6, 8, 3, 30, 0, 9], [0, 16, 1, 2, 17, 13], [2, 12, 1, 1, 1, 36]]"
terra56,matched300_full,shared_stylometry_nc,original,simplify,318,18,0.48503669008082945,0.3735668133949478,0.590159793979892,0.4937106918238994,"[[47, 5, 0, 1, 0, 7], [5, 22, 0, 2, 6, 18], [2, 11, 11, 8, 2, 13], [9, 9, 1, 26, 0, 11], [1, 18, 0, 1, 18, 11], [5, 13, 0, 0, 2, 33]]"
terra56,matched300_full,shared_stylometry_nc,paraphrase,original,318,18,0.6030544955728169,0.5294457985144985,0.6765957425702265,0.610062893081761,"[[49, 4, 2, 2, 3, 0], [7, 18, 3, 1, 15, 9], [0, 2, 38, 1, 3, 3], [6, 2, 5, 35, 5, 3], [1, 10, 1, 2, 33, 2], [3, 13, 6, 0, 10, 21]]"
terra56,matched300_full,shared_stylometry_nc,paraphrase,paraphrase,318,18,0.6081567499524155,0.5198693320556618,0.6994134402553486,0.6132075471698113,"[[48, 5, 2, 2, 0, 3], [4, 22, 3, 4, 11, 9], [0, 1, 29, 6, 4, 7], [3, 4, 5, 42, 0, 2], [1, 13, 2, 2, 24, 7], [3, 12, 3, 2, 3, 30]]"
terra56,matched300_full,shared_stylometry_nc,paraphrase,modernize,318,18,0.5594938879221879,0.47018802441525454,0.6484788690242774,0.5628930817610063,"[[50, 4, 0, 2, 0, 4], [6, 20, 3, 3, 12, 9], [1, 3, 25, 5, 6, 7], [8, 6, 5, 32, 3, 2], [2, 14, 3, 0, 24, 6], [3, 15, 2, 0, 5, 28]]"
terra56,matched300_full,shared_stylometry_nc,paraphrase,simplify,318,18,0.5350002178537164,0.430151586846989,0.6345087930076558,0.5377358490566038,"[[50, 6, 0, 0, 0, 4], [5, 18, 1, 2, 16, 11], [0, 3, 21, 4, 11, 8], [9, 7, 4, 26, 6, 4], [2, 10, 2, 0, 28, 7], [3, 12, 0, 0, 10, 28]]"
terra56,matched300_full,shared_stylometry_nc,modernize,original,318,18,0.5784869223669977,0.5025784621399398,0.6553221864090786,0.5817610062893082,"[[44, 4, 2, 4, 3, 3], [6, 18, 4, 3, 13, 9], [0, 2, 36, 3, 2, 4], [4, 4, 6, 36, 3, 3], [0, 12, 2, 2, 29, 4], [3, 15, 5, 3, 5, 22]]"
terra56,matched300_full,shared_stylometry_nc,modernize,paraphrase,318,18,0.579234301966611,0.4839056212370469,0.6780292700570735,0.5817610062893082,"[[40, 7, 1, 6, 0, 6], [4, 21, 4, 5, 7, 12], [0, 3, 28, 9, 1, 6], [2, 3, 4, 45, 0, 2], [0, 14, 4, 3, 21, 7], [2, 13, 4, 3, 1, 30]]"
terra56,matched300_full,shared_stylometry_nc,modernize,modernize,318,18,0.5528941426927368,0.46528766840436375,0.6424976548911631,0.5566037735849056,"[[47, 7, 0, 2, 0, 4], [8, 17, 4, 6, 9, 9], [0, 2, 29, 7, 3, 6], [5, 5, 6, 35, 1, 4], [2, 15, 3, 1, 21, 7], [3, 14, 4, 2, 2, 28]]"
terra56,matched300_full,shared_stylometry_nc,modernize,simplify,318,18,0.546214155404522,0.4589023737794097,0.6378430834913135,0.5471698113207547,"[[48, 8, 0, 1, 0, 3], [8, 18, 3, 4, 11, 9], [0, 3, 26, 6, 6, 6], [7, 7, 3, 32, 2, 5], [2, 14, 3, 1, 21, 8], [2, 15, 2, 2, 3, 29]]"
terra56,matched300_full,shared_stylometry_nc,simplify,original,318,18,0.565594870674497,0.4868193359304274,0.6466577525405842,0.5691823899371069,"[[42, 4, 2, 8, 2, 2], [6, 19, 5, 4, 10, 9], [0, 4, 34, 5, 0, 4], [4, 2, 7, 37, 2, 4], [1, 11, 2, 3, 28, 4], [3, 15, 4, 6, 4, 21]]"
terra56,matched300_full,shared_stylometry_nc,simplify,paraphrase,318,18,0.5848100099378647,0.4798597412559592,0.6925184878747138,0.5911949685534591,"[[42, 6, 1, 5, 0, 6], [3, 21, 4, 6, 6, 13], [0, 4, 29, 9, 0, 5], [1, 0, 6, 45, 0, 4], [0, 13, 4, 6, 19, 7], [3, 11, 3, 3, 1, 32]]"
terra56,matched300_full,shared_stylometry_nc,simplify,modernize,318,18,0.5725600645434601,0.4832979996423452,0.6637657065465771,0.5786163522012578,"[[46, 7, 0, 3, 0, 4], [8, 15, 4, 7, 9, 10], [0, 1, 32, 6, 3, 5], [2, 4, 5, 41, 0, 4], [1, 14, 4, 2, 22, 6], [3, 13, 4, 3, 2, 28]]"
terra56,matched300_full,shared_stylometry_nc,simplify,simplify,318,18,0.5578152608739307,0.4718846595099884,0.6473128558278797,0.559748427672956,"[[47, 8, 0, 1, 0, 4], [8, 17, 4, 5, 9, 10], [0, 4, 29, 6, 3, 5], [4, 6, 5, 36, 1, 4], [2, 14, 4, 1, 21, 7], [3, 14, 3, 3, 2, 28]]"
terra56,matched300_full,shared_function_words_nc,original,original,318,18,0.5524858571172845,0.46929864365137103,0.6380541832232676,0.5534591194968553,"[[47, 4, 0, 3, 0, 6], [7, 8, 3, 10, 6, 19], [1, 3, 37, 3, 0, 3], [4, 9, 5, 30, 0, 8], [3, 4, 1, 2, 30, 9], [5, 15, 1, 3, 5, 24]]"
terra56,matched300_full,shared_function_words_nc,original,paraphrase,318,18,0.5149111576459569,0.4320453250327235,0.600768939084737,0.5125786163522013,"[[42, 6, 0, 3, 0, 9], [5, 7, 2, 11, 7, 21], [0, 4, 25, 8, 1, 9], [3, 11, 3, 33, 1, 5], [5, 10, 1, 1, 22, 10], [1, 13, 1, 2, 2, 34]]"
terra56,matched300_full,shared_function_words_nc,original,modernize,318,18,0.4779954206374754,0.3870630374740575,0.5668430447599857,0.48427672955974843,"[[49, 2, 0, 3, 0, 6], [6, 12, 2, 10, 4, 19], [2, 9, 17, 10, 0, 9], [8, 11, 4, 27, 1, 5], [5, 11, 0, 0, 20, 13], [6, 12, 1, 1, 4, 29]]"
terra56,matched300_full,shared_function_words_nc,original,simplify,318,18,0.4524277354178789,0.3626207153714883,0.5401890631370172,0.4591194968553459,"[[49, 3, 0, 2, 0, 6], [6, 10, 1, 10, 6, 20], [2, 12, 12, 11, 1, 9], [8, 14, 2, 26, 1, 5], [5, 10, 0, 0, 21, 13], [5, 17, 0, 1, 2, 28]]"
terra56,matched300_full,shared_function_words_nc,paraphrase,original,318,18,0.5141432474200422,0.4347385461090233,0.5975073346764328,0.5314465408805031,"[[46, 2, 1, 3, 1, 7], [7, 6, 6, 10, 4, 20], [0, 3, 40, 2, 0, 2], [6, 7, 10, 27, 1, 5], [3, 5, 3, 0, 27, 11], [6, 7, 4, 2, 11, 23]]"
terra56,matched300_full,shared_function_words_nc,paraphrase,paraphrase,318,18,0.5214466081456275,0.4406164580656415,0.6072385723846854,0.5283018867924528,"[[47, 4, 0, 2, 0, 7], [6, 8, 6, 11, 4, 18], [0, 2, 30, 6, 2, 7], [4, 10, 6, 32, 1, 3], [4, 6, 3, 0, 24, 12], [5, 12, 2, 1, 6, 27]]"
terra56,matched300_full,shared_function_words_nc,paraphrase,modernize,318,18,0.49728960995628674,0.420532230275354,0.5746097548628459,0.5094339622641509,"[[49, 2, 0, 2, 1, 6], [7, 11, 6, 10, 4, 15], [1, 1, 25, 9, 3, 8], [10, 10, 6, 27, 1, 2], [4, 9, 2, 1, 23, 10], [6, 8, 3, 1, 8, 27]]"
terra56,matched300_full,shared_function_words_nc,paraphrase,simplify,318,18,0.47306267572879596,0.39603510958564214,0.5599654661214483,0.48427672955974843,"[[48, 1, 0, 2, 2, 7], [8, 8, 6, 8, 5, 18], [2, 4, 23, 5, 5, 8], [9, 12, 4, 25, 4, 2], [5, 8, 1, 1, 25, 9], [7, 9, 2, 1, 9, 25]]"
terra56,matched300_full,shared_function_words_nc,modernize,original,318,18,0.499197987988057,0.4162116350285326,0.5873438905224028,0.5094339622641509,"[[44, 2, 1, 4, 2, 7], [7, 7, 6, 9, 4, 20], [0, 3, 36, 6, 0, 2], [4, 5, 9, 29, 2, 7], [3, 8, 3, 2, 23, 10], [4, 12, 2, 3, 9, 23]]"
terra56,matched300_full,shared_function_words_nc,modernize,paraphrase,318,18,0.48718969155905373,0.4096478483053859,0.5695243792574665,0.4968553459119497,"[[40, 6, 1, 5, 0, 8], [6, 7, 6, 11, 3, 20], [0, 2, 31, 7, 2, 5], [4, 6, 6, 36, 0, 4], [4, 11, 4, 3, 15, 12], [0, 14, 4, 2, 4, 29]]"
terra56,matched300_full,shared_function_words_nc,modernize,modernize,318,18,0.5030109163193867,0.42831682728273723,0.5808748728250788,0.5157232704402516,"[[48, 2, 0, 3, 0, 7], [6, 10, 7, 9, 5, 16], [0, 1, 27, 10, 4, 5], [6, 8, 7, 31, 2, 2], [3, 11, 3, 1, 19, 12], [3, 11, 3, 1, 6, 29]]"
terra56,matched300_full,shared_function_words_nc,modernize,simplify,318,18,0.47570989044631684,0.4034343834067661,0.555959315424248,0.48742138364779874,"[[49, 2, 0, 2, 3, 4], [6, 9, 6, 9, 5, 18], [0, 2, 26, 9, 4, 6], [7, 10, 6, 28, 2, 3], [4, 12, 4, 1, 17, 11], [4, 13, 1, 1, 8, 26]]"
terra56,matched300_full,shared_function_words_nc,simplify,original,318,18,0.5087711860220372,0.42337936699758516,0.6000647227028163,0.5157232704402516,"[[41, 3, 1, 3, 0, 12], [5, 5, 7, 10, 4, 22], [0, 3, 37, 5, 0, 2], [4, 4, 9, 30, 1, 8], [1, 4, 4, 3, 26, 11], [2, 14, 2, 3, 7, 25]]"
terra56,matched300_full,shared_function_words_nc,simplify,paraphrase,318,18,0.49789318661499116,0.41383226606745865,0.5853516406398166,0.5,"[[38, 8, 1, 5, 0, 8], [5, 7, 7, 11, 2, 21], [0, 4, 29, 7, 1, 6], [4, 5, 6, 36, 0, 5], [3, 8, 4, 3, 20, 11], [1, 14, 4, 2, 3, 29]]"
terra56,matched300_full,shared_function_words_nc,simplify,modernize,318,18,0.49302012915914223,0.4104621931524193,0.5757663523036,0.5031446540880503,"[[46, 3, 0, 3, 1, 7], [6, 11, 7, 10, 4, 15], [0, 2, 25, 13, 1, 6], [6, 9, 9, 29, 1, 2], [4, 9, 4, 2, 18, 12], [0, 13, 2, 2, 5, 31]]"
terra56,matched300_full,shared_function_words_nc,simplify,simplify,318,18,0.472519365161977,0.3931763791590389,0.5553817163528834,0.4811320754716981,"[[45, 3, 0, 2, 2, 8], [6, 7, 8, 9, 4, 19], [0, 3, 26, 9, 3, 6], [7, 9, 6, 29, 2, 3], [4, 10, 4, 1, 18, 12], [2, 15, 2, 2, 4, 28]]"
terra56,matched300_full,char3_5_tfidf_svm,original,original,318,18,0.8758216230337506,0.8154229672148885,0.9292746170278746,0.8805031446540881,"[[58, 1, 0, 1, 0, 0], [1, 35, 3, 6, 6, 2], [0, 2, 42, 2, 0, 1], [1, 0, 0, 55, 0, 0], [1, 1, 0, 2, 43, 2], [1, 0, 1, 0, 4, 47]]"
terra56,matched300_full,char3_5_tfidf_svm,original,paraphrase,318,18,0.7574024759333954,0.6632563956768444,0.8377693951611233,0.7641509433962265,"[[57, 0, 0, 3, 0, 0], [2, 30, 1, 13, 5, 2], [0, 2, 34, 7, 2, 2], [0, 1, 1, 54, 0, 0], [0, 3, 4, 7, 32, 3], [2, 2, 5, 7, 1, 36]]"
terra56,matched300_full,char3_5_tfidf_svm,original,modernize,318,18,0.7738906499626452,0.693329576460273,0.8495307579428908,0.7861635220125787,"[[56, 1, 0, 3, 0, 0], [2, 25, 1, 9, 13, 3], [0, 2, 31, 8, 3, 3], [1, 0, 0, 55, 0, 0], [1, 3, 1, 2, 39, 3], [2, 0, 2, 2, 3, 44]]"
terra56,matched300_full,char3_5_tfidf_svm,original,simplify,318,18,0.7361630382787271,0.6489288671451895,0.8144204399396673,0.7547169811320755,"[[55, 1, 0, 3, 0, 1], [3, 23, 1, 7, 15, 4], [0, 3, 23, 9, 6, 6], [3, 1, 0, 52, 0, 0], [0, 2, 0, 3, 40, 4], [1, 0, 0, 2, 3, 47]]"
terra56,matched300_full,char3_5_tfidf_svm,paraphrase,original,318,18,0.8043126617633751,0.7354746968793315,0.8683657070321296,0.8144654088050315,"[[58, 1, 0, 1, 0, 0], [4, 25, 3, 3, 13, 5], [1, 1, 40, 1, 3, 1], [2, 1, 2, 51, 0, 0], [0, 0, 1, 2, 44, 2], [1, 1, 1, 0, 9, 41]]"
terra56,matched300_full,char3_5_tfidf_svm,paraphrase,paraphrase,318,18,0.7913346797225183,0.7169129419908128,0.8594270919191044,0.7987421383647799,"[[57, 1, 0, 2, 0, 0], [0, 29, 1, 10, 11, 2], [1, 2, 36, 4, 2, 2], [1, 1, 1, 53, 0, 0], [0, 3, 2, 3, 39, 2], [1, 1, 4, 5, 2, 40]]"
terra56,matched300_full,char3_5_tfidf_svm,paraphrase,modernize,318,18,0.7698604615170365,0.6934742991971851,0.8401078460008214,0.7861635220125787,"[[59, 0, 0, 1, 0, 0], [5, 22, 1, 5, 17, 3], [1, 3, 30, 5, 5, 3], [2, 0, 1, 53, 0, 0], [1, 1, 0, 2, 44, 1], [1, 1, 2, 0, 7, 42]]"
terra56,matched300_full,char3_5_tfidf_svm,paraphrase,simplify,318,18,0.7355827157418368,0.6446732785805422,0.810411261003587,0.7547169811320755,"[[58, 0, 0, 1, 1, 0], [4, 23, 1, 3, 18, 4], [1, 5, 22, 5, 11, 3], [3, 1, 1, 51, 0, 0], [0, 0, 0, 1, 46, 2], [1, 0, 1, 2, 9, 40]]"
terra56,matched300_full,char3_5_tfidf_svm,modernize,original,318,18,0.7986911511327656,0.7178042349937405,0.8665768137176054,0.8081761006289309,"[[59, 1, 0, 0, 0, 0], [2, 28, 3, 7, 10, 3], [0, 2, 38, 3, 2, 2], [2, 0, 3, 51, 0, 0], [0, 1, 1, 3, 43, 1], [1, 1, 2, 4, 7, 38]]"
terra56,matched300_full,char3_5_tfidf_svm,modernize,paraphrase,318,18,0.7743061064751023,0.6959480460820806,0.841488725611659,0.779874213836478,"[[58, 0, 0, 2, 0, 0], [1, 32, 1, 13, 4, 2], [0, 3, 36, 6, 1, 1], [1, 0, 1, 54, 0, 0], [0, 4, 3, 6, 35, 1], [3, 2, 6, 8, 1, 33]]"
terra56,matched300_full,char3_5_tfidf_svm,modernize,modernize,318,18,0.8116682124526821,0.7361674995894348,0.880590906793606,0.8207547169811321,"[[58, 1, 0, 1, 0, 0], [1, 28, 1, 8, 12, 3], [0, 2, 36, 4, 3, 2], [1, 0, 0, 55, 0, 0], [1, 4, 1, 2, 40, 1], [1, 0, 2, 4, 2, 44]]"
terra56,matched300_full,char3_5_tfidf_svm,modernize,simplify,318,18,0.7476888746629329,0.6453410954655717,0.833387558901825,0.7610062893081762,"[[57, 1, 0, 1, 0, 1], [3, 25, 1, 6, 14, 4], [0, 4, 28, 6, 6, 3], [2, 2, 1, 51, 0, 0], [0, 1, 1, 2, 42, 3], [1, 1, 2, 6, 4, 39]]"
terra56,matched300_full,char3_5_tfidf_svm,simplify,original,318,18,0.8074187717044015,0.7256381058956122,0.8739140868754313,0.8144654088050315,"[[59, 1, 0, 0, 0, 0], [2, 31, 3, 7, 8, 2], [0, 2, 39, 4, 1, 1], [3, 0, 3, 50, 0, 0], [0, 1, 1, 3, 42, 2], [1, 2, 2, 4, 6, 38]]"
terra56,matched300_full,char3_5_tfidf_svm,simplify,paraphrase,318,18,0.7649845580783586,0.6568684568916001,0.8488838520450326,0.7704402515723271,"[[57, 0, 0, 3, 0, 0], [3, 32, 3, 11, 3, 1], [1, 2, 34, 8, 1, 1], [1, 0, 1, 54, 0, 0], [0, 3, 6, 8, 32, 0], [2, 2, 5, 6, 2, 36]]"
terra56,matched300_full,char3_5_tfidf_svm,simplify,modernize,318,18,0.7908063242842315,0.6973333278417786,0.8700665634192801,0.7987421383647799,"[[57, 1, 0, 2, 0, 0], [4, 28, 1, 10, 7, 3], [1, 1, 36, 6, 2, 1], [1, 0, 1, 54, 0, 0], [0, 4, 3, 3, 38, 1], [1, 1, 3, 5, 2, 41]]"
terra56,matched300_full,char3_5_tfidf_svm,simplify,simplify,318,18,0.7596888480374276,0.6723542610837935,0.8348704806544355,0.7704402515723271,"[[56, 1, 1, 2, 0, 0], [4, 25, 1, 9, 11, 3], [1, 1, 31, 8, 5, 1], [2, 1, 1, 52, 0, 0], [0, 2, 1, 2, 41, 3], [1, 1, 2, 5, 4, 40]]"
terra56,w300_middle,shared_stylometry_nc,original,original,318,18,0.5759606528228691,0.4918591300937684,0.6668265724562089,0.5786163522012578,"[[44, 6, 3, 3, 0, 4], [8, 20, 4, 3, 8, 10], [3, 3, 34, 2, 2, 3], [10, 5, 6, 30, 1, 4], [1, 9, 1, 4, 25, 9], [6, 7, 2, 3, 4, 31]]"
terra56,w300_middle,shared_stylometry_nc,original,paraphrase,318,18,0.5011144508175718,0.4053489900778641,0.6015069259915441,0.5062893081761006,"[[39, 6, 2, 6, 0, 7], [4, 22, 3, 4, 4, 16], [2, 6, 20, 10, 0, 9], [9, 2, 3, 34, 0, 8], [1, 15, 2, 3, 15, 13], [5, 8, 4, 5, 0, 31]]"
terra56,w300_middle,shared_stylometry_nc,original,modernize,318,18,0.5003119781595823,0.39568908934033836,0.6026704753523892,0.5094339622641509,"[[46, 3, 0, 2, 0, 9], [7, 22, 1, 3, 6, 14], [3, 7, 19, 6, 2, 10], [12, 6, 4, 24, 0, 10], [2, 15, 1, 3, 16, 12], [4, 8, 2, 1, 3, 35]]"
terra56,w300_middle,shared_stylometry_nc,original,simplify,318,18,0.4746860180524024,0.3789040332740961,0.5722014961168772,0.48427672955974843,"[[46, 5, 0, 1, 0, 8], [5, 21, 0, 1, 9, 17], [5, 7, 15, 6, 3, 11], [12, 8, 1, 22, 0, 13], [3, 15, 1, 0, 15, 15], [6, 9, 0, 0, 3, 35]]"
terra56,w300_middle,shared_stylometry_nc,paraphrase,original,318,18,0.5590276327350848,0.47424221649763904,0.6450254648440488,0.5660377358490566,"[[43, 4, 6, 3, 3, 1], [5, 21, 2, 4, 13, 8], [1, 2, 35, 3, 4, 2], [10, 3, 11, 27, 4, 1], [2, 7, 2, 1, 33, 4], [4, 14, 4, 2, 8, 21]]"
terra56,w300_middle,shared_stylometry_nc,paraphrase,paraphrase,318,18,0.5292588063736758,0.4402115859010742,0.6244197425187734,0.5345911949685535,"[[41, 7, 2, 3, 1, 6], [4, 23, 3, 5, 9, 9], [1, 6, 22, 8, 4, 6], [6, 5, 6, 36, 2, 1], [3, 13, 1, 2, 19, 11], [4, 9, 5, 3, 3, 29]]"
terra56,w300_middle,shared_stylometry_nc,paraphrase,modernize,318,18,0.5317167355719642,0.45132433248278214,0.6157357135473581,0.5377358490566038,"[[49, 3, 0, 0, 1, 7], [3, 21, 4, 3, 13, 9], [2, 4, 24, 6, 6, 5], [10, 5, 6, 27, 5, 3], [3, 12, 2, 0, 22, 10], [2, 12, 4, 2, 5, 28]]"
terra56,w300_middle,shared_stylometry_nc,paraphrase,simplify,318,18,0.5020220391444311,0.4166814642317372,0.5857258993015506,0.5125786163522013,"[[52, 3, 0, 0, 2, 3], [6, 19, 1, 2, 14, 11], [2, 5, 19, 7, 8, 6], [11, 10, 2, 19, 7, 7], [3, 13, 1, 0, 24, 8], [3, 11, 2, 1, 6, 30]]"
terra56,w300_middle,shared_stylometry_nc,modernize,original,318,18,0.5313905073073032,0.4406019279222865,0.6227205093502632,0.5345911949685535,"[[37, 5, 6, 4, 3, 5], [4, 20, 4, 5, 10, 10], [0, 2, 34, 3, 4, 4], [7, 3, 12, 30, 1, 3], [2, 8, 2, 3, 26, 8], [5, 10, 5, 4, 6, 23]]"
terra56,w300_middle,shared_stylometry_nc,modernize,paraphrase,318,18,0.5102505767366449,0.42452978604686636,0.6036264762148755,0.5157232704402516,"[[33, 7, 3, 11, 1, 5], [5, 21, 4, 5, 6, 12], [0, 5, 26, 8, 1, 7], [3, 1, 8, 40, 1, 3], [0, 14, 3, 5, 16, 11], [3, 9, 4, 7, 2, 28]]"
terra56,w300_middle,shared_stylometry_nc,modernize,modernize,318,18,0.5203226485072404,0.43887099890109565,0.6062658770409083,0.5283018867924528,"[[45, 3, 1, 6, 1, 4], [3, 20, 4, 8, 8, 10], [1, 4, 25, 8, 4, 5], [5, 4, 8, 32, 4, 3], [3, 13, 3, 2, 17, 11], [3, 11, 3, 2, 5, 29]]"
terra56,w300_middle,shared_stylometry_nc,modernize,simplify,318,18,0.5233186081994848,0.4417224620965992,0.6109488842658641,0.5314465408805031,"[[50, 4, 0, 1, 2, 3], [7, 18, 3, 5, 10, 10], [1, 4, 23, 8, 6, 5], [8, 6, 3, 29, 3, 7], [3, 13, 2, 2, 20, 9], [3, 11, 3, 2, 5, 29]]"
terra56,w300_middle,shared_stylometry_nc,simplify,original,318,18,0.5059329061790065,0.412457304929154,0.6003643181081295,0.5125786163522013,"[[34, 5, 6, 7, 2, 6], [6, 17, 4, 6, 11, 9], [0, 3, 36, 3, 3, 2], [6, 2, 12, 33, 1, 2], [2, 9, 4, 4, 23, 7], [4, 11, 6, 7, 5, 20]]"
terra56,w300_middle,shared_stylometry_nc,simplify,paraphrase,318,18,0.5261613212112543,0.43276885587321007,0.6232685786905041,0.5314465408805031,"[[32, 8, 3, 10, 0, 7], [4, 22, 4, 7, 4, 12], [0, 4, 29, 9, 0, 5], [1, 0, 8, 41, 1, 5], [0, 12, 3, 6, 15, 13], [3, 9, 4, 7, 0, 30]]"
terra56,w300_middle,shared_stylometry_nc,simplify,modernize,318,18,0.5165427563212085,0.4285660490534547,0.6098017333162739,0.5220125786163522,"[[40, 5, 2, 8, 0, 5], [4, 21, 4, 7, 7, 10], [0, 3, 30, 7, 2, 5], [4, 5, 11, 32, 0, 4], [2, 11, 4, 3, 16, 13], [3, 10, 4, 5, 4, 27]]"
terra56,w300_middle,shared_stylometry_nc,simplify,simplify,318,18,0.5118076976713493,0.43238098436151745,0.5999813784203873,0.5188679245283019,"[[44, 6, 1, 5, 0, 4], [5, 19, 4, 7, 8, 10], [0, 5, 27, 7, 4, 4], [5, 5, 8, 30, 1, 7], [3, 11, 5, 2, 16, 12], [2, 11, 4, 2, 5, 29]]"
terra56,w300_middle,shared_function_words_nc,original,original,318,18,0.49518076636237707,0.4188670139406281,0.5734168463661237,0.4937106918238994,"[[41, 4, 1, 5, 1, 8], [8, 14, 2, 11, 4, 14], [1, 4, 32, 5, 1, 4], [8, 12, 4, 26, 1, 5], [4, 9, 3, 2, 20, 11], [5, 9, 2, 7, 6, 24]]"
terra56,w300_middle,shared_function_words_nc,original,paraphrase,318,18,0.46157281263872424,0.37613875034209215,0.5459702292566572,0.46226415094339623,"[[39, 7, 1, 4, 0, 9], [7, 13, 2, 10, 4, 17], [1, 4, 20, 11, 3, 8], [5, 13, 5, 29, 2, 2], [4, 12, 2, 1, 17, 13], [5, 11, 1, 3, 4, 29]]"
terra56,w300_middle,shared_function_words_nc,original,modernize,318,18,0.450837825531828,0.36905778292770397,0.5350730708909803,0.4591194968553459,"[[45, 6, 0, 2, 0, 7], [6, 15, 2, 8, 8, 14], [3, 6, 17, 11, 3, 7], [10, 16, 3, 22, 1, 4], [5, 11, 2, 0, 17, 14], [4, 7, 1, 5, 6, 30]]"
terra56,w300_middle,shared_function_words_nc,original,simplify,318,18,0.4268777189595523,0.34400518351889275,0.5124101302669525,0.44025157232704404,"[[46, 4, 0, 3, 0, 7], [7, 15, 2, 7, 8, 14], [4, 8, 11, 14, 3, 7], [10, 16, 1, 22, 1, 6], [4, 14, 1, 0, 18, 12], [6, 11, 1, 2, 5, 28]]"
terra56,w300_middle,shared_function_words_nc,paraphrase,original,318,18,0.46653744854786455,0.38490272263764236,0.554792719927812,0.4748427672955975,"[[38, 7, 0, 5, 1, 9], [7, 10, 4, 11, 7, 14], [1, 1, 36, 4, 2, 3], [7, 10, 12, 22, 1, 4], [4, 6, 5, 0, 20, 14], [3, 7, 4, 5, 9, 25]]"
terra56,w300_middle,shared_function_words_nc,paraphrase,paraphrase,318,18,0.4628301959308401,0.38747665494565375,0.5451993822795765,0.4716981132075472,"[[43, 4, 0, 4, 2, 7], [6, 12, 5, 10, 5, 15], [1, 1, 29, 9, 4, 3], [7, 11, 10, 25, 1, 2], [5, 10, 3, 0, 17, 14], [7, 9, 4, 2, 7, 24]]"
terra56,w300_middle,shared_function_words_nc,paraphrase,modernize,318,18,0.4474034809942928,0.36972235718233915,0.5291201717612817,0.4591194968553459,"[[46, 5, 0, 2, 3, 4], [9, 11, 6, 8, 7, 12], [1, 3, 25, 5, 6, 7], [11, 11, 8, 20, 3, 3], [5, 10, 3, 0, 18, 13], [4, 8, 2, 4, 9, 26]]"
terra56,w300_middle,shared_function_words_nc,paraphrase,simplify,318,18,0.43106734539235286,0.35184056511831996,0.5095396570858084,0.44025157232704404,"[[43, 3, 1, 3, 4, 6], [10, 13, 4, 8, 7, 11], [3, 6, 16, 8, 8, 6], [7, 15, 5, 21, 4, 4], [5, 10, 1, 0, 21, 12], [4, 8, 2, 2, 11, 26]]"
terra56,w300_middle,shared_function_words_nc,modernize,original,318,18,0.4377887300515824,0.368008352776805,0.510504543893481,0.44339622641509435,"[[33, 7, 2, 6, 3, 9], [7, 10, 7, 9, 7, 13], [1, 2, 34, 4, 2, 4], [5, 9, 12, 24, 1, 5], [5, 8, 2, 2, 17, 15], [3, 8, 4, 4, 11, 23]]"
terra56,w300_middle,shared_function_words_nc,modernize,paraphrase,318,18,0.4450527347516536,0.3753522641393905,0.5165920633283038,0.449685534591195,"[[35, 7, 1, 5, 4, 8], [4, 10, 5, 12, 5, 17], [0, 2, 29, 9, 3, 4], [3, 9, 9, 30, 1, 4], [4, 12, 2, 3, 13, 15], [2, 9, 4, 2, 10, 26]]"
terra56,w300_middle,shared_function_words_nc,modernize,modernize,318,18,0.4486451523223239,0.3773564652107462,0.5213156607687516,0.4591194968553459,"[[43, 6, 1, 2, 4, 4], [6, 11, 7, 9, 6, 14], [1, 3, 25, 8, 5, 5], [6, 10, 7, 25, 3, 5], [5, 12, 2, 4, 14, 12], [4, 7, 3, 3, 8, 28]]"
terra56,w300_middle,shared_function_words_nc,modernize,simplify,318,18,0.4282989340305185,0.3629508396896135,0.4984736357055357,0.4339622641509434,"[[41, 5, 1, 3, 5, 5], [8, 11, 6, 9, 6, 13], [0, 2, 26, 8, 6, 5], [6, 15, 5, 24, 2, 4], [4, 12, 2, 4, 12, 15], [5, 9, 2, 3, 10, 24]]"
terra56,w300_middle,shared_function_words_nc,simplify,original,318,18,0.4365221828170538,0.354605613568669,0.5167574209921346,0.44339622641509435,"[[33, 7, 2, 6, 2, 10], [6, 8, 7, 12, 7, 13], [0, 3, 31, 7, 1, 5], [5, 7, 13, 25, 1, 5], [4, 7, 3, 2, 18, 15], [3, 7, 3, 5, 9, 26]]"
terra56,w300_middle,shared_function_words_nc,simplify,paraphrase,318,18,0.4380482469866767,0.37246830868441205,0.5082467751290669,0.44339622641509435,"[[33, 10, 1, 4, 2, 10], [3, 8, 6, 14, 4, 18], [0, 3, 27, 10, 2, 5], [2, 8, 10, 31, 1, 4], [3, 11, 3, 3, 13, 16], [2, 9, 4, 2, 7, 29]]"
terra56,w300_middle,shared_function_words_nc,simplify,modernize,318,18,0.4457346560994753,0.37061322610585296,0.5223824718137278,0.4559748427672956,"[[41, 9, 1, 2, 2, 5], [6, 11, 7, 9, 6, 14], [0, 4, 27, 9, 2, 5], [7, 9, 9, 25, 2, 4], [5, 10, 2, 4, 13, 15], [4, 7, 3, 3, 8, 28]]"
terra56,w300_middle,shared_function_words_nc,simplify,simplify,318,18,0.43533791859379417,0.3644518957048564,0.5118152933264429,0.44339622641509435,"[[39, 8, 1, 3, 3, 6], [7, 10, 7, 9, 6, 14], [0, 2, 27, 8, 5, 5], [6, 13, 7, 25, 2, 3], [4, 11, 4, 4, 12, 14], [4, 9, 2, 2, 8, 28]]"
terra56,w300_middle,char3_5_tfidf_svm,original,original,318,18,0.8100784608781498,0.7394604442212969,0.8763015716196152,0.8207547169811321,"[[58, 0, 0, 1, 0, 1], [2, 27, 4, 8, 8, 4], [2, 1, 39, 2, 1, 2], [1, 1, 0, 54, 0, 0], [1, 3, 1, 1, 41, 2], [1, 1, 3, 2, 4, 42]]"
terra56,w300_middle,char3_5_tfidf_svm,original,paraphrase,318,18,0.7249989590568093,0.6367808877503666,0.804447412913274,0.7327044025157232,"[[55, 1, 0, 4, 0, 0], [2, 26, 2, 14, 4, 5], [2, 1, 33, 8, 1, 2], [0, 1, 1, 54, 0, 0], [1, 3, 3, 6, 34, 2], [6, 2, 4, 9, 1, 31]]"
terra56,w300_middle,char3_5_tfidf_svm,original,modernize,318,18,0.7329566416022959,0.6421904963834574,0.8166853634492117,0.7484276729559748,"[[56, 1, 0, 3, 0, 0], [2, 25, 3, 9, 9, 5], [2, 1, 26, 10, 2, 6], [2, 0, 1, 53, 0, 0], [1, 4, 3, 2, 36, 3], [3, 0, 1, 4, 3, 42]]"
terra56,w300_middle,char3_5_tfidf_svm,original,simplify,318,18,0.7016167683659437,0.6040512287759605,0.7875952257100816,0.7232704402515723,"[[57, 1, 0, 1, 0, 1], [3, 23, 0, 9, 12, 6], [3, 3, 20, 12, 4, 5], [3, 1, 0, 51, 0, 1], [2, 3, 0, 1, 38, 5], [3, 0, 1, 4, 4, 41]]"
terra56,w300_middle,char3_5_tfidf_svm,paraphrase,original,318,18,0.7680325503063826,0.6937522917115705,0.8335708435479195,0.7767295597484277,"[[55, 1, 0, 1, 2, 1], [3, 26, 3, 3, 14, 4], [3, 2, 37, 1, 2, 2], [2, 2, 2, 50, 0, 0], [1, 1, 1, 0, 44, 2], [2, 2, 3, 1, 10, 35]]"
terra56,w300_middle,char3_5_tfidf_svm,paraphrase,paraphrase,318,18,0.7139091678975098,0.6247681785014192,0.7936978078233304,0.7295597484276729,"[[57, 2, 0, 1, 0, 0], [4, 23, 1, 8, 12, 5], [2, 2, 30, 8, 2, 3], [1, 1, 1, 53, 0, 0], [0, 6, 2, 4, 33, 4], [2, 0, 5, 6, 4, 36]]"
terra56,w300_middle,char3_5_tfidf_svm,paraphrase,modernize,318,18,0.7514938395208439,0.6660615756396704,0.8269393541223751,0.7672955974842768,"[[57, 2, 0, 0, 0, 1], [4, 22, 0, 7, 16, 4], [2, 3, 29, 5, 4, 4], [1, 1, 1, 53, 0, 0], [2, 2, 0, 1, 43, 1], [2, 1, 2, 2, 6, 40]]"
terra56,w300_middle,char3_5_tfidf_svm,paraphrase,simplify,318,18,0.717176979421969,0.6279692651028188,0.7908242052662108,0.7421383647798742,"[[58, 1, 0, 0, 0, 1], [4, 20, 0, 7, 19, 3], [2, 3, 21, 8, 7, 6], [3, 1, 1, 51, 0, 0], [1, 0, 0, 0, 45, 3], [1, 0, 1, 3, 7, 41]]"
terra56,w300_middle,char3_5_tfidf_svm,modernize,original,318,18,0.7703282664372293,0.6918292763059697,0.8416833351569835,0.7861635220125787,"[[58, 0, 1, 0, 0, 1], [4, 21, 4, 8, 13, 3], [3, 1, 40, 1, 1, 1], [2, 1, 3, 50, 0, 0], [1, 0, 1, 2, 44, 1], [1, 1, 3, 4, 7, 37]]"
terra56,w300_middle,char3_5_tfidf_svm,modernize,paraphrase,318,18,0.7158500918939324,0.6320100064865776,0.7912135203306351,0.7264150943396226,"[[57, 1, 0, 2, 0, 0], [3, 23, 4, 15, 5, 3], [1, 2, 30, 12, 1, 1], [1, 0, 1, 54, 0, 0], [0, 2, 4, 8, 34, 1], [5, 4, 3, 7, 1, 33]]"
terra56,w300_middle,char3_5_tfidf_svm,modernize,modernize,318,18,0.7526174824922416,0.6635860668565273,0.8340292750923964,0.7672955974842768,"[[57, 2, 0, 0, 0, 1], [4, 24, 3, 9, 9, 4], [2, 3, 30, 4, 4, 4], [1, 1, 1, 53, 0, 0], [1, 3, 1, 3, 41, 0], [1, 0, 3, 5, 5, 39]]"
terra56,w300_middle,char3_5_tfidf_svm,modernize,simplify,318,18,0.7397902604168042,0.6513404813125923,0.8171035771820611,0.7578616352201258,"[[58, 1, 0, 1, 0, 0], [4, 21, 1, 9, 15, 3], [1, 4, 27, 8, 4, 3], [2, 1, 2, 51, 0, 0], [1, 2, 0, 1, 44, 1], [2, 0, 2, 4, 5, 40]]"
terra56,w300_middle,char3_5_tfidf_svm,simplify,original,318,18,0.7740270429400163,0.6980571860432325,0.8417284422213226,0.7830188679245284,"[[56, 1, 1, 1, 0, 1], [4, 26, 3, 9, 9, 2], [3, 2, 38, 2, 1, 1], [2, 1, 3, 50, 0, 0], [2, 3, 2, 2, 40, 0], [2, 1, 3, 3, 5, 39]]"
terra56,w300_middle,char3_5_tfidf_svm,simplify,paraphrase,318,18,0.7021220918268215,0.6037058620869451,0.7868298141028075,0.7138364779874213,"[[57, 1, 0, 2, 0, 0], [4, 25, 4, 14, 4, 2], [4, 1, 28, 12, 1, 1], [1, 0, 1, 54, 0, 0], [0, 3, 5, 7, 32, 2], [4, 3, 4, 9, 2, 31]]"
terra56,w300_middle,char3_5_tfidf_svm,simplify,modernize,318,18,0.7454239540423244,0.6533216524297124,0.8268829266724081,0.7578616352201258,"[[57, 1, 0, 2, 0, 0], [4, 24, 2, 9, 10, 4], [3, 3, 31, 7, 2, 1], [1, 1, 2, 52, 0, 0], [1, 5, 1, 4, 36, 2], [1, 0, 3, 5, 3, 41]]"
terra56,w300_middle,char3_5_tfidf_svm,simplify,simplify,318,18,0.7170740354672844,0.6257756004104147,0.7957933687809342,0.7327044025157232,"[[57, 1, 0, 2, 0, 0], [4, 21, 3, 10, 14, 1], [3, 3, 28, 9, 3, 1], [2, 1, 2, 51, 0, 0], [1, 4, 1, 2, 39, 2], [3, 0, 3, 6, 4, 37]]"
astra_session,valid_full,shared_stylometry_nc,original,original,360,18,0.6349380989380989,0.5495884668476635,0.7181705466786275,0.6361111111111111,"[[50, 5, 1, 2, 0, 2], [7, 26, 3, 4, 8, 12], [1, 5, 49, 0, 1, 4], [4, 6, 7, 41, 0, 2], [1, 10, 1, 4, 35, 9], [2, 13, 5, 6, 6, 28]]"
astra_session,valid_full,shared_stylometry_nc,original,paraphrase,360,18,0.489385367924164,0.3715249469883882,0.5956109788045999,0.48333333333333334,"[[33, 7, 0, 15, 0, 5], [4, 20, 2, 3, 2, 29], [0, 3, 32, 8, 3, 14], [4, 1, 7, 36, 0, 12], [2, 12, 2, 7, 17, 20], [1, 14, 3, 5, 1, 36]]"
astra_session,valid_full,shared_stylometry_nc,original,modernize,360,18,0.45608007774742804,0.3409966634126936,0.5574373540026146,0.45,"[[36, 7, 0, 5, 1, 11], [6, 17, 1, 3, 5, 28], [1, 5, 22, 7, 3, 22], [7, 3, 5, 27, 0, 18], [2, 10, 1, 3, 18, 26], [0, 10, 2, 1, 5, 42]]"
astra_session,valid_full,shared_stylometry_nc,original,simplify,360,18,0.4144793456060878,0.29825378514201795,0.5182241087388878,0.41388888888888886,"[[36, 5, 0, 1, 3, 15], [4, 14, 0, 1, 10, 31], [0, 7, 12, 7, 6, 28], [10, 4, 1, 26, 1, 18], [2, 11, 0, 2, 18, 27], [1, 11, 0, 1, 4, 43]]"
astra_session,valid_full,shared_stylometry_nc,paraphrase,original,360,18,0.5469843747902914,0.4631490989593014,0.624462651226952,0.5555555555555556,"[[39, 6, 0, 2, 12, 1], [3, 23, 2, 1, 28, 3], [0, 5, 44, 3, 6, 2], [7, 8, 3, 32, 9, 1], [0, 6, 2, 1, 51, 0], [2, 14, 5, 3, 25, 11]]"
astra_session,valid_full,shared_stylometry_nc,paraphrase,paraphrase,360,18,0.5786379613195635,0.4704265497557687,0.6742698554375055,0.5805555555555556,"[[50, 4, 1, 3, 0, 2], [4, 22, 7, 5, 10, 12], [0, 3, 38, 4, 5, 10], [3, 5, 9, 39, 1, 3], [2, 10, 6, 6, 28, 8], [4, 14, 5, 2, 3, 32]]"
astra_session,valid_full,shared_stylometry_nc,paraphrase,modernize,360,18,0.5376373139531033,0.45580952745661674,0.6185366416728378,0.5388888888888889,"[[44, 4, 0, 3, 6, 3], [5, 22, 5, 2, 13, 13], [0, 2, 35, 4, 7, 12], [12, 12, 8, 24, 2, 2], [2, 10, 2, 2, 35, 9], [3, 11, 4, 1, 7, 34]]"
astra_session,valid_full,shared_stylometry_nc,paraphrase,simplify,360,18,0.5142562676178649,0.4193573986616818,0.600131129533658,0.5222222222222223,"[[48, 4, 0, 1, 6, 1], [5, 21, 2, 1, 18, 13], [1, 4, 23, 4, 16, 12], [15, 14, 3, 21, 6, 1], [2, 7, 1, 1, 44, 5], [6, 12, 1, 1, 9, 31]]"
astra_session,valid_full,shared_stylometry_nc,modernize,original,360,18,0.5484317013439226,0.46554076483117945,0.6327894599343703,0.5638888888888889,"[[41, 3, 1, 7, 7, 1], [4, 24, 5, 5, 17, 5], [0, 5, 37, 12, 3, 3], [3, 4, 4, 44, 4, 1], [2, 6, 2, 3, 45, 2], [4, 17, 5, 8, 14, 12]]"
astra_session,valid_full,shared_stylometry_nc,modernize,paraphrase,360,18,0.5638459067032184,0.45002381973859673,0.6628774000809394,0.5638888888888889,"[[43, 4, 1, 9, 1, 2], [4, 22, 7, 6, 8, 13], [0, 2, 37, 7, 4, 10], [2, 3, 5, 43, 0, 7], [1, 9, 7, 7, 27, 9], [3, 16, 5, 3, 2, 31]]"
astra_session,valid_full,shared_stylometry_nc,modernize,modernize,360,18,0.569145141482117,0.48089539319529057,0.6537261398549127,0.5694444444444444,"[[43, 5, 0, 6, 3, 3], [6, 22, 6, 6, 9, 11], [0, 2, 41, 3, 4, 10], [6, 5, 5, 38, 1, 5], [2, 7, 3, 4, 31, 13], [4, 12, 6, 2, 6, 30]]"
astra_session,valid_full,shared_stylometry_nc,modernize,simplify,360,18,0.5512172336695075,0.46174929502544515,0.6335570930426232,0.5527777777777778,"[[46, 5, 0, 3, 5, 1], [7, 21, 4, 5, 14, 9], [0, 5, 33, 5, 6, 11], [11, 7, 3, 36, 1, 2], [1, 9, 1, 6, 36, 7], [5, 12, 6, 3, 7, 27]]"
astra_session,valid_full,shared_stylometry_nc,simplify,original,360,18,0.575338582398656,0.48267710834312055,0.6635216930567532,0.5805555555555556,"[[42, 4, 1, 8, 3, 2], [5, 25, 6, 5, 13, 6], [0, 7, 41, 5, 2, 5], [3, 4, 8, 42, 0, 3], [0, 6, 5, 4, 40, 5], [4, 18, 7, 3, 9, 19]]"
astra_session,valid_full,shared_stylometry_nc,simplify,paraphrase,360,18,0.5528705255934896,0.441221390630184,0.6529818276403234,0.5527777777777778,"[[36, 4, 1, 14, 1, 4], [2, 22, 7, 6, 5, 18], [0, 2, 34, 10, 3, 11], [2, 2, 2, 43, 0, 11], [1, 8, 6, 9, 24, 12], [2, 10, 5, 1, 2, 40]]"
astra_session,valid_full,shared_stylometry_nc,simplify,modernize,360,18,0.5796510568846979,0.48590167492947917,0.6674384124980575,0.5777777777777777,"[[40, 6, 0, 8, 2, 4], [4, 23, 5, 6, 8, 14], [0, 2, 36, 7, 4, 11], [4, 4, 3, 41, 0, 8], [2, 4, 6, 4, 30, 14], [1, 11, 2, 2, 6, 38]]"
astra_session,valid_full,shared_stylometry_nc,simplify,simplify,360,18,0.5456033182854786,0.4611690426991585,0.6256848176507508,0.5444444444444444,"[[46, 5, 0, 3, 2, 4], [6, 19, 5, 4, 11, 15], [0, 4, 33, 6, 4, 13], [9, 5, 2, 37, 0, 7], [1, 10, 3, 5, 29, 12], [4, 11, 4, 2, 7, 32]]"
astra_session,valid_full,shared_function_words_nc,original,original,360,18,0.5559456425613735,0.4622870414149165,0.6464556853961888,0.5583333333333333,"[[48, 5, 0, 4, 0, 3], [6, 11, 3, 12, 6, 22], [0, 8, 45, 3, 1, 3], [4, 11, 6, 32, 0, 7], [5, 4, 1, 3, 35, 12], [9, 11, 2, 3, 5, 30]]"
astra_session,valid_full,shared_function_words_nc,original,paraphrase,360,18,0.46733468918180393,0.36284584984361773,0.5581355128591867,0.4583333333333333,"[[37, 7, 0, 5, 1, 10], [3, 13, 2, 15, 4, 23], [0, 17, 23, 11, 1, 8], [3, 11, 7, 30, 1, 8], [3, 15, 1, 3, 23, 15], [4, 11, 1, 1, 4, 39]]"
astra_session,valid_full,shared_function_words_nc,original,modernize,360,18,0.45452938910023,0.36964785697944136,0.5364091547300494,0.4527777777777778,"[[40, 6, 0, 2, 1, 11], [4, 12, 1, 13, 7, 23], [1, 17, 16, 14, 1, 11], [5, 16, 3, 27, 2, 7], [4, 8, 0, 4, 27, 17], [2, 11, 0, 1, 5, 41]]"
astra_session,valid_full,shared_function_words_nc,original,simplify,360,18,0.419611503702336,0.3399771822590347,0.49660138137508925,0.4305555555555556,"[[46, 4, 0, 2, 2, 6], [5, 11, 0, 9, 8, 27], [1, 21, 11, 9, 5, 13], [10, 14, 0, 28, 2, 6], [7, 7, 0, 4, 23, 19], [4, 8, 1, 2, 9, 36]]"
astra_session,valid_full,shared_function_words_nc,paraphrase,original,360,18,0.5135017080119022,0.4423156457058697,0.585156521270249,0.5333333333333333,"[[49, 2, 1, 2, 4, 2], [8, 8, 10, 11, 6, 17], [0, 5, 48, 3, 2, 2], [7, 11, 12, 26, 2, 2], [2, 6, 5, 3, 38, 6], [10, 11, 5, 1, 10, 23]]"
astra_session,valid_full,shared_function_words_nc,paraphrase,paraphrase,360,18,0.46585125262002536,0.3845499434651031,0.5462350318405129,0.4722222222222222,"[[45, 4, 1, 5, 1, 4], [5, 11, 8, 13, 6, 17], [0, 4, 32, 12, 4, 8], [7, 11, 8, 29, 2, 3], [5, 10, 7, 5, 21, 12], [6, 13, 3, 2, 4, 32]]"
astra_session,valid_full,shared_function_words_nc,paraphrase,modernize,360,18,0.46243446710190467,0.392790457835787,0.5329930713869567,0.4777777777777778,"[[53, 1, 0, 1, 1, 4], [7, 10, 7, 11, 6, 19], [0, 6, 23, 14, 7, 10], [11, 11, 9, 25, 1, 3], [7, 9, 2, 5, 28, 9], [7, 8, 2, 2, 8, 33]]"
astra_session,valid_full,shared_function_words_nc,paraphrase,simplify,360,18,0.43472893213461195,0.36415933529310196,0.5078608869220136,0.4527777777777778,"[[51, 2, 1, 2, 2, 2], [9, 9, 4, 12, 8, 18], [0, 7, 22, 9, 11, 11], [17, 12, 7, 21, 2, 1], [8, 9, 0, 6, 27, 10], [9, 4, 3, 2, 9, 33]]"
astra_session,valid_full,shared_function_words_nc,modernize,original,360,18,0.5070692047777371,0.4239006518447725,0.5849956890293022,0.5222222222222223,"[[44, 4, 2, 3, 5, 2], [5, 8, 12, 11, 5, 19], [0, 6, 46, 4, 2, 2], [6, 8, 11, 26, 3, 6], [5, 5, 7, 2, 34, 7], [7, 10, 2, 2, 9, 30]]"
astra_session,valid_full,shared_function_words_nc,modernize,paraphrase,360,18,0.47201434718098634,0.38011517498415887,0.5599473617790722,0.475,"[[43, 4, 3, 4, 3, 3], [3, 12, 9, 15, 5, 16], [0, 6, 31, 13, 2, 8], [5, 12, 7, 30, 2, 4], [5, 10, 8, 6, 22, 9], [5, 12, 2, 2, 6, 33]]"
astra_session,valid_full,shared_function_words_nc,modernize,modernize,360,18,0.49234499264778403,0.4120628760814748,0.5678954082878696,0.5,"[[45, 2, 0, 4, 6, 3], [4, 11, 8, 13, 3, 21], [0, 4, 30, 13, 5, 8], [8, 8, 7, 30, 3, 4], [5, 9, 5, 6, 27, 8], [3, 11, 3, 2, 4, 37]]"
astra_session,valid_full,shared_function_words_nc,modernize,simplify,360,18,0.482017743232339,0.4069207441789265,0.5588489759601003,0.49166666666666664,"[[49, 2, 1, 2, 5, 1], [7, 10, 6, 14, 6, 17], [0, 4, 31, 10, 6, 9], [11, 9, 6, 31, 3, 0], [6, 12, 3, 5, 25, 9], [4, 11, 2, 3, 9, 31]]"
astra_session,valid_full,shared_function_words_nc,simplify,original,360,18,0.5166706672644737,0.43143521474931007,0.591491371156459,0.5277777777777778,"[[43, 2, 2, 4, 3, 6], [4, 8, 12, 10, 4, 22], [0, 8, 43, 3, 1, 5], [4, 6, 14, 26, 2, 8], [2, 4, 7, 3, 35, 9], [5, 10, 1, 2, 7, 35]]"
astra_session,valid_full,shared_function_words_nc,simplify,paraphrase,360,18,0.4843836248598153,0.40265989324668844,0.5640781981142616,0.4861111111111111,"[[39, 6, 1, 7, 3, 4], [3, 12, 10, 13, 4, 18], [0, 7, 30, 13, 0, 10], [3, 7, 6, 34, 3, 7], [5, 8, 7, 6, 23, 11], [1, 12, 3, 2, 5, 37]]"
astra_session,valid_full,shared_function_words_nc,simplify,modernize,360,18,0.4824181031589052,0.3957972107343334,0.5664483958386152,0.4888888888888889,"[[41, 4, 0, 4, 4, 7], [5, 10, 9, 12, 4, 20], [0, 6, 31, 12, 1, 10], [8, 6, 7, 32, 2, 5], [5, 8, 6, 6, 24, 11], [2, 12, 1, 3, 4, 38]]"
astra_session,valid_full,shared_function_words_nc,simplify,simplify,360,18,0.4918093070024873,0.42297976766027195,0.559095660904374,0.5027777777777778,"[[47, 3, 1, 2, 3, 4], [5, 10, 7, 11, 6, 21], [0, 5, 31, 11, 2, 11], [8, 9, 5, 34, 2, 2], [6, 8, 4, 6, 23, 13], [3, 7, 3, 3, 8, 36]]"
astra_session,valid_full,char3_5_tfidf_svm,original,original,360,18,0.865510790485099,0.8076303418467785,0.9151901871553804,0.8694444444444445,"[[58, 1, 0, 1, 0, 0], [2, 37, 3, 8, 7, 3], [0, 1, 54, 2, 2, 1], [1, 0, 0, 59, 0, 0], [0, 2, 0, 3, 54, 1], [2, 1, 2, 0, 4, 51]]"
astra_session,valid_full,char3_5_tfidf_svm,original,paraphrase,360,18,0.6788535635546117,0.5717041162302416,0.7624056078121632,0.6833333333333333,"[[55, 0, 0, 5, 0, 0], [0, 24, 3, 17, 6, 10], [0, 1, 42, 9, 3, 5], [1, 0, 2, 56, 0, 1], [0, 3, 4, 13, 37, 3], [2, 5, 7, 12, 2, 32]]"
astra_session,valid_full,char3_5_tfidf_svm,original,modernize,360,18,0.6756182368305891,0.5659521502210342,0.7699284387319781,0.6861111111111111,"[[55, 0, 0, 5, 0, 0], [0, 21, 2, 14, 12, 11], [1, 0, 34, 8, 6, 11], [2, 1, 2, 54, 1, 0], [1, 3, 0, 3, 46, 7], [3, 1, 2, 4, 13, 37]]"
astra_session,valid_full,char3_5_tfidf_svm,original,simplify,360,18,0.6486855685663321,0.5510840721559609,0.7352392939838716,0.6722222222222223,"[[55, 0, 0, 4, 0, 1], [2, 15, 0, 11, 17, 15], [1, 1, 23, 9, 13, 13], [1, 0, 0, 55, 2, 2], [0, 4, 0, 1, 49, 6], [1, 1, 1, 2, 10, 45]]"
astra_session,valid_full,char3_5_tfidf_svm,paraphrase,original,360,18,0.7432662872669868,0.6571886649704654,0.8158258423578483,0.7527777777777778,"[[55, 1, 0, 2, 2, 0], [3, 33, 1, 5, 16, 2], [0, 2, 47, 2, 5, 4], [3, 2, 3, 51, 1, 0], [0, 0, 0, 1, 59, 0], [3, 8, 3, 3, 17, 26]]"
astra_session,valid_full,char3_5_tfidf_svm,paraphrase,paraphrase,360,18,0.7779453027668782,0.7043129125222928,0.8448259279080731,0.7861111111111111,"[[59, 0, 0, 1, 0, 0], [3, 29, 1, 12, 13, 2], [0, 2, 47, 2, 4, 5], [0, 0, 1, 59, 0, 0], [0, 5, 2, 4, 48, 1], [3, 3, 5, 5, 3, 41]]"
astra_session,valid_full,char3_5_tfidf_svm,paraphrase,modernize,360,18,0.7208160551114933,0.6287283994016442,0.7975315765736042,0.7333333333333333,"[[57, 0, 0, 2, 1, 0], [4, 24, 1, 7, 21, 3], [0, 0, 40, 4, 9, 7], [1, 0, 1, 57, 1, 0], [0, 1, 0, 2, 55, 2], [2, 8, 4, 5, 10, 31]]"
astra_session,valid_full,char3_5_tfidf_svm,paraphrase,simplify,360,18,0.699581031495471,0.6136110811186294,0.7721700917117784,0.7055555555555556,"[[55, 0, 0, 2, 3, 0], [2, 24, 1, 6, 25, 2], [0, 1, 30, 3, 20, 6], [4, 2, 0, 53, 1, 0], [0, 0, 0, 0, 59, 1], [1, 3, 0, 5, 18, 33]]"
astra_session,valid_full,char3_5_tfidf_svm,modernize,original,360,18,0.755590754482148,0.6790139522403704,0.8246291228444856,0.7638888888888888,"[[55, 1, 0, 4, 0, 0], [0, 34, 2, 13, 8, 3], [0, 3, 48, 5, 3, 1], [2, 0, 4, 54, 0, 0], [0, 1, 2, 2, 55, 0], [4, 8, 5, 7, 7, 29]]"
astra_session,valid_full,char3_5_tfidf_svm,modernize,paraphrase,360,18,0.7542856176824188,0.6713517747085157,0.8236832198164276,0.7555555555555555,"[[55, 0, 0, 5, 0, 0], [1, 34, 2, 17, 5, 1], [0, 1, 50, 6, 3, 0], [0, 0, 2, 58, 0, 0], [0, 6, 2, 9, 41, 2], [4, 6, 5, 9, 2, 34]]"
astra_session,valid_full,char3_5_tfidf_svm,modernize,modernize,360,18,0.737443048826628,0.6547774985085946,0.8109330502686038,0.7472222222222222,"[[56, 0, 0, 4, 0, 0], [3, 28, 2, 12, 13, 2], [0, 1, 44, 5, 6, 4], [1, 0, 2, 56, 1, 0], [0, 1, 1, 4, 53, 1], [3, 8, 5, 5, 7, 32]]"
astra_session,valid_full,char3_5_tfidf_svm,modernize,simplify,360,18,0.6861462426512674,0.6078848232481662,0.7574074687573384,0.7027777777777777,"[[57, 0, 0, 2, 1, 0], [4, 22, 3, 11, 19, 1], [1, 1, 34, 7, 11, 6], [2, 1, 1, 55, 1, 0], [0, 3, 0, 2, 55, 0], [5, 8, 3, 7, 7, 30]]"
astra_session,valid_full,char3_5_tfidf_svm,simplify,original,360,18,0.7543248628242943,0.6714364655907684,0.8288967591722705,0.7611111111111111,"[[55, 1, 0, 4, 0, 0], [1, 37, 2, 7, 9, 4], [2, 1, 49, 3, 4, 1], [2, 3, 4, 51, 0, 0], [0, 3, 3, 2, 52, 0], [3, 8, 7, 7, 5, 30]]"
astra_session,valid_full,char3_5_tfidf_svm,simplify,paraphrase,360,18,0.7424050077258042,0.64107329112059,0.8213843599314701,0.7444444444444445,"[[54, 1, 0, 5, 0, 0], [0, 36, 5, 15, 1, 3], [1, 1, 48, 7, 3, 0], [0, 0, 2, 58, 0, 0], [0, 8, 6, 7, 39, 0], [5, 7, 5, 8, 2, 33]]"
astra_session,valid_full,char3_5_tfidf_svm,simplify,modernize,360,18,0.7561730089585792,0.6879432964552699,0.822422670631695,0.7611111111111111,"[[56, 0, 0, 4, 0, 0], [2, 34, 3, 12, 4, 5], [0, 2, 46, 5, 4, 3], [1, 1, 2, 56, 0, 0], [0, 6, 3, 3, 47, 1], [3, 7, 5, 4, 6, 35]]"
astra_session,valid_full,char3_5_tfidf_svm,simplify,simplify,360,18,0.7369917388210622,0.6642170148102161,0.804603061198506,0.7444444444444445,"[[56, 0, 0, 3, 0, 1], [1, 33, 2, 10, 11, 3], [1, 1, 40, 6, 6, 6], [2, 1, 1, 56, 0, 0], [0, 5, 2, 1, 50, 2], [5, 6, 4, 7, 5, 33]]"
astra_session,matched200_full,shared_stylometry_nc,original,original,360,18,0.6349380989380989,0.5495884668476635,0.7181705466786275,0.6361111111111111,"[[50, 5, 1, 2, 0, 2], [7, 26, 3, 4, 8, 12], [1, 5, 49, 0, 1, 4], [4, 6, 7, 41, 0, 2], [1, 10, 1, 4, 35, 9], [2, 13, 5, 6, 6, 28]]"
astra_session,matched200_full,shared_stylometry_nc,original,paraphrase,360,18,0.489385367924164,0.3715249469883882,0.5956109788045999,0.48333333333333334,"[[33, 7, 0, 15, 0, 5], [4, 20, 2, 3, 2, 29], [0, 3, 32, 8, 3, 14], [4, 1, 7, 36, 0, 12], [2, 12, 2, 7, 17, 20], [1, 14, 3, 5, 1, 36]]"
astra_session,matched200_full,shared_stylometry_nc,original,modernize,360,18,0.45608007774742804,0.3409966634126936,0.5574373540026146,0.45,"[[36, 7, 0, 5, 1, 11], [6, 17, 1, 3, 5, 28], [1, 5, 22, 7, 3, 22], [7, 3, 5, 27, 0, 18], [2, 10, 1, 3, 18, 26], [0, 10, 2, 1, 5, 42]]"
astra_session,matched200_full,shared_stylometry_nc,original,simplify,360,18,0.4144793456060878,0.29825378514201795,0.5182241087388878,0.41388888888888886,"[[36, 5, 0, 1, 3, 15], [4, 14, 0, 1, 10, 31], [0, 7, 12, 7, 6, 28], [10, 4, 1, 26, 1, 18], [2, 11, 0, 2, 18, 27], [1, 11, 0, 1, 4, 43]]"
astra_session,matched200_full,shared_stylometry_nc,paraphrase,original,360,18,0.5469843747902914,0.4631490989593014,0.624462651226952,0.5555555555555556,"[[39, 6, 0, 2, 12, 1], [3, 23, 2, 1, 28, 3], [0, 5, 44, 3, 6, 2], [7, 8, 3, 32, 9, 1], [0, 6, 2, 1, 51, 0], [2, 14, 5, 3, 25, 11]]"
astra_session,matched200_full,shared_stylometry_nc,paraphrase,paraphrase,360,18,0.5786379613195635,0.4704265497557687,0.6742698554375055,0.5805555555555556,"[[50, 4, 1, 3, 0, 2], [4, 22, 7, 5, 10, 12], [0, 3, 38, 4, 5, 10], [3, 5, 9, 39, 1, 3], [2, 10, 6, 6, 28, 8], [4, 14, 5, 2, 3, 32]]"
astra_session,matched200_full,shared_stylometry_nc,paraphrase,modernize,360,18,0.5376373139531033,0.45580952745661674,0.6185366416728378,0.5388888888888889,"[[44, 4, 0, 3, 6, 3], [5, 22, 5, 2, 13, 13], [0, 2, 35, 4, 7, 12], [12, 12, 8, 24, 2, 2], [2, 10, 2, 2, 35, 9], [3, 11, 4, 1, 7, 34]]"
astra_session,matched200_full,shared_stylometry_nc,paraphrase,simplify,360,18,0.5142562676178649,0.4193573986616818,0.600131129533658,0.5222222222222223,"[[48, 4, 0, 1, 6, 1], [5, 21, 2, 1, 18, 13], [1, 4, 23, 4, 16, 12], [15, 14, 3, 21, 6, 1], [2, 7, 1, 1, 44, 5], [6, 12, 1, 1, 9, 31]]"
astra_session,matched200_full,shared_stylometry_nc,modernize,original,360,18,0.5484317013439226,0.46554076483117945,0.6327894599343703,0.5638888888888889,"[[41, 3, 1, 7, 7, 1], [4, 24, 5, 5, 17, 5], [0, 5, 37, 12, 3, 3], [3, 4, 4, 44, 4, 1], [2, 6, 2, 3, 45, 2], [4, 17, 5, 8, 14, 12]]"
astra_session,matched200_full,shared_stylometry_nc,modernize,paraphrase,360,18,0.5638459067032184,0.45002381973859673,0.6628774000809394,0.5638888888888889,"[[43, 4, 1, 9, 1, 2], [4, 22, 7, 6, 8, 13], [0, 2, 37, 7, 4, 10], [2, 3, 5, 43, 0, 7], [1, 9, 7, 7, 27, 9], [3, 16, 5, 3, 2, 31]]"
astra_session,matched200_full,shared_stylometry_nc,modernize,modernize,360,18,0.569145141482117,0.48089539319529057,0.6537261398549127,0.5694444444444444,"[[43, 5, 0, 6, 3, 3], [6, 22, 6, 6, 9, 11], [0, 2, 41, 3, 4, 10], [6, 5, 5, 38, 1, 5], [2, 7, 3, 4, 31, 13], [4, 12, 6, 2, 6, 30]]"
astra_session,matched200_full,shared_stylometry_nc,modernize,simplify,360,18,0.5512172336695075,0.46174929502544515,0.6335570930426232,0.5527777777777778,"[[46, 5, 0, 3, 5, 1], [7, 21, 4, 5, 14, 9], [0, 5, 33, 5, 6, 11], [11, 7, 3, 36, 1, 2], [1, 9, 1, 6, 36, 7], [5, 12, 6, 3, 7, 27]]"
astra_session,matched200_full,shared_stylometry_nc,simplify,original,360,18,0.575338582398656,0.48267710834312055,0.6635216930567532,0.5805555555555556,"[[42, 4, 1, 8, 3, 2], [5, 25, 6, 5, 13, 6], [0, 7, 41, 5, 2, 5], [3, 4, 8, 42, 0, 3], [0, 6, 5, 4, 40, 5], [4, 18, 7, 3, 9, 19]]"
astra_session,matched200_full,shared_stylometry_nc,simplify,paraphrase,360,18,0.5528705255934896,0.441221390630184,0.6529818276403234,0.5527777777777778,"[[36, 4, 1, 14, 1, 4], [2, 22, 7, 6, 5, 18], [0, 2, 34, 10, 3, 11], [2, 2, 2, 43, 0, 11], [1, 8, 6, 9, 24, 12], [2, 10, 5, 1, 2, 40]]"
astra_session,matched200_full,shared_stylometry_nc,simplify,modernize,360,18,0.5796510568846979,0.48590167492947917,0.6674384124980575,0.5777777777777777,"[[40, 6, 0, 8, 2, 4], [4, 23, 5, 6, 8, 14], [0, 2, 36, 7, 4, 11], [4, 4, 3, 41, 0, 8], [2, 4, 6, 4, 30, 14], [1, 11, 2, 2, 6, 38]]"
astra_session,matched200_full,shared_stylometry_nc,simplify,simplify,360,18,0.5456033182854786,0.4611690426991585,0.6256848176507508,0.5444444444444444,"[[46, 5, 0, 3, 2, 4], [6, 19, 5, 4, 11, 15], [0, 4, 33, 6, 4, 13], [9, 5, 2, 37, 0, 7], [1, 10, 3, 5, 29, 12], [4, 11, 4, 2, 7, 32]]"
astra_session,matched200_full,shared_function_words_nc,original,original,360,18,0.5559456425613735,0.4622870414149165,0.6464556853961888,0.5583333333333333,"[[48, 5, 0, 4, 0, 3], [6, 11, 3, 12, 6, 22], [0, 8, 45, 3, 1, 3], [4, 11, 6, 32, 0, 7], [5, 4, 1, 3, 35, 12], [9, 11, 2, 3, 5, 30]]"
astra_session,matched200_full,shared_function_words_nc,original,paraphrase,360,18,0.46733468918180393,0.36284584984361773,0.5581355128591867,0.4583333333333333,"[[37, 7, 0, 5, 1, 10], [3, 13, 2, 15, 4, 23], [0, 17, 23, 11, 1, 8], [3, 11, 7, 30, 1, 8], [3, 15, 1, 3, 23, 15], [4, 11, 1, 1, 4, 39]]"
astra_session,matched200_full,shared_function_words_nc,original,modernize,360,18,0.45452938910023,0.36964785697944136,0.5364091547300494,0.4527777777777778,"[[40, 6, 0, 2, 1, 11], [4, 12, 1, 13, 7, 23], [1, 17, 16, 14, 1, 11], [5, 16, 3, 27, 2, 7], [4, 8, 0, 4, 27, 17], [2, 11, 0, 1, 5, 41]]"
astra_session,matched200_full,shared_function_words_nc,original,simplify,360,18,0.419611503702336,0.3399771822590347,0.49660138137508925,0.4305555555555556,"[[46, 4, 0, 2, 2, 6], [5, 11, 0, 9, 8, 27], [1, 21, 11, 9, 5, 13], [10, 14, 0, 28, 2, 6], [7, 7, 0, 4, 23, 19], [4, 8, 1, 2, 9, 36]]"
astra_session,matched200_full,shared_function_words_nc,paraphrase,original,360,18,0.5135017080119022,0.4423156457058697,0.585156521270249,0.5333333333333333,"[[49, 2, 1, 2, 4, 2], [8, 8, 10, 11, 6, 17], [0, 5, 48, 3, 2, 2], [7, 11, 12, 26, 2, 2], [2, 6, 5, 3, 38, 6], [10, 11, 5, 1, 10, 23]]"
astra_session,matched200_full,shared_function_words_nc,paraphrase,paraphrase,360,18,0.46585125262002536,0.3845499434651031,0.5462350318405129,0.4722222222222222,"[[45, 4, 1, 5, 1, 4], [5, 11, 8, 13, 6, 17], [0, 4, 32, 12, 4, 8], [7, 11, 8, 29, 2, 3], [5, 10, 7, 5, 21, 12], [6, 13, 3, 2, 4, 32]]"
astra_session,matched200_full,shared_function_words_nc,paraphrase,modernize,360,18,0.46243446710190467,0.392790457835787,0.5329930713869567,0.4777777777777778,"[[53, 1, 0, 1, 1, 4], [7, 10, 7, 11, 6, 19], [0, 6, 23, 14, 7, 10], [11, 11, 9, 25, 1, 3], [7, 9, 2, 5, 28, 9], [7, 8, 2, 2, 8, 33]]"
astra_session,matched200_full,shared_function_words_nc,paraphrase,simplify,360,18,0.43472893213461195,0.36415933529310196,0.5078608869220136,0.4527777777777778,"[[51, 2, 1, 2, 2, 2], [9, 9, 4, 12, 8, 18], [0, 7, 22, 9, 11, 11], [17, 12, 7, 21, 2, 1], [8, 9, 0, 6, 27, 10], [9, 4, 3, 2, 9, 33]]"
astra_session,matched200_full,shared_function_words_nc,modernize,original,360,18,0.5070692047777371,0.4239006518447725,0.5849956890293022,0.5222222222222223,"[[44, 4, 2, 3, 5, 2], [5, 8, 12, 11, 5, 19], [0, 6, 46, 4, 2, 2], [6, 8, 11, 26, 3, 6], [5, 5, 7, 2, 34, 7], [7, 10, 2, 2, 9, 30]]"
astra_session,matched200_full,shared_function_words_nc,modernize,paraphrase,360,18,0.47201434718098634,0.38011517498415887,0.5599473617790722,0.475,"[[43, 4, 3, 4, 3, 3], [3, 12, 9, 15, 5, 16], [0, 6, 31, 13, 2, 8], [5, 12, 7, 30, 2, 4], [5, 10, 8, 6, 22, 9], [5, 12, 2, 2, 6, 33]]"
astra_session,matched200_full,shared_function_words_nc,modernize,modernize,360,18,0.49234499264778403,0.4120628760814748,0.5678954082878696,0.5,"[[45, 2, 0, 4, 6, 3], [4, 11, 8, 13, 3, 21], [0, 4, 30, 13, 5, 8], [8, 8, 7, 30, 3, 4], [5, 9, 5, 6, 27, 8], [3, 11, 3, 2, 4, 37]]"
astra_session,matched200_full,shared_function_words_nc,modernize,simplify,360,18,0.482017743232339,0.4069207441789265,0.5588489759601003,0.49166666666666664,"[[49, 2, 1, 2, 5, 1], [7, 10, 6, 14, 6, 17], [0, 4, 31, 10, 6, 9], [11, 9, 6, 31, 3, 0], [6, 12, 3, 5, 25, 9], [4, 11, 2, 3, 9, 31]]"
astra_session,matched200_full,shared_function_words_nc,simplify,original,360,18,0.5166706672644737,0.43143521474931007,0.591491371156459,0.5277777777777778,"[[43, 2, 2, 4, 3, 6], [4, 8, 12, 10, 4, 22], [0, 8, 43, 3, 1, 5], [4, 6, 14, 26, 2, 8], [2, 4, 7, 3, 35, 9], [5, 10, 1, 2, 7, 35]]"
astra_session,matched200_full,shared_function_words_nc,simplify,paraphrase,360,18,0.4843836248598153,0.40265989324668844,0.5640781981142616,0.4861111111111111,"[[39, 6, 1, 7, 3, 4], [3, 12, 10, 13, 4, 18], [0, 7, 30, 13, 0, 10], [3, 7, 6, 34, 3, 7], [5, 8, 7, 6, 23, 11], [1, 12, 3, 2, 5, 37]]"
astra_session,matched200_full,shared_function_words_nc,simplify,modernize,360,18,0.4824181031589052,0.3957972107343334,0.5664483958386152,0.4888888888888889,"[[41, 4, 0, 4, 4, 7], [5, 10, 9, 12, 4, 20], [0, 6, 31, 12, 1, 10], [8, 6, 7, 32, 2, 5], [5, 8, 6, 6, 24, 11], [2, 12, 1, 3, 4, 38]]"
astra_session,matched200_full,shared_function_words_nc,simplify,simplify,360,18,0.4918093070024873,0.42297976766027195,0.559095660904374,0.5027777777777778,"[[47, 3, 1, 2, 3, 4], [5, 10, 7, 11, 6, 21], [0, 5, 31, 11, 2, 11], [8, 9, 5, 34, 2, 2], [6, 8, 4, 6, 23, 13], [3, 7, 3, 3, 8, 36]]"
astra_session,matched200_full,char3_5_tfidf_svm,original,original,360,18,0.865510790485099,0.8076303418467785,0.9151901871553804,0.8694444444444445,"[[58, 1, 0, 1, 0, 0], [2, 37, 3, 8, 7, 3], [0, 1, 54, 2, 2, 1], [1, 0, 0, 59, 0, 0], [0, 2, 0, 3, 54, 1], [2, 1, 2, 0, 4, 51]]"
astra_session,matched200_full,char3_5_tfidf_svm,original,paraphrase,360,18,0.6788535635546117,0.5717041162302416,0.7624056078121632,0.6833333333333333,"[[55, 0, 0, 5, 0, 0], [0, 24, 3, 17, 6, 10], [0, 1, 42, 9, 3, 5], [1, 0, 2, 56, 0, 1], [0, 3, 4, 13, 37, 3], [2, 5, 7, 12, 2, 32]]"
astra_session,matched200_full,char3_5_tfidf_svm,original,modernize,360,18,0.6756182368305891,0.5659521502210342,0.7699284387319781,0.6861111111111111,"[[55, 0, 0, 5, 0, 0], [0, 21, 2, 14, 12, 11], [1, 0, 34, 8, 6, 11], [2, 1, 2, 54, 1, 0], [1, 3, 0, 3, 46, 7], [3, 1, 2, 4, 13, 37]]"
astra_session,matched200_full,char3_5_tfidf_svm,original,simplify,360,18,0.6486855685663321,0.5510840721559609,0.7352392939838716,0.6722222222222223,"[[55, 0, 0, 4, 0, 1], [2, 15, 0, 11, 17, 15], [1, 1, 23, 9, 13, 13], [1, 0, 0, 55, 2, 2], [0, 4, 0, 1, 49, 6], [1, 1, 1, 2, 10, 45]]"
astra_session,matched200_full,char3_5_tfidf_svm,paraphrase,original,360,18,0.7432662872669868,0.6571886649704654,0.8158258423578483,0.7527777777777778,"[[55, 1, 0, 2, 2, 0], [3, 33, 1, 5, 16, 2], [0, 2, 47, 2, 5, 4], [3, 2, 3, 51, 1, 0], [0, 0, 0, 1, 59, 0], [3, 8, 3, 3, 17, 26]]"
astra_session,matched200_full,char3_5_tfidf_svm,paraphrase,paraphrase,360,18,0.7779453027668782,0.7043129125222928,0.8448259279080731,0.7861111111111111,"[[59, 0, 0, 1, 0, 0], [3, 29, 1, 12, 13, 2], [0, 2, 47, 2, 4, 5], [0, 0, 1, 59, 0, 0], [0, 5, 2, 4, 48, 1], [3, 3, 5, 5, 3, 41]]"
astra_session,matched200_full,char3_5_tfidf_svm,paraphrase,modernize,360,18,0.7208160551114933,0.6287283994016442,0.7975315765736042,0.7333333333333333,"[[57, 0, 0, 2, 1, 0], [4, 24, 1, 7, 21, 3], [0, 0, 40, 4, 9, 7], [1, 0, 1, 57, 1, 0], [0, 1, 0, 2, 55, 2], [2, 8, 4, 5, 10, 31]]"
astra_session,matched200_full,char3_5_tfidf_svm,paraphrase,simplify,360,18,0.699581031495471,0.6136110811186294,0.7721700917117784,0.7055555555555556,"[[55, 0, 0, 2, 3, 0], [2, 24, 1, 6, 25, 2], [0, 1, 30, 3, 20, 6], [4, 2, 0, 53, 1, 0], [0, 0, 0, 0, 59, 1], [1, 3, 0, 5, 18, 33]]"
astra_session,matched200_full,char3_5_tfidf_svm,modernize,original,360,18,0.755590754482148,0.6790139522403704,0.8246291228444856,0.7638888888888888,"[[55, 1, 0, 4, 0, 0], [0, 34, 2, 13, 8, 3], [0, 3, 48, 5, 3, 1], [2, 0, 4, 54, 0, 0], [0, 1, 2, 2, 55, 0], [4, 8, 5, 7, 7, 29]]"
astra_session,matched200_full,char3_5_tfidf_svm,modernize,paraphrase,360,18,0.7542856176824188,0.6713517747085157,0.8236832198164276,0.7555555555555555,"[[55, 0, 0, 5, 0, 0], [1, 34, 2, 17, 5, 1], [0, 1, 50, 6, 3, 0], [0, 0, 2, 58, 0, 0], [0, 6, 2, 9, 41, 2], [4, 6, 5, 9, 2, 34]]"
astra_session,matched200_full,char3_5_tfidf_svm,modernize,modernize,360,18,0.737443048826628,0.6547774985085946,0.8109330502686038,0.7472222222222222,"[[56, 0, 0, 4, 0, 0], [3, 28, 2, 12, 13, 2], [0, 1, 44, 5, 6, 4], [1, 0, 2, 56, 1, 0], [0, 1, 1, 4, 53, 1], [3, 8, 5, 5, 7, 32]]"
astra_session,matched200_full,char3_5_tfidf_svm,modernize,simplify,360,18,0.6861462426512674,0.6078848232481662,0.7574074687573384,0.7027777777777777,"[[57, 0, 0, 2, 1, 0], [4, 22, 3, 11, 19, 1], [1, 1, 34, 7, 11, 6], [2, 1, 1, 55, 1, 0], [0, 3, 0, 2, 55, 0], [5, 8, 3, 7, 7, 30]]"
astra_session,matched200_full,char3_5_tfidf_svm,simplify,original,360,18,0.7543248628242943,0.6714364655907684,0.8288967591722705,0.7611111111111111,"[[55, 1, 0, 4, 0, 0], [1, 37, 2, 7, 9, 4], [2, 1, 49, 3, 4, 1], [2, 3, 4, 51, 0, 0], [0, 3, 3, 2, 52, 0], [3, 8, 7, 7, 5, 30]]"
astra_session,matched200_full,char3_5_tfidf_svm,simplify,paraphrase,360,18,0.7424050077258042,0.64107329112059,0.8213843599314701,0.7444444444444445,"[[54, 1, 0, 5, 0, 0], [0, 36, 5, 15, 1, 3], [1, 1, 48, 7, 3, 0], [0, 0, 2, 58, 0, 0], [0, 8, 6, 7, 39, 0], [5, 7, 5, 8, 2, 33]]"
astra_session,matched200_full,char3_5_tfidf_svm,simplify,modernize,360,18,0.7561730089585792,0.6879432964552699,0.822422670631695,0.7611111111111111,"[[56, 0, 0, 4, 0, 0], [2, 34, 3, 12, 4, 5], [0, 2, 46, 5, 4, 3], [1, 1, 2, 56, 0, 0], [0, 6, 3, 3, 47, 1], [3, 7, 5, 4, 6, 35]]"
astra_session,matched200_full,char3_5_tfidf_svm,simplify,simplify,360,18,0.7369917388210622,0.6642170148102161,0.804603061198506,0.7444444444444445,"[[56, 0, 0, 3, 0, 1], [1, 33, 2, 10, 11, 3], [1, 1, 40, 6, 6, 6], [2, 1, 1, 56, 0, 0], [0, 5, 2, 1, 50, 2], [5, 6, 4, 7, 5, 33]]"
astra_session,w200_prefix,shared_stylometry_nc,original,original,360,18,0.5550081115721707,0.4722333106521257,0.6353088516173606,0.5527777777777778,"[[44, 6, 2, 4, 2, 2], [5, 18, 2, 10, 6, 19], [3, 7, 41, 5, 0, 4], [4, 5, 8, 35, 0, 8], [3, 9, 3, 5, 30, 10], [4, 14, 4, 6, 1, 31]]"
astra_session,w200_prefix,shared_stylometry_nc,original,paraphrase,360,18,0.4860410107099134,0.370992382805511,0.5852478622519011,0.4861111111111111,"[[43, 6, 0, 5, 0, 6], [6, 16, 3, 11, 2, 22], [1, 5, 27, 10, 1, 16], [3, 4, 3, 37, 0, 13], [3, 7, 3, 6, 17, 24], [4, 10, 6, 4, 1, 35]]"
astra_session,w200_prefix,shared_stylometry_nc,original,modernize,360,18,0.4410319539189332,0.34280086209031463,0.5286226383356161,0.43333333333333335,"[[34, 9, 0, 2, 4, 11], [3, 15, 1, 9, 7, 25], [1, 10, 20, 9, 1, 19], [7, 6, 4, 28, 0, 15], [3, 6, 2, 3, 22, 24], [3, 11, 3, 4, 2, 37]]"
astra_session,w200_prefix,shared_stylometry_nc,original,simplify,360,18,0.40787103271040315,0.3208594224934044,0.48943566222287554,0.4083333333333333,"[[34, 10, 0, 1, 3, 12], [6, 14, 0, 5, 10, 25], [0, 8, 13, 7, 6, 26], [8, 11, 1, 23, 0, 17], [4, 6, 1, 4, 22, 23], [3, 11, 1, 1, 3, 41]]"
astra_session,w200_prefix,shared_stylometry_nc,paraphrase,original,360,18,0.48110940450461276,0.41331171734343947,0.5463106079695828,0.4861111111111111,"[[36, 9, 3, 3, 9, 0], [2, 24, 1, 9, 19, 5], [0, 12, 35, 5, 1, 7], [6, 12, 4, 23, 10, 5], [1, 7, 3, 4, 44, 1], [4, 18, 9, 4, 12, 13]]"
astra_session,w200_prefix,shared_stylometry_nc,paraphrase,paraphrase,360,18,0.5111871618559658,0.40664298098223134,0.6006835858483338,0.5027777777777778,"[[38, 11, 1, 5, 1, 4], [2, 24, 6, 13, 3, 12], [0, 8, 31, 10, 1, 10], [5, 9, 5, 35, 0, 6], [3, 11, 3, 6, 29, 8], [7, 13, 6, 7, 3, 24]]"
astra_session,w200_prefix,shared_stylometry_nc,paraphrase,modernize,360,18,0.5008633586445069,0.42120943282404133,0.5756820692203911,0.49444444444444446,"[[34, 12, 0, 2, 6, 6], [6, 25, 1, 9, 8, 11], [0, 10, 29, 6, 4, 11], [11, 12, 6, 25, 1, 5], [2, 7, 1, 5, 33, 12], [6, 13, 4, 2, 3, 32]]"
astra_session,w200_prefix,shared_stylometry_nc,paraphrase,simplify,360,18,0.4579265150386321,0.3751351289369003,0.5374829369020607,0.45,"[[35, 15, 0, 1, 5, 4], [7, 23, 1, 6, 16, 7], [0, 13, 22, 6, 11, 8], [9, 24, 2, 19, 0, 6], [2, 8, 1, 5, 34, 10], [5, 16, 3, 1, 6, 29]]"
astra_session,w200_prefix,shared_stylometry_nc,modernize,original,360,18,0.5278217167298532,0.4424967931918218,0.6085459826860871,0.5305555555555556,"[[35, 5, 4, 8, 5, 3], [2, 26, 3, 12, 11, 6], [0, 9, 36, 9, 0, 6], [3, 4, 8, 36, 3, 6], [3, 7, 4, 5, 40, 1], [5, 16, 10, 5, 6, 18]]"
astra_session,w200_prefix,shared_stylometry_nc,modernize,paraphrase,360,18,0.5105933071904862,0.41696165402645086,0.5926482953909629,0.5027777777777778,"[[38, 10, 0, 5, 2, 5], [1, 22, 6, 12, 3, 16], [0, 7, 28, 13, 0, 12], [2, 5, 6, 38, 1, 8], [3, 8, 4, 9, 26, 10], [6, 15, 5, 4, 1, 29]]"
astra_session,w200_prefix,shared_stylometry_nc,modernize,modernize,360,18,0.49684821860997425,0.41421110784495696,0.5763615536550464,0.49166666666666664,"[[34, 10, 2, 3, 5, 6], [4, 23, 3, 10, 6, 14], [0, 7, 30, 11, 1, 11], [7, 5, 5, 34, 2, 7], [5, 9, 2, 5, 27, 12], [6, 13, 5, 4, 3, 29]]"
astra_session,w200_prefix,shared_stylometry_nc,modernize,simplify,360,18,0.5085219445395845,0.43355447547024056,0.5787142799839282,0.5027777777777778,"[[38, 11, 0, 3, 4, 4], [4, 24, 1, 12, 10, 9], [0, 8, 29, 10, 4, 9], [8, 8, 5, 32, 1, 6], [3, 8, 1, 8, 29, 11], [4, 14, 5, 3, 5, 29]]"
astra_session,w200_prefix,shared_stylometry_nc,simplify,original,360,18,0.5252708136461627,0.44506526623214765,0.6030411881951817,0.525,"[[36, 6, 6, 5, 3, 4], [2, 23, 8, 10, 8, 9], [0, 6, 42, 6, 0, 6], [3, 3, 11, 34, 0, 9], [4, 6, 6, 5, 33, 6], [4, 16, 10, 5, 4, 21]]"
astra_session,w200_prefix,shared_stylometry_nc,simplify,paraphrase,360,18,0.4977060868754796,0.39314781518370223,0.5881978596141829,0.49444444444444446,"[[37, 7, 0, 7, 2, 7], [2, 16, 11, 10, 3, 18], [0, 7, 28, 11, 0, 14], [2, 3, 6, 38, 0, 11], [3, 8, 4, 8, 24, 13], [6, 10, 3, 6, 0, 35]]"
astra_session,w200_prefix,shared_stylometry_nc,simplify,modernize,360,18,0.49625497141359826,0.4136589750338479,0.5754963445465823,0.49166666666666664,"[[32, 9, 1, 4, 4, 10], [4, 21, 5, 10, 4, 16], [0, 9, 30, 9, 0, 12], [8, 3, 6, 32, 2, 9], [6, 5, 2, 6, 26, 15], [4, 12, 3, 3, 2, 36]]"
astra_session,w200_prefix,shared_stylometry_nc,simplify,simplify,360,18,0.4894893694057993,0.4056562016916843,0.5657091453811836,0.4861111111111111,"[[37, 12, 0, 4, 3, 4], [4, 22, 5, 10, 6, 13], [0, 8, 29, 11, 2, 10], [7, 8, 5, 32, 0, 8], [6, 7, 3, 8, 22, 14], [4, 14, 5, 2, 2, 33]]"
astra_session,w200_prefix,shared_function_words_nc,original,original,360,18,0.4717231060033875,0.4014278260775612,0.5432438584683387,0.48055555555555557,"[[46, 4, 2, 4, 0, 4], [8, 9, 4, 14, 6, 19], [1, 8, 42, 4, 0, 5], [5, 11, 8, 23, 2, 11], [9, 6, 4, 4, 26, 11], [9, 9, 3, 5, 7, 27]]"
astra_session,w200_prefix,shared_function_words_nc,original,paraphrase,360,18,0.4384825585585322,0.36849218347863993,0.5051792227343803,0.4305555555555556,"[[37, 9, 0, 3, 6, 5], [4, 13, 5, 14, 2, 22], [0, 11, 27, 11, 1, 10], [4, 14, 5, 25, 3, 9], [6, 7, 2, 5, 22, 18], [4, 13, 2, 2, 8, 31]]"
astra_session,w200_prefix,shared_function_words_nc,original,modernize,360,18,0.40712366631384905,0.3358030433455567,0.476668272443145,0.4027777777777778,"[[34, 9, 0, 1, 5, 11], [5, 9, 4, 12, 8, 22], [1, 15, 21, 11, 1, 11], [6, 14, 2, 24, 3, 11], [7, 7, 0, 6, 20, 20], [1, 11, 1, 2, 8, 37]]"
astra_session,w200_prefix,shared_function_words_nc,original,simplify,360,18,0.42756406931243535,0.3504843452037268,0.5030489169121761,0.42777777777777776,"[[39, 7, 0, 1, 6, 7], [7, 12, 1, 11, 10, 19], [0, 18, 17, 9, 5, 11], [8, 15, 2, 25, 1, 9], [8, 5, 0, 4, 27, 16], [4, 9, 1, 2, 10, 34]]"
astra_session,w200_prefix,shared_function_words_nc,paraphrase,original,360,18,0.45488308919343146,0.3834578124488123,0.5278337382234073,0.4666666666666667,"[[44, 2, 4, 1, 4, 5], [10, 8, 7, 9, 6, 20], [0, 8, 40, 4, 1, 7], [8, 14, 8, 21, 1, 8], [9, 2, 4, 4, 29, 12], [10, 9, 6, 2, 7, 26]]"
astra_session,w200_prefix,shared_function_words_nc,paraphrase,paraphrase,360,18,0.43047747303063827,0.36064861043665813,0.49782566780194587,0.4361111111111111,"[[42, 8, 3, 2, 1, 4], [10, 9, 8, 13, 3, 17], [0, 8, 28, 11, 2, 11], [9, 15, 6, 25, 0, 5], [8, 4, 5, 7, 21, 15], [8, 9, 4, 3, 4, 32]]"
astra_session,w200_prefix,shared_function_words_nc,paraphrase,modernize,360,18,0.42951802031112624,0.3675577797498627,0.49311282797235323,0.4388888888888889,"[[41, 9, 2, 1, 2, 5], [12, 7, 7, 9, 9, 16], [0, 7, 30, 9, 5, 9], [11, 13, 7, 22, 2, 5], [8, 6, 1, 7, 21, 17], [3, 10, 4, 1, 5, 37]]"
astra_session,w200_prefix,shared_function_words_nc,paraphrase,simplify,360,18,0.42273876531967164,0.3573497557951805,0.49155535228319774,0.4305555555555556,"[[45, 5, 1, 1, 5, 3], [11, 10, 6, 10, 9, 14], [0, 11, 25, 10, 7, 7], [10, 17, 5, 21, 1, 6], [9, 3, 3, 4, 24, 17], [6, 8, 3, 1, 12, 30]]"
astra_session,w200_prefix,shared_function_words_nc,modernize,original,360,18,0.4365498447780558,0.37155273409030876,0.4976643932517359,0.44722222222222224,"[[38, 4, 4, 3, 5, 6], [7, 7, 10, 11, 4, 21], [0, 9, 39, 5, 1, 6], [5, 11, 9, 23, 3, 9], [9, 3, 3, 5, 26, 14], [9, 5, 5, 3, 10, 28]]"
astra_session,w200_prefix,shared_function_words_nc,modernize,paraphrase,360,18,0.43984016879776844,0.3693810476507932,0.5078086779579228,0.4388888888888889,"[[39, 7, 2, 4, 3, 5], [5, 15, 5, 13, 2, 20], [0, 8, 26, 13, 1, 12], [5, 12, 6, 26, 3, 8], [8, 8, 4, 4, 20, 16], [5, 11, 3, 2, 7, 32]]"
astra_session,w200_prefix,shared_function_words_nc,modernize,modernize,360,18,0.4209679377458775,0.3467470440850727,0.49353928886552295,0.425,"[[36, 8, 1, 1, 6, 8], [9, 6, 7, 11, 7, 20], [0, 10, 30, 10, 1, 9], [9, 10, 7, 26, 3, 5], [8, 7, 1, 7, 20, 17], [4, 12, 1, 1, 7, 35]]"
astra_session,w200_prefix,shared_function_words_nc,modernize,simplify,360,18,0.4277920657742856,0.3576116727993167,0.4961742957270062,0.43333333333333335,"[[40, 6, 2, 3, 6, 3], [11, 9, 9, 9, 7, 15], [0, 12, 31, 9, 3, 5], [7, 12, 5, 26, 4, 6], [10, 7, 3, 6, 20, 14], [5, 7, 3, 2, 13, 30]]"
astra_session,w200_prefix,shared_function_words_nc,simplify,original,360,18,0.4535223377830205,0.3752481005891969,0.5218950579201297,0.4638888888888889,"[[35, 3, 3, 3, 8, 8], [6, 7, 11, 11, 5, 20], [0, 9, 39, 5, 0, 7], [3, 7, 9, 30, 2, 9], [9, 2, 4, 4, 23, 18], [4, 8, 4, 3, 8, 33]]"
astra_session,w200_prefix,shared_function_words_nc,simplify,paraphrase,360,18,0.4183471612073959,0.3468883848083151,0.4874425069391653,0.4222222222222222,"[[33, 6, 2, 3, 8, 8], [4, 12, 8, 14, 2, 20], [0, 7, 27, 14, 0, 12], [4, 10, 6, 29, 2, 9], [8, 8, 6, 6, 16, 16], [4, 10, 3, 4, 4, 35]]"
astra_session,w200_prefix,shared_function_words_nc,simplify,modernize,360,18,0.423974163085258,0.35388975789142896,0.49509722236976417,0.43333333333333335,"[[33, 10, 1, 3, 6, 7], [8, 7, 7, 11, 6, 21], [0, 8, 31, 12, 0, 9], [7, 8, 8, 29, 2, 6], [8, 6, 2, 7, 17, 20], [3, 9, 4, 1, 4, 39]]"
astra_session,w200_prefix,shared_function_words_nc,simplify,simplify,360,18,0.4236819808598005,0.3508271169828755,0.4955531980268364,0.43333333333333335,"[[38, 7, 0, 3, 8, 4], [9, 9, 11, 9, 4, 18], [0, 6, 31, 13, 3, 7], [6, 11, 5, 28, 2, 8], [10, 6, 4, 8, 16, 16], [4, 9, 4, 2, 7, 34]]"
astra_session,w200_prefix,char3_5_tfidf_svm,original,original,360,18,0.7652965773756909,0.6861482904169014,0.8370049458251342,0.7722222222222223,"[[56, 1, 1, 2, 0, 0], [4, 28, 3, 14, 9, 2], [0, 1, 50, 4, 3, 2], [2, 1, 3, 52, 1, 1], [1, 2, 2, 4, 48, 3], [4, 2, 3, 1, 6, 44]]"
astra_session,w200_prefix,char3_5_tfidf_svm,original,paraphrase,360,18,0.6210903455747395,0.535067234413821,0.7002335810436273,0.6361111111111111,"[[54, 2, 0, 4, 0, 0], [5, 15, 3, 21, 5, 11], [0, 2, 39, 12, 3, 4], [2, 0, 4, 52, 1, 1], [0, 2, 4, 10, 38, 6], [9, 5, 5, 8, 2, 31]]"
astra_session,w200_prefix,char3_5_tfidf_svm,original,modernize,360,18,0.6492269774358795,0.5490964349413182,0.7356294518012995,0.6638888888888889,"[[56, 1, 0, 2, 1, 0], [5, 18, 2, 13, 10, 12], [1, 0, 35, 14, 3, 7], [4, 3, 3, 46, 3, 1], [1, 2, 2, 3, 47, 5], [5, 1, 3, 5, 9, 37]]"
astra_session,w200_prefix,char3_5_tfidf_svm,original,simplify,360,18,0.5772900662105487,0.49752814902122516,0.6460139748756994,0.6083333333333333,"[[51, 1, 0, 3, 2, 3], [5, 13, 0, 13, 12, 17], [0, 4, 16, 16, 15, 9], [4, 1, 1, 49, 3, 2], [0, 2, 0, 4, 47, 7], [4, 3, 0, 2, 8, 43]]"
astra_session,w200_prefix,char3_5_tfidf_svm,paraphrase,original,360,18,0.6696467637644109,0.5811633737423728,0.7471323356266669,0.6805555555555556,"[[48, 5, 1, 3, 3, 0], [4, 27, 1, 12, 13, 3], [0, 4, 42, 6, 6, 2], [2, 3, 4, 49, 0, 2], [1, 1, 2, 1, 55, 0], [5, 11, 2, 5, 13, 24]]"
astra_session,w200_prefix,char3_5_tfidf_svm,paraphrase,paraphrase,360,18,0.6911432061652981,0.6217851108237208,0.7529187156633583,0.7027777777777777,"[[56, 1, 0, 3, 0, 0], [4, 24, 0, 18, 10, 4], [2, 3, 42, 5, 3, 5], [2, 1, 3, 53, 0, 1], [1, 2, 3, 5, 46, 3], [9, 5, 5, 4, 5, 32]]"
astra_session,w200_prefix,char3_5_tfidf_svm,paraphrase,modernize,360,18,0.6765999642105484,0.5983406662139341,0.7479731911471748,0.6861111111111111,"[[54, 2, 0, 2, 2, 0], [2, 25, 2, 13, 15, 3], [0, 2, 40, 8, 7, 3], [2, 4, 3, 48, 2, 1], [1, 1, 1, 1, 52, 4], [4, 10, 5, 2, 11, 28]]"
astra_session,w200_prefix,char3_5_tfidf_svm,paraphrase,simplify,360,18,0.6010158498736806,0.5179055589761162,0.668671610934717,0.6083333333333333,"[[50, 2, 0, 3, 5, 0], [4, 17, 1, 10, 26, 2], [0, 3, 29, 5, 21, 2], [3, 2, 1, 47, 5, 2], [0, 3, 2, 2, 52, 1], [4, 10, 1, 1, 20, 24]]"
astra_session,w200_prefix,char3_5_tfidf_svm,modernize,original,360,18,0.6660508002780331,0.5962607137843464,0.7337709861422304,0.6805555555555556,"[[51, 3, 1, 5, 0, 0], [4, 27, 2, 15, 7, 5], [0, 2, 45, 6, 3, 4], [3, 2, 4, 50, 0, 1], [0, 1, 2, 4, 51, 2], [8, 7, 6, 9, 9, 21]]"
astra_session,w200_prefix,char3_5_tfidf_svm,modernize,paraphrase,360,18,0.6869563164947611,0.6208069533716135,0.7492856540236361,0.6944444444444444,"[[55, 2, 0, 3, 0, 0], [1, 24, 3, 23, 5, 4], [1, 2, 44, 9, 1, 3], [0, 4, 2, 54, 0, 0], [0, 2, 2, 8, 44, 4], [9, 7, 6, 6, 3, 29]]"
astra_session,w200_prefix,char3_5_tfidf_svm,modernize,modernize,360,18,0.6513073080510322,0.5755068395034155,0.7234581901871802,0.6666666666666666,"[[54, 3, 0, 2, 1, 0], [5, 22, 2, 14, 13, 4], [2, 0, 39, 9, 4, 6], [2, 4, 2, 52, 0, 0], [1, 3, 3, 2, 46, 5], [11, 5, 7, 2, 8, 27]]"
astra_session,w200_prefix,char3_5_tfidf_svm,modernize,simplify,360,18,0.6513536857406833,0.5739494556671219,0.7153130479016155,0.6666666666666666,"[[52, 2, 0, 4, 2, 0], [6, 21, 1, 14, 14, 4], [0, 4, 33, 9, 11, 3], [3, 2, 1, 54, 0, 0], [1, 3, 2, 3, 51, 0], [9, 5, 4, 4, 9, 29]]"
astra_session,w200_prefix,char3_5_tfidf_svm,simplify,original,360,18,0.6726958829982812,0.5999052843091431,0.7403246668984791,0.6833333333333333,"[[53, 1, 1, 4, 1, 0], [4, 27, 3, 11, 10, 5], [0, 3, 44, 9, 2, 2], [2, 3, 5, 48, 1, 1], [0, 3, 4, 2, 48, 3], [8, 8, 6, 6, 6, 26]]"
astra_session,w200_prefix,char3_5_tfidf_svm,simplify,paraphrase,360,18,0.6378127314661605,0.5524784356063948,0.7149035694694195,0.6472222222222223,"[[53, 2, 1, 4, 0, 0], [1, 23, 8, 18, 4, 6], [2, 3, 45, 7, 1, 2], [2, 3, 4, 49, 0, 2], [2, 6, 2, 6, 38, 6], [9, 7, 10, 8, 1, 25]]"
astra_session,w200_prefix,char3_5_tfidf_svm,simplify,modernize,360,18,0.6761373229448346,0.6095238472862002,0.7375781807722476,0.6888888888888889,"[[56, 2, 0, 2, 0, 0], [4, 23, 5, 15, 6, 7], [1, 2, 44, 10, 1, 2], [1, 2, 4, 51, 0, 2], [3, 4, 2, 1, 45, 5], [10, 7, 6, 3, 5, 29]]"
astra_session,w200_prefix,char3_5_tfidf_svm,simplify,simplify,360,18,0.6512312802032213,0.5738073323902547,0.7191013569512699,0.6638888888888889,"[[55, 1, 0, 3, 1, 0], [5, 22, 2, 14, 12, 5], [1, 4, 38, 10, 4, 3], [3, 3, 2, 50, 0, 2], [2, 5, 2, 2, 46, 3], [8, 9, 6, 4, 5, 28]]"
astra_session,w200_middle,shared_stylometry_nc,original,original,360,18,0.5237278061750101,0.43529384550083583,0.6058526471078087,0.5222222222222223,"[[36, 8, 3, 5, 0, 8], [15, 18, 3, 7, 5, 12], [6, 2, 41, 4, 1, 6], [8, 9, 8, 30, 0, 5], [2, 11, 1, 5, 34, 7], [9, 7, 6, 5, 4, 29]]"
astra_session,w200_middle,shared_stylometry_nc,original,paraphrase,360,18,0.4268491851914577,0.32702321453502003,0.5221465022161507,0.4305555555555556,"[[31, 10, 0, 12, 0, 7], [9, 20, 3, 7, 2, 19], [3, 4, 24, 14, 3, 12], [7, 5, 8, 29, 0, 11], [4, 12, 5, 5, 15, 19], [8, 7, 5, 4, 0, 36]]"
astra_session,w200_middle,shared_stylometry_nc,original,modernize,360,18,0.38166343483418724,0.2804782377325829,0.47364455720023485,0.39166666666666666,"[[34, 7, 0, 5, 2, 12], [12, 20, 2, 2, 3, 21], [4, 10, 19, 6, 3, 18], [15, 7, 5, 17, 1, 15], [5, 10, 2, 5, 12, 26], [8, 5, 4, 2, 2, 39]]"
astra_session,w200_middle,shared_stylometry_nc,original,simplify,360,18,0.3355392243274582,0.2642969671180073,0.4049757961677242,0.3527777777777778,"[[35, 8, 0, 4, 1, 12], [18, 16, 0, 0, 2, 24], [8, 7, 11, 5, 3, 26], [22, 9, 2, 11, 1, 15], [7, 11, 0, 2, 15, 25], [9, 5, 1, 3, 3, 39]]"
astra_session,w200_middle,shared_stylometry_nc,paraphrase,original,360,18,0.4345341568159482,0.36450043888096906,0.5008366232979168,0.44722222222222224,"[[28, 10, 4, 6, 8, 4], [4, 15, 5, 4, 29, 3], [0, 6, 35, 5, 9, 5], [13, 10, 10, 19, 6, 2], [2, 4, 4, 2, 47, 1], [4, 9, 7, 2, 21, 17]]"
astra_session,w200_middle,shared_stylometry_nc,paraphrase,paraphrase,360,18,0.46122737707902295,0.36568661093027266,0.5507468236142948,0.46111111111111114,"[[37, 8, 1, 6, 3, 5], [5, 21, 5, 10, 9, 10], [0, 3, 29, 13, 6, 9], [10, 6, 14, 24, 1, 5], [3, 10, 8, 6, 26, 7], [6, 11, 6, 4, 4, 29]]"
astra_session,w200_middle,shared_stylometry_nc,paraphrase,modernize,360,18,0.447324258917367,0.36595728849550246,0.5298536249281608,0.4527777777777778,"[[36, 8, 0, 2, 9, 5], [6, 22, 4, 5, 13, 10], [4, 2, 26, 6, 13, 9], [16, 8, 14, 17, 2, 3], [4, 6, 2, 5, 31, 12], [5, 10, 5, 3, 6, 31]]"
astra_session,w200_middle,shared_stylometry_nc,paraphrase,simplify,360,18,0.4127278901845178,0.32806519733051825,0.49334896601489253,0.4222222222222222,"[[36, 9, 0, 1, 8, 6], [5, 15, 4, 3, 22, 11], [2, 4, 23, 5, 15, 11], [15, 10, 10, 13, 8, 4], [3, 8, 2, 4, 34, 9], [8, 7, 2, 4, 8, 31]]"
astra_session,w200_middle,shared_stylometry_nc,modernize,original,360,18,0.4614878070108137,0.37911945543758097,0.542308342513821,0.46944444444444444,"[[26, 10, 3, 11, 6, 4], [3, 20, 4, 11, 18, 4], [0, 5, 33, 12, 7, 3], [6, 6, 11, 33, 2, 2], [5, 3, 3, 4, 41, 4], [6, 13, 4, 9, 12, 16]]"
astra_session,w200_middle,shared_stylometry_nc,modernize,paraphrase,360,18,0.4733824099347734,0.36521141746851704,0.5728500743411311,0.475,"[[34, 8, 2, 12, 1, 3], [4, 16, 7, 13, 9, 11], [0, 3, 31, 12, 5, 9], [6, 5, 8, 36, 0, 5], [2, 9, 8, 8, 23, 10], [5, 11, 6, 5, 2, 31]]"
astra_session,w200_middle,shared_stylometry_nc,modernize,modernize,360,18,0.4782560479920162,0.3956803761103278,0.5617659176096886,0.48055555555555557,"[[39, 5, 0, 5, 5, 6], [8, 19, 4, 9, 9, 11], [0, 3, 31, 8, 8, 10], [10, 7, 14, 25, 0, 4], [3, 8, 3, 8, 27, 11], [5, 9, 4, 6, 4, 32]]"
astra_session,w200_middle,shared_stylometry_nc,modernize,simplify,360,18,0.4758862242673307,0.39778167961108934,0.5538595144929911,0.48055555555555557,"[[41, 8, 0, 3, 3, 5], [7, 15, 3, 7, 15, 13], [1, 4, 30, 6, 9, 10], [16, 7, 8, 24, 3, 2], [3, 8, 3, 4, 33, 9], [8, 9, 3, 7, 3, 30]]"
astra_session,w200_middle,shared_stylometry_nc,simplify,original,360,18,0.46489654936836944,0.3713177110001786,0.551465587321261,0.4777777777777778,"[[23, 8, 8, 7, 6, 8], [4, 15, 9, 7, 18, 7], [0, 4, 43, 4, 5, 4], [7, 3, 17, 29, 0, 4], [1, 3, 6, 4, 42, 4], [4, 13, 12, 4, 7, 20]]"
astra_session,w200_middle,shared_stylometry_nc,simplify,paraphrase,360,18,0.47086808745090475,0.36744395562133003,0.5659738840489196,0.475,"[[29, 6, 1, 11, 2, 11], [4, 16, 6, 14, 8, 12], [0, 3, 33, 8, 4, 12], [5, 3, 5, 34, 0, 13], [1, 9, 8, 9, 20, 13], [3, 7, 6, 4, 1, 39]]"
astra_session,w200_middle,shared_stylometry_nc,simplify,modernize,360,18,0.4899100440896107,0.3979145427028581,0.5798537760762402,0.49166666666666664,"[[37, 8, 0, 3, 4, 8], [7, 18, 7, 7, 8, 13], [0, 2, 32, 8, 4, 14], [7, 6, 10, 29, 1, 7], [4, 5, 4, 8, 25, 14], [4, 9, 4, 4, 3, 36]]"
astra_session,w200_middle,shared_stylometry_nc,simplify,simplify,360,18,0.47031646745843875,0.39053216591996115,0.5496096187264096,0.4722222222222222,"[[36, 9, 1, 4, 3, 7], [6, 17, 5, 7, 13, 12], [1, 5, 33, 5, 5, 11], [12, 7, 8, 26, 1, 6], [5, 10, 4, 6, 24, 11], [7, 8, 3, 4, 4, 34]]"
astra_session,w200_middle,shared_function_words_nc,original,original,360,18,0.43467667187212217,0.3481215883888389,0.5179264536683228,0.4388888888888889,"[[36, 7, 1, 9, 1, 6], [8, 9, 3, 17, 7, 16], [3, 4, 35, 10, 1, 7], [9, 13, 9, 25, 1, 3], [6, 6, 3, 4, 24, 17], [10, 5, 3, 5, 8, 29]]"
astra_session,w200_middle,shared_function_words_nc,original,paraphrase,360,18,0.3888093291771843,0.3111874560415348,0.4658637821749174,0.3861111111111111,"[[35, 10, 1, 5, 3, 6], [7, 11, 5, 16, 8, 13], [0, 12, 19, 15, 7, 7], [9, 18, 5, 22, 4, 2], [4, 16, 1, 4, 21, 14], [10, 8, 4, 2, 5, 31]]"
astra_session,w200_middle,shared_function_words_nc,original,modernize,360,18,0.3835507082015745,0.3132241787506571,0.44902198673019345,0.3888888888888889,"[[41, 8, 0, 1, 1, 9], [11, 14, 2, 9, 6, 18], [2, 12, 14, 17, 6, 9], [12, 21, 3, 18, 2, 4], [6, 11, 1, 5, 21, 16], [8, 11, 3, 2, 4, 32]]"
astra_session,w200_middle,shared_function_words_nc,original,simplify,360,18,0.32837146960663327,0.2641690972952697,0.39173067692044783,0.3472222222222222,"[[42, 8, 0, 3, 2, 5], [12, 9, 2, 10, 9, 18], [3, 15, 7, 17, 8, 10], [14, 19, 1, 16, 6, 4], [5, 14, 0, 5, 18, 18], [9, 9, 1, 2, 6, 33]]"
astra_session,w200_middle,shared_function_words_nc,paraphrase,original,360,18,0.3863118196828148,0.3265843371558121,0.4454860686941866,0.4,"[[34, 6, 3, 4, 4, 9], [8, 10, 11, 9, 10, 12], [1, 2, 35, 10, 5, 7], [11, 12, 20, 13, 1, 3], [6, 5, 5, 4, 27, 13], [9, 4, 5, 2, 15, 25]]"
astra_session,w200_middle,shared_function_words_nc,paraphrase,paraphrase,360,18,0.4088135109750406,0.3366739696664428,0.48346070981817774,0.41944444444444445,"[[41, 5, 1, 3, 1, 9], [8, 13, 5, 13, 8, 13], [0, 3, 29, 14, 6, 8], [10, 11, 15, 17, 1, 6], [5, 8, 6, 6, 18, 17], [8, 5, 7, 3, 4, 33]]"
astra_session,w200_middle,shared_function_words_nc,paraphrase,modernize,360,18,0.3876451424992165,0.3218657708933614,0.4515170694453948,0.4027777777777778,"[[43, 6, 0, 1, 4, 6], [11, 10, 4, 13, 6, 16], [1, 5, 25, 11, 10, 8], [15, 12, 14, 14, 1, 4], [7, 8, 5, 6, 21, 13], [10, 4, 4, 2, 8, 32]]"
astra_session,w200_middle,shared_function_words_nc,paraphrase,simplify,360,18,0.41608708868235317,0.3558127550237693,0.47774448232035566,0.4305555555555556,"[[45, 5, 1, 1, 4, 4], [11, 12, 5, 10, 8, 14], [1, 3, 22, 10, 15, 9], [14, 13, 8, 17, 6, 2], [7, 9, 3, 4, 25, 12], [10, 4, 3, 2, 7, 34]]"
astra_session,w200_middle,shared_function_words_nc,modernize,original,360,18,0.38766639471433756,0.32703013950697757,0.4531136767211086,0.39444444444444443,"[[33, 6, 3, 6, 7, 5], [6, 9, 10, 12, 12, 11], [0, 3, 33, 13, 2, 9], [7, 13, 16, 20, 3, 1], [4, 6, 7, 4, 22, 17], [7, 6, 8, 2, 12, 25]]"
astra_session,w200_middle,shared_function_words_nc,modernize,paraphrase,360,18,0.415659708748235,0.34572667423239795,0.48678557563652525,0.4166666666666667,"[[37, 9, 2, 7, 1, 4], [4, 15, 5, 16, 7, 13], [0, 5, 28, 15, 4, 8], [9, 12, 13, 22, 2, 2], [5, 14, 5, 4, 18, 14], [6, 8, 7, 3, 6, 30]]"
astra_session,w200_middle,shared_function_words_nc,modernize,modernize,360,18,0.39827789293330906,0.3354498046059603,0.4594916445692841,0.4083333333333333,"[[41, 4, 2, 3, 6, 4], [9, 11, 6, 13, 4, 17], [0, 6, 25, 12, 9, 8], [13, 10, 12, 18, 4, 3], [6, 7, 6, 6, 22, 13], [10, 8, 5, 3, 4, 30]]"
astra_session,w200_middle,shared_function_words_nc,modernize,simplify,360,18,0.4287565969384151,0.3704536836371808,0.48714875845844435,0.43333333333333335,"[[39, 5, 2, 4, 7, 3], [10, 12, 4, 14, 7, 13], [0, 7, 27, 11, 8, 7], [10, 12, 7, 23, 6, 2], [5, 8, 4, 5, 24, 14], [8, 8, 4, 4, 5, 31]]"
astra_session,w200_middle,shared_function_words_nc,simplify,original,360,18,0.3765373955257536,0.31859712318066263,0.4333062429288383,0.39444444444444443,"[[28, 6, 3, 4, 11, 8], [6, 4, 13, 10, 12, 15], [0, 1, 40, 6, 2, 11], [7, 9, 20, 19, 2, 3], [5, 6, 7, 5, 22, 15], [5, 5, 7, 2, 12, 29]]"
astra_session,w200_middle,shared_function_words_nc,simplify,paraphrase,360,18,0.41374236976371054,0.35001074831913365,0.47708892200949526,0.41944444444444445,"[[35, 8, 1, 7, 2, 7], [5, 11, 9, 14, 6, 15], [0, 5, 26, 14, 3, 12], [8, 11, 13, 23, 2, 3], [3, 8, 7, 7, 19, 16], [4, 5, 7, 2, 5, 37]]"
astra_session,w200_middle,shared_function_words_nc,simplify,modernize,360,18,0.39747044194645137,0.3379454800881482,0.45720157842346715,0.4027777777777778,"[[40, 6, 1, 2, 5, 6], [7, 11, 8, 14, 2, 18], [0, 8, 24, 13, 4, 11], [10, 14, 11, 21, 2, 2], [5, 10, 7, 5, 17, 16], [4, 10, 7, 2, 5, 32]]"
astra_session,w200_middle,shared_function_words_nc,simplify,simplify,360,18,0.4094205124915591,0.3525486558510486,0.46895809717979936,0.4166666666666667,"[[41, 6, 1, 3, 5, 4], [8, 8, 6, 14, 9, 15], [0, 6, 28, 12, 5, 9], [9, 12, 7, 24, 5, 3], [5, 14, 3, 6, 17, 15], [6, 7, 6, 4, 5, 32]]"
astra_session,w200_middle,char3_5_tfidf_svm,original,original,360,18,0.7303042002880257,0.6569221992006846,0.7964779384213707,0.7388888888888889,"[[54, 2, 2, 2, 0, 0], [4, 26, 5, 10, 11, 4], [2, 2, 45, 6, 2, 3], [1, 2, 2, 54, 1, 0], [1, 4, 3, 2, 46, 4], [4, 0, 4, 3, 8, 41]]"
astra_session,w200_middle,char3_5_tfidf_svm,original,paraphrase,360,18,0.6212190722639958,0.5169464946604255,0.7035033495177331,0.625,"[[47, 3, 0, 10, 0, 0], [2, 21, 6, 20, 4, 7], [3, 1, 37, 14, 3, 2], [0, 0, 3, 55, 0, 2], [1, 2, 7, 13, 35, 2], [7, 3, 5, 13, 2, 30]]"
astra_session,w200_middle,char3_5_tfidf_svm,original,modernize,360,18,0.6442949349988316,0.5681967550249412,0.7170246397898593,0.6555555555555556,"[[52, 3, 0, 3, 0, 2], [3, 20, 3, 17, 8, 9], [3, 0, 32, 11, 5, 9], [0, 3, 0, 55, 0, 2], [1, 3, 3, 4, 42, 7], [3, 3, 3, 9, 7, 35]]"
astra_session,w200_middle,char3_5_tfidf_svm,original,simplify,360,18,0.5844408583470854,0.5025756361904691,0.6639515111104108,0.6055555555555555,"[[53, 1, 0, 3, 2, 1], [5, 13, 1, 11, 18, 12], [2, 1, 25, 12, 7, 13], [3, 2, 1, 46, 3, 5], [1, 4, 1, 1, 43, 10], [9, 2, 3, 2, 6, 38]]"
astra_session,w200_middle,char3_5_tfidf_svm,paraphrase,original,360,18,0.6374877370695853,0.5695361660109282,0.703159354010704,0.6527777777777778,"[[48, 3, 2, 2, 4, 1], [2, 17, 5, 7, 27, 2], [2, 4, 40, 5, 4, 5], [2, 4, 2, 48, 4, 0], [1, 0, 2, 1, 56, 0], [3, 5, 6, 5, 15, 26]]"
astra_session,w200_middle,char3_5_tfidf_svm,paraphrase,paraphrase,360,18,0.6461539587026284,0.5768570993007258,0.7136133332584683,0.6638888888888889,"[[53, 2, 0, 4, 0, 1], [5, 19, 4, 12, 15, 5], [5, 2, 37, 9, 3, 4], [1, 2, 3, 54, 0, 0], [2, 3, 2, 5, 47, 1], [8, 4, 6, 6, 7, 29]]"
astra_session,w200_middle,char3_5_tfidf_svm,paraphrase,modernize,360,18,0.6566873326513342,0.5824870783135554,0.726339734503212,0.6666666666666666,"[[50, 0, 0, 2, 8, 0], [2, 22, 3, 5, 23, 5], [3, 2, 33, 5, 12, 5], [1, 2, 3, 53, 0, 1], [2, 1, 1, 2, 51, 3], [2, 8, 5, 7, 7, 31]]"
astra_session,w200_middle,char3_5_tfidf_svm,paraphrase,simplify,360,18,0.6235360490039309,0.5505817763793198,0.6933719499844396,0.6361111111111111,"[[50, 0, 0, 2, 8, 0], [4, 17, 2, 5, 27, 5], [1, 2, 33, 8, 12, 4], [5, 1, 2, 47, 2, 3], [2, 3, 1, 1, 53, 0], [3, 6, 4, 6, 12, 29]]"
astra_session,w200_middle,char3_5_tfidf_svm,modernize,original,360,18,0.6575838963555122,0.590457275659334,0.7241639493899868,0.675,"[[52, 2, 2, 3, 1, 0], [6, 23, 6, 12, 10, 3], [2, 2, 40, 6, 4, 6], [1, 3, 3, 52, 0, 1], [1, 3, 3, 1, 52, 0], [8, 7, 7, 7, 7, 24]]"
astra_session,w200_middle,char3_5_tfidf_svm,modernize,paraphrase,360,18,0.6358944958531195,0.5657086746051099,0.7012443052884336,0.65,"[[54, 2, 1, 3, 0, 0], [3, 21, 2, 21, 7, 6], [2, 3, 41, 9, 1, 4], [1, 2, 4, 52, 1, 0], [1, 5, 6, 5, 41, 2], [11, 5, 7, 7, 5, 25]]"
astra_session,w200_middle,char3_5_tfidf_svm,modernize,modernize,360,18,0.6769689287119834,0.6058807247050939,0.7450579120914222,0.6916666666666667,"[[57, 0, 0, 2, 1, 0], [5, 21, 2, 16, 11, 5], [1, 1, 41, 9, 4, 4], [1, 2, 2, 54, 1, 0], [2, 5, 2, 2, 47, 2], [2, 9, 6, 6, 8, 29]]"
astra_session,w200_middle,char3_5_tfidf_svm,modernize,simplify,360,18,0.6140483934960937,0.5410350310058217,0.6841453046918066,0.6388888888888888,"[[55, 0, 0, 2, 3, 0], [6, 15, 2, 13, 19, 5], [2, 3, 36, 6, 6, 7], [4, 1, 1, 51, 2, 1], [2, 4, 3, 2, 49, 0], [12, 5, 4, 9, 6, 24]]"
astra_session,w200_middle,char3_5_tfidf_svm,simplify,original,360,18,0.6290257238842076,0.5595594940938389,0.6946225824487244,0.6444444444444445,"[[53, 2, 2, 3, 0, 0], [7, 18, 6, 14, 11, 4], [3, 2, 44, 6, 2, 3], [2, 4, 7, 45, 0, 2], [0, 3, 8, 3, 45, 1], [7, 7, 8, 5, 6, 27]]"
astra_session,w200_middle,char3_5_tfidf_svm,simplify,paraphrase,360,18,0.6388262664397503,0.5523738023887208,0.7191374391790865,0.6527777777777778,"[[55, 1, 1, 3, 0, 0], [1, 22, 5, 17, 8, 7], [2, 3, 44, 6, 2, 3], [1, 1, 4, 52, 1, 1], [0, 6, 7, 6, 38, 3], [8, 6, 9, 11, 2, 24]]"
astra_session,w200_middle,char3_5_tfidf_svm,simplify,modernize,360,18,0.6742726174802182,0.6032765427092736,0.7453598735689853,0.6861111111111111,"[[55, 2, 1, 2, 0, 0], [3, 23, 5, 16, 9, 4], [1, 2, 44, 6, 2, 5], [1, 2, 2, 55, 0, 0], [1, 5, 8, 2, 42, 2], [2, 10, 9, 7, 4, 28]]"
astra_session,w200_middle,char3_5_tfidf_svm,simplify,simplify,360,18,0.6583400280722659,0.5799261657891616,0.7332016382046972,0.6777777777777778,"[[55, 0, 1, 4, 0, 0], [5, 19, 5, 11, 15, 5], [3, 2, 42, 4, 3, 6], [3, 0, 2, 54, 0, 1], [1, 5, 5, 1, 47, 1], [5, 8, 7, 9, 4, 27]]"
astra_session,w200_suffix,shared_stylometry_nc,original,original,360,18,0.5199817593364412,0.4269106414256457,0.6089488691133511,0.5222222222222223,"[[38, 6, 2, 9, 1, 4], [9, 16, 7, 4, 9, 15], [2, 6, 40, 3, 2, 7], [8, 3, 9, 37, 0, 3], [0, 11, 3, 2, 36, 8], [5, 15, 7, 3, 9, 21]]"
astra_session,w200_suffix,shared_stylometry_nc,original,paraphrase,360,18,0.43410314891195,0.30867232972832465,0.5435444777945537,0.43333333333333335,"[[24, 2, 2, 15, 0, 17], [4, 17, 3, 9, 4, 23], [2, 1, 30, 11, 3, 13], [4, 3, 11, 32, 0, 10], [1, 15, 4, 5, 18, 17], [4, 9, 7, 4, 1, 35]]"
astra_session,w200_suffix,shared_stylometry_nc,original,modernize,360,18,0.4026728852624577,0.29474531716179514,0.5019827151275352,0.4027777777777778,"[[23, 5, 1, 13, 2, 16], [3, 13, 3, 4, 7, 30], [3, 3, 22, 7, 3, 22], [10, 3, 7, 30, 1, 9], [1, 11, 4, 3, 18, 23], [0, 11, 5, 1, 4, 39]]"
astra_session,w200_suffix,shared_stylometry_nc,original,simplify,360,18,0.3948414469873247,0.28341829022725235,0.4983710289755585,0.3972222222222222,"[[28, 2, 0, 5, 3, 22], [3, 12, 2, 2, 9, 32], [2, 4, 13, 9, 8, 24], [12, 3, 5, 27, 1, 12], [1, 10, 1, 1, 21, 26], [2, 10, 1, 1, 4, 42]]"
astra_session,w200_suffix,shared_stylometry_nc,paraphrase,original,360,18,0.4055856729201626,0.3309443769096649,0.4839168126489528,0.42777777777777776,"[[23, 11, 4, 7, 13, 2], [1, 18, 7, 3, 25, 6], [2, 7, 39, 6, 4, 2], [9, 11, 13, 20, 5, 2], [0, 8, 3, 1, 47, 1], [2, 18, 12, 1, 20, 7]]"
astra_session,w200_suffix,shared_stylometry_nc,paraphrase,paraphrase,360,18,0.46679021616521194,0.37155940224716133,0.5580927421572592,0.4666666666666667,"[[36, 3, 4, 12, 2, 3], [6, 20, 3, 6, 15, 10], [0, 3, 32, 9, 7, 9], [13, 4, 9, 29, 1, 4], [1, 13, 8, 3, 25, 10], [2, 17, 7, 1, 7, 26]]"
astra_session,w200_suffix,shared_stylometry_nc,paraphrase,modernize,360,18,0.427634260028144,0.34772618027054203,0.5076972620944136,0.43333333333333335,"[[36, 3, 2, 8, 7, 4], [5, 15, 3, 4, 18, 15], [5, 3, 25, 7, 10, 10], [17, 7, 11, 20, 1, 4], [1, 9, 7, 0, 35, 8], [3, 14, 7, 0, 11, 25]]"
astra_session,w200_suffix,shared_stylometry_nc,paraphrase,simplify,360,18,0.443381264534062,0.35277415997098027,0.5279566900635367,0.4527777777777778,"[[36, 4, 0, 6, 8, 6], [5, 18, 2, 3, 20, 12], [4, 4, 17, 5, 17, 13], [17, 7, 7, 22, 4, 3], [1, 9, 3, 0, 43, 4], [4, 13, 4, 0, 12, 27]]"
astra_session,w200_suffix,shared_stylometry_nc,modernize,original,360,18,0.4562623657021894,0.3815306623119779,0.5333674713760527,0.4777777777777778,"[[28, 4, 5, 13, 8, 2], [3, 19, 10, 3, 19, 6], [1, 4, 39, 9, 5, 2], [4, 8, 10, 34, 2, 2], [0, 6, 6, 1, 45, 2], [5, 21, 11, 2, 14, 7]]"
astra_session,w200_suffix,shared_stylometry_nc,modernize,paraphrase,360,18,0.48151068672496206,0.3857924217588525,0.5740736574950792,0.48333333333333334,"[[31, 2, 5, 16, 1, 5], [5, 19, 6, 9, 9, 12], [0, 2, 34, 12, 5, 7], [6, 2, 8, 37, 0, 7], [2, 10, 9, 5, 24, 10], [2, 13, 7, 4, 5, 29]]"
astra_session,w200_suffix,shared_stylometry_nc,modernize,modernize,360,18,0.4330717486167977,0.3490801512731641,0.5160189332783733,0.43333333333333335,"[[33, 3, 5, 11, 4, 4], [4, 15, 6, 6, 15, 14], [2, 3, 27, 9, 8, 11], [10, 4, 10, 30, 0, 6], [2, 10, 9, 1, 27, 11], [3, 13, 8, 1, 11, 24]]"
astra_session,w200_suffix,shared_stylometry_nc,modernize,simplify,360,18,0.4687713517956236,0.3889526907538417,0.547025262651935,0.4722222222222222,"[[40, 2, 1, 7, 6, 4], [4, 18, 3, 6, 17, 12], [2, 3, 23, 9, 13, 10], [14, 4, 7, 27, 3, 5], [2, 10, 5, 1, 35, 7], [3, 15, 4, 1, 10, 27]]"
astra_session,w200_suffix,shared_stylometry_nc,simplify,original,360,18,0.4692687961637656,0.38777908714307835,0.55151841652964,0.48055555555555557,"[[31, 5, 6, 13, 2, 3], [3, 20, 10, 3, 17, 7], [0, 4, 43, 5, 5, 3], [5, 7, 14, 29, 1, 4], [1, 7, 10, 1, 39, 2], [3, 21, 13, 2, 10, 11]]"
astra_session,w200_suffix,shared_stylometry_nc,simplify,paraphrase,360,18,0.4535657058158981,0.35367034619991927,0.5479182101135983,0.45555555555555555,"[[27, 3, 5, 17, 1, 7], [4, 19, 5, 7, 7, 18], [0, 2, 33, 11, 4, 10], [6, 2, 7, 35, 0, 10], [2, 12, 13, 5, 19, 9], [2, 15, 5, 3, 4, 31]]"
astra_session,w200_suffix,shared_stylometry_nc,simplify,modernize,360,18,0.4327887818598321,0.3474899005206775,0.5168807176726058,0.43333333333333335,"[[28, 6, 6, 12, 2, 6], [4, 13, 5, 5, 16, 17], [1, 3, 30, 9, 6, 11], [8, 5, 11, 30, 0, 6], [1, 9, 9, 4, 24, 13], [1, 14, 4, 1, 9, 31]]"
astra_session,w200_suffix,shared_stylometry_nc,simplify,simplify,360,18,0.45354337641489345,0.36970441962516515,0.5325930151750192,0.4527777777777778,"[[37, 4, 1, 8, 2, 8], [5, 15, 3, 4, 17, 16], [1, 2, 28, 9, 9, 11], [11, 3, 10, 29, 0, 7], [3, 11, 5, 3, 29, 9], [3, 17, 5, 1, 9, 25]]"
astra_session,w200_suffix,shared_function_words_nc,original,original,360,18,0.4830753058699075,0.408925686442759,0.5546904028149043,0.48333333333333334,"[[38, 4, 1, 9, 1, 7], [6, 12, 6, 7, 8, 21], [3, 6, 37, 6, 3, 5], [7, 11, 7, 30, 1, 4], [0, 6, 3, 6, 37, 8], [10, 16, 4, 4, 6, 20]]"
astra_session,w200_suffix,shared_function_words_nc,original,paraphrase,360,18,0.3962488657873935,0.31564496401503517,0.47627320811506585,0.3888888888888889,"[[31, 4, 0, 11, 1, 13], [4, 9, 5, 9, 8, 25], [0, 8, 22, 13, 5, 12], [5, 11, 6, 29, 5, 4], [3, 14, 3, 6, 23, 11], [4, 16, 2, 3, 9, 26]]"
astra_session,w200_suffix,shared_function_words_nc,original,modernize,360,18,0.388020268437326,0.3051851946793641,0.4685195311422255,0.3888888888888889,"[[33, 2, 1, 9, 2, 13], [6, 8, 2, 7, 10, 27], [1, 10, 16, 11, 11, 11], [10, 10, 3, 26, 6, 5], [3, 10, 1, 5, 28, 13], [3, 14, 1, 5, 8, 29]]"
astra_session,w200_suffix,shared_function_words_nc,original,simplify,360,18,0.36465644696522315,0.2831973768320264,0.4431862602799887,0.37222222222222223,"[[35, 3, 0, 7, 3, 12], [4, 6, 0, 8, 11, 31], [2, 10, 10, 8, 13, 17], [11, 9, 2, 25, 7, 6], [2, 13, 0, 4, 27, 14], [4, 13, 1, 4, 7, 31]]"
astra_session,w200_suffix,shared_function_words_nc,paraphrase,original,360,18,0.43294062358333657,0.36068635534158616,0.5074656725444782,0.44166666666666665,"[[35, 3, 4, 11, 2, 5], [3, 14, 10, 8, 7, 18], [2, 5, 39, 5, 4, 5], [12, 9, 17, 16, 3, 3], [2, 10, 7, 2, 33, 6], [10, 11, 5, 3, 9, 22]]"
astra_session,w200_suffix,shared_function_words_nc,paraphrase,paraphrase,360,18,0.4261690613525151,0.35408794030566293,0.49784369976126425,0.42777777777777776,"[[36, 2, 0, 10, 3, 9], [3, 13, 6, 13, 9, 16], [0, 5, 33, 9, 5, 8], [10, 9, 10, 23, 4, 4], [3, 13, 8, 6, 22, 8], [6, 11, 7, 4, 5, 27]]"
astra_session,w200_suffix,shared_function_words_nc,paraphrase,modernize,360,18,0.40250077586672656,0.319762559463233,0.4836588097666085,0.4083333333333333,"[[40, 2, 0, 8, 4, 6], [7, 12, 4, 11, 6, 20], [2, 6, 21, 11, 11, 9], [15, 12, 8, 18, 4, 3], [3, 10, 6, 4, 29, 8], [7, 12, 3, 4, 7, 27]]"
astra_session,w200_suffix,shared_function_words_nc,paraphrase,simplify,360,18,0.3572907386162452,0.28670873514760414,0.42684929505101954,0.36666666666666664,"[[40, 5, 0, 7, 4, 4], [8, 6, 2, 10, 11, 23], [4, 3, 18, 8, 13, 14], [16, 10, 5, 20, 5, 4], [4, 13, 3, 7, 22, 11], [8, 10, 4, 3, 9, 26]]"
astra_session,w200_suffix,shared_function_words_nc,modernize,original,360,18,0.42463620661654594,0.3518756980753435,0.49657307902570247,0.43333333333333335,"[[33, 3, 4, 9, 4, 7], [5, 9, 9, 7, 12, 18], [1, 5, 33, 9, 4, 8], [10, 7, 12, 23, 3, 5], [2, 7, 7, 2, 34, 8], [8, 8, 6, 3, 11, 24]]"
astra_session,w200_suffix,shared_function_words_nc,modernize,paraphrase,360,18,0.41554342653872234,0.339989359953103,0.4902945226054694,0.4166666666666667,"[[29, 7, 1, 12, 4, 7], [4, 10, 6, 11, 10, 19], [1, 6, 28, 14, 4, 7], [8, 6, 9, 29, 4, 4], [3, 10, 7, 6, 23, 11], [3, 13, 4, 4, 5, 31]]"
astra_session,w200_suffix,shared_function_words_nc,modernize,modernize,360,18,0.40377445914404353,0.3298205888262963,0.47717712583313043,0.4083333333333333,"[[33, 3, 1, 10, 4, 9], [6, 10, 6, 9, 8, 21], [1, 3, 25, 12, 9, 10], [10, 7, 8, 24, 5, 6], [4, 13, 5, 6, 23, 9], [4, 8, 4, 3, 9, 32]]"
astra_session,w200_suffix,shared_function_words_nc,modernize,simplify,360,18,0.386955825814247,0.3200307107082419,0.4554453410897307,0.39166666666666666,"[[34, 5, 2, 9, 4, 6], [6, 7, 2, 10, 12, 23], [2, 2, 27, 8, 10, 11], [12, 8, 9, 23, 5, 3], [4, 10, 5, 7, 25, 9], [6, 11, 4, 5, 9, 25]]"
astra_session,w200_suffix,shared_function_words_nc,simplify,original,360,18,0.41689804451190077,0.33580848333569946,0.49735767671179065,0.4222222222222222,"[[30, 4, 4, 11, 5, 6], [4, 11, 10, 8, 10, 17], [1, 5, 38, 4, 3, 9], [10, 7, 13, 21, 3, 6], [2, 7, 8, 3, 29, 11], [8, 14, 4, 2, 9, 23]]"
astra_session,w200_suffix,shared_function_words_nc,simplify,paraphrase,360,18,0.4276440343137258,0.3581468437019007,0.4971116956010417,0.42777777777777776,"[[27, 8, 1, 15, 2, 7], [3, 10, 5, 9, 11, 22], [0, 4, 34, 7, 6, 9], [8, 7, 9, 26, 3, 7], [3, 12, 8, 4, 25, 8], [3, 13, 3, 5, 4, 32]]"
astra_session,w200_suffix,shared_function_words_nc,simplify,modernize,360,18,0.4072051005818878,0.33937493827921117,0.47399729711408434,0.4083333333333333,"[[30, 7, 2, 11, 4, 6], [6, 10, 7, 9, 7, 21], [1, 3, 29, 9, 8, 10], [8, 8, 10, 25, 4, 5], [2, 9, 8, 6, 25, 10], [4, 13, 4, 3, 8, 28]]"
astra_session,w200_suffix,shared_function_words_nc,simplify,simplify,360,18,0.36374333840925116,0.30057365377335293,0.4281853562651607,0.3638888888888889,"[[31, 6, 0, 11, 4, 8], [4, 8, 5, 10, 11, 22], [1, 4, 22, 12, 8, 13], [9, 10, 10, 23, 4, 4], [4, 8, 5, 9, 24, 10], [7, 14, 5, 3, 8, 23]]"
astra_session,w200_suffix,char3_5_tfidf_svm,original,original,360,18,0.757717767701697,0.6743364850421837,0.8270220714879909,0.775,"[[56, 0, 0, 2, 1, 1], [9, 20, 4, 9, 11, 7], [0, 1, 52, 2, 3, 2], [3, 0, 3, 54, 0, 0], [0, 0, 4, 1, 51, 4], [3, 1, 0, 3, 7, 46]]"
astra_session,w200_suffix,char3_5_tfidf_svm,original,paraphrase,360,18,0.5787931409673929,0.48273449708898913,0.6573332390682773,0.5888888888888889,"[[48, 0, 0, 12, 0, 0], [4, 17, 9, 16, 6, 8], [0, 2, 36, 12, 3, 7], [2, 1, 4, 52, 1, 0], [0, 5, 4, 13, 35, 3], [5, 7, 9, 12, 3, 24]]"
astra_session,w200_suffix,char3_5_tfidf_svm,original,modernize,360,18,0.6028808237168591,0.5010551878706939,0.6943118234446212,0.6111111111111112,"[[50, 1, 0, 6, 2, 1], [4, 19, 1, 12, 10, 14], [1, 0, 30, 11, 8, 10], [4, 0, 2, 50, 1, 3], [0, 4, 1, 9, 39, 7], [4, 4, 1, 9, 10, 32]]"
astra_session,w200_suffix,char3_5_tfidf_svm,original,simplify,360,18,0.5734827659338854,0.4832993806438381,0.6612159609710709,0.5888888888888889,"[[48, 0, 0, 7, 4, 1], [5, 17, 1, 8, 12, 17], [2, 2, 21, 11, 10, 14], [5, 1, 2, 47, 1, 4], [0, 5, 1, 4, 39, 11], [5, 3, 0, 7, 5, 40]]"
astra_session,w200_suffix,char3_5_tfidf_svm,paraphrase,original,360,18,0.6324106025327745,0.5568311099453231,0.7035032070366314,0.6555555555555556,"[[54, 1, 1, 1, 3, 0], [3, 28, 3, 5, 20, 1], [1, 4, 39, 6, 5, 5], [7, 2, 4, 46, 1, 0], [0, 0, 2, 2, 55, 1], [6, 12, 5, 4, 19, 14]]"
astra_session,w200_suffix,char3_5_tfidf_svm,paraphrase,paraphrase,360,18,0.66548983784577,0.5665695517596719,0.7569912867379679,0.6777777777777778,"[[57, 0, 1, 2, 0, 0], [5, 27, 3, 10, 12, 3], [0, 3, 39, 7, 5, 6], [2, 2, 5, 51, 0, 0], [2, 4, 5, 4, 44, 1], [6, 9, 5, 10, 4, 26]]"
astra_session,w200_suffix,char3_5_tfidf_svm,paraphrase,modernize,360,18,0.6492087414321915,0.5625623144065348,0.7278030251506273,0.6611111111111111,"[[52, 1, 0, 2, 5, 0], [4, 22, 3, 4, 22, 5], [0, 1, 37, 5, 9, 8], [7, 0, 1, 48, 2, 2], [0, 2, 2, 2, 53, 1], [6, 9, 4, 3, 12, 26]]"
astra_session,w200_suffix,char3_5_tfidf_svm,paraphrase,simplify,360,18,0.5950491147571139,0.5117704762311115,0.6693577677304126,0.6138888888888889,"[[53, 1, 0, 0, 4, 2], [5, 19, 1, 5, 26, 4], [0, 3, 28, 8, 15, 6], [7, 1, 1, 46, 4, 1], [0, 1, 2, 1, 55, 1], [5, 13, 2, 7, 13, 20]]"
astra_session,w200_suffix,char3_5_tfidf_svm,modernize,original,360,18,0.6436860522776593,0.5768540850369217,0.7096502205241115,0.6666666666666666,"[[53, 0, 0, 6, 1, 0], [8, 25, 2, 11, 12, 2], [0, 3, 47, 4, 3, 3], [6, 2, 5, 45, 0, 2], [0, 1, 2, 4, 53, 0], [12, 10, 7, 6, 8, 17]]"
astra_session,w200_suffix,char3_5_tfidf_svm,modernize,paraphrase,360,18,0.6393202489915945,0.5522387140282473,0.7187850381027922,0.6472222222222223,"[[52, 0, 0, 8, 0, 0], [3, 30, 4, 14, 6, 3], [1, 4, 38, 11, 3, 3], [2, 2, 5, 51, 0, 0], [0, 4, 4, 10, 40, 2], [9, 11, 9, 7, 2, 22]]"
astra_session,w200_suffix,char3_5_tfidf_svm,modernize,modernize,360,18,0.633874384698411,0.5600962413470475,0.7046484389333008,0.65,"[[53, 1, 0, 4, 2, 0], [7, 21, 5, 12, 11, 4], [1, 3, 36, 9, 7, 4], [4, 2, 3, 51, 0, 0], [0, 1, 3, 7, 48, 1], [6, 11, 5, 5, 8, 25]]"
astra_session,w200_suffix,char3_5_tfidf_svm,modernize,simplify,360,18,0.5922858898851101,0.5180575087016858,0.6635237975344308,0.6166666666666667,"[[56, 0, 0, 3, 1, 0], [8, 18, 5, 7, 16, 6], [0, 5, 29, 10, 12, 4], [6, 1, 3, 48, 2, 0], [1, 2, 2, 2, 50, 3], [8, 11, 3, 10, 7, 21]]"
astra_session,w200_suffix,char3_5_tfidf_svm,simplify,original,360,18,0.648839332172135,0.5838732591869167,0.713847371087244,0.6666666666666666,"[[52, 2, 1, 4, 0, 1], [7, 23, 8, 9, 10, 3], [0, 2, 46, 5, 4, 3], [4, 2, 7, 46, 0, 1], [1, 2, 3, 3, 51, 0], [9, 10, 6, 6, 7, 22]]"
astra_session,w200_suffix,char3_5_tfidf_svm,simplify,paraphrase,360,18,0.595378549984092,0.49633004373357276,0.6835026624930042,0.6055555555555555,"[[47, 1, 0, 11, 0, 1], [4, 25, 7, 15, 7, 2], [0, 3, 36, 14, 4, 3], [1, 2, 4, 53, 0, 0], [1, 6, 6, 9, 38, 0], [9, 12, 8, 10, 2, 19]]"
astra_session,w200_suffix,char3_5_tfidf_svm,simplify,modernize,360,18,0.6276916080955155,0.5553002946382385,0.6976978706799218,0.6444444444444445,"[[53, 0, 0, 5, 1, 1], [7, 21, 4, 11, 11, 6], [1, 2, 40, 8, 5, 4], [2, 2, 3, 52, 0, 1], [0, 4, 5, 7, 43, 1], [9, 11, 6, 6, 5, 23]]"
astra_session,w200_suffix,char3_5_tfidf_svm,simplify,simplify,360,18,0.6341078614541397,0.5481262768448977,0.7145519157716889,0.6472222222222223,"[[55, 0, 0, 2, 1, 2], [3, 26, 3, 9, 14, 5], [1, 2, 35, 9, 7, 6], [5, 2, 4, 49, 0, 0], [2, 5, 3, 4, 44, 2], [9, 8, 3, 10, 6, 24]]"
astra_session,matched300_full,shared_stylometry_nc,original,original,360,18,0.6349380989380989,0.5495884668476635,0.7181705466786275,0.6361111111111111,"[[50, 5, 1, 2, 0, 2], [7, 26, 3, 4, 8, 12], [1, 5, 49, 0, 1, 4], [4, 6, 7, 41, 0, 2], [1, 10, 1, 4, 35, 9], [2, 13, 5, 6, 6, 28]]"
astra_session,matched300_full,shared_stylometry_nc,original,paraphrase,360,18,0.489385367924164,0.3715249469883882,0.5956109788045999,0.48333333333333334,"[[33, 7, 0, 15, 0, 5], [4, 20, 2, 3, 2, 29], [0, 3, 32, 8, 3, 14], [4, 1, 7, 36, 0, 12], [2, 12, 2, 7, 17, 20], [1, 14, 3, 5, 1, 36]]"
astra_session,matched300_full,shared_stylometry_nc,original,modernize,360,18,0.45608007774742804,0.3409966634126936,0.5574373540026146,0.45,"[[36, 7, 0, 5, 1, 11], [6, 17, 1, 3, 5, 28], [1, 5, 22, 7, 3, 22], [7, 3, 5, 27, 0, 18], [2, 10, 1, 3, 18, 26], [0, 10, 2, 1, 5, 42]]"
astra_session,matched300_full,shared_stylometry_nc,original,simplify,360,18,0.4144793456060878,0.29825378514201795,0.5182241087388878,0.41388888888888886,"[[36, 5, 0, 1, 3, 15], [4, 14, 0, 1, 10, 31], [0, 7, 12, 7, 6, 28], [10, 4, 1, 26, 1, 18], [2, 11, 0, 2, 18, 27], [1, 11, 0, 1, 4, 43]]"
astra_session,matched300_full,shared_stylometry_nc,paraphrase,original,360,18,0.5469843747902914,0.4631490989593014,0.624462651226952,0.5555555555555556,"[[39, 6, 0, 2, 12, 1], [3, 23, 2, 1, 28, 3], [0, 5, 44, 3, 6, 2], [7, 8, 3, 32, 9, 1], [0, 6, 2, 1, 51, 0], [2, 14, 5, 3, 25, 11]]"
astra_session,matched300_full,shared_stylometry_nc,paraphrase,paraphrase,360,18,0.5786379613195635,0.4704265497557687,0.6742698554375055,0.5805555555555556,"[[50, 4, 1, 3, 0, 2], [4, 22, 7, 5, 10, 12], [0, 3, 38, 4, 5, 10], [3, 5, 9, 39, 1, 3], [2, 10, 6, 6, 28, 8], [4, 14, 5, 2, 3, 32]]"
astra_session,matched300_full,shared_stylometry_nc,paraphrase,modernize,360,18,0.5376373139531033,0.45580952745661674,0.6185366416728378,0.5388888888888889,"[[44, 4, 0, 3, 6, 3], [5, 22, 5, 2, 13, 13], [0, 2, 35, 4, 7, 12], [12, 12, 8, 24, 2, 2], [2, 10, 2, 2, 35, 9], [3, 11, 4, 1, 7, 34]]"
astra_session,matched300_full,shared_stylometry_nc,paraphrase,simplify,360,18,0.5142562676178649,0.4193573986616818,0.600131129533658,0.5222222222222223,"[[48, 4, 0, 1, 6, 1], [5, 21, 2, 1, 18, 13], [1, 4, 23, 4, 16, 12], [15, 14, 3, 21, 6, 1], [2, 7, 1, 1, 44, 5], [6, 12, 1, 1, 9, 31]]"
astra_session,matched300_full,shared_stylometry_nc,modernize,original,360,18,0.5484317013439226,0.46554076483117945,0.6327894599343703,0.5638888888888889,"[[41, 3, 1, 7, 7, 1], [4, 24, 5, 5, 17, 5], [0, 5, 37, 12, 3, 3], [3, 4, 4, 44, 4, 1], [2, 6, 2, 3, 45, 2], [4, 17, 5, 8, 14, 12]]"
astra_session,matched300_full,shared_stylometry_nc,modernize,paraphrase,360,18,0.5638459067032184,0.45002381973859673,0.6628774000809394,0.5638888888888889,"[[43, 4, 1, 9, 1, 2], [4, 22, 7, 6, 8, 13], [0, 2, 37, 7, 4, 10], [2, 3, 5, 43, 0, 7], [1, 9, 7, 7, 27, 9], [3, 16, 5, 3, 2, 31]]"
astra_session,matched300_full,shared_stylometry_nc,modernize,modernize,360,18,0.569145141482117,0.48089539319529057,0.6537261398549127,0.5694444444444444,"[[43, 5, 0, 6, 3, 3], [6, 22, 6, 6, 9, 11], [0, 2, 41, 3, 4, 10], [6, 5, 5, 38, 1, 5], [2, 7, 3, 4, 31, 13], [4, 12, 6, 2, 6, 30]]"
astra_session,matched300_full,shared_stylometry_nc,modernize,simplify,360,18,0.5512172336695075,0.46174929502544515,0.6335570930426232,0.5527777777777778,"[[46, 5, 0, 3, 5, 1], [7, 21, 4, 5, 14, 9], [0, 5, 33, 5, 6, 11], [11, 7, 3, 36, 1, 2], [1, 9, 1, 6, 36, 7], [5, 12, 6, 3, 7, 27]]"
astra_session,matched300_full,shared_stylometry_nc,simplify,original,360,18,0.575338582398656,0.48267710834312055,0.6635216930567532,0.5805555555555556,"[[42, 4, 1, 8, 3, 2], [5, 25, 6, 5, 13, 6], [0, 7, 41, 5, 2, 5], [3, 4, 8, 42, 0, 3], [0, 6, 5, 4, 40, 5], [4, 18, 7, 3, 9, 19]]"
astra_session,matched300_full,shared_stylometry_nc,simplify,paraphrase,360,18,0.5528705255934896,0.441221390630184,0.6529818276403234,0.5527777777777778,"[[36, 4, 1, 14, 1, 4], [2, 22, 7, 6, 5, 18], [0, 2, 34, 10, 3, 11], [2, 2, 2, 43, 0, 11], [1, 8, 6, 9, 24, 12], [2, 10, 5, 1, 2, 40]]"
astra_session,matched300_full,shared_stylometry_nc,simplify,modernize,360,18,0.5796510568846979,0.48590167492947917,0.6674384124980575,0.5777777777777777,"[[40, 6, 0, 8, 2, 4], [4, 23, 5, 6, 8, 14], [0, 2, 36, 7, 4, 11], [4, 4, 3, 41, 0, 8], [2, 4, 6, 4, 30, 14], [1, 11, 2, 2, 6, 38]]"
astra_session,matched300_full,shared_stylometry_nc,simplify,simplify,360,18,0.5456033182854786,0.4611690426991585,0.6256848176507508,0.5444444444444444,"[[46, 5, 0, 3, 2, 4], [6, 19, 5, 4, 11, 15], [0, 4, 33, 6, 4, 13], [9, 5, 2, 37, 0, 7], [1, 10, 3, 5, 29, 12], [4, 11, 4, 2, 7, 32]]"
astra_session,matched300_full,shared_function_words_nc,original,original,360,18,0.5559456425613735,0.4622870414149165,0.6464556853961888,0.5583333333333333,"[[48, 5, 0, 4, 0, 3], [6, 11, 3, 12, 6, 22], [0, 8, 45, 3, 1, 3], [4, 11, 6, 32, 0, 7], [5, 4, 1, 3, 35, 12], [9, 11, 2, 3, 5, 30]]"
astra_session,matched300_full,shared_function_words_nc,original,paraphrase,360,18,0.46733468918180393,0.36284584984361773,0.5581355128591867,0.4583333333333333,"[[37, 7, 0, 5, 1, 10], [3, 13, 2, 15, 4, 23], [0, 17, 23, 11, 1, 8], [3, 11, 7, 30, 1, 8], [3, 15, 1, 3, 23, 15], [4, 11, 1, 1, 4, 39]]"
astra_session,matched300_full,shared_function_words_nc,original,modernize,360,18,0.45452938910023,0.36964785697944136,0.5364091547300494,0.4527777777777778,"[[40, 6, 0, 2, 1, 11], [4, 12, 1, 13, 7, 23], [1, 17, 16, 14, 1, 11], [5, 16, 3, 27, 2, 7], [4, 8, 0, 4, 27, 17], [2, 11, 0, 1, 5, 41]]"
astra_session,matched300_full,shared_function_words_nc,original,simplify,360,18,0.419611503702336,0.3399771822590347,0.49660138137508925,0.4305555555555556,"[[46, 4, 0, 2, 2, 6], [5, 11, 0, 9, 8, 27], [1, 21, 11, 9, 5, 13], [10, 14, 0, 28, 2, 6], [7, 7, 0, 4, 23, 19], [4, 8, 1, 2, 9, 36]]"
astra_session,matched300_full,shared_function_words_nc,paraphrase,original,360,18,0.5135017080119022,0.4423156457058697,0.585156521270249,0.5333333333333333,"[[49, 2, 1, 2, 4, 2], [8, 8, 10, 11, 6, 17], [0, 5, 48, 3, 2, 2], [7, 11, 12, 26, 2, 2], [2, 6, 5, 3, 38, 6], [10, 11, 5, 1, 10, 23]]"
astra_session,matched300_full,shared_function_words_nc,paraphrase,paraphrase,360,18,0.46585125262002536,0.3845499434651031,0.5462350318405129,0.4722222222222222,"[[45, 4, 1, 5, 1, 4], [5, 11, 8, 13, 6, 17], [0, 4, 32, 12, 4, 8], [7, 11, 8, 29, 2, 3], [5, 10, 7, 5, 21, 12], [6, 13, 3, 2, 4, 32]]"
astra_session,matched300_full,shared_function_words_nc,paraphrase,modernize,360,18,0.46243446710190467,0.392790457835787,0.5329930713869567,0.4777777777777778,"[[53, 1, 0, 1, 1, 4], [7, 10, 7, 11, 6, 19], [0, 6, 23, 14, 7, 10], [11, 11, 9, 25, 1, 3], [7, 9, 2, 5, 28, 9], [7, 8, 2, 2, 8, 33]]"
astra_session,matched300_full,shared_function_words_nc,paraphrase,simplify,360,18,0.43472893213461195,0.36415933529310196,0.5078608869220136,0.4527777777777778,"[[51, 2, 1, 2, 2, 2], [9, 9, 4, 12, 8, 18], [0, 7, 22, 9, 11, 11], [17, 12, 7, 21, 2, 1], [8, 9, 0, 6, 27, 10], [9, 4, 3, 2, 9, 33]]"
astra_session,matched300_full,shared_function_words_nc,modernize,original,360,18,0.5070692047777371,0.4239006518447725,0.5849956890293022,0.5222222222222223,"[[44, 4, 2, 3, 5, 2], [5, 8, 12, 11, 5, 19], [0, 6, 46, 4, 2, 2], [6, 8, 11, 26, 3, 6], [5, 5, 7, 2, 34, 7], [7, 10, 2, 2, 9, 30]]"
astra_session,matched300_full,shared_function_words_nc,modernize,paraphrase,360,18,0.47201434718098634,0.38011517498415887,0.5599473617790722,0.475,"[[43, 4, 3, 4, 3, 3], [3, 12, 9, 15, 5, 16], [0, 6, 31, 13, 2, 8], [5, 12, 7, 30, 2, 4], [5, 10, 8, 6, 22, 9], [5, 12, 2, 2, 6, 33]]"
astra_session,matched300_full,shared_function_words_nc,modernize,modernize,360,18,0.49234499264778403,0.4120628760814748,0.5678954082878696,0.5,"[[45, 2, 0, 4, 6, 3], [4, 11, 8, 13, 3, 21], [0, 4, 30, 13, 5, 8], [8, 8, 7, 30, 3, 4], [5, 9, 5, 6, 27, 8], [3, 11, 3, 2, 4, 37]]"
astra_session,matched300_full,shared_function_words_nc,modernize,simplify,360,18,0.482017743232339,0.4069207441789265,0.5588489759601003,0.49166666666666664,"[[49, 2, 1, 2, 5, 1], [7, 10, 6, 14, 6, 17], [0, 4, 31, 10, 6, 9], [11, 9, 6, 31, 3, 0], [6, 12, 3, 5, 25, 9], [4, 11, 2, 3, 9, 31]]"
astra_session,matched300_full,shared_function_words_nc,simplify,original,360,18,0.5166706672644737,0.43143521474931007,0.591491371156459,0.5277777777777778,"[[43, 2, 2, 4, 3, 6], [4, 8, 12, 10, 4, 22], [0, 8, 43, 3, 1, 5], [4, 6, 14, 26, 2, 8], [2, 4, 7, 3, 35, 9], [5, 10, 1, 2, 7, 35]]"
astra_session,matched300_full,shared_function_words_nc,simplify,paraphrase,360,18,0.4843836248598153,0.40265989324668844,0.5640781981142616,0.4861111111111111,"[[39, 6, 1, 7, 3, 4], [3, 12, 10, 13, 4, 18], [0, 7, 30, 13, 0, 10], [3, 7, 6, 34, 3, 7], [5, 8, 7, 6, 23, 11], [1, 12, 3, 2, 5, 37]]"
astra_session,matched300_full,shared_function_words_nc,simplify,modernize,360,18,0.4824181031589052,0.3957972107343334,0.5664483958386152,0.4888888888888889,"[[41, 4, 0, 4, 4, 7], [5, 10, 9, 12, 4, 20], [0, 6, 31, 12, 1, 10], [8, 6, 7, 32, 2, 5], [5, 8, 6, 6, 24, 11], [2, 12, 1, 3, 4, 38]]"
astra_session,matched300_full,shared_function_words_nc,simplify,simplify,360,18,0.4918093070024873,0.42297976766027195,0.559095660904374,0.5027777777777778,"[[47, 3, 1, 2, 3, 4], [5, 10, 7, 11, 6, 21], [0, 5, 31, 11, 2, 11], [8, 9, 5, 34, 2, 2], [6, 8, 4, 6, 23, 13], [3, 7, 3, 3, 8, 36]]"
astra_session,matched300_full,char3_5_tfidf_svm,original,original,360,18,0.865510790485099,0.8076303418467785,0.9151901871553804,0.8694444444444445,"[[58, 1, 0, 1, 0, 0], [2, 37, 3, 8, 7, 3], [0, 1, 54, 2, 2, 1], [1, 0, 0, 59, 0, 0], [0, 2, 0, 3, 54, 1], [2, 1, 2, 0, 4, 51]]"
astra_session,matched300_full,char3_5_tfidf_svm,original,paraphrase,360,18,0.6788535635546117,0.5717041162302416,0.7624056078121632,0.6833333333333333,"[[55, 0, 0, 5, 0, 0], [0, 24, 3, 17, 6, 10], [0, 1, 42, 9, 3, 5], [1, 0, 2, 56, 0, 1], [0, 3, 4, 13, 37, 3], [2, 5, 7, 12, 2, 32]]"
astra_session,matched300_full,char3_5_tfidf_svm,original,modernize,360,18,0.6756182368305891,0.5659521502210342,0.7699284387319781,0.6861111111111111,"[[55, 0, 0, 5, 0, 0], [0, 21, 2, 14, 12, 11], [1, 0, 34, 8, 6, 11], [2, 1, 2, 54, 1, 0], [1, 3, 0, 3, 46, 7], [3, 1, 2, 4, 13, 37]]"
astra_session,matched300_full,char3_5_tfidf_svm,original,simplify,360,18,0.6486855685663321,0.5510840721559609,0.7352392939838716,0.6722222222222223,"[[55, 0, 0, 4, 0, 1], [2, 15, 0, 11, 17, 15], [1, 1, 23, 9, 13, 13], [1, 0, 0, 55, 2, 2], [0, 4, 0, 1, 49, 6], [1, 1, 1, 2, 10, 45]]"
astra_session,matched300_full,char3_5_tfidf_svm,paraphrase,original,360,18,0.7432662872669868,0.6571886649704654,0.8158258423578483,0.7527777777777778,"[[55, 1, 0, 2, 2, 0], [3, 33, 1, 5, 16, 2], [0, 2, 47, 2, 5, 4], [3, 2, 3, 51, 1, 0], [0, 0, 0, 1, 59, 0], [3, 8, 3, 3, 17, 26]]"
astra_session,matched300_full,char3_5_tfidf_svm,paraphrase,paraphrase,360,18,0.7779453027668782,0.7043129125222928,0.8448259279080731,0.7861111111111111,"[[59, 0, 0, 1, 0, 0], [3, 29, 1, 12, 13, 2], [0, 2, 47, 2, 4, 5], [0, 0, 1, 59, 0, 0], [0, 5, 2, 4, 48, 1], [3, 3, 5, 5, 3, 41]]"
astra_session,matched300_full,char3_5_tfidf_svm,paraphrase,modernize,360,18,0.7208160551114933,0.6287283994016442,0.7975315765736042,0.7333333333333333,"[[57, 0, 0, 2, 1, 0], [4, 24, 1, 7, 21, 3], [0, 0, 40, 4, 9, 7], [1, 0, 1, 57, 1, 0], [0, 1, 0, 2, 55, 2], [2, 8, 4, 5, 10, 31]]"
astra_session,matched300_full,char3_5_tfidf_svm,paraphrase,simplify,360,18,0.699581031495471,0.6136110811186294,0.7721700917117784,0.7055555555555556,"[[55, 0, 0, 2, 3, 0], [2, 24, 1, 6, 25, 2], [0, 1, 30, 3, 20, 6], [4, 2, 0, 53, 1, 0], [0, 0, 0, 0, 59, 1], [1, 3, 0, 5, 18, 33]]"
astra_session,matched300_full,char3_5_tfidf_svm,modernize,original,360,18,0.755590754482148,0.6790139522403704,0.8246291228444856,0.7638888888888888,"[[55, 1, 0, 4, 0, 0], [0, 34, 2, 13, 8, 3], [0, 3, 48, 5, 3, 1], [2, 0, 4, 54, 0, 0], [0, 1, 2, 2, 55, 0], [4, 8, 5, 7, 7, 29]]"
astra_session,matched300_full,char3_5_tfidf_svm,modernize,paraphrase,360,18,0.7542856176824188,0.6713517747085157,0.8236832198164276,0.7555555555555555,"[[55, 0, 0, 5, 0, 0], [1, 34, 2, 17, 5, 1], [0, 1, 50, 6, 3, 0], [0, 0, 2, 58, 0, 0], [0, 6, 2, 9, 41, 2], [4, 6, 5, 9, 2, 34]]"
astra_session,matched300_full,char3_5_tfidf_svm,modernize,modernize,360,18,0.737443048826628,0.6547774985085946,0.8109330502686038,0.7472222222222222,"[[56, 0, 0, 4, 0, 0], [3, 28, 2, 12, 13, 2], [0, 1, 44, 5, 6, 4], [1, 0, 2, 56, 1, 0], [0, 1, 1, 4, 53, 1], [3, 8, 5, 5, 7, 32]]"
astra_session,matched300_full,char3_5_tfidf_svm,modernize,simplify,360,18,0.6861462426512674,0.6078848232481662,0.7574074687573384,0.7027777777777777,"[[57, 0, 0, 2, 1, 0], [4, 22, 3, 11, 19, 1], [1, 1, 34, 7, 11, 6], [2, 1, 1, 55, 1, 0], [0, 3, 0, 2, 55, 0], [5, 8, 3, 7, 7, 30]]"
astra_session,matched300_full,char3_5_tfidf_svm,simplify,original,360,18,0.7543248628242943,0.6714364655907684,0.8288967591722705,0.7611111111111111,"[[55, 1, 0, 4, 0, 0], [1, 37, 2, 7, 9, 4], [2, 1, 49, 3, 4, 1], [2, 3, 4, 51, 0, 0], [0, 3, 3, 2, 52, 0], [3, 8, 7, 7, 5, 30]]"
astra_session,matched300_full,char3_5_tfidf_svm,simplify,paraphrase,360,18,0.7424050077258042,0.64107329112059,0.8213843599314701,0.7444444444444445,"[[54, 1, 0, 5, 0, 0], [0, 36, 5, 15, 1, 3], [1, 1, 48, 7, 3, 0], [0, 0, 2, 58, 0, 0], [0, 8, 6, 7, 39, 0], [5, 7, 5, 8, 2, 33]]"
astra_session,matched300_full,char3_5_tfidf_svm,simplify,modernize,360,18,0.7561730089585792,0.6879432964552699,0.822422670631695,0.7611111111111111,"[[56, 0, 0, 4, 0, 0], [2, 34, 3, 12, 4, 5], [0, 2, 46, 5, 4, 3], [1, 1, 2, 56, 0, 0], [0, 6, 3, 3, 47, 1], [3, 7, 5, 4, 6, 35]]"
astra_session,matched300_full,char3_5_tfidf_svm,simplify,simplify,360,18,0.7369917388210622,0.6642170148102161,0.804603061198506,0.7444444444444445,"[[56, 0, 0, 3, 0, 1], [1, 33, 2, 10, 11, 3], [1, 1, 40, 6, 6, 6], [2, 1, 1, 56, 0, 0], [0, 5, 2, 1, 50, 2], [5, 6, 4, 7, 5, 33]]"
astra_session,w300_middle,shared_stylometry_nc,original,original,360,18,0.543741794076345,0.4550947481505047,0.628796665640972,0.5472222222222223,"[[43, 3, 3, 4, 1, 6], [10, 20, 5, 5, 8, 12], [3, 2, 43, 3, 4, 5], [10, 8, 7, 30, 1, 4], [2, 13, 1, 5, 31, 8], [9, 7, 3, 8, 3, 30]]"
astra_session,w300_middle,shared_stylometry_nc,original,paraphrase,360,18,0.47488678026927983,0.36104162931318484,0.572857265265558,0.4666666666666667,"[[30, 6, 1, 15, 0, 8], [4, 25, 3, 5, 0, 23], [0, 4, 27, 14, 3, 12], [5, 5, 6, 31, 0, 13], [1, 13, 2, 9, 20, 15], [4, 9, 5, 7, 0, 35]]"
astra_session,w300_middle,shared_stylometry_nc,original,modernize,360,18,0.43036760611563213,0.3102034424755551,0.535205828764197,0.4305555555555556,"[[33, 7, 0, 5, 1, 14], [6, 22, 3, 3, 5, 21], [5, 7, 18, 7, 2, 21], [12, 6, 3, 22, 0, 17], [4, 10, 1, 4, 19, 22], [4, 9, 2, 2, 2, 41]]"
astra_session,w300_middle,shared_stylometry_nc,original,simplify,360,18,0.41138411529368973,0.3144391850225605,0.5032838551693248,0.4166666666666667,"[[37, 4, 0, 2, 2, 15], [8, 21, 1, 1, 6, 23], [2, 6, 13, 7, 6, 26], [16, 6, 0, 21, 1, 16], [2, 10, 0, 4, 17, 27], [5, 10, 1, 1, 2, 41]]"
astra_session,w300_middle,shared_stylometry_nc,paraphrase,original,360,18,0.4892490735191171,0.412968041693583,0.5614574526328397,0.49722222222222223,"[[33, 9, 1, 5, 10, 2], [3, 20, 5, 3, 26, 3], [0, 6, 39, 5, 7, 3], [10, 7, 9, 26, 8, 0], [1, 6, 4, 2, 46, 1], [4, 16, 5, 4, 16, 15]]"
astra_session,w300_middle,shared_stylometry_nc,paraphrase,paraphrase,360,18,0.5048925768967552,0.40760763792184307,0.5953357473518077,0.5027777777777778,"[[39, 7, 2, 8, 2, 2], [3, 20, 5, 6, 12, 14], [0, 4, 35, 8, 5, 8], [7, 8, 10, 31, 0, 4], [1, 11, 4, 9, 24, 11], [2, 13, 5, 4, 4, 32]]"
astra_session,w300_middle,shared_stylometry_nc,paraphrase,modernize,360,18,0.5118625267154819,0.433145849099583,0.5881158749850942,0.5111111111111111,"[[41, 5, 0, 2, 8, 4], [4, 22, 5, 2, 11, 16], [1, 2, 31, 7, 11, 8], [10, 12, 7, 24, 1, 6], [2, 11, 2, 2, 33, 10], [4, 9, 4, 2, 8, 33]]"
astra_session,w300_middle,shared_stylometry_nc,paraphrase,simplify,360,18,0.4526997460849648,0.36354943409108037,0.5342140018154679,0.4583333333333333,"[[43, 8, 0, 1, 6, 2], [6, 19, 4, 2, 18, 11], [1, 4, 21, 8, 14, 12], [15, 11, 4, 18, 7, 5], [1, 11, 1, 2, 36, 9], [6, 12, 3, 1, 10, 28]]"
astra_session,w300_middle,shared_stylometry_nc,modernize,original,360,18,0.525204444296682,0.4420146362280797,0.6062982819740671,0.5388888888888889,"[[35, 5, 3, 8, 7, 2], [3, 20, 6, 6, 20, 5], [0, 4, 45, 5, 5, 1], [6, 4, 13, 35, 1, 1], [2, 6, 5, 1, 43, 3], [7, 13, 6, 7, 11, 16]]"
astra_session,w300_middle,shared_stylometry_nc,modernize,paraphrase,360,18,0.5193725613865856,0.40826316800288437,0.6202911585244015,0.5222222222222223,"[[34, 6, 1, 16, 1, 2], [4, 19, 6, 9, 8, 14], [0, 3, 36, 11, 3, 7], [3, 3, 7, 42, 0, 5], [1, 10, 5, 9, 22, 13], [3, 11, 5, 4, 2, 35]]"
astra_session,w300_middle,shared_stylometry_nc,modernize,modernize,360,18,0.5289501875062553,0.44238461609114416,0.6139507006264429,0.5305555555555556,"[[40, 4, 0, 8, 5, 3], [4, 20, 7, 7, 11, 11], [0, 2, 37, 9, 4, 8], [5, 7, 7, 33, 1, 7], [4, 8, 5, 6, 27, 10], [3, 9, 5, 4, 5, 34]]"
astra_session,w300_middle,shared_stylometry_nc,modernize,simplify,360,18,0.5228062695064503,0.450662871228184,0.5934725605192931,0.525,"[[47, 2, 0, 4, 5, 2], [5, 18, 4, 7, 16, 10], [0, 5, 30, 7, 9, 9], [9, 7, 5, 32, 3, 4], [1, 9, 1, 6, 31, 12], [5, 11, 4, 4, 5, 31]]"
astra_session,w300_middle,shared_stylometry_nc,simplify,original,360,18,0.5229716983695352,0.4348662586275701,0.6045155624298448,0.5305555555555556,"[[30, 5, 8, 7, 4, 6], [3, 20, 8, 6, 16, 7], [0, 4, 47, 3, 3, 3], [4, 4, 14, 36, 0, 2], [1, 6, 6, 6, 37, 4], [5, 14, 11, 1, 8, 21]]"
astra_session,w300_middle,shared_stylometry_nc,simplify,paraphrase,360,18,0.4928434759115645,0.3766661632997327,0.5939714950727429,0.49722222222222223,"[[28, 6, 2, 16, 1, 7], [6, 18, 6, 8, 6, 16], [0, 2, 34, 10, 3, 11], [3, 2, 3, 37, 1, 14], [1, 9, 6, 9, 20, 15], [2, 9, 4, 3, 0, 42]]"
astra_session,w300_middle,shared_stylometry_nc,simplify,modernize,360,18,0.513546100582072,0.41545053542463545,0.6017009662136247,0.5138888888888888,"[[39, 5, 0, 7, 5, 4], [4, 20, 5, 6, 9, 16], [0, 2, 32, 9, 3, 14], [5, 4, 6, 34, 1, 10], [2, 11, 5, 7, 22, 13], [3, 9, 2, 4, 4, 38]]"
astra_session,w300_middle,shared_stylometry_nc,simplify,simplify,360,18,0.5222700780212178,0.44600977736276587,0.5973599625868554,0.5222222222222223,"[[44, 2, 1, 6, 4, 3], [4, 20, 6, 5, 14, 11], [0, 3, 35, 6, 5, 11], [7, 7, 5, 34, 1, 6], [1, 10, 3, 7, 23, 16], [4, 14, 3, 4, 3, 32]]"
astra_session,w300_middle,shared_function_words_nc,original,original,360,18,0.5002077218271683,0.4161319604948129,0.5806553133734095,0.5,"[[41, 5, 2, 4, 0, 8], [9, 12, 2, 11, 7, 19], [2, 6, 40, 7, 1, 4], [8, 15, 5, 27, 1, 4], [4, 6, 3, 3, 31, 13], [8, 9, 2, 6, 6, 29]]"
astra_session,w300_middle,shared_function_words_nc,original,paraphrase,360,18,0.4210539493383274,0.344037974333833,0.4964043426916231,0.41388888888888886,"[[37, 8, 0, 4, 2, 9], [2, 15, 3, 15, 7, 18], [0, 14, 20, 13, 6, 7], [7, 16, 4, 26, 3, 4], [4, 15, 3, 5, 21, 12], [4, 11, 2, 3, 10, 30]]"
astra_session,w300_middle,shared_function_words_nc,original,modernize,360,18,0.43105897703894597,0.35172184890644986,0.5053037416060714,0.4388888888888889,"[[40, 6, 0, 2, 3, 9], [6, 18, 1, 12, 5, 18], [3, 14, 12, 16, 3, 12], [10, 16, 2, 24, 2, 6], [5, 11, 0, 4, 25, 15], [4, 9, 0, 3, 5, 39]]"
astra_session,w300_middle,shared_function_words_nc,original,simplify,360,18,0.38432372554512173,0.3093698226500279,0.4557389460423735,0.3972222222222222,"[[42, 5, 0, 2, 5, 6], [6, 11, 0, 11, 10, 22], [2, 16, 10, 13, 7, 12], [10, 19, 1, 21, 5, 4], [5, 10, 1, 4, 22, 18], [6, 8, 0, 2, 7, 37]]"
astra_session,w300_middle,shared_function_words_nc,paraphrase,original,360,18,0.46756117636891564,0.39208485057122205,0.5402991413524908,0.4777777777777778,"[[41, 5, 1, 3, 2, 8], [4, 13, 8, 10, 9, 16], [0, 2, 43, 5, 4, 6], [8, 11, 15, 21, 1, 4], [6, 4, 6, 3, 31, 10], [7, 10, 3, 3, 14, 23]]"
astra_session,w300_middle,shared_function_words_nc,paraphrase,paraphrase,360,18,0.455878623707123,0.38161652409205193,0.5305915072294007,0.4638888888888889,"[[42, 5, 2, 4, 3, 4], [5, 15, 9, 11, 5, 15], [1, 5, 32, 11, 4, 7], [9, 10, 9, 26, 2, 4], [7, 9, 6, 6, 20, 12], [6, 4, 8, 3, 7, 32]]"
astra_session,w300_middle,shared_function_words_nc,paraphrase,modernize,360,18,0.4551436472417849,0.3888174117821098,0.5205854794905087,0.4638888888888889,"[[45, 2, 1, 1, 6, 5], [4, 15, 5, 11, 5, 20], [0, 3, 29, 10, 9, 9], [10, 13, 10, 22, 1, 4], [8, 8, 4, 6, 22, 12], [7, 4, 2, 3, 10, 34]]"
astra_session,w300_middle,shared_function_words_nc,paraphrase,simplify,360,18,0.45143624565652135,0.38904797570189736,0.515086754948277,0.46111111111111114,"[[45, 2, 1, 2, 7, 3], [9, 13, 4, 10, 7, 17], [1, 6, 27, 7, 10, 9], [13, 13, 8, 21, 3, 2], [6, 12, 1, 4, 23, 14], [7, 6, 2, 2, 6, 37]]"
astra_session,w300_middle,shared_function_words_nc,modernize,original,360,18,0.41853736251441626,0.34746677493991357,0.49188771379524965,0.43333333333333335,"[[35, 7, 4, 6, 2, 6], [6, 6, 11, 10, 12, 15], [0, 2, 40, 9, 4, 5], [7, 7, 16, 23, 3, 4], [6, 7, 5, 2, 26, 14], [8, 6, 6, 3, 11, 26]]"
astra_session,w300_middle,shared_function_words_nc,modernize,paraphrase,360,18,0.465883455828018,0.3913009104925339,0.5407659424481714,0.4722222222222222,"[[38, 6, 3, 5, 4, 4], [4, 13, 7, 15, 6, 15], [0, 6, 35, 11, 3, 5], [6, 13, 10, 26, 3, 2], [6, 8, 7, 6, 21, 12], [4, 4, 6, 2, 7, 37]]"
astra_session,w300_middle,shared_function_words_nc,modernize,modernize,360,18,0.46414592419760997,0.39380819794484867,0.5324434540570891,0.475,"[[44, 3, 1, 2, 7, 3], [5, 12, 7, 14, 3, 19], [0, 2, 28, 15, 7, 8], [9, 8, 8, 29, 2, 4], [9, 7, 4, 5, 22, 13], [4, 8, 2, 3, 7, 36]]"
astra_session,w300_middle,shared_function_words_nc,modernize,simplify,360,18,0.44453330228958415,0.376752048572866,0.5124295264707639,0.45555555555555555,"[[45, 3, 1, 2, 6, 3], [6, 11, 5, 13, 11, 14], [0, 7, 29, 11, 5, 8], [12, 9, 7, 26, 4, 2], [7, 8, 5, 5, 20, 15], [7, 6, 4, 3, 7, 33]]"
astra_session,w300_middle,shared_function_words_nc,simplify,original,360,18,0.4304747618409841,0.35953176249465524,0.5014300964026203,0.44722222222222224,"[[31, 4, 4, 4, 8, 9], [5, 5, 12, 10, 10, 18], [0, 4, 42, 4, 2, 8], [6, 7, 16, 23, 1, 7], [4, 5, 6, 4, 29, 12], [7, 6, 6, 1, 9, 31]]"
astra_session,w300_middle,shared_function_words_nc,simplify,paraphrase,360,18,0.4764354718110335,0.4042529072920531,0.548611697731298,0.48055555555555557,"[[35, 6, 3, 7, 4, 5], [1, 16, 9, 13, 3, 18], [0, 6, 33, 13, 1, 7], [5, 6, 6, 31, 5, 7], [4, 9, 7, 8, 20, 12], [4, 5, 6, 2, 5, 38]]"
astra_session,w300_middle,shared_function_words_nc,simplify,modernize,360,18,0.44894031458737343,0.37454581033013956,0.5214361066988511,0.4583333333333333,"[[38, 6, 1, 2, 8, 5], [5, 10, 9, 12, 4, 20], [0, 6, 28, 12, 4, 10], [5, 7, 9, 32, 1, 6], [7, 7, 6, 5, 20, 15], [4, 6, 4, 2, 7, 37]]"
astra_session,w300_middle,shared_function_words_nc,simplify,simplify,360,18,0.45560585736642073,0.3826517327410767,0.5283362994925961,0.4638888888888889,"[[43, 3, 1, 2, 7, 4], [4, 13, 6, 10, 10, 17], [0, 9, 28, 11, 5, 7], [11, 7, 7, 29, 4, 2], [5, 7, 5, 5, 20, 18], [6, 6, 5, 3, 6, 34]]"
astra_session,w300_middle,char3_5_tfidf_svm,original,original,360,18,0.7929351423784766,0.7253122250890448,0.8572021731951052,0.8027777777777778,"[[58, 0, 1, 1, 0, 0], [2, 27, 5, 10, 12, 4], [2, 1, 50, 1, 4, 2], [0, 1, 2, 57, 0, 0], [0, 3, 2, 1, 52, 2], [2, 1, 5, 3, 4, 45]]"
astra_session,w300_middle,char3_5_tfidf_svm,original,paraphrase,360,18,0.6286720357861434,0.5243629630552151,0.709474802013641,0.6388888888888888,"[[51, 1, 1, 7, 0, 0], [3, 19, 6, 21, 4, 7], [1, 1, 40, 11, 3, 4], [0, 0, 2, 56, 0, 2], [1, 4, 5, 11, 37, 2], [4, 3, 11, 12, 3, 27]]"
astra_session,w300_middle,char3_5_tfidf_svm,original,modernize,360,18,0.6654737725143525,0.5678696120200417,0.7545991323332927,0.6777777777777778,"[[56, 0, 0, 3, 0, 1], [1, 21, 2, 14, 13, 9], [2, 0, 34, 12, 5, 7], [0, 0, 1, 55, 1, 3], [1, 3, 3, 3, 45, 5], [2, 4, 5, 6, 10, 33]]"
astra_session,w300_middle,char3_5_tfidf_svm,original,simplify,360,18,0.6315358630269254,0.5448753454934709,0.712598522128734,0.6472222222222223,"[[53, 0, 0, 4, 3, 0], [4, 16, 0, 11, 19, 10], [0, 1, 29, 11, 8, 11], [4, 0, 0, 51, 2, 3], [0, 6, 1, 2, 45, 6], [3, 3, 3, 4, 8, 39]]"
astra_session,w300_middle,char3_5_tfidf_svm,paraphrase,original,360,18,0.6977903061160178,0.6183817931231911,0.7727204738410852,0.7111111111111111,"[[52, 4, 0, 2, 2, 0], [1, 27, 2, 7, 21, 2], [3, 2, 45, 2, 5, 3], [2, 3, 2, 52, 1, 0], [1, 0, 0, 1, 58, 0], [3, 10, 3, 4, 18, 22]]"
astra_session,w300_middle,char3_5_tfidf_svm,paraphrase,paraphrase,360,18,0.6982018640789649,0.605454843226923,0.779620490122068,0.7111111111111111,"[[58, 1, 0, 1, 0, 0], [3, 24, 3, 12, 14, 4], [0, 2, 44, 5, 4, 5], [0, 1, 2, 57, 0, 0], [2, 7, 3, 6, 41, 1], [5, 5, 8, 6, 4, 32]]"
astra_session,w300_middle,char3_5_tfidf_svm,paraphrase,modernize,360,18,0.7153001985027324,0.6327363798437057,0.7872682730664557,0.725,"[[56, 1, 0, 1, 2, 0], [3, 25, 0, 11, 19, 2], [1, 1, 39, 4, 10, 5], [1, 1, 2, 54, 1, 1], [1, 0, 1, 3, 54, 1], [2, 6, 4, 6, 9, 33]]"
astra_session,w300_middle,char3_5_tfidf_svm,paraphrase,simplify,360,18,0.6316641012810864,0.5498183087916378,0.7055236789590369,0.6472222222222223,"[[55, 0, 0, 2, 3, 0], [2, 23, 1, 8, 21, 5], [1, 2, 26, 9, 18, 4], [4, 2, 0, 50, 3, 1], [0, 2, 0, 2, 55, 1], [4, 8, 2, 7, 15, 24]]"
astra_session,w300_middle,char3_5_tfidf_svm,modernize,original,360,18,0.7142644796022558,0.641404705319081,0.7859589025841105,0.7305555555555555,"[[55, 1, 1, 3, 0, 0], [2, 27, 4, 10, 15, 2], [0, 2, 49, 1, 5, 3], [1, 2, 3, 53, 0, 1], [0, 1, 3, 1, 55, 0], [4, 7, 6, 8, 11, 24]]"
astra_session,w300_middle,char3_5_tfidf_svm,modernize,paraphrase,360,18,0.6704696409390517,0.583710117235526,0.7509683137603967,0.6833333333333333,"[[55, 1, 0, 4, 0, 0], [2, 23, 5, 18, 8, 4], [2, 1, 43, 7, 3, 4], [0, 0, 1, 59, 0, 0], [0, 8, 3, 9, 39, 1], [5, 8, 8, 9, 3, 27]]"
astra_session,w300_middle,char3_5_tfidf_svm,modernize,modernize,360,18,0.7230301847145758,0.6507057104336591,0.7931986303453933,0.7333333333333333,"[[58, 0, 0, 2, 0, 0], [3, 27, 2, 12, 12, 4], [1, 1, 43, 6, 5, 4], [1, 2, 2, 54, 1, 0], [1, 5, 2, 2, 50, 0], [2, 6, 7, 7, 6, 32]]"
astra_session,w300_middle,char3_5_tfidf_svm,modernize,simplify,360,18,0.6696113327306645,0.5962588801589322,0.7405534621313589,0.6916666666666667,"[[59, 0, 0, 0, 1, 0], [5, 19, 2, 12, 19, 3], [0, 4, 33, 8, 9, 6], [1, 0, 1, 56, 2, 0], [1, 1, 2, 2, 54, 0], [5, 6, 3, 8, 10, 28]]"
astra_session,w300_middle,char3_5_tfidf_svm,simplify,original,360,18,0.704062091721802,0.6377943468383565,0.7671123676553098,0.7166666666666667,"[[54, 1, 1, 4, 0, 0], [2, 25, 7, 11, 10, 5], [2, 2, 48, 2, 3, 3], [2, 2, 3, 52, 0, 1], [0, 3, 4, 2, 50, 1], [5, 9, 5, 6, 6, 29]]"
astra_session,w300_middle,char3_5_tfidf_svm,simplify,paraphrase,360,18,0.6617650061496575,0.5658317056759499,0.7451431676655158,0.6722222222222223,"[[54, 1, 0, 5, 0, 0], [0, 28, 4, 17, 6, 5], [2, 1, 44, 8, 3, 2], [1, 0, 3, 55, 0, 1], [0, 9, 6, 6, 37, 2], [6, 6, 12, 9, 3, 24]]"
astra_session,w300_middle,char3_5_tfidf_svm,simplify,modernize,360,18,0.6903139951196708,0.6065676009659408,0.7711447460242487,0.7,"[[55, 0, 0, 5, 0, 0], [1, 28, 2, 15, 9, 5], [2, 1, 43, 6, 3, 5], [1, 2, 2, 55, 0, 0], [1, 7, 4, 2, 44, 2], [2, 10, 10, 6, 5, 27]]"
astra_session,w300_middle,char3_5_tfidf_svm,simplify,simplify,360,18,0.694921528526265,0.6240932756596651,0.7638411546955957,0.7083333333333334,"[[55, 0, 0, 4, 0, 1], [2, 25, 4, 11, 13, 5], [2, 2, 39, 8, 4, 5], [1, 0, 1, 58, 0, 0], [0, 4, 4, 3, 48, 1], [5, 6, 6, 8, 5, 30]]"
