passage_id,condition,batch_label,generation_time_qc,generation_time_flags,stored_revalidation_qc,recomputed_revalidation_qc,recomputed_flags,source_sha256,rewrite_sha256,status_changed
AUSTEN_EMMA_001,paraphrase,batch_A,pass,,pass,pass,,e4c95d2824dba9a41b5db0df191b429c579f3553c4a2c8336931b03c0ebc16a6,3b1e5c05f3af72b47bffe09224adf34f9ac04893fadce6d1b7b81611aeb02e33,0
AUSTEN_EMMA_001,modernize,batch_A,pass,,pass,pass,,e4c95d2824dba9a41b5db0df191b429c579f3553c4a2c8336931b03c0ebc16a6,971c15368945e7edd4fd11b43531a5f0ab2fa05c590cc0aa0f70b6a72872a0fe,0
AUSTEN_EMMA_001,simplify,batch_A,pass,,pass,pass,,e4c95d2824dba9a41b5db0df191b429c579f3553c4a2c8336931b03c0ebc16a6,454a649fce9b7488beb82c9c22148d4682236599bed4b119a91b68e8aebc14bf,0
AUSTEN_EMMA_002,paraphrase,batch_A,pass,,pass,pass,,0a68282ae8074b9732a14796b9f3619b68daba8d95c9b7e0a7dd7417bd5bc10f,8be852bc42d8f484d2821beb3c7901ad0120d2527c3d8a5af910216f1a6a4b12,0
AUSTEN_EMMA_002,modernize,batch_A,pass,,pass,pass,,0a68282ae8074b9732a14796b9f3619b68daba8d95c9b7e0a7dd7417bd5bc10f,1b3e8b1a049b8501394ee38b19ccfede4e5e04808c542e92cfab8ac39bee1340,0
AUSTEN_EMMA_002,simplify,batch_A,pass,,pass,pass,,0a68282ae8074b9732a14796b9f3619b68daba8d95c9b7e0a7dd7417bd5bc10f,1fefd131e62e2b50f0a8731c018b70fd5f3f07d2296587b82c457b7bfb0c5ed6,0
AUSTEN_EMMA_003,paraphrase,batch_A,pass,,pass,pass,,7b09549d883d3f1ad8a5c3a41367996c90b6d8b6e34a9ca16c0969e8fee33e03,9b97bc5fd80405e2b70854b2114179b15769e1e5c927b9ba99a0392ad22360f7,0
AUSTEN_EMMA_003,modernize,batch_A,pass,,pass,pass,,7b09549d883d3f1ad8a5c3a41367996c90b6d8b6e34a9ca16c0969e8fee33e03,25f0dd009e8e02480006b0c08f6612376b73f056e7922a4e5ccf6fa04a175bdf,0
AUSTEN_EMMA_003,simplify,batch_A,pass,,pass,pass,,7b09549d883d3f1ad8a5c3a41367996c90b6d8b6e34a9ca16c0969e8fee33e03,5e1c5e42d57713862323d28c401a97c6a48cb00e93a3cecc03456a67e87ad0d0,0
AUSTEN_EMMA_004,paraphrase,batch_A,pass,,pass,pass,,118a28d2cf4a75afda519e7999198213815ab2c511008e4e60cced7793fa46c8,3adc21697bd5a82ba23b0ecdf1e141fcccae8808ebc175341b386a56630a5bef,0
AUSTEN_EMMA_004,modernize,batch_A,pass,,pass,pass,,118a28d2cf4a75afda519e7999198213815ab2c511008e4e60cced7793fa46c8,58324ea8de0040c70b5794974380db09f905231a59fb697c18ef61bfd24c83ba,0
AUSTEN_EMMA_004,simplify,batch_A,pass,,pass,pass,,118a28d2cf4a75afda519e7999198213815ab2c511008e4e60cced7793fa46c8,fe1aa9b51ed5444e4ebc2770a8b6f487f2dcdfcc95056f3a59726e8cf0b29585,0
AUSTEN_EMMA_005,paraphrase,batch_A,pass,,pass,pass,,c8f61b1b468be98729ba9897f2c0497d6c0bb10418eaee04f714a469caef77dd,d5e9e57e851bc5df40a6c3bdb4230722596f9e5eaecf0efa9eb8bbafe30fb06d,0
AUSTEN_EMMA_005,modernize,batch_A,pass,,pass,pass,,c8f61b1b468be98729ba9897f2c0497d6c0bb10418eaee04f714a469caef77dd,938887c1df79430b205e243b195c90dcc6d06575fb10d111ca0dc8b4405ba05d,0
AUSTEN_EMMA_005,simplify,batch_A,pass,,pass,pass,,c8f61b1b468be98729ba9897f2c0497d6c0bb10418eaee04f714a469caef77dd,11e9f10b9fe7c98b10bba0ea2cf19fdc199655fe17bcbf5849da376558c6b37a,0
AUSTEN_EMMA_006,paraphrase,batch_A,pass,,pass,pass,,8afe066b6564a8c56ba47b88bb9710975918f796dbc5c0da1a81e0cc3f99a62f,f68a80e1748397738adb92dce010807ef1a0dad89824ce4b383823bc1a4abc0b,0
AUSTEN_EMMA_006,modernize,batch_A,pass,,pass,pass,,8afe066b6564a8c56ba47b88bb9710975918f796dbc5c0da1a81e0cc3f99a62f,7d271df2544be7268c505e520e1c388ebf0ddd6eb3325159e06b7fc76e28d693,0
AUSTEN_EMMA_006,simplify,batch_A,pass,,pass,pass,,8afe066b6564a8c56ba47b88bb9710975918f796dbc5c0da1a81e0cc3f99a62f,d6027afdaeb6bb59e42fbaef5341e8f465e7562742f4fb95bee58d0feb932e96,0
AUSTEN_EMMA_007,paraphrase,batch_A,pass,,pass,pass,,094d74324f2404eedc9427255e9c7034eee31e6d0ae43a920a0042e2d435d470,a9940cbdc5fbbf32c408cc6d8941b2807c0139c57b284fdcb67cc28d0c3c63e1,0
AUSTEN_EMMA_007,modernize,batch_A,pass,,pass,pass,,094d74324f2404eedc9427255e9c7034eee31e6d0ae43a920a0042e2d435d470,bbcb3230ce8c20393254d63b637ac1d5dc9b1049740bf3a6375c061aa03ca566,0
AUSTEN_EMMA_007,simplify,batch_A,pass,,pass,pass,,094d74324f2404eedc9427255e9c7034eee31e6d0ae43a920a0042e2d435d470,edd1baf24fd8f3a776b8f44d2eb4467ce83168e0e9ee030e8ba7180f67ca086b,0
AUSTEN_EMMA_008,paraphrase,batch_A,pass,,pass,pass,,599fbd379e6184ac2ec0dcbbd268977e4ebb098637b4e4fc19156ba02110c4b6,ade3c9951c450359f38b47874b775285448e74ce1733ea9e6ee4ba91b07f731c,0
AUSTEN_EMMA_008,modernize,batch_A,pass,,pass,pass,,599fbd379e6184ac2ec0dcbbd268977e4ebb098637b4e4fc19156ba02110c4b6,ddeb3fdedf53a8c602ef2ae1960e11a056b3251295f19130391c2b3d0dc48b63,0
AUSTEN_EMMA_008,simplify,batch_A,pass,,pass,pass,,599fbd379e6184ac2ec0dcbbd268977e4ebb098637b4e4fc19156ba02110c4b6,ec544fecad3b671e5b65f6ffa0f965bdefc0673e8096ab4f5be641fc17255abb,0
AUSTEN_EMMA_009,paraphrase,batch_A,pass,,pass,pass,,4353e60e96a053a6cebf0c93533628a0325be637580edc5b43bdbfc91ccae56b,e1d5ee588534ef751adb5138d5048fcad1a38c02c3608e1019ec575f718af998,0
AUSTEN_EMMA_009,modernize,batch_A,pass,,pass,pass,,4353e60e96a053a6cebf0c93533628a0325be637580edc5b43bdbfc91ccae56b,18b911c8c0d8ad6f601a1f7811244d2994910957d81f659c8f492ec182e7309c,0
AUSTEN_EMMA_009,simplify,batch_A,pass,,pass,pass,,4353e60e96a053a6cebf0c93533628a0325be637580edc5b43bdbfc91ccae56b,8f7f3f319f677f0ea3e5e95d4e6b79c498855e4cd469becc751a96afe3dddd92,0
AUSTEN_EMMA_010,paraphrase,batch_A,pass,,pass,pass,,7c1ca25d7d301f8ca66658595fa86b053d4a322f8584b8c6920cbfff921f0c76,31e4ff59ded5f03344a0f6ea961e505372f0db43bcf58d70de593983bfa9ee63,0
AUSTEN_EMMA_010,modernize,batch_A,pass,,pass,pass,,7c1ca25d7d301f8ca66658595fa86b053d4a322f8584b8c6920cbfff921f0c76,93e70800aeb62f95279b2299b67f4e726a8817fc018ee234379db540ec554901,0
AUSTEN_EMMA_010,simplify,batch_A,pass,,pass,pass,,7c1ca25d7d301f8ca66658595fa86b053d4a322f8584b8c6920cbfff921f0c76,8e989858eb9203b1b9ab7230510e86ecea655eb251be49ca8916f08a4bf3eaad,0
AUSTEN_EMMA_011,paraphrase,batch_A,pass,,pass,pass,,79253818657c94e8735c5e9a0fc7ce3319a2ced52265c0790fac74adfbbcb876,9bf5b9dbae9e70458fe2c3bea8b7cc376c1ba781adfc2377156b81ec57c3f931,0
AUSTEN_EMMA_011,modernize,batch_A,pass,,pass,pass,,79253818657c94e8735c5e9a0fc7ce3319a2ced52265c0790fac74adfbbcb876,e09c011c44024392382b106d61519bc89c908f1da40783deb094be1ab2563288,0
AUSTEN_EMMA_011,simplify,batch_A,pass,,pass,pass,,79253818657c94e8735c5e9a0fc7ce3319a2ced52265c0790fac74adfbbcb876,e922018fa0b560203e494295996ceca86a389f525201c266c796774207b41e0d,0
AUSTEN_EMMA_012,paraphrase,batch_A,pass,,pass,pass,,5943644ca82823e88169f8b8ad4cfb7d99db45c726ab09e0c71f475c326f509e,c71c8f3f30cdb3d56632e4aa4b64986b19da2f20be403baaea964b0678ea0bb1,0
AUSTEN_EMMA_012,modernize,batch_A,pass,,pass,pass,,5943644ca82823e88169f8b8ad4cfb7d99db45c726ab09e0c71f475c326f509e,0e0e041ca80985eeec4b4a8ca09f15800d208920895e17c3004ec9b24911170d,0
AUSTEN_EMMA_012,simplify,batch_A,pass,,pass,pass,,5943644ca82823e88169f8b8ad4cfb7d99db45c726ab09e0c71f475c326f509e,1afc5caffa89200a5ad5334c7eaa8bb05fc2648aafbf977088b644bb405c5b76,0
AUSTEN_EMMA_013,paraphrase,batch_A,pass,,pass,pass,,8fe43f101095139bb9d5d5e3409a0491dcf670753d0c20cd1d82913e3734e602,79ada91b0eafa413ecbda185009ca8c5aa4ff90f2682dc9e4cb7549ce381fb6d,0
AUSTEN_EMMA_013,modernize,batch_A,pass,,pass,pass,,8fe43f101095139bb9d5d5e3409a0491dcf670753d0c20cd1d82913e3734e602,ddf6df8a82c803e9616a41c7f9254762dfc42513e18b02a374cc16bc57540835,0
AUSTEN_EMMA_013,simplify,batch_A,pass,,pass,pass,,8fe43f101095139bb9d5d5e3409a0491dcf670753d0c20cd1d82913e3734e602,65c50c9e3b1c110a1d0d8d4b090afd7b505868c4a615ca1c2e379a235c98c468,0
AUSTEN_EMMA_014,paraphrase,batch_A,pass,,pass,pass,,24f10e1a7808601ade8265ee598ce376cf73446633a271fa473f3a2c5cbc2c32,ebfc8aba16715a357830fa68b3496e37078a1652140f009f711feec2f20a3ade,0
AUSTEN_EMMA_014,modernize,batch_A,pass,,pass,pass,,24f10e1a7808601ade8265ee598ce376cf73446633a271fa473f3a2c5cbc2c32,a3977295215e28605bf62b306652d79ea5a92b08163e7892b6beb9527b66cf2f,0
AUSTEN_EMMA_014,simplify,batch_A,pass,,pass,pass,,24f10e1a7808601ade8265ee598ce376cf73446633a271fa473f3a2c5cbc2c32,fa42e903fdd57201bae2747f0e401d692ae9e2459a1564459bd15a13141ccb11,0
AUSTEN_EMMA_015,paraphrase,batch_A,pass,,pass,pass,,04cb8579035412bf9e93d7304b989dc5692e1404cc6388b82f0ff3266ce13bd9,3714bba36013bedbaa977e0e7be0887b113f181366bd4a379cc8b1f830705406,0
AUSTEN_EMMA_015,modernize,batch_A,pass,,pass,pass,,04cb8579035412bf9e93d7304b989dc5692e1404cc6388b82f0ff3266ce13bd9,811c04d1332f9fe2ed14512655b4ac8d69e7b4118f0689c62891b93868b075b4,0
AUSTEN_EMMA_015,simplify,batch_A,pass,,pass,pass,,04cb8579035412bf9e93d7304b989dc5692e1404cc6388b82f0ff3266ce13bd9,ae252fd78a6425d9a1615e1b4b836ddd311c9fe93c8ed394653b30bf7560511f,0
AUSTEN_EMMA_016,paraphrase,batch_A,pass,,pass,pass,,3683d76cb00e585399ca913cfd5bdc4ee4f2dee74f0d2d727d9a8c68b670a5b2,b1ba29eda6bc9ee5a2c144ac7c5a306658fa134895f0f1a9ac0ebcaf8ff65f77,0
AUSTEN_EMMA_016,modernize,batch_A,pass,,pass,pass,,3683d76cb00e585399ca913cfd5bdc4ee4f2dee74f0d2d727d9a8c68b670a5b2,6926b1fe395923d40342553c803405ee7ee19dd5c67500454a696c7840d7bc51,0
AUSTEN_EMMA_016,simplify,batch_A,pass,,pass,pass,,3683d76cb00e585399ca913cfd5bdc4ee4f2dee74f0d2d727d9a8c68b670a5b2,904985073d4dfc441c40f0d4185664f4632430a5196c1200541e2e8950cad0b8,0
AUSTEN_EMMA_017,paraphrase,batch_A,pass,,pass,pass,,c169cf754684f68e5287036ad95daf7aecef7afefcc02f73cc8fdbd5f1bbdcd2,cd49f89fb4e9c82908d2d2449de0e68168d7c017a1c022e9c011550e55f23dcc,0
AUSTEN_EMMA_017,modernize,batch_A,pass,,pass,pass,,c169cf754684f68e5287036ad95daf7aecef7afefcc02f73cc8fdbd5f1bbdcd2,ba0dbb9b0b7c8ca11a100418f345e5bb4dd01c8ef9701e48ad6c0c57f041f9a1,0
AUSTEN_EMMA_017,simplify,batch_A,pass,,pass,pass,,c169cf754684f68e5287036ad95daf7aecef7afefcc02f73cc8fdbd5f1bbdcd2,fc3767de35a85d4a7a78248f8ab97f89f9dddf0777e5be02c358716e380ff4c6,0
AUSTEN_EMMA_018,paraphrase,batch_A,pass,,pass,pass,,55dc7a48ee96c5b10422bb362830a6967881a1aba6fb448e9efdf74eaaff0400,99a6fcbc3c2b921479366d1a4e756a3d8e9a0f7bacc6a5f25eb6f8efddec6dd2,0
AUSTEN_EMMA_018,modernize,batch_A,pass,,pass,pass,,55dc7a48ee96c5b10422bb362830a6967881a1aba6fb448e9efdf74eaaff0400,c2685a44c8b7042d85ac38f61204d555b9c532a9cd6a396fb5c454b031cefa60,0
AUSTEN_EMMA_018,simplify,batch_A,pass,,pass,pass,,55dc7a48ee96c5b10422bb362830a6967881a1aba6fb448e9efdf74eaaff0400,e01075a64afff2a4372009fac34dff83c7fb6e7cf9ff2c25e592ddd276dfdcfb,0
AUSTEN_EMMA_019,paraphrase,batch_A,pass,,pass,pass,,9e78378782d509598c4bcf513829e9cf6ea584d91c7aecbf76efc729d8a1fd60,9171088d52b6317f1d118a113150270fcb0b6b0a7b01a6c78f0994ed286cbf1a,0
AUSTEN_EMMA_019,modernize,batch_A,pass,,pass,pass,,9e78378782d509598c4bcf513829e9cf6ea584d91c7aecbf76efc729d8a1fd60,cf0e48d3caeb310c483f2dfe578792af9b9d362fd267d8f4049f08966d123229,0
AUSTEN_EMMA_019,simplify,batch_A,pass,,pass,pass,,9e78378782d509598c4bcf513829e9cf6ea584d91c7aecbf76efc729d8a1fd60,8ab1d810bc441331cfecffd56bfcd1d50e99b18c1d07ca81392eeb078fdd057d,0
AUSTEN_EMMA_020,paraphrase,batch_A,pass,,pass,pass,,b23f9fa66672509bd7d337d6f3fd11314e3af9cb2183f2ab537e883a09cf92c9,f6f12f3d31088830e306e86e91738d5b1f557b9a86018bd15378e3ba9c3e2aaa,0
AUSTEN_EMMA_020,modernize,batch_A,pass,,pass,pass,,b23f9fa66672509bd7d337d6f3fd11314e3af9cb2183f2ab537e883a09cf92c9,328a227aa15c9f39897a71de6b662b19f6106a4e470bfe8bf390be5215ced930,0
AUSTEN_EMMA_020,simplify,batch_A,pass,,pass,pass,,b23f9fa66672509bd7d337d6f3fd11314e3af9cb2183f2ab537e883a09cf92c9,4615289f5424adcab41dd4a71f8a434b5e820838e7b2b44cc64bf258eda086f4,0
AUSTEN_EMMA_021,paraphrase,batch_A,pass,,pass,pass,,51d5c66981f2ee4a6736f77782a1a92b5b442743f811a7f839fc894c86926832,d6e40fdc9b5f13a9e7bc2dd4e4f6f0d2e52418a30511cf20b3889bbae7c30443,0
AUSTEN_EMMA_021,modernize,batch_A,pass,,pass,pass,,51d5c66981f2ee4a6736f77782a1a92b5b442743f811a7f839fc894c86926832,58f4d217d180ed84a5eda3df04e1a21af1676e8ff39b010672912b8167a7dbbf,0
AUSTEN_EMMA_021,simplify,batch_A,pass,,pass,pass,,51d5c66981f2ee4a6736f77782a1a92b5b442743f811a7f839fc894c86926832,cfd5d095f5bf620941f243ab6e3675f6fdb79ab158a38e870a8ff9af25aa5793,0
AUSTEN_EMMA_022,paraphrase,batch_A,pass,,pass,pass,,9730e6c2cb65556654cf020b2af46d5ae1f595e1ba4997fdf609d5f518753614,476e043fbba33f0c302257adbf375bd41b8d1fa38225f67b7ea52150460877bf,0
AUSTEN_EMMA_022,modernize,batch_A,pass,,pass,pass,,9730e6c2cb65556654cf020b2af46d5ae1f595e1ba4997fdf609d5f518753614,f3353a64be8bd4526dc2bbd778eec2b75592e4954e58edb719cb607572a4c07d,0
AUSTEN_EMMA_022,simplify,batch_A,pass,,pass,pass,,9730e6c2cb65556654cf020b2af46d5ae1f595e1ba4997fdf609d5f518753614,c07619b1d21e10ddb1506d2b78d548a65607b662ee2d8d1451a0036e202b6335,0
AUSTEN_EMMA_023,paraphrase,batch_A,pass,,pass,pass,,11e7b885c9481d99619632867397361486b5038d55445cc9623cc66a81126bba,bb2964f61cea5e7f2304548dc57d777dc05ee1e490e6e1743b9bbbf9b892b67a,0
AUSTEN_EMMA_023,modernize,batch_A,pass,,pass,pass,,11e7b885c9481d99619632867397361486b5038d55445cc9623cc66a81126bba,06ec9c2421e28b569d089415ee3e534097927f582bb38fd5f3364ef7c76295f0,0
AUSTEN_EMMA_023,simplify,batch_A,pass,,pass,pass,,11e7b885c9481d99619632867397361486b5038d55445cc9623cc66a81126bba,dfdb47d0e2253f6bca678c55328925faab2a53bca379f35ebe0921da6e45bfea,0
AUSTEN_EMMA_024,paraphrase,batch_A,pass,,pass,pass,,6113877adc489549b67c6bef6f7dea885829b25b730643acbc44149e37e93f20,74ee5064c7736639281fab38df1f3180fa4f3a06acf51fd26cc8e9c227ba3d47,0
AUSTEN_EMMA_024,modernize,batch_A,pass,,pass,pass,,6113877adc489549b67c6bef6f7dea885829b25b730643acbc44149e37e93f20,1bdfad518e33d21783ab05aadfc55ec961d9bc21a08c95eb9e00c68694033ad0,0
AUSTEN_EMMA_024,simplify,batch_A,pass,,pass,pass,,6113877adc489549b67c6bef6f7dea885829b25b730643acbc44149e37e93f20,683658c6dd7819861e61b0de946457fc0b9096d270da7bcf2349c631064fc800,0
AUSTEN_EMMA_025,paraphrase,batch_A,pass,,pass,pass,,02bb7eb748555224be90c928c9dee12f47650fd3a7fb5fe2157abee864da23a0,3b709341b5a50b646c458bcd7eab034986a13310210fa1961fa52ac0f9623151,0
AUSTEN_EMMA_025,modernize,batch_A,pass,,pass,pass,,02bb7eb748555224be90c928c9dee12f47650fd3a7fb5fe2157abee864da23a0,a77a71232140107ef95d8b6ed8a8c2942b5e1b0c63d554b0cb9ea646e9480adc,0
AUSTEN_EMMA_025,simplify,batch_A,pass,,pass,pass,,02bb7eb748555224be90c928c9dee12f47650fd3a7fb5fe2157abee864da23a0,5c0bc841399e1f12f0fe1100b28a4dacbecce55d21ffe7c712c5ba631d2c65c1,0
AUSTEN_EMMA_026,paraphrase,batch_A,pass,,pass,pass,,5893b15384a58f7fefdfbdf6a6df84cc577f6b1ed7e6d77457b92082d541df0a,0f5999058bd7c8890a585aaf93bc4060eb154027919049a1255a293b0927d3de,0
AUSTEN_EMMA_026,modernize,batch_A,pass,,pass,pass,,5893b15384a58f7fefdfbdf6a6df84cc577f6b1ed7e6d77457b92082d541df0a,5a2b57ba53555a626814b9ba042bb54343b9920af1bd6debd2a7a14d6a5b779b,0
AUSTEN_EMMA_026,simplify,batch_A,pass,,pass,pass,,5893b15384a58f7fefdfbdf6a6df84cc577f6b1ed7e6d77457b92082d541df0a,af71b929a25a82645801c2666c7e75eb492e0a53556f011fc5d946687f7ec42b,0
AUSTEN_EMMA_027,paraphrase,batch_A,pass,,pass,pass,,6855bacf19d65b67cf4a1f644e4dda9f18f5911380879b0a4bca251ef15f3ae6,90fb94625d10fb73b8caca02612733671e1c7363609beea341269a783aee2505,0
AUSTEN_EMMA_027,modernize,batch_A,pass,,pass,pass,,6855bacf19d65b67cf4a1f644e4dda9f18f5911380879b0a4bca251ef15f3ae6,e69065a3e486a83236a3b75935b2fdceddfb0a2e0c78f0972bf638b53e68fbfe,0
AUSTEN_EMMA_027,simplify,batch_A,pass,,pass,pass,,6855bacf19d65b67cf4a1f644e4dda9f18f5911380879b0a4bca251ef15f3ae6,1c6197b2591315d7f94a4e2b014e16305e3a4b2d8d15dce050ced14694e84c7b,0
AUSTEN_EMMA_028,paraphrase,batch_A,pass,,pass,pass,,6cf70c92cfb9ee63f4ca02466a80ef543f40a2c8e924a037737cc6dc13454904,b1a4e01e65baefbc65048c53978579e98130cf6c1035d908cdde0755cd910f55,0
AUSTEN_EMMA_028,modernize,batch_A,pass,,pass,pass,,6cf70c92cfb9ee63f4ca02466a80ef543f40a2c8e924a037737cc6dc13454904,bbe581cb9a1c2aae92afad55d2ea32b03f063fc965ed55f501e4214d2f4c31fc,0
AUSTEN_EMMA_028,simplify,batch_A,pass,,pass,pass,,6cf70c92cfb9ee63f4ca02466a80ef543f40a2c8e924a037737cc6dc13454904,affc715718e3fe7d2162009c9ef7f210b4fa9a991cfa39011db2da2d897786d8,0
AUSTEN_EMMA_029,paraphrase,batch_A,pass,,pass,pass,,4abe65df94999c4b2b534ad70538e278b1ebd2c4f0b9c06b4a4f592715b9ccf1,9bfca1211f01a73d4a570a72c59afeaa7f6d0842560209d9934c146a90561d95,0
AUSTEN_EMMA_029,modernize,batch_A,pass,,pass,pass,,4abe65df94999c4b2b534ad70538e278b1ebd2c4f0b9c06b4a4f592715b9ccf1,6215be70dd140a20a79ec47ab7061737845b02b1ee5fec3b7bc0eea32b9d03a6,0
AUSTEN_EMMA_029,simplify,batch_A,pass,,pass,pass,,4abe65df94999c4b2b534ad70538e278b1ebd2c4f0b9c06b4a4f592715b9ccf1,fe93db29b9ce9fe963190a6b0ab16d471cf8b0e1cebb2b3508d0e73ce1a17927,0
AUSTEN_EMMA_030,paraphrase,batch_A,pass,,pass,pass,,2dd7a57b1c1d15bb32236751cbab31c2cc337a31d75a3346a082ed3c103668b7,127b10185d4f342a1cd6f22ea57f189d59a3d133a0ab4ffc923691bba7328895,0
AUSTEN_EMMA_030,modernize,batch_A,pass,,pass,pass,,2dd7a57b1c1d15bb32236751cbab31c2cc337a31d75a3346a082ed3c103668b7,7e1db5a6d208e56d7ef91d9ddec31b27399642480fb1848bd7c043138fee4529,0
AUSTEN_EMMA_030,simplify,batch_A,pass,,pass,pass,,2dd7a57b1c1d15bb32236751cbab31c2cc337a31d75a3346a082ed3c103668b7,f3c5661a1c1a333550f5f02e57de0e976967f3ad0215aedc7ce45562ae5377c0,0
AUSTEN_PRIDE_AND_PREJUDICE_001,paraphrase,batch_A,pass,,pass,pass,,2e90bedb188b5c3d7247543a8d9281e4a6a540d3dfea596e037c02533dcbedca,7018423daf962c3709c105a41c93649777503f0b06adbd43154bf50b80828a99,0
AUSTEN_PRIDE_AND_PREJUDICE_001,modernize,batch_A,pass,,pass,pass,,2e90bedb188b5c3d7247543a8d9281e4a6a540d3dfea596e037c02533dcbedca,d4fb9d4d49367c4dcc75e8ea3204d9aa8ba73a356221ff50a585def1b0c51f8d,0
AUSTEN_PRIDE_AND_PREJUDICE_001,simplify,batch_A,pass,,pass,pass,,2e90bedb188b5c3d7247543a8d9281e4a6a540d3dfea596e037c02533dcbedca,9c49de6f58bfbbe50e6f6b4617d9624f2fc779ec24130174bae4119d550facd2,0
AUSTEN_PRIDE_AND_PREJUDICE_002,paraphrase,batch_A,pass,,pass,pass,,0d493b0738d5c9fb0bc72621fe5dd493181d15d8c98618f95544f5a1d46aab5d,e9002607ef88bc3738da396af9e581fe598136447b56d4e3ad253f8110043b78,0
AUSTEN_PRIDE_AND_PREJUDICE_002,modernize,batch_A,pass,,pass,pass,,0d493b0738d5c9fb0bc72621fe5dd493181d15d8c98618f95544f5a1d46aab5d,17ad3b2e3a2ac81ae0c325686b6a6aacbd18727c3919e8964b3ef38814477a39,0
AUSTEN_PRIDE_AND_PREJUDICE_002,simplify,batch_A,pass,,pass,pass,,0d493b0738d5c9fb0bc72621fe5dd493181d15d8c98618f95544f5a1d46aab5d,0f3588d9799731b2c28adf67e7d7dca46b7c88189923142a2e1a2ba12863ebfb,0
AUSTEN_PRIDE_AND_PREJUDICE_003,paraphrase,batch_A,pass,,pass,pass,,fd2a8e92489d7eeb8a4a56a44ea6d35ef2065b1d2b04252e1d9ce2d50cd8c0c8,c3aa6445d7b6b26ef22092e071447e40e440e04bbac8a39981c1cb1422dda9d0,0
AUSTEN_PRIDE_AND_PREJUDICE_003,modernize,batch_A,pass,,pass,pass,,fd2a8e92489d7eeb8a4a56a44ea6d35ef2065b1d2b04252e1d9ce2d50cd8c0c8,db0f673e4f1a6b1d7f9d2b84bc7cc83f0844b9510ae99c250feb746a2c20aef2,0
AUSTEN_PRIDE_AND_PREJUDICE_003,simplify,batch_A,pass,,pass,pass,,fd2a8e92489d7eeb8a4a56a44ea6d35ef2065b1d2b04252e1d9ce2d50cd8c0c8,af6914245a4c728ff72e8f55bcbb66e96c6a709dfc8f827ccb7c043d624fb7e9,0
AUSTEN_PRIDE_AND_PREJUDICE_004,paraphrase,batch_A,pass,,pass,pass,,93274bb826792c4703de313dbf11303265bb210eb2da520cab74d8b2a9b15106,c6d379e7315037d693ca14c709bdf09724972c838b86b3d916ab1422fa9b8d99,0
AUSTEN_PRIDE_AND_PREJUDICE_004,modernize,batch_A,pass,,pass,pass,,93274bb826792c4703de313dbf11303265bb210eb2da520cab74d8b2a9b15106,b0d61de58a6d4d7547ac48b015fbec25f2e8ed364dc5c5b09bb7293ae5363ae3,0
AUSTEN_PRIDE_AND_PREJUDICE_004,simplify,batch_A,pass,,pass,pass,,93274bb826792c4703de313dbf11303265bb210eb2da520cab74d8b2a9b15106,5a9e818f18737ad439fadd53bae59ac556f8637f7ea3c353780c17a8bcf76b97,0
AUSTEN_PRIDE_AND_PREJUDICE_005,paraphrase,batch_A,warning,length_soft_warning,warning,warning,length_soft_warning,1494782c06ada033a398567092e2d6d13c9edc9b1ba1a78274d2b2c6b910695c,233a9396bfe22f28c7a09162d72e705133d4694f01314960c307f857c84afcfe,0
AUSTEN_PRIDE_AND_PREJUDICE_005,modernize,batch_A,pass,,pass,pass,,1494782c06ada033a398567092e2d6d13c9edc9b1ba1a78274d2b2c6b910695c,30fd592ac315dc46515f42e05381afa29db123b1afc8da79f7e233a8715d62e2,0
AUSTEN_PRIDE_AND_PREJUDICE_005,simplify,batch_A,pass,,pass,pass,,1494782c06ada033a398567092e2d6d13c9edc9b1ba1a78274d2b2c6b910695c,990320dfa804295edb96e76bcaa88d79a07cd85e470a789cbb5263c4bd6c4b38,0
AUSTEN_PRIDE_AND_PREJUDICE_006,paraphrase,batch_A,pass,,pass,pass,,06bc8ce540d9a41d834ef191f41827b9096f405130185f86ed4a30e08d6291ec,1eda09f681729ce646dd8ac35252617ad0271afe63f9a16b0da807b9ce5dbd8d,0
AUSTEN_PRIDE_AND_PREJUDICE_006,modernize,batch_A,pass,,pass,pass,,06bc8ce540d9a41d834ef191f41827b9096f405130185f86ed4a30e08d6291ec,31b981538a3c8121e04296ddfa2a80b89c4fd37d7de61a82f315c892bf85ca56,0
AUSTEN_PRIDE_AND_PREJUDICE_006,simplify,batch_A,pass,,pass,pass,,06bc8ce540d9a41d834ef191f41827b9096f405130185f86ed4a30e08d6291ec,963e3f05129f459b8cf25ca5c0be59370c6bc64d71f391f89717ef1834cac3dd,0
AUSTEN_PRIDE_AND_PREJUDICE_007,paraphrase,batch_A,pass,,pass,pass,,5249187caaef84ccad8bdac2b8671a7fa95d917ba3fe7116a9b95dfafde904ba,54f135f470878c04b32a5f62042f839c079767f93b39c87d0adff21ebfca0316,0
AUSTEN_PRIDE_AND_PREJUDICE_007,modernize,batch_A,pass,,pass,pass,,5249187caaef84ccad8bdac2b8671a7fa95d917ba3fe7116a9b95dfafde904ba,e0e5255ef0c6cbb98bcc4320a792bfb53f4efdd7a969d089f55c1e99775b6f5e,0
AUSTEN_PRIDE_AND_PREJUDICE_007,simplify,batch_A,pass,,pass,pass,,5249187caaef84ccad8bdac2b8671a7fa95d917ba3fe7116a9b95dfafde904ba,7b322abaf1e4726a101b938da3cd3fd04fbaf7b515d1f9453a64f7e57caaacb5,0
AUSTEN_PRIDE_AND_PREJUDICE_008,paraphrase,batch_A,pass,,pass,pass,,19b19ad881efb2d3b12da457559ac5f428834212f9df8cc690e9bace1bdca9fc,d9410f4f7b7a6616cf650789b88433b84b19d9b94ff81fc40e6f6207ed3c0f68,0
AUSTEN_PRIDE_AND_PREJUDICE_008,modernize,batch_A,pass,,pass,pass,,19b19ad881efb2d3b12da457559ac5f428834212f9df8cc690e9bace1bdca9fc,d485bd28edb29885189eea9ebd071d72573ef02108f1016dd0de6b091948a4c0,0
AUSTEN_PRIDE_AND_PREJUDICE_008,simplify,batch_A,pass,,pass,pass,,19b19ad881efb2d3b12da457559ac5f428834212f9df8cc690e9bace1bdca9fc,50d0808b41eabfceb6280507328b6aeed7fbc2d8240c73c473bac78cf3f6b222,0
AUSTEN_PRIDE_AND_PREJUDICE_009,paraphrase,batch_A,pass,,pass,pass,,0fc90b82b49e30ac089d70dfcdb8e09d1e9eee9301643cd5a4a19005c7809a94,bcb2bef8c7f0fc5c9e7cf9369c45c3dc490814e1e080d13d288a2cd4180d0786,0
AUSTEN_PRIDE_AND_PREJUDICE_009,modernize,batch_A,pass,,pass,pass,,0fc90b82b49e30ac089d70dfcdb8e09d1e9eee9301643cd5a4a19005c7809a94,87fa27d788960d4776ed5db843ebd65362efa2d421919f473344698477305064,0
AUSTEN_PRIDE_AND_PREJUDICE_009,simplify,batch_A,pass,,pass,pass,,0fc90b82b49e30ac089d70dfcdb8e09d1e9eee9301643cd5a4a19005c7809a94,be48ff7339c85f13fdf68d503f784d7f87235c2998310209eb53be6888a6bb60,0
AUSTEN_PRIDE_AND_PREJUDICE_010,paraphrase,batch_A,pass,,pass,pass,,e5223f5dd2f7bf5270dd5f79bde5c1c1579ea917b4ab54834e4e72f377a95e02,9b71b1fef9245457f196ece97bdf2c04c849d6392b20094af2cc2f415fd8ce73,0
AUSTEN_PRIDE_AND_PREJUDICE_010,modernize,batch_A,pass,,pass,pass,,e5223f5dd2f7bf5270dd5f79bde5c1c1579ea917b4ab54834e4e72f377a95e02,1b89d57a895a85ddadc04ddfb459497e7137f814ff6927854e6b0ff0a2c0a3c8,0
AUSTEN_PRIDE_AND_PREJUDICE_010,simplify,batch_A,pass,,pass,pass,,e5223f5dd2f7bf5270dd5f79bde5c1c1579ea917b4ab54834e4e72f377a95e02,c290ba09f7bea55097396af640e74d5f946f3171d81efa33fc70a985a0634ff5,0
AUSTEN_PRIDE_AND_PREJUDICE_011,paraphrase,batch_A,pass,,pass,pass,,e686acd1b67770bfde8239d35ad7b4eff2e0cd986140e6ce1a1f39d3cfe36ae7,b2934a944d388b86f976f593a19740516bf71614282471a4c77f450e32c3492c,0
AUSTEN_PRIDE_AND_PREJUDICE_011,modernize,batch_A,pass,,pass,pass,,e686acd1b67770bfde8239d35ad7b4eff2e0cd986140e6ce1a1f39d3cfe36ae7,1845ea07f9083f841934c3b8e2e87765400ea45bfbed7928f4cd147c005739a2,0
AUSTEN_PRIDE_AND_PREJUDICE_011,simplify,batch_A,pass,,pass,pass,,e686acd1b67770bfde8239d35ad7b4eff2e0cd986140e6ce1a1f39d3cfe36ae7,27094d10191ac779b2eb63d340ae82aec930f1c76dbc5cfb84a3520cdabcefb1,0
AUSTEN_PRIDE_AND_PREJUDICE_012,paraphrase,batch_A,warning,length_soft_warning,warning,warning,length_soft_warning,06ddede9f51d40f1d381ae47d52ac75a8d37d829b195123912a8c2a8595c12c2,73dc9b8d0e08e07c71e5649cd9f3f49d7ccb5b685b2c265f25e850f6c6378f18,0
AUSTEN_PRIDE_AND_PREJUDICE_012,modernize,batch_A,pass,,pass,pass,,06ddede9f51d40f1d381ae47d52ac75a8d37d829b195123912a8c2a8595c12c2,08868377fc94523b5777076f77a5d8a787b226ced7e107c612721da9bcc54204,0
AUSTEN_PRIDE_AND_PREJUDICE_012,simplify,batch_A,pass,,pass,pass,,06ddede9f51d40f1d381ae47d52ac75a8d37d829b195123912a8c2a8595c12c2,1dba42f27371e3ea0adf243c0254dffdd46ac319bf1b9f699d1972d433b42536,0
AUSTEN_PRIDE_AND_PREJUDICE_013,paraphrase,batch_A,pass,,pass,pass,,92f04b170bca1a4c25e217f77f2c6706f9e5ca75d34878df457a19b28379a4e9,919f4006f61072affb52a65fc40fcfbf8524a3f5672e14f275c1635539b75bb5,0
AUSTEN_PRIDE_AND_PREJUDICE_013,modernize,batch_A,pass,,pass,pass,,92f04b170bca1a4c25e217f77f2c6706f9e5ca75d34878df457a19b28379a4e9,90b153c92a4134780c6b9e013424565fcb5e0f45be740dbad16a196d739ae9b6,0
AUSTEN_PRIDE_AND_PREJUDICE_013,simplify,batch_A,pass,,pass,pass,,92f04b170bca1a4c25e217f77f2c6706f9e5ca75d34878df457a19b28379a4e9,0bbf15b939a9bf70fbfd18f5a6bad3cb73e064bc9fd71ee3a181eebb80e0ee98,0
AUSTEN_PRIDE_AND_PREJUDICE_014,paraphrase,batch_A,pass,,pass,pass,,3b2aef90afd46e2eec091f804d0ba15afb25fc42be59ab77f756930383752c16,2116f09e7d46713aee7a184359d733f8a687659b8d1afcb15ead67367c2533da,0
AUSTEN_PRIDE_AND_PREJUDICE_014,modernize,batch_A,pass,,pass,pass,,3b2aef90afd46e2eec091f804d0ba15afb25fc42be59ab77f756930383752c16,0e73cdf60a84e7dbad2ebd77108c0010a783ebab51c7626321e29e29804979e0,0
AUSTEN_PRIDE_AND_PREJUDICE_014,simplify,batch_A,pass,,pass,pass,,3b2aef90afd46e2eec091f804d0ba15afb25fc42be59ab77f756930383752c16,c7f06dea846619284aaeb23a44721445060ecece92fd85794349b178af037514,0
AUSTEN_PRIDE_AND_PREJUDICE_015,paraphrase,batch_A,pass,,pass,pass,,fe863cc68695516ac43c9d7fd4458c5a4b8e59c941e2743792792cfb374abd85,1d8baae9ccf4f54268d2b8bf191f143ca533e3a3b413e931886985689774345e,0
AUSTEN_PRIDE_AND_PREJUDICE_015,modernize,batch_A,pass,,pass,pass,,fe863cc68695516ac43c9d7fd4458c5a4b8e59c941e2743792792cfb374abd85,8f65147785602a26700b28352becab843f965ac17423b46cf9214e012ff89559,0
AUSTEN_PRIDE_AND_PREJUDICE_015,simplify,batch_A,pass,,pass,pass,,fe863cc68695516ac43c9d7fd4458c5a4b8e59c941e2743792792cfb374abd85,467aca08288ab5c44ac2f2a59aa760e1766c293c97782910a415a721468e435d,0
AUSTEN_PRIDE_AND_PREJUDICE_016,paraphrase,batch_A,pass,,pass,pass,,d8eeca4bd437e37fff1a7de536205fd86545e6dc760f2e5d82920cd49fd5b564,59ec7e53cb3db807ca51a1b0692b62043010d76e27ff08cb4def9abd33cfcc1a,0
AUSTEN_PRIDE_AND_PREJUDICE_016,modernize,batch_A,pass,,pass,pass,,d8eeca4bd437e37fff1a7de536205fd86545e6dc760f2e5d82920cd49fd5b564,23bdee037a256c05ea99a9c85851046fd50b4453ceb12095c64fe8636c58f95c,0
AUSTEN_PRIDE_AND_PREJUDICE_016,simplify,batch_A,pass,,pass,pass,,d8eeca4bd437e37fff1a7de536205fd86545e6dc760f2e5d82920cd49fd5b564,6e310873919bfd388ec94c2a82c8c4166e6a3f3d34c9e537e46b75d7070bd8ec,0
AUSTEN_PRIDE_AND_PREJUDICE_017,paraphrase,batch_A,pass,,pass,pass,,ec4d251b7ecf49d012f98b30aef04ae6819089b9c94ec5c7cdb9383eb3b9b8dc,751f9516f451e3074dd4c4a02ad86763ef769fb61af5adfe93645acfb0cf82d3,0
AUSTEN_PRIDE_AND_PREJUDICE_017,modernize,batch_A,pass,,pass,pass,,ec4d251b7ecf49d012f98b30aef04ae6819089b9c94ec5c7cdb9383eb3b9b8dc,d37ac88aac2d2b1adf90dbe1f38eaf7d0cb70962c3ca9b5f4e63678adc0f8916,0
AUSTEN_PRIDE_AND_PREJUDICE_017,simplify,batch_A,pass,,pass,pass,,ec4d251b7ecf49d012f98b30aef04ae6819089b9c94ec5c7cdb9383eb3b9b8dc,03fc0761cb30a9334b19acab6ddc4c2ef042e3b630f39253d9e99c4e8f64ca37,0
AUSTEN_PRIDE_AND_PREJUDICE_018,paraphrase,batch_A,pass,,pass,pass,,cf7a72510d8f2cb9f43333b7ee769d9cfbbec4002ed512f96944587975c545ca,7fe95675185440866af32caf35ca52c4757ecf672170e8ae6898b384db572591,0
AUSTEN_PRIDE_AND_PREJUDICE_018,modernize,batch_A,pass,,pass,pass,,cf7a72510d8f2cb9f43333b7ee769d9cfbbec4002ed512f96944587975c545ca,99a4ca14920d4750779b3939647cc7ff22ecbd9b7be9f12b47f335e22c099776,0
AUSTEN_PRIDE_AND_PREJUDICE_018,simplify,batch_A,pass,,pass,pass,,cf7a72510d8f2cb9f43333b7ee769d9cfbbec4002ed512f96944587975c545ca,16ff758cd4910547c65dee51da4bf90431fdbc19c8db3448eeb75aeea177d5bb,0
AUSTEN_PRIDE_AND_PREJUDICE_019,paraphrase,batch_A,pass,,pass,pass,,1a162a59ade96be34c1f35f1531957895bec8053931960e455e2d3042be39d38,e5b56f23b442055cd33fb66aa8b09036e0f8ca86052f5cc0e1d056f41dae270d,0
AUSTEN_PRIDE_AND_PREJUDICE_019,modernize,batch_A,pass,,pass,pass,,1a162a59ade96be34c1f35f1531957895bec8053931960e455e2d3042be39d38,e3f17b07578ba116222d85796b758c2eea2adfbf39cdbc17dc20620978578a3a,0
AUSTEN_PRIDE_AND_PREJUDICE_019,simplify,batch_A,pass,,pass,pass,,1a162a59ade96be34c1f35f1531957895bec8053931960e455e2d3042be39d38,cd09cf1095509117c8879c58d23597b320916893a4ff84d749d93e5113fe770b,0
AUSTEN_PRIDE_AND_PREJUDICE_020,paraphrase,batch_A,warning,length_soft_warning,warning,warning,length_soft_warning,78fc24aae1437db7b6caf35e55bc03b8ad93f56d3b08d0356467a4766042a92f,20489e3f22bd093fc581627837546d9ebe81b42382877eff5fd09d97856a591f,0
AUSTEN_PRIDE_AND_PREJUDICE_020,modernize,batch_A,pass,,pass,pass,,78fc24aae1437db7b6caf35e55bc03b8ad93f56d3b08d0356467a4766042a92f,60e545c397c29c1692fc3e345bc6e2b1b1eee0ac242d2e8b2036084b69702e6c,0
AUSTEN_PRIDE_AND_PREJUDICE_020,simplify,batch_A,pass,,pass,pass,,78fc24aae1437db7b6caf35e55bc03b8ad93f56d3b08d0356467a4766042a92f,52182b5488ce5b8c6648d7f8ca878299893d8813eca9fd936ab158a7be76e33d,0
AUSTEN_PRIDE_AND_PREJUDICE_021,paraphrase,batch_A,pass,,pass,pass,,daad51fa318661ef362e8b965de58d421e5eb857dfe1ba6523f800f7312f4936,f766ff09e9d62043c1f7f86a002a74cbfd264a0bb12ea7379837df6e44fed6e6,0
AUSTEN_PRIDE_AND_PREJUDICE_021,modernize,batch_A,pass,,pass,pass,,daad51fa318661ef362e8b965de58d421e5eb857dfe1ba6523f800f7312f4936,8605556dae487671d7189d0d20723aa43b3ba4a33572fe1f92bf56de257a78db,0
AUSTEN_PRIDE_AND_PREJUDICE_021,simplify,batch_A,pass,,pass,pass,,daad51fa318661ef362e8b965de58d421e5eb857dfe1ba6523f800f7312f4936,ee7bab9f4e23a52131d475b3c14d41153884e0388e76595c4ced8f42f7bfb1e6,0
AUSTEN_PRIDE_AND_PREJUDICE_022,paraphrase,batch_A,warning,length_hard_warning,warning,warning,length_hard_warning,f4ff0319e886c2999e85221a802fe80979eb6f4409ebb72bc324016f6915f7ee,522f4273956799121dd209803f7e44d352f1ffb08694ca62440073216629a230,0
AUSTEN_PRIDE_AND_PREJUDICE_022,modernize,batch_A,pass,,pass,pass,,f4ff0319e886c2999e85221a802fe80979eb6f4409ebb72bc324016f6915f7ee,d8882b24dc25389309053f5766ee12dd4e102507d56cbe9092086e4eedd5a692,0
AUSTEN_PRIDE_AND_PREJUDICE_022,simplify,batch_A,pass,,pass,pass,,f4ff0319e886c2999e85221a802fe80979eb6f4409ebb72bc324016f6915f7ee,229b0e3923bc299dd1fc9dfbb32445df37787e4d5bcc7f4ce70dd3fbbcb9369e,0
AUSTEN_PRIDE_AND_PREJUDICE_023,paraphrase,batch_A,pass,,pass,pass,,2e7d4a1f4a847b90bce8e20f4213087802a60ed99b4ae9f81065be09c48010b5,33c19c466827425bcd8ad642fffdab53b9468a49f61883cb0191940269e52b8c,0
AUSTEN_PRIDE_AND_PREJUDICE_023,modernize,batch_A,pass,,pass,pass,,2e7d4a1f4a847b90bce8e20f4213087802a60ed99b4ae9f81065be09c48010b5,cf75e0236c7122caf5550107302c3630e79b495d6b94131541287f076654e889,0
AUSTEN_PRIDE_AND_PREJUDICE_023,simplify,batch_A,pass,,pass,pass,,2e7d4a1f4a847b90bce8e20f4213087802a60ed99b4ae9f81065be09c48010b5,cd000f02f9b5043e9d416141d7fdd61af30837422ab6160d147375267fa7ef57,0
AUSTEN_PRIDE_AND_PREJUDICE_024,paraphrase,batch_A,pass,,pass,pass,,51ddb59ba6cfb863a5585dd1d958ead4f1416f6a2af118c52b11997bad4a71f8,7d55fadd254ace3f15c09915404d3da6c2716eafa598986da377a80eeea21f5b,0
AUSTEN_PRIDE_AND_PREJUDICE_024,modernize,batch_A,pass,,pass,pass,,51ddb59ba6cfb863a5585dd1d958ead4f1416f6a2af118c52b11997bad4a71f8,8de1f05792681b36bfec815d2126209f0e1ac30caccc114ac8fbbe4a8dd4b81c,0
AUSTEN_PRIDE_AND_PREJUDICE_024,simplify,batch_A,pass,,pass,pass,,51ddb59ba6cfb863a5585dd1d958ead4f1416f6a2af118c52b11997bad4a71f8,0b091f34aad47a491a21f69b9fabc67cb3db96f7af5a40a86eb1c56c3f96ea91,0
AUSTEN_PRIDE_AND_PREJUDICE_025,paraphrase,batch_A,warning,length_hard_warning,warning,warning,length_hard_warning,72d8f6b073ad16f283c5452d88fe47a1b935a2aae9ac121faf90f775dc238938,de9de01324d7845b6e0d2f31ee93d95ba52a76f96a40271d02fb98c0beabdda2,0
AUSTEN_PRIDE_AND_PREJUDICE_025,modernize,batch_A,pass,,pass,pass,,72d8f6b073ad16f283c5452d88fe47a1b935a2aae9ac121faf90f775dc238938,9d17204f5c03704da61982746eedbf5d8ad35b6eeaf6862736363e07e5d3552a,0
AUSTEN_PRIDE_AND_PREJUDICE_025,simplify,batch_A,pass,,pass,pass,,72d8f6b073ad16f283c5452d88fe47a1b935a2aae9ac121faf90f775dc238938,c7d0cbc3131ecdfeb64f9ad88b420b71590c63585e76df0f9331b9454e9d39c9,0
AUSTEN_PRIDE_AND_PREJUDICE_026,paraphrase,batch_A,pass,,pass,pass,,32c670f36acce153a943f2aab46ae7dc496aee747c41376719c111cbbd4ea560,ba81fa11073f6d924d2effd9fb84a010aee42fbe3ca01f454459358cdc80f10f,0
AUSTEN_PRIDE_AND_PREJUDICE_026,modernize,batch_A,pass,,pass,pass,,32c670f36acce153a943f2aab46ae7dc496aee747c41376719c111cbbd4ea560,65c674204b338c769668caba9dc01f400412b0918ef8ed80be1ac9a9ffb440da,0
AUSTEN_PRIDE_AND_PREJUDICE_026,simplify,batch_A,pass,,pass,pass,,32c670f36acce153a943f2aab46ae7dc496aee747c41376719c111cbbd4ea560,2604acb57b516e5a44a40f5e228734e34ad6e7c1ba6e1a8d8845a1cf634bfd7b,0
AUSTEN_PRIDE_AND_PREJUDICE_027,paraphrase,batch_A,pass,,pass,pass,,f7528f851b71b678096df5abb5f24f93519ecaabfcbf348db59eb935ddd07604,cc99555ed903d733e55c0c314c8222f7da7923591b520144c8d195b438ec424d,0
AUSTEN_PRIDE_AND_PREJUDICE_027,modernize,batch_A,pass,,pass,pass,,f7528f851b71b678096df5abb5f24f93519ecaabfcbf348db59eb935ddd07604,95794dfa9e210833860c8d5b8eb9e41b7f74855a7fbbe7a3911f9141295a0ad2,0
AUSTEN_PRIDE_AND_PREJUDICE_027,simplify,batch_A,pass,,pass,pass,,f7528f851b71b678096df5abb5f24f93519ecaabfcbf348db59eb935ddd07604,a3710325a2a352fb87fde75215a3c03f2f16f36ccba00c189f6211d63a48bb8d,0
AUSTEN_PRIDE_AND_PREJUDICE_028,paraphrase,batch_A,pass,,pass,pass,,e3fd8bd71c523d0fc7e1aae3901b2a397fd836cb668c0e8ee7bed19690609301,39d6aa5f0746d4d121742315011b558a7f9af1a9a0df2fbe136728e40af29ce6,0
AUSTEN_PRIDE_AND_PREJUDICE_028,modernize,batch_A,pass,,pass,pass,,e3fd8bd71c523d0fc7e1aae3901b2a397fd836cb668c0e8ee7bed19690609301,f87493e95af6e67bb8894a280938898860981b5d6b510ef67bf04247fe99f013,0
AUSTEN_PRIDE_AND_PREJUDICE_028,simplify,batch_A,pass,,pass,pass,,e3fd8bd71c523d0fc7e1aae3901b2a397fd836cb668c0e8ee7bed19690609301,1ebe92425ede798e55791926bcbfd87177f977d2fa7364ff9f984abedebcdd54,0
AUSTEN_PRIDE_AND_PREJUDICE_029,paraphrase,batch_A,pass,,pass,pass,,3f09eb080ac01f2d7981df9e633b22d9ad9eb6622457a5e3d2403c15def8046a,8491c3a6600779215140225ece94ce345ce76267133f253b274a856183d90a87,0
AUSTEN_PRIDE_AND_PREJUDICE_029,modernize,batch_A,pass,,pass,pass,,3f09eb080ac01f2d7981df9e633b22d9ad9eb6622457a5e3d2403c15def8046a,b875ed03f95d7641ed07c27ee4ac9b5948d5bee105ace467ba4516261a886663,0
AUSTEN_PRIDE_AND_PREJUDICE_029,simplify,batch_A,pass,,pass,pass,,3f09eb080ac01f2d7981df9e633b22d9ad9eb6622457a5e3d2403c15def8046a,170bcd15c2536f8ba27252b0a8213bc1c56a0b103968470a71e43f342bf7db25,0
AUSTEN_PRIDE_AND_PREJUDICE_030,paraphrase,batch_A,pass,,pass,pass,,1b52cd35a6d0dfef966769fb3fd016e9e93657be6630ef2b5c2628ce3aaef9e5,7f0ce18650160a8d46beb1bf4f2ee27745f34679289408c3e52107705a27bec7,0
AUSTEN_PRIDE_AND_PREJUDICE_030,modernize,batch_A,pass,,pass,pass,,1b52cd35a6d0dfef966769fb3fd016e9e93657be6630ef2b5c2628ce3aaef9e5,98fdfef74386f50fb1b854324efd371e47b71c2f4584e9bb3c75c5b443450414,0
AUSTEN_PRIDE_AND_PREJUDICE_030,simplify,batch_A,pass,,pass,pass,,1b52cd35a6d0dfef966769fb3fd016e9e93657be6630ef2b5c2628ce3aaef9e5,fd7220034604ae5d5d327188e34fe810b0d170f9a6bb42abd48f96329fa410dd,0
DICKENS_GREAT_EXPECTATIONS_001,paraphrase,batch_A,pass,,pass,pass,,a14bcf79680695028d171899208aa359ab9651261b698221a37d6d5ff665ad7f,677336cf5612c8a8d53bc90a44ad32b80ecc8800f3cec25bdefddc6629e6375c,0
DICKENS_GREAT_EXPECTATIONS_001,modernize,batch_A,pass,,pass,pass,,a14bcf79680695028d171899208aa359ab9651261b698221a37d6d5ff665ad7f,1e3f48073d928106d0107c94e9c9e9fa13b700cf0ea8182c36046c13af24dbb4,0
DICKENS_GREAT_EXPECTATIONS_001,simplify,batch_A,pass,,pass,pass,,a14bcf79680695028d171899208aa359ab9651261b698221a37d6d5ff665ad7f,cdd253c8b7ee9df1f5d609f26a0425c34baa01bf2f23d0136e833a69219392ca,0
DICKENS_GREAT_EXPECTATIONS_002,paraphrase,batch_A,pass,,pass,pass,,218b698f7f28079392a585601218df8d3d2ae59d6f4efe1bad1f0918b34b0701,37a31fb6712075eec7dff68847d1ff43a310e1a6368ca4198ead8b75eb956e82,0
DICKENS_GREAT_EXPECTATIONS_002,modernize,batch_A,pass,,pass,pass,,218b698f7f28079392a585601218df8d3d2ae59d6f4efe1bad1f0918b34b0701,a749096cab0cc8ced42ca3b18d15c6821e6a616762f68c6ff33a3d9caf02be96,0
DICKENS_GREAT_EXPECTATIONS_002,simplify,batch_A,pass,,pass,pass,,218b698f7f28079392a585601218df8d3d2ae59d6f4efe1bad1f0918b34b0701,6c4cca3eb72ec108678b371394754465373b26fd3c84c05ba71dc12e5126c464,0
DICKENS_GREAT_EXPECTATIONS_003,paraphrase,batch_A,pass,,pass,pass,,d9abe1f5fe4b4e4ff1e87965a3b6e85df5fb12050d26cf788c79103e6ac956f8,c616523cfb00f8c9f42383bf8d4cf5c69ff7e5081eeacedbd8695a4f94fb0338,0
DICKENS_GREAT_EXPECTATIONS_003,modernize,batch_A,pass,,pass,pass,,d9abe1f5fe4b4e4ff1e87965a3b6e85df5fb12050d26cf788c79103e6ac956f8,9ffaf3a997bcb5d8345c5526195286d55ae294ca789b7bf710aff5d7a276dfcc,0
DICKENS_GREAT_EXPECTATIONS_003,simplify,batch_A,pass,,pass,pass,,d9abe1f5fe4b4e4ff1e87965a3b6e85df5fb12050d26cf788c79103e6ac956f8,b2f3993a095bcaca069d741cbeaac731a1bafe1d71ece78de619c6c9205af40a,0
DICKENS_GREAT_EXPECTATIONS_004,paraphrase,batch_A,pass,,pass,pass,,07a0ea30ecbd37cccdc1f8062c0971291bac65c7ef08ed20c59b398e289b2bba,8c0cbf74cb2af724aa834d2387388d45e0b0ecf9695507c4ccd549184b647aed,0
DICKENS_GREAT_EXPECTATIONS_004,modernize,batch_A,pass,,pass,pass,,07a0ea30ecbd37cccdc1f8062c0971291bac65c7ef08ed20c59b398e289b2bba,27dc98a32244c06d40765f13c8f3466d3e869d159b6b5ea3181e4ae674453872,0
DICKENS_GREAT_EXPECTATIONS_004,simplify,batch_A,pass,,pass,pass,,07a0ea30ecbd37cccdc1f8062c0971291bac65c7ef08ed20c59b398e289b2bba,b88dd470906a790429706ee310ba22db0721df96362dc342164d169f5c01535e,0
DICKENS_GREAT_EXPECTATIONS_005,paraphrase,batch_A,pass,,pass,pass,,ab84d5155f086e1178d9239452051cd1659f48d117abb2f28e699699042b7cdf,c8743fea47580db53a030aa7d4f82ea7fda48bb05c3fb4ac19d7431a1db659fa,0
DICKENS_GREAT_EXPECTATIONS_005,modernize,batch_A,pass,,pass,pass,,ab84d5155f086e1178d9239452051cd1659f48d117abb2f28e699699042b7cdf,421518f1159bbf895f1adff256fa444410a040d5fdaa059d5dcbd6bb3f665286,0
DICKENS_GREAT_EXPECTATIONS_005,simplify,batch_A,pass,,pass,pass,,ab84d5155f086e1178d9239452051cd1659f48d117abb2f28e699699042b7cdf,8bb14e085309a14d13b04cf973fb4fbfec00574ae57344d58c52003595e03187,0
DICKENS_GREAT_EXPECTATIONS_006,paraphrase,batch_A,warning,length_soft_warning,warning,warning,length_soft_warning,b5a8b2276df04c21d75935c937b1a8dd8e6b662db2e61192b9ff70c06c9ea4e6,2858cc097bbd1a7fecaa2041a205bd086b07c97a58f79f4a122fab342d40a530,0
DICKENS_GREAT_EXPECTATIONS_006,modernize,batch_A,pass,,pass,pass,,b5a8b2276df04c21d75935c937b1a8dd8e6b662db2e61192b9ff70c06c9ea4e6,fde947efb30a2a88d5686b894b84764c5a983e09cb8a67bdd4b098ff1861d1e2,0
DICKENS_GREAT_EXPECTATIONS_006,simplify,batch_A,pass,,pass,pass,,b5a8b2276df04c21d75935c937b1a8dd8e6b662db2e61192b9ff70c06c9ea4e6,18b6a86864a924baba6649e8b1aa1eb54c8f1cbfd7137955d242f3c516cb38c8,0
DICKENS_GREAT_EXPECTATIONS_007,paraphrase,batch_A,pass,,pass,pass,,88c297d5c52992d952b2933a5dac696ee52307a7c326ae70270b22c6a59b0bf2,dd7bcc6d13766d0a669687d112bb197a04b2f139ff2d00f195a18b3f6c32383a,0
DICKENS_GREAT_EXPECTATIONS_007,modernize,batch_A,pass,,pass,pass,,88c297d5c52992d952b2933a5dac696ee52307a7c326ae70270b22c6a59b0bf2,c289c88dd075188808ee8cf5aa4c9867c27a27032c4c6bcef3be11745ae00539,0
DICKENS_GREAT_EXPECTATIONS_007,simplify,batch_A,pass,,pass,pass,,88c297d5c52992d952b2933a5dac696ee52307a7c326ae70270b22c6a59b0bf2,5ccfb5e18808ec97d2dc46c29fb9e5cc29fe30088f3340f46449e7554edf8656,0
DICKENS_GREAT_EXPECTATIONS_008,paraphrase,batch_A,pass,,pass,pass,,0db03806a2ca8e5bd922bec328ccac74392eef314cb6a6362a40911b73a7fb9b,0fba13ecf9a391a8ca465b0fea5738ea6cd4892a66361787d915b0c00d57fe45,0
DICKENS_GREAT_EXPECTATIONS_008,modernize,batch_A,pass,,pass,pass,,0db03806a2ca8e5bd922bec328ccac74392eef314cb6a6362a40911b73a7fb9b,4400cea381b551b748471a2496313498ae31f5f106c3b23c08a8fc60b5cac75f,0
DICKENS_GREAT_EXPECTATIONS_008,simplify,batch_A,pass,,pass,pass,,0db03806a2ca8e5bd922bec328ccac74392eef314cb6a6362a40911b73a7fb9b,0dae8ff257c4efcce159f266afc92e17cc2ee53ec3d776254240cb942f9ffe87,0
DICKENS_GREAT_EXPECTATIONS_009,paraphrase,batch_A,pass,,pass,pass,,aecd0dbd5d803d112e64f4ad8667e5bcdd70e1354d200d46f541ed7305af6126,5de74d80144fcabe7351d971fa5fdb264182998a84c3647d8e3f8a12eab89ce1,0
DICKENS_GREAT_EXPECTATIONS_009,modernize,batch_A,pass,,pass,pass,,aecd0dbd5d803d112e64f4ad8667e5bcdd70e1354d200d46f541ed7305af6126,145c0d1dcc2199fdabcfb98176753f0a3c3ea58160a61095b63e8114ef8c6375,0
DICKENS_GREAT_EXPECTATIONS_009,simplify,batch_A,pass,,pass,pass,,aecd0dbd5d803d112e64f4ad8667e5bcdd70e1354d200d46f541ed7305af6126,53f342d4842cb9dfe0a940bff7232c4d51780414df11d866f509ab79a5311927,0
DICKENS_GREAT_EXPECTATIONS_010,paraphrase,batch_A,pass,,pass,pass,,ca3825f8a12f94f0830973b8191cce3bf2b55f1aecc35cb58ca851a7315ebc41,8e52110484409859d47b83a1c79af2d1dd82493a0f70e0a4147e3b31e40b10ec,0
DICKENS_GREAT_EXPECTATIONS_010,modernize,batch_A,pass,,pass,pass,,ca3825f8a12f94f0830973b8191cce3bf2b55f1aecc35cb58ca851a7315ebc41,30be1bbccf28d32dbe3a83448ac0c820ec6c098f3b2b562cbf2407debd59218e,0
DICKENS_GREAT_EXPECTATIONS_010,simplify,batch_A,pass,,pass,pass,,ca3825f8a12f94f0830973b8191cce3bf2b55f1aecc35cb58ca851a7315ebc41,4c4e357f661623c62f884914d3be8cbd0b1b17a2c7e2026b1d6e1eba08db3694,0
DICKENS_GREAT_EXPECTATIONS_011,paraphrase,batch_A,pass,,pass,pass,,49d0ce45531f3b7d1343590542c4133f1cf2368fdec9dcaaa6d3ca41dab27069,1a49f03916913b4e7c5e344ed520d4e3c552a4b17fea2242e7cf83ac91dc029f,0
DICKENS_GREAT_EXPECTATIONS_011,modernize,batch_A,pass,,pass,pass,,49d0ce45531f3b7d1343590542c4133f1cf2368fdec9dcaaa6d3ca41dab27069,50a053b357ad4a477b898ab2797a7792848459f97d6f422b2f335a28b92092f2,0
DICKENS_GREAT_EXPECTATIONS_011,simplify,batch_A,pass,,pass,pass,,49d0ce45531f3b7d1343590542c4133f1cf2368fdec9dcaaa6d3ca41dab27069,0eaa20690258ed1ddef5edffd7c217c4df4549f57d05141efd45c4fbcc276ff7,0
DICKENS_GREAT_EXPECTATIONS_012,paraphrase,batch_A,pass,,pass,pass,,9db0757c51b0f209a40599e17787db71a8cdd618ada332fd4ae1e45bbef6c348,d6ddbe2ef79489c4058eaf649acaba71108c955c37a034a8e4568b05c64d369f,0
DICKENS_GREAT_EXPECTATIONS_012,modernize,batch_A,pass,,pass,pass,,9db0757c51b0f209a40599e17787db71a8cdd618ada332fd4ae1e45bbef6c348,e8b2aeacf2af73df314ae695a2ce72a5547a2f64dcf2a6ad84b9b0f51ce95331,0
DICKENS_GREAT_EXPECTATIONS_012,simplify,batch_A,pass,,pass,pass,,9db0757c51b0f209a40599e17787db71a8cdd618ada332fd4ae1e45bbef6c348,841805cd588645ca6e187c1314b7c618919e6fe02c91572b7b8ef25acbe9f971,0
DICKENS_GREAT_EXPECTATIONS_013,paraphrase,batch_A,warning,length_soft_warning,warning,warning,length_soft_warning,f00e6691333b74ea030e1ac75697bdf5b9193e56e0a6b269f7434c94676e1704,059eef6d6a44569d3863a71efeb675445369b592c21d3f32ea6936afd0f3df7e,0
DICKENS_GREAT_EXPECTATIONS_013,modernize,batch_A,pass,,pass,pass,,f00e6691333b74ea030e1ac75697bdf5b9193e56e0a6b269f7434c94676e1704,9b16cfb12ecb6aa01bd414172d3d1f79252cbf4a06ee06a1c33ff916992288e3,0
DICKENS_GREAT_EXPECTATIONS_013,simplify,batch_A,pass,,pass,pass,,f00e6691333b74ea030e1ac75697bdf5b9193e56e0a6b269f7434c94676e1704,0c02656cf8067567650c0825b7f53382bd31fcb11d1e06939f173d42e392d11c,0
DICKENS_GREAT_EXPECTATIONS_014,paraphrase,batch_A,pass,,pass,pass,,db0f6e9482429d8e4f32eb38aee208a81be016099bd3bf247a9c3b8aebcb4629,b6b7ac8d0f53bf0dccbbdf8ec0f98fe7053010b349e197e22ef5deb4f2985db9,0
DICKENS_GREAT_EXPECTATIONS_014,modernize,batch_A,pass,,pass,pass,,db0f6e9482429d8e4f32eb38aee208a81be016099bd3bf247a9c3b8aebcb4629,a6d197413ebb14032222623a5ff6b7cc60a30d8cdd11d24e1dd19807c1315c98,0
DICKENS_GREAT_EXPECTATIONS_014,simplify,batch_A,pass,,pass,pass,,db0f6e9482429d8e4f32eb38aee208a81be016099bd3bf247a9c3b8aebcb4629,88c4d5753e2340bed03bcd1eeb80f126b41ca844cb888a94425055fdf68ed19f,0
DICKENS_GREAT_EXPECTATIONS_015,paraphrase,batch_A,warning,length_soft_warning,warning,warning,length_soft_warning,ffdaf7d870a7523b23dab92f97d2209b8d3ab57d7f4f3a60b7449f2efe8e8818,2e39f3aa4cccd4f7ca4ce1d8a0ace7dd6741be14acf9f0161676d4fa48af0bdb,0
DICKENS_GREAT_EXPECTATIONS_015,modernize,batch_A,warning,length_soft_warning,warning,warning,length_soft_warning,ffdaf7d870a7523b23dab92f97d2209b8d3ab57d7f4f3a60b7449f2efe8e8818,b765b6030d300210b4335f2377865b577c798f7b25c1cc023f18d616ae477c85,0
DICKENS_GREAT_EXPECTATIONS_015,simplify,batch_A,warning,length_soft_warning,warning,warning,length_soft_warning,ffdaf7d870a7523b23dab92f97d2209b8d3ab57d7f4f3a60b7449f2efe8e8818,4344abdf216283f064ce6fbf3b0cc07b61e5016eb21280df2dd0894e44ac1d4c,0
DICKENS_GREAT_EXPECTATIONS_016,paraphrase,batch_A,pass,,pass,pass,,94fac8bede7adb1cd18b1582760320953a411e70533a91152bfdcdb857444a84,1fa5e3c8ad64eb6a18068f1a3d2695938cbc8f805523696c90a24eea1a90e875,0
DICKENS_GREAT_EXPECTATIONS_016,modernize,batch_A,pass,,pass,pass,,94fac8bede7adb1cd18b1582760320953a411e70533a91152bfdcdb857444a84,71d67178f5c2a0e6e6060d5f275146fe3f701a66c9ad4a60b0bb4b169095229e,0
DICKENS_GREAT_EXPECTATIONS_016,simplify,batch_A,pass,,pass,pass,,94fac8bede7adb1cd18b1582760320953a411e70533a91152bfdcdb857444a84,d38da34dd9d1d6a73f2213e781c93af6823ff673f6c8abc97139e22c9d9bfde8,0
DICKENS_GREAT_EXPECTATIONS_017,paraphrase,batch_A,pass,,pass,pass,,c5076910ed36d981eeb69dc861a05064e99e46d6515c1b6e5037d4b0b1a74d7d,bc42ecbadfb0188b22eb3bef27862c8e4a37e145344488087fe9023295bf1856,0
DICKENS_GREAT_EXPECTATIONS_017,modernize,batch_A,pass,,pass,pass,,c5076910ed36d981eeb69dc861a05064e99e46d6515c1b6e5037d4b0b1a74d7d,21b13dde0c101cbceee2a372ac1c3157e540c4082460b9b110bfd12f13526b77,0
DICKENS_GREAT_EXPECTATIONS_017,simplify,batch_A,pass,,pass,pass,,c5076910ed36d981eeb69dc861a05064e99e46d6515c1b6e5037d4b0b1a74d7d,0892cef3aebc67d4f898047f1cfb9fe71731a7cd283df8099bd5412257a7f933,0
DICKENS_GREAT_EXPECTATIONS_018,paraphrase,batch_A,pass,,pass,pass,,ac1b5cb0e82e689be3d96a2300c5e53d372106ab1c50d6bf5430c626dd48d426,6ad101a58ec3a86f9fca93e823ebf577693215b149e3f60b8418201106c851a3,0
DICKENS_GREAT_EXPECTATIONS_018,modernize,batch_A,pass,,pass,pass,,ac1b5cb0e82e689be3d96a2300c5e53d372106ab1c50d6bf5430c626dd48d426,5b07ad85afc67aeeb69690ab238a15b8c77f449c0fcf0cbd0d86000eaf2d0b49,0
DICKENS_GREAT_EXPECTATIONS_018,simplify,batch_A,pass,,pass,pass,,ac1b5cb0e82e689be3d96a2300c5e53d372106ab1c50d6bf5430c626dd48d426,77870d30c59716d1294cfd985670a31fffbf9095bf85df7b473a59ecdeb98b0d,0
DICKENS_GREAT_EXPECTATIONS_019,paraphrase,batch_A,pass,,pass,pass,,2263b5b73744173d343cda913211d0cee238fecd2c7013a6ae3d39a6c6bec02f,f35d309af053af50e5810f7ed9030a5e6a803d0ea9fdabcbe5c29364268fe20d,0
DICKENS_GREAT_EXPECTATIONS_019,modernize,batch_A,pass,,pass,pass,,2263b5b73744173d343cda913211d0cee238fecd2c7013a6ae3d39a6c6bec02f,d7ddaa7d180ec9ca002b6119e3df212e0cf9198e7f18daadf5b3aac3a63f914d,0
DICKENS_GREAT_EXPECTATIONS_019,simplify,batch_A,pass,,pass,pass,,2263b5b73744173d343cda913211d0cee238fecd2c7013a6ae3d39a6c6bec02f,33f03ddc5702efe4bd3f304a70a3e61d7041574e9e39833b7400db32f8f0f7a3,0
DICKENS_GREAT_EXPECTATIONS_020,paraphrase,batch_A,pass,,pass,pass,,98bbcb7fc72ec80e73766622015b21f8a7e2f6cb5c2d97b9a5fdd3876cd030e5,c0ef876c0d2ac240f0143f7365ccad41014f5e7049bc2767345e627393d11684,0
DICKENS_GREAT_EXPECTATIONS_020,modernize,batch_A,pass,,pass,pass,,98bbcb7fc72ec80e73766622015b21f8a7e2f6cb5c2d97b9a5fdd3876cd030e5,89bc68e2907538c3bf1b13fa6b4b2beda96f251fced2455a478dee971db561d6,0
DICKENS_GREAT_EXPECTATIONS_020,simplify,batch_A,pass,,pass,pass,,98bbcb7fc72ec80e73766622015b21f8a7e2f6cb5c2d97b9a5fdd3876cd030e5,fbe78d42f4c1d4c5b30aad00dd1f866b1ee43dea1a10f129a7209c98e35a1268,0
DICKENS_GREAT_EXPECTATIONS_021,paraphrase,batch_A,pass,,pass,pass,,9df620aa3ac14c5fc56c27bc1fd0bc02c1905829b860adfbce16d09efd66b0ef,101e6f562600d3a4b0d532ca2f12758c5eb4faa329734ac431bf4e8dd4ba3f86,0
DICKENS_GREAT_EXPECTATIONS_021,modernize,batch_A,pass,,pass,pass,,9df620aa3ac14c5fc56c27bc1fd0bc02c1905829b860adfbce16d09efd66b0ef,3087b9621cab9b79e997d20ea7af98f15a23d01f7bc1a41fb16e4c6da5fe81e5,0
DICKENS_GREAT_EXPECTATIONS_021,simplify,batch_A,pass,,pass,pass,,9df620aa3ac14c5fc56c27bc1fd0bc02c1905829b860adfbce16d09efd66b0ef,0431557fd30b4e46226b483b9b17c4c6eaf238f89d7fe826a0f4249f9d5a9471,0
DICKENS_GREAT_EXPECTATIONS_022,paraphrase,batch_A,pass,,pass,pass,,f69ae18ed2536c243c6f86baf561201ae53a536da88ff518711dfdc4fe6f9f57,88e55e604e786c99fbefe1b618bede99406974c408172922e3900a03ef5752d6,0
DICKENS_GREAT_EXPECTATIONS_022,modernize,batch_A,pass,,pass,pass,,f69ae18ed2536c243c6f86baf561201ae53a536da88ff518711dfdc4fe6f9f57,e67d9f89f1fee98d195de5b5c25063bbd4d6c58b773e5c6bbbc9faabac3d465e,0
DICKENS_GREAT_EXPECTATIONS_022,simplify,batch_A,pass,,pass,pass,,f69ae18ed2536c243c6f86baf561201ae53a536da88ff518711dfdc4fe6f9f57,4277cc233a239021ce268e53869fd7841c790a15a5fe227dd6bf5527b301d55f,0
DICKENS_GREAT_EXPECTATIONS_023,paraphrase,batch_A,pass,,pass,pass,,3f13a872ce208031d4c7a8a11602d4d36c53f287185782c8378cfa25e53815c0,b51ad1150f73bf41ff64b25eca888fe0aa9ae5350363937ce4f27645cce93f47,0
DICKENS_GREAT_EXPECTATIONS_023,modernize,batch_A,pass,,pass,pass,,3f13a872ce208031d4c7a8a11602d4d36c53f287185782c8378cfa25e53815c0,d3e629aa7e8b03e6ac66e1c15ca60058866f9afeb5f2c79c04136f94a0e0bca7,0
DICKENS_GREAT_EXPECTATIONS_023,simplify,batch_A,pass,,pass,pass,,3f13a872ce208031d4c7a8a11602d4d36c53f287185782c8378cfa25e53815c0,7d27a5dc9078eef2e603ed4b6fef1573b9e401e8f16893234d314232c8774079,0
DICKENS_GREAT_EXPECTATIONS_024,paraphrase,batch_A,warning,length_soft_warning,warning,warning,length_soft_warning,24d732e0187800b335e92d8220807bae564da9f8ba0ab1f4c5aab6cf4b298cdd,17ac47e0399af754f7e52434fa3bdc4abb38b2950735a1b6785a1424e025f0aa,0
DICKENS_GREAT_EXPECTATIONS_024,modernize,batch_A,pass,,pass,pass,,24d732e0187800b335e92d8220807bae564da9f8ba0ab1f4c5aab6cf4b298cdd,0aaafbe392cf3bf362bd87daf8a01c114dda64e81c1d1bd5099ea3f5005a9e73,0
DICKENS_GREAT_EXPECTATIONS_024,simplify,batch_A,pass,,pass,pass,,24d732e0187800b335e92d8220807bae564da9f8ba0ab1f4c5aab6cf4b298cdd,3f3eb2e905d64b879fa57fceb1a0b6379f5df8069770dc144ebffc94eb5babe4,0
DICKENS_GREAT_EXPECTATIONS_025,paraphrase,batch_A,pass,,pass,pass,,b6ef58d7148e1a21ea522497c2cda804024d54f77ebbd9e4f209d185972899c0,cafe77a7313eecdb66ef0b3e38682d939072ad9e05026b0dac7a05c4ce72c88e,0
DICKENS_GREAT_EXPECTATIONS_025,modernize,batch_A,pass,,pass,pass,,b6ef58d7148e1a21ea522497c2cda804024d54f77ebbd9e4f209d185972899c0,4bc8f96f59bd3e37ff1534b0c30ad54e62308b2db602bbb52e0ec0913730c6f7,0
DICKENS_GREAT_EXPECTATIONS_025,simplify,batch_A,pass,,pass,pass,,b6ef58d7148e1a21ea522497c2cda804024d54f77ebbd9e4f209d185972899c0,d4522af24cf3e49a6374178181b66ca533a1b842da2fd42626e2ade37f5d7750,0
DICKENS_GREAT_EXPECTATIONS_026,paraphrase,batch_A,pass,,pass,pass,,95b1548724dffd7e6aa1212e21dd945ab6c4cf5c8e9026e7106aadba1016c516,6a52432e9c630b92ae48fdc89afeab64e45130dd8b38439b6b32eb8429d6c2c1,0
DICKENS_GREAT_EXPECTATIONS_026,modernize,batch_A,pass,,pass,pass,,95b1548724dffd7e6aa1212e21dd945ab6c4cf5c8e9026e7106aadba1016c516,9e3fe2e35568777714650e2bc5d44d9a97052a1d8f05c71ae20465dfdf19a686,0
DICKENS_GREAT_EXPECTATIONS_026,simplify,batch_A,pass,,pass,pass,,95b1548724dffd7e6aa1212e21dd945ab6c4cf5c8e9026e7106aadba1016c516,ab9303fc59911d53cfbfc98cb2b3acec59519cc01bd2507e55fdbf891fecb882,0
DICKENS_GREAT_EXPECTATIONS_027,paraphrase,batch_A,pass,,pass,pass,,9559ba65bd8a777939bc7218684b0faad0a898c00f8608b83424246244ed203c,d45dc50d80e7db15b5fb68e9fa84219f94547d96052f3886320f7d69fc7bc3c4,0
DICKENS_GREAT_EXPECTATIONS_027,modernize,batch_A,pass,,pass,pass,,9559ba65bd8a777939bc7218684b0faad0a898c00f8608b83424246244ed203c,ebc008bc22f73d6797f84b46b555750eefa261d0a913b08d590b1868005ce967,0
DICKENS_GREAT_EXPECTATIONS_027,simplify,batch_A,pass,,pass,pass,,9559ba65bd8a777939bc7218684b0faad0a898c00f8608b83424246244ed203c,0366af16da65d897933dc6d5054df0aa25d1e8ec205a7f79904d7e2a396d42e5,0
DICKENS_GREAT_EXPECTATIONS_028,paraphrase,batch_A,pass,,pass,pass,,c132917e2cc1434d0722e917ecf2cd76e7d8505996d0ec8befabe878bf4f7a0d,2bb319dfe6bf42376bcc864e82b5396e6ac7098827e9eeccadf0fc4aeb6c0f5b,0
DICKENS_GREAT_EXPECTATIONS_028,modernize,batch_A,pass,,pass,pass,,c132917e2cc1434d0722e917ecf2cd76e7d8505996d0ec8befabe878bf4f7a0d,036580e19af7d3d5c022e9bc34ed529e4bfcc6e4afcca724bc5001e63f64137d,0
DICKENS_GREAT_EXPECTATIONS_028,simplify,batch_A,pass,,pass,pass,,c132917e2cc1434d0722e917ecf2cd76e7d8505996d0ec8befabe878bf4f7a0d,1ab28813d89ef3014ef4e57e9c6f16e1e0205d789a0117aef9cc65fb886289c3,0
DICKENS_GREAT_EXPECTATIONS_029,paraphrase,batch_A,pass,,pass,pass,,068cf8316ea5883797ecaec86812f440c8735918d9f619d1660a7e74f07cc096,33ab77e63f7bb753d43a8eef0ef7227cd336be5441906cc2833061508c047846,0
DICKENS_GREAT_EXPECTATIONS_029,modernize,batch_A,pass,,pass,pass,,068cf8316ea5883797ecaec86812f440c8735918d9f619d1660a7e74f07cc096,10f10580e73890395b539a62accd828c2c3d86cdd0ac4849b5e44a3aa035da0a,0
DICKENS_GREAT_EXPECTATIONS_029,simplify,batch_A,pass,,pass,pass,,068cf8316ea5883797ecaec86812f440c8735918d9f619d1660a7e74f07cc096,c73457277723b1accf8890f98d5061226c85a04dd76b2d4d6dc22bfd2496f861,0
DICKENS_GREAT_EXPECTATIONS_030,paraphrase,batch_A,pass,,pass,pass,,726f08e210dc788cdd024cbc25e107d7e693178fbf3dccd405276f2b8f6117e8,c0f76dd8f488b9841171c200b3439575e9c46a40d52690b620a5d53506c1fb3d,0
DICKENS_GREAT_EXPECTATIONS_030,modernize,batch_A,pass,,pass,pass,,726f08e210dc788cdd024cbc25e107d7e693178fbf3dccd405276f2b8f6117e8,c7d93f934550991b4af853e472300a33fd783fe2ee97d25bb01282e94e2a0303,0
DICKENS_GREAT_EXPECTATIONS_030,simplify,batch_A,pass,,pass,pass,,726f08e210dc788cdd024cbc25e107d7e693178fbf3dccd405276f2b8f6117e8,16ac5111a92cbb74d85c7546e023d92348bf63b3af58673bd9a8213f0760d788,0
DICKENS_OLIVER_TWIST_001,paraphrase,batch_A,pass,,pass,pass,,6444c69bf8417e60f910ac3fd90ff8f8fd3cf81c10ffd7caf97e94a4e2486c08,152072a676de0fccc58b589123462fce2f0eb44560729f014251ff997bb74910,0
DICKENS_OLIVER_TWIST_001,modernize,batch_A,pass,,pass,pass,,6444c69bf8417e60f910ac3fd90ff8f8fd3cf81c10ffd7caf97e94a4e2486c08,9f6dda77cbdf56b6345b29fbc946e849498263e1b2fb47b259cb627a9a939f7c,0
DICKENS_OLIVER_TWIST_001,simplify,batch_A,pass,,pass,pass,,6444c69bf8417e60f910ac3fd90ff8f8fd3cf81c10ffd7caf97e94a4e2486c08,a9e7eca2fcc60f6723324a7a1fdfda6df403641a5d522031818a56561307fbc2,0
DICKENS_OLIVER_TWIST_002,paraphrase,batch_A,pass,,pass,pass,,d35a7de3f0fdbf431e3908c54dec2eec717bf747f78bdf44a11a4985b999ae45,82a5d7a5af1d7803b09e4ccef0b545a431e73edb5e40f66301a7213f557d7b00,0
DICKENS_OLIVER_TWIST_002,modernize,batch_A,pass,,pass,pass,,d35a7de3f0fdbf431e3908c54dec2eec717bf747f78bdf44a11a4985b999ae45,647c4e15c794a0181d72c0a6c7ee229aa807fef43a48987cdedc4a914ea6ef3e,0
DICKENS_OLIVER_TWIST_002,simplify,batch_A,pass,,pass,pass,,d35a7de3f0fdbf431e3908c54dec2eec717bf747f78bdf44a11a4985b999ae45,150f2db2818b1ee373ad64c0f7f0389c24d59043f1ca8550239997d81747973f,0
DICKENS_OLIVER_TWIST_003,paraphrase,batch_A,warning,length_hard_warning,warning,warning,length_hard_warning,42b80baecd7a0fd4d6a4516892c3b34ab581e6b7f88ef145fde2a0b1bc1d62a3,7ed74faf47bf2cae597797313f0cbdcf69aa4189e742f00501269b31c6827544,0
DICKENS_OLIVER_TWIST_003,modernize,batch_A,pass,,pass,pass,,42b80baecd7a0fd4d6a4516892c3b34ab581e6b7f88ef145fde2a0b1bc1d62a3,57da815d3703b08430affb924e09095848d1bc33f605432f6b9e3f694727c06e,0
DICKENS_OLIVER_TWIST_003,simplify,batch_A,pass,,pass,pass,,42b80baecd7a0fd4d6a4516892c3b34ab581e6b7f88ef145fde2a0b1bc1d62a3,cde1bdacab04dc4fed6a250a0124bc578b7e761692cb48ef130df6b3f6805cfb,0
DICKENS_OLIVER_TWIST_004,paraphrase,batch_A,pass,,pass,pass,,e12669948cdb30dcf7c46cf89c69048a134647e00599e387b1a95a5dd1a051ac,d6cae47de8f75131bb4e31556f341d6012c82509fdd71a9022626aaa78508a40,0
DICKENS_OLIVER_TWIST_004,modernize,batch_A,pass,,pass,pass,,e12669948cdb30dcf7c46cf89c69048a134647e00599e387b1a95a5dd1a051ac,1f2ed0dc5297ea428991980cfa6faf4c48269a9e7773de588e4d9be83a3a7bf9,0
DICKENS_OLIVER_TWIST_004,simplify,batch_A,warning,length_hard_warning,warning,warning,length_hard_warning,e12669948cdb30dcf7c46cf89c69048a134647e00599e387b1a95a5dd1a051ac,0ea1731f3daefb0b71094b78fddfa77cd1c2e09bb5e31b58d63a40340efd079c,0
DICKENS_OLIVER_TWIST_005,paraphrase,batch_A,pass,,pass,pass,,ce3920c40cedf9fbf06682fc15ad11a697e09a5278350fe87a97639822bdeeca,2885a406ba10289ef006ce9947e345683c6b8d98708b7d20a1a98597b690e0dd,0
DICKENS_OLIVER_TWIST_005,modernize,batch_A,pass,,pass,pass,,ce3920c40cedf9fbf06682fc15ad11a697e09a5278350fe87a97639822bdeeca,9d5283f30150ed4e09abfb4cd1ba85b4aeb40435d983f35b5f82cebda9043966,0
DICKENS_OLIVER_TWIST_005,simplify,batch_A,pass,,pass,pass,,ce3920c40cedf9fbf06682fc15ad11a697e09a5278350fe87a97639822bdeeca,37933fd7dac2a098f6f5971a283c1d108abb3bcae649e5fdee4b6755976cb23e,0
DICKENS_OLIVER_TWIST_006,paraphrase,batch_A,pass,,pass,pass,,2826fd031598eb6c4f47f3f0b2e8de17ffb43d8728672dc2d9f65d5381048ec3,da4cce7a60cece71aabeb4204d1920997dc102edce9228fc4239c562310b6844,0
DICKENS_OLIVER_TWIST_006,modernize,batch_A,pass,,pass,pass,,2826fd031598eb6c4f47f3f0b2e8de17ffb43d8728672dc2d9f65d5381048ec3,518e2decb6a66584e342a6b438d30871d79ad88140bada3f0402e5db2e6c4290,0
DICKENS_OLIVER_TWIST_006,simplify,batch_A,pass,,pass,pass,,2826fd031598eb6c4f47f3f0b2e8de17ffb43d8728672dc2d9f65d5381048ec3,72d14f81f0ec77c42127fe7f863672fe70815a95017bcb122b4f0c6c20f40db7,0
DICKENS_OLIVER_TWIST_007,paraphrase,batch_A,warning,length_soft_warning,warning,warning,length_soft_warning,361b9d3dfe424c1a90f041a801417c08981019206cfd268568ea35d095aeea80,ac32660504173b7712061c4851bce1a657287fcaa375449e06eead13ce5a57eb,0
DICKENS_OLIVER_TWIST_007,modernize,batch_A,pass,,pass,pass,,361b9d3dfe424c1a90f041a801417c08981019206cfd268568ea35d095aeea80,1a0f4ba08b6cc5d4e03c897eb9ef8723ed5b7fe3fabe702ed2c83c929d7e0610,0
DICKENS_OLIVER_TWIST_007,simplify,batch_A,pass,,pass,pass,,361b9d3dfe424c1a90f041a801417c08981019206cfd268568ea35d095aeea80,fbc530f217e0e3db247a8251f2eaa2ef06bb24967f5b8592bd8b850bdeaa1c38,0
DICKENS_OLIVER_TWIST_008,paraphrase,batch_A,pass,,pass,pass,,15a79929b1d999e479fe5b952cf3829b3fce6946145ae19eda00660a5dd73cba,f6fd9eb8dddb836aee7ff7718a5be143bc40ae26903a837fd48032c950211ef2,0
DICKENS_OLIVER_TWIST_008,modernize,batch_A,pass,,pass,pass,,15a79929b1d999e479fe5b952cf3829b3fce6946145ae19eda00660a5dd73cba,be1d79c89ea30f92cc80609aec7810d7ef40d2ebf4d39479dae880e6d4d54c5f,0
DICKENS_OLIVER_TWIST_008,simplify,batch_A,pass,,pass,pass,,15a79929b1d999e479fe5b952cf3829b3fce6946145ae19eda00660a5dd73cba,42580e547c3105b0fb7b9495e4232d1737899e929e0390ff60a310e4e0df89e8,0
DICKENS_OLIVER_TWIST_009,paraphrase,batch_A,warning,length_soft_warning,warning,warning,length_soft_warning,d1ff5575c61f2a48194cf8c2439ef62dbd831a73027a696500f5a6cd07a9cd37,b69748f034ee16ddf606218f5853abd217d4a1ad7a0c79f2a710dcee392aaac8,0
DICKENS_OLIVER_TWIST_009,modernize,batch_A,pass,,pass,pass,,d1ff5575c61f2a48194cf8c2439ef62dbd831a73027a696500f5a6cd07a9cd37,fbc8ce8aaa651863062d9fed8cf2dcfe0e0e768237c0f67d057e13245df5930a,0
DICKENS_OLIVER_TWIST_009,simplify,batch_A,pass,,pass,pass,,d1ff5575c61f2a48194cf8c2439ef62dbd831a73027a696500f5a6cd07a9cd37,adb8260c54b94f370e7a4e485a3dbb79a7e7292206f5aa411216887b6963e7bb,0
DICKENS_OLIVER_TWIST_010,paraphrase,batch_A,pass,,pass,pass,,61ff758521532e5c2996a4f4bfdfa118674ebaa3975d1cd97827bcfcafaafe10,1fe8aef9949cf891762cdd3de0d99c9015deb13f24b5bfb2cc689d930b8a95f4,0
DICKENS_OLIVER_TWIST_010,modernize,batch_A,pass,,pass,pass,,61ff758521532e5c2996a4f4bfdfa118674ebaa3975d1cd97827bcfcafaafe10,6a61ed082950873bcd7798e09e426da587bef2cc02e25f17f8dd1ae492ecc51b,0
DICKENS_OLIVER_TWIST_010,simplify,batch_A,pass,,pass,pass,,61ff758521532e5c2996a4f4bfdfa118674ebaa3975d1cd97827bcfcafaafe10,58fca12ebd43a073795db701acdf20b03c942d6c13ad59935ad2d7afd6351377,0
DICKENS_OLIVER_TWIST_011,paraphrase,batch_A,pass,,pass,pass,,1e80c3796cec85a6889a4e53ebc09ce477a741bb597d8585297991118353e81b,50e926d988c0232fce8595252c53871600846f8090faab0f03fd7fa5465110fe,0
DICKENS_OLIVER_TWIST_011,modernize,batch_A,pass,,pass,pass,,1e80c3796cec85a6889a4e53ebc09ce477a741bb597d8585297991118353e81b,99812e099fedf3662496d88cafccd13c6ae8d61d2454013278c96a9d7e62d62f,0
DICKENS_OLIVER_TWIST_011,simplify,batch_A,pass,,pass,pass,,1e80c3796cec85a6889a4e53ebc09ce477a741bb597d8585297991118353e81b,cb2af4e02923aa35a6a6afd79fb07bae0ffdec6dab6f996948d3c2e16f716dc8,0
DICKENS_OLIVER_TWIST_012,paraphrase,batch_A,pass,,pass,pass,,889a8af467980e8f76f3b28eb218e9bc403199f02593d42ffa25b09c0906a94a,e94648a1646b1796d105243b59d38d323024a4c4ac441cd5631d34d99640c0ef,0
DICKENS_OLIVER_TWIST_012,modernize,batch_A,pass,,pass,pass,,889a8af467980e8f76f3b28eb218e9bc403199f02593d42ffa25b09c0906a94a,6ce32727b9a4520c6021bff65c7e33d228676ebb54f488590e3ffe2106417fd1,0
DICKENS_OLIVER_TWIST_012,simplify,batch_A,pass,,pass,pass,,889a8af467980e8f76f3b28eb218e9bc403199f02593d42ffa25b09c0906a94a,64c0046a7858f48e45c1b38e0f63e3dc6ba96268dbde79e1df6d876c134a127c,0
DICKENS_OLIVER_TWIST_013,paraphrase,batch_A,pass,,pass,pass,,4a45cc1b7ed8d3102c8b600dd5b97d2b827237474ef8c1eb70f0a7328f28339d,bb91a0019ec2cbbca57cc8a4a605b13e599717bd3c04707368c19958e5802b46,0
DICKENS_OLIVER_TWIST_013,modernize,batch_A,pass,,pass,pass,,4a45cc1b7ed8d3102c8b600dd5b97d2b827237474ef8c1eb70f0a7328f28339d,d79c21210901393d7a80cfba475f26c303c15cd7de00a244c47f1a96c370bcd2,0
DICKENS_OLIVER_TWIST_013,simplify,batch_A,pass,,pass,pass,,4a45cc1b7ed8d3102c8b600dd5b97d2b827237474ef8c1eb70f0a7328f28339d,bee6d4b009604be67edb320c2da42e6f1f6be75fc8882ea2f3a17918ac5c1774,0
DICKENS_OLIVER_TWIST_014,paraphrase,batch_A,pass,,pass,pass,,d07e437d9398b43dcc5fbade7f063a1e817698319438402b413c4a9761ffac21,686e4119395b3ea7233ed0f8ba3793bfb6bf656fc53b5c3acc9f38d24a885135,0
DICKENS_OLIVER_TWIST_014,modernize,batch_A,pass,,pass,pass,,d07e437d9398b43dcc5fbade7f063a1e817698319438402b413c4a9761ffac21,a71d1f66e27dd3e84867381c5d47a4d9e8c9cb171161dd8dd9d83580c739162e,0
DICKENS_OLIVER_TWIST_014,simplify,batch_A,pass,,pass,pass,,d07e437d9398b43dcc5fbade7f063a1e817698319438402b413c4a9761ffac21,fc198b0fe1c0b21da9b86cb29f419975c12ac0d281fa52ace90db223b66972c7,0
DICKENS_OLIVER_TWIST_015,paraphrase,batch_A,pass,,pass,pass,,cbc681154dbe4bb87c522a935f41f7f26fb3435d2dca8f21cbf9b5ad478bca77,1958d729a09f5bf499b612a5e159369df10d0bf803e3f254f30864f2d1852dc7,0
DICKENS_OLIVER_TWIST_015,modernize,batch_A,pass,,pass,pass,,cbc681154dbe4bb87c522a935f41f7f26fb3435d2dca8f21cbf9b5ad478bca77,8ae2df5bd93dda3b48c3fa9a0bc7a6e7db1a65d4cf3b535dbe862c8904cc82f3,0
DICKENS_OLIVER_TWIST_015,simplify,batch_A,pass,,pass,pass,,cbc681154dbe4bb87c522a935f41f7f26fb3435d2dca8f21cbf9b5ad478bca77,293517c5e3cb3a41526feb0da3ef6039fa7be2339524bea17e6337fa39078eb2,0
DICKENS_OLIVER_TWIST_016,paraphrase,batch_A,pass,,pass,pass,,9fc9bde087523a70f0b3595ab825fd030931325dea3960c04c9f03b6ee040038,b166426d3581e803a963fcce15ab62e51593a4c7a03d10d8eab57526ee6b4b92,0
DICKENS_OLIVER_TWIST_016,modernize,batch_A,pass,,pass,pass,,9fc9bde087523a70f0b3595ab825fd030931325dea3960c04c9f03b6ee040038,fe831eccf2999bf198b37b7433d6abdebcd230c38599b90f724e6b581ff4da07,0
DICKENS_OLIVER_TWIST_016,simplify,batch_A,pass,,pass,pass,,9fc9bde087523a70f0b3595ab825fd030931325dea3960c04c9f03b6ee040038,c2d7acc6a8afc2e7216c4b94db05a0f092fcd5fab0e746a5fd95cfe1b6f98a0c,0
DICKENS_OLIVER_TWIST_017,paraphrase,batch_A,warning,length_hard_warning,warning,warning,length_hard_warning,bc4523e414551031ce94a62f06038ddf754222ae57e65866fd916fc21b6121dd,24e9b2e2639840bbc5ec7d17e5e16f188700d792425a95b14f5d2da1678c0064,0
DICKENS_OLIVER_TWIST_017,modernize,batch_A,warning,length_soft_warning,warning,warning,length_soft_warning,bc4523e414551031ce94a62f06038ddf754222ae57e65866fd916fc21b6121dd,d9da169d4dbccbf47cf12245d6e746092e2beb5ecf15deaa4c5762cae3141f0a,0
DICKENS_OLIVER_TWIST_017,simplify,batch_A,warning,length_soft_warning,warning,warning,length_soft_warning,bc4523e414551031ce94a62f06038ddf754222ae57e65866fd916fc21b6121dd,65be21c12e88831147c3fe9c5e9586a1a3b7cf833e551860a1a7ae8942bc152a,0
DICKENS_OLIVER_TWIST_018,paraphrase,batch_A,pass,,pass,pass,,ef5e4dc3a45a30e79bcdade477a6190c856f567c078f08529bb006fa35ac740f,2df6d6923ed75520c0d3cf09ea8c37c752f6cae4592047226f581c91270ea4bf,0
DICKENS_OLIVER_TWIST_018,modernize,batch_A,pass,,pass,pass,,ef5e4dc3a45a30e79bcdade477a6190c856f567c078f08529bb006fa35ac740f,f24f18e499291e5526b409e4ecbb802716b62e7e59d6ca7875ca4d8e0d101147,0
DICKENS_OLIVER_TWIST_018,simplify,batch_A,pass,,pass,pass,,ef5e4dc3a45a30e79bcdade477a6190c856f567c078f08529bb006fa35ac740f,a735de5008e4cb857759f33735aef910c5de42fb9410e2ba5699e93558a45ffc,0
DICKENS_OLIVER_TWIST_019,paraphrase,batch_A,pass,,pass,pass,,3034b617cb3def38a64dab6e9c23bc9dc4408a9025c2c374cb336aac8cdb1028,dfe08db7a320d378b24426595f3b425ae4ce9a9575c4f639507866185bd47d19,0
DICKENS_OLIVER_TWIST_019,modernize,batch_A,pass,,pass,pass,,3034b617cb3def38a64dab6e9c23bc9dc4408a9025c2c374cb336aac8cdb1028,85506f9f79c8abf9bb431cc17024b26af26d6b635df9708388b6111657383a86,0
DICKENS_OLIVER_TWIST_019,simplify,batch_A,pass,,pass,pass,,3034b617cb3def38a64dab6e9c23bc9dc4408a9025c2c374cb336aac8cdb1028,9b9829f250ac2903482b39d2f7510ea85ebc98b3ebcfa9824f2726e16e2f314e,0
DICKENS_OLIVER_TWIST_020,paraphrase,batch_A,pass,,pass,pass,,b25d50d579780640fd1112592c58fc14195f5d9d0653edcbd6ed4a2fb8807679,db45c47b21ddb75e1a4f960702b9c6aa44e78f5c798e04c8bf8dce4d2d44e962,0
DICKENS_OLIVER_TWIST_020,modernize,batch_A,pass,,pass,pass,,b25d50d579780640fd1112592c58fc14195f5d9d0653edcbd6ed4a2fb8807679,00c8cca30e3b510ef824edaa740dd093c049653248d0e3229f1b0bd22c8795a0,0
DICKENS_OLIVER_TWIST_020,simplify,batch_A,pass,,pass,pass,,b25d50d579780640fd1112592c58fc14195f5d9d0653edcbd6ed4a2fb8807679,54f073829e4661642147e16302d6c61b4d29332eafd1c7d034679dc64100ede4,0
DICKENS_OLIVER_TWIST_021,paraphrase,batch_A,pass,,pass,pass,,6acd4be418dd6030dff4974deda40a675f888391eb2dfcc7c8d75078db2d9b6d,6257fc6947197f850d5030be499ba98ae8d01e73b7ed0f06fdf6a3a80ef46a83,0
DICKENS_OLIVER_TWIST_021,modernize,batch_A,pass,,pass,pass,,6acd4be418dd6030dff4974deda40a675f888391eb2dfcc7c8d75078db2d9b6d,c7ca1e16c6afe71c2044a2dfd13e8725a1cb28bcab1dbd480099bde38e535924,0
DICKENS_OLIVER_TWIST_021,simplify,batch_A,pass,,pass,pass,,6acd4be418dd6030dff4974deda40a675f888391eb2dfcc7c8d75078db2d9b6d,62a9c0db751bb8358884bf6bdb49308c6d3a186bca06b167e6af68a042207614,0
DICKENS_OLIVER_TWIST_022,paraphrase,batch_A,pass,,pass,pass,,ea009832591133153f7f5322d893dbc7bbd8dd7b91a446c95825f3287a4d46f3,1e460dec285052f1a676c51684cd5824558542345bd14ad4c6a686f5ae3436f1,0
DICKENS_OLIVER_TWIST_022,modernize,batch_A,pass,,pass,pass,,ea009832591133153f7f5322d893dbc7bbd8dd7b91a446c95825f3287a4d46f3,730eee77dcf1b92701a537ab408881d9b29f637231ca72bf625e24163b1a57b5,0
DICKENS_OLIVER_TWIST_022,simplify,batch_A,pass,,pass,pass,,ea009832591133153f7f5322d893dbc7bbd8dd7b91a446c95825f3287a4d46f3,c8dd8351b8d228ca1cf07f65e3812260266cb038c11e0df0762b912a658e4a78,0
DICKENS_OLIVER_TWIST_023,paraphrase,batch_A,warning,length_soft_warning,warning,warning,length_soft_warning,67a4907849ae170d93a0b1a36702732b677df58795280ca7e87ef20e1c8341db,73fd42877c6dd55b41a5d305f5e197cb478272d248e65f21f904493cd94de68f,0
DICKENS_OLIVER_TWIST_023,modernize,batch_A,pass,,pass,pass,,67a4907849ae170d93a0b1a36702732b677df58795280ca7e87ef20e1c8341db,e67e9c5e5558efd17e391f3ab7e4e8fb774b9a2965aece7f275488fc5b4c3ffe,0
DICKENS_OLIVER_TWIST_023,simplify,batch_A,warning,length_hard_warning,warning,warning,length_hard_warning,67a4907849ae170d93a0b1a36702732b677df58795280ca7e87ef20e1c8341db,8e1f60b476ec6e38f223ef1cd0114dc3f56effdb65152a485967641532ea9044,0
DICKENS_OLIVER_TWIST_024,paraphrase,batch_A,pass,,pass,pass,,9600cb6384781892919e7908fe8d885c03510075ab0c4dc0c2d27baadbb44bd5,5a91c7f73eac84954e7482e0ae109df7dfe6f5aecea50bb28fbeed4f797403c4,0
DICKENS_OLIVER_TWIST_024,modernize,batch_A,pass,,pass,pass,,9600cb6384781892919e7908fe8d885c03510075ab0c4dc0c2d27baadbb44bd5,59eb6a50f75794709f7046eaa986fbce2e8c8a9e207bd127d659d3083f4939d8,0
DICKENS_OLIVER_TWIST_024,simplify,batch_A,pass,,pass,pass,,9600cb6384781892919e7908fe8d885c03510075ab0c4dc0c2d27baadbb44bd5,21ce28d5c2569b66067de3a296d448c9cfa663edd7718ffe6516c45d66578764,0
DICKENS_OLIVER_TWIST_025,paraphrase,batch_A,pass,,pass,pass,,4c308f93c69a75d925eed43d10a43a37962c2942a8cd74a231401b1e96935ade,32f66e0ebc4b21644c01fcb8b393c2dcdad257dd5e1ffa8432d9c8f4439c10c1,0
DICKENS_OLIVER_TWIST_025,modernize,batch_A,pass,,pass,pass,,4c308f93c69a75d925eed43d10a43a37962c2942a8cd74a231401b1e96935ade,f2b01ba4d912dece55ad299a21c3c7813d3a6617685795f44c66dacdcd6dc489,0
DICKENS_OLIVER_TWIST_025,simplify,batch_A,pass,,pass,pass,,4c308f93c69a75d925eed43d10a43a37962c2942a8cd74a231401b1e96935ade,64b621e9e07620b711b45b205c77e83a03e796a3c2cbcf477eff168719d5ed5c,0
DICKENS_OLIVER_TWIST_026,paraphrase,batch_A,pass,,pass,pass,,ec2b609407156373b21b1fd63ab99c2ec58e20c515dc59d0820ad105738e63d3,f9074559355d8c8f710cd36be4f1008e421a07e3d8239c1d8eb34ff16e9b6205,0
DICKENS_OLIVER_TWIST_026,modernize,batch_A,pass,,pass,pass,,ec2b609407156373b21b1fd63ab99c2ec58e20c515dc59d0820ad105738e63d3,6fb017b308bcf9f059f5d7ee1487b4eaf43b6f9d8366d73de69d7bcd1de47e8c,0
DICKENS_OLIVER_TWIST_026,simplify,batch_A,pass,,pass,pass,,ec2b609407156373b21b1fd63ab99c2ec58e20c515dc59d0820ad105738e63d3,495ce2c96efda1508d3171f6513f1fcd4e939b61006c6b96f0bfd6438656b8cf,0
DICKENS_OLIVER_TWIST_027,paraphrase,batch_A,pass,,pass,pass,,98d29b543aaec45a761a98b77278ab4f08f44251bfe79bc405c9d40122f0fba1,b34bc29c12311561f48f88f0a81a28a7623284285b63862013c8145326536fa6,0
DICKENS_OLIVER_TWIST_027,modernize,batch_A,pass,,pass,pass,,98d29b543aaec45a761a98b77278ab4f08f44251bfe79bc405c9d40122f0fba1,e5796eab5eea297ca6237f704725cc829610b994f7a30c3eea6de615dac7aa9b,0
DICKENS_OLIVER_TWIST_027,simplify,batch_A,pass,,pass,pass,,98d29b543aaec45a761a98b77278ab4f08f44251bfe79bc405c9d40122f0fba1,cbc32227e6ce34d80b1c9ecde27c628033f2af84ece9a202983f0e314607dfa4,0
DICKENS_OLIVER_TWIST_028,paraphrase,batch_A,pass,,pass,pass,,fca820ccc19b4083e33c9cf68881a70c750e9adb6089089979e851db10269c0d,c6977370f53670ad2f0c0a577d3ae3e667f5c54e6458f5f40b4e6c5cde2b40cd,0
DICKENS_OLIVER_TWIST_028,modernize,batch_A,pass,,pass,pass,,fca820ccc19b4083e33c9cf68881a70c750e9adb6089089979e851db10269c0d,89f2475290ff2c6032bf63f7bea0415e901ad37c0126ba92ca1ad7cb6eaec6bd,0
DICKENS_OLIVER_TWIST_028,simplify,batch_A,pass,,pass,pass,,fca820ccc19b4083e33c9cf68881a70c750e9adb6089089979e851db10269c0d,c29911e8f2a4bbf8453c4b42af009712331864ce4587adabc4c1a5402ee3f7e7,0
DICKENS_OLIVER_TWIST_029,paraphrase,batch_A,pass,,pass,pass,,00d4a805fa38c82d56c24de6071c07b9566c6dbfd8dad8d47c4ee36ff835ee8b,f71394fdc0f93e970167c329fff4b4a576980eb70785dbb1556a2e6922be76e9,0
DICKENS_OLIVER_TWIST_029,modernize,batch_A,pass,,pass,pass,,00d4a805fa38c82d56c24de6071c07b9566c6dbfd8dad8d47c4ee36ff835ee8b,42901a03a44e2a509924e69533f3723b8f6955d5b9311d06cf90f70f0222f379,0
DICKENS_OLIVER_TWIST_029,simplify,batch_A,pass,,pass,pass,,00d4a805fa38c82d56c24de6071c07b9566c6dbfd8dad8d47c4ee36ff835ee8b,0db8c6af78aaffec100a88710c8245709ca96e9c22e83a4045c085c74709d5d6,0
DICKENS_OLIVER_TWIST_030,paraphrase,batch_A,pass,,pass,pass,,608e17218a1255748645fee72067b047670420a525fcf4e1c90e8e983ef064a9,e66eeb48dc3f8845755b3c52604d40778880352bccd3f5c35218626fb4c5e279,0
DICKENS_OLIVER_TWIST_030,modernize,batch_A,pass,,pass,pass,,608e17218a1255748645fee72067b047670420a525fcf4e1c90e8e983ef064a9,2482f00c15299e27fd7aed31edea0f21356fde0c406a2ce6730a91cf731df081,0
DICKENS_OLIVER_TWIST_030,simplify,batch_A,pass,,pass,pass,,608e17218a1255748645fee72067b047670420a525fcf4e1c90e8e983ef064a9,cf4bd87f42d87463ad70ea7876511aeb33885db1ea97d352c6302e3efb41b9f1,0
POE_WORKS_VOLUME_1_001,paraphrase,batch_B,pass,,pass,pass,,20428e7f38323e9a93790cb1520b051b350910d0c0c9ad98851a3775bf1fe231,5eeba7a9eb6207e8fa006d7187b13cc647ea46f10be73a108904a7be89c0d0ac,0
POE_WORKS_VOLUME_1_001,modernize,batch_B,pass,,pass,pass,,20428e7f38323e9a93790cb1520b051b350910d0c0c9ad98851a3775bf1fe231,cf75d560242e52040f8eed4d7840e4a640600f592770f862174ac67959750a49,0
POE_WORKS_VOLUME_1_001,simplify,batch_B,pass,,pass,pass,,20428e7f38323e9a93790cb1520b051b350910d0c0c9ad98851a3775bf1fe231,72ecf848d1cfe9d531c36293f00335a041e930e50c7d115f4c7b9edfecc1f362,0
POE_WORKS_VOLUME_1_002,paraphrase,batch_B,pass,,pass,pass,,d31010a0393813edbbc1ec0ffb357537e2c97209339203446021fbf6a99e7475,6310e87346dc3eb14c91519a265d5c20b847dcb017819d6e8250818d9cc2243f,0
POE_WORKS_VOLUME_1_002,modernize,batch_B,pass,,pass,pass,,d31010a0393813edbbc1ec0ffb357537e2c97209339203446021fbf6a99e7475,67a188ca39d63f970d78d98a0366aecfe4dec098528faf6515a7acb2c54786f7,0
POE_WORKS_VOLUME_1_002,simplify,batch_B,pass,,pass,pass,,d31010a0393813edbbc1ec0ffb357537e2c97209339203446021fbf6a99e7475,4dee119af5ff44bea39eda4b5c628d6d994ff3b4755ab2ab142b1327abd6d05b,0
POE_WORKS_VOLUME_1_003,paraphrase,batch_B,warning,length_hard_warning,warning,warning,length_hard_warning,c75248e67bdb2908871fcf3a05896a0ef81aba42a7449c24ff95d79c7577d985,786f2ff836c308c7e03a2856b9a28fb4881c4fa4b2e835707b9fe775ec484236,0
POE_WORKS_VOLUME_1_003,modernize,batch_B,pass,,pass,pass,,c75248e67bdb2908871fcf3a05896a0ef81aba42a7449c24ff95d79c7577d985,3a22e70bd3d74d28273996fa6c5282ba32b68a3b575a88fe17165cc4c464aa05,0
POE_WORKS_VOLUME_1_003,simplify,batch_B,warning,length_hard_warning,warning,warning,length_hard_warning,c75248e67bdb2908871fcf3a05896a0ef81aba42a7449c24ff95d79c7577d985,bef47bf05d47ad52b3ec8dba40fcbcd93e06ce023c3619218643ad36b096519e,0
POE_WORKS_VOLUME_1_004,paraphrase,batch_B,warning,length_hard_warning,warning,warning,length_hard_warning,90544b6af590f4a61cbdf830a5f5cc1f560db9c2344da15b516ba3ecb58e0579,b8d8fe76881e4032f633603bed9123ca7433fa0d6796931d4b51778c5646d4b9,0
POE_WORKS_VOLUME_1_004,modernize,batch_B,warning,length_soft_warning,warning,warning,length_soft_warning,90544b6af590f4a61cbdf830a5f5cc1f560db9c2344da15b516ba3ecb58e0579,5a17355f43aed214c96f31317dd72344c9efd557a4420b811106bc267384afc8,0
POE_WORKS_VOLUME_1_004,simplify,batch_B,warning,length_hard_warning,warning,warning,length_hard_warning,90544b6af590f4a61cbdf830a5f5cc1f560db9c2344da15b516ba3ecb58e0579,6d81251ca0d64ad0f32500b77e876f4ce79cb92e860bf0f6318b4f1f39d6ef9d,0
POE_WORKS_VOLUME_1_005,paraphrase,batch_B,warning,length_hard_warning,warning,warning,length_hard_warning,465fee6a1ea7b78dc4a17ff8e1feac5d7dd5bb9fd59f687ce14e1a0b1a48eb2c,66bbae9c1e0409223d6e5972f7fa6a8bbdc7dc09c7668c73dd234e11a9c4a339,0
POE_WORKS_VOLUME_1_005,modernize,batch_B,warning,length_soft_warning,warning,warning,length_soft_warning,465fee6a1ea7b78dc4a17ff8e1feac5d7dd5bb9fd59f687ce14e1a0b1a48eb2c,b6908828cce4dd1d91c1bf10e60f8499ffe9ab129557070756e95c0c0c0ef022,0
POE_WORKS_VOLUME_1_005,simplify,batch_B,fail,prompt_or_source_leakage;length_hard_warning,warning,warning,length_hard_warning,465fee6a1ea7b78dc4a17ff8e1feac5d7dd5bb9fd59f687ce14e1a0b1a48eb2c,771899b17c8a021d88488288d2ef743798cd3580209b0634a52702dac37d7a73,1
POE_WORKS_VOLUME_1_006,paraphrase,batch_B,pass,,pass,pass,,97dbc20e9d6eed9db2303a948baf3e813deabaf1aec54bbbccb175be5ecab420,e268276f9cdfc5659d44c03d366b00a139b878427f3f261bf3dd9677b047f106,0
POE_WORKS_VOLUME_1_006,modernize,batch_B,pass,,pass,pass,,97dbc20e9d6eed9db2303a948baf3e813deabaf1aec54bbbccb175be5ecab420,92274a576428b7de187bca87effffcbdadb0d6c9d90f65180591c71669007cc6,0
POE_WORKS_VOLUME_1_006,simplify,batch_B,pass,,pass,pass,,97dbc20e9d6eed9db2303a948baf3e813deabaf1aec54bbbccb175be5ecab420,ac9c8ec02bdb71795895a7b3b4732cd8720fca7c73de9aa939c3d1f78ac40f38,0
POE_WORKS_VOLUME_1_007,paraphrase,batch_B,warning,length_hard_warning,warning,warning,length_hard_warning,da43a900462b97204eaa6c17900ea0bf9464c1d5a9e0bea7cf7f8566d1f495b4,d35bcf3a281c4de51a2ca40607bd6a46d62e41ae670e0045e80f1177613c9e78,0
POE_WORKS_VOLUME_1_007,modernize,batch_B,warning,length_soft_warning,warning,warning,length_soft_warning,da43a900462b97204eaa6c17900ea0bf9464c1d5a9e0bea7cf7f8566d1f495b4,25777330cb2ce8143dac0e3e81dcdc484f33561f0c89be3f93f52c848207aaab,0
POE_WORKS_VOLUME_1_007,simplify,batch_B,warning,length_hard_warning,warning,warning,length_hard_warning,da43a900462b97204eaa6c17900ea0bf9464c1d5a9e0bea7cf7f8566d1f495b4,fc8c12c59e6d9484dfbd899aea42d13be1f18bee19794cddb91fbfa4889ddbae,0
POE_WORKS_VOLUME_1_008,paraphrase,batch_B,pass,,pass,pass,,c4ae597e7d68f1d2d42644bdf82027705f67a7be4828866481926770792bb431,ab9af60c582b4c0d0271ebe5157ced3a2eab1757838e4745afe77993b1581a78,0
POE_WORKS_VOLUME_1_008,modernize,batch_B,pass,,pass,pass,,c4ae597e7d68f1d2d42644bdf82027705f67a7be4828866481926770792bb431,9d4244f9ff18c7356397de52dc7f6e028c8fb9d55010ea0e442abb4ea40f7042,0
POE_WORKS_VOLUME_1_008,simplify,batch_B,pass,,pass,pass,,c4ae597e7d68f1d2d42644bdf82027705f67a7be4828866481926770792bb431,73dd27eaa504c17a114f210e1c8e103fe161e91b1c107b81e3061cd8e08a5dac,0
POE_WORKS_VOLUME_1_009,paraphrase,batch_B,pass,,pass,pass,,782cf703586ede1041c809de3610e826bcdb7b82cfba1a4ae8947c24f94fb2cc,b84682480fc3920c4e5b041ebf9bedc9e5db9fafdc296d1ba70b28105d53dfac,0
POE_WORKS_VOLUME_1_009,modernize,batch_B,pass,,pass,pass,,782cf703586ede1041c809de3610e826bcdb7b82cfba1a4ae8947c24f94fb2cc,1a7bf918451c0a42126560c2a1b4258de9e786f50f0dd864cc0594ebe6a78a56,0
POE_WORKS_VOLUME_1_009,simplify,batch_B,pass,,pass,pass,,782cf703586ede1041c809de3610e826bcdb7b82cfba1a4ae8947c24f94fb2cc,adccfcf1e7301532b9a5380fae7a112a029551a3a58b24e3b19be62a78a54404,0
POE_WORKS_VOLUME_1_010,paraphrase,batch_B,pass,,pass,pass,,22d8f6cc110c829668475e1cdfa4dbc59828ca3b01000ca62d766f5566397dfa,5d359070ebf4699f2e70dc12c765f245f396412e76e262c053dc219fcd5df8cb,0
POE_WORKS_VOLUME_1_010,modernize,batch_B,warning,length_soft_warning,warning,warning,length_soft_warning,22d8f6cc110c829668475e1cdfa4dbc59828ca3b01000ca62d766f5566397dfa,c978f3849f573e55b4c80f79d7d929a44d07a80860e5caae7e642f3bbaacb429,0
POE_WORKS_VOLUME_1_010,simplify,batch_B,warning,length_soft_warning,warning,warning,length_soft_warning,22d8f6cc110c829668475e1cdfa4dbc59828ca3b01000ca62d766f5566397dfa,4a771051db7eb50887a2acf588b39abb8ce64426849116474e564bcc11b82de6,0
POE_WORKS_VOLUME_1_011,paraphrase,batch_B,warning,length_soft_warning,warning,warning,length_soft_warning,806f21d59c402f0de11e509e9a70aed6e35703b4bee5ac39476d3fa63b13fa3d,c79ec50a8cbb89ca8e644ba793f9e6442eec4b2487700d2794770c7f74acbea1,0
POE_WORKS_VOLUME_1_011,modernize,batch_B,pass,,pass,pass,,806f21d59c402f0de11e509e9a70aed6e35703b4bee5ac39476d3fa63b13fa3d,ab2ce11de2419591ba3592c4ddfecab51a8cbb77b60a74ee831b14ba840ccb26,0
POE_WORKS_VOLUME_1_011,simplify,batch_B,warning,length_soft_warning,warning,warning,length_soft_warning,806f21d59c402f0de11e509e9a70aed6e35703b4bee5ac39476d3fa63b13fa3d,015a0d58063750f5b039984e8cfef7e4693bf1307536e3b366e965c3c094be53,0
POE_WORKS_VOLUME_1_012,paraphrase,batch_B,pass,,pass,pass,,0bb47281116bddcc40487a3f4960c3d58c7faafd702b936d03e2369534b315b6,c89239903211fdc8b6a4ad3607c071acc92301c3f92cadc1522c88b1cb45a4a3,0
POE_WORKS_VOLUME_1_012,modernize,batch_B,pass,,pass,pass,,0bb47281116bddcc40487a3f4960c3d58c7faafd702b936d03e2369534b315b6,83c401406b5025f10b3e8597c80f881340101a110ef90046f2b56f6c9e56cbd7,0
POE_WORKS_VOLUME_1_012,simplify,batch_B,pass,,pass,pass,,0bb47281116bddcc40487a3f4960c3d58c7faafd702b936d03e2369534b315b6,c7e02eb47c447af020186cbf37040bbd71aca28123050876dbffb8cc2fdb4ac2,0
POE_WORKS_VOLUME_1_013,paraphrase,batch_B,pass,,pass,pass,,b58d1362ca8e17140c51ec1210139bc9b1b6a3af68267b4ecd305ffffc20188f,556572a659c3d7ea8ca46c7a8d284a3bedc7cb803f4d3a0073185a38441f02ac,0
POE_WORKS_VOLUME_1_013,modernize,batch_B,pass,,pass,pass,,b58d1362ca8e17140c51ec1210139bc9b1b6a3af68267b4ecd305ffffc20188f,6e5c320fdf3055affb6541381009ccb510819dad5b1b1354aaa7c2cb0dad00c3,0
POE_WORKS_VOLUME_1_013,simplify,batch_B,pass,,pass,pass,,b58d1362ca8e17140c51ec1210139bc9b1b6a3af68267b4ecd305ffffc20188f,0d047994fa92058a636f6abc35466d57d2fe3a7dee016a8e4ae03d78a8b1e5a7,0
POE_WORKS_VOLUME_1_014,paraphrase,batch_B,pass,,pass,pass,,0c807985b5c87c612d250e8f74b404cff2d11dc259be846524c40c3215639b06,3e0a2c2b5d1d0a35a3c588a587be834443fb72548a02469ed49bf50e5eb68ff8,0
POE_WORKS_VOLUME_1_014,modernize,batch_B,pass,,pass,pass,,0c807985b5c87c612d250e8f74b404cff2d11dc259be846524c40c3215639b06,de09557ff0cec9e08bd34b359474efa25bc63563b93cefbb8b6f3601e3f81e79,0
POE_WORKS_VOLUME_1_014,simplify,batch_B,pass,,pass,pass,,0c807985b5c87c612d250e8f74b404cff2d11dc259be846524c40c3215639b06,85012f7f7dff17761cbe72a523ac2f003e9238a772271e75e7bf7c507755e1e3,0
POE_WORKS_VOLUME_1_015,paraphrase,batch_B,pass,,pass,pass,,014483b21763c8be0b590ba5314f1b8bcd6f2bee80508e99e5669e213c99bece,b4ebdbcd1e7b9a1253b7d3c78adf86f79f437e72b223a82da58be2780943941e,0
POE_WORKS_VOLUME_1_015,modernize,batch_B,pass,,pass,pass,,014483b21763c8be0b590ba5314f1b8bcd6f2bee80508e99e5669e213c99bece,aacae1eed28529f5bae18b19a9948966211592ad9f2a288f0b7d8c780c1c38c2,0
POE_WORKS_VOLUME_1_015,simplify,batch_B,pass,,pass,pass,,014483b21763c8be0b590ba5314f1b8bcd6f2bee80508e99e5669e213c99bece,0a0cac58bdc7a99cd8b404b3d85687e835d48a3d0d8f9516fe88572baa6f9e1d,0
POE_WORKS_VOLUME_1_016,paraphrase,batch_B,warning,length_hard_warning,warning,warning,length_hard_warning,71e2482c9b1110db3d6d722dbd54ac3f3d2a4abdf718bb079d79c911dacd5fb4,787334680f705126ba95c4bddc95f1ec093b5a5170737e8e617caa184e0cdc56,0
POE_WORKS_VOLUME_1_016,modernize,batch_B,warning,length_soft_warning,warning,warning,length_soft_warning,71e2482c9b1110db3d6d722dbd54ac3f3d2a4abdf718bb079d79c911dacd5fb4,cb93aeaec48ae4d11171c2e1e973fa759f48d01d80f7d7f9352b96a43fee13f4,0
POE_WORKS_VOLUME_1_016,simplify,batch_B,warning,length_soft_warning,warning,warning,length_soft_warning,71e2482c9b1110db3d6d722dbd54ac3f3d2a4abdf718bb079d79c911dacd5fb4,8c6ee3475898afe90de62144eb2d81663ba74c5082e3ed8e624527419a549c1f,0
POE_WORKS_VOLUME_1_017,paraphrase,batch_B,pass,,pass,pass,,a9fadc34b45f62d157b7a72682e3c655bcf853e45a526d183065f5c17ba80d61,a47b6a29c7447223c14788d54ea62e9e42dbf694894b058f4566b0cf166cb896,0
POE_WORKS_VOLUME_1_017,modernize,batch_B,pass,,pass,pass,,a9fadc34b45f62d157b7a72682e3c655bcf853e45a526d183065f5c17ba80d61,60af5963f8749bb0bb966d2fbffc1f4227db599980c68ead6e1a510492bb4f7a,0
POE_WORKS_VOLUME_1_017,simplify,batch_B,pass,,pass,pass,,a9fadc34b45f62d157b7a72682e3c655bcf853e45a526d183065f5c17ba80d61,22f507ad49751ebae4f069666b2c8618d4a83ab4c8446e759c331a5f6a247830,0
POE_WORKS_VOLUME_1_018,paraphrase,batch_B,warning,length_soft_warning,warning,warning,length_soft_warning,2a66548ead5c95e4f39d0065fca05b2c5719b4b5b60adacf5b4330e3552d2ef2,1887f2dc58f504ba4c0de05b5fe479144d2aa9327933c33aab7503ab2a452093,0
POE_WORKS_VOLUME_1_018,modernize,batch_B,warning,length_hard_warning,warning,warning,length_hard_warning,2a66548ead5c95e4f39d0065fca05b2c5719b4b5b60adacf5b4330e3552d2ef2,c6da6879022ca16d36b494c284b7e407de32c601b2115a78e05e78c45a68c2b6,0
POE_WORKS_VOLUME_1_018,simplify,batch_B,warning,length_hard_warning,warning,warning,length_hard_warning,2a66548ead5c95e4f39d0065fca05b2c5719b4b5b60adacf5b4330e3552d2ef2,c18504b254e1e4d10aea06b111e480887336c7a8c98b760f8f7778831f4f7952,0
POE_WORKS_VOLUME_1_019,paraphrase,batch_B,warning,length_hard_warning,warning,warning,length_hard_warning,b345eb6e98e67cfe6a44036413de9132aad219f4c30bf3648d46c8caae781045,24fc507886dbfaeafa3875ebd98a7004eba96f8c5e05e0f1449835f34f12d40f,0
POE_WORKS_VOLUME_1_019,modernize,batch_B,pass,,pass,pass,,b345eb6e98e67cfe6a44036413de9132aad219f4c30bf3648d46c8caae781045,6888b18803036fc3b3200d229899d075abad28b11a1ea5dcbf97f46e9f9aefce,0
POE_WORKS_VOLUME_1_019,simplify,batch_B,pass,,pass,pass,,b345eb6e98e67cfe6a44036413de9132aad219f4c30bf3648d46c8caae781045,dc291d58c964a6064bdb6f5d6609e405494aa823c1448ba5ea56ed2f58c1dab4,0
POE_WORKS_VOLUME_1_020,paraphrase,batch_B,warning,length_soft_warning,warning,warning,length_soft_warning,e572ef9bf72ed3f56dcbaace4ac9ada015ce5c607cd2cb7aec98a21883e17a03,f1c6bc8233bb0911266a4b6ba9a3d5686dd2b8e6add07679efbd9231ad253e66,0
POE_WORKS_VOLUME_1_020,modernize,batch_B,pass,,pass,pass,,e572ef9bf72ed3f56dcbaace4ac9ada015ce5c607cd2cb7aec98a21883e17a03,78120a99fb74adba54f726d571ca10998b2f00dfacb5ffb5d8bef85c95cfc138,0
POE_WORKS_VOLUME_1_020,simplify,batch_B,pass,,pass,pass,,e572ef9bf72ed3f56dcbaace4ac9ada015ce5c607cd2cb7aec98a21883e17a03,8edb7edad12d0cd4811c585aa6c7eac21c8d2c32586ab71623c194cec7ba3fc7,0
POE_WORKS_VOLUME_1_021,paraphrase,batch_B,warning,length_hard_warning,warning,warning,length_hard_warning,7a49cfd87fbfb316cb6b249e3e9ff80f9b49d35e36c66b876624fc2dc77bb140,77b97dc750a323c1f5164b38ec806c6fcc417cecdd865ee5166ad84da3a4c594,0
POE_WORKS_VOLUME_1_021,modernize,batch_B,warning,length_soft_warning,warning,warning,length_soft_warning,7a49cfd87fbfb316cb6b249e3e9ff80f9b49d35e36c66b876624fc2dc77bb140,b1cf0877a6aecf75953d741e290ed644f0ac689fb37c5559bf51112fa15a181e,0
POE_WORKS_VOLUME_1_021,simplify,batch_B,warning,length_hard_warning,warning,warning,length_hard_warning,7a49cfd87fbfb316cb6b249e3e9ff80f9b49d35e36c66b876624fc2dc77bb140,a18d1986f294edad52081273bbb7ae5f479c8ead79c0ae7ada684d9418c07050,0
POE_WORKS_VOLUME_1_022,paraphrase,batch_B,pass,,pass,pass,,a57f56d2936524342d550eefc56aecc51c285259511aa4cf1334b992c4bbe597,29d07ff217939efcbbd94eb571188f0041ddf46fffbb2579db2a8162cd828104,0
POE_WORKS_VOLUME_1_022,modernize,batch_B,pass,,pass,pass,,a57f56d2936524342d550eefc56aecc51c285259511aa4cf1334b992c4bbe597,f25ba8f6d7aea819f09fc29c070bda8166cc1c1dbbf3b899e69499f227500e4a,0
POE_WORKS_VOLUME_1_022,simplify,batch_B,pass,,pass,pass,,a57f56d2936524342d550eefc56aecc51c285259511aa4cf1334b992c4bbe597,bf4b2fe56fbb043205ed96d458b9a3633885321b365e0bbb9b530ce40fe3d7ac,0
POE_WORKS_VOLUME_1_023,paraphrase,batch_B,pass,,pass,pass,,be4c402f62de021593d9d0f7a59fa7f583db895ec98d4d1f289ad6322c35ae5b,f0500ad11e3e802371dec098bd4b2be68cbbfd71593675deec3e71ec218f601a,0
POE_WORKS_VOLUME_1_023,modernize,batch_B,pass,,pass,pass,,be4c402f62de021593d9d0f7a59fa7f583db895ec98d4d1f289ad6322c35ae5b,9c2f578872b1ebc8122b7b33fb1d79e871dd0638c30b47d8ab81b4e515531a72,0
POE_WORKS_VOLUME_1_023,simplify,batch_B,pass,,pass,pass,,be4c402f62de021593d9d0f7a59fa7f583db895ec98d4d1f289ad6322c35ae5b,a1ab8a84efe2bfa14c2f94dc061aafe95e86daea27ddf78d5451a3b2a541733a,0
POE_WORKS_VOLUME_1_024,paraphrase,batch_B,warning,length_hard_warning,warning,warning,length_hard_warning,c00eb505c7195d68ee3ff540866ca4bf2d3c32ce88556a517ebda55001e86a88,527ceaeb8723a9ad7d6563c425ef04fca40c3f99c002130bc22c954e4d8f9740,0
POE_WORKS_VOLUME_1_024,modernize,batch_B,pass,,pass,pass,,c00eb505c7195d68ee3ff540866ca4bf2d3c32ce88556a517ebda55001e86a88,dee3e231ba806faf89d0214c04aadf463ccdca171919386a48db83115d270139,0
POE_WORKS_VOLUME_1_024,simplify,batch_B,warning,length_hard_warning,warning,warning,length_hard_warning,c00eb505c7195d68ee3ff540866ca4bf2d3c32ce88556a517ebda55001e86a88,344bcac8280e9f610d0dbad1241e27c1eae19fff09706f7a7e08a0ad710a420d,0
POE_WORKS_VOLUME_1_025,paraphrase,batch_B,pass,,pass,pass,,046136680cd045e10966ca4f089d3cc56a279f0921c0603b136e2fdefbe1cc53,fc864d9fd686c8709a15e8da662f86f940d86e158969a2e88b2af38826e98a0b,0
POE_WORKS_VOLUME_1_025,modernize,batch_B,pass,,pass,pass,,046136680cd045e10966ca4f089d3cc56a279f0921c0603b136e2fdefbe1cc53,2e9f2e3321fa68b9992d7ad8c2ae578f7e31e118a27d5611d3b7dbfce6695714,0
POE_WORKS_VOLUME_1_025,simplify,batch_B,pass,,pass,pass,,046136680cd045e10966ca4f089d3cc56a279f0921c0603b136e2fdefbe1cc53,78cefcddc2135650e1a03b028314fb7e8d4b432ce7e7f44c63d0c66887a5bc37,0
POE_WORKS_VOLUME_1_026,paraphrase,batch_B,pass,,pass,pass,,17673f9d7ac492263c91bfda6b6c8374196c3137b89a742b061768086b178199,093a4f5d1b18bf3f27b6596702fefe77320605d9c1d43bf87a43c12f303a4bd0,0
POE_WORKS_VOLUME_1_026,modernize,batch_B,pass,,pass,pass,,17673f9d7ac492263c91bfda6b6c8374196c3137b89a742b061768086b178199,78ed0d1a170451b764169ab1095f467616bcd7a989c0a1f530c976eb75d2e934,0
POE_WORKS_VOLUME_1_026,simplify,batch_B,pass,,pass,pass,,17673f9d7ac492263c91bfda6b6c8374196c3137b89a742b061768086b178199,9747f007b2948736036eb2b2cf1e25118ffb63fa2588982a5c49fceb9ec57af2,0
POE_WORKS_VOLUME_1_027,paraphrase,batch_B,warning,length_hard_warning,warning,warning,length_hard_warning,48d135e4ee32cea0895ea1ffa53b568c41bb190bc4836235cf777115f74284d4,67d79d68f71c7f79bf5b98267a490a40c66a1dd1384173285ca395c029dbf152,0
POE_WORKS_VOLUME_1_027,modernize,batch_B,pass,,pass,pass,,48d135e4ee32cea0895ea1ffa53b568c41bb190bc4836235cf777115f74284d4,1a0bcc7d1efef76f158b650993577c05dab2de84064ea2ab849a2a4ecf0fa20b,0
POE_WORKS_VOLUME_1_027,simplify,batch_B,warning,length_soft_warning,warning,warning,length_soft_warning,48d135e4ee32cea0895ea1ffa53b568c41bb190bc4836235cf777115f74284d4,ed60ec1d6ce56b9a3d76919f9a5e99cc42f057c2e6996878fae6235f4c41783f,0
POE_WORKS_VOLUME_1_028,paraphrase,batch_B,pass,,pass,pass,,515384bd5f9a508bc4fc6ccd9327c95815e2a848a2fbe0e4b7f63c50d49ca81e,c6efc0bd53628cedd0751afd6a12aae920c12a40dccc2d51d68cf8b47ce99b20,0
POE_WORKS_VOLUME_1_028,modernize,batch_B,pass,,pass,pass,,515384bd5f9a508bc4fc6ccd9327c95815e2a848a2fbe0e4b7f63c50d49ca81e,0fcb58845a940a02ab39c73226b176f72f11d67488053a03dbb2daabe5dc08a0,0
POE_WORKS_VOLUME_1_028,simplify,batch_B,pass,,pass,pass,,515384bd5f9a508bc4fc6ccd9327c95815e2a848a2fbe0e4b7f63c50d49ca81e,e016a6314eb71285354746d36fe0336924483b60d0d12185adf146cf5618d346,0
POE_WORKS_VOLUME_1_029,paraphrase,batch_B,pass,,pass,pass,,b97e9ea1fb0719e51a27d1cf9329e8fa137e15598801b96c191f1b143fadcdc5,3921f0f1e4512006a0c49b431bcc1532715fb9f6d649b66e68a60ed66eef27ec,0
POE_WORKS_VOLUME_1_029,modernize,batch_B,pass,,pass,pass,,b97e9ea1fb0719e51a27d1cf9329e8fa137e15598801b96c191f1b143fadcdc5,438ba17d500eb231f5861b05c3fd0918d8eb289ba9a841b901c9126046e88970,0
POE_WORKS_VOLUME_1_029,simplify,batch_B,pass,,pass,pass,,b97e9ea1fb0719e51a27d1cf9329e8fa137e15598801b96c191f1b143fadcdc5,59d8eaf7ebd07ee45cc6c1b597d2f8926698c9242947e3423436e2dd3e8a4d1c,0
POE_WORKS_VOLUME_1_030,paraphrase,batch_B,warning,length_soft_warning,warning,warning,length_soft_warning,85a932b59dc6ae3b07dfd0e31c73a644543b6c48460f5fe06af87bdb1836d2b6,9fb42fce3684c31555d91c58a0c0d54f939d54a8e0d759b1551b93d062b2bfae,0
POE_WORKS_VOLUME_1_030,modernize,batch_B,pass,,pass,pass,,85a932b59dc6ae3b07dfd0e31c73a644543b6c48460f5fe06af87bdb1836d2b6,2cd2df717e2e8b0334dc7fb7fd76cd36c39526023f595d68a3097bd0d23615b2,0
POE_WORKS_VOLUME_1_030,simplify,batch_B,warning,length_soft_warning,warning,warning,length_soft_warning,85a932b59dc6ae3b07dfd0e31c73a644543b6c48460f5fe06af87bdb1836d2b6,3cf1a08791d5d93abf48dd05ee9205fe4b8b212ca49c0d262e2e344a976edb38,0
POE_WORKS_VOLUME_2_001,paraphrase,batch_B,pass,,pass,pass,,69b7fb0a61d9a41991c6e870aefedce6471005b287f5b8f5a825817a809b72c9,ce07d2d881e9e02d284c57e23afaf64bf5c889e6ee9710c85922243fa61e2431,0
POE_WORKS_VOLUME_2_001,modernize,batch_B,pass,,pass,pass,,69b7fb0a61d9a41991c6e870aefedce6471005b287f5b8f5a825817a809b72c9,e8d42071d9beeef894db0e2cd8d9338da4ed2c8ef4828a6849ef6547ace914fe,0
POE_WORKS_VOLUME_2_001,simplify,batch_B,pass,,pass,pass,,69b7fb0a61d9a41991c6e870aefedce6471005b287f5b8f5a825817a809b72c9,e178ce28cb25ae3778da7359b8df07a03b38046248a8d661e2b928189a3f5252,0
POE_WORKS_VOLUME_2_002,paraphrase,batch_B,warning,length_hard_warning,warning,warning,length_hard_warning,512ac20772f9a478ed64f8a3f26dbcaaa633149c6b16141a1a86f5d3a785bd3f,36ebd5f954f0ca537cf8246f26658cfdd08ca21716c786c1521e05d36fa30b50,0
POE_WORKS_VOLUME_2_002,modernize,batch_B,warning,length_soft_warning,warning,warning,length_soft_warning,512ac20772f9a478ed64f8a3f26dbcaaa633149c6b16141a1a86f5d3a785bd3f,75a9423ceae8eaeb07b5b320e5494dccc1c6abdaa61f265298638932e6395445,0
POE_WORKS_VOLUME_2_002,simplify,batch_B,warning,length_hard_warning,warning,warning,length_hard_warning,512ac20772f9a478ed64f8a3f26dbcaaa633149c6b16141a1a86f5d3a785bd3f,308cd7ed55dda1f5287a5b45eef9ed95de1d12ecc5228102e56ae48742d38a07,0
POE_WORKS_VOLUME_2_003,paraphrase,batch_B,pass,,pass,pass,,f1324649615c3a089ecf1e009d1fa252da7ec3578f0194be37d6c663c04befeb,f5dc9a5e64e99fa8e7ef50904464f88ccc6ae773a8dec5565a53c9cf9f083c3c,0
POE_WORKS_VOLUME_2_003,modernize,batch_B,pass,,pass,pass,,f1324649615c3a089ecf1e009d1fa252da7ec3578f0194be37d6c663c04befeb,246367cfcceea2cebb552eeb52e67edd46b1309de541b7b30c1dd46c5a3f587a,0
POE_WORKS_VOLUME_2_003,simplify,batch_B,pass,,pass,pass,,f1324649615c3a089ecf1e009d1fa252da7ec3578f0194be37d6c663c04befeb,f533ac49749c8482a20edeb30f9fd0dc9d5c67ec738dbc4a83825566d09f3910,0
POE_WORKS_VOLUME_2_004,paraphrase,batch_B,pass,,pass,pass,,2321947260ea3886cfa0262b14cbb9cca894cd029da738bb4df9c946049cbd96,0a092e7c47030e277b6c58aa7e2789dba9964cd02936dcc46d7463118a448d20,0
POE_WORKS_VOLUME_2_004,modernize,batch_B,pass,,pass,pass,,2321947260ea3886cfa0262b14cbb9cca894cd029da738bb4df9c946049cbd96,e0a65d5789e7891d135cd63829b559f1adc4da26470cb0b26dd29f63e81a6173,0
POE_WORKS_VOLUME_2_004,simplify,batch_B,warning,length_soft_warning,warning,warning,length_soft_warning,2321947260ea3886cfa0262b14cbb9cca894cd029da738bb4df9c946049cbd96,8de40d4a96d6eed6a85d601b267249939748e59386e6709bb2e08f1f9d847cfa,0
POE_WORKS_VOLUME_2_005,paraphrase,batch_B,pass,,pass,pass,,7f8b3b4424382797c6942e00d605eabd1db7d86c9dc0202d2112b50d71d26dfa,1799948b86307c35b8a66871a36df1704ff801bdb95d6bf34bf2ce08e9a60c60,0
POE_WORKS_VOLUME_2_005,modernize,batch_B,pass,,pass,pass,,7f8b3b4424382797c6942e00d605eabd1db7d86c9dc0202d2112b50d71d26dfa,f8a3bdf60a8500e44ba10d4d5f125b7d789309720518a160547f2ac7b35fda13,0
POE_WORKS_VOLUME_2_005,simplify,batch_B,warning,length_hard_warning,warning,warning,length_hard_warning,7f8b3b4424382797c6942e00d605eabd1db7d86c9dc0202d2112b50d71d26dfa,e382379ab299b96b691c5baf084eb801ace918a13cea778b5bf56395aefa1055,0
POE_WORKS_VOLUME_2_006,paraphrase,batch_B,warning,length_hard_warning,warning,warning,length_hard_warning,7cb7019ed1ee7b6c8523bc7882916680976635ec0de2e446f5589e641c087883,5a25175652218ff37f58dbc77fb61ddaa817aa81a60780fd8eecb68e926e502a,0
POE_WORKS_VOLUME_2_006,modernize,batch_B,pass,,pass,pass,,7cb7019ed1ee7b6c8523bc7882916680976635ec0de2e446f5589e641c087883,a91f29145dfa2c8963178a42a9f2c155e34dbce89d39914f4c403f02404a281b,0
POE_WORKS_VOLUME_2_006,simplify,batch_B,pass,,pass,pass,,7cb7019ed1ee7b6c8523bc7882916680976635ec0de2e446f5589e641c087883,c590310966a3f56f14bab0cd44eed132b0e76d6a19abfc63975b14ee79a5c2d5,0
POE_WORKS_VOLUME_2_007,paraphrase,batch_B,warning,length_hard_warning,warning,warning,length_hard_warning,00a5b569e8c2f64cdab69d48adfe371e56d7e3c0fd2aa2ccfd6fc655549f1149,64cca45f0e19088d48fa26562357119fe5b48a8dcb59181625f77ac1ff688431,0
POE_WORKS_VOLUME_2_007,modernize,batch_B,warning,length_hard_warning,warning,warning,length_hard_warning,00a5b569e8c2f64cdab69d48adfe371e56d7e3c0fd2aa2ccfd6fc655549f1149,c945db86fc33cae489b6a4428a25d5a715410f52f868eb30d4a1ef57a5b71f37,0
POE_WORKS_VOLUME_2_007,simplify,batch_B,warning,length_hard_warning,warning,warning,length_hard_warning,00a5b569e8c2f64cdab69d48adfe371e56d7e3c0fd2aa2ccfd6fc655549f1149,1efa7bf4d6b6f6ac0bf1fa5298e5a9dd22c362b619243bc6dbf18a3bb2e0a687,0
POE_WORKS_VOLUME_2_008,paraphrase,batch_B,pass,,pass,pass,,c3275739745d4db64c1009851cd028de66e17e7eb47b7bfa63b32dc55b1ec8d9,729cde831197a965f82170260a7618d1dd3cf6b5bc7d851e74cc8f9307bf795c,0
POE_WORKS_VOLUME_2_008,modernize,batch_B,pass,,pass,pass,,c3275739745d4db64c1009851cd028de66e17e7eb47b7bfa63b32dc55b1ec8d9,6d6257ba5a125ad23e877c7089bdd6ea7407a8e8c17506c32cc3ff8e65dfb9a8,0
POE_WORKS_VOLUME_2_008,simplify,batch_B,pass,,pass,pass,,c3275739745d4db64c1009851cd028de66e17e7eb47b7bfa63b32dc55b1ec8d9,2bada8b859b4a717501b44bddefb5e256dee5eaee0b0cf078c6c1b363e96452e,0
POE_WORKS_VOLUME_2_009,paraphrase,batch_B,pass,,pass,pass,,ad11667b3b5c891993709f23b9db87b8a23d546427ed9a789065826d2ff62b19,373d5ad898840fe649ce7ebb074881bf3ca3604deda095776b2b3e350a361e2b,0
POE_WORKS_VOLUME_2_009,modernize,batch_B,pass,,pass,pass,,ad11667b3b5c891993709f23b9db87b8a23d546427ed9a789065826d2ff62b19,772320af0de86ba993b2368a4398ecf9d1f19a5a45ce93465877a109b15fd0c7,0
POE_WORKS_VOLUME_2_009,simplify,batch_B,pass,,pass,pass,,ad11667b3b5c891993709f23b9db87b8a23d546427ed9a789065826d2ff62b19,ef613964761e58b8e6ac0a3d817f2e2bc5a6689695192133566a6fa32fe745d8,0
POE_WORKS_VOLUME_2_010,paraphrase,batch_B,pass,,pass,pass,,6db3d53277791cf99b53add7609c400c1a835483abd8e32650acd6f862e8e2fe,94f0a52ac88e5740f12e4a4534442615ee26742daf14b6533ccdc441b2a99487,0
POE_WORKS_VOLUME_2_010,modernize,batch_B,pass,,pass,pass,,6db3d53277791cf99b53add7609c400c1a835483abd8e32650acd6f862e8e2fe,251f19ea2a709c5cfb1805f0d9f7c05dc26885c151d0281d5008a97655e054af,0
POE_WORKS_VOLUME_2_010,simplify,batch_B,pass,,pass,pass,,6db3d53277791cf99b53add7609c400c1a835483abd8e32650acd6f862e8e2fe,5e5b1ec0d01abbc72f17d847b6386c49cf8be40043925e03e21be9ea916afcaf,0
POE_WORKS_VOLUME_2_011,paraphrase,batch_B,pass,,pass,pass,,a166d2ee739c06b9724982573e5f9ab56409939717c528758ad2f2ff237241f7,96e8a2af8c25f1ce4de521af4fadba86d3dbb34b0bc18781424acfe0de34ad50,0
POE_WORKS_VOLUME_2_011,modernize,batch_B,pass,,pass,pass,,a166d2ee739c06b9724982573e5f9ab56409939717c528758ad2f2ff237241f7,7dd1c413d40938672c0189926a7c927c1cb772f49c2e9a0e44b2b1489a6829cb,0
POE_WORKS_VOLUME_2_011,simplify,batch_B,pass,,pass,pass,,a166d2ee739c06b9724982573e5f9ab56409939717c528758ad2f2ff237241f7,31ac876927c2aee462ed0a73e057fe3fcab84badd7fa69c2fac3417b571018c8,0
POE_WORKS_VOLUME_2_012,paraphrase,batch_B,warning,length_soft_warning,warning,warning,length_soft_warning,e77194f8f84361198b84efb2be961f236f7d1d73eb1c14e49b96ce344314231c,c4643d01ea9fe0a917ea23546072997424f9d8afc8951f0cbff7db82f3708f97,0
POE_WORKS_VOLUME_2_012,modernize,batch_B,warning,length_soft_warning,warning,warning,length_soft_warning,e77194f8f84361198b84efb2be961f236f7d1d73eb1c14e49b96ce344314231c,6f23cdd5d8775ca0a964b6bf558e5e3c4cb5dd7e472ec03bea4649825a36c6d1,0
POE_WORKS_VOLUME_2_012,simplify,batch_B,warning,length_hard_warning,warning,warning,length_hard_warning,e77194f8f84361198b84efb2be961f236f7d1d73eb1c14e49b96ce344314231c,780b537ad715f571d4b119f3efc87a6463d42c886e479709372c0a4b009bfa7f,0
POE_WORKS_VOLUME_2_013,paraphrase,batch_B,pass,,pass,pass,,a65f66f022f5d9c6d8dafcae0f15d02df11d0a7f08c52d076d7de5a37e0ce551,5221658b74907de8b9a94ac3a8ddc500c341246db1f3bfec86e2849a5b2ce042,0
POE_WORKS_VOLUME_2_013,modernize,batch_B,pass,,pass,pass,,a65f66f022f5d9c6d8dafcae0f15d02df11d0a7f08c52d076d7de5a37e0ce551,681251c682cdeb65d14ef07a557c045d9599e879f8bdb71b33a286202b40101e,0
POE_WORKS_VOLUME_2_013,simplify,batch_B,pass,,pass,pass,,a65f66f022f5d9c6d8dafcae0f15d02df11d0a7f08c52d076d7de5a37e0ce551,64cf6b6442bc1b991b65befd2f28099d038e6f8e14e68d34d806cd96700986d5,0
POE_WORKS_VOLUME_2_014,paraphrase,batch_B,warning,length_hard_warning,warning,warning,length_hard_warning,9a1c6902828c884a7a7ecfd4ac3ad7d86a2f78f4b073003b6a4fcf1267b7145d,ccad2ab3170b87b7c47badd2c49934cd8e9b39153c3d91858f9a4c7301a9cfbd,0
POE_WORKS_VOLUME_2_014,modernize,batch_B,warning,length_soft_warning,warning,warning,length_soft_warning,9a1c6902828c884a7a7ecfd4ac3ad7d86a2f78f4b073003b6a4fcf1267b7145d,f4870ed8c803b04886dc4f249ed6fa363ffc07315028a57f5c5e5c9ebfeff99d,0
POE_WORKS_VOLUME_2_014,simplify,batch_B,warning,length_hard_warning,warning,warning,length_hard_warning,9a1c6902828c884a7a7ecfd4ac3ad7d86a2f78f4b073003b6a4fcf1267b7145d,0b9ec9c55fbaf77c67ddef4d6c8f242a6cd63b7b4fec00357f10ace6ce4a8fca,0
POE_WORKS_VOLUME_2_015,paraphrase,batch_B,pass,,pass,pass,,1399b18c31ae4d4d5a5c88d9a1a09cc48757cd9bb0b8295aa984c0605df33d6c,18877f44892362df7e55e0e6893fca906592c020d42a3bf46145d6029c36fdca,0
POE_WORKS_VOLUME_2_015,modernize,batch_B,pass,,pass,pass,,1399b18c31ae4d4d5a5c88d9a1a09cc48757cd9bb0b8295aa984c0605df33d6c,277271fcda5e1b0d4fb975e75efa5a5af678df08c0cc2165ed07140fc03e7621,0
POE_WORKS_VOLUME_2_015,simplify,batch_B,pass,,pass,pass,,1399b18c31ae4d4d5a5c88d9a1a09cc48757cd9bb0b8295aa984c0605df33d6c,33da4eb873c360b3331085bbd80694fe639ed70a50c46dba7496e13ddfedb8a6,0
POE_WORKS_VOLUME_2_016,paraphrase,batch_B,pass,,pass,pass,,cbae24533a8b3f18c13bd3d8058c35903f14ae9d843eaac146fe27e5439061ed,617a6596919bf2b825ded310b44256bd77f0a78e0b0265c2f93c4f64d42338ba,0
POE_WORKS_VOLUME_2_016,modernize,batch_B,pass,,pass,pass,,cbae24533a8b3f18c13bd3d8058c35903f14ae9d843eaac146fe27e5439061ed,1b99561b7bfb00c6c82b476c0c3cb17a7326f6c89b2460f4f110fbd89b0bc1e4,0
POE_WORKS_VOLUME_2_016,simplify,batch_B,pass,,pass,pass,,cbae24533a8b3f18c13bd3d8058c35903f14ae9d843eaac146fe27e5439061ed,bf6c0764cc2108e8bb895aa6cdf1e42fb9a0aad5b4669d342abe5073a732c20b,0
POE_WORKS_VOLUME_2_017,paraphrase,batch_B,pass,,pass,pass,,a25f8373d5d8f95e84522dc0336306405dd78e7e5c5dd1613641670d2300e5ee,5ae83fcc96b9155783027c1e521790d859bf906ae31fd59a4a92ff626eefa319,0
POE_WORKS_VOLUME_2_017,modernize,batch_B,pass,,pass,pass,,a25f8373d5d8f95e84522dc0336306405dd78e7e5c5dd1613641670d2300e5ee,bf31f2b370b8a72321cdcd08d4048b0f7c9c34b88d7b2745849fe24f09d4f840,0
POE_WORKS_VOLUME_2_017,simplify,batch_B,warning,length_soft_warning,warning,warning,length_soft_warning,a25f8373d5d8f95e84522dc0336306405dd78e7e5c5dd1613641670d2300e5ee,71d58375996c38cac69da725ccc9283eb2912c39820c0b9f3baca6287c9c67ee,0
POE_WORKS_VOLUME_2_018,paraphrase,batch_B,pass,,pass,pass,,26738dd9cc1e08de9a11e03a2dac7cd21531c7a36a0edbdd40ec6993197210b8,3099f22889d02494286b55df37111d1ecd3d474f70a56f44012043171fa73587,0
POE_WORKS_VOLUME_2_018,modernize,batch_B,pass,,pass,pass,,26738dd9cc1e08de9a11e03a2dac7cd21531c7a36a0edbdd40ec6993197210b8,219730ca9b4a89c7b869afd140c24784c32403fedf522139d0d9044e180c5636,0
POE_WORKS_VOLUME_2_018,simplify,batch_B,pass,,pass,pass,,26738dd9cc1e08de9a11e03a2dac7cd21531c7a36a0edbdd40ec6993197210b8,5ff37db4b8b8024699c36bd7cfbadf02dc81ac4e2ee2615e4517923a264e41cc,0
POE_WORKS_VOLUME_2_019,paraphrase,batch_B,pass,,pass,pass,,86d9240137162429630f9322263e8cdfb3116cf9334467916db0af9942ea92b2,c8b586705c496b9e807a43c061f115bfe4acfc29d82a8d1d1e55a4560ac60095,0
POE_WORKS_VOLUME_2_019,modernize,batch_B,pass,,pass,pass,,86d9240137162429630f9322263e8cdfb3116cf9334467916db0af9942ea92b2,2b785379c950e16a64a1aa1c978ff9f67f89c80db2e61d4ab5b9b39e3ac607e3,0
POE_WORKS_VOLUME_2_019,simplify,batch_B,pass,,pass,pass,,86d9240137162429630f9322263e8cdfb3116cf9334467916db0af9942ea92b2,6336d0f7dc5e29de6406a2264a5820ca5e85b418ff3493b00e86ff932a7d2ade,0
POE_WORKS_VOLUME_2_020,paraphrase,batch_B,pass,,pass,pass,,cccda8a91eb1dbc9e72e2bedc62c66facf07c9c467e588d023ff579956571cf2,67b0a6a5a7f3b2a28d1610660f1e93e6d7d0e43712e8eba9f3b63b382eb9b22e,0
POE_WORKS_VOLUME_2_020,modernize,batch_B,pass,,pass,pass,,cccda8a91eb1dbc9e72e2bedc62c66facf07c9c467e588d023ff579956571cf2,c5fd535a604041e46a30dc6919a55fb70f79782f83ea9acb4e3cd15c4c1e4945,0
POE_WORKS_VOLUME_2_020,simplify,batch_B,pass,,pass,pass,,cccda8a91eb1dbc9e72e2bedc62c66facf07c9c467e588d023ff579956571cf2,d4b9298c450944b51c33e8147509f989a266317c81cf29d8087f250d8f8e871e,0
POE_WORKS_VOLUME_2_021,paraphrase,batch_B,warning,length_soft_warning,warning,warning,length_soft_warning,4f3249a0059ee628747625931219ab92d11cd4cfbb9f999b11b5bbc3357157d7,6ee2af20dff2dcd043e65d86a1e7e2c8db82234a365d0b5a7eca0db66ab16583,0
POE_WORKS_VOLUME_2_021,modernize,batch_B,pass,,pass,pass,,4f3249a0059ee628747625931219ab92d11cd4cfbb9f999b11b5bbc3357157d7,74fec459655b9d50aabdcf8a18d8e36c9fb55cdde00a3c8224de9529fb2a6fd4,0
POE_WORKS_VOLUME_2_021,simplify,batch_B,pass,,pass,pass,,4f3249a0059ee628747625931219ab92d11cd4cfbb9f999b11b5bbc3357157d7,8bd0930768905657d9f085b92c2388483072b70c148de16fdaeb09a02d71833d,0
POE_WORKS_VOLUME_2_022,paraphrase,batch_B,pass,,pass,pass,,e9ea30aecb0bb0354d95a31d6d4b892d534a6b90562b9fb7b18f4321466fdd09,8ee0a5e84c70ce12c84849075fca78990b845e47289df07685e03e2f3bf8d71a,0
POE_WORKS_VOLUME_2_022,modernize,batch_B,pass,,pass,pass,,e9ea30aecb0bb0354d95a31d6d4b892d534a6b90562b9fb7b18f4321466fdd09,b603a7be8186426e4a405f23c88b6d7288cff10b173bb60d652916f44a3d9c37,0
POE_WORKS_VOLUME_2_022,simplify,batch_B,pass,,pass,pass,,e9ea30aecb0bb0354d95a31d6d4b892d534a6b90562b9fb7b18f4321466fdd09,eb232a4423460aff2fc080f68866b818c3f59e74847db3aedbfc165c478a29f3,0
POE_WORKS_VOLUME_2_023,paraphrase,batch_B,pass,,pass,pass,,f4e59fd06a6283b6d5c1081700dc777db153abc5576c01d895813c84b02e804c,ef40daf177b5ed08d1512a887a09be38c9cef2c391201609c33dedcdf94301b3,0
POE_WORKS_VOLUME_2_023,modernize,batch_B,pass,,pass,pass,,f4e59fd06a6283b6d5c1081700dc777db153abc5576c01d895813c84b02e804c,922e384ace8a8ace08ad29b5eb90afdcdfd900cfe289ebfe19cdf693f46e46d5,0
POE_WORKS_VOLUME_2_023,simplify,batch_B,pass,,pass,pass,,f4e59fd06a6283b6d5c1081700dc777db153abc5576c01d895813c84b02e804c,190e7f9d3119dd86bc99d9fd7bda4a2212bfaba6244c1f2bdc6179035ca604b7,0
POE_WORKS_VOLUME_2_024,paraphrase,batch_B,pass,,pass,pass,,0e2208142715aa89a8a2e54c286b5ef4f01977de3f95e5b77459e4e181fb89fc,86f346e82024f59f2359f6377024bbbca68972a95af019eaf0d71f168eb84fcc,0
POE_WORKS_VOLUME_2_024,modernize,batch_B,pass,,pass,pass,,0e2208142715aa89a8a2e54c286b5ef4f01977de3f95e5b77459e4e181fb89fc,27cf1025ff41dff9b58a1cce9c76a0866bc1746baf0c5267f55a2115e6f1ebaf,0
POE_WORKS_VOLUME_2_024,simplify,batch_B,pass,,pass,pass,,0e2208142715aa89a8a2e54c286b5ef4f01977de3f95e5b77459e4e181fb89fc,ff64a15fad6fcf6c65648fd34eb64bb3708c8c0f4fa8d8792be6a1d762aaff52,0
POE_WORKS_VOLUME_2_025,paraphrase,batch_B,pass,,pass,pass,,530c53d122fe40adcaa68699f11f921a5218806d62cd11ac72824917813dc493,53cf42b9954cb0c11f8eab3b1be0ccc449bba75425de8f890607f7a3b525123c,0
POE_WORKS_VOLUME_2_025,modernize,batch_B,pass,,pass,pass,,530c53d122fe40adcaa68699f11f921a5218806d62cd11ac72824917813dc493,8cb616e9eb0178c30687ed0bca82568c24067495ec3bf3e3e5f708d7c5377476,0
POE_WORKS_VOLUME_2_025,simplify,batch_B,pass,,pass,pass,,530c53d122fe40adcaa68699f11f921a5218806d62cd11ac72824917813dc493,4f9cd8de0e6712cfcf47feef604a613ca78772488e9e7e7da6d8ef12e8092fe4,0
POE_WORKS_VOLUME_2_026,paraphrase,batch_B,warning,length_soft_warning,warning,warning,length_soft_warning,d15cd329fd973b2f3538153168f36ec53308095697db316c52cda3d7fd4ee48d,fc255bbf5a75c4283d497209d55b40b44d38b960b19d4d7319dab8fe10a44741,0
POE_WORKS_VOLUME_2_026,modernize,batch_B,pass,,pass,pass,,d15cd329fd973b2f3538153168f36ec53308095697db316c52cda3d7fd4ee48d,15dd43f36617518b2198b2470240cc2a985495de07df9e5e2972997e27732d88,0
POE_WORKS_VOLUME_2_026,simplify,batch_B,pass,,pass,pass,,d15cd329fd973b2f3538153168f36ec53308095697db316c52cda3d7fd4ee48d,a1135e94e685f63dd357e4555e6ff96e6a58ef810c924f749e70c303c82ac1ea,0
POE_WORKS_VOLUME_2_027,paraphrase,batch_B,pass,,pass,pass,,37cfb0440bbdde0a65a46d881f00d13fdb9c834f5ba71d3023e9589d51b9c9f8,5b3a1750df31c7896a2f1fc46cfededbabd5044ef2e7ea96f5877490bc11847e,0
POE_WORKS_VOLUME_2_027,modernize,batch_B,pass,,pass,pass,,37cfb0440bbdde0a65a46d881f00d13fdb9c834f5ba71d3023e9589d51b9c9f8,7c6af1aa9613da92a7a81ab0879b6dab421c5f85161e581af91f9bb2df871ed2,0
POE_WORKS_VOLUME_2_027,simplify,batch_B,pass,,pass,pass,,37cfb0440bbdde0a65a46d881f00d13fdb9c834f5ba71d3023e9589d51b9c9f8,f580e8690a5189a675a3ed97352ac0d757c1c26ce1b70095661adb620633bd70,0
POE_WORKS_VOLUME_2_028,paraphrase,batch_B,pass,,pass,pass,,8dadd39790c2945ab661812a53a1eaca03467a28fba44b282b40e3cf3ac9f9bd,63a34b5165e5139b6ae20334921f03cbe63d759a510868542ae3225922a7faa1,0
POE_WORKS_VOLUME_2_028,modernize,batch_B,pass,,pass,pass,,8dadd39790c2945ab661812a53a1eaca03467a28fba44b282b40e3cf3ac9f9bd,0098b9fa7f6838b0776e2c4bb64ceaf3eee309f3e9aaf3cccb982617e51e0aa9,0
POE_WORKS_VOLUME_2_028,simplify,batch_B,pass,,pass,pass,,8dadd39790c2945ab661812a53a1eaca03467a28fba44b282b40e3cf3ac9f9bd,775b4b5335403736383318dc644238f97db4064eaa27856f760c838a21c79441,0
POE_WORKS_VOLUME_2_029,paraphrase,batch_B,pass,,pass,pass,,e968459be96d93a5d6123da9e07613800b6ab0ee2f1fe15b062bd40890f19edc,9a46bfef9447ce4535bed334d79597ab7fa0f74accab904fe38bc6a2449e59d2,0
POE_WORKS_VOLUME_2_029,modernize,batch_B,pass,,pass,pass,,e968459be96d93a5d6123da9e07613800b6ab0ee2f1fe15b062bd40890f19edc,7cd959abd5d0429280069f7a06b7562c327e6cede772664ed4b73c6d7adb3086,0
POE_WORKS_VOLUME_2_029,simplify,batch_B,pass,,pass,pass,,e968459be96d93a5d6123da9e07613800b6ab0ee2f1fe15b062bd40890f19edc,83bc3206a996aab68ea5f838a9d07043ccc375b3f6fd234bb705a4d2ed90276d,0
POE_WORKS_VOLUME_2_030,paraphrase,batch_B,warning,length_hard_warning,warning,warning,length_hard_warning,fd2eeaeb909c4b8f57efd59a1e02275e7986a5a4cbcd6d77dd66cef413f61d38,d55b48c7697914aa63829d4c34269a084b183f6efce16e0e6de9dcbd0ed499d8,0
POE_WORKS_VOLUME_2_030,modernize,batch_B,warning,length_soft_warning,warning,warning,length_soft_warning,fd2eeaeb909c4b8f57efd59a1e02275e7986a5a4cbcd6d77dd66cef413f61d38,0d54abe79105b955a5f47184c7e3d0d1edb6b67e5c3faca57ecd1d942e3ec5d7,0
POE_WORKS_VOLUME_2_030,simplify,batch_B,warning,length_soft_warning,warning,warning,length_soft_warning,fd2eeaeb909c4b8f57efd59a1e02275e7986a5a4cbcd6d77dd66cef413f61d38,485f8eb4783955a68660159c8ad5afe0bd386e813d241f0065fafee3e63b1d37,0
SHELLEY_FRANKENSTEIN_001,paraphrase,batch_B,pass,,pass,pass,,0dab0ef1b22310712381b02b4d16fd78aaf87fb2a4b247cff56ecb8eb807859d,d3028b004538c5c3e0b5ac811c7e7801a720335afe24402725ca4ede6b7c825f,0
SHELLEY_FRANKENSTEIN_001,modernize,batch_B,pass,,pass,pass,,0dab0ef1b22310712381b02b4d16fd78aaf87fb2a4b247cff56ecb8eb807859d,2694fea84da280e106f239dc69359595bad7b571c1f18eb43775b4551a74d415,0
SHELLEY_FRANKENSTEIN_001,simplify,batch_B,pass,,pass,pass,,0dab0ef1b22310712381b02b4d16fd78aaf87fb2a4b247cff56ecb8eb807859d,edc6c9fc7cff1f21c1b8d14aba6922767b030219595849363e21047cc420ef65,0
SHELLEY_FRANKENSTEIN_002,paraphrase,batch_B,warning,length_hard_warning,warning,warning,length_hard_warning,33cd3c08ea8d26e3b53621831f3dbe8e0c5c5f65b3edae42d663b88828043349,161ef7b3d831e3f31c899053e69e4970f0344f4ebcbc7b4849d9c1c8e74fc313,0
SHELLEY_FRANKENSTEIN_002,modernize,batch_B,pass,,pass,pass,,33cd3c08ea8d26e3b53621831f3dbe8e0c5c5f65b3edae42d663b88828043349,42613b1b19a321d73c955f029b1c512a954e48fa80dd8bc45fe7a214ec6d226b,0
SHELLEY_FRANKENSTEIN_002,simplify,batch_B,pass,,pass,pass,,33cd3c08ea8d26e3b53621831f3dbe8e0c5c5f65b3edae42d663b88828043349,eeef9b4d550375cb2baa840ebce7dd23bc2bc836116ad6a84f2eba9655b03e1c,0
SHELLEY_FRANKENSTEIN_003,paraphrase,batch_B,pass,,pass,pass,,0b8f163d7c86ad690cde2dac74c9d7da321e748bdb06d9a9028fd54c38192751,ed6d99eab913a8dc128f5fdd99fb4fb8df5f8e9fff3a23bde4d2dfd96004ca7d,0
SHELLEY_FRANKENSTEIN_003,modernize,batch_B,pass,,pass,pass,,0b8f163d7c86ad690cde2dac74c9d7da321e748bdb06d9a9028fd54c38192751,8ec1238d878c709243662f5015a23e8bc4168207de5000c27bf83142cd637b0e,0
SHELLEY_FRANKENSTEIN_003,simplify,batch_B,pass,,pass,pass,,0b8f163d7c86ad690cde2dac74c9d7da321e748bdb06d9a9028fd54c38192751,8faf371c92dd238d3a25d7d29761eca02e6c23147f99aa9d980297cd8be12536,0
SHELLEY_FRANKENSTEIN_004,paraphrase,batch_B,pass,,pass,pass,,868fb111bd2b4cbe0717e27ced3d95439f29fb7cf476aafff282dd973e1e4a0d,4607e9144080d111a76ee550570ba76736528353da4befe7997dc1cbd5c18529,0
SHELLEY_FRANKENSTEIN_004,modernize,batch_B,pass,,pass,pass,,868fb111bd2b4cbe0717e27ced3d95439f29fb7cf476aafff282dd973e1e4a0d,377dd41a6a5f1d69a551ccc0d3cc2ae369c60bc8beb52b1ff65939c8c3b3bcde,0
SHELLEY_FRANKENSTEIN_004,simplify,batch_B,pass,,pass,pass,,868fb111bd2b4cbe0717e27ced3d95439f29fb7cf476aafff282dd973e1e4a0d,c5af5f657499fe39f5e7e9e9c6c27e63fecd3b39a8c47329cbbb741a29d68763,0
SHELLEY_FRANKENSTEIN_005,paraphrase,batch_B,pass,,pass,pass,,b17da83d90b582e07714dccc19f493136a55ccb6e0f2b57c2613b6c5b735c839,9c573805f018f56b2dbc2cf9012a2301548e39bbd19f30849bccd9b07590cc13,0
SHELLEY_FRANKENSTEIN_005,modernize,batch_B,pass,,pass,pass,,b17da83d90b582e07714dccc19f493136a55ccb6e0f2b57c2613b6c5b735c839,148c84045e6e90ed43c63781e2f6fad94f68c4d01a09b76b503854d489dffa95,0
SHELLEY_FRANKENSTEIN_005,simplify,batch_B,pass,,pass,pass,,b17da83d90b582e07714dccc19f493136a55ccb6e0f2b57c2613b6c5b735c839,63c2b2d4a1b5e3e77cd882cbe37de8553e6549a4d8a9bbeb6ff692fe0995bced,0
SHELLEY_FRANKENSTEIN_006,paraphrase,batch_B,pass,,pass,pass,,5608769bafcc30ca517fa8298ea72d23ea30a71203fa5cf000f4dc45cb27ea13,67115431cbda382867ad4f50317b7b45c279b156ba64316bfe9b6c9c302ddec7,0
SHELLEY_FRANKENSTEIN_006,modernize,batch_B,pass,,pass,pass,,5608769bafcc30ca517fa8298ea72d23ea30a71203fa5cf000f4dc45cb27ea13,861c687faa06b2f1eca1277cb3750f2abbfe0f41ce9794f61d2fffa6f77f3a6e,0
SHELLEY_FRANKENSTEIN_006,simplify,batch_B,pass,,pass,pass,,5608769bafcc30ca517fa8298ea72d23ea30a71203fa5cf000f4dc45cb27ea13,360fb3b393c28085e1cb9f07c2be9363ec38670479cfaaf48d4b7d827e54f28c,0
SHELLEY_FRANKENSTEIN_007,paraphrase,batch_B,pass,,pass,pass,,8b6c2070aae7ca69b719b17e60ad7ede04efbfe47c6fd8c03f214a58ad90e0d6,b7ea4e08defe5509a7323cfe3596d062083fb98622e5ed08f2d359cf79c21afb,0
SHELLEY_FRANKENSTEIN_007,modernize,batch_B,pass,,pass,pass,,8b6c2070aae7ca69b719b17e60ad7ede04efbfe47c6fd8c03f214a58ad90e0d6,cc0a8de6a879ce148841b4e17994c096bbcf493133c67c6979679755b34598e4,0
SHELLEY_FRANKENSTEIN_007,simplify,batch_B,pass,,pass,pass,,8b6c2070aae7ca69b719b17e60ad7ede04efbfe47c6fd8c03f214a58ad90e0d6,d2b93eb6af118e8cee19dd514f010ac0de58272a84f30e704e448e1a8b9b27ca,0
SHELLEY_FRANKENSTEIN_008,paraphrase,batch_B,pass,,pass,pass,,ee8fd56a19d0b024bed155298e790d8d579707dffd799bd04125bf40dd2b3ca9,8a816823f81b7a3f289321e3f183d840b65637b87123fb2317b4637212735276,0
SHELLEY_FRANKENSTEIN_008,modernize,batch_B,pass,,pass,pass,,ee8fd56a19d0b024bed155298e790d8d579707dffd799bd04125bf40dd2b3ca9,48aedee7da643010e9d781a60156edc089e62a309c3f1c17af111293c8faac80,0
SHELLEY_FRANKENSTEIN_008,simplify,batch_B,pass,,pass,pass,,ee8fd56a19d0b024bed155298e790d8d579707dffd799bd04125bf40dd2b3ca9,bf90ae658919f61187b331d80fe1ad02a18f7db86211f47485ebf492e16c07b0,0
SHELLEY_FRANKENSTEIN_009,paraphrase,batch_B,pass,,pass,pass,,a24761c294cae8d260791a8d2207f78dd45952e34342dda808b949da59b1e683,7137125fa56cdd3701e8ac8d6e24ca9bf83924f19d17e21f1f752ef314fc0a34,0
SHELLEY_FRANKENSTEIN_009,modernize,batch_B,pass,,pass,pass,,a24761c294cae8d260791a8d2207f78dd45952e34342dda808b949da59b1e683,c8d6bf2c4200f8c3ac6055d2ec987d5d87248571a70af2b537b812d784b41a4a,0
SHELLEY_FRANKENSTEIN_009,simplify,batch_B,pass,,pass,pass,,a24761c294cae8d260791a8d2207f78dd45952e34342dda808b949da59b1e683,2ba083adb91ae665c2882397b619bce584a7860f25c9c0c219cb9965dfa61a6b,0
SHELLEY_FRANKENSTEIN_010,paraphrase,batch_B,pass,,pass,pass,,c6778a833bd37b3f7cd0e791353a85790e4590098e5190acfbd38ad72e5d9803,b2ff0c234a7b0bf21e4ee1f3e9274f02ba25ef499ce4531a2f696d3e958dbe8f,0
SHELLEY_FRANKENSTEIN_010,modernize,batch_B,pass,,pass,pass,,c6778a833bd37b3f7cd0e791353a85790e4590098e5190acfbd38ad72e5d9803,43db39808884e2d11a5113fc847852d2ac1522553ccec0d02ee9d1e3c10cf9d2,0
SHELLEY_FRANKENSTEIN_010,simplify,batch_B,pass,,pass,pass,,c6778a833bd37b3f7cd0e791353a85790e4590098e5190acfbd38ad72e5d9803,abb22fd061c3a58d25cda084e914642d9411201f81c51f252b7cc7ecccdb9723,0
SHELLEY_FRANKENSTEIN_011,paraphrase,batch_B,pass,,pass,pass,,75af8e88fa78042c3d12e4584b0c8bbe981d356f72eaf282939289ad17c4ab9a,800728723d2d098c1828e8fb5d098bc8cbcbf5407f54c495050d2beabb70adde,0
SHELLEY_FRANKENSTEIN_011,modernize,batch_B,pass,,pass,pass,,75af8e88fa78042c3d12e4584b0c8bbe981d356f72eaf282939289ad17c4ab9a,2f8bffede81f151bfbb8b68766d42a5c9c593f90dba43185e47fd52c87454ed3,0
SHELLEY_FRANKENSTEIN_011,simplify,batch_B,pass,,pass,pass,,75af8e88fa78042c3d12e4584b0c8bbe981d356f72eaf282939289ad17c4ab9a,55b0ff6b82d2e7eb0cde40e763513381a9ebc3d74a7014d7158c83f522411758,0
SHELLEY_FRANKENSTEIN_012,paraphrase,batch_B,pass,,pass,pass,,d3f969002b694c994ac98ff2a995aecac5ab89efd9a304719488256f5a899da7,516a62f52384744ad1aaba0d6beed6f62bf3f2dbd6b340f068be0bd326f9c53d,0
SHELLEY_FRANKENSTEIN_012,modernize,batch_B,pass,,pass,pass,,d3f969002b694c994ac98ff2a995aecac5ab89efd9a304719488256f5a899da7,7959a17bde5cd0d3424371ae6b6dd354a38e3099c55570c0a8df4180136d2f4a,0
SHELLEY_FRANKENSTEIN_012,simplify,batch_B,pass,,pass,pass,,d3f969002b694c994ac98ff2a995aecac5ab89efd9a304719488256f5a899da7,e814a21216ae37b2261add2472e1c3af9610d46b31df157313217d91753c7c18,0
SHELLEY_FRANKENSTEIN_013,paraphrase,batch_B,pass,,pass,pass,,f13b0c482ea8a20edfb876d65bd97b4e04a686c845103f85313c6db63f3177ef,bf65572a0ce285f55ac71a529e0fe393b81393e5b98759588325806099ed582f,0
SHELLEY_FRANKENSTEIN_013,modernize,batch_B,pass,,pass,pass,,f13b0c482ea8a20edfb876d65bd97b4e04a686c845103f85313c6db63f3177ef,8f88875993c3108727168be48f340fd4627bc3995ddf3ebaf865695d19bda9df,0
SHELLEY_FRANKENSTEIN_013,simplify,batch_B,pass,,pass,pass,,f13b0c482ea8a20edfb876d65bd97b4e04a686c845103f85313c6db63f3177ef,8f7c97cab3d020280175bc8f6fc8b2ba26e1ad7613c389020228f48d7aa69372,0
SHELLEY_FRANKENSTEIN_014,paraphrase,batch_B,pass,,pass,pass,,72e92ccb8a024e69a857aa730805f9235216ada163b9f44c9f61abb858dfb97f,f56c4a287f24dde85a2963dae37b247d154665ae3cbae8336ca594a1667e2913,0
SHELLEY_FRANKENSTEIN_014,modernize,batch_B,pass,,pass,pass,,72e92ccb8a024e69a857aa730805f9235216ada163b9f44c9f61abb858dfb97f,ba3ffbba7dec36e78680acfc124d2abd1af3543808af44ea8e8a4ff7ae83f9d4,0
SHELLEY_FRANKENSTEIN_014,simplify,batch_B,pass,,pass,pass,,72e92ccb8a024e69a857aa730805f9235216ada163b9f44c9f61abb858dfb97f,bb13d03675f453602009b6a559b8b21d751fee611005c57bfc333176e2e7639c,0
SHELLEY_FRANKENSTEIN_015,paraphrase,batch_B,warning,length_soft_warning,warning,warning,length_soft_warning,5f31146da8f06b8f1cee7eece36bc041a7fa1665647850da442bd15d941737ad,4f3fa1dfc7e333bc21029c2a968f07dbdfa68ef0c2b7aae5cced157dc78f323c,0
SHELLEY_FRANKENSTEIN_015,modernize,batch_B,pass,,pass,pass,,5f31146da8f06b8f1cee7eece36bc041a7fa1665647850da442bd15d941737ad,d209f0c2cbaff9e3a1b2a6b1cd024a975087d15ecfa618f56ee624835bea6708,0
SHELLEY_FRANKENSTEIN_015,simplify,batch_B,pass,,pass,pass,,5f31146da8f06b8f1cee7eece36bc041a7fa1665647850da442bd15d941737ad,62daa69e251cbd2c2de3dd19295bdd48f20933b0b979a1894df5738a2b2aee84,0
SHELLEY_FRANKENSTEIN_016,paraphrase,batch_B,pass,,pass,pass,,a08fcc101f35b745586a8e95db0e445b738f05769dea15158537c0dd848a3ad0,410f3b2552d9e503fb98dc46512bb587f7a1eea967c7235e35e509812d663478,0
SHELLEY_FRANKENSTEIN_016,modernize,batch_B,pass,,pass,pass,,a08fcc101f35b745586a8e95db0e445b738f05769dea15158537c0dd848a3ad0,2d5de421dfe0985f838c96d2a321cdc67fb8799de610439479cf22f6107be808,0
SHELLEY_FRANKENSTEIN_016,simplify,batch_B,pass,,pass,pass,,a08fcc101f35b745586a8e95db0e445b738f05769dea15158537c0dd848a3ad0,0e57d71d8e644178728cf913ce9169369d48268eb44e585f3ae4fa4726286a36,0
SHELLEY_FRANKENSTEIN_017,paraphrase,batch_B,pass,,pass,pass,,2071dbb6c9fe2f8e0982197f551f5e299f3a8c0016f2f00ff0812c97960ff25b,aff0ca01c782be04edd023bbe30b0e7d9af85c85157ced3b7bb4b235f4a82534,0
SHELLEY_FRANKENSTEIN_017,modernize,batch_B,pass,,pass,pass,,2071dbb6c9fe2f8e0982197f551f5e299f3a8c0016f2f00ff0812c97960ff25b,87a75e875edfaa7bab3e92d69982f8e51a5b2ae197a4f8f2a79e462a92fb9ac6,0
SHELLEY_FRANKENSTEIN_017,simplify,batch_B,pass,,pass,pass,,2071dbb6c9fe2f8e0982197f551f5e299f3a8c0016f2f00ff0812c97960ff25b,dbf7ffcf95686d3298cc73387fc1643f3ba329c5d65ca31975731e6708627002,0
SHELLEY_FRANKENSTEIN_018,paraphrase,batch_B,pass,,pass,pass,,97db000728e1797374c99db88700bb031d5df6ed4f08c23c3d9889ac32cba65d,29d5a9cd4109587f0fff3543109432f8e25daa43ce7af2dffed6f71ee1cae8d1,0
SHELLEY_FRANKENSTEIN_018,modernize,batch_B,pass,,pass,pass,,97db000728e1797374c99db88700bb031d5df6ed4f08c23c3d9889ac32cba65d,9c76d748a93369812ea17c7af3dead6251d2734dc4a555be73e0d435f755032f,0
SHELLEY_FRANKENSTEIN_018,simplify,batch_B,pass,,pass,pass,,97db000728e1797374c99db88700bb031d5df6ed4f08c23c3d9889ac32cba65d,eaa3b9c4ea42539b5d247e4e7e018010cf3fd8cd8d26e33245ffcafbd3cb22ff,0
SHELLEY_FRANKENSTEIN_019,paraphrase,batch_B,pass,,pass,pass,,553d04c4d1e7336e6dd649f597508c9548ebe2078118e06c2575f92ea1012477,6134eba1cd0f1b615d023fbf2e7eee9f0ed701b1724fa49f7be8db3a52756ee1,0
SHELLEY_FRANKENSTEIN_019,modernize,batch_B,pass,,pass,pass,,553d04c4d1e7336e6dd649f597508c9548ebe2078118e06c2575f92ea1012477,575f16225a88d70169b11340d7e382babcb12d76d8fd209457f316f0a959c0ce,0
SHELLEY_FRANKENSTEIN_019,simplify,batch_B,pass,,pass,pass,,553d04c4d1e7336e6dd649f597508c9548ebe2078118e06c2575f92ea1012477,8c8b63e354d58bb7c792a6c2e933021641336819496184b72fdbd1407c437e73,0
SHELLEY_FRANKENSTEIN_020,paraphrase,batch_B,pass,,pass,pass,,3cc2abee71e3bc95becf97af70713d8005d207fc94141a59f71cdc9df97f6d85,9ecb8ef7f3a81cbefbcdc08d827c934b77752de553d12978be78d57e9331a617,0
SHELLEY_FRANKENSTEIN_020,modernize,batch_B,pass,,pass,pass,,3cc2abee71e3bc95becf97af70713d8005d207fc94141a59f71cdc9df97f6d85,ea1163cb496cb0265e34f4e1f3f3048737e34b8f37a885f2f432c456c33df74e,0
SHELLEY_FRANKENSTEIN_020,simplify,batch_B,pass,,pass,pass,,3cc2abee71e3bc95becf97af70713d8005d207fc94141a59f71cdc9df97f6d85,f511627c5ac51ee7e37e38d745056eff3423a4e4366fd52a885772d9cd06eb54,0
SHELLEY_FRANKENSTEIN_021,paraphrase,batch_B,pass,,pass,pass,,31c4c09219ab864e0989d6744aa53949794a1616ecc3d854c7961d82a64a0cd7,ee8f56a176c39db85b9ed7fe3bcef53356f1aba38d19ebba1515aaff2e1c6eca,0
SHELLEY_FRANKENSTEIN_021,modernize,batch_B,pass,,pass,pass,,31c4c09219ab864e0989d6744aa53949794a1616ecc3d854c7961d82a64a0cd7,903236a07a0fa3bfee687a78aed44a84a76a918b124a82a1a1f1c66a70ad2816,0
SHELLEY_FRANKENSTEIN_021,simplify,batch_B,pass,,pass,pass,,31c4c09219ab864e0989d6744aa53949794a1616ecc3d854c7961d82a64a0cd7,4376ff31ddeeae3376772557cd58684df9c81541eefa4f6f6baed1a02d1cbfbb,0
SHELLEY_FRANKENSTEIN_022,paraphrase,batch_B,pass,,pass,pass,,4fb623164d159209da5a78c4b82cd6a22beec64dc1cf2523eee1586438ff3247,9bdebf5bf46dfd801d0f82f4313d21c20c0dabe39d3e8c3f5e8e8f27f69ad86e,0
SHELLEY_FRANKENSTEIN_022,modernize,batch_B,pass,,pass,pass,,4fb623164d159209da5a78c4b82cd6a22beec64dc1cf2523eee1586438ff3247,edac9753a1dc97d40995505ccf4ceeb88c56aea803cfdef46dc18ad665cc809a,0
SHELLEY_FRANKENSTEIN_022,simplify,batch_B,pass,,pass,pass,,4fb623164d159209da5a78c4b82cd6a22beec64dc1cf2523eee1586438ff3247,6d316426b8051576e028cb4c489dcf1a0fdf7f991952d58dc398a1ec1172767e,0
SHELLEY_FRANKENSTEIN_023,paraphrase,batch_B,pass,,pass,pass,,11ba90b2dea9a46186aac509e3d8bafb37dd8270e8f9b368d3738331d7e728aa,57b43d648c5b1a3b87132f44b53e18031b67365594eed13aff27f74a73a0f73d,0
SHELLEY_FRANKENSTEIN_023,modernize,batch_B,pass,,pass,pass,,11ba90b2dea9a46186aac509e3d8bafb37dd8270e8f9b368d3738331d7e728aa,3e88fe3380688b2fdc85cc49766a28318f544475159631e5a28af26ed00fde4e,0
SHELLEY_FRANKENSTEIN_023,simplify,batch_B,pass,,pass,pass,,11ba90b2dea9a46186aac509e3d8bafb37dd8270e8f9b368d3738331d7e728aa,eba8d688fa22a6dcaf97d850e0f246f9e367e39ef9b9f5254f23214c18450582,0
SHELLEY_FRANKENSTEIN_024,paraphrase,batch_B,pass,,pass,pass,,6f9d2c129bf4f0f6da161c700d5d85663687d3119ceb426404b10db461ecf2c9,261f4a5daab21f9a419275f29ba81871e6a13e112768e2d756ccb732613ef9d8,0
SHELLEY_FRANKENSTEIN_024,modernize,batch_B,pass,,pass,pass,,6f9d2c129bf4f0f6da161c700d5d85663687d3119ceb426404b10db461ecf2c9,a8aa8e920d04099245ec04a6f31c66937adcca16118f65c670f17e9866911867,0
SHELLEY_FRANKENSTEIN_024,simplify,batch_B,pass,,pass,pass,,6f9d2c129bf4f0f6da161c700d5d85663687d3119ceb426404b10db461ecf2c9,eb5ca34c0917225f9c6d1b278d01090de6b7d54f8bc8ea48b98a9a68d1fc546c,0
SHELLEY_FRANKENSTEIN_025,paraphrase,batch_B,warning,length_soft_warning,warning,warning,length_soft_warning,77f5cf90eec74562cdab8509684dd6b2e0fcab7ff2cf1679deb384b80c3aab0f,7cfb15ec7d85c35c9dd40052af6f478e4f3fc012d24a2fc672eb7fad63d74d7b,0
SHELLEY_FRANKENSTEIN_025,modernize,batch_B,warning,length_soft_warning,warning,warning,length_soft_warning,77f5cf90eec74562cdab8509684dd6b2e0fcab7ff2cf1679deb384b80c3aab0f,a57860ad840033b7e3ae19c26020eddcd177ef1367f56b3de95a2db4c79b32c9,0
SHELLEY_FRANKENSTEIN_025,simplify,batch_B,warning,length_soft_warning,warning,warning,length_soft_warning,77f5cf90eec74562cdab8509684dd6b2e0fcab7ff2cf1679deb384b80c3aab0f,ca0aad9bab3d87c882ecc167a59c9c70eb34e1be040b099dfd8d7310215a64f8,0
SHELLEY_FRANKENSTEIN_026,paraphrase,batch_B,pass,,pass,pass,,426187bbff47d20d20234e354fb0c0385185634b440cd197bc2f6ea21d1fae33,f479c0c00a66985f4ed9338510c46c426d6ddf168b2bfb79d44b4292196092ee,0
SHELLEY_FRANKENSTEIN_026,modernize,batch_B,pass,,pass,pass,,426187bbff47d20d20234e354fb0c0385185634b440cd197bc2f6ea21d1fae33,66d79fbee0e8cc14f7b1c548ac55b619d95f629b39b42307a8bb808159c97366,0
SHELLEY_FRANKENSTEIN_026,simplify,batch_B,pass,,pass,pass,,426187bbff47d20d20234e354fb0c0385185634b440cd197bc2f6ea21d1fae33,54bb18a2d8ae38aed7862fbf217d8fda7dfdc22a919c5844710cbe0d2153e1a0,0
SHELLEY_FRANKENSTEIN_027,paraphrase,batch_B,pass,,pass,pass,,b5ae68754de27daa95bc89459ed494cd41722c0a814d1239cb79760b4b4791df,c70c7acfd2946a6981cf0c97815214ee2055051b20c1dd6cc737a9ee4c6f21cc,0
SHELLEY_FRANKENSTEIN_027,modernize,batch_B,pass,,pass,pass,,b5ae68754de27daa95bc89459ed494cd41722c0a814d1239cb79760b4b4791df,00f122f3b46733b2902fb1fbbfdff658604bfa6f34c8feb0785928b88c87c5ea,0
SHELLEY_FRANKENSTEIN_027,simplify,batch_B,pass,,pass,pass,,b5ae68754de27daa95bc89459ed494cd41722c0a814d1239cb79760b4b4791df,03cb0688e8f38d59d2c8a3321f23f10247da5c6636f82930fdf209a5ccacd4aa,0
SHELLEY_FRANKENSTEIN_028,paraphrase,batch_B,pass,,pass,pass,,f5dc0c913d79ad52d3aed6d1d63f1827c055e46edea005afe4c3b85322819d19,4738df075157c1645ec5198c03055f3d6486a97e284f78ea4e310e6a356c9ead,0
SHELLEY_FRANKENSTEIN_028,modernize,batch_B,pass,,pass,pass,,f5dc0c913d79ad52d3aed6d1d63f1827c055e46edea005afe4c3b85322819d19,b3da55b8687897e3495942668ba28e00bfa2440eb6af7fb53fc9e333adfc3a8b,0
SHELLEY_FRANKENSTEIN_028,simplify,batch_B,pass,,pass,pass,,f5dc0c913d79ad52d3aed6d1d63f1827c055e46edea005afe4c3b85322819d19,054f11f489e762de0873afdb92e74ba7042c381f2fb1b6e33ce419e22342b73a,0
SHELLEY_FRANKENSTEIN_029,paraphrase,batch_B,pass,,pass,pass,,03fb86d5dce0043adb3224815f51fabfcb0ae989d39b1d0f242c54e24faed85f,e97a56b186033127595d7758f6ee21ed38ae7f9ae058f49bca5b38b30a44d40c,0
SHELLEY_FRANKENSTEIN_029,modernize,batch_B,pass,,pass,pass,,03fb86d5dce0043adb3224815f51fabfcb0ae989d39b1d0f242c54e24faed85f,6432cbf29bd8b3535fb1897c1d45eec09404d06568b93f350ca9afd40bcbfc76,0
SHELLEY_FRANKENSTEIN_029,simplify,batch_B,pass,,pass,pass,,03fb86d5dce0043adb3224815f51fabfcb0ae989d39b1d0f242c54e24faed85f,7b777b66b2b18a3f0848e2c146e27ffe96d0b201d1b839aac74b1e268ba67d73,0
SHELLEY_FRANKENSTEIN_030,paraphrase,batch_B,pass,,pass,pass,,122bad6f446976101e332af8e28815927f774b013c0bd632030a9a98280dd5ab,079b271fe9506f963e8344225f63731da01a9e35bf1ecafe7f9efa5bf75d3e96,0
SHELLEY_FRANKENSTEIN_030,modernize,batch_B,pass,,pass,pass,,122bad6f446976101e332af8e28815927f774b013c0bd632030a9a98280dd5ab,abd10a5bc2e80988807deed2cb5eaa2adb7055d5e4d70dfc08f0a81926a038cf,0
SHELLEY_FRANKENSTEIN_030,simplify,batch_B,pass,,pass,pass,,122bad6f446976101e332af8e28815927f774b013c0bd632030a9a98280dd5ab,f878500764792365bc04324770da348f0da21b6959d4367b48a4d7ec87170d8f,0
SHELLEY_THE_LAST_MAN_001,paraphrase,batch_B,pass,,pass,pass,,44531107b7f38c886ac943eb9508393fb4aa75b186b7f1a08733dce944973159,336f2e2aa0319496da29dccf146e483e83add4624b5d9b2caccb2b2dcebdb0f7,0
SHELLEY_THE_LAST_MAN_001,modernize,batch_B,pass,,pass,pass,,44531107b7f38c886ac943eb9508393fb4aa75b186b7f1a08733dce944973159,7481e9b473f7d48c9bceadbad77007b735c2598d26133105e14b1ecf69c2d9c9,0
SHELLEY_THE_LAST_MAN_001,simplify,batch_B,pass,,pass,pass,,44531107b7f38c886ac943eb9508393fb4aa75b186b7f1a08733dce944973159,c5414c95458c8b7067a330889d5270d6ea56793df301d4dfd0e2e6b2111a00f7,0
SHELLEY_THE_LAST_MAN_002,paraphrase,batch_B,pass,,pass,pass,,5011ac8577f932c9c6316e96a94daa81568379616cd5fa38e9be5b199c3cd62f,01068538530c974cafb409b8bb9d569388f1728c4944e117dd74e6838b7478a5,0
SHELLEY_THE_LAST_MAN_002,modernize,batch_B,pass,,pass,pass,,5011ac8577f932c9c6316e96a94daa81568379616cd5fa38e9be5b199c3cd62f,886f958c410119c52fec6b2c4396f9b97356c9fc262021fdb6a55b5ef641e5e6,0
SHELLEY_THE_LAST_MAN_002,simplify,batch_B,pass,,pass,pass,,5011ac8577f932c9c6316e96a94daa81568379616cd5fa38e9be5b199c3cd62f,6a46f7962f93c55feba2a81c99bd682dc857c309fab8d4ed9d4024a324ea9fc0,0
SHELLEY_THE_LAST_MAN_003,paraphrase,batch_B,pass,,pass,pass,,e3b55515fd6e064b3b1609b9bab3a7a98cc2faa65c681ca47d01c587200b0744,ceacf3b58fdf32f68a0b900cfc8bd4b4ad796980820da5ddc3e1f5ead9dcc5ae,0
SHELLEY_THE_LAST_MAN_003,modernize,batch_B,pass,,pass,pass,,e3b55515fd6e064b3b1609b9bab3a7a98cc2faa65c681ca47d01c587200b0744,1c91f9f94361142dcbf3216a7073a2dadc1d2d5eb4b98af8991263b9f75ecee4,0
SHELLEY_THE_LAST_MAN_003,simplify,batch_B,pass,,pass,pass,,e3b55515fd6e064b3b1609b9bab3a7a98cc2faa65c681ca47d01c587200b0744,b96a1f8ce6ce6fd27d093b54c5431cef8d05aab43f5b78fe73e467bdc737c43e,0
SHELLEY_THE_LAST_MAN_004,paraphrase,batch_B,pass,,pass,pass,,b10b20788904ba24adab615a2e25fa5dbe0c37f85ef76f702f7bb3c829cbbf58,61e161ff2ee5c937709f597f93ceb9b3762924f2039931ea82e4659d731922d3,0
SHELLEY_THE_LAST_MAN_004,modernize,batch_B,pass,,pass,pass,,b10b20788904ba24adab615a2e25fa5dbe0c37f85ef76f702f7bb3c829cbbf58,3b7fbc244cd42fb7aab9371ae85c985fd89ebc18d342d2f5785101878ce70157,0
SHELLEY_THE_LAST_MAN_004,simplify,batch_B,pass,,pass,pass,,b10b20788904ba24adab615a2e25fa5dbe0c37f85ef76f702f7bb3c829cbbf58,58a0bcd1a46a7ed9d59829774c87548e3649b2510e78d28e413a810670699c2e,0
SHELLEY_THE_LAST_MAN_005,paraphrase,batch_B,pass,,pass,pass,,6c9dc7737e25b9163f24d1d44f125451345041d3f77958826c32c4a779e6a5a9,cbae9b3ffdb98bd970e075cba0ae867d6925d2eaf7f0097cf73a549a63d7154e,0
SHELLEY_THE_LAST_MAN_005,modernize,batch_B,pass,,pass,pass,,6c9dc7737e25b9163f24d1d44f125451345041d3f77958826c32c4a779e6a5a9,cf20214fb77483d59be2150282d84a61f9096d493b2270ab3131b00e9e7d458c,0
SHELLEY_THE_LAST_MAN_005,simplify,batch_B,pass,,pass,pass,,6c9dc7737e25b9163f24d1d44f125451345041d3f77958826c32c4a779e6a5a9,78de0da169c23eb8e4254f87997f95cc927c5df3f14358dc05072c2fa6c7e33f,0
SHELLEY_THE_LAST_MAN_006,paraphrase,batch_B,pass,,pass,pass,,8639ef60e324b844cf1bbf2aeeb3919ab11fdc32dcddb51f3fcf9f246d9b474e,a7e3423af332cc7cbec605c91712f246db4777ca2939d1211570fdab9f477bde,0
SHELLEY_THE_LAST_MAN_006,modernize,batch_B,pass,,pass,pass,,8639ef60e324b844cf1bbf2aeeb3919ab11fdc32dcddb51f3fcf9f246d9b474e,6831009d742ee833344eb6e31e462009f36b7009e491d5a8c72349edcbe3e05f,0
SHELLEY_THE_LAST_MAN_006,simplify,batch_B,pass,,pass,pass,,8639ef60e324b844cf1bbf2aeeb3919ab11fdc32dcddb51f3fcf9f246d9b474e,a475fe4a9843a614af4b29a2be15efb9c38963c05a6d5d3240596b3acd6a0d34,0
SHELLEY_THE_LAST_MAN_007,paraphrase,batch_B,pass,,pass,pass,,b6a215d8df1b60fdca85288577184326fdd85dc94c6f655019b5c6c806e0e4d8,f9c538be28da1fcba0801c88291e33a48f962e301d71c428de9c752a7de1cf79,0
SHELLEY_THE_LAST_MAN_007,modernize,batch_B,pass,,pass,pass,,b6a215d8df1b60fdca85288577184326fdd85dc94c6f655019b5c6c806e0e4d8,7d4210cfe2185ccb6a9979b7a25b3badd9daec937fec4750cd54c5e3200f395f,0
SHELLEY_THE_LAST_MAN_007,simplify,batch_B,pass,,pass,pass,,b6a215d8df1b60fdca85288577184326fdd85dc94c6f655019b5c6c806e0e4d8,d56df001335520463c73f4e66f1e94c029028497b94ee14fe83fdb437b0280e3,0
SHELLEY_THE_LAST_MAN_008,paraphrase,batch_B,pass,,pass,pass,,363fcd42bbafa45514683096e3ebc1252b101c8e59a6ed5e59b097cba03836fb,a3f059e3a22ebe6b04a475abb331b57fba30dbc8f60f7a616386b8fea5300a53,0
SHELLEY_THE_LAST_MAN_008,modernize,batch_B,pass,,pass,pass,,363fcd42bbafa45514683096e3ebc1252b101c8e59a6ed5e59b097cba03836fb,fcce6bddef060275ebb569f42fa2f1377d14a976afecab83b2c177bca32177a1,0
SHELLEY_THE_LAST_MAN_008,simplify,batch_B,pass,,pass,pass,,363fcd42bbafa45514683096e3ebc1252b101c8e59a6ed5e59b097cba03836fb,dc110c7bbf4679acb8b1e9a7c5df452bf444c1dae8c125ff21ce1429275d4595,0
SHELLEY_THE_LAST_MAN_009,paraphrase,batch_B,pass,,pass,pass,,b2aedc144a68ede713ba13069e0be05dab50c5d543f42bfa6dcf2db05e2f56a1,6de79af38ec22667dbf1d21a5e80557c2ca39b62e3b4d36c21f3603751589963,0
SHELLEY_THE_LAST_MAN_009,modernize,batch_B,pass,,pass,pass,,b2aedc144a68ede713ba13069e0be05dab50c5d543f42bfa6dcf2db05e2f56a1,4d6fae95ebe7d45c8dfdafee3cba771b76d9319517735ba4860ce870809c66fc,0
SHELLEY_THE_LAST_MAN_009,simplify,batch_B,pass,,pass,pass,,b2aedc144a68ede713ba13069e0be05dab50c5d543f42bfa6dcf2db05e2f56a1,54d204be3785d3913e44237b9a95d35a63f885052e6a28dfd76811c36e184e3e,0
SHELLEY_THE_LAST_MAN_010,paraphrase,batch_B,pass,,pass,pass,,1fc752d571aa6e899c244f8214ac1f0bf83e59fff9d35847e9ca71a6c0eb9688,64972c105fd8d46afec3d0f02f7c71dc06d20308603e0c78c4b8e5018ff75a91,0
SHELLEY_THE_LAST_MAN_010,modernize,batch_B,pass,,pass,pass,,1fc752d571aa6e899c244f8214ac1f0bf83e59fff9d35847e9ca71a6c0eb9688,3f8273429cc703d17fbaee31fa4f5a87cee12309139bca46a9ee357053b1a524,0
SHELLEY_THE_LAST_MAN_010,simplify,batch_B,pass,,pass,pass,,1fc752d571aa6e899c244f8214ac1f0bf83e59fff9d35847e9ca71a6c0eb9688,eb99195558b54a5f03f17bf000d75ddb0daf0f07420c16a72bea4a412b309fa3,0
SHELLEY_THE_LAST_MAN_011,paraphrase,batch_B,pass,,pass,pass,,693366ef7405cb96a1f3ba1aa28b6a727788cba4feca661980d81b3def185a15,2bf75db9dbae3c66c5341e5f5343156fb139cff4543c2aa8d4f3eafb2ef8a878,0
SHELLEY_THE_LAST_MAN_011,modernize,batch_B,pass,,pass,pass,,693366ef7405cb96a1f3ba1aa28b6a727788cba4feca661980d81b3def185a15,8ccb37a81435bdcec8a9fb517c7b67a4163bd781f89493991ad798b04e3191ce,0
SHELLEY_THE_LAST_MAN_011,simplify,batch_B,pass,,pass,pass,,693366ef7405cb96a1f3ba1aa28b6a727788cba4feca661980d81b3def185a15,833c001973ad42514f8f488f5b6fe07727bef58c0aa402a0d882e25c8beb43df,0
SHELLEY_THE_LAST_MAN_012,paraphrase,batch_B,pass,,pass,pass,,354eb1cee0f5373bee7c2b5f3329cd8c02395bd7a8d998f965cae8c39268e7fe,e11ff4b7f30824eb85c32c641976d8f584c46a5ea80571c3f5f9005eb9ff3e3f,0
SHELLEY_THE_LAST_MAN_012,modernize,batch_B,pass,,pass,pass,,354eb1cee0f5373bee7c2b5f3329cd8c02395bd7a8d998f965cae8c39268e7fe,7f35672aa0988c08daa6868fa73411010e3ef211ea9a7eb6e518fff3bfb43e9a,0
SHELLEY_THE_LAST_MAN_012,simplify,batch_B,pass,,pass,pass,,354eb1cee0f5373bee7c2b5f3329cd8c02395bd7a8d998f965cae8c39268e7fe,f6f809523c288ba7215164ef8665703c732ff9a9205848bae9bc6b31ac94eb0e,0
SHELLEY_THE_LAST_MAN_013,paraphrase,batch_B,pass,,pass,pass,,fbe1150215af1c2d775c1c10f0cb2d0327cf51955fc0074c529445285bfad822,b1f09be0e20e961085081441a879ebcd8887c6e0129ae54f0e4897a63a5d48f4,0
SHELLEY_THE_LAST_MAN_013,modernize,batch_B,pass,,pass,pass,,fbe1150215af1c2d775c1c10f0cb2d0327cf51955fc0074c529445285bfad822,9a543709bf417782338149a4ee41f01c6ee408d0cb1380338c575081ee7062ab,0
SHELLEY_THE_LAST_MAN_013,simplify,batch_B,pass,,pass,pass,,fbe1150215af1c2d775c1c10f0cb2d0327cf51955fc0074c529445285bfad822,ad6d1c6b0067eaae0b682fab0893c5eb88e07aff2051d93d8ff35545347704c1,0
SHELLEY_THE_LAST_MAN_014,paraphrase,batch_B,pass,,pass,pass,,6109d62751b6417b663921dc83a26677f41e0eb723a8925596d0efa6e2b1d320,98548324cd7a2a189c53c787f7717903e6b7716dc11efc47d7ec753e74cc4569,0
SHELLEY_THE_LAST_MAN_014,modernize,batch_B,pass,,pass,pass,,6109d62751b6417b663921dc83a26677f41e0eb723a8925596d0efa6e2b1d320,41e5e715f753bdd90216a896299be448524b7416dd5e7d0970894e83ca7305b6,0
SHELLEY_THE_LAST_MAN_014,simplify,batch_B,pass,,pass,pass,,6109d62751b6417b663921dc83a26677f41e0eb723a8925596d0efa6e2b1d320,30160526d626196cbabdb42933f344470da78fedc6c4839161484b1a1e429a70,0
SHELLEY_THE_LAST_MAN_015,paraphrase,batch_B,pass,,pass,pass,,c7c2a99b83e947d0f5dd1d44e1a2ce2e160adecbae7fbb36c4190586190ab8f1,9381728fd102a961ffe62493acfd6e8ed5bb1c3701589748b2fe9e2c83d9512e,0
SHELLEY_THE_LAST_MAN_015,modernize,batch_B,pass,,pass,pass,,c7c2a99b83e947d0f5dd1d44e1a2ce2e160adecbae7fbb36c4190586190ab8f1,502abf24418d8eb079fc92414c8e353abed4c2c7d108955125ae0950c79ea807,0
SHELLEY_THE_LAST_MAN_015,simplify,batch_B,pass,,pass,pass,,c7c2a99b83e947d0f5dd1d44e1a2ce2e160adecbae7fbb36c4190586190ab8f1,d1b82842d83bdc81738408c615a341867fcc1052876e956c2cb2b14247e4ffcc,0
SHELLEY_THE_LAST_MAN_016,paraphrase,batch_B,pass,,pass,pass,,d19cb72039f71227ac557d89d32eeecd5facb2b899218a53336e6fc00135f8c6,ff3b8e4800cc563a9c50966e9944fd87de95aade26feb5c7ed31cad29182c24e,0
SHELLEY_THE_LAST_MAN_016,modernize,batch_B,pass,,pass,pass,,d19cb72039f71227ac557d89d32eeecd5facb2b899218a53336e6fc00135f8c6,23f88a4ec653a908562980c42a3d8d3b363a368a3a687cb151e0d512cc50ff46,0
SHELLEY_THE_LAST_MAN_016,simplify,batch_B,pass,,pass,pass,,d19cb72039f71227ac557d89d32eeecd5facb2b899218a53336e6fc00135f8c6,18cab0be36014ae3c20edded8279050d40deafc9f93bcbbd3c09f53e5ed7147c,0
SHELLEY_THE_LAST_MAN_017,paraphrase,batch_B,pass,,pass,pass,,048bd41846dc34bfc415efe895e298264c0981e7dad0f6494c8d76677ec06dce,6387523c2cf4a09c8fd25a7c23e6504ff8a9cba50fcd6d850b234e8e4d219782,0
SHELLEY_THE_LAST_MAN_017,modernize,batch_B,pass,,pass,pass,,048bd41846dc34bfc415efe895e298264c0981e7dad0f6494c8d76677ec06dce,44a2487d0fb2bff57a976f13b35218e40d7c07ba99444cf5a5c5acb9dc9fad3f,0
SHELLEY_THE_LAST_MAN_017,simplify,batch_B,pass,,pass,pass,,048bd41846dc34bfc415efe895e298264c0981e7dad0f6494c8d76677ec06dce,862bf20f3f3807c50de31fa6ed04678a7a7cf0f072888a6f0933a0e825085e17,0
SHELLEY_THE_LAST_MAN_018,paraphrase,batch_B,pass,,pass,pass,,4c4830defe9e3e70e4b8ed8b5c60f72a11fffeb27dd2ed15b31680e1e0acc945,bd6ab819bc978e2436a1ce7701dd8f8d8aee74e82caf21f7155454105a3b5e47,0
SHELLEY_THE_LAST_MAN_018,modernize,batch_B,pass,,pass,pass,,4c4830defe9e3e70e4b8ed8b5c60f72a11fffeb27dd2ed15b31680e1e0acc945,6f9baccce9820d71b2ca0337530f2db4fdb6aa653a0ffd3eca8e5863cbab34ff,0
SHELLEY_THE_LAST_MAN_018,simplify,batch_B,pass,,pass,pass,,4c4830defe9e3e70e4b8ed8b5c60f72a11fffeb27dd2ed15b31680e1e0acc945,c855732a065bca42a0b0a7b2c818fa55bf85a91c26d8296a1de6a402ac87bf4a,0
SHELLEY_THE_LAST_MAN_019,paraphrase,batch_B,pass,,pass,pass,,0d5d41dc3f869d9b5cc5cd5e0a2d22224d8af8d0e2fe7ca1bb17100585785637,875cb3dc491311202b2f074345a9656327e5c9b5a804464e1d8dec29aea4447d,0
SHELLEY_THE_LAST_MAN_019,modernize,batch_B,pass,,pass,pass,,0d5d41dc3f869d9b5cc5cd5e0a2d22224d8af8d0e2fe7ca1bb17100585785637,5b9461ba90eef38819daac3789976b4071e2be9881e558608fd259b36204a1ac,0
SHELLEY_THE_LAST_MAN_019,simplify,batch_B,warning,length_soft_warning,warning,warning,length_soft_warning,0d5d41dc3f869d9b5cc5cd5e0a2d22224d8af8d0e2fe7ca1bb17100585785637,e98a2b66a29f9af0af7f002298ef0124efe12e49b987064f18e86da749238887,0
SHELLEY_THE_LAST_MAN_020,paraphrase,batch_B,warning,length_hard_warning,warning,warning,length_hard_warning,0d0b1f2db37021e58bf2709c0dfc8b65c2d323d0de1c43cfc27bd1214fbb3029,906da021208b3235dff5b73fa04d917b080ce86a9944c669c8a40459ca484660,0
SHELLEY_THE_LAST_MAN_020,modernize,batch_B,warning,length_soft_warning,warning,warning,length_soft_warning,0d0b1f2db37021e58bf2709c0dfc8b65c2d323d0de1c43cfc27bd1214fbb3029,c0fc143b1156f0b3f2b5a34894df1497b084bc507841524b736127743d45335e,0
SHELLEY_THE_LAST_MAN_020,simplify,batch_B,pass,,pass,pass,,0d0b1f2db37021e58bf2709c0dfc8b65c2d323d0de1c43cfc27bd1214fbb3029,9bfe0a799fa3bba5a974fce5bb2bfd4c5d2d9bccd5171b621faf5a8da49cc0e5,0
SHELLEY_THE_LAST_MAN_021,paraphrase,batch_B,pass,,pass,pass,,828c8ae0d294773f10be9451a3190eaf28d2341d7e5889ff4bb9cbc0a468befd,62499dd4c01ce918aacc47a0e5200f28f117f6f3776b6037344d6ebb74906872,0
SHELLEY_THE_LAST_MAN_021,modernize,batch_B,pass,,pass,pass,,828c8ae0d294773f10be9451a3190eaf28d2341d7e5889ff4bb9cbc0a468befd,ed1b05d8f79798a03e519c408b95821121ae6ef18a5704d6a806d4a11f46eae6,0
SHELLEY_THE_LAST_MAN_021,simplify,batch_B,pass,,pass,pass,,828c8ae0d294773f10be9451a3190eaf28d2341d7e5889ff4bb9cbc0a468befd,5eeac0dbfe5aaad7ef519509964d7d00b0f06878237a116af28519fb2e01c1b4,0
SHELLEY_THE_LAST_MAN_022,paraphrase,batch_B,pass,,pass,pass,,13aa502c8ce53e40eefa17623e6acebd5e11de2e523f872aecb1c5cc0a4c0a2b,b675a51eff3e291e60d735b524c6f38830655459f1b85695ffcd5824093948b5,0
SHELLEY_THE_LAST_MAN_022,modernize,batch_B,pass,,pass,pass,,13aa502c8ce53e40eefa17623e6acebd5e11de2e523f872aecb1c5cc0a4c0a2b,b08962a3a83f638f512ac52e54d51d4e6bebaba8606d5afed5235183f071eaf8,0
SHELLEY_THE_LAST_MAN_022,simplify,batch_B,pass,,pass,pass,,13aa502c8ce53e40eefa17623e6acebd5e11de2e523f872aecb1c5cc0a4c0a2b,56f041c0f4776b2d7fc651a7e6898f151d28e58210383a32efadebcd5c27ffd6,0
SHELLEY_THE_LAST_MAN_023,paraphrase,batch_B,pass,,pass,pass,,94342df4e2ae76ceb1afec36fe7d4d2c74f079baaf6c971e41ae74e42b3fe663,3b90adf44465620337402e28b2901296faf16522770e26c67913d424a5e28d27,0
SHELLEY_THE_LAST_MAN_023,modernize,batch_B,pass,,pass,pass,,94342df4e2ae76ceb1afec36fe7d4d2c74f079baaf6c971e41ae74e42b3fe663,70ec4498a235083bbc2ba2d9d6d061ab434062bcb5275105d4881bea349d2e4d,0
SHELLEY_THE_LAST_MAN_023,simplify,batch_B,pass,,pass,pass,,94342df4e2ae76ceb1afec36fe7d4d2c74f079baaf6c971e41ae74e42b3fe663,d8172a00c01f557659e8c17d21a58f6dbe3f83fc9224dc0d3459ca18d85af098,0
SHELLEY_THE_LAST_MAN_024,paraphrase,batch_B,pass,,pass,pass,,50c78b3a98ede5fab36fb5a62bf5ae984585ecfab0c609e50dd9ed785d3b100c,0603048045a0e3c30e585befb195972508cd763f29235ce9b8c4860f0f1c97ea,0
SHELLEY_THE_LAST_MAN_024,modernize,batch_B,pass,,pass,pass,,50c78b3a98ede5fab36fb5a62bf5ae984585ecfab0c609e50dd9ed785d3b100c,f1b00665bd0953683e18f6589c889ba906411d447a8cf6c9319dc327673b28c3,0
SHELLEY_THE_LAST_MAN_024,simplify,batch_B,pass,,pass,pass,,50c78b3a98ede5fab36fb5a62bf5ae984585ecfab0c609e50dd9ed785d3b100c,7dd11ec1d017d0c3228eca36336f59c0b6a81b6d09676aa1c3d97bf99d103d55,0
SHELLEY_THE_LAST_MAN_025,paraphrase,batch_B,pass,,pass,pass,,025a01252a8cc4931e4e28711a3f4c98d5b6befe1fa53b68250f605b2453601f,8d76a79321d10085f5f7d7d319b4e3e2f95a503effc83299aeb8c6071526a21a,0
SHELLEY_THE_LAST_MAN_025,modernize,batch_B,pass,,pass,pass,,025a01252a8cc4931e4e28711a3f4c98d5b6befe1fa53b68250f605b2453601f,267522447831fae894868d01aa9e18df78a581e46bfd85245501576be2ae54dc,0
SHELLEY_THE_LAST_MAN_025,simplify,batch_B,pass,,pass,pass,,025a01252a8cc4931e4e28711a3f4c98d5b6befe1fa53b68250f605b2453601f,74ddcf9d3665e515bc499c89b4c9a7e536fadc1cc069070083a249fe26fbfa26,0
SHELLEY_THE_LAST_MAN_026,paraphrase,batch_B,pass,,pass,pass,,e106f01c9c6f2ba581ce55309772a2ec76e6626cb29d551989017709ff8387b8,0da30db5acc534a903fff2714c3d0742b2ca8e142acdd64b17b3f5fe4afb1001,0
SHELLEY_THE_LAST_MAN_026,modernize,batch_B,pass,,pass,pass,,e106f01c9c6f2ba581ce55309772a2ec76e6626cb29d551989017709ff8387b8,af35c021574f961745d66efbce5eb14988ca7723153e2aa28803f9fa072691c4,0
SHELLEY_THE_LAST_MAN_026,simplify,batch_B,pass,,pass,pass,,e106f01c9c6f2ba581ce55309772a2ec76e6626cb29d551989017709ff8387b8,2d55b09efad890b5c86b18ff4be5b7c6a6355f56481734c7a9cfb231711a6068,0
SHELLEY_THE_LAST_MAN_027,paraphrase,batch_B,pass,,pass,pass,,3a8b4698eb81edac3a69cf651396919b2437891bfb76d4633f7f6221cd5099f8,6d98e3b2f959d45048eab6a42372c2412da73d6f758019a9802587a110bae073,0
SHELLEY_THE_LAST_MAN_027,modernize,batch_B,pass,,pass,pass,,3a8b4698eb81edac3a69cf651396919b2437891bfb76d4633f7f6221cd5099f8,08c93c5e6930d728e0c268f91b9fdb2d3a8986b1858993a8685630d847d02fa8,0
SHELLEY_THE_LAST_MAN_027,simplify,batch_B,pass,,pass,pass,,3a8b4698eb81edac3a69cf651396919b2437891bfb76d4633f7f6221cd5099f8,769b36b39aeff6ab7b2b5da0af87cfe4d1b27ae699b87ae5f1265c6223574fe1,0
SHELLEY_THE_LAST_MAN_028,paraphrase,batch_B,pass,,pass,pass,,311d300c31564cf120e9a2c1b5a05282802f886f8971a64016e45b983d6b8167,ee916330b9531996c5fb45aa62be7577a366d38a35b2f1b7aea515d36f36f645,0
SHELLEY_THE_LAST_MAN_028,modernize,batch_B,pass,,pass,pass,,311d300c31564cf120e9a2c1b5a05282802f886f8971a64016e45b983d6b8167,6baa8c36051fa0e564011a45c527cdc14855a815d36e7f882cae51514da20911,0
SHELLEY_THE_LAST_MAN_028,simplify,batch_B,pass,,pass,pass,,311d300c31564cf120e9a2c1b5a05282802f886f8971a64016e45b983d6b8167,f3d22da3f8479656a4bc0e83809be57340e8384d05f09fd2669f3bef0a26272c,0
SHELLEY_THE_LAST_MAN_029,paraphrase,batch_B,pass,,pass,pass,,527dd308f321d1f52e2c3438f6bb65d39b7c10db25c503962ec58a9f2b46fac4,366bc24047f971d185ab9e640ebc8236835a40267cad6b5da6abd93226e1867c,0
SHELLEY_THE_LAST_MAN_029,modernize,batch_B,pass,,pass,pass,,527dd308f321d1f52e2c3438f6bb65d39b7c10db25c503962ec58a9f2b46fac4,6cae6c55b5dc257f40961cddd2698346d7f0a9b7d0e943e73dafaabbf3bd59c1,0
SHELLEY_THE_LAST_MAN_029,simplify,batch_B,pass,,pass,pass,,527dd308f321d1f52e2c3438f6bb65d39b7c10db25c503962ec58a9f2b46fac4,f4a13b1e17e2292777afaf663c15f774bae7f6efde624eb3b5d9b043a90f986d,0
SHELLEY_THE_LAST_MAN_030,paraphrase,batch_B,pass,,pass,pass,,f90f80bfe3bf1fa7ec4790f26a52eb62f7ea0c90e2cca1a99ec4f43ce8158727,ba8b8cc834a7e4635cc2c8974444740b220c6e6f4ecc8af67c659be0a3164e92,0
SHELLEY_THE_LAST_MAN_030,modernize,batch_B,pass,,pass,pass,,f90f80bfe3bf1fa7ec4790f26a52eb62f7ea0c90e2cca1a99ec4f43ce8158727,6fd25c6509293ccf7b8420e8858895b7870fda61782e7fb0c3e389afde73bdcb,0
SHELLEY_THE_LAST_MAN_030,simplify,batch_B,pass,,pass,pass,,f90f80bfe3bf1fa7ec4790f26a52eb62f7ea0c90e2cca1a99ec4f43ce8158727,d73d7f979735a55ac78fa8722ecf547e1e9107d425ec3ef6e05c5d6104a6128f,0
TWAIN_HUCKLEBERRY_FINN_001,paraphrase,batch_C,warning,length_soft_warning,warning,warning,length_soft_warning,03b0db98bc89c15f209bc18c5cc10ea07e6415cde03d439b2e44484aaa7577cf,1776de54a4388e516934ecb1c66a7d7ee8a7290a65c9e8d85a4bbdaab97c6366,0
TWAIN_HUCKLEBERRY_FINN_001,modernize,batch_C,pass,,pass,pass,,03b0db98bc89c15f209bc18c5cc10ea07e6415cde03d439b2e44484aaa7577cf,bc88539e9f50ca0fa7a60a302ad3becdc3411ed01707880b89059ac6b137b4e5,0
TWAIN_HUCKLEBERRY_FINN_001,simplify,batch_C,pass,,pass,pass,,03b0db98bc89c15f209bc18c5cc10ea07e6415cde03d439b2e44484aaa7577cf,f64ccd3cdf2dc7a08cc324d97025b8acac5b2188a2b98f14aaa5d66ecbf00623,0
TWAIN_HUCKLEBERRY_FINN_002,paraphrase,batch_C,pass,,pass,pass,,b82cfcdc54ccabcb0cfd7e738abcc2cf426e0df19924ded04074f415213afcc1,451d9bbcb7857db18a06c9fc51bbc21994f0c6a5f51fdbef6993e686b1acccde,0
TWAIN_HUCKLEBERRY_FINN_002,modernize,batch_C,pass,,pass,pass,,b82cfcdc54ccabcb0cfd7e738abcc2cf426e0df19924ded04074f415213afcc1,47373ccf112aa000376855eb08c50b845e6f7a84669ad9ad8d91d1824e899efb,0
TWAIN_HUCKLEBERRY_FINN_002,simplify,batch_C,pass,,pass,pass,,b82cfcdc54ccabcb0cfd7e738abcc2cf426e0df19924ded04074f415213afcc1,9c14bd6b4b71f2b080c8a168296a7744b06a520ad82e93f8034404ac342426aa,0
TWAIN_HUCKLEBERRY_FINN_003,paraphrase,batch_C,pass,,pass,pass,,28b13a542e6760a0a91d9e7eaa6f1323eb711762668ad42c0798ca0740ffc913,b6390a3b0977ce37e514e3007c83f8ad471647e723fa009bdfed66b27fd82d2f,0
TWAIN_HUCKLEBERRY_FINN_003,modernize,batch_C,pass,,pass,pass,,28b13a542e6760a0a91d9e7eaa6f1323eb711762668ad42c0798ca0740ffc913,18b32d44208c675f36735a7d8b6b3b35997427a3e0d4d04a8851c6167d8c7ee2,0
TWAIN_HUCKLEBERRY_FINN_003,simplify,batch_C,pass,,pass,pass,,28b13a542e6760a0a91d9e7eaa6f1323eb711762668ad42c0798ca0740ffc913,ea9108e15b1be8ab898f0b548f498e37ef40de0d21b496cb341a27790f6b9e94,0
TWAIN_HUCKLEBERRY_FINN_004,paraphrase,batch_C,pass,,pass,pass,,e78cd1f1d5efcea74af4100faff4c8e35d3a57d132b8677a581c95cc60a7d774,9cd08af2b24456f2407fd7421d9c7b58e8538f7906cb483dd351c93655258918,0
TWAIN_HUCKLEBERRY_FINN_004,modernize,batch_C,pass,,pass,pass,,e78cd1f1d5efcea74af4100faff4c8e35d3a57d132b8677a581c95cc60a7d774,57bcb4f88225735ee63f8a01b3e1895e8f917463e8c1c2c954690be34d165f90,0
TWAIN_HUCKLEBERRY_FINN_004,simplify,batch_C,pass,,pass,pass,,e78cd1f1d5efcea74af4100faff4c8e35d3a57d132b8677a581c95cc60a7d774,e386cf4cee45f2f0369f0c24b1b6c9a8d2f3742046dc05b57c1751e2dc031143,0
TWAIN_HUCKLEBERRY_FINN_005,paraphrase,batch_C,warning,length_soft_warning,warning,warning,length_soft_warning,383590da9a8452d382a25d47679bf7056c5f357f14e798efb2235c263e40ed08,2c04fb474c601a189e27fc56734fdfec58e772a1b241a7beb97c1636ab783b8e,0
TWAIN_HUCKLEBERRY_FINN_005,modernize,batch_C,pass,,pass,pass,,383590da9a8452d382a25d47679bf7056c5f357f14e798efb2235c263e40ed08,f6f6c5b59bb7aa4ae1d030a9e6c2ea5d240c0030a886f041fb40dc61653fdcb0,0
TWAIN_HUCKLEBERRY_FINN_005,simplify,batch_C,pass,,pass,pass,,383590da9a8452d382a25d47679bf7056c5f357f14e798efb2235c263e40ed08,48099c3930332e6355f33dbe783c5cd8997ebc50c0e065c8033868533ad4bd63,0
TWAIN_HUCKLEBERRY_FINN_006,paraphrase,batch_C,pass,,pass,pass,,cfac0b9fc8b6633f064bc649a7c16746e872186e275e24a5e55123b1600ecf84,d18a60399641268128e370fe46b2a779d8be2d592cd9ed426ca733c95c27ac0a,0
TWAIN_HUCKLEBERRY_FINN_006,modernize,batch_C,pass,,pass,pass,,cfac0b9fc8b6633f064bc649a7c16746e872186e275e24a5e55123b1600ecf84,b9a5a83ba42a6ebc51a8f254f42f61eab10d7965bad5d60ccc0dc409d8b588ca,0
TWAIN_HUCKLEBERRY_FINN_006,simplify,batch_C,pass,,pass,pass,,cfac0b9fc8b6633f064bc649a7c16746e872186e275e24a5e55123b1600ecf84,d274869f85a12be2f59b53787fdb1d337edfda8e3253d010e9ea47a2863784ab,0
TWAIN_HUCKLEBERRY_FINN_007,paraphrase,batch_C,warning,length_soft_warning,warning,warning,length_soft_warning,2fccbb2bd78d7153634e584eec86e626f75490f3530346c664c5fa384eddef37,93fb04a3a3793d819e6ac4775cdfb693ae98f8bd3f721e9caba4d0330f005fa2,0
TWAIN_HUCKLEBERRY_FINN_007,modernize,batch_C,pass,,pass,pass,,2fccbb2bd78d7153634e584eec86e626f75490f3530346c664c5fa384eddef37,bb4b077ca6bbf9e03d0fcf87708afcf5f9c5e919cd647d49e33358ec533a5b0c,0
TWAIN_HUCKLEBERRY_FINN_007,simplify,batch_C,pass,,pass,pass,,2fccbb2bd78d7153634e584eec86e626f75490f3530346c664c5fa384eddef37,96d1a9658da91f836df9d9aab167a064a79209ce851dac02565aefd3bbb1d0af,0
TWAIN_HUCKLEBERRY_FINN_008,paraphrase,batch_C,pass,,pass,pass,,9ead4e10f8cdf7290831b248134fdd59d97c4740f20e8a8b00a5925d199be640,dce61478a62215e35695c7680b03d3040ef7e29217383a4662c6897d90df7dc5,0
TWAIN_HUCKLEBERRY_FINN_008,modernize,batch_C,pass,,pass,pass,,9ead4e10f8cdf7290831b248134fdd59d97c4740f20e8a8b00a5925d199be640,9838b93028b7d32ca009db3425d14d17c2e9c9fb9b3c3dd4aa63ebbd4777d62b,0
TWAIN_HUCKLEBERRY_FINN_008,simplify,batch_C,pass,,pass,pass,,9ead4e10f8cdf7290831b248134fdd59d97c4740f20e8a8b00a5925d199be640,5ce62a42092b558d9ec9187fb27844725de65360d1256e9a6e73633dcce51bc7,0
TWAIN_HUCKLEBERRY_FINN_009,paraphrase,batch_C,pass,,pass,pass,,34c72718b99964c71107bd3a6489b0513e502c5498c852a9790403f0b8dcee27,7d6a50c802daab2882a9984cf3883b6bf09d771dd48588ff71333e832a1f6864,0
TWAIN_HUCKLEBERRY_FINN_009,modernize,batch_C,pass,,pass,pass,,34c72718b99964c71107bd3a6489b0513e502c5498c852a9790403f0b8dcee27,56b0863ce0de2307675f89746668ffc93773dc830fae3d759c82680740a36cfe,0
TWAIN_HUCKLEBERRY_FINN_009,simplify,batch_C,pass,,pass,pass,,34c72718b99964c71107bd3a6489b0513e502c5498c852a9790403f0b8dcee27,55d2e4be7e799ddf3a7f087587c579d6b75ed5a4b158112ae2247ab0204df6c0,0
TWAIN_HUCKLEBERRY_FINN_010,paraphrase,batch_C,warning,length_hard_warning,warning,warning,length_hard_warning,2a10de2fbd24c3e2231e6fbe316806200cc8c2115b43b47bc3e3f5f6a72b206c,db9d82a9c940e96e994e2034601b16e0867a537a4f3c0ef68a8989b65af4793d,0
TWAIN_HUCKLEBERRY_FINN_010,modernize,batch_C,warning,length_soft_warning,warning,warning,length_soft_warning,2a10de2fbd24c3e2231e6fbe316806200cc8c2115b43b47bc3e3f5f6a72b206c,9566d8752399d6e48491aad6d0681481879eaff036c8ef84f174f0f64b4c9596,0
TWAIN_HUCKLEBERRY_FINN_010,simplify,batch_C,pass,,pass,pass,,2a10de2fbd24c3e2231e6fbe316806200cc8c2115b43b47bc3e3f5f6a72b206c,8cc54ff7c31f3d710aa0539f2d646f9cc4d6dbda8716fa48f9ff8a6f4c8fa12e,0
TWAIN_HUCKLEBERRY_FINN_011,paraphrase,batch_C,warning,length_hard_warning,warning,warning,length_hard_warning,4b5589ffbe9e111e7e3d8c9000e26df70db86691df33145eedd46c17a1bac6d4,2ca3a93468d65f542c959854154791ee32f5f9ebebc2b00cd4ee4bbcafd6e1c7,0
TWAIN_HUCKLEBERRY_FINN_011,modernize,batch_C,pass,,pass,pass,,4b5589ffbe9e111e7e3d8c9000e26df70db86691df33145eedd46c17a1bac6d4,90a28f91f73f4ce0ccc94bb2166fcc03f32ea5b97f03176cc705a0cff4e43276,0
TWAIN_HUCKLEBERRY_FINN_011,simplify,batch_C,pass,,pass,pass,,4b5589ffbe9e111e7e3d8c9000e26df70db86691df33145eedd46c17a1bac6d4,deb9ca67115af63ec6924b9d6a81cc8531e5a9c892695ad11bd81de6ab8bfb51,0
TWAIN_HUCKLEBERRY_FINN_012,paraphrase,batch_C,pass,,pass,pass,,7ab68fd9b47d33c8ab82eeea2cb41fb447be7ab3bd5cbccb0e6b6c86e312b977,740925043c8082078050fd93d0cdaef4ae861cb93362ae0c005699c90b5b04a1,0
TWAIN_HUCKLEBERRY_FINN_012,modernize,batch_C,pass,,pass,pass,,7ab68fd9b47d33c8ab82eeea2cb41fb447be7ab3bd5cbccb0e6b6c86e312b977,7c3dc7922ce4f48a09c079b92af270f34307a79eed928cc175c264a1fd2b82b6,0
TWAIN_HUCKLEBERRY_FINN_012,simplify,batch_C,warning,length_soft_warning,warning,warning,length_soft_warning,7ab68fd9b47d33c8ab82eeea2cb41fb447be7ab3bd5cbccb0e6b6c86e312b977,bbeaa12e3f06dffe24ce1dcb1d8f841a695bd572e0c369c0f4242f28f099b36c,0
TWAIN_HUCKLEBERRY_FINN_013,paraphrase,batch_C,pass,,pass,pass,,a4eeb08e2b2313ccf327f4dc51f24baa1ed636a6690a8871a610c713b87d1047,e97e1e1c5a500e0f981e0626f80b12403a93f9b2d9476e8739312f149e71920c,0
TWAIN_HUCKLEBERRY_FINN_013,modernize,batch_C,pass,,pass,pass,,a4eeb08e2b2313ccf327f4dc51f24baa1ed636a6690a8871a610c713b87d1047,30702e6f59c635c8e129fcf2a88ad061deadd7d06a973fa314e074f097773108,0
TWAIN_HUCKLEBERRY_FINN_013,simplify,batch_C,pass,,pass,pass,,a4eeb08e2b2313ccf327f4dc51f24baa1ed636a6690a8871a610c713b87d1047,4d87fdfad597a3515af4ba72623b66017a7e00c1b6d312df1d362e81b005deb3,0
TWAIN_HUCKLEBERRY_FINN_014,paraphrase,batch_C,pass,,pass,pass,,31b6d6cb1465079a30ac42ec52b51faea5d81796e5a364adfb3501e59b4f4ee4,16a5d790dd1f36fed8c5f003ad68c3943ee35fd34e7595c30d633329b6b4257d,0
TWAIN_HUCKLEBERRY_FINN_014,modernize,batch_C,pass,,pass,pass,,31b6d6cb1465079a30ac42ec52b51faea5d81796e5a364adfb3501e59b4f4ee4,4d11e3eecd1245f06fb798c499502aa7cd4ce106fe37ea6190333d9ff7a78c26,0
TWAIN_HUCKLEBERRY_FINN_014,simplify,batch_C,pass,,pass,pass,,31b6d6cb1465079a30ac42ec52b51faea5d81796e5a364adfb3501e59b4f4ee4,7d2e98383f92ffb039e41deb08aa2feccc0fb65cbdcd235dd89368f80be8b6e8,0
TWAIN_HUCKLEBERRY_FINN_015,paraphrase,batch_C,pass,,pass,pass,,49312374ac25a9dfe8f034431ca2015139c74b74118562edf01a772c11486094,a49536ab01a87b38749fb0f525733c55672a1ae8dabecd4144d4f3282fcd9bff,0
TWAIN_HUCKLEBERRY_FINN_015,modernize,batch_C,pass,,pass,pass,,49312374ac25a9dfe8f034431ca2015139c74b74118562edf01a772c11486094,acca4cd8328105487c3c6a84f03afc000ea55a9722b158c2e29dd4c040262b96,0
TWAIN_HUCKLEBERRY_FINN_015,simplify,batch_C,pass,,pass,pass,,49312374ac25a9dfe8f034431ca2015139c74b74118562edf01a772c11486094,7526100d0b1fd461d581e78c327926762de77182f83044670357325873cff461,0
TWAIN_HUCKLEBERRY_FINN_016,paraphrase,batch_C,warning,length_soft_warning,warning,warning,length_soft_warning,b17511e4b39c360de65d78d39d462debcd990ae4b7447ea7b8c66993834d999a,8ddb538e34c588f11f4a4ff432b20c51fc327f0ca71f3fe0e55f2c8dac2fb8a4,0
TWAIN_HUCKLEBERRY_FINN_016,modernize,batch_C,pass,,pass,pass,,b17511e4b39c360de65d78d39d462debcd990ae4b7447ea7b8c66993834d999a,c7e2756d377ae4b2b4cf43e080d5cc3837ca4838258a75069296596d0e07b52d,0
TWAIN_HUCKLEBERRY_FINN_016,simplify,batch_C,pass,,pass,pass,,b17511e4b39c360de65d78d39d462debcd990ae4b7447ea7b8c66993834d999a,18a5dc7238037b5b0597c5143f8792001e63b77c3b48d70ae60c5421a720458f,0
TWAIN_HUCKLEBERRY_FINN_017,paraphrase,batch_C,pass,,pass,pass,,62ffd78490d19960c3e34bf55d2c6d115dfa4aae5eeb5bb2594742ca23f809cb,4b0ac8649f0ee3ebadb8905991568d0da7e706f611a42a6ebf814ee72f9026bd,0
TWAIN_HUCKLEBERRY_FINN_017,modernize,batch_C,pass,,pass,pass,,62ffd78490d19960c3e34bf55d2c6d115dfa4aae5eeb5bb2594742ca23f809cb,04ea883f73dc164fe7978716b3d415d785b28c4d262b00fbf5a8c16206eabb32,0
TWAIN_HUCKLEBERRY_FINN_017,simplify,batch_C,pass,,pass,pass,,62ffd78490d19960c3e34bf55d2c6d115dfa4aae5eeb5bb2594742ca23f809cb,4781826969cfa95b7241a2e3f2084f0d6a3b2e381475f88df94b8ec220df746d,0
TWAIN_HUCKLEBERRY_FINN_018,paraphrase,batch_C,pass,,pass,pass,,fd8f1f9ade97f56a21f739c2b121e278694a53d466d31ced1b87fea482efcfc2,4561179c771d4c0590258fe5a5dbcd8703cffad65642564ccf02e3e162cffd2c,0
TWAIN_HUCKLEBERRY_FINN_018,modernize,batch_C,pass,,pass,pass,,fd8f1f9ade97f56a21f739c2b121e278694a53d466d31ced1b87fea482efcfc2,d219d55c75e5b9d191c6264298657823cfc37ef63fb748346504928b8032d49e,0
TWAIN_HUCKLEBERRY_FINN_018,simplify,batch_C,pass,,pass,pass,,fd8f1f9ade97f56a21f739c2b121e278694a53d466d31ced1b87fea482efcfc2,97de0533e8062599a234fdb405ea2d18146dd3d06aaf06699418e9f6310f4b49,0
TWAIN_HUCKLEBERRY_FINN_019,paraphrase,batch_C,warning,length_hard_warning,warning,warning,length_hard_warning,71b2b853a5324f434fe6c4f340d04978d0178a0d9584491739595cc2d9c2c9e9,2becd4d621afea815e68de1824030350ad5d4557d1b2417c287d8856740cd075,0
TWAIN_HUCKLEBERRY_FINN_019,modernize,batch_C,pass,,pass,pass,,71b2b853a5324f434fe6c4f340d04978d0178a0d9584491739595cc2d9c2c9e9,3ebdc5312b7516929351a65d1953d46949a150cddb4a9114eeebfe40313e4cc5,0
TWAIN_HUCKLEBERRY_FINN_019,simplify,batch_C,pass,,pass,pass,,71b2b853a5324f434fe6c4f340d04978d0178a0d9584491739595cc2d9c2c9e9,7fb5d2c16ecdf868e421ee3f1c02152f024bd9d1b2daaa1f6b9d6ddd93cc8794,0
TWAIN_HUCKLEBERRY_FINN_020,paraphrase,batch_C,pass,,pass,pass,,ee7c576df4387bf06a43c89378cc5a688a216378927d6b28957518e9cc62eb1c,513d623944c31a09d4033b9fb7d22b932b74699c4131c721d76b3993f0f93122,0
TWAIN_HUCKLEBERRY_FINN_020,modernize,batch_C,pass,,pass,pass,,ee7c576df4387bf06a43c89378cc5a688a216378927d6b28957518e9cc62eb1c,20c3fc60ef49e503bd94d06030267cfa0d103b1cba93b81cd762d78cc5e5e891,0
TWAIN_HUCKLEBERRY_FINN_020,simplify,batch_C,pass,,pass,pass,,ee7c576df4387bf06a43c89378cc5a688a216378927d6b28957518e9cc62eb1c,763739dc763b322f72aa36d3cf79e10d79c2a2df3dd1aa9f360ef74d08472b49,0
TWAIN_HUCKLEBERRY_FINN_021,paraphrase,batch_C,pass,,pass,pass,,400c73b5aa1d2af715cfa1bc0b5c3e6f88074468e2e732e4dfbdeaa0a7e7891e,c24fde935c303e227f3bffba6fcfa7d431d69fa169aa08237e1a99b5740eaf11,0
TWAIN_HUCKLEBERRY_FINN_021,modernize,batch_C,pass,,pass,pass,,400c73b5aa1d2af715cfa1bc0b5c3e6f88074468e2e732e4dfbdeaa0a7e7891e,d57744b2750ff1c7fe2ec54236c58024550e49b2246230f9df69aff1ba519e9f,0
TWAIN_HUCKLEBERRY_FINN_021,simplify,batch_C,pass,,pass,pass,,400c73b5aa1d2af715cfa1bc0b5c3e6f88074468e2e732e4dfbdeaa0a7e7891e,558c9bf573477ed94103fa7c6b594e469be368d34f796534f06e2a6a788241ea,0
TWAIN_HUCKLEBERRY_FINN_022,paraphrase,batch_C,warning,length_soft_warning,warning,warning,length_soft_warning,b065686d78f6110c77bc647a75f57be3f1ea5daa58d2fdd65a42cfb2950db8d8,d8598ab75a642ada003d6041fc3c5952e05d379a99ba0849558ca6ef7cce8c76,0
TWAIN_HUCKLEBERRY_FINN_022,modernize,batch_C,warning,length_soft_warning,warning,warning,length_soft_warning,b065686d78f6110c77bc647a75f57be3f1ea5daa58d2fdd65a42cfb2950db8d8,7e29791d1285c12c822714eb00886f44d5800a9b9dae866a5a53668e18afbd46,0
TWAIN_HUCKLEBERRY_FINN_022,simplify,batch_C,pass,,pass,pass,,b065686d78f6110c77bc647a75f57be3f1ea5daa58d2fdd65a42cfb2950db8d8,ccac2bd7dab44090d26bf2600a725868722559107a6bbc67e304c1b1287e33ba,0
TWAIN_HUCKLEBERRY_FINN_023,paraphrase,batch_C,warning,length_soft_warning,warning,warning,length_soft_warning,4dcac1ed4b564af6fc9f9a9ec1f7a5279b2f3b69dd28d8afa54cf0306224fc49,1503a6be8d7fd7508415efde6a7bcde225e0d20b42c2a8b25c50e1f8581eb9d4,0
TWAIN_HUCKLEBERRY_FINN_023,modernize,batch_C,pass,,pass,pass,,4dcac1ed4b564af6fc9f9a9ec1f7a5279b2f3b69dd28d8afa54cf0306224fc49,c374898cdc4b72aa8b4a1f236315bc6390663bb828a40d63047acd49753ab070,0
TWAIN_HUCKLEBERRY_FINN_023,simplify,batch_C,warning,length_hard_warning,warning,warning,length_hard_warning,4dcac1ed4b564af6fc9f9a9ec1f7a5279b2f3b69dd28d8afa54cf0306224fc49,9ddf63f9477f0d2ef45e08863eba03e12c6491d7acd509d269e5209bcd17038f,0
TWAIN_HUCKLEBERRY_FINN_024,paraphrase,batch_C,warning,length_hard_warning,warning,warning,length_hard_warning,0328cf87a5cda5b9d46bc66412496032426763d9b573542ff12002f59d9ff7af,664bb8739cc849599ab1738addf4606439ecc010c65ec7d36cd14bdafb7d1680,0
TWAIN_HUCKLEBERRY_FINN_024,modernize,batch_C,pass,,pass,pass,,0328cf87a5cda5b9d46bc66412496032426763d9b573542ff12002f59d9ff7af,aa9f21768c3ff79a8554e7c9f6af1f0f9210bf3d7d151dda2b82a36876f942ff,0
TWAIN_HUCKLEBERRY_FINN_024,simplify,batch_C,pass,,pass,pass,,0328cf87a5cda5b9d46bc66412496032426763d9b573542ff12002f59d9ff7af,0a0595fc0f8984637bd03ede09fc304ed2420530e3fcffa9c5eaf79c753d3650,0
TWAIN_HUCKLEBERRY_FINN_025,paraphrase,batch_C,pass,,pass,pass,,3b47fa3894d24b84cf422f08c981adfd838796e963ea36cc632c18c5592bfa61,23f986e61dc49697f2ccdfb24ad14414f7cc4c7affcd2b6edab372c047f26167,0
TWAIN_HUCKLEBERRY_FINN_025,modernize,batch_C,pass,,pass,pass,,3b47fa3894d24b84cf422f08c981adfd838796e963ea36cc632c18c5592bfa61,70f819a58efce7f7bb5296e95d7b6294da09cd19a7eeda6f13e150dade9ecb3d,0
TWAIN_HUCKLEBERRY_FINN_025,simplify,batch_C,pass,,pass,pass,,3b47fa3894d24b84cf422f08c981adfd838796e963ea36cc632c18c5592bfa61,291b5569919d62305c4edb2b0ee32a45d014ce947a99058c5c007a600c54860a,0
TWAIN_HUCKLEBERRY_FINN_026,paraphrase,batch_C,pass,,pass,pass,,1e97922bd340b0140db453742e22c76f26701ffdc2dbfabb275902309f6c2190,93b89cd35f2c824321f93c19d50bce8028da37a455bc52e4848ec4ba494cb06b,0
TWAIN_HUCKLEBERRY_FINN_026,modernize,batch_C,pass,,pass,pass,,1e97922bd340b0140db453742e22c76f26701ffdc2dbfabb275902309f6c2190,ce6938504ae6a46cf61346741a80a1f03b27f705aaf14dab21e784b54168e3d8,0
TWAIN_HUCKLEBERRY_FINN_026,simplify,batch_C,pass,,pass,pass,,1e97922bd340b0140db453742e22c76f26701ffdc2dbfabb275902309f6c2190,990e07f657633f409b0ab3c6843aa75937bec34993f9adda6011d58c3559bd99,0
TWAIN_HUCKLEBERRY_FINN_027,paraphrase,batch_C,pass,,pass,pass,,3e9d4947a2ee509206932aacc2815dfda140108003dd75fd35a6db8ad38f4c8c,1f355cba2ead7c458160e1558e2953f33e793ebcc2bb4cd1d91001cea44253a5,0
TWAIN_HUCKLEBERRY_FINN_027,modernize,batch_C,pass,,pass,pass,,3e9d4947a2ee509206932aacc2815dfda140108003dd75fd35a6db8ad38f4c8c,c0f9e768b996ed0c232623c60772e2fd71d6cf4f616b1e42a8695c7240202d23,0
TWAIN_HUCKLEBERRY_FINN_027,simplify,batch_C,pass,,pass,pass,,3e9d4947a2ee509206932aacc2815dfda140108003dd75fd35a6db8ad38f4c8c,9d638151da8107e1bb01405d9911beaa3267ff811d0a7eb47a3c717dff69896a,0
TWAIN_HUCKLEBERRY_FINN_028,paraphrase,batch_C,pass,,pass,pass,,1cfab8250b2e87619c640f4292380158ae68c3d453677fa321f1c3436eee793a,8bff63730a7d61d60672488437b6eb6bddb6d719816b6c43006219bedc0ac692,0
TWAIN_HUCKLEBERRY_FINN_028,modernize,batch_C,pass,,pass,pass,,1cfab8250b2e87619c640f4292380158ae68c3d453677fa321f1c3436eee793a,07d6079a8d658e8e26e78d33296a45719a00ddc92024d6ffcae1ae82c38b5512,0
TWAIN_HUCKLEBERRY_FINN_028,simplify,batch_C,pass,,pass,pass,,1cfab8250b2e87619c640f4292380158ae68c3d453677fa321f1c3436eee793a,96a9efe72ce7152dd68a2c03d57b0a482fa1db7e1d46be12c1403051f4d9f0af,0
TWAIN_HUCKLEBERRY_FINN_029,paraphrase,batch_C,pass,,pass,pass,,360b866859df9103e13659fa7aee275dceb686e412d3bc4b780ae35d3ceb6471,d11ff800f0c27cda993e77c244003488668f9e375349e4c5b354fa7d37b87c47,0
TWAIN_HUCKLEBERRY_FINN_029,modernize,batch_C,pass,,pass,pass,,360b866859df9103e13659fa7aee275dceb686e412d3bc4b780ae35d3ceb6471,e04cf887a83c9b45ca6a34111b1dd35df0a819595ca156aa7ca073e841b93537,0
TWAIN_HUCKLEBERRY_FINN_029,simplify,batch_C,pass,,pass,pass,,360b866859df9103e13659fa7aee275dceb686e412d3bc4b780ae35d3ceb6471,ea21b60d0315b1609edf3dcbe521212558f796849e5c3e455f6a2820e7e30d0b,0
TWAIN_HUCKLEBERRY_FINN_030,paraphrase,batch_C,pass,,pass,pass,,2968d439233c153807e878ebba247466b66405c9c8968bdb499dfe09caaac282,71ca0534f92965baf0135287556bfb3a33242c53b56abb448d17c0a66d6e6412,0
TWAIN_HUCKLEBERRY_FINN_030,modernize,batch_C,pass,,pass,pass,,2968d439233c153807e878ebba247466b66405c9c8968bdb499dfe09caaac282,65a40220f592be090c89bd95429c1446b61f093ad5c7eda39011f837e90f497d,0
TWAIN_HUCKLEBERRY_FINN_030,simplify,batch_C,pass,,pass,pass,,2968d439233c153807e878ebba247466b66405c9c8968bdb499dfe09caaac282,04c5aa284b4ba2444b9fa014a9c80b31ca96a70e99a839c07be1f36ba24f1bd4,0
TWAIN_TOM_SAWYER_001,paraphrase,batch_C,pass,,pass,pass,,0319970a78b49489ab08c477ffbd6c367a6617ef8b9d2cf635399683f0230315,8a6d829955e2dabc69644483b19171fd64a6c078607855d8f69af5d28130a304,0
TWAIN_TOM_SAWYER_001,modernize,batch_C,pass,,pass,pass,,0319970a78b49489ab08c477ffbd6c367a6617ef8b9d2cf635399683f0230315,a9c5721b18ce004dba946d9a7eb3f0f72f44936665b0c2888fa1df8eb36c0dcf,0
TWAIN_TOM_SAWYER_001,simplify,batch_C,pass,,pass,pass,,0319970a78b49489ab08c477ffbd6c367a6617ef8b9d2cf635399683f0230315,190cadfcd76096da74569b7eee725b93ca13f6fdc0babd285ee738d1a9ef042b,0
TWAIN_TOM_SAWYER_002,paraphrase,batch_C,pass,,pass,pass,,19370cab76562cf360ebdda48f2cad6810b4a7a70650d827d03c88d239189d48,72f2e298baba4f97302a5ff92cb8d2591954b710f0959b434e2e72a2482f4a35,0
TWAIN_TOM_SAWYER_002,modernize,batch_C,pass,,pass,pass,,19370cab76562cf360ebdda48f2cad6810b4a7a70650d827d03c88d239189d48,be7f88c572192cee14e4c623b71edaa0c12c7f18279e34d457a592a121b786ad,0
TWAIN_TOM_SAWYER_002,simplify,batch_C,pass,,pass,pass,,19370cab76562cf360ebdda48f2cad6810b4a7a70650d827d03c88d239189d48,1b4c92bd92fcaebf704ae74b2643ea5431817ed6405bee37befa58811db4dce2,0
TWAIN_TOM_SAWYER_003,paraphrase,batch_C,pass,,pass,pass,,188f318a1b240aa1dac5935ba32a13118c39ffe72009fe66430bf9870b7296c8,fa491ed738024a21964ecfdb5e74dfe0f848e5f142a91c9b0c87c611ee0ca189,0
TWAIN_TOM_SAWYER_003,modernize,batch_C,pass,,pass,pass,,188f318a1b240aa1dac5935ba32a13118c39ffe72009fe66430bf9870b7296c8,0856592aeb84382068759a6ef591ba0a4d757f0999f4d89bc451d66d90842d08,0
TWAIN_TOM_SAWYER_003,simplify,batch_C,pass,,pass,pass,,188f318a1b240aa1dac5935ba32a13118c39ffe72009fe66430bf9870b7296c8,2d9668f1c8f3f21100beb2062321afe82afbb39c7c8b60f222ef7f0c1208e5b3,0
TWAIN_TOM_SAWYER_004,paraphrase,batch_C,pass,,pass,pass,,8f7d88ffde8303e22fe1085aadf86c41dc141007ed635c984091fb5a4fd6b0f7,1d39863a067c6f5a63116930479569e704854efcc37f720d0603638e523e31e5,0
TWAIN_TOM_SAWYER_004,modernize,batch_C,pass,,pass,pass,,8f7d88ffde8303e22fe1085aadf86c41dc141007ed635c984091fb5a4fd6b0f7,a91fa7fa1ebb063893d918875090ffe58546dcb76ef1cbd0fdcd5cd30a813f3e,0
TWAIN_TOM_SAWYER_004,simplify,batch_C,pass,,pass,pass,,8f7d88ffde8303e22fe1085aadf86c41dc141007ed635c984091fb5a4fd6b0f7,0e450c8bcfd0db097eb48483bc129cab9b577167d112c6e2491dfeafc677e7f0,0
TWAIN_TOM_SAWYER_005,paraphrase,batch_C,pass,,pass,pass,,f6bd5abe3e5b07e21ebc564f30cbd1e61a0b6b4c043c3ce9bb155d80d1652182,68fda31ec3a070ad98719a1026fd27922f57f28778cab0a9c7ddf215d420141a,0
TWAIN_TOM_SAWYER_005,modernize,batch_C,pass,,pass,pass,,f6bd5abe3e5b07e21ebc564f30cbd1e61a0b6b4c043c3ce9bb155d80d1652182,ee31808e689f92b49492a9ebdc61099649dfa38e80fdff2f11c216f043fc025b,0
TWAIN_TOM_SAWYER_005,simplify,batch_C,pass,,pass,pass,,f6bd5abe3e5b07e21ebc564f30cbd1e61a0b6b4c043c3ce9bb155d80d1652182,c557a49bae18a0199c2cdf1591e8610fa3f9e3d2e9a657417c5a06ba295e37cd,0
TWAIN_TOM_SAWYER_006,paraphrase,batch_C,pass,,pass,pass,,2dc17bc18b3bf9ccbd8077dff0a550d571c461cb5db0bfcfa9476c5dfec69bba,193eac743e1d62fa1ab6112a6ea92caab7a1a1764a4ef2a644e8f63ea93c8160,0
TWAIN_TOM_SAWYER_006,modernize,batch_C,pass,,pass,pass,,2dc17bc18b3bf9ccbd8077dff0a550d571c461cb5db0bfcfa9476c5dfec69bba,ab16b94fb9659656ec9dc7589831481089fb3a96bf1f3730b0824263109eaa17,0
TWAIN_TOM_SAWYER_006,simplify,batch_C,pass,,pass,pass,,2dc17bc18b3bf9ccbd8077dff0a550d571c461cb5db0bfcfa9476c5dfec69bba,6af9ac6abc56080af7d1a060172bbddf44b96350c305d1fc2884d277014b7a1f,0
TWAIN_TOM_SAWYER_007,paraphrase,batch_C,pass,,pass,pass,,c9ec039bad34f9f7b34783a70fa6cba5b2fe93a4bca453b197029970b6f0b051,4cb487250e57591fe536dc2814fad61f73fd6aa49631894f79a50d98b3f36758,0
TWAIN_TOM_SAWYER_007,modernize,batch_C,pass,,pass,pass,,c9ec039bad34f9f7b34783a70fa6cba5b2fe93a4bca453b197029970b6f0b051,8654e188290b395c243452c070cf77a9a8bb88aefc60838d0b14be446208fb6b,0
TWAIN_TOM_SAWYER_007,simplify,batch_C,pass,,pass,pass,,c9ec039bad34f9f7b34783a70fa6cba5b2fe93a4bca453b197029970b6f0b051,6c3ae455a4d9eee0cfd3fb2f6f26c5bb55b18a17ba722ef57053ad809f87df07,0
TWAIN_TOM_SAWYER_008,paraphrase,batch_C,pass,,pass,pass,,0ebd61a44e2e631dffa98b0f46de66ab6b2979eaa1f7f7952e14768b8e113822,ad4055a798c391b3a2138f42013261639ba2ec2de2f9c4d508a3526e08e0c4b1,0
TWAIN_TOM_SAWYER_008,modernize,batch_C,pass,,pass,pass,,0ebd61a44e2e631dffa98b0f46de66ab6b2979eaa1f7f7952e14768b8e113822,3c6e01c62c0fd15df85c2c151489e2a14c02038dd3aae2a65e995bb1093ed248,0
TWAIN_TOM_SAWYER_008,simplify,batch_C,pass,,pass,pass,,0ebd61a44e2e631dffa98b0f46de66ab6b2979eaa1f7f7952e14768b8e113822,d0243fd7f2ad45597a4062510f863354de42f09c0a5c9269c6713ca8cfef84ef,0
TWAIN_TOM_SAWYER_009,paraphrase,batch_C,pass,,pass,pass,,b77cea55a19b8d8c7551f3fcb687ac1af0f7d4f504f7ca3e672d62fbd75d0c27,61c222099ce479533b861fe9ef682f1afede1140dd5430cc128f31406943bc05,0
TWAIN_TOM_SAWYER_009,modernize,batch_C,pass,,pass,pass,,b77cea55a19b8d8c7551f3fcb687ac1af0f7d4f504f7ca3e672d62fbd75d0c27,38a50dc1dd9f93aa605bf13c852d2782c63c0c83709e517c5cca6bd13d55bc5c,0
TWAIN_TOM_SAWYER_009,simplify,batch_C,pass,,pass,pass,,b77cea55a19b8d8c7551f3fcb687ac1af0f7d4f504f7ca3e672d62fbd75d0c27,7531ca94ed0c138802eca78e6ac4c2417349175efcc50ebf5e509a02c097f6bd,0
TWAIN_TOM_SAWYER_010,paraphrase,batch_C,pass,,pass,pass,,d5ba1d8adbdd22e7b88364cc3bd71251a383171973890357986577a9cad43a46,66372fa054c6290098d19d982b13a9412be3136d04e2adf5f862a24d668a5dd9,0
TWAIN_TOM_SAWYER_010,modernize,batch_C,pass,,pass,pass,,d5ba1d8adbdd22e7b88364cc3bd71251a383171973890357986577a9cad43a46,40c29f05a70d77176b36c1544f6bbfde2c4a1c9494561d5cd79e9e7c2db781c1,0
TWAIN_TOM_SAWYER_010,simplify,batch_C,pass,,pass,pass,,d5ba1d8adbdd22e7b88364cc3bd71251a383171973890357986577a9cad43a46,b12bc9d216625791bb603563baa3a5d4ab5288a59bfae0f83f2c6ee72a6b056f,0
TWAIN_TOM_SAWYER_011,paraphrase,batch_C,pass,,pass,pass,,afae40001139d5dd8c12930582ca2b63167b870ef38f3495e5b8a9bbb8cdddc6,b556fb4d1be30ac0fe4243faedc22f2b105d9287c2d7ccfa1aa88695a9b0311f,0
TWAIN_TOM_SAWYER_011,modernize,batch_C,pass,,pass,pass,,afae40001139d5dd8c12930582ca2b63167b870ef38f3495e5b8a9bbb8cdddc6,0a548f1a2ddf0e1b1170d4a625f5ff434634cba3a292610a39360ecfebed0960,0
TWAIN_TOM_SAWYER_011,simplify,batch_C,pass,,pass,pass,,afae40001139d5dd8c12930582ca2b63167b870ef38f3495e5b8a9bbb8cdddc6,22cfb5e35a034dabf9a402d5e1d883f35e6820b0f1b6e05c0b38208b5b702c4a,0
TWAIN_TOM_SAWYER_012,paraphrase,batch_C,warning,length_soft_warning,warning,warning,length_soft_warning,a59aee0dc198ace6c8b2588ddd511b10edf0283c2b5c69a24dc18d7388e320a5,c23c236ed168bccf2229146c6e40c73043c6eb096728e372158abb6ac3c0ef7e,0
TWAIN_TOM_SAWYER_012,modernize,batch_C,pass,,pass,pass,,a59aee0dc198ace6c8b2588ddd511b10edf0283c2b5c69a24dc18d7388e320a5,756ab77cd162c38f1bd87ff3d8e911697c2620d22ef1e7ae4cf8ea0b81f6c780,0
TWAIN_TOM_SAWYER_012,simplify,batch_C,pass,,pass,pass,,a59aee0dc198ace6c8b2588ddd511b10edf0283c2b5c69a24dc18d7388e320a5,aec24aa45f2f6c886f8a7d760a0d48c41838064f40c5673babbb5fe232852865,0
TWAIN_TOM_SAWYER_013,paraphrase,batch_C,warning,length_soft_warning,warning,warning,length_soft_warning,ead0fadd9c8b8fe9015dbdcb2c8f85f9831486f2c760b62cd0622139251f4217,63e3e10b181e1f488c1efe94027df516e46ab24a3fa82f0dbc157ff994b7569d,0
TWAIN_TOM_SAWYER_013,modernize,batch_C,pass,,pass,pass,,ead0fadd9c8b8fe9015dbdcb2c8f85f9831486f2c760b62cd0622139251f4217,1381249e13af82594326370aecad6fdf05732f6dba592a0bec6867e5e82d171b,0
TWAIN_TOM_SAWYER_013,simplify,batch_C,pass,,pass,pass,,ead0fadd9c8b8fe9015dbdcb2c8f85f9831486f2c760b62cd0622139251f4217,c103ac0f75f96ef3c499e45874510899ff06588215ab530f2b5d3e2fe5450a35,0
TWAIN_TOM_SAWYER_014,paraphrase,batch_C,warning,length_soft_warning,warning,warning,length_soft_warning,98964d62b1eec2a15a79473531103a2b7affaad4f4c46e8bb9a3622f549480ef,d3a1f6555d67514004a6e3e115c902425503a1d3ac54a4224cda8390c88b8634,0
TWAIN_TOM_SAWYER_014,modernize,batch_C,pass,,pass,pass,,98964d62b1eec2a15a79473531103a2b7affaad4f4c46e8bb9a3622f549480ef,cb9dd688d05c8c5108af944b975c7b2010082cf218653801806bcace697f80ec,0
TWAIN_TOM_SAWYER_014,simplify,batch_C,pass,,pass,pass,,98964d62b1eec2a15a79473531103a2b7affaad4f4c46e8bb9a3622f549480ef,a8463a009331b283c6d958faef982003dce65cb3f503c2f4b3f48cf51cd0c7fd,0
TWAIN_TOM_SAWYER_015,paraphrase,batch_C,pass,,pass,pass,,e4facf03d8d538cc82385d39a564b8c4d3f686f33615c7311488472010958250,fb4f868e23d571e4bf97208a5bb52d08346e039e9bf09c62ccc1fbb5787fa357,0
TWAIN_TOM_SAWYER_015,modernize,batch_C,warning,length_soft_warning,warning,warning,length_soft_warning,e4facf03d8d538cc82385d39a564b8c4d3f686f33615c7311488472010958250,d018ef5cd565514ac4f3533959ce713d83ec3bc43170be3da7a3b46e665ffbee,0
TWAIN_TOM_SAWYER_015,simplify,batch_C,warning,length_soft_warning,warning,warning,length_soft_warning,e4facf03d8d538cc82385d39a564b8c4d3f686f33615c7311488472010958250,29280afabbf712b69c13f82489e02cfdb4a5b461f4d357a4c7a74bfe7ecf88d2,0
TWAIN_TOM_SAWYER_016,paraphrase,batch_C,pass,,pass,pass,,a93b30275c058273ec7fc1d17405de3cc7cd2296c240b7bfecfbd79e16b8314e,e006f551c5c9494c0b55976d4df44200a77beca878113dc9c825c6f90b59d49c,0
TWAIN_TOM_SAWYER_016,modernize,batch_C,pass,,pass,pass,,a93b30275c058273ec7fc1d17405de3cc7cd2296c240b7bfecfbd79e16b8314e,0b1d290a60bd8e4c7c5a58144d3e7936cc3aaa24ebf5926a60c6c144b1592980,0
TWAIN_TOM_SAWYER_016,simplify,batch_C,pass,,pass,pass,,a93b30275c058273ec7fc1d17405de3cc7cd2296c240b7bfecfbd79e16b8314e,b77d589dca523f9ccbf7d33e56bf0c4ad13683b15b635f5c0f6a78452e7a989e,0
TWAIN_TOM_SAWYER_017,paraphrase,batch_C,pass,,pass,pass,,5962114c466dc9fa8b6e033c5dbaed1e984fbb688cbf437469f4ca10ef8b696c,e366d40facc369de5096240fbcd2ca67bf3be5a6eac4cbf38050c77f7a5db8c0,0
TWAIN_TOM_SAWYER_017,modernize,batch_C,pass,,pass,pass,,5962114c466dc9fa8b6e033c5dbaed1e984fbb688cbf437469f4ca10ef8b696c,c82a9f734cc83d7dbcc918e52d589decd1b772b1dfec3e14854c8a34766af2e5,0
TWAIN_TOM_SAWYER_017,simplify,batch_C,pass,,pass,pass,,5962114c466dc9fa8b6e033c5dbaed1e984fbb688cbf437469f4ca10ef8b696c,5dcdd726c9ee26084b8ba3eca87c992d49ef518751dd0a4eb5655b8d94a94a4c,0
TWAIN_TOM_SAWYER_018,paraphrase,batch_C,pass,,pass,pass,,11e976107fb0101af0d5367dfb1b1f3f006371d2ce728dde28d72d0e8c99aa7c,6145c84facb144c551fa008af34d1f530c21013a6fc71c354f7add40234381f1,0
TWAIN_TOM_SAWYER_018,modernize,batch_C,pass,,pass,pass,,11e976107fb0101af0d5367dfb1b1f3f006371d2ce728dde28d72d0e8c99aa7c,e8c7851fe4c4e70f4809a22cb4d85467d9fe6930dcca156e6740285addfa1eca,0
TWAIN_TOM_SAWYER_018,simplify,batch_C,pass,,pass,pass,,11e976107fb0101af0d5367dfb1b1f3f006371d2ce728dde28d72d0e8c99aa7c,0b146aa1e6328c157cc5bbec432265dc9ec36a75862e8f212027df7b8af8901c,0
TWAIN_TOM_SAWYER_019,paraphrase,batch_C,pass,,pass,pass,,7c03baa2ce8a5ecb6b6882c994d4f70977aeae40a6cac76e02b5c898e9421e2a,7fdabfe54d4cd069a30f2d048084bb6ce588c4f041939cca5eca7959ae09a3cf,0
TWAIN_TOM_SAWYER_019,modernize,batch_C,pass,,pass,pass,,7c03baa2ce8a5ecb6b6882c994d4f70977aeae40a6cac76e02b5c898e9421e2a,ee7a9e0826af3721d863bd6a2863a01a0bb76dae7ecbd82a20e5fa3f24aa7970,0
TWAIN_TOM_SAWYER_019,simplify,batch_C,pass,,pass,pass,,7c03baa2ce8a5ecb6b6882c994d4f70977aeae40a6cac76e02b5c898e9421e2a,74ee0ceca15b32caa83e78d1358179b4733ea0a0f5a7000950c3622ae3181279,0
TWAIN_TOM_SAWYER_020,paraphrase,batch_C,pass,,pass,pass,,eecb99b29dfed877e648df2f802e8a38d15fd8e0a3f4f2a900dfeb1fcbcd7e33,788e6b3c70578f7535b0cfedfa20235579c5593a7fc85674c083f5ff5dc738b5,0
TWAIN_TOM_SAWYER_020,modernize,batch_C,pass,,pass,pass,,eecb99b29dfed877e648df2f802e8a38d15fd8e0a3f4f2a900dfeb1fcbcd7e33,568540b0ea7d47b5a043dfa16469470922637892bf7234d12ba9477d86d298f2,0
TWAIN_TOM_SAWYER_020,simplify,batch_C,pass,,pass,pass,,eecb99b29dfed877e648df2f802e8a38d15fd8e0a3f4f2a900dfeb1fcbcd7e33,c4a96642f1f5e200b5456cb23018f847d33aada7f7ef17ce0bb1f3ed59c2f948,0
TWAIN_TOM_SAWYER_021,paraphrase,batch_C,pass,,pass,pass,,5be9a9efc8e762e3c432470a98e83926c9c09aa9bdab6f6db6adce3467583607,79901822408cb74dfe632b04ae3636829e69f32f6df303d5dc445c8b28171e0a,0
TWAIN_TOM_SAWYER_021,modernize,batch_C,pass,,pass,pass,,5be9a9efc8e762e3c432470a98e83926c9c09aa9bdab6f6db6adce3467583607,a0ed5a95cc25c0653d162d21314964cddbfe3b79339f500a385f6a200223183a,0
TWAIN_TOM_SAWYER_021,simplify,batch_C,pass,,pass,pass,,5be9a9efc8e762e3c432470a98e83926c9c09aa9bdab6f6db6adce3467583607,ad1b8cc2aef18c2c8204c47fbb2abb2b046cf419b9ed3ffb0eeab7bf348a8018,0
TWAIN_TOM_SAWYER_022,paraphrase,batch_C,pass,,pass,pass,,bf4554ce086db4c3880223ff02ccf7ad72e4978c07ea8c25f06ebdcc9bcb098c,d495e8ae3989f73aeb5601ad010e443d0f915992326c4da1c28395093ef3d288,0
TWAIN_TOM_SAWYER_022,modernize,batch_C,pass,,pass,pass,,bf4554ce086db4c3880223ff02ccf7ad72e4978c07ea8c25f06ebdcc9bcb098c,0aabd3460d95ac3fb7d26c1962b1ecf3bfa1330ebe3af849b8ed67c2b0661076,0
TWAIN_TOM_SAWYER_022,simplify,batch_C,pass,,pass,pass,,bf4554ce086db4c3880223ff02ccf7ad72e4978c07ea8c25f06ebdcc9bcb098c,0055d3c330e8ccdea14232cc62e5f23789c7f2c106f867ddfc7efd7797b2cb6c,0
TWAIN_TOM_SAWYER_023,paraphrase,batch_C,pass,,pass,pass,,75c4fe785f82ebee8b45f7a1f8dac6f57cdbaa487cb1389938b8fc289b0f20d3,faada50243523827392bf6ec202425cf0867b126f88e8c83679d975233bd68ad,0
TWAIN_TOM_SAWYER_023,modernize,batch_C,pass,,pass,pass,,75c4fe785f82ebee8b45f7a1f8dac6f57cdbaa487cb1389938b8fc289b0f20d3,b54a6bf3a24b81d1e93868756445d7c99b4db88e45a2874efa6f285e2cce4ac2,0
TWAIN_TOM_SAWYER_023,simplify,batch_C,pass,,pass,pass,,75c4fe785f82ebee8b45f7a1f8dac6f57cdbaa487cb1389938b8fc289b0f20d3,13218c12aeb0114f33899fd9aa42ffe7fcc38823f53990bfb611d6e17dd1ce8a,0
TWAIN_TOM_SAWYER_024,paraphrase,batch_C,pass,,pass,pass,,b0c02bdf91e72d0bd46fc060362aa2f87f21ff7e0635045623bef84d53e74011,a665cd460196b1b3c57c588c33cbad18f0861f8be0d34163195d1882a4c9d514,0
TWAIN_TOM_SAWYER_024,modernize,batch_C,pass,,pass,pass,,b0c02bdf91e72d0bd46fc060362aa2f87f21ff7e0635045623bef84d53e74011,05b5a48187d36a6daafa69f5211408a1e3195e7b844fbbfd30dd9a583b76b15e,0
TWAIN_TOM_SAWYER_024,simplify,batch_C,pass,,pass,pass,,b0c02bdf91e72d0bd46fc060362aa2f87f21ff7e0635045623bef84d53e74011,daa218295b81c7b6567a486363593f7240bec6c5d99dccb4e0b1faeb0d53aa12,0
TWAIN_TOM_SAWYER_025,paraphrase,batch_C,pass,,pass,pass,,419e173233eeb17b8fffd0cf2ba92b808d18fdbafa41ba28883d3495138cb2a4,1e614625b4b7fd3cc426b02e7fb3ac6b95b1aabae95ed17ca8f05d5c1ab76901,0
TWAIN_TOM_SAWYER_025,modernize,batch_C,pass,,pass,pass,,419e173233eeb17b8fffd0cf2ba92b808d18fdbafa41ba28883d3495138cb2a4,3610bb9384dd48c1d4f587f0b4d529ff1c335ef5a07a0707d0be38a14c30b2d9,0
TWAIN_TOM_SAWYER_025,simplify,batch_C,pass,,pass,pass,,419e173233eeb17b8fffd0cf2ba92b808d18fdbafa41ba28883d3495138cb2a4,78850d0b77175fd00a79488f96f8a08065920c25649af154e53fe4f198172d2f,0
TWAIN_TOM_SAWYER_026,paraphrase,batch_C,pass,,pass,pass,,60b4d9953628e730a75f69716f7df6b9f932474a7749c78ece38b4063ed577aa,a4c17bb43426783937428c98b5d7eab630889f572a1c795a1e13fbb7bc7634f9,0
TWAIN_TOM_SAWYER_026,modernize,batch_C,pass,,pass,pass,,60b4d9953628e730a75f69716f7df6b9f932474a7749c78ece38b4063ed577aa,a44b8bc3d2c2fbc4176be16fe0b0fdec9fa577aad4d781fdf6dff50f2da513c1,0
TWAIN_TOM_SAWYER_026,simplify,batch_C,pass,,pass,pass,,60b4d9953628e730a75f69716f7df6b9f932474a7749c78ece38b4063ed577aa,0d59f58317f266851fd33c9a005c3d0c1d838baa0105d97347ae1fc6ef5e5853,0
TWAIN_TOM_SAWYER_027,paraphrase,batch_C,pass,,pass,pass,,03ff1bb6a9eb006b03e41319e1364fa019a8d44f4ebd758e5835a03f37ce1fb4,0d58014bd229fe7b22afabf8c5db765ce2a1cb003d21d9a940e030fa09eb56da,0
TWAIN_TOM_SAWYER_027,modernize,batch_C,pass,,pass,pass,,03ff1bb6a9eb006b03e41319e1364fa019a8d44f4ebd758e5835a03f37ce1fb4,ee19fd515e6d6da9c3f108b5e30be3919a4b93cc27aa7c6f9c5643031bfb5cbe,0
TWAIN_TOM_SAWYER_027,simplify,batch_C,pass,,pass,pass,,03ff1bb6a9eb006b03e41319e1364fa019a8d44f4ebd758e5835a03f37ce1fb4,e547963e010e8770fe1fba61a1297d1d4ce02a7a750b9c23255a4822c67bdbe2,0
TWAIN_TOM_SAWYER_028,paraphrase,batch_C,pass,,pass,pass,,8e9197ee7d28787b1041fed219ff1e23d858997481f6c84c2ef73c7276b16e59,aba94a022a74c0670dbb1e50ca0dc3bcf96ba212d1a01405d05b36b8ad59e6e4,0
TWAIN_TOM_SAWYER_028,modernize,batch_C,pass,,pass,pass,,8e9197ee7d28787b1041fed219ff1e23d858997481f6c84c2ef73c7276b16e59,15963a50fde91493a3790b32b9b00f1c7205f5d89aa9768e4f1779ca57dc9200,0
TWAIN_TOM_SAWYER_028,simplify,batch_C,pass,,pass,pass,,8e9197ee7d28787b1041fed219ff1e23d858997481f6c84c2ef73c7276b16e59,579c871a1a1025d5bcfcdb590d8fddf84ade78d5119bd47c99c8f734226da397,0
TWAIN_TOM_SAWYER_029,paraphrase,batch_C,pass,,pass,pass,,8c5df42ef1fd4f4ec9d4738a0d71d3ea9acd7ad54b181f3d45a415e4e9de45c6,0df10bbb8577d7b6bc4259b3737863c2b28a7c28a4ebd40b6c48cd442b64990c,0
TWAIN_TOM_SAWYER_029,modernize,batch_C,pass,,pass,pass,,8c5df42ef1fd4f4ec9d4738a0d71d3ea9acd7ad54b181f3d45a415e4e9de45c6,7f93a265f1702c87ac073e9e97900530e170b6daa7e795ccec0a065e51d71c10,0
TWAIN_TOM_SAWYER_029,simplify,batch_C,pass,,pass,pass,,8c5df42ef1fd4f4ec9d4738a0d71d3ea9acd7ad54b181f3d45a415e4e9de45c6,f23c25ec7e5eb4dd0ae7f2e9e0cb0aedebb5fb9830a2087398c7cdc442582f61,0
TWAIN_TOM_SAWYER_030,paraphrase,batch_C,pass,,pass,pass,,2137c3fd681f2202574134fc8d792af2b2d70223161adb6e65e2132d5e4d0a2a,535612c405cd11b2edd13235c3f0bc58262449d383e41d7c4067131c5aa95e0b,0
TWAIN_TOM_SAWYER_030,modernize,batch_C,pass,,pass,pass,,2137c3fd681f2202574134fc8d792af2b2d70223161adb6e65e2132d5e4d0a2a,2231942d80e626539e00e52a4992edf4e5c2e72f4533620a3ed3a364ff33df52,0
TWAIN_TOM_SAWYER_030,simplify,batch_C,pass,,pass,pass,,2137c3fd681f2202574134fc8d792af2b2d70223161adb6e65e2132d5e4d0a2a,54b6c1bd9300183d35b65eca5beb4a934da6167c9d09974703fb3ac507e3f7e4,0
WILDE_DORIAN_GRAY_001,paraphrase,batch_C,pass,,pass,pass,,2cbbd75d8772b25f0fa765a54ad998644e2878e3ddf146e349d18ce7b9553163,a3620533f19024a5ec714709887d5e892a2a7b51487ecb0438cdf1ac88f64103,0
WILDE_DORIAN_GRAY_001,modernize,batch_C,pass,,pass,pass,,2cbbd75d8772b25f0fa765a54ad998644e2878e3ddf146e349d18ce7b9553163,c8c789ef576d3de8dcd5391e4b391e6b503daee8f6dcc9794bfb4e75cd8fd25c,0
WILDE_DORIAN_GRAY_001,simplify,batch_C,pass,,pass,pass,,2cbbd75d8772b25f0fa765a54ad998644e2878e3ddf146e349d18ce7b9553163,8a3ffe84346e74b99bda1b95038e4f68f17fc4e298dfcb60bdbef5a1154ca2bc,0
WILDE_DORIAN_GRAY_002,paraphrase,batch_C,pass,,pass,pass,,b33cb64a3684fb944dfa69b02681cd01ac56bc53995f4b7d0e44da0f2758ae9b,58fc110823ce44ced1fcdd2da6343ecfb7761301b8c2e0c65e3ddcb477e7ce4a,0
WILDE_DORIAN_GRAY_002,modernize,batch_C,pass,,pass,pass,,b33cb64a3684fb944dfa69b02681cd01ac56bc53995f4b7d0e44da0f2758ae9b,b07905ab3cae40c013b173bbda8944397b3d9d5875c8de42c6f9f40fbd929c83,0
WILDE_DORIAN_GRAY_002,simplify,batch_C,pass,,pass,pass,,b33cb64a3684fb944dfa69b02681cd01ac56bc53995f4b7d0e44da0f2758ae9b,622db5eeb0c0a2ebd0a1fc7580abb351bdb40002b91ec87045dfbb67e8b334ac,0
WILDE_DORIAN_GRAY_003,paraphrase,batch_C,pass,,pass,pass,,7a1c5a522d96eb19bae54644c39a53ab4a803836e18b73b7988d2850a65ce3e2,43860736572596da3a56cc58ca118a6ce11e072bf9dc0373807126ba12677a6f,0
WILDE_DORIAN_GRAY_003,modernize,batch_C,pass,,pass,pass,,7a1c5a522d96eb19bae54644c39a53ab4a803836e18b73b7988d2850a65ce3e2,f8d4318fa28b25e47cb646b3382dfed82731bc96f8674a7189509c17b2ab7677,0
WILDE_DORIAN_GRAY_003,simplify,batch_C,pass,,pass,pass,,7a1c5a522d96eb19bae54644c39a53ab4a803836e18b73b7988d2850a65ce3e2,515c037b13c33852b7add4fe836dbcc38b9a24280a2493bdd67f8e30e2babcd9,0
WILDE_DORIAN_GRAY_004,paraphrase,batch_C,pass,,pass,pass,,6abec1a3e33b65ccc349fc6e69874680d90a812e92ff570bd08cab618c941400,2ee96a8ad76b160bb4ec748c3c2dbdfc420bc5bce173adc97c85a624722346f4,0
WILDE_DORIAN_GRAY_004,modernize,batch_C,pass,,pass,pass,,6abec1a3e33b65ccc349fc6e69874680d90a812e92ff570bd08cab618c941400,b51dc23abe4216f1409dd4d0547f385d74e625540f97e492097186ea7e4fa071,0
WILDE_DORIAN_GRAY_004,simplify,batch_C,pass,,pass,pass,,6abec1a3e33b65ccc349fc6e69874680d90a812e92ff570bd08cab618c941400,74624f66bbefc90a69c5a8b0389bf9643497acf48f6313bd363275d37286d74a,0
WILDE_DORIAN_GRAY_005,paraphrase,batch_C,pass,,pass,pass,,588c75e6cfcba6638a97e892c661b45018dafe26842fccbd1e6f1134bd687cad,7d0b27d01c7e30a3dfcf72dce39c753478aa3b54f8f9a087af05aae43b0d6557,0
WILDE_DORIAN_GRAY_005,modernize,batch_C,pass,,pass,pass,,588c75e6cfcba6638a97e892c661b45018dafe26842fccbd1e6f1134bd687cad,51cddc4e16f3589c2bb76ee45d10678f1845a3eb0761c1006878d12fc7d801be,0
WILDE_DORIAN_GRAY_005,simplify,batch_C,pass,,pass,pass,,588c75e6cfcba6638a97e892c661b45018dafe26842fccbd1e6f1134bd687cad,7f781d6db2f7ce54d6895484a7db953c8d299430e55128cab62ceaa65334af81,0
WILDE_DORIAN_GRAY_006,paraphrase,batch_C,pass,,pass,pass,,23712e24c5bbd79746108eaa9f73be0fd3fa93187fd0023d7a3a7d70dcc365b3,c6cc2caef9064a9242e3c0a3a9ea071f923d6134d0c82340210cb66ce720191e,0
WILDE_DORIAN_GRAY_006,modernize,batch_C,pass,,pass,pass,,23712e24c5bbd79746108eaa9f73be0fd3fa93187fd0023d7a3a7d70dcc365b3,fc914f5040064cb755dcf5ff507f04f3eca0ba06ee1b28a98d2fd365e5eb47ad,0
WILDE_DORIAN_GRAY_006,simplify,batch_C,pass,,pass,pass,,23712e24c5bbd79746108eaa9f73be0fd3fa93187fd0023d7a3a7d70dcc365b3,d15e862076c36802426b2c5c741deb0d756ed262d4122363403cdff4207705c5,0
WILDE_DORIAN_GRAY_007,paraphrase,batch_C,pass,,pass,pass,,26967c9ff8c11fce124e28e3340525d6d38e15202bfd4daf4e43e28ee92cc97a,4adebfbaaa214d7e7f548cc0dec50c0d37cafd0a14cbb15ab0385b2ad75d3a11,0
WILDE_DORIAN_GRAY_007,modernize,batch_C,pass,,pass,pass,,26967c9ff8c11fce124e28e3340525d6d38e15202bfd4daf4e43e28ee92cc97a,3a8822dbafb3fcaa4a4273351f89d293b0119fa4ec2a595514ecacaf49a57fbe,0
WILDE_DORIAN_GRAY_007,simplify,batch_C,pass,,pass,pass,,26967c9ff8c11fce124e28e3340525d6d38e15202bfd4daf4e43e28ee92cc97a,d5564d68dc95645abf9b83971fc7377e31fb1ba1d99b1a4c952dc4fa0b44281b,0
WILDE_DORIAN_GRAY_008,paraphrase,batch_C,pass,,pass,pass,,6140d3f2cda00b214e8608f75f0f02292e4faaedd41c028ad6fa3c3ef2547099,92bef86c0a308eead026838ac1785faeb909bee617cc6ea84ad6377ccd582e68,0
WILDE_DORIAN_GRAY_008,modernize,batch_C,pass,,pass,pass,,6140d3f2cda00b214e8608f75f0f02292e4faaedd41c028ad6fa3c3ef2547099,28e91eca6e4d572508d2c04c2698b197a80debce1f16d57fae950d774447c240,0
WILDE_DORIAN_GRAY_008,simplify,batch_C,pass,,pass,pass,,6140d3f2cda00b214e8608f75f0f02292e4faaedd41c028ad6fa3c3ef2547099,cbc9c35f5728ab76060ea1679062c3ef5c687f0247d1f616aca8dadbb1e0d077,0
WILDE_DORIAN_GRAY_009,paraphrase,batch_C,pass,,pass,pass,,83c8fb9a52c36388f276fff374d722238a2e7d3a095b287dd961b486943524b1,33f780d6715abae0e7a4ef6f43044469cd673b22edf3b5e08e468f6ae5b1e4cd,0
WILDE_DORIAN_GRAY_009,modernize,batch_C,pass,,pass,pass,,83c8fb9a52c36388f276fff374d722238a2e7d3a095b287dd961b486943524b1,cd32f4e8914420dbf51dd228a414f3a5b0b79c3b772ff11609242c25680212d6,0
WILDE_DORIAN_GRAY_009,simplify,batch_C,pass,,pass,pass,,83c8fb9a52c36388f276fff374d722238a2e7d3a095b287dd961b486943524b1,fb5a761efa8932b4d7638e6512c2376b2d9df3d6a1f210bc2f0aa75ebcb9a11c,0
WILDE_DORIAN_GRAY_010,paraphrase,batch_C,pass,,pass,pass,,5dadfcf7ba808165759bf01765b06e129b746294a9ca7dab34d9492196344e92,4e954b5e8b3103552130bff20100c9b28ce2ab28c2ef79e386c93822fa00ed50,0
WILDE_DORIAN_GRAY_010,modernize,batch_C,pass,,pass,pass,,5dadfcf7ba808165759bf01765b06e129b746294a9ca7dab34d9492196344e92,21cf38802928488fc475d238e7bf10737f0b2307adb96e777056e7d4e3754f17,0
WILDE_DORIAN_GRAY_010,simplify,batch_C,pass,,pass,pass,,5dadfcf7ba808165759bf01765b06e129b746294a9ca7dab34d9492196344e92,a54018d771651172be675b8d1633bcf5b673780b82ff2806d0d912859e5a0e3e,0
WILDE_DORIAN_GRAY_011,paraphrase,batch_C,pass,,pass,pass,,dfdb6003417624c859e7032dd97b1f56a37bef3c31022f32bfd7959d3deabef2,71cfad00956f24f78e7a431e80ca522b874628de1a9108ad9d437259b2dcecbe,0
WILDE_DORIAN_GRAY_011,modernize,batch_C,pass,,pass,pass,,dfdb6003417624c859e7032dd97b1f56a37bef3c31022f32bfd7959d3deabef2,aa5656385eb26169ded194178c35055d7b75b1a9f3552114f79da2f63b7a6e7c,0
WILDE_DORIAN_GRAY_011,simplify,batch_C,pass,,pass,pass,,dfdb6003417624c859e7032dd97b1f56a37bef3c31022f32bfd7959d3deabef2,22aff4e2dd72b16745a4000292b12931763234face4006ae137269f7760e53c8,0
WILDE_DORIAN_GRAY_012,paraphrase,batch_C,pass,,pass,pass,,c0332f3a68d68a864877a8266f44dadd6ce3d7040fa2190986f196880dbd8b6f,84659fac38975c781ed107014c7c1d0a00523b12380d67490870c26ed75ab829,0
WILDE_DORIAN_GRAY_012,modernize,batch_C,pass,,pass,pass,,c0332f3a68d68a864877a8266f44dadd6ce3d7040fa2190986f196880dbd8b6f,5a519f3953d0830a2089dd5542500c0c6f420e5b6e8f56c52747c9253fde8fb7,0
WILDE_DORIAN_GRAY_012,simplify,batch_C,pass,,pass,pass,,c0332f3a68d68a864877a8266f44dadd6ce3d7040fa2190986f196880dbd8b6f,ee8ffcaecfffa736f43342781397e7aeeafa25c50def21ab46b1a878a0f680db,0
WILDE_DORIAN_GRAY_013,paraphrase,batch_C,pass,,pass,pass,,5f0866948820eda1b218e31c2762ddd7cc4c0a64222f8826964f6bbf27b8f820,8824043202d8f163ae51e7aede6041554232e993aaa8705543488343b0d28739,0
WILDE_DORIAN_GRAY_013,modernize,batch_C,pass,,pass,pass,,5f0866948820eda1b218e31c2762ddd7cc4c0a64222f8826964f6bbf27b8f820,fb1a3c025bcc00c57ef8d02badda036aad699ede68403815e495252bddda4129,0
WILDE_DORIAN_GRAY_013,simplify,batch_C,pass,,pass,pass,,5f0866948820eda1b218e31c2762ddd7cc4c0a64222f8826964f6bbf27b8f820,1a5169e8a7e8f5246f311e95945ccfdd47e4618b85bb736aae47ac7b9a48a155,0
WILDE_DORIAN_GRAY_014,paraphrase,batch_C,pass,,pass,pass,,b021ae3bf83d2b91fedc3a9fe6f1e85b3efbece52ca32e8c2cf2ccd4f0d7f325,6f45ca0dbd612f41e2616b7e3e443fdfd0c9c7a4002fb5d305b3317543f8b74f,0
WILDE_DORIAN_GRAY_014,modernize,batch_C,pass,,pass,pass,,b021ae3bf83d2b91fedc3a9fe6f1e85b3efbece52ca32e8c2cf2ccd4f0d7f325,89f919c5072d2bd6dd65f8109073b10ebb609f233d10ba70b613759d76ed7b2c,0
WILDE_DORIAN_GRAY_014,simplify,batch_C,pass,,pass,pass,,b021ae3bf83d2b91fedc3a9fe6f1e85b3efbece52ca32e8c2cf2ccd4f0d7f325,20fe49a964d88e29b7c2d99a822aaf5b58c54689b96bb17a053694feaa050466,0
WILDE_DORIAN_GRAY_015,paraphrase,batch_C,pass,,pass,pass,,1d15234310b3afcf1923d571df7810586da8259c9dbbab086812216aa34f2e5b,51c4c33ace806ae2a398f2a1ca5df3472e496169bc968db720e643f9581d155b,0
WILDE_DORIAN_GRAY_015,modernize,batch_C,pass,,pass,pass,,1d15234310b3afcf1923d571df7810586da8259c9dbbab086812216aa34f2e5b,a61e4480e70fea3214ff72e2cfd9cbc9b9830f6f500589d877c9961ebd0d51d9,0
WILDE_DORIAN_GRAY_015,simplify,batch_C,pass,,pass,pass,,1d15234310b3afcf1923d571df7810586da8259c9dbbab086812216aa34f2e5b,8ab43be049f5d6bc94afea35f0a9d588f774b1385c0a9d360d799e8f9339cfcf,0
WILDE_DORIAN_GRAY_016,paraphrase,batch_C,pass,,pass,pass,,68361a2660996228cdb8f3d0e2524000a72351693e00df8b3b25d33884320dbf,191f005dc62a62abf1a5d160414aa04b8dd10bdeddc5dac0e313de22de1a8c94,0
WILDE_DORIAN_GRAY_016,modernize,batch_C,pass,,pass,pass,,68361a2660996228cdb8f3d0e2524000a72351693e00df8b3b25d33884320dbf,9e8c5848a3eba4cd71a042fea67f018fc7b871af52ba07134cd23e8e6627443e,0
WILDE_DORIAN_GRAY_016,simplify,batch_C,pass,,pass,pass,,68361a2660996228cdb8f3d0e2524000a72351693e00df8b3b25d33884320dbf,dde5a38620f7b4587ca7ec373823b7c6b327d3158f84c973ba164e5003cc4808,0
WILDE_DORIAN_GRAY_017,paraphrase,batch_C,pass,,pass,pass,,11f8d113bf82cb5c6886a85086cbeabddb25ac5d95fd3a371bf613b54f105f3a,f62da6fb7e75caaec27fe16275231a6f4b38ce8a0229220fc1bbad320428bf40,0
WILDE_DORIAN_GRAY_017,modernize,batch_C,pass,,pass,pass,,11f8d113bf82cb5c6886a85086cbeabddb25ac5d95fd3a371bf613b54f105f3a,bb82ce67e36c99173f3d2b15dc3ba5918b940ca56c742ca1261acf47dd6b8d6c,0
WILDE_DORIAN_GRAY_017,simplify,batch_C,pass,,pass,pass,,11f8d113bf82cb5c6886a85086cbeabddb25ac5d95fd3a371bf613b54f105f3a,19fc01c344267b01cd0915d1c5e33001ccac8dd68f8eb2264e45d469b7e32ff4,0
WILDE_DORIAN_GRAY_018,paraphrase,batch_C,warning,length_soft_warning,warning,warning,length_soft_warning,3eb91456d87d1a2033a7c09bca32489f1245e7ca03640a8b1f8f4b7b446e9ece,7a519d6f888120c25f49db7905e003187ccf101b3c28463b382e6ac843fe024b,0
WILDE_DORIAN_GRAY_018,modernize,batch_C,pass,,pass,pass,,3eb91456d87d1a2033a7c09bca32489f1245e7ca03640a8b1f8f4b7b446e9ece,66b270c08b4c8b40b5079772331f032bcbeb7da5488fdbcb3cc620d4a379b393,0
WILDE_DORIAN_GRAY_018,simplify,batch_C,warning,length_soft_warning,warning,warning,length_soft_warning,3eb91456d87d1a2033a7c09bca32489f1245e7ca03640a8b1f8f4b7b446e9ece,63c71451160076f996dd0b36f37413e06e5a00f0688899eebd735986ba6dd17f,0
WILDE_DORIAN_GRAY_019,paraphrase,batch_C,pass,,pass,pass,,dc46c179d61856a361c7221f47173276d8b71db84667de2df849da83c105db87,c7a6b080ad6e4bea28ea8aa22eb0d2d77c171de6c366d0e4dcb26f17c595ab38,0
WILDE_DORIAN_GRAY_019,modernize,batch_C,pass,,pass,pass,,dc46c179d61856a361c7221f47173276d8b71db84667de2df849da83c105db87,7b160e520d0a707acb8957922797fbdbbae464e61dab155fda817980e1db4f73,0
WILDE_DORIAN_GRAY_019,simplify,batch_C,pass,,pass,pass,,dc46c179d61856a361c7221f47173276d8b71db84667de2df849da83c105db87,0e92ec2878fdf531efb65752e7eefa9c6d2a9257e412482a86f8e124f536c123,0
WILDE_DORIAN_GRAY_020,paraphrase,batch_C,pass,,pass,pass,,33bb6e6df7fa5ca1b51a617e1d010413241ab37bc2c84a04f5c4439ee2d1273f,123c3052dc5831b40b852798684a8f847e910902f623cfc61c9e2a0d2d5157b4,0
WILDE_DORIAN_GRAY_020,modernize,batch_C,pass,,pass,pass,,33bb6e6df7fa5ca1b51a617e1d010413241ab37bc2c84a04f5c4439ee2d1273f,f4065a2b378b85749b63ea8a9ca3f2fdac0d849e45e6c350f9b1307a351952e3,0
WILDE_DORIAN_GRAY_020,simplify,batch_C,pass,,pass,pass,,33bb6e6df7fa5ca1b51a617e1d010413241ab37bc2c84a04f5c4439ee2d1273f,7883e4605240db439345ce1146f8795ab3931a0f5d86e50432e972b4a82301e7,0
WILDE_DORIAN_GRAY_021,paraphrase,batch_C,pass,,pass,pass,,544e3c99e37a39739b9619ab0c37c64a95a8d481818714e926afd2695ae021c1,185b44608bd9176483124a5b3c82a0a7cfbf769c519a534a5a5b6d954e7f68de,0
WILDE_DORIAN_GRAY_021,modernize,batch_C,pass,,pass,pass,,544e3c99e37a39739b9619ab0c37c64a95a8d481818714e926afd2695ae021c1,d84fa585c381ce66e53f6505c06798c9322807c53bcd8b668fe7436391974c65,0
WILDE_DORIAN_GRAY_021,simplify,batch_C,pass,,pass,pass,,544e3c99e37a39739b9619ab0c37c64a95a8d481818714e926afd2695ae021c1,0dda38e0b760b3aae21507eb8951e306af48516f402986841dd0aa3b1d29ef15,0
WILDE_DORIAN_GRAY_022,paraphrase,batch_C,pass,,pass,pass,,06f3678a1b90d43945e52648aec810fb193dac0ab4b26ffa05f8356b21b05dd2,0c8eef6fe4423c38c4c59f20ceda310dcfc7ae53a6a655cb23967631045b381b,0
WILDE_DORIAN_GRAY_022,modernize,batch_C,pass,,pass,pass,,06f3678a1b90d43945e52648aec810fb193dac0ab4b26ffa05f8356b21b05dd2,44e29d8b2439047dd0f092853feda1895328faf842413f1d1c69de50b1267323,0
WILDE_DORIAN_GRAY_022,simplify,batch_C,pass,,pass,pass,,06f3678a1b90d43945e52648aec810fb193dac0ab4b26ffa05f8356b21b05dd2,4da54afeed96ed51b1b26cfef15904cc8783d65a2daec2493518222620c903c4,0
WILDE_DORIAN_GRAY_023,paraphrase,batch_C,pass,,pass,pass,,627e614d196dda243e1f8e5167949245928c28e63023d1c1c5ddae5137ce830a,4e39e8b53fb4fa2c83c6fc2e11bf2fb25f5ea3ebb7a6bb1905e59ec0256b285a,0
WILDE_DORIAN_GRAY_023,modernize,batch_C,fail,prompt_or_source_leakage,pass,pass,,627e614d196dda243e1f8e5167949245928c28e63023d1c1c5ddae5137ce830a,9c032fd470f65cf87c9d64805486a616fafe6caf8e0b5c8ef22a926fd9520d32,1
WILDE_DORIAN_GRAY_023,simplify,batch_C,fail,prompt_or_source_leakage,pass,pass,,627e614d196dda243e1f8e5167949245928c28e63023d1c1c5ddae5137ce830a,18ffeb83b4c2bd42f401200d8125b20991fdc1f1912a7ab40f532eded2b87823,1
WILDE_DORIAN_GRAY_024,paraphrase,batch_C,pass,,pass,pass,,be3313120b5753ad277d218f49da761e20accc1d71a7d8fba4dd7510de517f25,0c1ff8a4038884899b3774020badfa28d063a281c291ff288d19f4e1521b1578,0
WILDE_DORIAN_GRAY_024,modernize,batch_C,pass,,pass,pass,,be3313120b5753ad277d218f49da761e20accc1d71a7d8fba4dd7510de517f25,9aaddd4041ba329e29c0bd4bb6c646e42facc9517c7d77e12232e105df1fac48,0
WILDE_DORIAN_GRAY_024,simplify,batch_C,pass,,pass,pass,,be3313120b5753ad277d218f49da761e20accc1d71a7d8fba4dd7510de517f25,3be32d369043fe53fa00319613521a3cd74322852fbc667a3dad34f77520b0c3,0
WILDE_DORIAN_GRAY_025,paraphrase,batch_C,pass,,pass,pass,,5aa307c98167a2c51bf4a2cfbf2bcf41e68d4945da56dd720ab6847b6f09f717,8225b5d15a531d1ff2c80cbf3a67fff8e586d05e3aa5e3c748d3a6217a6ae26f,0
WILDE_DORIAN_GRAY_025,modernize,batch_C,pass,,pass,pass,,5aa307c98167a2c51bf4a2cfbf2bcf41e68d4945da56dd720ab6847b6f09f717,133d651f33ec7a238a9d278ebd37402b46599e6336c357bac5e1a7334209490d,0
WILDE_DORIAN_GRAY_025,simplify,batch_C,pass,,pass,pass,,5aa307c98167a2c51bf4a2cfbf2bcf41e68d4945da56dd720ab6847b6f09f717,2bd076055595dc85da74ac3e59060520e3daf1be59f65b11c066cfb8bb36a5b8,0
WILDE_DORIAN_GRAY_026,paraphrase,batch_C,pass,,pass,pass,,dbb17d1f33b59a9fe666022e70892e58bd736fd2153ed046c3a14953c7c8c6e9,6108058be8176df0cdee45f79649b5b397d04d86d3ba2ce2d4aa270d6bc3943b,0
WILDE_DORIAN_GRAY_026,modernize,batch_C,pass,,pass,pass,,dbb17d1f33b59a9fe666022e70892e58bd736fd2153ed046c3a14953c7c8c6e9,068b7e067f6622506be922fce2cd83f1f74b358b7b4e5c6484a4c607d138cf38,0
WILDE_DORIAN_GRAY_026,simplify,batch_C,pass,,pass,pass,,dbb17d1f33b59a9fe666022e70892e58bd736fd2153ed046c3a14953c7c8c6e9,6f16e48f151241b6e36ae93fce715b12433d7f58aab0b545a1d56357391a1c8f,0
WILDE_DORIAN_GRAY_027,paraphrase,batch_C,pass,,pass,pass,,987a58ca7e71ae8ac59a9ab195b9822990b237c0881917f623aaa7fea08e81ef,bc4069b364c9b5680246ecb0ed4bd86d8029038b892512538ca2c1c68c8c0a27,0
WILDE_DORIAN_GRAY_027,modernize,batch_C,pass,,pass,pass,,987a58ca7e71ae8ac59a9ab195b9822990b237c0881917f623aaa7fea08e81ef,f5b580b5c6cafc138a8b34487804efd3b3a8aa80cb5491c3b8966b526ae91adc,0
WILDE_DORIAN_GRAY_027,simplify,batch_C,pass,,pass,pass,,987a58ca7e71ae8ac59a9ab195b9822990b237c0881917f623aaa7fea08e81ef,0a512bc484aa19cc84e4942cb5b6829f052f39a1b926729817b49844bbd6bbef,0
WILDE_DORIAN_GRAY_028,paraphrase,batch_C,pass,,pass,pass,,a921ade7b6f6eff1a0c05eb72f019aa06959eede1dd2f229eb9070cc346cd287,4b35f170f7b523130f6b9dc52b95853eb07dd69fad39bc6fc328f3ec410d0a44,0
WILDE_DORIAN_GRAY_028,modernize,batch_C,pass,,pass,pass,,a921ade7b6f6eff1a0c05eb72f019aa06959eede1dd2f229eb9070cc346cd287,e168e192873f46a1d8832db2908360db5877574ce5a9bc61fca84c3933d97253,0
WILDE_DORIAN_GRAY_028,simplify,batch_C,pass,,pass,pass,,a921ade7b6f6eff1a0c05eb72f019aa06959eede1dd2f229eb9070cc346cd287,9d6fca1163c69417e35413f8cec5508ec34fcbbadd3800e4de42306e994df4e1,0
WILDE_DORIAN_GRAY_029,paraphrase,batch_C,pass,,pass,pass,,4be1f85cffe2d17463b6e7f17338fa1414c5f9a14088a6cbac386ce8458cc6f7,936b7fe0415f589afb5ad237e1d374d13c1cf0634c4200f977ee7c4336299536,0
WILDE_DORIAN_GRAY_029,modernize,batch_C,pass,,pass,pass,,4be1f85cffe2d17463b6e7f17338fa1414c5f9a14088a6cbac386ce8458cc6f7,124fdaa12fcf965399ea20e88521065b5d48ce3f061c8f825ce26669622ee300,0
WILDE_DORIAN_GRAY_029,simplify,batch_C,pass,,pass,pass,,4be1f85cffe2d17463b6e7f17338fa1414c5f9a14088a6cbac386ce8458cc6f7,d4379fa8a67175d8936fc86fca3b47f48031cd1dd9ed2d8688e2e8db0c3710da,0
WILDE_DORIAN_GRAY_030,paraphrase,batch_C,pass,,pass,pass,,455f6553e1f5a382a1054d19197f7890d606d2a55985f1c12b9c82fa1c83439a,c7a39a007d61eb9f946912dbff82c8c198dd69c9c3708f4d7ec0c7ad4868d1d9,0
WILDE_DORIAN_GRAY_030,modernize,batch_C,pass,,pass,pass,,455f6553e1f5a382a1054d19197f7890d606d2a55985f1c12b9c82fa1c83439a,796184be8324192300ba63bb7b43db276c25d59f2137a30538e55f0a0719c02d,0
WILDE_DORIAN_GRAY_030,simplify,batch_C,pass,,pass,pass,,455f6553e1f5a382a1054d19197f7890d606d2a55985f1c12b9c82fa1c83439a,70b265d41516e1d89a76f6bb1cd207768b81c15f15b930f211daa012bda052d4,0
WILDE_LORD_ARTHUR_STORIES_001,paraphrase,batch_C,pass,,pass,pass,,2250459dc9d9acd3e6211b1bd4491338189c5316c9578d308093d71558ae87e5,99d0f461814f9f37ae63809cc4e91ae0a085d5b4809a5f225dc0d3030a8b13cb,0
WILDE_LORD_ARTHUR_STORIES_001,modernize,batch_C,pass,,pass,pass,,2250459dc9d9acd3e6211b1bd4491338189c5316c9578d308093d71558ae87e5,cba2008813410d58c2fc6ae88d81b5c2c2c07e70ed2ca336619d0749ec6b6149,0
WILDE_LORD_ARTHUR_STORIES_001,simplify,batch_C,pass,,pass,pass,,2250459dc9d9acd3e6211b1bd4491338189c5316c9578d308093d71558ae87e5,2c3bae8b928b1ae7cafda07e82d207d9671344c9de6670163ceba700caeb697c,0
WILDE_LORD_ARTHUR_STORIES_002,paraphrase,batch_C,pass,,pass,pass,,e6861c69767f661b56ca68324259c79f90f50909ea1b88da2daa55810d47f563,6707f748b348592b267bc815d268b1f9fdbcccad54c11012d3acb5c0e4cc73b7,0
WILDE_LORD_ARTHUR_STORIES_002,modernize,batch_C,pass,,pass,pass,,e6861c69767f661b56ca68324259c79f90f50909ea1b88da2daa55810d47f563,e24f97293cfd9624523a0e2d9115930a6fa3aa7ee7d83150ba5f9f6f26222985,0
WILDE_LORD_ARTHUR_STORIES_002,simplify,batch_C,pass,,pass,pass,,e6861c69767f661b56ca68324259c79f90f50909ea1b88da2daa55810d47f563,0a49313fd7d03901605793fc36647de1da90a6a6bda667e21bf0979c6aecc05e,0
WILDE_LORD_ARTHUR_STORIES_003,paraphrase,batch_C,pass,,pass,pass,,3a0c679c689650a2fb7c9fa1486b9c06c7257474dd5874d3158fa9cd7e600883,95dfed5bbdac877dcc1e297edd058f6ebad49ca1d88b152bbb22046eb36710af,0
WILDE_LORD_ARTHUR_STORIES_003,modernize,batch_C,pass,,pass,pass,,3a0c679c689650a2fb7c9fa1486b9c06c7257474dd5874d3158fa9cd7e600883,f6986d12ef8912724694debfab79da64561beb6524b54ef8b8aa4ccdf2e142a1,0
WILDE_LORD_ARTHUR_STORIES_003,simplify,batch_C,pass,,pass,pass,,3a0c679c689650a2fb7c9fa1486b9c06c7257474dd5874d3158fa9cd7e600883,ccbfe14b3ddda74a8243c7132c308e0b1b552d05272702775d70b6589f8aef66,0
WILDE_LORD_ARTHUR_STORIES_004,paraphrase,batch_C,pass,,pass,pass,,dd682bb12d66df4f9d460f0e17a12df588fb6e63a5d95299df798af17f69df37,0b51f2a49ffbb77dd8fc3184d2d7023c5b65ceb5d4df4e622785c6531012b163,0
WILDE_LORD_ARTHUR_STORIES_004,modernize,batch_C,pass,,pass,pass,,dd682bb12d66df4f9d460f0e17a12df588fb6e63a5d95299df798af17f69df37,4412e2b976500077f519c4b5c5278dec83ce492d4511324dbb83d21e67fb06f9,0
WILDE_LORD_ARTHUR_STORIES_004,simplify,batch_C,pass,,pass,pass,,dd682bb12d66df4f9d460f0e17a12df588fb6e63a5d95299df798af17f69df37,5d93ce995e5a521a8320dfcd4ce78241426124ac77955176c60c207aa0b135b2,0
WILDE_LORD_ARTHUR_STORIES_005,paraphrase,batch_C,pass,,pass,pass,,e7420f25c38c1b36571177c982ddfce90320ffcbe81229d0d7a282a5b67fd12d,10136d24e83f309520525618db27c71d0494ae2fa54a5f3b2303a4695df8143c,0
WILDE_LORD_ARTHUR_STORIES_005,modernize,batch_C,pass,,pass,pass,,e7420f25c38c1b36571177c982ddfce90320ffcbe81229d0d7a282a5b67fd12d,522e6c5c310c6127b6817df850fae2e539f7f9655d60e693f48700fbfc24f174,0
WILDE_LORD_ARTHUR_STORIES_005,simplify,batch_C,pass,,pass,pass,,e7420f25c38c1b36571177c982ddfce90320ffcbe81229d0d7a282a5b67fd12d,ffdc67a98b70afe443fc80df8661a2795b688ea54cf784a49091204182724664,0
WILDE_LORD_ARTHUR_STORIES_006,paraphrase,batch_C,pass,,pass,pass,,d6f91363acb73fdaa33e74c6f7ec43c0560195177a96f6dce744fa3a6c49534b,c00860e1a26b1d53a5251f6e9d5b9a3fe5f2647ce99f7e01494295f14b71e41b,0
WILDE_LORD_ARTHUR_STORIES_006,modernize,batch_C,pass,,pass,pass,,d6f91363acb73fdaa33e74c6f7ec43c0560195177a96f6dce744fa3a6c49534b,a262bcbc34c8cc150fdf6bd4f58663b26077b12f338ce2948af03c0e6ec656b0,0
WILDE_LORD_ARTHUR_STORIES_006,simplify,batch_C,pass,,pass,pass,,d6f91363acb73fdaa33e74c6f7ec43c0560195177a96f6dce744fa3a6c49534b,4abdd9b364dfc2eb1a1f25ba524c63b7c89236f1cf7964df1219595683a7a2c5,0
WILDE_LORD_ARTHUR_STORIES_007,paraphrase,batch_C,pass,,pass,pass,,37593cd3ab27f7b34fdd82bdd428b9e1479b69dcd01f207328761b948af9753d,f9aac4279683de84746c3a49b993a038f821d30996501639c2d292b74070cddb,0
WILDE_LORD_ARTHUR_STORIES_007,modernize,batch_C,pass,,pass,pass,,37593cd3ab27f7b34fdd82bdd428b9e1479b69dcd01f207328761b948af9753d,eb9744f7933dc3e5502347631fc48fb8878b23f1d33bcfa7cedaacc303672f7a,0
WILDE_LORD_ARTHUR_STORIES_007,simplify,batch_C,pass,,pass,pass,,37593cd3ab27f7b34fdd82bdd428b9e1479b69dcd01f207328761b948af9753d,889eccb54e3275e02350fd590b1de45fc225cbcbc22ed8bd9d629f2a1b5aace9,0
WILDE_LORD_ARTHUR_STORIES_008,paraphrase,batch_C,pass,,pass,pass,,2717df5632e8c3ac534ca8c0496acf31093bb45f84ab1aba69a37de21e1906a2,b81ea38277f85a02771e8fc576c34a505191ac598c224a822b8963980f66c819,0
WILDE_LORD_ARTHUR_STORIES_008,modernize,batch_C,pass,,pass,pass,,2717df5632e8c3ac534ca8c0496acf31093bb45f84ab1aba69a37de21e1906a2,a612b211ead3583b988fd393253b6c63e72039dad16b624a71a2b18f0e05de43,0
WILDE_LORD_ARTHUR_STORIES_008,simplify,batch_C,pass,,pass,pass,,2717df5632e8c3ac534ca8c0496acf31093bb45f84ab1aba69a37de21e1906a2,ad1b23c33d2cb91190a77b450a03c77eb79556721a66c07159db9f8c14527ea1,0
WILDE_LORD_ARTHUR_STORIES_009,paraphrase,batch_C,pass,,pass,pass,,d066c5f71f3447ba0f8ef3b89f19d76d959a40eef67e4fcc6f0af46b8b233f85,571ebdc51acf1e91db78de290bca94d2c9ad6dee502952d079ea3524529de01a,0
WILDE_LORD_ARTHUR_STORIES_009,modernize,batch_C,pass,,pass,pass,,d066c5f71f3447ba0f8ef3b89f19d76d959a40eef67e4fcc6f0af46b8b233f85,08f3c06f1c377d49601a9e20890ec79d46efcc6225c3cf0aa5f93be183f5b724,0
WILDE_LORD_ARTHUR_STORIES_009,simplify,batch_C,pass,,pass,pass,,d066c5f71f3447ba0f8ef3b89f19d76d959a40eef67e4fcc6f0af46b8b233f85,337ce75764ed38a92212871a873f7663f94c28f558b37e1e7a076e8b5250ed02,0
WILDE_LORD_ARTHUR_STORIES_010,paraphrase,batch_C,pass,,pass,pass,,ffbca7ac3d1af2a158dce6f0ab73dfacd63bea44ad3a1f8b851d78f225476109,a7ecccc8d2b2c074da340768bc27b4c59b9eb9514e1329cfff6da43b81bcb8d3,0
WILDE_LORD_ARTHUR_STORIES_010,modernize,batch_C,pass,,pass,pass,,ffbca7ac3d1af2a158dce6f0ab73dfacd63bea44ad3a1f8b851d78f225476109,dcec1736d143482ccf7d1a3b34e50f870f8b0da6af6db73a57d42c1e00433b8d,0
WILDE_LORD_ARTHUR_STORIES_010,simplify,batch_C,pass,,pass,pass,,ffbca7ac3d1af2a158dce6f0ab73dfacd63bea44ad3a1f8b851d78f225476109,32eba71b9d486e2a38caf61c56541aaf41a6e8d9f9e5de5c8f106f16c9c23f52,0
WILDE_LORD_ARTHUR_STORIES_011,paraphrase,batch_C,pass,,pass,pass,,a6058990782cf303d57de3addce867f5a1fe46b1b3e29e9f942f408165511b3a,04e9f47585a0d9a711144682f07cc30a50201ad208ef6b8a9ccd422a873aa373,0
WILDE_LORD_ARTHUR_STORIES_011,modernize,batch_C,pass,,pass,pass,,a6058990782cf303d57de3addce867f5a1fe46b1b3e29e9f942f408165511b3a,c91019014ad17dc251d6656997822312e417d77a06437125f58f430a32345fac,0
WILDE_LORD_ARTHUR_STORIES_011,simplify,batch_C,pass,,pass,pass,,a6058990782cf303d57de3addce867f5a1fe46b1b3e29e9f942f408165511b3a,62aeaf887653efdc61efd5401d80f6651f31b4e7382a30869970d680996d92cd,0
WILDE_LORD_ARTHUR_STORIES_012,paraphrase,batch_C,warning,length_soft_warning,warning,warning,length_soft_warning,5262acfe78e752af32f8db7b4d39264c7174369db63e3fcff630976662b74b86,927c6ff5199ace8d508347a25d200c96b114af2554074e816aeab7a4672819fc,0
WILDE_LORD_ARTHUR_STORIES_012,modernize,batch_C,pass,,pass,pass,,5262acfe78e752af32f8db7b4d39264c7174369db63e3fcff630976662b74b86,177e64048b20ccb8403bd63d25fd1a66f49d94d7b9e2b10b8c71450c00d72b5c,0
WILDE_LORD_ARTHUR_STORIES_012,simplify,batch_C,pass,,pass,pass,,5262acfe78e752af32f8db7b4d39264c7174369db63e3fcff630976662b74b86,a537df25a7f3d5599c60354d089ad9cdf6ccdf039ac45d49cdceb06f5c0faf33,0
WILDE_LORD_ARTHUR_STORIES_013,paraphrase,batch_C,warning,length_hard_warning,warning,warning,length_hard_warning,55610a6e3258a26f6e047285e3f6ebffee5363327f08cf061c72dd62e15b32aa,593dbdfb462f86c0bca75605815b414509b37a90843d281eeb6d66eb4744a558,0
WILDE_LORD_ARTHUR_STORIES_013,modernize,batch_C,pass,,pass,pass,,55610a6e3258a26f6e047285e3f6ebffee5363327f08cf061c72dd62e15b32aa,da448b2db640fc4e76efcc5d4066762aed6c3f33aa78388e66e54fb331e8bd45,0
WILDE_LORD_ARTHUR_STORIES_013,simplify,batch_C,warning,length_soft_warning,warning,warning,length_soft_warning,55610a6e3258a26f6e047285e3f6ebffee5363327f08cf061c72dd62e15b32aa,a13dbfa81f54ce8042de1b24f93663ff818256e908bbcf3e613f4ab43743a797,0
WILDE_LORD_ARTHUR_STORIES_014,paraphrase,batch_C,pass,,pass,pass,,f0b6736485d618f2b92d8108a0295bd11a493f32d1f602ca50d4f6b1dd8ff2ca,a972afe8a14be1452718bf9c346eaf187282ed7d1d76b67348180d68bf2d1b67,0
WILDE_LORD_ARTHUR_STORIES_014,modernize,batch_C,pass,,pass,pass,,f0b6736485d618f2b92d8108a0295bd11a493f32d1f602ca50d4f6b1dd8ff2ca,9b28b8a2e46a8c4511f9554c6a1c1ad17db2a64c8fc5f3a54c4bf1795b34bb5d,0
WILDE_LORD_ARTHUR_STORIES_014,simplify,batch_C,pass,,pass,pass,,f0b6736485d618f2b92d8108a0295bd11a493f32d1f602ca50d4f6b1dd8ff2ca,88cbb7820e7bde90d2e1a0e97613ab0121616257b30b754e0bdbcbb6c9ca1b8a,0
WILDE_LORD_ARTHUR_STORIES_015,paraphrase,batch_C,warning,length_soft_warning,warning,warning,length_soft_warning,d60bb2fc80444b782cbc3430eaa95bb455b16d12b997d4e619c3966638b2b16d,e687064c119b8560ae427c76deb66d2cd29bc259b198807342167105a670c975,0
WILDE_LORD_ARTHUR_STORIES_015,modernize,batch_C,pass,,pass,pass,,d60bb2fc80444b782cbc3430eaa95bb455b16d12b997d4e619c3966638b2b16d,872cdd97247425ba0de7cd0023407831944bf0658788e0a020f2e434c0a0db01,0
WILDE_LORD_ARTHUR_STORIES_015,simplify,batch_C,pass,,pass,pass,,d60bb2fc80444b782cbc3430eaa95bb455b16d12b997d4e619c3966638b2b16d,12ab4f185bca1b5e69ee7520d229d4645bf9b511ba8618c17d88040f5f013b29,0
WILDE_LORD_ARTHUR_STORIES_016,paraphrase,batch_C,warning,length_hard_warning,warning,warning,length_hard_warning,60d508f243fa07689afe78c71d6d3a91534cce01adcf8eb893d1221e105219db,e334bbce40b22081fd6ab80e8f1536774db5e95bc7eb22227cbfbb37e0de82fa,0
WILDE_LORD_ARTHUR_STORIES_016,modernize,batch_C,pass,,pass,pass,,60d508f243fa07689afe78c71d6d3a91534cce01adcf8eb893d1221e105219db,dd75403fb7b560010321a7a0118769fc2e4c04cc9204abe4372f135476c1144a,0
WILDE_LORD_ARTHUR_STORIES_016,simplify,batch_C,warning,length_soft_warning,warning,warning,length_soft_warning,60d508f243fa07689afe78c71d6d3a91534cce01adcf8eb893d1221e105219db,b616d3f312dcc27f556d7aeaf8289d044f21c0fabd80c6fe61dbca48007c300d,0
WILDE_LORD_ARTHUR_STORIES_017,paraphrase,batch_C,pass,,pass,pass,,40a56a07ceac4c4f06a9c9f4ef478ebfdec0e7fd024218e877b752fcdb69fbbc,b16ad6cb3ec159b6e4d35d027ec34a3d42e6624f70f668e8da48d63b6052cb00,0
WILDE_LORD_ARTHUR_STORIES_017,modernize,batch_C,pass,,pass,pass,,40a56a07ceac4c4f06a9c9f4ef478ebfdec0e7fd024218e877b752fcdb69fbbc,85ce901798aaf92ae09c8e216ecf360151c81899825a0dc280d57367f6441235,0
WILDE_LORD_ARTHUR_STORIES_017,simplify,batch_C,pass,,pass,pass,,40a56a07ceac4c4f06a9c9f4ef478ebfdec0e7fd024218e877b752fcdb69fbbc,ca9ab7fd7d0fe7fe880038a4020796976abbe675696742195d8401fcfabd8a2f,0
WILDE_LORD_ARTHUR_STORIES_018,paraphrase,batch_C,pass,,pass,pass,,ecdbd86fe5f3053cead9a41d20137e72f666a46d78600eec5044076fd7f593b6,7d8e4d7e4077733415a15018f0a4c1af4f78c59f90a748f24a54193f2e50878d,0
WILDE_LORD_ARTHUR_STORIES_018,modernize,batch_C,pass,,pass,pass,,ecdbd86fe5f3053cead9a41d20137e72f666a46d78600eec5044076fd7f593b6,664fd5a6e85530f8394f735db5c91031e291878bedef41e028b8a8c8b0f6afc5,0
WILDE_LORD_ARTHUR_STORIES_018,simplify,batch_C,pass,,pass,pass,,ecdbd86fe5f3053cead9a41d20137e72f666a46d78600eec5044076fd7f593b6,68748bb865260afee70a22f8e27127e82fbae89cf6e73ce67e95031e61259920,0
WILDE_LORD_ARTHUR_STORIES_019,paraphrase,batch_C,pass,,pass,pass,,8e02b168d913ac25a8445b0bf2b6a265ceff37b0a54c8cb06eb9a48bf1452332,aa9e6b7cc27cf1676574111b7cf2af6312c098a87ed44cc0628f99723701f290,0
WILDE_LORD_ARTHUR_STORIES_019,modernize,batch_C,pass,,pass,pass,,8e02b168d913ac25a8445b0bf2b6a265ceff37b0a54c8cb06eb9a48bf1452332,f2502286cc23e23a85d4cdeb8e67afac70e3469759bd59db783a7bfd3563810f,0
WILDE_LORD_ARTHUR_STORIES_019,simplify,batch_C,pass,,pass,pass,,8e02b168d913ac25a8445b0bf2b6a265ceff37b0a54c8cb06eb9a48bf1452332,3a61f9f149b17f49562d251af030c93eee879acdc543479b1424e561d0ea0c63,0
WILDE_LORD_ARTHUR_STORIES_020,paraphrase,batch_C,pass,,pass,pass,,4aa90d2857f8a428f8cb7563d79908e4461f6be0d32fb46688f7078b25485a96,fa23fefcaa9b6b0417fe59261d4a143c286027b5fa38c9d17ee67cf40b2c5cf3,0
WILDE_LORD_ARTHUR_STORIES_020,modernize,batch_C,pass,,pass,pass,,4aa90d2857f8a428f8cb7563d79908e4461f6be0d32fb46688f7078b25485a96,ed363a8cdedde7f712692a08466cfa5a2ffc518150ea5e8131bbd23198247399,0
WILDE_LORD_ARTHUR_STORIES_020,simplify,batch_C,pass,,pass,pass,,4aa90d2857f8a428f8cb7563d79908e4461f6be0d32fb46688f7078b25485a96,db80c055b272d94996d6b065c27de68577965f0a9c15c988584e372d29da92f6,0
WILDE_LORD_ARTHUR_STORIES_021,paraphrase,batch_C,pass,,pass,pass,,da371e5845ec77914488d10f40855d64e5812c3e832d7fb6bc9925ba3009c0b1,1d57f71eae98daa2269d1749c6eece236126ff9acd91eda26140aa8d4a02d797,0
WILDE_LORD_ARTHUR_STORIES_021,modernize,batch_C,pass,,pass,pass,,da371e5845ec77914488d10f40855d64e5812c3e832d7fb6bc9925ba3009c0b1,7901788c386c27c4ef9a7c7560b93b066e45eb4443bc428e1660f0056c67e7ee,0
WILDE_LORD_ARTHUR_STORIES_021,simplify,batch_C,pass,,pass,pass,,da371e5845ec77914488d10f40855d64e5812c3e832d7fb6bc9925ba3009c0b1,a2972b202e8e0db0300ed3159abff60f004dc42c6a9153185a1b177fa3587c1c,0
WILDE_LORD_ARTHUR_STORIES_022,paraphrase,batch_C,pass,,pass,pass,,634f36a545a2f6f3973cb411f0d2f8d5e402685c70309cd287295e35ee64bf2b,df9f6e8e7fe22b6d82df094568e4ffed88c32a39ecc3e17d6c55a62ea4afde48,0
WILDE_LORD_ARTHUR_STORIES_022,modernize,batch_C,pass,,pass,pass,,634f36a545a2f6f3973cb411f0d2f8d5e402685c70309cd287295e35ee64bf2b,cf92f24b2e4337f297acaa456bc12c16dcf8d433f4ca4190bfd0d4fbb4ffcdf5,0
WILDE_LORD_ARTHUR_STORIES_022,simplify,batch_C,pass,,pass,pass,,634f36a545a2f6f3973cb411f0d2f8d5e402685c70309cd287295e35ee64bf2b,9cde256c81264408b67c2f7c4b071192c8afe4f8c6c9191f37cd0ff05b4c75da,0
WILDE_LORD_ARTHUR_STORIES_023,paraphrase,batch_C,pass,,pass,pass,,09b0a9199d1925d7bdc714519e15a4dac746726fad25cd73054f4ca4a61727b4,dba7027cc41c344ced0bcbd6a39c5ed932c245cf8fe5cc7bb2437b6a75a43065,0
WILDE_LORD_ARTHUR_STORIES_023,modernize,batch_C,pass,,pass,pass,,09b0a9199d1925d7bdc714519e15a4dac746726fad25cd73054f4ca4a61727b4,de3d5d70583e0d9f1bde2bc5779e602c0d1199ae8433d0ef9793af00116ff1ef,0
WILDE_LORD_ARTHUR_STORIES_023,simplify,batch_C,warning,length_soft_warning,warning,warning,length_soft_warning,09b0a9199d1925d7bdc714519e15a4dac746726fad25cd73054f4ca4a61727b4,b05ced755f942a141aa2336e99dfd4ca925efa7ad2f7034d074cf1b9f42fdc12,0
WILDE_LORD_ARTHUR_STORIES_024,paraphrase,batch_C,warning,length_hard_warning,warning,warning,length_hard_warning,9af6736bfad23e437ed4593a53a21e1bc478c8281e24ecba130b7ee182f696c7,9b5b7a1b5c5cb1610e74e2be89369922a5765d139896b1ab04e3c885b27abb80,0
WILDE_LORD_ARTHUR_STORIES_024,modernize,batch_C,pass,,pass,pass,,9af6736bfad23e437ed4593a53a21e1bc478c8281e24ecba130b7ee182f696c7,947c83df04b9624bbc7ac9517800e7cd84ff934441d2a7dc1b18966bf1f10f13,0
WILDE_LORD_ARTHUR_STORIES_024,simplify,batch_C,pass,,pass,pass,,9af6736bfad23e437ed4593a53a21e1bc478c8281e24ecba130b7ee182f696c7,c8a152e7a863b3719fb2b5ea09ea5a0fbd6571d787732beb3c8d9162964d3014,0
WILDE_LORD_ARTHUR_STORIES_025,paraphrase,batch_C,pass,,pass,pass,,3ad00786c095a449beb8e0af60fd42f773d3b83a7356e136f21a3fff5d45d5c9,dbb7223fe55871b0adb74e4b0207e88ecc08fa497679de046b964f5c55b15a8b,0
WILDE_LORD_ARTHUR_STORIES_025,modernize,batch_C,pass,,pass,pass,,3ad00786c095a449beb8e0af60fd42f773d3b83a7356e136f21a3fff5d45d5c9,47781d6ba7dafa3d97f9d60ec5d142853bfcbb7bbb3a17c8c2a570c58eb95f77,0
WILDE_LORD_ARTHUR_STORIES_025,simplify,batch_C,pass,,pass,pass,,3ad00786c095a449beb8e0af60fd42f773d3b83a7356e136f21a3fff5d45d5c9,780660f86527dbd0f989df1f26c2ddfa92e95f9fbc1cea09347826bd18cad353,0
WILDE_LORD_ARTHUR_STORIES_026,paraphrase,batch_C,pass,,pass,pass,,12d80037ce4c3f3d3a641abe96f3518a473a32853f3e6eb525a7c4ba5f46b7ed,09eb2f6bff9c583d29166d569812b3a57b91db383248036ff965e4ff41a40a84,0
WILDE_LORD_ARTHUR_STORIES_026,modernize,batch_C,pass,,pass,pass,,12d80037ce4c3f3d3a641abe96f3518a473a32853f3e6eb525a7c4ba5f46b7ed,cd992980043241255a271b4c02827f31d90a5babf5d7de46c67040abc762172d,0
WILDE_LORD_ARTHUR_STORIES_026,simplify,batch_C,pass,,pass,pass,,12d80037ce4c3f3d3a641abe96f3518a473a32853f3e6eb525a7c4ba5f46b7ed,a456ec31eeef9964a05ad92fdedb6fda7acd4e2cb4dba05c36642a7bbcfc6531,0
WILDE_LORD_ARTHUR_STORIES_027,paraphrase,batch_C,pass,,pass,pass,,f232fb14c31183bd62ec736df6d474d0f3fa96295cc87a457468d6ae4b922663,ccdb05b0e7bc67799fd2f9c94577f899ccf2ac3df0ca9219f9f8369b877eaa8a,0
WILDE_LORD_ARTHUR_STORIES_027,modernize,batch_C,pass,,pass,pass,,f232fb14c31183bd62ec736df6d474d0f3fa96295cc87a457468d6ae4b922663,7e1538f9370d75855070d33c4efac3186a1f93c90dc3768abf24bb47078d87fe,0
WILDE_LORD_ARTHUR_STORIES_027,simplify,batch_C,pass,,pass,pass,,f232fb14c31183bd62ec736df6d474d0f3fa96295cc87a457468d6ae4b922663,fab5623514d67283df2ad130e99ab4cc7a38a3a5d14e67725e9b8f1c9b11341b,0
WILDE_LORD_ARTHUR_STORIES_028,paraphrase,batch_C,warning,length_soft_warning,warning,warning,length_soft_warning,0e3a80f3e288c4592c5d02dca93eb5304f11883da17b034d1012637d0c3df667,a52206613e96c5ec7323797a9413b282db060ffc87d4230456679eec7ec2cb88,0
WILDE_LORD_ARTHUR_STORIES_028,modernize,batch_C,pass,,pass,pass,,0e3a80f3e288c4592c5d02dca93eb5304f11883da17b034d1012637d0c3df667,879ac4ab46eca83a51567a417e5aa30c62369f19b0eebb98612b5c861df65681,0
WILDE_LORD_ARTHUR_STORIES_028,simplify,batch_C,pass,,pass,pass,,0e3a80f3e288c4592c5d02dca93eb5304f11883da17b034d1012637d0c3df667,20e3c73990d0e1472f39bf156339b36a64ccfb715b9d712fb10db778b54179d3,0
WILDE_LORD_ARTHUR_STORIES_029,paraphrase,batch_C,pass,,pass,pass,,b07e8af2b6cef3547fde0166d61ce659b3d1e2ab641eaf6b23f771f3227a936f,650bb4544580f9cbd9a4dbfc10754e78d4d0c6077fe4326ca5cdcf6f0ca5e53e,0
WILDE_LORD_ARTHUR_STORIES_029,modernize,batch_C,pass,,pass,pass,,b07e8af2b6cef3547fde0166d61ce659b3d1e2ab641eaf6b23f771f3227a936f,8062955e98917119a1305290844ece6da42ee935c8d76a1e1718f702668e64e9,0
WILDE_LORD_ARTHUR_STORIES_029,simplify,batch_C,pass,,pass,pass,,b07e8af2b6cef3547fde0166d61ce659b3d1e2ab641eaf6b23f771f3227a936f,f3567523e5087a27c64ce19ff0adafbe16d78ea281e47f657e5822e22bb44ad2,0
WILDE_LORD_ARTHUR_STORIES_030,paraphrase,batch_C,pass,,pass,pass,,a26fed162a5d018387073e413062999cacad32f004dd774ceaf0957fdff6159e,2e8f25976beb0d33024736119458a6ce6060eef0e752b837a0206671c71cf36a,0
WILDE_LORD_ARTHUR_STORIES_030,modernize,batch_C,pass,,pass,pass,,a26fed162a5d018387073e413062999cacad32f004dd774ceaf0957fdff6159e,b48eba65e754e39429f9df7b4c9b11504a25beb4b191fc7de4d2ceff30b9c1e0,0
WILDE_LORD_ARTHUR_STORIES_030,simplify,batch_C,pass,,pass,pass,,a26fed162a5d018387073e413062999cacad32f004dd774ceaf0957fdff6159e,f2f4d1cd62f1e4a9264cea361ad71282141d2191137008a4acd03e71839eb4c2,0
